detector,suite,task,episode,chunk,prior,correct
published,libero_goal,libero_goal/open_the_top_drawer_and_put_the_bowl_inside,34,25,0.9814814814814815,True
published,libero_goal,libero_goal/open_the_top_drawer_and_put_the_bowl_inside,41,25,0.9814814814814815,True
published,libero_goal,libero_goal/open_the_top_drawer_and_put_the_bowl_inside,42,29,0.9906542056074766,True
published,libero_goal,libero_goal/open_the_top_drawer_and_put_the_bowl_inside,43,28,0.9906542056074766,True
published,libero_goal,libero_goal/open_the_top_drawer_and_put_the_bowl_inside,46,25,0.9814814814814815,True
published,libero_goal,libero_goal/open_the_top_drawer_and_put_the_bowl_inside,59,24,0.954954954954955,True
published,libero_goal,libero_goal/open_the_top_drawer_and_put_the_bowl_inside,72,25,0.9814814814814815,True
published,libero_goal,libero_goal/open_the_top_drawer_and_put_the_bowl_inside,73,25,0.9814814814814815,True
published,libero_goal,libero_goal/open_the_top_drawer_and_put_the_bowl_inside,74,29,0.9906542056074766,True
published,libero_goal,libero_goal/open_the_top_drawer_and_put_the_bowl_inside,78,25,0.9814814814814815,True
published,libero_goal,libero_goal/open_the_top_drawer_and_put_the_bowl_inside,128,24,0.954954954954955,True
published,libero_goal,libero_goal/open_the_top_drawer_and_put_the_bowl_inside,131,25,0.9814814814814815,True
published,libero_goal,libero_goal/open_the_top_drawer_and_put_the_bowl_inside,132,19,0.5608465608465608,True
published,libero_goal,libero_goal/open_the_top_drawer_and_put_the_bowl_inside,133,25,0.9814814814814815,False
published,libero_goal,libero_goal/open_the_top_drawer_and_put_the_bowl_inside,135,25,0.9814814814814815,True
published,libero_goal,libero_goal/open_the_top_drawer_and_put_the_bowl_inside,145,21,0.8548387096774194,True
published,libero_goal,libero_goal/open_the_top_drawer_and_put_the_bowl_inside,147,25,0.9814814814814815,True
published,libero_goal,libero_goal/open_the_top_drawer_and_put_the_bowl_inside,151,25,0.9814814814814815,True
published,libero_goal,libero_goal/open_the_top_drawer_and_put_the_bowl_inside,197,29,0.9906542056074766,True
published,libero_goal,libero_goal/open_the_top_drawer_and_put_the_bowl_inside,206,29,0.9906542056074766,True
published,libero_goal,libero_goal/open_the_top_drawer_and_put_the_bowl_inside,208,23,0.9464285714285714,True
published,libero_goal,libero_goal/open_the_top_drawer_and_put_the_bowl_inside,218,28,0.9906542056074766,True
published,libero_goal,libero_goal/open_the_top_drawer_and_put_the_bowl_inside,220,29,0.9906542056074766,True
published,libero_goal,libero_goal/open_the_top_drawer_and_put_the_bowl_inside,222,29,0.9906542056074766,True
published,libero_goal,libero_goal/open_the_top_drawer_and_put_the_bowl_inside,223,24,0.954954954954955,True
published,libero_goal,libero_goal/open_the_top_drawer_and_put_the_bowl_inside,229,23,0.9464285714285714,True
published,libero_goal,libero_goal/open_the_top_drawer_and_put_the_bowl_inside,256,26,0.9906542056074766,True
published,libero_goal,libero_goal/open_the_top_drawer_and_put_the_bowl_inside,320,24,0.954954954954955,True
published,libero_goal,libero_goal/open_the_top_drawer_and_put_the_bowl_inside,321,24,0.954954954954955,True
published,libero_goal,libero_goal/open_the_top_drawer_and_put_the_bowl_inside,322,24,0.954954954954955,True
published,libero_goal,libero_goal/open_the_top_drawer_and_put_the_bowl_inside,323,24,0.954954954954955,True
published,libero_goal,libero_goal/open_the_top_drawer_and_put_the_bowl_inside,325,24,0.954954954954955,True
published,libero_goal,libero_goal/open_the_top_drawer_and_put_the_bowl_inside,326,24,0.954954954954955,True
published,libero_goal,libero_goal/open_the_top_drawer_and_put_the_bowl_inside,327,24,0.954954954954955,True
published,libero_goal,libero_goal/open_the_top_drawer_and_put_the_bowl_inside,353,24,0.954954954954955,True
published,libero_goal,libero_goal/open_the_top_drawer_and_put_the_bowl_inside,354,24,0.954954954954955,True
published,libero_goal,libero_goal/open_the_top_drawer_and_put_the_bowl_inside,358,24,0.954954954954955,True
published,libero_goal,libero_goal/open_the_top_drawer_and_put_the_bowl_inside,361,29,0.9906542056074766,True
published,libero_goal,libero_goal/open_the_top_drawer_and_put_the_bowl_inside,363,25,0.9814814814814815,True
published,libero_goal,libero_goal/open_the_top_drawer_and_put_the_bowl_inside,364,26,0.9906542056074766,True
published,libero_goal,libero_goal/push_the_plate_to_the_front_of_the_stove,77,23,0.9464285714285714,True
published,libero_goal,libero_goal/put_the_bowl_on_the_plate,97,24,0.954954954954955,True
published,libero_goal,libero_goal/put_the_bowl_on_the_plate,103,24,0.954954954954955,True
published,libero_goal,libero_goal/put_the_bowl_on_the_plate,282,22,0.9217391304347826,True
published,libero_goal,libero_goal/put_the_bowl_on_the_plate,288,20,0.762589928057554,True
published,libero_goal,libero_goal/put_the_bowl_on_the_stove,26,23,0.9464285714285714,True
published,libero_goal,libero_goal/put_the_bowl_on_the_stove,32,22,0.9217391304347826,True
published,libero_goal,libero_goal/put_the_bowl_on_the_stove,33,23,0.9464285714285714,True
published,libero_goal,libero_goal/put_the_bowl_on_the_stove,208,21,0.8548387096774194,True
published,libero_goal,libero_goal/put_the_bowl_on_the_stove,209,23,0.9464285714285714,True
published,libero_goal,libero_goal/put_the_bowl_on_the_stove,210,22,0.9217391304347826,True
published,libero_goal,libero_goal/put_the_bowl_on_the_stove,211,17,0.2231578947368421,True
published,libero_goal,libero_goal/put_the_bowl_on_the_stove,212,23,0.9464285714285714,True
published,libero_goal,libero_goal/put_the_bowl_on_top_of_the_cabinet,24,14,0.17637271214642264,True
published,libero_goal,libero_goal/put_the_bowl_on_top_of_the_cabinet,25,14,0.17637271214642264,True
published,libero_goal,libero_goal/put_the_bowl_on_top_of_the_cabinet,26,14,0.17637271214642264,True
published,libero_goal,libero_goal/put_the_bowl_on_top_of_the_cabinet,40,13,0.12694610778443113,True
published,libero_goal,libero_goal/put_the_bowl_on_top_of_the_cabinet,47,13,0.12694610778443113,True
published,libero_goal,libero_goal/put_the_bowl_on_top_of_the_cabinet,176,15,0.20423892100192678,True
published,libero_goal,libero_goal/put_the_bowl_on_top_of_the_cabinet,177,14,0.17637271214642264,True
published,libero_goal,libero_goal/put_the_bowl_on_top_of_the_cabinet,178,15,0.20423892100192678,True
published,libero_goal,libero_goal/put_the_bowl_on_top_of_the_cabinet,179,16,0.212,True
published,libero_goal,libero_goal/put_the_bowl_on_top_of_the_cabinet,180,14,0.17637271214642264,True
published,libero_goal,libero_goal/put_the_bowl_on_top_of_the_cabinet,181,14,0.17637271214642264,True
published,libero_goal,libero_goal/put_the_bowl_on_top_of_the_cabinet,183,15,0.20423892100192678,True
published,libero_goal,libero_goal/put_the_bowl_on_top_of_the_cabinet,313,14,0.17637271214642264,True
published,libero_goal,libero_goal/put_the_bowl_on_top_of_the_cabinet,316,15,0.20423892100192678,True
published,libero_goal,libero_goal/put_the_bowl_on_top_of_the_cabinet,319,14,0.17637271214642264,True
published,libero_goal,libero_goal/put_the_bowl_on_top_of_the_cabinet,331,15,0.20423892100192678,True
published,libero_goal,libero_goal/put_the_cream_cheese_in_the_bowl,2,28,0.9906542056074766,True
published,libero_goal,libero_goal/put_the_cream_cheese_in_the_bowl,325,23,0.9464285714285714,True
published,libero_goal,libero_goal/put_the_cream_cheese_in_the_bowl,355,25,0.9814814814814815,True
published,libero_goal,libero_goal/put_the_wine_bottle_on_the_rack,156,22,0.9217391304347826,True
published,libero_goal,libero_goal/put_the_wine_bottle_on_top_of_the_cabinet,84,15,0.20423892100192678,True
published,libero_long,libero_long/KITCHEN_SCENE3_turn_on_the_stove_and_put_the_moka_pot_on_it,140,35,0.4963768115942029,True
published,libero_long,libero_long/KITCHEN_SCENE3_turn_on_the_stove_and_put_the_moka_pot_on_it,284,40,0.8203592814371258,True
published,libero_long,libero_long/KITCHEN_SCENE3_turn_on_the_stove_and_put_the_moka_pot_on_it,286,43,0.9225589225589226,True
published,libero_long,libero_long/KITCHEN_SCENE3_turn_on_the_stove_and_put_the_moka_pot_on_it,319,36,0.5036764705882353,True
published,libero_long,libero_long/KITCHEN_SCENE4_put_the_black_bowl_in_the_bottom_drawer_of_the_cabinet_and_close_it,152,23,0.10579150579150579,False
published,libero_long,libero_long/KITCHEN_SCENE4_put_the_black_bowl_in_the_bottom_drawer_of_the_cabinet_and_close_it,153,20,0.0749863163656267,False
published,libero_long,libero_long/KITCHEN_SCENE4_put_the_black_bowl_in_the_bottom_drawer_of_the_cabinet_and_close_it,157,20,0.0749863163656267,False
published,libero_long,libero_long/KITCHEN_SCENE4_put_the_black_bowl_in_the_bottom_drawer_of_the_cabinet_and_close_it,192,29,0.43630573248407645,True
published,libero_long,libero_long/KITCHEN_SCENE6_put_the_yellow_and_white_mug_in_the_microwave_and_close_it,100,23,0.10579150579150579,False
published,libero_long,libero_long/KITCHEN_SCENE6_put_the_yellow_and_white_mug_in_the_microwave_and_close_it,108,41,0.8810289389067524,True
published,libero_long,libero_long/KITCHEN_SCENE6_put_the_yellow_and_white_mug_in_the_microwave_and_close_it,186,17,0.0714658320292123,False
published,libero_long,libero_long/KITCHEN_SCENE6_put_the_yellow_and_white_mug_in_the_microwave_and_close_it,275,39,0.7135416666666666,False
published,libero_long,libero_long/KITCHEN_SCENE6_put_the_yellow_and_white_mug_in_the_microwave_and_close_it,279,21,0.07925947353196414,False
published,libero_long,libero_long/KITCHEN_SCENE6_put_the_yellow_and_white_mug_in_the_microwave_and_close_it,360,22,0.09028006589785832,False
published,libero_long,libero_long/KITCHEN_SCENE6_put_the_yellow_and_white_mug_in_the_microwave_and_close_it,362,22,0.09028006589785832,False
published,libero_long,libero_long/KITCHEN_SCENE6_put_the_yellow_and_white_mug_in_the_microwave_and_close_it,365,21,0.07925947353196414,False
published,libero_long,libero_long/KITCHEN_SCENE6_put_the_yellow_and_white_mug_in_the_microwave_and_close_it,367,21,0.07925947353196414,False
published,libero_long,libero_long/KITCHEN_SCENE8_put_both_moka_pots_on_the_stove,1,33,0.48841354723707664,True
published,libero_long,libero_long/KITCHEN_SCENE8_put_both_moka_pots_on_the_stove,4,35,0.4963768115942029,False
published,libero_long,libero_long/KITCHEN_SCENE8_put_both_moka_pots_on_the_stove,5,35,0.4963768115942029,True
published,libero_long,libero_long/KITCHEN_SCENE8_put_both_moka_pots_on_the_stove,8,36,0.5036764705882353,True
published,libero_long,libero_long/KITCHEN_SCENE8_put_both_moka_pots_on_the_stove,9,32,0.48154657293497366,True
published,libero_long,libero_long/KITCHEN_SCENE8_put_both_moka_pots_on_the_stove,10,42,0.9072847682119205,True
published,libero_long,libero_long/KITCHEN_SCENE8_put_both_moka_pots_on_the_stove,11,39,0.7135416666666666,True
published,libero_long,libero_long/KITCHEN_SCENE8_put_both_moka_pots_on_the_stove,12,33,0.48841354723707664,True
published,libero_long,libero_long/KITCHEN_SCENE8_put_both_moka_pots_on_the_stove,13,31,0.46678023850085176,True
published,libero_long,libero_long/KITCHEN_SCENE8_put_both_moka_pots_on_the_stove,14,32,0.48154657293497366,True
published,libero_long,libero_long/KITCHEN_SCENE8_put_both_moka_pots_on_the_stove,15,31,0.46678023850085176,True
published,libero_long,libero_long/KITCHEN_SCENE8_put_both_moka_pots_on_the_stove,16,32,0.48154657293497366,True
published,libero_long,libero_long/KITCHEN_SCENE8_put_both_moka_pots_on_the_stove,17,32,0.48154657293497366,True
published,libero_long,libero_long/KITCHEN_SCENE8_put_both_moka_pots_on_the_stove,18,44,0.9513888888888888,True
published,libero_long,libero_long/KITCHEN_SCENE8_put_both_moka_pots_on_the_stove,19,33,0.48841354723707664,True
published,libero_long,libero_long/KITCHEN_SCENE8_put_both_moka_pots_on_the_stove,20,40,0.8203592814371258,True
published,libero_long,libero_long/KITCHEN_SCENE8_put_both_moka_pots_on_the_stove,21,30,0.4514003294892916,True
published,libero_long,libero_long/KITCHEN_SCENE8_put_both_moka_pots_on_the_stove,23,39,0.7135416666666666,True
published,libero_long,libero_long/KITCHEN_SCENE8_put_both_moka_pots_on_the_stove,24,33,0.48841354723707664,True
published,libero_long,libero_long/KITCHEN_SCENE8_put_both_moka_pots_on_the_stove,25,33,0.48841354723707664,True
published,libero_long,libero_long/KITCHEN_SCENE8_put_both_moka_pots_on_the_stove,26,32,0.48154657293497366,True
published,libero_long,libero_long/KITCHEN_SCENE8_put_both_moka_pots_on_the_stove,27,33,0.48841354723707664,True
published,libero_long,libero_long/KITCHEN_SCENE8_put_both_moka_pots_on_the_stove,28,31,0.46678023850085176,False
published,libero_long,libero_long/KITCHEN_SCENE8_put_both_moka_pots_on_the_stove,30,50,0.9927536231884058,True
published,libero_long,libero_long/KITCHEN_SCENE8_put_both_moka_pots_on_the_stove,35,31,0.46678023850085176,True
published,libero_long,libero_long/KITCHEN_SCENE8_put_both_moka_pots_on_the_stove,39,33,0.48841354723707664,True
published,libero_long,libero_long/KITCHEN_SCENE8_put_both_moka_pots_on_the_stove,40,46,0.9716312056737588,True
published,libero_long,libero_long/KITCHEN_SCENE8_put_both_moka_pots_on_the_stove,50,43,0.9225589225589226,True
published,libero_long,libero_long/KITCHEN_SCENE8_put_both_moka_pots_on_the_stove,56,32,0.48154657293497366,False
published,libero_long,libero_long/KITCHEN_SCENE8_put_both_moka_pots_on_the_stove,58,36,0.5036764705882353,False
published,libero_long,libero_long/KITCHEN_SCENE8_put_both_moka_pots_on_the_stove,63,32,0.48154657293497366,False
published,libero_long,libero_long/KITCHEN_SCENE8_put_both_moka_pots_on_the_stove,68,33,0.48841354723707664,True
published,libero_long,libero_long/KITCHEN_SCENE8_put_both_moka_pots_on_the_stove,71,40,0.8203592814371258,True
published,libero_long,libero_long/KITCHEN_SCENE8_put_both_moka_pots_on_the_stove,73,39,0.7135416666666666,False
published,libero_long,libero_long/KITCHEN_SCENE8_put_both_moka_pots_on_the_stove,80,32,0.48154657293497366,True
published,libero_long,libero_long/KITCHEN_SCENE8_put_both_moka_pots_on_the_stove,83,31,0.46678023850085176,False
published,libero_long,libero_long/KITCHEN_SCENE8_put_both_moka_pots_on_the_stove,85,30,0.4514003294892916,True
published,libero_long,libero_long/KITCHEN_SCENE8_put_both_moka_pots_on_the_stove,86,31,0.46678023850085176,True
published,libero_long,libero_long/KITCHEN_SCENE8_put_both_moka_pots_on_the_stove,93,31,0.46678023850085176,True
published,libero_long,libero_long/KITCHEN_SCENE8_put_both_moka_pots_on_the_stove,95,38,0.5969498910675382,True
published,libero_long,libero_long/KITCHEN_SCENE8_put_both_moka_pots_on_the_stove,98,42,0.9072847682119205,True
published,libero_long,libero_long/KITCHEN_SCENE8_put_both_moka_pots_on_the_stove,99,48,0.9927536231884058,True
published,libero_long,libero_long/KITCHEN_SCENE8_put_both_moka_pots_on_the_stove,104,31,0.46678023850085176,True
published,libero_long,libero_long/KITCHEN_SCENE8_put_both_moka_pots_on_the_stove,105,32,0.48154657293497366,True
published,libero_long,libero_long/KITCHEN_SCENE8_put_both_moka_pots_on_the_stove,106,32,0.48154657293497366,True
published,libero_long,libero_long/KITCHEN_SCENE8_put_both_moka_pots_on_the_stove,107,32,0.48154657293497366,True
published,libero_long,libero_long/KITCHEN_SCENE8_put_both_moka_pots_on_the_stove,109,31,0.46678023850085176,True
published,libero_long,libero_long/KITCHEN_SCENE8_put_both_moka_pots_on_the_stove,110,31,0.46678023850085176,True
published,libero_long,libero_long/KITCHEN_SCENE8_put_both_moka_pots_on_the_stove,111,33,0.48841354723707664,True
published,libero_long,libero_long/KITCHEN_SCENE8_put_both_moka_pots_on_the_stove,120,32,0.48154657293497366,True
published,libero_long,libero_long/KITCHEN_SCENE8_put_both_moka_pots_on_the_stove,121,30,0.4514003294892916,True
published,libero_long,libero_long/KITCHEN_SCENE8_put_both_moka_pots_on_the_stove,123,30,0.4514003294892916,True
published,libero_long,libero_long/KITCHEN_SCENE8_put_both_moka_pots_on_the_stove,126,32,0.48154657293497366,False
published,libero_long,libero_long/KITCHEN_SCENE8_put_both_moka_pots_on_the_stove,127,30,0.4514003294892916,True
published,libero_long,libero_long/KITCHEN_SCENE8_put_both_moka_pots_on_the_stove,152,32,0.48154657293497366,True
published,libero_long,libero_long/KITCHEN_SCENE8_put_both_moka_pots_on_the_stove,153,33,0.48841354723707664,True
published,libero_long,libero_long/KITCHEN_SCENE8_put_both_moka_pots_on_the_stove,154,32,0.48154657293497366,True
published,libero_long,libero_long/KITCHEN_SCENE8_put_both_moka_pots_on_the_stove,157,32,0.48154657293497366,True
published,libero_long,libero_long/KITCHEN_SCENE8_put_both_moka_pots_on_the_stove,158,32,0.48154657293497366,True
published,libero_long,libero_long/KITCHEN_SCENE8_put_both_moka_pots_on_the_stove,171,34,0.4910394265232975,True
published,libero_long,libero_long/KITCHEN_SCENE8_put_both_moka_pots_on_the_stove,172,34,0.4910394265232975,True
published,libero_long,libero_long/KITCHEN_SCENE8_put_both_moka_pots_on_the_stove,174,34,0.4910394265232975,False
published,libero_long,libero_long/KITCHEN_SCENE8_put_both_moka_pots_on_the_stove,175,33,0.48841354723707664,True
published,libero_long,libero_long/KITCHEN_SCENE8_put_both_moka_pots_on_the_stove,201,40,0.8203592814371258,True
published,libero_long,libero_long/KITCHEN_SCENE8_put_both_moka_pots_on_the_stove,208,44,0.9513888888888888,True
published,libero_long,libero_long/KITCHEN_SCENE8_put_both_moka_pots_on_the_stove,210,32,0.48154657293497366,True
published,libero_long,libero_long/KITCHEN_SCENE8_put_both_moka_pots_on_the_stove,212,48,0.9927536231884058,True
published,libero_long,libero_long/KITCHEN_SCENE8_put_both_moka_pots_on_the_stove,213,32,0.48154657293497366,True
published,libero_long,libero_long/KITCHEN_SCENE8_put_both_moka_pots_on_the_stove,214,47,0.982078853046595,True
published,libero_long,libero_long/KITCHEN_SCENE8_put_both_moka_pots_on_the_stove,216,34,0.4910394265232975,True
published,libero_long,libero_long/KITCHEN_SCENE8_put_both_moka_pots_on_the_stove,217,32,0.48154657293497366,True
published,libero_long,libero_long/KITCHEN_SCENE8_put_both_moka_pots_on_the_stove,219,33,0.48841354723707664,True
published,libero_long,libero_long/KITCHEN_SCENE8_put_both_moka_pots_on_the_stove,220,32,0.48154657293497366,True
published,libero_long,libero_long/KITCHEN_SCENE8_put_both_moka_pots_on_the_stove,221,32,0.48154657293497366,True
published,libero_long,libero_long/KITCHEN_SCENE8_put_both_moka_pots_on_the_stove,223,33,0.48841354723707664,True
published,libero_long,libero_long/KITCHEN_SCENE8_put_both_moka_pots_on_the_stove,239,35,0.4963768115942029,True
published,libero_long,libero_long/KITCHEN_SCENE8_put_both_moka_pots_on_the_stove,242,39,0.7135416666666666,True
published,libero_long,libero_long/KITCHEN_SCENE8_put_both_moka_pots_on_the_stove,244,40,0.8203592814371258,True
published,libero_long,libero_long/KITCHEN_SCENE8_put_both_moka_pots_on_the_stove,245,33,0.48841354723707664,True
published,libero_long,libero_long/KITCHEN_SCENE8_put_both_moka_pots_on_the_stove,247,47,0.982078853046595,True
published,libero_long,libero_long/KITCHEN_SCENE8_put_both_moka_pots_on_the_stove,261,38,0.5969498910675382,False
published,libero_long,libero_long/KITCHEN_SCENE8_put_both_moka_pots_on_the_stove,280,36,0.5036764705882353,True
published,libero_long,libero_long/KITCHEN_SCENE8_put_both_moka_pots_on_the_stove,283,37,0.5279383429672447,True
published,libero_long,libero_long/KITCHEN_SCENE8_put_both_moka_pots_on_the_stove,298,48,0.9927536231884058,True
published,libero_long,libero_long/KITCHEN_SCENE8_put_both_moka_pots_on_the_stove,305,32,0.48154657293497366,True
published,libero_long,libero_long/KITCHEN_SCENE8_put_both_moka_pots_on_the_stove,306,44,0.9513888888888888,True
published,libero_long,libero_long/KITCHEN_SCENE8_put_both_moka_pots_on_the_stove,307,32,0.48154657293497366,True
published,libero_long,libero_long/KITCHEN_SCENE8_put_both_moka_pots_on_the_stove,308,32,0.48154657293497366,True
published,libero_long,libero_long/KITCHEN_SCENE8_put_both_moka_pots_on_the_stove,309,41,0.8810289389067524,True
published,libero_long,libero_long/KITCHEN_SCENE8_put_both_moka_pots_on_the_stove,311,32,0.48154657293497366,True
published,libero_long,libero_long/KITCHEN_SCENE8_put_both_moka_pots_on_the_stove,312,34,0.4910394265232975,True
published,libero_long,libero_long/KITCHEN_SCENE8_put_both_moka_pots_on_the_stove,313,32,0.48154657293497366,True
published,libero_long,libero_long/KITCHEN_SCENE8_put_both_moka_pots_on_the_stove,314,33,0.48841354723707664,True
published,libero_long,libero_long/KITCHEN_SCENE8_put_both_moka_pots_on_the_stove,315,34,0.4910394265232975,True
published,libero_long,libero_long/KITCHEN_SCENE8_put_both_moka_pots_on_the_stove,316,33,0.48841354723707664,True
published,libero_long,libero_long/KITCHEN_SCENE8_put_both_moka_pots_on_the_stove,317,33,0.48841354723707664,True
published,libero_long,libero_long/KITCHEN_SCENE8_put_both_moka_pots_on_the_stove,318,32,0.48154657293497366,True
published,libero_long,libero_long/KITCHEN_SCENE8_put_both_moka_pots_on_the_stove,319,35,0.4963768115942029,True
published,libero_long,libero_long/KITCHEN_SCENE8_put_both_moka_pots_on_the_stove,321,32,0.48154657293497366,True
published,libero_long,libero_long/KITCHEN_SCENE8_put_both_moka_pots_on_the_stove,324,35,0.4963768115942029,True
published,libero_long,libero_long/KITCHEN_SCENE8_put_both_moka_pots_on_the_stove,326,34,0.4910394265232975,True
published,libero_long,libero_long/KITCHEN_SCENE8_put_both_moka_pots_on_the_stove,327,35,0.4963768115942029,True
published,libero_long,libero_long/KITCHEN_SCENE8_put_both_moka_pots_on_the_stove,328,33,0.48841354723707664,True
published,libero_long,libero_long/KITCHEN_SCENE8_put_both_moka_pots_on_the_stove,329,36,0.5036764705882353,True
published,libero_long,libero_long/KITCHEN_SCENE8_put_both_moka_pots_on_the_stove,330,31,0.46678023850085176,True
published,libero_long,libero_long/KITCHEN_SCENE8_put_both_moka_pots_on_the_stove,331,42,0.9072847682119205,True
published,libero_long,libero_long/KITCHEN_SCENE8_put_both_moka_pots_on_the_stove,332,32,0.48154657293497366,True
published,libero_long,libero_long/KITCHEN_SCENE8_put_both_moka_pots_on_the_stove,334,39,0.7135416666666666,True
published,libero_long,libero_long/KITCHEN_SCENE8_put_both_moka_pots_on_the_stove,335,34,0.4910394265232975,True
published,libero_long,libero_long/KITCHEN_SCENE8_put_both_moka_pots_on_the_stove,337,33,0.48841354723707664,True
published,libero_long,libero_long/KITCHEN_SCENE8_put_both_moka_pots_on_the_stove,340,35,0.4963768115942029,True
published,libero_long,libero_long/KITCHEN_SCENE8_put_both_moka_pots_on_the_stove,342,47,0.982078853046595,True
published,libero_long,libero_long/KITCHEN_SCENE8_put_both_moka_pots_on_the_stove,354,33,0.48841354723707664,True
published,libero_long,libero_long/KITCHEN_SCENE8_put_both_moka_pots_on_the_stove,356,35,0.4963768115942029,True
published,libero_long,libero_long/KITCHEN_SCENE8_put_both_moka_pots_on_the_stove,357,33,0.48841354723707664,True
published,libero_long,libero_long/KITCHEN_SCENE8_put_both_moka_pots_on_the_stove,358,34,0.4910394265232975,True
published,libero_long,libero_long/KITCHEN_SCENE8_put_both_moka_pots_on_the_stove,369,37,0.5279383429672447,False
published,libero_long,libero_long/KITCHEN_SCENE8_put_both_moka_pots_on_the_stove,377,31,0.46678023850085176,True
published,libero_long,libero_long/KITCHEN_SCENE8_put_both_moka_pots_on_the_stove,378,30,0.4514003294892916,True
published,libero_long,libero_long/KITCHEN_SCENE8_put_both_moka_pots_on_the_stove,379,31,0.46678023850085176,False
published,libero_long,libero_long/KITCHEN_SCENE8_put_both_moka_pots_on_the_stove,380,31,0.46678023850085176,True
published,libero_long,libero_long/KITCHEN_SCENE8_put_both_moka_pots_on_the_stove,381,32,0.48154657293497366,True
published,libero_long,libero_long/KITCHEN_SCENE8_put_both_moka_pots_on_the_stove,383,31,0.46678023850085176,False
published,libero_long,libero_long/KITCHEN_SCENE8_put_both_moka_pots_on_the_stove,384,42,0.9072847682119205,True
published,libero_long,libero_long/KITCHEN_SCENE8_put_both_moka_pots_on_the_stove,385,43,0.9225589225589226,True
published,libero_long,libero_long/KITCHEN_SCENE8_put_both_moka_pots_on_the_stove,386,42,0.9072847682119205,True
published,libero_long,libero_long/KITCHEN_SCENE8_put_both_moka_pots_on_the_stove,387,42,0.9072847682119205,True
published,libero_long,libero_long/KITCHEN_SCENE8_put_both_moka_pots_on_the_stove,389,41,0.8810289389067524,True
published,libero_long,libero_long/KITCHEN_SCENE8_put_both_moka_pots_on_the_stove,390,39,0.7135416666666666,True
published,libero_long,libero_long/KITCHEN_SCENE8_put_both_moka_pots_on_the_stove,391,33,0.48841354723707664,True
published,libero_long,libero_long/KITCHEN_SCENE8_put_both_moka_pots_on_the_stove,392,31,0.46678023850085176,False
published,libero_long,libero_long/KITCHEN_SCENE8_put_both_moka_pots_on_the_stove,393,31,0.46678023850085176,True
published,libero_long,libero_long/KITCHEN_SCENE8_put_both_moka_pots_on_the_stove,395,30,0.4514003294892916,True
published,libero_long,libero_long/KITCHEN_SCENE8_put_both_moka_pots_on_the_stove,396,31,0.46678023850085176,True
published,libero_long,libero_long/KITCHEN_SCENE8_put_both_moka_pots_on_the_stove,397,30,0.4514003294892916,True
published,libero_long,libero_long/KITCHEN_SCENE8_put_both_moka_pots_on_the_stove,398,38,0.5969498910675382,True
published,libero_long,libero_long/KITCHEN_SCENE8_put_both_moka_pots_on_the_stove,399,30,0.4514003294892916,True
published,libero_long,libero_long/LIVING_ROOM_SCENE1_put_both_the_alphabet_soup_and_the_cream_cheese_box_in_the_basket,8,12,0.0685,True
published,libero_long,libero_long/LIVING_ROOM_SCENE1_put_both_the_alphabet_soup_and_the_cream_cheese_box_in_the_basket,9,14,0.0685,False
published,libero_long,libero_long/LIVING_ROOM_SCENE1_put_both_the_alphabet_soup_and_the_cream_cheese_box_in_the_basket,10,11,0.0685,True
published,libero_long,libero_long/LIVING_ROOM_SCENE1_put_both_the_alphabet_soup_and_the_cream_cheese_box_in_the_basket,13,43,0.9225589225589226,True
published,libero_long,libero_long/LIVING_ROOM_SCENE1_put_both_the_alphabet_soup_and_the_cream_cheese_box_in_the_basket,14,14,0.0685,True
published,libero_long,libero_long/LIVING_ROOM_SCENE1_put_both_the_alphabet_soup_and_the_cream_cheese_box_in_the_basket,15,11,0.0685,True
published,libero_long,libero_long/LIVING_ROOM_SCENE1_put_both_the_alphabet_soup_and_the_cream_cheese_box_in_the_basket,24,8,0.0685,True
published,libero_long,libero_long/LIVING_ROOM_SCENE1_put_both_the_alphabet_soup_and_the_cream_cheese_box_in_the_basket,25,8,0.0685,True
published,libero_long,libero_long/LIVING_ROOM_SCENE1_put_both_the_alphabet_soup_and_the_cream_cheese_box_in_the_basket,26,8,0.0685,True
published,libero_long,libero_long/LIVING_ROOM_SCENE1_put_both_the_alphabet_soup_and_the_cream_cheese_box_in_the_basket,27,8,0.0685,True
published,libero_long,libero_long/LIVING_ROOM_SCENE1_put_both_the_alphabet_soup_and_the_cream_cheese_box_in_the_basket,28,8,0.0685,True
published,libero_long,libero_long/LIVING_ROOM_SCENE1_put_both_the_alphabet_soup_and_the_cream_cheese_box_in_the_basket,29,7,0.0685,False
published,libero_long,libero_long/LIVING_ROOM_SCENE1_put_both_the_alphabet_soup_and_the_cream_cheese_box_in_the_basket,30,8,0.0685,True
published,libero_long,libero_long/LIVING_ROOM_SCENE1_put_both_the_alphabet_soup_and_the_cream_cheese_box_in_the_basket,31,8,0.0685,True
published,libero_long,libero_long/LIVING_ROOM_SCENE1_put_both_the_alphabet_soup_and_the_cream_cheese_box_in_the_basket,34,35,0.4963768115942029,True
published,libero_long,libero_long/LIVING_ROOM_SCENE1_put_both_the_alphabet_soup_and_the_cream_cheese_box_in_the_basket,37,39,0.7135416666666666,True
published,libero_long,libero_long/LIVING_ROOM_SCENE1_put_both_the_alphabet_soup_and_the_cream_cheese_box_in_the_basket,39,36,0.5036764705882353,True
published,libero_long,libero_long/LIVING_ROOM_SCENE1_put_both_the_alphabet_soup_and_the_cream_cheese_box_in_the_basket,154,39,0.7135416666666666,True
published,libero_long,libero_long/LIVING_ROOM_SCENE1_put_both_the_alphabet_soup_and_the_cream_cheese_box_in_the_basket,190,49,0.9927536231884058,True
published,libero_long,libero_long/LIVING_ROOM_SCENE1_put_both_the_alphabet_soup_and_the_cream_cheese_box_in_the_basket,191,16,0.06993363961204696,True
published,libero_long,libero_long/LIVING_ROOM_SCENE1_put_both_the_alphabet_soup_and_the_cream_cheese_box_in_the_basket,202,19,0.07415426251691475,False
published,libero_long,libero_long/LIVING_ROOM_SCENE1_put_both_the_alphabet_soup_and_the_cream_cheese_box_in_the_basket,304,16,0.06993363961204696,True
published,libero_long,libero_long/LIVING_ROOM_SCENE1_put_both_the_alphabet_soup_and_the_cream_cheese_box_in_the_basket,305,36,0.5036764705882353,True
published,libero_long,libero_long/LIVING_ROOM_SCENE1_put_both_the_alphabet_soup_and_the_cream_cheese_box_in_the_basket,306,15,0.0690524193548387,True
published,libero_long,libero_long/LIVING_ROOM_SCENE1_put_both_the_alphabet_soup_and_the_cream_cheese_box_in_the_basket,307,14,0.0685,True
published,libero_long,libero_long/LIVING_ROOM_SCENE1_put_both_the_alphabet_soup_and_the_cream_cheese_box_in_the_basket,309,14,0.0685,True
published,libero_long,libero_long/LIVING_ROOM_SCENE1_put_both_the_alphabet_soup_and_the_cream_cheese_box_in_the_basket,310,15,0.0690524193548387,True
published,libero_long,libero_long/LIVING_ROOM_SCENE1_put_both_the_alphabet_soup_and_the_cream_cheese_box_in_the_basket,311,15,0.0690524193548387,True
published,libero_long,libero_long/LIVING_ROOM_SCENE1_put_both_the_alphabet_soup_and_the_cream_cheese_box_in_the_basket,320,19,0.07415426251691475,False
published,libero_long,libero_long/LIVING_ROOM_SCENE1_put_both_the_alphabet_soup_and_the_cream_cheese_box_in_the_basket,378,15,0.0690524193548387,True
published,libero_long,libero_long/LIVING_ROOM_SCENE1_put_both_the_alphabet_soup_and_the_cream_cheese_box_in_the_basket,381,41,0.8810289389067524,True
published,libero_long,libero_long/LIVING_ROOM_SCENE2_put_both_the_alphabet_soup_and_the_tomato_sauce_in_the_basket,332,30,0.4514003294892916,False
published,libero_long,libero_long/LIVING_ROOM_SCENE2_put_both_the_alphabet_soup_and_the_tomato_sauce_in_the_basket,392,10,0.0685,True
published,libero_long,libero_long/LIVING_ROOM_SCENE2_put_both_the_alphabet_soup_and_the_tomato_sauce_in_the_basket,393,10,0.0685,True
published,libero_long,libero_long/LIVING_ROOM_SCENE2_put_both_the_alphabet_soup_and_the_tomato_sauce_in_the_basket,394,11,0.0685,True
published,libero_long,libero_long/LIVING_ROOM_SCENE2_put_both_the_alphabet_soup_and_the_tomato_sauce_in_the_basket,395,9,0.0685,True
published,libero_long,libero_long/LIVING_ROOM_SCENE2_put_both_the_alphabet_soup_and_the_tomato_sauce_in_the_basket,396,9,0.0685,True
published,libero_long,libero_long/LIVING_ROOM_SCENE2_put_both_the_alphabet_soup_and_the_tomato_sauce_in_the_basket,397,10,0.0685,True
published,libero_long,libero_long/LIVING_ROOM_SCENE2_put_both_the_alphabet_soup_and_the_tomato_sauce_in_the_basket,398,9,0.0685,True
published,libero_long,libero_long/LIVING_ROOM_SCENE2_put_both_the_alphabet_soup_and_the_tomato_sauce_in_the_basket,399,10,0.0685,True
published,libero_long,libero_long/LIVING_ROOM_SCENE2_put_both_the_cream_cheese_box_and_the_butter_in_the_basket,177,31,0.46678023850085176,True
published,libero_long,libero_long/LIVING_ROOM_SCENE2_put_both_the_cream_cheese_box_and_the_butter_in_the_basket,182,28,0.41389728096676737,False
published,libero_long,libero_long/LIVING_ROOM_SCENE2_put_both_the_cream_cheese_box_and_the_butter_in_the_basket,208,23,0.10579150579150579,True
published,libero_long,libero_long/LIVING_ROOM_SCENE2_put_both_the_cream_cheese_box_and_the_butter_in_the_basket,265,32,0.48154657293497366,True
published,libero_long,libero_long/LIVING_ROOM_SCENE2_put_both_the_cream_cheese_box_and_the_butter_in_the_basket,268,19,0.07415426251691475,False
published,libero_long,libero_long/LIVING_ROOM_SCENE2_put_both_the_cream_cheese_box_and_the_butter_in_the_basket,271,18,0.07308615630834889,False
published,libero_long,libero_long/LIVING_ROOM_SCENE2_put_both_the_cream_cheese_box_and_the_butter_in_the_basket,273,26,0.27987742594484166,False
published,libero_long,libero_long/LIVING_ROOM_SCENE2_put_both_the_cream_cheese_box_and_the_butter_in_the_basket,275,27,0.3553826199740597,False
published,libero_long,libero_long/LIVING_ROOM_SCENE2_put_both_the_cream_cheese_box_and_the_butter_in_the_basket,334,31,0.46678023850085176,False
published,libero_long,libero_long/LIVING_ROOM_SCENE5_put_the_white_mug_on_the_left_plate_and_put_the_yellow_and_white_mug_on_the_right_plate,6,30,0.4514003294892916,True
published,libero_long,libero_long/LIVING_ROOM_SCENE5_put_the_white_mug_on_the_left_plate_and_put_the_yellow_and_white_mug_on_the_right_plate,43,25,0.19740634005763688,False
published,libero_long,libero_long/LIVING_ROOM_SCENE5_put_the_white_mug_on_the_left_plate_and_put_the_yellow_and_white_mug_on_the_right_plate,45,40,0.8203592814371258,True
published,libero_long,libero_long/LIVING_ROOM_SCENE5_put_the_white_mug_on_the_left_plate_and_put_the_yellow_and_white_mug_on_the_right_plate,52,30,0.4514003294892916,False
published,libero_long,libero_long/LIVING_ROOM_SCENE5_put_the_white_mug_on_the_left_plate_and_put_the_yellow_and_white_mug_on_the_right_plate,122,26,0.27987742594484166,False
published,libero_long,libero_long/LIVING_ROOM_SCENE5_put_the_white_mug_on_the_left_plate_and_put_the_yellow_and_white_mug_on_the_right_plate,147,31,0.46678023850085176,True
published,libero_long,libero_long/LIVING_ROOM_SCENE5_put_the_white_mug_on_the_left_plate_and_put_the_yellow_and_white_mug_on_the_right_plate,162,31,0.46678023850085176,True
published,libero_long,libero_long/LIVING_ROOM_SCENE5_put_the_white_mug_on_the_left_plate_and_put_the_yellow_and_white_mug_on_the_right_plate,202,28,0.41389728096676737,True
published,libero_long,libero_long/LIVING_ROOM_SCENE5_put_the_white_mug_on_the_left_plate_and_put_the_yellow_and_white_mug_on_the_right_plate,222,29,0.43630573248407645,True
published,libero_long,libero_long/LIVING_ROOM_SCENE5_put_the_white_mug_on_the_left_plate_and_put_the_yellow_and_white_mug_on_the_right_plate,253,30,0.4514003294892916,True
published,libero_long,libero_long/LIVING_ROOM_SCENE5_put_the_white_mug_on_the_left_plate_and_put_the_yellow_and_white_mug_on_the_right_plate,272,29,0.43630573248407645,True
published,libero_long,libero_long/LIVING_ROOM_SCENE5_put_the_white_mug_on_the_left_plate_and_put_the_yellow_and_white_mug_on_the_right_plate,320,25,0.19740634005763688,True
published,libero_long,libero_long/LIVING_ROOM_SCENE5_put_the_white_mug_on_the_left_plate_and_put_the_yellow_and_white_mug_on_the_right_plate,321,31,0.46678023850085176,True
published,libero_long,libero_long/LIVING_ROOM_SCENE5_put_the_white_mug_on_the_left_plate_and_put_the_yellow_and_white_mug_on_the_right_plate,322,26,0.27987742594484166,True
published,libero_long,libero_long/LIVING_ROOM_SCENE5_put_the_white_mug_on_the_left_plate_and_put_the_yellow_and_white_mug_on_the_right_plate,325,25,0.19740634005763688,True
published,libero_long,libero_long/LIVING_ROOM_SCENE5_put_the_white_mug_on_the_left_plate_and_put_the_yellow_and_white_mug_on_the_right_plate,326,33,0.48841354723707664,False
published,libero_long,libero_long/LIVING_ROOM_SCENE5_put_the_white_mug_on_the_left_plate_and_put_the_yellow_and_white_mug_on_the_right_plate,336,30,0.4514003294892916,True
published,libero_long,libero_long/LIVING_ROOM_SCENE5_put_the_white_mug_on_the_left_plate_and_put_the_yellow_and_white_mug_on_the_right_plate,339,26,0.27987742594484166,False
published,libero_long,libero_long/LIVING_ROOM_SCENE5_put_the_white_mug_on_the_left_plate_and_put_the_yellow_and_white_mug_on_the_right_plate,342,33,0.48841354723707664,True
published,libero_long,libero_long/LIVING_ROOM_SCENE5_put_the_white_mug_on_the_left_plate_and_put_the_yellow_and_white_mug_on_the_right_plate,352,30,0.4514003294892916,True
published,libero_long,libero_long/LIVING_ROOM_SCENE5_put_the_white_mug_on_the_left_plate_and_put_the_yellow_and_white_mug_on_the_right_plate,353,30,0.4514003294892916,True
published,libero_long,libero_long/LIVING_ROOM_SCENE5_put_the_white_mug_on_the_left_plate_and_put_the_yellow_and_white_mug_on_the_right_plate,354,30,0.4514003294892916,True
published,libero_long,libero_long/LIVING_ROOM_SCENE6_put_the_white_mug_on_the_plate_and_put_the_chocolate_pudding_to_the_right_of_the_plate,33,34,0.4910394265232975,True
published,libero_long,libero_long/LIVING_ROOM_SCENE6_put_the_white_mug_on_the_plate_and_put_the_chocolate_pudding_to_the_right_of_the_plate,38,35,0.4963768115942029,True
published,libero_long,libero_long/LIVING_ROOM_SCENE6_put_the_white_mug_on_the_plate_and_put_the_chocolate_pudding_to_the_right_of_the_plate,39,46,0.9716312056737588,True
published,libero_long,libero_long/LIVING_ROOM_SCENE6_put_the_white_mug_on_the_plate_and_put_the_chocolate_pudding_to_the_right_of_the_plate,56,30,0.4514003294892916,True
published,libero_long,libero_long/LIVING_ROOM_SCENE6_put_the_white_mug_on_the_plate_and_put_the_chocolate_pudding_to_the_right_of_the_plate,58,38,0.5969498910675382,True
published,libero_long,libero_long/LIVING_ROOM_SCENE6_put_the_white_mug_on_the_plate_and_put_the_chocolate_pudding_to_the_right_of_the_plate,62,31,0.46678023850085176,False
published,libero_long,libero_long/LIVING_ROOM_SCENE6_put_the_white_mug_on_the_plate_and_put_the_chocolate_pudding_to_the_right_of_the_plate,81,44,0.9513888888888888,True
published,libero_long,libero_long/LIVING_ROOM_SCENE6_put_the_white_mug_on_the_plate_and_put_the_chocolate_pudding_to_the_right_of_the_plate,89,16,0.06993363961204696,False
published,libero_long,libero_long/LIVING_ROOM_SCENE6_put_the_white_mug_on_the_plate_and_put_the_chocolate_pudding_to_the_right_of_the_plate,91,30,0.4514003294892916,True
published,libero_long,libero_long/LIVING_ROOM_SCENE6_put_the_white_mug_on_the_plate_and_put_the_chocolate_pudding_to_the_right_of_the_plate,92,16,0.06993363961204696,False
published,libero_long,libero_long/LIVING_ROOM_SCENE6_put_the_white_mug_on_the_plate_and_put_the_chocolate_pudding_to_the_right_of_the_plate,94,32,0.48154657293497366,True
published,libero_long,libero_long/LIVING_ROOM_SCENE6_put_the_white_mug_on_the_plate_and_put_the_chocolate_pudding_to_the_right_of_the_plate,95,34,0.4910394265232975,True
published,libero_long,libero_long/LIVING_ROOM_SCENE6_put_the_white_mug_on_the_plate_and_put_the_chocolate_pudding_to_the_right_of_the_plate,109,30,0.4514003294892916,True
published,libero_long,libero_long/LIVING_ROOM_SCENE6_put_the_white_mug_on_the_plate_and_put_the_chocolate_pudding_to_the_right_of_the_plate,113,45,0.9614035087719298,True
published,libero_long,libero_long/LIVING_ROOM_SCENE6_put_the_white_mug_on_the_plate_and_put_the_chocolate_pudding_to_the_right_of_the_plate,116,36,0.5036764705882353,True
published,libero_long,libero_long/LIVING_ROOM_SCENE6_put_the_white_mug_on_the_plate_and_put_the_chocolate_pudding_to_the_right_of_the_plate,117,34,0.4910394265232975,True
published,libero_long,libero_long/LIVING_ROOM_SCENE6_put_the_white_mug_on_the_plate_and_put_the_chocolate_pudding_to_the_right_of_the_plate,135,40,0.8203592814371258,True
published,libero_long,libero_long/LIVING_ROOM_SCENE6_put_the_white_mug_on_the_plate_and_put_the_chocolate_pudding_to_the_right_of_the_plate,138,31,0.46678023850085176,True
published,libero_long,libero_long/LIVING_ROOM_SCENE6_put_the_white_mug_on_the_plate_and_put_the_chocolate_pudding_to_the_right_of_the_plate,165,31,0.46678023850085176,True
published,libero_long,libero_long/LIVING_ROOM_SCENE6_put_the_white_mug_on_the_plate_and_put_the_chocolate_pudding_to_the_right_of_the_plate,167,29,0.43630573248407645,True
published,libero_long,libero_long/LIVING_ROOM_SCENE6_put_the_white_mug_on_the_plate_and_put_the_chocolate_pudding_to_the_right_of_the_plate,168,25,0.19740634005763688,True
published,libero_long,libero_long/LIVING_ROOM_SCENE6_put_the_white_mug_on_the_plate_and_put_the_chocolate_pudding_to_the_right_of_the_plate,169,28,0.41389728096676737,True
published,libero_long,libero_long/LIVING_ROOM_SCENE6_put_the_white_mug_on_the_plate_and_put_the_chocolate_pudding_to_the_right_of_the_plate,170,28,0.41389728096676737,True
published,libero_long,libero_long/LIVING_ROOM_SCENE6_put_the_white_mug_on_the_plate_and_put_the_chocolate_pudding_to_the_right_of_the_plate,171,25,0.19740634005763688,True
published,libero_long,libero_long/LIVING_ROOM_SCENE6_put_the_white_mug_on_the_plate_and_put_the_chocolate_pudding_to_the_right_of_the_plate,172,26,0.27987742594484166,True
published,libero_long,libero_long/LIVING_ROOM_SCENE6_put_the_white_mug_on_the_plate_and_put_the_chocolate_pudding_to_the_right_of_the_plate,173,26,0.27987742594484166,True
published,libero_long,libero_long/LIVING_ROOM_SCENE6_put_the_white_mug_on_the_plate_and_put_the_chocolate_pudding_to_the_right_of_the_plate,174,25,0.19740634005763688,True
published,libero_long,libero_long/LIVING_ROOM_SCENE6_put_the_white_mug_on_the_plate_and_put_the_chocolate_pudding_to_the_right_of_the_plate,175,28,0.41389728096676737,True
published,libero_long,libero_long/LIVING_ROOM_SCENE6_put_the_white_mug_on_the_plate_and_put_the_chocolate_pudding_to_the_right_of_the_plate,188,29,0.43630573248407645,True
published,libero_long,libero_long/LIVING_ROOM_SCENE6_put_the_white_mug_on_the_plate_and_put_the_chocolate_pudding_to_the_right_of_the_plate,189,30,0.4514003294892916,True
published,libero_long,libero_long/LIVING_ROOM_SCENE6_put_the_white_mug_on_the_plate_and_put_the_chocolate_pudding_to_the_right_of_the_plate,191,35,0.4963768115942029,True
published,libero_long,libero_long/LIVING_ROOM_SCENE6_put_the_white_mug_on_the_plate_and_put_the_chocolate_pudding_to_the_right_of_the_plate,204,32,0.48154657293497366,True
published,libero_long,libero_long/LIVING_ROOM_SCENE6_put_the_white_mug_on_the_plate_and_put_the_chocolate_pudding_to_the_right_of_the_plate,211,26,0.27987742594484166,True
published,libero_long,libero_long/LIVING_ROOM_SCENE6_put_the_white_mug_on_the_plate_and_put_the_chocolate_pudding_to_the_right_of_the_plate,212,31,0.46678023850085176,True
published,libero_long,libero_long/LIVING_ROOM_SCENE6_put_the_white_mug_on_the_plate_and_put_the_chocolate_pudding_to_the_right_of_the_plate,213,29,0.43630573248407645,True
published,libero_long,libero_long/LIVING_ROOM_SCENE6_put_the_white_mug_on_the_plate_and_put_the_chocolate_pudding_to_the_right_of_the_plate,215,26,0.27987742594484166,True
published,libero_long,libero_long/LIVING_ROOM_SCENE6_put_the_white_mug_on_the_plate_and_put_the_chocolate_pudding_to_the_right_of_the_plate,216,31,0.46678023850085176,True
published,libero_long,libero_long/LIVING_ROOM_SCENE6_put_the_white_mug_on_the_plate_and_put_the_chocolate_pudding_to_the_right_of_the_plate,217,32,0.48154657293497366,True
published,libero_long,libero_long/LIVING_ROOM_SCENE6_put_the_white_mug_on_the_plate_and_put_the_chocolate_pudding_to_the_right_of_the_plate,220,30,0.4514003294892916,True
published,libero_long,libero_long/LIVING_ROOM_SCENE6_put_the_white_mug_on_the_plate_and_put_the_chocolate_pudding_to_the_right_of_the_plate,221,31,0.46678023850085176,True
published,libero_long,libero_long/LIVING_ROOM_SCENE6_put_the_white_mug_on_the_plate_and_put_the_chocolate_pudding_to_the_right_of_the_plate,223,32,0.48154657293497366,True
published,libero_long,libero_long/LIVING_ROOM_SCENE6_put_the_white_mug_on_the_plate_and_put_the_chocolate_pudding_to_the_right_of_the_plate,227,30,0.4514003294892916,False
published,libero_long,libero_long/LIVING_ROOM_SCENE6_put_the_white_mug_on_the_plate_and_put_the_chocolate_pudding_to_the_right_of_the_plate,233,25,0.19740634005763688,False
published,libero_long,libero_long/LIVING_ROOM_SCENE6_put_the_white_mug_on_the_plate_and_put_the_chocolate_pudding_to_the_right_of_the_plate,238,28,0.41389728096676737,False
published,libero_long,libero_long/LIVING_ROOM_SCENE6_put_the_white_mug_on_the_plate_and_put_the_chocolate_pudding_to_the_right_of_the_plate,241,31,0.46678023850085176,True
published,libero_long,libero_long/LIVING_ROOM_SCENE6_put_the_white_mug_on_the_plate_and_put_the_chocolate_pudding_to_the_right_of_the_plate,242,31,0.46678023850085176,True
published,libero_long,libero_long/LIVING_ROOM_SCENE6_put_the_white_mug_on_the_plate_and_put_the_chocolate_pudding_to_the_right_of_the_plate,246,31,0.46678023850085176,True
published,libero_long,libero_long/LIVING_ROOM_SCENE6_put_the_white_mug_on_the_plate_and_put_the_chocolate_pudding_to_the_right_of_the_plate,247,31,0.46678023850085176,True
published,libero_long,libero_long/LIVING_ROOM_SCENE6_put_the_white_mug_on_the_plate_and_put_the_chocolate_pudding_to_the_right_of_the_plate,261,27,0.3553826199740597,True
published,libero_long,libero_long/LIVING_ROOM_SCENE6_put_the_white_mug_on_the_plate_and_put_the_chocolate_pudding_to_the_right_of_the_plate,265,31,0.46678023850085176,True
published,libero_long,libero_long/LIVING_ROOM_SCENE6_put_the_white_mug_on_the_plate_and_put_the_chocolate_pudding_to_the_right_of_the_plate,280,36,0.5036764705882353,True
published,libero_long,libero_long/LIVING_ROOM_SCENE6_put_the_white_mug_on_the_plate_and_put_the_chocolate_pudding_to_the_right_of_the_plate,311,16,0.06993363961204696,False
published,libero_long,libero_long/LIVING_ROOM_SCENE6_put_the_white_mug_on_the_plate_and_put_the_chocolate_pudding_to_the_right_of_the_plate,348,19,0.07415426251691475,False
published,libero_long,libero_long/LIVING_ROOM_SCENE6_put_the_white_mug_on_the_plate_and_put_the_chocolate_pudding_to_the_right_of_the_plate,375,27,0.3553826199740597,True
published,libero_long,libero_long/STUDY_SCENE1_pick_up_the_book_and_place_it_in_the_back_compartment_of_the_caddy,11,22,0.09028006589785832,False
published,libero_long,libero_long/STUDY_SCENE1_pick_up_the_book_and_place_it_in_the_back_compartment_of_the_caddy,26,31,0.46678023850085176,True
published,libero_long,libero_long/STUDY_SCENE1_pick_up_the_book_and_place_it_in_the_back_compartment_of_the_caddy,27,24,0.13584531482399603,False
published,libero_long,libero_long/STUDY_SCENE1_pick_up_the_book_and_place_it_in_the_back_compartment_of_the_caddy,48,22,0.09028006589785832,False
published,libero_long,libero_long/STUDY_SCENE1_pick_up_the_book_and_place_it_in_the_back_compartment_of_the_caddy,51,21,0.07925947353196414,False
published,libero_long,libero_long/STUDY_SCENE1_pick_up_the_book_and_place_it_in_the_back_compartment_of_the_caddy,99,19,0.07415426251691475,False
published,libero_long,libero_long/STUDY_SCENE1_pick_up_the_book_and_place_it_in_the_back_compartment_of_the_caddy,100,20,0.0749863163656267,False
published,libero_long,libero_long/STUDY_SCENE1_pick_up_the_book_and_place_it_in_the_back_compartment_of_the_caddy,101,19,0.07415426251691475,False
published,libero_long,libero_long/STUDY_SCENE1_pick_up_the_book_and_place_it_in_the_back_compartment_of_the_caddy,102,19,0.07415426251691475,False
published,libero_long,libero_long/STUDY_SCENE1_pick_up_the_book_and_place_it_in_the_back_compartment_of_the_caddy,147,22,0.09028006589785832,False
published,libero_long,libero_long/STUDY_SCENE1_pick_up_the_book_and_place_it_in_the_back_compartment_of_the_caddy,160,24,0.13584531482399603,False
published,libero_long,libero_long/STUDY_SCENE1_pick_up_the_book_and_place_it_in_the_back_compartment_of_the_caddy,161,25,0.19740634005763688,True
published,libero_long,libero_long/STUDY_SCENE1_pick_up_the_book_and_place_it_in_the_back_compartment_of_the_caddy,162,27,0.3553826199740597,True
published,libero_long,libero_long/STUDY_SCENE1_pick_up_the_book_and_place_it_in_the_back_compartment_of_the_caddy,163,24,0.13584531482399603,False
published,libero_long,libero_long/STUDY_SCENE1_pick_up_the_book_and_place_it_in_the_back_compartment_of_the_caddy,164,26,0.27987742594484166,True
published,libero_long,libero_long/STUDY_SCENE1_pick_up_the_book_and_place_it_in_the_back_compartment_of_the_caddy,165,24,0.13584531482399603,False
published,libero_long,libero_long/STUDY_SCENE1_pick_up_the_book_and_place_it_in_the_back_compartment_of_the_caddy,166,24,0.13584531482399603,True
published,libero_long,libero_long/STUDY_SCENE1_pick_up_the_book_and_place_it_in_the_back_compartment_of_the_caddy,167,24,0.13584531482399603,False
published,libero_long,libero_long/STUDY_SCENE1_pick_up_the_book_and_place_it_in_the_back_compartment_of_the_caddy,227,22,0.09028006589785832,False
published,libero_long,libero_long/STUDY_SCENE1_pick_up_the_book_and_place_it_in_the_back_compartment_of_the_caddy,231,23,0.10579150579150579,False
published,libero_long,libero_long/STUDY_SCENE1_pick_up_the_book_and_place_it_in_the_back_compartment_of_the_caddy,312,24,0.13584531482399603,True
published,libero_long,libero_long/STUDY_SCENE1_pick_up_the_book_and_place_it_in_the_back_compartment_of_the_caddy,314,20,0.0749863163656267,False
published,libero_long,libero_long/STUDY_SCENE1_pick_up_the_book_and_place_it_in_the_back_compartment_of_the_caddy,315,23,0.10579150579150579,False
published,libero_long,libero_long/STUDY_SCENE1_pick_up_the_book_and_place_it_in_the_back_compartment_of_the_caddy,316,19,0.07415426251691475,False
published,libero_long,libero_long/STUDY_SCENE1_pick_up_the_book_and_place_it_in_the_back_compartment_of_the_caddy,318,21,0.07925947353196414,False
published,libero_long,libero_long/STUDY_SCENE1_pick_up_the_book_and_place_it_in_the_back_compartment_of_the_caddy,339,22,0.09028006589785832,False
published,libero_object,libero_object/pick_up_the_alphabet_soup_and_place_it_in_the_basket,5,18,0.5569620253164557,False
published,libero_object,libero_object/pick_up_the_alphabet_soup_and_place_it_in_the_basket,164,21,0.8301886792452831,True
published,libero_object,libero_object/pick_up_the_alphabet_soup_and_place_it_in_the_basket,274,22,0.88,True
published,libero_object,libero_object/pick_up_the_bbq_sauce_and_place_it_in_the_basket,35,24,0.9565217391304348,True
published,libero_object,libero_object/pick_up_the_bbq_sauce_and_place_it_in_the_basket,107,25,0.9565217391304348,True
published,libero_object,libero_object/pick_up_the_bbq_sauce_and_place_it_in_the_basket,116,26,0.9777777777777777,True
published,libero_object,libero_object/pick_up_the_bbq_sauce_and_place_it_in_the_basket,225,26,0.9777777777777777,True
published,libero_object,libero_object/pick_up_the_bbq_sauce_and_place_it_in_the_basket,255,21,0.8301886792452831,True
published,libero_object,libero_object/pick_up_the_bbq_sauce_and_place_it_in_the_basket,264,21,0.8301886792452831,True
published,libero_object,libero_object/pick_up_the_bbq_sauce_and_place_it_in_the_basket,333,20,0.7333333333333333,True
published,libero_object,libero_object/pick_up_the_butter_and_place_it_in_the_basket,106,12,0.014671557185728577,False
published,libero_object,libero_object/pick_up_the_butter_and_place_it_in_the_basket,273,13,0.025360230547550433,False
published,libero_object,libero_object/pick_up_the_cream_cheese_and_place_it_in_the_basket,275,22,0.88,False
published,libero_object,libero_object/pick_up_the_ketchup_and_place_it_in_the_basket,399,21,0.8301886792452831,True
published,libero_object,libero_object/pick_up_the_milk_and_place_it_in_the_basket,108,19,0.6666666666666666,True
published,libero_object,libero_object/pick_up_the_milk_and_place_it_in_the_basket,112,21,0.8301886792452831,True
published,libero_object,libero_object/pick_up_the_milk_and_place_it_in_the_basket,113,18,0.5569620253164557,True
published,libero_object,libero_object/pick_up_the_milk_and_place_it_in_the_basket,118,19,0.6666666666666666,True
published,libero_object,libero_object/pick_up_the_milk_and_place_it_in_the_basket,197,26,0.9777777777777777,True
published,libero_object,libero_object/pick_up_the_milk_and_place_it_in_the_basket,308,20,0.7333333333333333,False
published,libero_object,libero_object/pick_up_the_milk_and_place_it_in_the_basket,341,17,0.3384615384615385,True
published,libero_object,libero_object/pick_up_the_orange_juice_and_place_it_in_the_basket,155,18,0.5569620253164557,False
published,libero_object,libero_object/pick_up_the_orange_juice_and_place_it_in_the_basket,277,15,0.1,True
published,libero_object,libero_object/pick_up_the_orange_juice_and_place_it_in_the_basket,351,17,0.3384615384615385,False
published,libero_object,libero_object/pick_up_the_salad_dressing_and_place_it_in_the_basket,184,23,0.9166666666666666,True
published,libero_object,libero_object/pick_up_the_salad_dressing_and_place_it_in_the_basket,186,15,0.1,True
published,libero_object,libero_object/pick_up_the_salad_dressing_and_place_it_in_the_basket,187,22,0.88,True
published,libero_object,libero_object/pick_up_the_tomato_sauce_and_place_it_in_the_basket,32,14,0.044534412955465584,True
published,libero_object,libero_object/pick_up_the_tomato_sauce_and_place_it_in_the_basket,226,17,0.3384615384615385,True
published,libero_spatial,libero_spatial/pick_up_the_black_bowl_between_the_plate_and_the_ramekin_and_place_it_on_the_plate,285,18,0.9655172413793104,False
published,libero_spatial,libero_spatial/pick_up_the_black_bowl_from_table_center_and_place_it_on_the_plate,103,20,0.9859154929577465,True
published,libero_spatial,libero_spatial/pick_up_the_black_bowl_from_table_center_and_place_it_on_the_plate,390,17,0.9655172413793104,True
published,libero_spatial,libero_spatial/pick_up_the_black_bowl_in_the_top_drawer_of_the_wooden_cabinet_and_place_it_on_the_plate,7,19,0.9790209790209791,True
published,libero_spatial,libero_spatial/pick_up_the_black_bowl_in_the_top_drawer_of_the_wooden_cabinet_and_place_it_on_the_plate,205,20,0.9859154929577465,True
published,libero_spatial,libero_spatial/pick_up_the_black_bowl_in_the_top_drawer_of_the_wooden_cabinet_and_place_it_on_the_plate,263,20,0.9859154929577465,True
published,libero_spatial,libero_spatial/pick_up_the_black_bowl_in_the_top_drawer_of_the_wooden_cabinet_and_place_it_on_the_plate,305,19,0.9790209790209791,True
published,libero_spatial,libero_spatial/pick_up_the_black_bowl_in_the_top_drawer_of_the_wooden_cabinet_and_place_it_on_the_plate,360,20,0.9859154929577465,True
published,libero_spatial,libero_spatial/pick_up_the_black_bowl_in_the_top_drawer_of_the_wooden_cabinet_and_place_it_on_the_plate,365,19,0.9790209790209791,True
published,libero_spatial,libero_spatial/pick_up_the_black_bowl_in_the_top_drawer_of_the_wooden_cabinet_and_place_it_on_the_plate,371,19,0.9790209790209791,True
published,libero_spatial,libero_spatial/pick_up_the_black_bowl_in_the_top_drawer_of_the_wooden_cabinet_and_place_it_on_the_plate,373,18,0.9655172413793104,True
published,libero_spatial,libero_spatial/pick_up_the_black_bowl_next_to_the_cookie_box_and_place_it_on_the_plate,300,20,0.9859154929577465,True
published,libero_spatial,libero_spatial/pick_up_the_black_bowl_next_to_the_plate_and_place_it_on_the_plate,28,17,0.9655172413793104,True
published,libero_spatial,libero_spatial/pick_up_the_black_bowl_next_to_the_plate_and_place_it_on_the_plate,77,20,0.9859154929577465,True
published,libero_spatial,libero_spatial/pick_up_the_black_bowl_next_to_the_plate_and_place_it_on_the_plate,100,20,0.9859154929577465,True
published,libero_spatial,libero_spatial/pick_up_the_black_bowl_next_to_the_plate_and_place_it_on_the_plate,108,20,0.9859154929577465,True
published,libero_spatial,libero_spatial/pick_up_the_black_bowl_next_to_the_plate_and_place_it_on_the_plate,120,21,0.9859154929577465,True
published,libero_spatial,libero_spatial/pick_up_the_black_bowl_next_to_the_plate_and_place_it_on_the_plate,121,21,0.9859154929577465,True
published,libero_spatial,libero_spatial/pick_up_the_black_bowl_next_to_the_plate_and_place_it_on_the_plate,125,17,0.9655172413793104,True
published,libero_spatial,libero_spatial/pick_up_the_black_bowl_next_to_the_plate_and_place_it_on_the_plate,126,18,0.9655172413793104,True
published,libero_spatial,libero_spatial/pick_up_the_black_bowl_next_to_the_plate_and_place_it_on_the_plate,139,20,0.9859154929577465,True
published,libero_spatial,libero_spatial/pick_up_the_black_bowl_next_to_the_plate_and_place_it_on_the_plate,174,17,0.9655172413793104,False
published,libero_spatial,libero_spatial/pick_up_the_black_bowl_next_to_the_plate_and_place_it_on_the_plate,213,19,0.9790209790209791,True
published,libero_spatial,libero_spatial/pick_up_the_black_bowl_next_to_the_plate_and_place_it_on_the_plate,214,20,0.9859154929577465,True
published,libero_spatial,libero_spatial/pick_up_the_black_bowl_next_to_the_plate_and_place_it_on_the_plate,281,20,0.9859154929577465,True
published,libero_spatial,libero_spatial/pick_up_the_black_bowl_next_to_the_plate_and_place_it_on_the_plate,283,18,0.9655172413793104,True
published,libero_spatial,libero_spatial/pick_up_the_black_bowl_next_to_the_plate_and_place_it_on_the_plate,285,18,0.9655172413793104,True
published,libero_spatial,libero_spatial/pick_up_the_black_bowl_next_to_the_plate_and_place_it_on_the_plate,287,20,0.9859154929577465,True
published,libero_spatial,libero_spatial/pick_up_the_black_bowl_next_to_the_plate_and_place_it_on_the_plate,318,21,0.9859154929577465,True
published,libero_spatial,libero_spatial/pick_up_the_black_bowl_next_to_the_plate_and_place_it_on_the_plate,360,21,0.9859154929577465,True
published,libero_spatial,libero_spatial/pick_up_the_black_bowl_next_to_the_ramekin_and_place_it_on_the_plate,220,19,0.9790209790209791,True
published,libero_spatial,libero_spatial/pick_up_the_black_bowl_next_to_the_ramekin_and_place_it_on_the_plate,260,20,0.9859154929577465,True
published,libero_spatial,libero_spatial/pick_up_the_black_bowl_next_to_the_ramekin_and_place_it_on_the_plate,387,21,0.9859154929577465,True
published,libero_spatial,libero_spatial/pick_up_the_black_bowl_next_to_the_ramekin_and_place_it_on_the_plate,389,21,0.9859154929577465,True
published,libero_spatial,libero_spatial/pick_up_the_black_bowl_on_the_cookie_box_and_place_it_on_the_plate,9,16,0.958904109589041,True
published,libero_spatial,libero_spatial/pick_up_the_black_bowl_on_the_cookie_box_and_place_it_on_the_plate,16,14,0.8536585365853658,True
published,libero_spatial,libero_spatial/pick_up_the_black_bowl_on_the_cookie_box_and_place_it_on_the_plate,17,14,0.8536585365853658,False
published,libero_spatial,libero_spatial/pick_up_the_black_bowl_on_the_cookie_box_and_place_it_on_the_plate,36,16,0.958904109589041,True
published,libero_spatial,libero_spatial/pick_up_the_black_bowl_on_the_cookie_box_and_place_it_on_the_plate,39,16,0.958904109589041,True
published,libero_spatial,libero_spatial/pick_up_the_black_bowl_on_the_cookie_box_and_place_it_on_the_plate,59,16,0.958904109589041,True
published,libero_spatial,libero_spatial/pick_up_the_black_bowl_on_the_cookie_box_and_place_it_on_the_plate,87,17,0.9655172413793104,True
published,libero_spatial,libero_spatial/pick_up_the_black_bowl_on_the_cookie_box_and_place_it_on_the_plate,230,15,0.9523809523809523,True
published,libero_spatial,libero_spatial/pick_up_the_black_bowl_on_the_cookie_box_and_place_it_on_the_plate,238,17,0.9655172413793104,True
published,libero_spatial,libero_spatial/pick_up_the_black_bowl_on_the_cookie_box_and_place_it_on_the_plate,267,16,0.958904109589041,True
published,libero_spatial,libero_spatial/pick_up_the_black_bowl_on_the_cookie_box_and_place_it_on_the_plate,321,16,0.958904109589041,True
published,libero_spatial,libero_spatial/pick_up_the_black_bowl_on_the_cookie_box_and_place_it_on_the_plate,322,16,0.958904109589041,True
published,libero_spatial,libero_spatial/pick_up_the_black_bowl_on_the_cookie_box_and_place_it_on_the_plate,340,15,0.9523809523809523,True
published,libero_spatial,libero_spatial/pick_up_the_black_bowl_on_the_cookie_box_and_place_it_on_the_plate,342,16,0.958904109589041,True
published,libero_spatial,libero_spatial/pick_up_the_black_bowl_on_the_ramekin_and_place_it_on_the_plate,64,16,0.958904109589041,True
published,libero_spatial,libero_spatial/pick_up_the_black_bowl_on_the_ramekin_and_place_it_on_the_plate,94,20,0.9859154929577465,True
published,libero_spatial,libero_spatial/pick_up_the_black_bowl_on_the_ramekin_and_place_it_on_the_plate,125,17,0.9655172413793104,True
published,libero_spatial,libero_spatial/pick_up_the_black_bowl_on_the_ramekin_and_place_it_on_the_plate,128,17,0.9655172413793104,True
published,libero_spatial,libero_spatial/pick_up_the_black_bowl_on_the_ramekin_and_place_it_on_the_plate,218,21,0.9859154929577465,True
published,libero_spatial,libero_spatial/pick_up_the_black_bowl_on_the_ramekin_and_place_it_on_the_plate,275,21,0.9859154929577465,True
published,libero_spatial,libero_spatial/pick_up_the_black_bowl_on_the_ramekin_and_place_it_on_the_plate,358,17,0.9655172413793104,True
published,libero_spatial,libero_spatial/pick_up_the_black_bowl_on_the_ramekin_and_place_it_on_the_plate,359,19,0.9790209790209791,True
published,libero_spatial,libero_spatial/pick_up_the_black_bowl_on_the_ramekin_and_place_it_on_the_plate,366,21,0.9859154929577465,True
published,libero_spatial,libero_spatial/pick_up_the_black_bowl_on_the_stove_and_place_it_on_the_plate,13,17,0.9655172413793104,True
published,libero_spatial,libero_spatial/pick_up_the_black_bowl_on_the_stove_and_place_it_on_the_plate,15,18,0.9655172413793104,True
published,libero_spatial,libero_spatial/pick_up_the_black_bowl_on_the_stove_and_place_it_on_the_plate,19,21,0.9859154929577465,True
published,libero_spatial,libero_spatial/pick_up_the_black_bowl_on_the_stove_and_place_it_on_the_plate,74,19,0.9790209790209791,True
published,libero_spatial,libero_spatial/pick_up_the_black_bowl_on_the_stove_and_place_it_on_the_plate,75,21,0.9859154929577465,True
published,libero_spatial,libero_spatial/pick_up_the_black_bowl_on_the_stove_and_place_it_on_the_plate,79,21,0.9859154929577465,True
published,libero_spatial,libero_spatial/pick_up_the_black_bowl_on_the_stove_and_place_it_on_the_plate,109,19,0.9790209790209791,True
published,libero_spatial,libero_spatial/pick_up_the_black_bowl_on_the_stove_and_place_it_on_the_plate,141,20,0.9859154929577465,True
published,libero_spatial,libero_spatial/pick_up_the_black_bowl_on_the_stove_and_place_it_on_the_plate,144,19,0.9790209790209791,True
published,libero_spatial,libero_spatial/pick_up_the_black_bowl_on_the_stove_and_place_it_on_the_plate,146,17,0.9655172413793104,True
published,libero_spatial,libero_spatial/pick_up_the_black_bowl_on_the_stove_and_place_it_on_the_plate,147,20,0.9859154929577465,True
published,libero_spatial,libero_spatial/pick_up_the_black_bowl_on_the_stove_and_place_it_on_the_plate,149,19,0.9790209790209791,True
published,libero_spatial,libero_spatial/pick_up_the_black_bowl_on_the_stove_and_place_it_on_the_plate,150,20,0.9859154929577465,True
published,libero_spatial,libero_spatial/pick_up_the_black_bowl_on_the_stove_and_place_it_on_the_plate,169,20,0.9859154929577465,True
published,libero_spatial,libero_spatial/pick_up_the_black_bowl_on_the_stove_and_place_it_on_the_plate,193,21,0.9859154929577465,True
published,libero_spatial,libero_spatial/pick_up_the_black_bowl_on_the_stove_and_place_it_on_the_plate,196,21,0.9859154929577465,True
published,libero_spatial,libero_spatial/pick_up_the_black_bowl_on_the_stove_and_place_it_on_the_plate,197,21,0.9859154929577465,True
published,libero_spatial,libero_spatial/pick_up_the_black_bowl_on_the_stove_and_place_it_on_the_plate,199,19,0.9790209790209791,True
published,libero_spatial,libero_spatial/pick_up_the_black_bowl_on_the_stove_and_place_it_on_the_plate,224,19,0.9790209790209791,True
published,libero_spatial,libero_spatial/pick_up_the_black_bowl_on_the_stove_and_place_it_on_the_plate,225,18,0.9655172413793104,True
published,libero_spatial,libero_spatial/pick_up_the_black_bowl_on_the_stove_and_place_it_on_the_plate,226,19,0.9790209790209791,True
published,libero_spatial,libero_spatial/pick_up_the_black_bowl_on_the_stove_and_place_it_on_the_plate,229,19,0.9790209790209791,True
published,libero_spatial,libero_spatial/pick_up_the_black_bowl_on_the_stove_and_place_it_on_the_plate,230,19,0.9790209790209791,True
published,libero_spatial,libero_spatial/pick_up_the_black_bowl_on_the_stove_and_place_it_on_the_plate,231,19,0.9790209790209791,True
published,libero_spatial,libero_spatial/pick_up_the_black_bowl_on_the_stove_and_place_it_on_the_plate,265,20,0.9859154929577465,True
published,libero_spatial,libero_spatial/pick_up_the_black_bowl_on_the_stove_and_place_it_on_the_plate,268,18,0.9655172413793104,True
published,libero_spatial,libero_spatial/pick_up_the_black_bowl_on_the_stove_and_place_it_on_the_plate,269,19,0.9790209790209791,True
published,libero_spatial,libero_spatial/pick_up_the_black_bowl_on_the_stove_and_place_it_on_the_plate,270,19,0.9790209790209791,True
published,libero_spatial,libero_spatial/pick_up_the_black_bowl_on_the_stove_and_place_it_on_the_plate,271,19,0.9790209790209791,True
published,libero_spatial,libero_spatial/pick_up_the_black_bowl_on_the_stove_and_place_it_on_the_plate,306,19,0.9790209790209791,True
published,libero_spatial,libero_spatial/pick_up_the_black_bowl_on_the_stove_and_place_it_on_the_plate,345,21,0.9859154929577465,True
published,libero_spatial,libero_spatial/pick_up_the_black_bowl_on_the_stove_and_place_it_on_the_plate,347,19,0.9790209790209791,True
published,libero_spatial,libero_spatial/pick_up_the_black_bowl_on_the_stove_and_place_it_on_the_plate,351,20,0.9859154929577465,True
published,libero_spatial,libero_spatial/pick_up_the_black_bowl_on_the_stove_and_place_it_on_the_plate,355,20,0.9859154929577465,True
published,libero_spatial,libero_spatial/pick_up_the_black_bowl_on_the_stove_and_place_it_on_the_plate,383,19,0.9790209790209791,True
published,libero_spatial,libero_spatial/pick_up_the_black_bowl_on_the_stove_and_place_it_on_the_plate,397,20,0.9859154929577465,True
published,libero_spatial,libero_spatial/pick_up_the_black_bowl_on_the_wooden_cabinet_and_place_it_on_the_plate,33,18,0.9655172413793104,True
published,libero_spatial,libero_spatial/pick_up_the_black_bowl_on_the_wooden_cabinet_and_place_it_on_the_plate,34,18,0.9655172413793104,True
published,libero_spatial,libero_spatial/pick_up_the_black_bowl_on_the_wooden_cabinet_and_place_it_on_the_plate,87,19,0.9790209790209791,True
published,libero_spatial,libero_spatial/pick_up_the_black_bowl_on_the_wooden_cabinet_and_place_it_on_the_plate,91,18,0.9655172413793104,True
published,libero_spatial,libero_spatial/pick_up_the_black_bowl_on_the_wooden_cabinet_and_place_it_on_the_plate,95,19,0.9790209790209791,True
published,libero_spatial,libero_spatial/pick_up_the_black_bowl_on_the_wooden_cabinet_and_place_it_on_the_plate,103,19,0.9790209790209791,True
published,libero_spatial,libero_spatial/pick_up_the_black_bowl_on_the_wooden_cabinet_and_place_it_on_the_plate,159,21,0.9859154929577465,True
published,libero_spatial,libero_spatial/pick_up_the_black_bowl_on_the_wooden_cabinet_and_place_it_on_the_plate,173,19,0.9790209790209791,True
published,libero_spatial,libero_spatial/pick_up_the_black_bowl_on_the_wooden_cabinet_and_place_it_on_the_plate,203,21,0.9859154929577465,True
published,libero_spatial,libero_spatial/pick_up_the_black_bowl_on_the_wooden_cabinet_and_place_it_on_the_plate,207,21,0.9859154929577465,True
published,libero_spatial,libero_spatial/pick_up_the_black_bowl_on_the_wooden_cabinet_and_place_it_on_the_plate,222,19,0.9790209790209791,True
published,libero_spatial,libero_spatial/pick_up_the_black_bowl_on_the_wooden_cabinet_and_place_it_on_the_plate,225,20,0.9859154929577465,True
published,libero_spatial,libero_spatial/pick_up_the_black_bowl_on_the_wooden_cabinet_and_place_it_on_the_plate,297,21,0.9859154929577465,True
published,libero_spatial,libero_spatial/pick_up_the_black_bowl_on_the_wooden_cabinet_and_place_it_on_the_plate,308,19,0.9790209790209791,True
published,libero_spatial,libero_spatial/pick_up_the_black_bowl_on_the_wooden_cabinet_and_place_it_on_the_plate,355,19,0.9790209790209791,True
published,libero_spatial,libero_spatial/pick_up_the_black_bowl_on_the_wooden_cabinet_and_place_it_on_the_plate,360,21,0.9859154929577465,True
published,libero_spatial,libero_spatial/pick_up_the_black_bowl_on_the_wooden_cabinet_and_place_it_on_the_plate,362,20,0.9859154929577465,True
published,libero_spatial,libero_spatial/pick_up_the_black_bowl_on_the_wooden_cabinet_and_place_it_on_the_plate,373,21,0.9859154929577465,True
loso_l2,libero_goal,libero_goal/open_the_top_drawer_and_put_the_bowl_inside,41,26,0.9906542056074766,True
loso_l2,libero_goal,libero_goal/open_the_top_drawer_and_put_the_bowl_inside,42,29,0.9906542056074766,True
loso_l2,libero_goal,libero_goal/open_the_top_drawer_and_put_the_bowl_inside,43,29,0.9906542056074766,True
loso_l2,libero_goal,libero_goal/open_the_top_drawer_and_put_the_bowl_inside,46,25,0.9814814814814815,True
loso_l2,libero_goal,libero_goal/open_the_top_drawer_and_put_the_bowl_inside,59,26,0.9906542056074766,True
loso_l2,libero_goal,libero_goal/open_the_top_drawer_and_put_the_bowl_inside,78,25,0.9814814814814815,True
loso_l2,libero_goal,libero_goal/open_the_top_drawer_and_put_the_bowl_inside,128,25,0.9814814814814815,True
loso_l2,libero_goal,libero_goal/open_the_top_drawer_and_put_the_bowl_inside,131,26,0.9906542056074766,True
loso_l2,libero_goal,libero_goal/open_the_top_drawer_and_put_the_bowl_inside,132,19,0.5608465608465608,True
loso_l2,libero_goal,libero_goal/open_the_top_drawer_and_put_the_bowl_inside,133,25,0.9814814814814815,False
loso_l2,libero_goal,libero_goal/open_the_top_drawer_and_put_the_bowl_inside,135,26,0.9906542056074766,True
loso_l2,libero_goal,libero_goal/open_the_top_drawer_and_put_the_bowl_inside,145,21,0.8548387096774194,True
loso_l2,libero_goal,libero_goal/open_the_top_drawer_and_put_the_bowl_inside,147,26,0.9906542056074766,True
loso_l2,libero_goal,libero_goal/open_the_top_drawer_and_put_the_bowl_inside,151,29,0.9906542056074766,True
loso_l2,libero_goal,libero_goal/open_the_top_drawer_and_put_the_bowl_inside,208,24,0.954954954954955,True
loso_l2,libero_goal,libero_goal/open_the_top_drawer_and_put_the_bowl_inside,218,29,0.9906542056074766,True
loso_l2,libero_goal,libero_goal/open_the_top_drawer_and_put_the_bowl_inside,223,25,0.9814814814814815,True
loso_l2,libero_goal,libero_goal/open_the_top_drawer_and_put_the_bowl_inside,229,29,0.9906542056074766,True
loso_l2,libero_goal,libero_goal/open_the_top_drawer_and_put_the_bowl_inside,256,26,0.9906542056074766,True
loso_l2,libero_goal,libero_goal/open_the_top_drawer_and_put_the_bowl_inside,320,25,0.9814814814814815,True
loso_l2,libero_goal,libero_goal/open_the_top_drawer_and_put_the_bowl_inside,321,25,0.9814814814814815,True
loso_l2,libero_goal,libero_goal/open_the_top_drawer_and_put_the_bowl_inside,322,25,0.9814814814814815,True
loso_l2,libero_goal,libero_goal/open_the_top_drawer_and_put_the_bowl_inside,323,25,0.9814814814814815,True
loso_l2,libero_goal,libero_goal/open_the_top_drawer_and_put_the_bowl_inside,325,25,0.9814814814814815,True
loso_l2,libero_goal,libero_goal/open_the_top_drawer_and_put_the_bowl_inside,326,24,0.954954954954955,True
loso_l2,libero_goal,libero_goal/open_the_top_drawer_and_put_the_bowl_inside,327,25,0.9814814814814815,True
loso_l2,libero_goal,libero_goal/open_the_top_drawer_and_put_the_bowl_inside,353,29,0.9906542056074766,True
loso_l2,libero_goal,libero_goal/open_the_top_drawer_and_put_the_bowl_inside,358,25,0.9814814814814815,True
loso_l2,libero_goal,libero_goal/open_the_top_drawer_and_put_the_bowl_inside,361,29,0.9906542056074766,True
loso_l2,libero_goal,libero_goal/open_the_top_drawer_and_put_the_bowl_inside,363,26,0.9906542056074766,True
loso_l2,libero_goal,libero_goal/open_the_top_drawer_and_put_the_bowl_inside,364,26,0.9906542056074766,True
loso_l2,libero_goal,libero_goal/push_the_plate_to_the_front_of_the_stove,77,22,0.9217391304347826,True
loso_l2,libero_goal,libero_goal/put_the_bowl_on_the_plate,97,24,0.954954954954955,True
loso_l2,libero_goal,libero_goal/put_the_bowl_on_the_plate,211,18,0.3241590214067278,True
loso_l2,libero_goal,libero_goal/put_the_bowl_on_the_plate,282,22,0.9217391304347826,True
loso_l2,libero_goal,libero_goal/put_the_bowl_on_the_stove,26,22,0.9217391304347826,True
loso_l2,libero_goal,libero_goal/put_the_bowl_on_the_stove,32,25,0.9814814814814815,True
loso_l2,libero_goal,libero_goal/put_the_bowl_on_the_stove,33,23,0.9464285714285714,True
loso_l2,libero_goal,libero_goal/put_the_bowl_on_the_stove,208,22,0.9217391304347826,True
loso_l2,libero_goal,libero_goal/put_the_bowl_on_the_stove,209,23,0.9464285714285714,True
loso_l2,libero_goal,libero_goal/put_the_bowl_on_the_stove,210,22,0.9217391304347826,True
loso_l2,libero_goal,libero_goal/put_the_bowl_on_the_stove,211,21,0.8548387096774194,True
loso_l2,libero_goal,libero_goal/put_the_bowl_on_the_stove,212,24,0.954954954954955,True
loso_l2,libero_goal,libero_goal/put_the_bowl_on_top_of_the_cabinet,24,14,0.17637271214642264,True
loso_l2,libero_goal,libero_goal/put_the_bowl_on_top_of_the_cabinet,25,15,0.20423892100192678,True
loso_l2,libero_goal,libero_goal/put_the_bowl_on_top_of_the_cabinet,26,14,0.17637271214642264,True
loso_l2,libero_goal,libero_goal/put_the_bowl_on_top_of_the_cabinet,40,13,0.12694610778443113,True
loso_l2,libero_goal,libero_goal/put_the_bowl_on_top_of_the_cabinet,47,13,0.12694610778443113,True
loso_l2,libero_goal,libero_goal/put_the_bowl_on_top_of_the_cabinet,176,15,0.20423892100192678,True
loso_l2,libero_goal,libero_goal/put_the_bowl_on_top_of_the_cabinet,177,15,0.20423892100192678,True
loso_l2,libero_goal,libero_goal/put_the_bowl_on_top_of_the_cabinet,178,15,0.20423892100192678,True
loso_l2,libero_goal,libero_goal/put_the_bowl_on_top_of_the_cabinet,179,16,0.212,True
loso_l2,libero_goal,libero_goal/put_the_bowl_on_top_of_the_cabinet,180,15,0.20423892100192678,True
loso_l2,libero_goal,libero_goal/put_the_bowl_on_top_of_the_cabinet,181,15,0.20423892100192678,True
loso_l2,libero_goal,libero_goal/put_the_bowl_on_top_of_the_cabinet,183,16,0.212,True
loso_l2,libero_goal,libero_goal/put_the_bowl_on_top_of_the_cabinet,313,14,0.17637271214642264,True
loso_l2,libero_goal,libero_goal/put_the_bowl_on_top_of_the_cabinet,316,15,0.20423892100192678,True
loso_l2,libero_goal,libero_goal/put_the_bowl_on_top_of_the_cabinet,319,15,0.20423892100192678,True
loso_l2,libero_goal,libero_goal/put_the_bowl_on_top_of_the_cabinet,331,15,0.20423892100192678,True
loso_l2,libero_goal,libero_goal/put_the_cream_cheese_in_the_bowl,2,28,0.9906542056074766,True
loso_l2,libero_goal,libero_goal/put_the_cream_cheese_in_the_bowl,325,27,0.9906542056074766,True
loso_l2,libero_goal,libero_goal/put_the_cream_cheese_in_the_bowl,355,25,0.9814814814814815,True
loso_l2,libero_goal,libero_goal/put_the_wine_bottle_on_the_rack,156,23,0.9464285714285714,True
loso_l2,libero_goal,libero_goal/put_the_wine_bottle_on_top_of_the_cabinet,84,16,0.212,True
loso_l2,libero_long,libero_long/KITCHEN_SCENE3_turn_on_the_stove_and_put_the_moka_pot_on_it,140,35,0.4963768115942029,True
loso_l2,libero_long,libero_long/KITCHEN_SCENE3_turn_on_the_stove_and_put_the_moka_pot_on_it,284,38,0.5969498910675382,True
loso_l2,libero_long,libero_long/KITCHEN_SCENE3_turn_on_the_stove_and_put_the_moka_pot_on_it,286,43,0.9225589225589226,True
loso_l2,libero_long,libero_long/KITCHEN_SCENE3_turn_on_the_stove_and_put_the_moka_pot_on_it,295,14,0.0685,False
loso_l2,libero_long,libero_long/KITCHEN_SCENE3_turn_on_the_stove_and_put_the_moka_pot_on_it,319,35,0.4963768115942029,True
loso_l2,libero_long,libero_long/KITCHEN_SCENE3_turn_on_the_stove_and_put_the_moka_pot_on_it,379,25,0.19740634005763688,False
loso_l2,libero_long,libero_long/KITCHEN_SCENE3_turn_on_the_stove_and_put_the_moka_pot_on_it,383,27,0.3553826199740597,False
loso_l2,libero_long,libero_long/KITCHEN_SCENE4_put_the_black_bowl_in_the_bottom_drawer_of_the_cabinet_and_close_it,152,23,0.10579150579150579,False
loso_l2,libero_long,libero_long/KITCHEN_SCENE4_put_the_black_bowl_in_the_bottom_drawer_of_the_cabinet_and_close_it,153,20,0.0749863163656267,False
loso_l2,libero_long,libero_long/KITCHEN_SCENE4_put_the_black_bowl_in_the_bottom_drawer_of_the_cabinet_and_close_it,157,20,0.0749863163656267,False
loso_l2,libero_long,libero_long/KITCHEN_SCENE4_put_the_black_bowl_in_the_bottom_drawer_of_the_cabinet_and_close_it,192,29,0.43630573248407645,True
loso_l2,libero_long,libero_long/KITCHEN_SCENE4_put_the_black_bowl_in_the_bottom_drawer_of_the_cabinet_and_close_it,237,23,0.10579150579150579,False
loso_l2,libero_long,libero_long/KITCHEN_SCENE6_put_the_yellow_and_white_mug_in_the_microwave_and_close_it,90,24,0.13584531482399603,False
loso_l2,libero_long,libero_long/KITCHEN_SCENE6_put_the_yellow_and_white_mug_in_the_microwave_and_close_it,93,24,0.13584531482399603,False
loso_l2,libero_long,libero_long/KITCHEN_SCENE6_put_the_yellow_and_white_mug_in_the_microwave_and_close_it,100,23,0.10579150579150579,False
loso_l2,libero_long,libero_long/KITCHEN_SCENE6_put_the_yellow_and_white_mug_in_the_microwave_and_close_it,108,39,0.7135416666666666,True
loso_l2,libero_long,libero_long/KITCHEN_SCENE6_put_the_yellow_and_white_mug_in_the_microwave_and_close_it,186,17,0.0714658320292123,False
loso_l2,libero_long,libero_long/KITCHEN_SCENE6_put_the_yellow_and_white_mug_in_the_microwave_and_close_it,275,38,0.5969498910675382,False
loso_l2,libero_long,libero_long/KITCHEN_SCENE6_put_the_yellow_and_white_mug_in_the_microwave_and_close_it,279,21,0.07925947353196414,False
loso_l2,libero_long,libero_long/KITCHEN_SCENE6_put_the_yellow_and_white_mug_in_the_microwave_and_close_it,360,21,0.07925947353196414,False
loso_l2,libero_long,libero_long/KITCHEN_SCENE6_put_the_yellow_and_white_mug_in_the_microwave_and_close_it,362,21,0.07925947353196414,False
loso_l2,libero_long,libero_long/KITCHEN_SCENE6_put_the_yellow_and_white_mug_in_the_microwave_and_close_it,365,21,0.07925947353196414,False
loso_l2,libero_long,libero_long/KITCHEN_SCENE6_put_the_yellow_and_white_mug_in_the_microwave_and_close_it,367,21,0.07925947353196414,False
loso_l2,libero_long,libero_long/KITCHEN_SCENE6_put_the_yellow_and_white_mug_in_the_microwave_and_close_it,385,24,0.13584531482399603,False
loso_l2,libero_long,libero_long/KITCHEN_SCENE8_put_both_moka_pots_on_the_stove,1,33,0.48841354723707664,True
loso_l2,libero_long,libero_long/KITCHEN_SCENE8_put_both_moka_pots_on_the_stove,3,41,0.8810289389067524,True
loso_l2,libero_long,libero_long/KITCHEN_SCENE8_put_both_moka_pots_on_the_stove,4,35,0.4963768115942029,False
loso_l2,libero_long,libero_long/KITCHEN_SCENE8_put_both_moka_pots_on_the_stove,5,34,0.4910394265232975,True
loso_l2,libero_long,libero_long/KITCHEN_SCENE8_put_both_moka_pots_on_the_stove,8,36,0.5036764705882353,True
loso_l2,libero_long,libero_long/KITCHEN_SCENE8_put_both_moka_pots_on_the_stove,9,31,0.46678023850085176,True
loso_l2,libero_long,libero_long/KITCHEN_SCENE8_put_both_moka_pots_on_the_stove,10,42,0.9072847682119205,True
loso_l2,libero_long,libero_long/KITCHEN_SCENE8_put_both_moka_pots_on_the_stove,11,38,0.5969498910675382,True
loso_l2,libero_long,libero_long/KITCHEN_SCENE8_put_both_moka_pots_on_the_stove,12,32,0.48154657293497366,True
loso_l2,libero_long,libero_long/KITCHEN_SCENE8_put_both_moka_pots_on_the_stove,13,31,0.46678023850085176,True
loso_l2,libero_long,libero_long/KITCHEN_SCENE8_put_both_moka_pots_on_the_stove,14,31,0.46678023850085176,True
loso_l2,libero_long,libero_long/KITCHEN_SCENE8_put_both_moka_pots_on_the_stove,15,31,0.46678023850085176,True
loso_l2,libero_long,libero_long/KITCHEN_SCENE8_put_both_moka_pots_on_the_stove,16,32,0.48154657293497366,True
loso_l2,libero_long,libero_long/KITCHEN_SCENE8_put_both_moka_pots_on_the_stove,17,31,0.46678023850085176,True
loso_l2,libero_long,libero_long/KITCHEN_SCENE8_put_both_moka_pots_on_the_stove,18,31,0.46678023850085176,True
loso_l2,libero_long,libero_long/KITCHEN_SCENE8_put_both_moka_pots_on_the_stove,19,33,0.48841354723707664,True
loso_l2,libero_long,libero_long/KITCHEN_SCENE8_put_both_moka_pots_on_the_stove,20,40,0.8203592814371258,True
loso_l2,libero_long,libero_long/KITCHEN_SCENE8_put_both_moka_pots_on_the_stove,21,30,0.4514003294892916,True
loso_l2,libero_long,libero_long/KITCHEN_SCENE8_put_both_moka_pots_on_the_stove,22,40,0.8203592814371258,True
loso_l2,libero_long,libero_long/KITCHEN_SCENE8_put_both_moka_pots_on_the_stove,23,39,0.7135416666666666,True
loso_l2,libero_long,libero_long/KITCHEN_SCENE8_put_both_moka_pots_on_the_stove,24,32,0.48154657293497366,True
loso_l2,libero_long,libero_long/KITCHEN_SCENE8_put_both_moka_pots_on_the_stove,25,33,0.48841354723707664,True
loso_l2,libero_long,libero_long/KITCHEN_SCENE8_put_both_moka_pots_on_the_stove,26,32,0.48154657293497366,True
loso_l2,libero_long,libero_long/KITCHEN_SCENE8_put_both_moka_pots_on_the_stove,27,32,0.48154657293497366,True
loso_l2,libero_long,libero_long/KITCHEN_SCENE8_put_both_moka_pots_on_the_stove,28,31,0.46678023850085176,False
loso_l2,libero_long,libero_long/KITCHEN_SCENE8_put_both_moka_pots_on_the_stove,30,32,0.48154657293497366,True
loso_l2,libero_long,libero_long/KITCHEN_SCENE8_put_both_moka_pots_on_the_stove,35,31,0.46678023850085176,True
loso_l2,libero_long,libero_long/KITCHEN_SCENE8_put_both_moka_pots_on_the_stove,37,39,0.7135416666666666,False
loso_l2,libero_long,libero_long/KITCHEN_SCENE8_put_both_moka_pots_on_the_stove,39,33,0.48841354723707664,True
loso_l2,libero_long,libero_long/KITCHEN_SCENE8_put_both_moka_pots_on_the_stove,40,45,0.9614035087719298,True
loso_l2,libero_long,libero_long/KITCHEN_SCENE8_put_both_moka_pots_on_the_stove,47,50,0.9927536231884058,True
loso_l2,libero_long,libero_long/KITCHEN_SCENE8_put_both_moka_pots_on_the_stove,50,39,0.7135416666666666,True
loso_l2,libero_long,libero_long/KITCHEN_SCENE8_put_both_moka_pots_on_the_stove,56,32,0.48154657293497366,False
loso_l2,libero_long,libero_long/KITCHEN_SCENE8_put_both_moka_pots_on_the_stove,58,35,0.4963768115942029,False
loso_l2,libero_long,libero_long/KITCHEN_SCENE8_put_both_moka_pots_on_the_stove,63,32,0.48154657293497366,False
loso_l2,libero_long,libero_long/KITCHEN_SCENE8_put_both_moka_pots_on_the_stove,67,39,0.7135416666666666,True
loso_l2,libero_long,libero_long/KITCHEN_SCENE8_put_both_moka_pots_on_the_stove,68,33,0.48841354723707664,True
loso_l2,libero_long,libero_long/KITCHEN_SCENE8_put_both_moka_pots_on_the_stove,71,40,0.8203592814371258,True
loso_l2,libero_long,libero_long/KITCHEN_SCENE8_put_both_moka_pots_on_the_stove,73,38,0.5969498910675382,False
loso_l2,libero_long,libero_long/KITCHEN_SCENE8_put_both_moka_pots_on_the_stove,79,37,0.5279383429672447,False
loso_l2,libero_long,libero_long/KITCHEN_SCENE8_put_both_moka_pots_on_the_stove,80,32,0.48154657293497366,True
loso_l2,libero_long,libero_long/KITCHEN_SCENE8_put_both_moka_pots_on_the_stove,81,40,0.8203592814371258,True
loso_l2,libero_long,libero_long/KITCHEN_SCENE8_put_both_moka_pots_on_the_stove,83,31,0.46678023850085176,False
loso_l2,libero_long,libero_long/KITCHEN_SCENE8_put_both_moka_pots_on_the_stove,85,29,0.43630573248407645,True
loso_l2,libero_long,libero_long/KITCHEN_SCENE8_put_both_moka_pots_on_the_stove,86,31,0.46678023850085176,True
loso_l2,libero_long,libero_long/KITCHEN_SCENE8_put_both_moka_pots_on_the_stove,93,31,0.46678023850085176,True
loso_l2,libero_long,libero_long/KITCHEN_SCENE8_put_both_moka_pots_on_the_stove,95,37,0.5279383429672447,True
loso_l2,libero_long,libero_long/KITCHEN_SCENE8_put_both_moka_pots_on_the_stove,96,42,0.9072847682119205,True
loso_l2,libero_long,libero_long/KITCHEN_SCENE8_put_both_moka_pots_on_the_stove,98,41,0.8810289389067524,True
loso_l2,libero_long,libero_long/KITCHEN_SCENE8_put_both_moka_pots_on_the_stove,99,47,0.982078853046595,True
loso_l2,libero_long,libero_long/KITCHEN_SCENE8_put_both_moka_pots_on_the_stove,104,31,0.46678023850085176,True
loso_l2,libero_long,libero_long/KITCHEN_SCENE8_put_both_moka_pots_on_the_stove,105,32,0.48154657293497366,True
loso_l2,libero_long,libero_long/KITCHEN_SCENE8_put_both_moka_pots_on_the_stove,106,31,0.46678023850085176,True
loso_l2,libero_long,libero_long/KITCHEN_SCENE8_put_both_moka_pots_on_the_stove,107,32,0.48154657293497366,True
loso_l2,libero_long,libero_long/KITCHEN_SCENE8_put_both_moka_pots_on_the_stove,109,31,0.46678023850085176,True
loso_l2,libero_long,libero_long/KITCHEN_SCENE8_put_both_moka_pots_on_the_stove,110,31,0.46678023850085176,True
loso_l2,libero_long,libero_long/KITCHEN_SCENE8_put_both_moka_pots_on_the_stove,111,33,0.48841354723707664,True
loso_l2,libero_long,libero_long/KITCHEN_SCENE8_put_both_moka_pots_on_the_stove,114,39,0.7135416666666666,False
loso_l2,libero_long,libero_long/KITCHEN_SCENE8_put_both_moka_pots_on_the_stove,116,37,0.5279383429672447,False
loso_l2,libero_long,libero_long/KITCHEN_SCENE8_put_both_moka_pots_on_the_stove,120,31,0.46678023850085176,True
loso_l2,libero_long,libero_long/KITCHEN_SCENE8_put_both_moka_pots_on_the_stove,121,30,0.4514003294892916,True
loso_l2,libero_long,libero_long/KITCHEN_SCENE8_put_both_moka_pots_on_the_stove,123,30,0.4514003294892916,True
loso_l2,libero_long,libero_long/KITCHEN_SCENE8_put_both_moka_pots_on_the_stove,126,31,0.46678023850085176,False
loso_l2,libero_long,libero_long/KITCHEN_SCENE8_put_both_moka_pots_on_the_stove,127,30,0.4514003294892916,True
loso_l2,libero_long,libero_long/KITCHEN_SCENE8_put_both_moka_pots_on_the_stove,152,32,0.48154657293497366,True
loso_l2,libero_long,libero_long/KITCHEN_SCENE8_put_both_moka_pots_on_the_stove,153,33,0.48841354723707664,True
loso_l2,libero_long,libero_long/KITCHEN_SCENE8_put_both_moka_pots_on_the_stove,154,32,0.48154657293497366,True
loso_l2,libero_long,libero_long/KITCHEN_SCENE8_put_both_moka_pots_on_the_stove,157,32,0.48154657293497366,True
loso_l2,libero_long,libero_long/KITCHEN_SCENE8_put_both_moka_pots_on_the_stove,158,32,0.48154657293497366,True
loso_l2,libero_long,libero_long/KITCHEN_SCENE8_put_both_moka_pots_on_the_stove,171,34,0.4910394265232975,True
loso_l2,libero_long,libero_long/KITCHEN_SCENE8_put_both_moka_pots_on_the_stove,172,34,0.4910394265232975,True
loso_l2,libero_long,libero_long/KITCHEN_SCENE8_put_both_moka_pots_on_the_stove,174,33,0.48841354723707664,False
loso_l2,libero_long,libero_long/KITCHEN_SCENE8_put_both_moka_pots_on_the_stove,175,33,0.48841354723707664,True
loso_l2,libero_long,libero_long/KITCHEN_SCENE8_put_both_moka_pots_on_the_stove,181,38,0.5969498910675382,False
loso_l2,libero_long,libero_long/KITCHEN_SCENE8_put_both_moka_pots_on_the_stove,182,38,0.5969498910675382,False
loso_l2,libero_long,libero_long/KITCHEN_SCENE8_put_both_moka_pots_on_the_stove,201,38,0.5969498910675382,True
loso_l2,libero_long,libero_long/KITCHEN_SCENE8_put_both_moka_pots_on_the_stove,208,44,0.9513888888888888,True
loso_l2,libero_long,libero_long/KITCHEN_SCENE8_put_both_moka_pots_on_the_stove,210,32,0.48154657293497366,True
loso_l2,libero_long,libero_long/KITCHEN_SCENE8_put_both_moka_pots_on_the_stove,212,46,0.9716312056737588,True
loso_l2,libero_long,libero_long/KITCHEN_SCENE8_put_both_moka_pots_on_the_stove,213,32,0.48154657293497366,True
loso_l2,libero_long,libero_long/KITCHEN_SCENE8_put_both_moka_pots_on_the_stove,214,47,0.982078853046595,True
loso_l2,libero_long,libero_long/KITCHEN_SCENE8_put_both_moka_pots_on_the_stove,216,34,0.4910394265232975,True
loso_l2,libero_long,libero_long/KITCHEN_SCENE8_put_both_moka_pots_on_the_stove,217,32,0.48154657293497366,True
loso_l2,libero_long,libero_long/KITCHEN_SCENE8_put_both_moka_pots_on_the_stove,219,33,0.48841354723707664,True
loso_l2,libero_long,libero_long/KITCHEN_SCENE8_put_both_moka_pots_on_the_stove,220,32,0.48154657293497366,True
loso_l2,libero_long,libero_long/KITCHEN_SCENE8_put_both_moka_pots_on_the_stove,221,32,0.48154657293497366,True
loso_l2,libero_long,libero_long/KITCHEN_SCENE8_put_both_moka_pots_on_the_stove,223,32,0.48154657293497366,True
loso_l2,libero_long,libero_long/KITCHEN_SCENE8_put_both_moka_pots_on_the_stove,236,40,0.8203592814371258,True
loso_l2,libero_long,libero_long/KITCHEN_SCENE8_put_both_moka_pots_on_the_stove,239,35,0.4963768115942029,True
loso_l2,libero_long,libero_long/KITCHEN_SCENE8_put_both_moka_pots_on_the_stove,242,36,0.5036764705882353,True
loso_l2,libero_long,libero_long/KITCHEN_SCENE8_put_both_moka_pots_on_the_stove,243,36,0.5036764705882353,False
loso_l2,libero_long,libero_long/KITCHEN_SCENE8_put_both_moka_pots_on_the_stove,244,37,0.5279383429672447,True
loso_l2,libero_long,libero_long/KITCHEN_SCENE8_put_both_moka_pots_on_the_stove,245,33,0.48841354723707664,True
loso_l2,libero_long,libero_long/KITCHEN_SCENE8_put_both_moka_pots_on_the_stove,247,46,0.9716312056737588,True
loso_l2,libero_long,libero_long/KITCHEN_SCENE8_put_both_moka_pots_on_the_stove,252,39,0.7135416666666666,False
loso_l2,libero_long,libero_long/KITCHEN_SCENE8_put_both_moka_pots_on_the_stove,254,39,0.7135416666666666,False
loso_l2,libero_long,libero_long/KITCHEN_SCENE8_put_both_moka_pots_on_the_stove,258,39,0.7135416666666666,False
loso_l2,libero_long,libero_long/KITCHEN_SCENE8_put_both_moka_pots_on_the_stove,259,39,0.7135416666666666,False
loso_l2,libero_long,libero_long/KITCHEN_SCENE8_put_both_moka_pots_on_the_stove,260,40,0.8203592814371258,False
loso_l2,libero_long,libero_long/KITCHEN_SCENE8_put_both_moka_pots_on_the_stove,261,38,0.5969498910675382,False
loso_l2,libero_long,libero_long/KITCHEN_SCENE8_put_both_moka_pots_on_the_stove,262,38,0.5969498910675382,False
loso_l2,libero_long,libero_long/KITCHEN_SCENE8_put_both_moka_pots_on_the_stove,278,48,0.9927536231884058,True
loso_l2,libero_long,libero_long/KITCHEN_SCENE8_put_both_moka_pots_on_the_stove,280,36,0.5036764705882353,True
loso_l2,libero_long,libero_long/KITCHEN_SCENE8_put_both_moka_pots_on_the_stove,283,36,0.5036764705882353,True
loso_l2,libero_long,libero_long/KITCHEN_SCENE8_put_both_moka_pots_on_the_stove,298,48,0.9927536231884058,True
loso_l2,libero_long,libero_long/KITCHEN_SCENE8_put_both_moka_pots_on_the_stove,305,32,0.48154657293497366,True
loso_l2,libero_long,libero_long/KITCHEN_SCENE8_put_both_moka_pots_on_the_stove,306,41,0.8810289389067524,True
loso_l2,libero_long,libero_long/KITCHEN_SCENE8_put_both_moka_pots_on_the_stove,307,32,0.48154657293497366,True
loso_l2,libero_long,libero_long/KITCHEN_SCENE8_put_both_moka_pots_on_the_stove,308,32,0.48154657293497366,True
loso_l2,libero_long,libero_long/KITCHEN_SCENE8_put_both_moka_pots_on_the_stove,309,41,0.8810289389067524,True
loso_l2,libero_long,libero_long/KITCHEN_SCENE8_put_both_moka_pots_on_the_stove,311,32,0.48154657293497366,True
loso_l2,libero_long,libero_long/KITCHEN_SCENE8_put_both_moka_pots_on_the_stove,312,34,0.4910394265232975,True
loso_l2,libero_long,libero_long/KITCHEN_SCENE8_put_both_moka_pots_on_the_stove,313,32,0.48154657293497366,True
loso_l2,libero_long,libero_long/KITCHEN_SCENE8_put_both_moka_pots_on_the_stove,314,32,0.48154657293497366,True
loso_l2,libero_long,libero_long/KITCHEN_SCENE8_put_both_moka_pots_on_the_stove,315,34,0.4910394265232975,True
loso_l2,libero_long,libero_long/KITCHEN_SCENE8_put_both_moka_pots_on_the_stove,316,33,0.48841354723707664,True
loso_l2,libero_long,libero_long/KITCHEN_SCENE8_put_both_moka_pots_on_the_stove,317,33,0.48841354723707664,True
loso_l2,libero_long,libero_long/KITCHEN_SCENE8_put_both_moka_pots_on_the_stove,318,32,0.48154657293497366,True
loso_l2,libero_long,libero_long/KITCHEN_SCENE8_put_both_moka_pots_on_the_stove,319,34,0.4910394265232975,True
loso_l2,libero_long,libero_long/KITCHEN_SCENE8_put_both_moka_pots_on_the_stove,321,32,0.48154657293497366,True
loso_l2,libero_long,libero_long/KITCHEN_SCENE8_put_both_moka_pots_on_the_stove,324,35,0.4963768115942029,True
loso_l2,libero_long,libero_long/KITCHEN_SCENE8_put_both_moka_pots_on_the_stove,326,34,0.4910394265232975,True
loso_l2,libero_long,libero_long/KITCHEN_SCENE8_put_both_moka_pots_on_the_stove,327,35,0.4963768115942029,True
loso_l2,libero_long,libero_long/KITCHEN_SCENE8_put_both_moka_pots_on_the_stove,328,33,0.48841354723707664,True
loso_l2,libero_long,libero_long/KITCHEN_SCENE8_put_both_moka_pots_on_the_stove,329,36,0.5036764705882353,True
loso_l2,libero_long,libero_long/KITCHEN_SCENE8_put_both_moka_pots_on_the_stove,330,31,0.46678023850085176,True
loso_l2,libero_long,libero_long/KITCHEN_SCENE8_put_both_moka_pots_on_the_stove,331,40,0.8203592814371258,True
loso_l2,libero_long,libero_long/KITCHEN_SCENE8_put_both_moka_pots_on_the_stove,332,32,0.48154657293497366,True
loso_l2,libero_long,libero_long/KITCHEN_SCENE8_put_both_moka_pots_on_the_stove,333,37,0.5279383429672447,True
loso_l2,libero_long,libero_long/KITCHEN_SCENE8_put_both_moka_pots_on_the_stove,334,39,0.7135416666666666,True
loso_l2,libero_long,libero_long/KITCHEN_SCENE8_put_both_moka_pots_on_the_stove,335,34,0.4910394265232975,True
loso_l2,libero_long,libero_long/KITCHEN_SCENE8_put_both_moka_pots_on_the_stove,337,33,0.48841354723707664,True
loso_l2,libero_long,libero_long/KITCHEN_SCENE8_put_both_moka_pots_on_the_stove,340,34,0.4910394265232975,True
loso_l2,libero_long,libero_long/KITCHEN_SCENE8_put_both_moka_pots_on_the_stove,342,47,0.982078853046595,True
loso_l2,libero_long,libero_long/KITCHEN_SCENE8_put_both_moka_pots_on_the_stove,354,33,0.48841354723707664,True
loso_l2,libero_long,libero_long/KITCHEN_SCENE8_put_both_moka_pots_on_the_stove,355,33,0.48841354723707664,False
loso_l2,libero_long,libero_long/KITCHEN_SCENE8_put_both_moka_pots_on_the_stove,356,34,0.4910394265232975,True
loso_l2,libero_long,libero_long/KITCHEN_SCENE8_put_both_moka_pots_on_the_stove,357,33,0.48841354723707664,True
loso_l2,libero_long,libero_long/KITCHEN_SCENE8_put_both_moka_pots_on_the_stove,358,34,0.4910394265232975,True
loso_l2,libero_long,libero_long/KITCHEN_SCENE8_put_both_moka_pots_on_the_stove,369,37,0.5279383429672447,False
loso_l2,libero_long,libero_long/KITCHEN_SCENE8_put_both_moka_pots_on_the_stove,377,31,0.46678023850085176,True
loso_l2,libero_long,libero_long/KITCHEN_SCENE8_put_both_moka_pots_on_the_stove,378,30,0.4514003294892916,True
loso_l2,libero_long,libero_long/KITCHEN_SCENE8_put_both_moka_pots_on_the_stove,379,30,0.4514003294892916,False
loso_l2,libero_long,libero_long/KITCHEN_SCENE8_put_both_moka_pots_on_the_stove,380,31,0.46678023850085176,True
loso_l2,libero_long,libero_long/KITCHEN_SCENE8_put_both_moka_pots_on_the_stove,381,31,0.46678023850085176,True
loso_l2,libero_long,libero_long/KITCHEN_SCENE8_put_both_moka_pots_on_the_stove,383,31,0.46678023850085176,False
loso_l2,libero_long,libero_long/KITCHEN_SCENE8_put_both_moka_pots_on_the_stove,384,40,0.8203592814371258,True
loso_l2,libero_long,libero_long/KITCHEN_SCENE8_put_both_moka_pots_on_the_stove,385,42,0.9072847682119205,True
loso_l2,libero_long,libero_long/KITCHEN_SCENE8_put_both_moka_pots_on_the_stove,386,35,0.4963768115942029,True
loso_l2,libero_long,libero_long/KITCHEN_SCENE8_put_both_moka_pots_on_the_stove,387,35,0.4963768115942029,True
loso_l2,libero_long,libero_long/KITCHEN_SCENE8_put_both_moka_pots_on_the_stove,389,36,0.5036764705882353,True
loso_l2,libero_long,libero_long/KITCHEN_SCENE8_put_both_moka_pots_on_the_stove,390,37,0.5279383429672447,True
loso_l2,libero_long,libero_long/KITCHEN_SCENE8_put_both_moka_pots_on_the_stove,391,33,0.48841354723707664,True
loso_l2,libero_long,libero_long/KITCHEN_SCENE8_put_both_moka_pots_on_the_stove,392,31,0.46678023850085176,False
loso_l2,libero_long,libero_long/KITCHEN_SCENE8_put_both_moka_pots_on_the_stove,393,30,0.4514003294892916,True
loso_l2,libero_long,libero_long/KITCHEN_SCENE8_put_both_moka_pots_on_the_stove,395,30,0.4514003294892916,True
loso_l2,libero_long,libero_long/KITCHEN_SCENE8_put_both_moka_pots_on_the_stove,396,30,0.4514003294892916,True
loso_l2,libero_long,libero_long/KITCHEN_SCENE8_put_both_moka_pots_on_the_stove,397,30,0.4514003294892916,True
loso_l2,libero_long,libero_long/KITCHEN_SCENE8_put_both_moka_pots_on_the_stove,398,38,0.5969498910675382,True
loso_l2,libero_long,libero_long/KITCHEN_SCENE8_put_both_moka_pots_on_the_stove,399,30,0.4514003294892916,True
loso_l2,libero_long,libero_long/LIVING_ROOM_SCENE1_put_both_the_alphabet_soup_and_the_cream_cheese_box_in_the_basket,8,12,0.0685,True
loso_l2,libero_long,libero_long/LIVING_ROOM_SCENE1_put_both_the_alphabet_soup_and_the_cream_cheese_box_in_the_basket,9,14,0.0685,False
loso_l2,libero_long,libero_long/LIVING_ROOM_SCENE1_put_both_the_alphabet_soup_and_the_cream_cheese_box_in_the_basket,10,11,0.0685,True
loso_l2,libero_long,libero_long/LIVING_ROOM_SCENE1_put_both_the_alphabet_soup_and_the_cream_cheese_box_in_the_basket,13,43,0.9225589225589226,True
loso_l2,libero_long,libero_long/LIVING_ROOM_SCENE1_put_both_the_alphabet_soup_and_the_cream_cheese_box_in_the_basket,14,14,0.0685,True
loso_l2,libero_long,libero_long/LIVING_ROOM_SCENE1_put_both_the_alphabet_soup_and_the_cream_cheese_box_in_the_basket,15,11,0.0685,True
loso_l2,libero_long,libero_long/LIVING_ROOM_SCENE1_put_both_the_alphabet_soup_and_the_cream_cheese_box_in_the_basket,24,8,0.0685,True
loso_l2,libero_long,libero_long/LIVING_ROOM_SCENE1_put_both_the_alphabet_soup_and_the_cream_cheese_box_in_the_basket,25,8,0.0685,True
loso_l2,libero_long,libero_long/LIVING_ROOM_SCENE1_put_both_the_alphabet_soup_and_the_cream_cheese_box_in_the_basket,26,8,0.0685,True
loso_l2,libero_long,libero_long/LIVING_ROOM_SCENE1_put_both_the_alphabet_soup_and_the_cream_cheese_box_in_the_basket,27,8,0.0685,True
loso_l2,libero_long,libero_long/LIVING_ROOM_SCENE1_put_both_the_alphabet_soup_and_the_cream_cheese_box_in_the_basket,28,7,0.0685,True
loso_l2,libero_long,libero_long/LIVING_ROOM_SCENE1_put_both_the_alphabet_soup_and_the_cream_cheese_box_in_the_basket,29,7,0.0685,False
loso_l2,libero_long,libero_long/LIVING_ROOM_SCENE1_put_both_the_alphabet_soup_and_the_cream_cheese_box_in_the_basket,30,8,0.0685,True
loso_l2,libero_long,libero_long/LIVING_ROOM_SCENE1_put_both_the_alphabet_soup_and_the_cream_cheese_box_in_the_basket,31,8,0.0685,True
loso_l2,libero_long,libero_long/LIVING_ROOM_SCENE1_put_both_the_alphabet_soup_and_the_cream_cheese_box_in_the_basket,34,35,0.4963768115942029,True
loso_l2,libero_long,libero_long/LIVING_ROOM_SCENE1_put_both_the_alphabet_soup_and_the_cream_cheese_box_in_the_basket,37,39,0.7135416666666666,True
loso_l2,libero_long,libero_long/LIVING_ROOM_SCENE1_put_both_the_alphabet_soup_and_the_cream_cheese_box_in_the_basket,39,36,0.5036764705882353,True
loso_l2,libero_long,libero_long/LIVING_ROOM_SCENE1_put_both_the_alphabet_soup_and_the_cream_cheese_box_in_the_basket,50,18,0.07308615630834889,False
loso_l2,libero_long,libero_long/LIVING_ROOM_SCENE1_put_both_the_alphabet_soup_and_the_cream_cheese_box_in_the_basket,52,18,0.07308615630834889,False
loso_l2,libero_long,libero_long/LIVING_ROOM_SCENE1_put_both_the_alphabet_soup_and_the_cream_cheese_box_in_the_basket,129,18,0.07308615630834889,False
loso_l2,libero_long,libero_long/LIVING_ROOM_SCENE1_put_both_the_alphabet_soup_and_the_cream_cheese_box_in_the_basket,154,39,0.7135416666666666,True
loso_l2,libero_long,libero_long/LIVING_ROOM_SCENE1_put_both_the_alphabet_soup_and_the_cream_cheese_box_in_the_basket,158,29,0.43630573248407645,True
loso_l2,libero_long,libero_long/LIVING_ROOM_SCENE1_put_both_the_alphabet_soup_and_the_cream_cheese_box_in_the_basket,188,33,0.48841354723707664,True
loso_l2,libero_long,libero_long/LIVING_ROOM_SCENE1_put_both_the_alphabet_soup_and_the_cream_cheese_box_in_the_basket,190,31,0.46678023850085176,True
loso_l2,libero_long,libero_long/LIVING_ROOM_SCENE1_put_both_the_alphabet_soup_and_the_cream_cheese_box_in_the_basket,191,16,0.06993363961204696,True
loso_l2,libero_long,libero_long/LIVING_ROOM_SCENE1_put_both_the_alphabet_soup_and_the_cream_cheese_box_in_the_basket,202,19,0.07415426251691475,False
loso_l2,libero_long,libero_long/LIVING_ROOM_SCENE1_put_both_the_alphabet_soup_and_the_cream_cheese_box_in_the_basket,203,19,0.07415426251691475,False
loso_l2,libero_long,libero_long/LIVING_ROOM_SCENE1_put_both_the_alphabet_soup_and_the_cream_cheese_box_in_the_basket,304,16,0.06993363961204696,True
loso_l2,libero_long,libero_long/LIVING_ROOM_SCENE1_put_both_the_alphabet_soup_and_the_cream_cheese_box_in_the_basket,305,35,0.4963768115942029,True
loso_l2,libero_long,libero_long/LIVING_ROOM_SCENE1_put_both_the_alphabet_soup_and_the_cream_cheese_box_in_the_basket,306,15,0.0690524193548387,True
loso_l2,libero_long,libero_long/LIVING_ROOM_SCENE1_put_both_the_alphabet_soup_and_the_cream_cheese_box_in_the_basket,307,14,0.0685,True
loso_l2,libero_long,libero_long/LIVING_ROOM_SCENE1_put_both_the_alphabet_soup_and_the_cream_cheese_box_in_the_basket,308,16,0.06993363961204696,True
loso_l2,libero_long,libero_long/LIVING_ROOM_SCENE1_put_both_the_alphabet_soup_and_the_cream_cheese_box_in_the_basket,309,14,0.0685,True
loso_l2,libero_long,libero_long/LIVING_ROOM_SCENE1_put_both_the_alphabet_soup_and_the_cream_cheese_box_in_the_basket,310,15,0.0690524193548387,True
loso_l2,libero_long,libero_long/LIVING_ROOM_SCENE1_put_both_the_alphabet_soup_and_the_cream_cheese_box_in_the_basket,311,15,0.0690524193548387,True
loso_l2,libero_long,libero_long/LIVING_ROOM_SCENE1_put_both_the_alphabet_soup_and_the_cream_cheese_box_in_the_basket,320,18,0.07308615630834889,False
loso_l2,libero_long,libero_long/LIVING_ROOM_SCENE1_put_both_the_alphabet_soup_and_the_cream_cheese_box_in_the_basket,321,22,0.09028006589785832,False
loso_l2,libero_long,libero_long/LIVING_ROOM_SCENE1_put_both_the_alphabet_soup_and_the_cream_cheese_box_in_the_basket,361,19,0.07415426251691475,False
loso_l2,libero_long,libero_long/LIVING_ROOM_SCENE1_put_both_the_alphabet_soup_and_the_cream_cheese_box_in_the_basket,362,19,0.07415426251691475,False
loso_l2,libero_long,libero_long/LIVING_ROOM_SCENE1_put_both_the_alphabet_soup_and_the_cream_cheese_box_in_the_basket,365,19,0.07415426251691475,False
loso_l2,libero_long,libero_long/LIVING_ROOM_SCENE1_put_both_the_alphabet_soup_and_the_cream_cheese_box_in_the_basket,366,22,0.09028006589785832,False
loso_l2,libero_long,libero_long/LIVING_ROOM_SCENE1_put_both_the_alphabet_soup_and_the_cream_cheese_box_in_the_basket,378,15,0.0690524193548387,True
loso_l2,libero_long,libero_long/LIVING_ROOM_SCENE1_put_both_the_alphabet_soup_and_the_cream_cheese_box_in_the_basket,381,41,0.8810289389067524,True
loso_l2,libero_long,libero_long/LIVING_ROOM_SCENE2_put_both_the_alphabet_soup_and_the_tomato_sauce_in_the_basket,257,49,0.9927536231884058,True
loso_l2,libero_long,libero_long/LIVING_ROOM_SCENE2_put_both_the_alphabet_soup_and_the_tomato_sauce_in_the_basket,332,29,0.43630573248407645,False
loso_l2,libero_long,libero_long/LIVING_ROOM_SCENE2_put_both_the_alphabet_soup_and_the_tomato_sauce_in_the_basket,392,10,0.0685,True
loso_l2,libero_long,libero_long/LIVING_ROOM_SCENE2_put_both_the_alphabet_soup_and_the_tomato_sauce_in_the_basket,393,10,0.0685,True
loso_l2,libero_long,libero_long/LIVING_ROOM_SCENE2_put_both_the_alphabet_soup_and_the_tomato_sauce_in_the_basket,394,11,0.0685,True
loso_l2,libero_long,libero_long/LIVING_ROOM_SCENE2_put_both_the_alphabet_soup_and_the_tomato_sauce_in_the_basket,395,9,0.0685,True
loso_l2,libero_long,libero_long/LIVING_ROOM_SCENE2_put_both_the_alphabet_soup_and_the_tomato_sauce_in_the_basket,396,9,0.0685,True
loso_l2,libero_long,libero_long/LIVING_ROOM_SCENE2_put_both_the_alphabet_soup_and_the_tomato_sauce_in_the_basket,397,10,0.0685,True
loso_l2,libero_long,libero_long/LIVING_ROOM_SCENE2_put_both_the_alphabet_soup_and_the_tomato_sauce_in_the_basket,398,9,0.0685,True
loso_l2,libero_long,libero_long/LIVING_ROOM_SCENE2_put_both_the_alphabet_soup_and_the_tomato_sauce_in_the_basket,399,9,0.0685,True
loso_l2,libero_long,libero_long/LIVING_ROOM_SCENE2_put_both_the_cream_cheese_box_and_the_butter_in_the_basket,177,30,0.4514003294892916,True
loso_l2,libero_long,libero_long/LIVING_ROOM_SCENE2_put_both_the_cream_cheese_box_and_the_butter_in_the_basket,180,25,0.19740634005763688,False
loso_l2,libero_long,libero_long/LIVING_ROOM_SCENE2_put_both_the_cream_cheese_box_and_the_butter_in_the_basket,182,27,0.3553826199740597,False
loso_l2,libero_long,libero_long/LIVING_ROOM_SCENE2_put_both_the_cream_cheese_box_and_the_butter_in_the_basket,208,22,0.09028006589785832,True
loso_l2,libero_long,libero_long/LIVING_ROOM_SCENE2_put_both_the_cream_cheese_box_and_the_butter_in_the_basket,265,32,0.48154657293497366,True
loso_l2,libero_long,libero_long/LIVING_ROOM_SCENE2_put_both_the_cream_cheese_box_and_the_butter_in_the_basket,268,19,0.07415426251691475,False
loso_l2,libero_long,libero_long/LIVING_ROOM_SCENE2_put_both_the_cream_cheese_box_and_the_butter_in_the_basket,271,18,0.07308615630834889,False
loso_l2,libero_long,libero_long/LIVING_ROOM_SCENE2_put_both_the_cream_cheese_box_and_the_butter_in_the_basket,273,25,0.19740634005763688,False
loso_l2,libero_long,libero_long/LIVING_ROOM_SCENE2_put_both_the_cream_cheese_box_and_the_butter_in_the_basket,275,26,0.27987742594484166,False
loso_l2,libero_long,libero_long/LIVING_ROOM_SCENE2_put_both_the_cream_cheese_box_and_the_butter_in_the_basket,334,30,0.4514003294892916,False
loso_l2,libero_long,libero_long/LIVING_ROOM_SCENE5_put_the_white_mug_on_the_left_plate_and_put_the_yellow_and_white_mug_on_the_right_plate,6,29,0.43630573248407645,True
loso_l2,libero_long,libero_long/LIVING_ROOM_SCENE5_put_the_white_mug_on_the_left_plate_and_put_the_yellow_and_white_mug_on_the_right_plate,43,25,0.19740634005763688,False
loso_l2,libero_long,libero_long/LIVING_ROOM_SCENE5_put_the_white_mug_on_the_left_plate_and_put_the_yellow_and_white_mug_on_the_right_plate,45,25,0.19740634005763688,True
loso_l2,libero_long,libero_long/LIVING_ROOM_SCENE5_put_the_white_mug_on_the_left_plate_and_put_the_yellow_and_white_mug_on_the_right_plate,52,28,0.41389728096676737,False
loso_l2,libero_long,libero_long/LIVING_ROOM_SCENE5_put_the_white_mug_on_the_left_plate_and_put_the_yellow_and_white_mug_on_the_right_plate,122,26,0.27987742594484166,False
loso_l2,libero_long,libero_long/LIVING_ROOM_SCENE5_put_the_white_mug_on_the_left_plate_and_put_the_yellow_and_white_mug_on_the_right_plate,125,25,0.19740634005763688,False
loso_l2,libero_long,libero_long/LIVING_ROOM_SCENE5_put_the_white_mug_on_the_left_plate_and_put_the_yellow_and_white_mug_on_the_right_plate,127,25,0.19740634005763688,False
loso_l2,libero_long,libero_long/LIVING_ROOM_SCENE5_put_the_white_mug_on_the_left_plate_and_put_the_yellow_and_white_mug_on_the_right_plate,147,31,0.46678023850085176,True
loso_l2,libero_long,libero_long/LIVING_ROOM_SCENE5_put_the_white_mug_on_the_left_plate_and_put_the_yellow_and_white_mug_on_the_right_plate,162,31,0.46678023850085176,True
loso_l2,libero_long,libero_long/LIVING_ROOM_SCENE5_put_the_white_mug_on_the_left_plate_and_put_the_yellow_and_white_mug_on_the_right_plate,202,28,0.41389728096676737,True
loso_l2,libero_long,libero_long/LIVING_ROOM_SCENE5_put_the_white_mug_on_the_left_plate_and_put_the_yellow_and_white_mug_on_the_right_plate,222,29,0.43630573248407645,True
loso_l2,libero_long,libero_long/LIVING_ROOM_SCENE5_put_the_white_mug_on_the_left_plate_and_put_the_yellow_and_white_mug_on_the_right_plate,253,30,0.4514003294892916,True
loso_l2,libero_long,libero_long/LIVING_ROOM_SCENE5_put_the_white_mug_on_the_left_plate_and_put_the_yellow_and_white_mug_on_the_right_plate,272,29,0.43630573248407645,True
loso_l2,libero_long,libero_long/LIVING_ROOM_SCENE5_put_the_white_mug_on_the_left_plate_and_put_the_yellow_and_white_mug_on_the_right_plate,320,24,0.13584531482399603,True
loso_l2,libero_long,libero_long/LIVING_ROOM_SCENE5_put_the_white_mug_on_the_left_plate_and_put_the_yellow_and_white_mug_on_the_right_plate,321,31,0.46678023850085176,True
loso_l2,libero_long,libero_long/LIVING_ROOM_SCENE5_put_the_white_mug_on_the_left_plate_and_put_the_yellow_and_white_mug_on_the_right_plate,322,25,0.19740634005763688,True
loso_l2,libero_long,libero_long/LIVING_ROOM_SCENE5_put_the_white_mug_on_the_left_plate_and_put_the_yellow_and_white_mug_on_the_right_plate,323,25,0.19740634005763688,True
loso_l2,libero_long,libero_long/LIVING_ROOM_SCENE5_put_the_white_mug_on_the_left_plate_and_put_the_yellow_and_white_mug_on_the_right_plate,324,25,0.19740634005763688,True
loso_l2,libero_long,libero_long/LIVING_ROOM_SCENE5_put_the_white_mug_on_the_left_plate_and_put_the_yellow_and_white_mug_on_the_right_plate,325,25,0.19740634005763688,True
loso_l2,libero_long,libero_long/LIVING_ROOM_SCENE5_put_the_white_mug_on_the_left_plate_and_put_the_yellow_and_white_mug_on_the_right_plate,326,25,0.19740634005763688,False
loso_l2,libero_long,libero_long/LIVING_ROOM_SCENE5_put_the_white_mug_on_the_left_plate_and_put_the_yellow_and_white_mug_on_the_right_plate,336,30,0.4514003294892916,True
loso_l2,libero_long,libero_long/LIVING_ROOM_SCENE5_put_the_white_mug_on_the_left_plate_and_put_the_yellow_and_white_mug_on_the_right_plate,339,25,0.19740634005763688,False
loso_l2,libero_long,libero_long/LIVING_ROOM_SCENE5_put_the_white_mug_on_the_left_plate_and_put_the_yellow_and_white_mug_on_the_right_plate,342,25,0.19740634005763688,True
loso_l2,libero_long,libero_long/LIVING_ROOM_SCENE5_put_the_white_mug_on_the_left_plate_and_put_the_yellow_and_white_mug_on_the_right_plate,352,30,0.4514003294892916,True
loso_l2,libero_long,libero_long/LIVING_ROOM_SCENE5_put_the_white_mug_on_the_left_plate_and_put_the_yellow_and_white_mug_on_the_right_plate,353,30,0.4514003294892916,True
loso_l2,libero_long,libero_long/LIVING_ROOM_SCENE5_put_the_white_mug_on_the_left_plate_and_put_the_yellow_and_white_mug_on_the_right_plate,354,29,0.43630573248407645,True
loso_l2,libero_long,libero_long/LIVING_ROOM_SCENE5_put_the_white_mug_on_the_left_plate_and_put_the_yellow_and_white_mug_on_the_right_plate,355,26,0.27987742594484166,False
loso_l2,libero_long,libero_long/LIVING_ROOM_SCENE6_put_the_white_mug_on_the_plate_and_put_the_chocolate_pudding_to_the_right_of_the_plate,33,34,0.4910394265232975,True
loso_l2,libero_long,libero_long/LIVING_ROOM_SCENE6_put_the_white_mug_on_the_plate_and_put_the_chocolate_pudding_to_the_right_of_the_plate,38,35,0.4963768115942029,True
loso_l2,libero_long,libero_long/LIVING_ROOM_SCENE6_put_the_white_mug_on_the_plate_and_put_the_chocolate_pudding_to_the_right_of_the_plate,39,46,0.9716312056737588,True
loso_l2,libero_long,libero_long/LIVING_ROOM_SCENE6_put_the_white_mug_on_the_plate_and_put_the_chocolate_pudding_to_the_right_of_the_plate,56,30,0.4514003294892916,True
loso_l2,libero_long,libero_long/LIVING_ROOM_SCENE6_put_the_white_mug_on_the_plate_and_put_the_chocolate_pudding_to_the_right_of_the_plate,58,37,0.5279383429672447,True
loso_l2,libero_long,libero_long/LIVING_ROOM_SCENE6_put_the_white_mug_on_the_plate_and_put_the_chocolate_pudding_to_the_right_of_the_plate,62,30,0.4514003294892916,False
loso_l2,libero_long,libero_long/LIVING_ROOM_SCENE6_put_the_white_mug_on_the_plate_and_put_the_chocolate_pudding_to_the_right_of_the_plate,81,44,0.9513888888888888,True
loso_l2,libero_long,libero_long/LIVING_ROOM_SCENE6_put_the_white_mug_on_the_plate_and_put_the_chocolate_pudding_to_the_right_of_the_plate,89,16,0.06993363961204696,False
loso_l2,libero_long,libero_long/LIVING_ROOM_SCENE6_put_the_white_mug_on_the_plate_and_put_the_chocolate_pudding_to_the_right_of_the_plate,91,30,0.4514003294892916,True
loso_l2,libero_long,libero_long/LIVING_ROOM_SCENE6_put_the_white_mug_on_the_plate_and_put_the_chocolate_pudding_to_the_right_of_the_plate,92,16,0.06993363961204696,False
loso_l2,libero_long,libero_long/LIVING_ROOM_SCENE6_put_the_white_mug_on_the_plate_and_put_the_chocolate_pudding_to_the_right_of_the_plate,93,29,0.43630573248407645,False
loso_l2,libero_long,libero_long/LIVING_ROOM_SCENE6_put_the_white_mug_on_the_plate_and_put_the_chocolate_pudding_to_the_right_of_the_plate,94,32,0.48154657293497366,True
loso_l2,libero_long,libero_long/LIVING_ROOM_SCENE6_put_the_white_mug_on_the_plate_and_put_the_chocolate_pudding_to_the_right_of_the_plate,95,33,0.48841354723707664,True
loso_l2,libero_long,libero_long/LIVING_ROOM_SCENE6_put_the_white_mug_on_the_plate_and_put_the_chocolate_pudding_to_the_right_of_the_plate,109,30,0.4514003294892916,True
loso_l2,libero_long,libero_long/LIVING_ROOM_SCENE6_put_the_white_mug_on_the_plate_and_put_the_chocolate_pudding_to_the_right_of_the_plate,113,26,0.27987742594484166,True
loso_l2,libero_long,libero_long/LIVING_ROOM_SCENE6_put_the_white_mug_on_the_plate_and_put_the_chocolate_pudding_to_the_right_of_the_plate,116,36,0.5036764705882353,True
loso_l2,libero_long,libero_long/LIVING_ROOM_SCENE6_put_the_white_mug_on_the_plate_and_put_the_chocolate_pudding_to_the_right_of_the_plate,117,30,0.4514003294892916,True
loso_l2,libero_long,libero_long/LIVING_ROOM_SCENE6_put_the_white_mug_on_the_plate_and_put_the_chocolate_pudding_to_the_right_of_the_plate,135,40,0.8203592814371258,True
loso_l2,libero_long,libero_long/LIVING_ROOM_SCENE6_put_the_white_mug_on_the_plate_and_put_the_chocolate_pudding_to_the_right_of_the_plate,138,27,0.3553826199740597,True
loso_l2,libero_long,libero_long/LIVING_ROOM_SCENE6_put_the_white_mug_on_the_plate_and_put_the_chocolate_pudding_to_the_right_of_the_plate,161,28,0.41389728096676737,True
loso_l2,libero_long,libero_long/LIVING_ROOM_SCENE6_put_the_white_mug_on_the_plate_and_put_the_chocolate_pudding_to_the_right_of_the_plate,165,31,0.46678023850085176,True
loso_l2,libero_long,libero_long/LIVING_ROOM_SCENE6_put_the_white_mug_on_the_plate_and_put_the_chocolate_pudding_to_the_right_of_the_plate,167,28,0.41389728096676737,True
loso_l2,libero_long,libero_long/LIVING_ROOM_SCENE6_put_the_white_mug_on_the_plate_and_put_the_chocolate_pudding_to_the_right_of_the_plate,168,25,0.19740634005763688,True
loso_l2,libero_long,libero_long/LIVING_ROOM_SCENE6_put_the_white_mug_on_the_plate_and_put_the_chocolate_pudding_to_the_right_of_the_plate,169,25,0.19740634005763688,True
loso_l2,libero_long,libero_long/LIVING_ROOM_SCENE6_put_the_white_mug_on_the_plate_and_put_the_chocolate_pudding_to_the_right_of_the_plate,170,25,0.19740634005763688,True
loso_l2,libero_long,libero_long/LIVING_ROOM_SCENE6_put_the_white_mug_on_the_plate_and_put_the_chocolate_pudding_to_the_right_of_the_plate,171,25,0.19740634005763688,True
loso_l2,libero_long,libero_long/LIVING_ROOM_SCENE6_put_the_white_mug_on_the_plate_and_put_the_chocolate_pudding_to_the_right_of_the_plate,172,25,0.19740634005763688,True
loso_l2,libero_long,libero_long/LIVING_ROOM_SCENE6_put_the_white_mug_on_the_plate_and_put_the_chocolate_pudding_to_the_right_of_the_plate,173,26,0.27987742594484166,True
loso_l2,libero_long,libero_long/LIVING_ROOM_SCENE6_put_the_white_mug_on_the_plate_and_put_the_chocolate_pudding_to_the_right_of_the_plate,174,25,0.19740634005763688,True
loso_l2,libero_long,libero_long/LIVING_ROOM_SCENE6_put_the_white_mug_on_the_plate_and_put_the_chocolate_pudding_to_the_right_of_the_plate,175,27,0.3553826199740597,True
loso_l2,libero_long,libero_long/LIVING_ROOM_SCENE6_put_the_white_mug_on_the_plate_and_put_the_chocolate_pudding_to_the_right_of_the_plate,188,28,0.41389728096676737,True
loso_l2,libero_long,libero_long/LIVING_ROOM_SCENE6_put_the_white_mug_on_the_plate_and_put_the_chocolate_pudding_to_the_right_of_the_plate,189,30,0.4514003294892916,True
loso_l2,libero_long,libero_long/LIVING_ROOM_SCENE6_put_the_white_mug_on_the_plate_and_put_the_chocolate_pudding_to_the_right_of_the_plate,191,30,0.4514003294892916,True
loso_l2,libero_long,libero_long/LIVING_ROOM_SCENE6_put_the_white_mug_on_the_plate_and_put_the_chocolate_pudding_to_the_right_of_the_plate,201,19,0.07415426251691475,False
loso_l2,libero_long,libero_long/LIVING_ROOM_SCENE6_put_the_white_mug_on_the_plate_and_put_the_chocolate_pudding_to_the_right_of_the_plate,204,31,0.46678023850085176,True
loso_l2,libero_long,libero_long/LIVING_ROOM_SCENE6_put_the_white_mug_on_the_plate_and_put_the_chocolate_pudding_to_the_right_of_the_plate,211,25,0.19740634005763688,True
loso_l2,libero_long,libero_long/LIVING_ROOM_SCENE6_put_the_white_mug_on_the_plate_and_put_the_chocolate_pudding_to_the_right_of_the_plate,212,31,0.46678023850085176,True
loso_l2,libero_long,libero_long/LIVING_ROOM_SCENE6_put_the_white_mug_on_the_plate_and_put_the_chocolate_pudding_to_the_right_of_the_plate,213,25,0.19740634005763688,True
loso_l2,libero_long,libero_long/LIVING_ROOM_SCENE6_put_the_white_mug_on_the_plate_and_put_the_chocolate_pudding_to_the_right_of_the_plate,215,26,0.27987742594484166,True
loso_l2,libero_long,libero_long/LIVING_ROOM_SCENE6_put_the_white_mug_on_the_plate_and_put_the_chocolate_pudding_to_the_right_of_the_plate,216,30,0.4514003294892916,True
loso_l2,libero_long,libero_long/LIVING_ROOM_SCENE6_put_the_white_mug_on_the_plate_and_put_the_chocolate_pudding_to_the_right_of_the_plate,217,31,0.46678023850085176,True
loso_l2,libero_long,libero_long/LIVING_ROOM_SCENE6_put_the_white_mug_on_the_plate_and_put_the_chocolate_pudding_to_the_right_of_the_plate,220,30,0.4514003294892916,True
loso_l2,libero_long,libero_long/LIVING_ROOM_SCENE6_put_the_white_mug_on_the_plate_and_put_the_chocolate_pudding_to_the_right_of_the_plate,221,31,0.46678023850085176,True
loso_l2,libero_long,libero_long/LIVING_ROOM_SCENE6_put_the_white_mug_on_the_plate_and_put_the_chocolate_pudding_to_the_right_of_the_plate,223,32,0.48154657293497366,True
loso_l2,libero_long,libero_long/LIVING_ROOM_SCENE6_put_the_white_mug_on_the_plate_and_put_the_chocolate_pudding_to_the_right_of_the_plate,225,31,0.46678023850085176,False
loso_l2,libero_long,libero_long/LIVING_ROOM_SCENE6_put_the_white_mug_on_the_plate_and_put_the_chocolate_pudding_to_the_right_of_the_plate,227,30,0.4514003294892916,False
loso_l2,libero_long,libero_long/LIVING_ROOM_SCENE6_put_the_white_mug_on_the_plate_and_put_the_chocolate_pudding_to_the_right_of_the_plate,228,29,0.43630573248407645,False
loso_l2,libero_long,libero_long/LIVING_ROOM_SCENE6_put_the_white_mug_on_the_plate_and_put_the_chocolate_pudding_to_the_right_of_the_plate,233,24,0.13584531482399603,False
loso_l2,libero_long,libero_long/LIVING_ROOM_SCENE6_put_the_white_mug_on_the_plate_and_put_the_chocolate_pudding_to_the_right_of_the_plate,238,28,0.41389728096676737,False
loso_l2,libero_long,libero_long/LIVING_ROOM_SCENE6_put_the_white_mug_on_the_plate_and_put_the_chocolate_pudding_to_the_right_of_the_plate,241,31,0.46678023850085176,True
loso_l2,libero_long,libero_long/LIVING_ROOM_SCENE6_put_the_white_mug_on_the_plate_and_put_the_chocolate_pudding_to_the_right_of_the_plate,242,31,0.46678023850085176,True
loso_l2,libero_long,libero_long/LIVING_ROOM_SCENE6_put_the_white_mug_on_the_plate_and_put_the_chocolate_pudding_to_the_right_of_the_plate,246,31,0.46678023850085176,True
loso_l2,libero_long,libero_long/LIVING_ROOM_SCENE6_put_the_white_mug_on_the_plate_and_put_the_chocolate_pudding_to_the_right_of_the_plate,247,31,0.46678023850085176,True
loso_l2,libero_long,libero_long/LIVING_ROOM_SCENE6_put_the_white_mug_on_the_plate_and_put_the_chocolate_pudding_to_the_right_of_the_plate,261,26,0.27987742594484166,True
loso_l2,libero_long,libero_long/LIVING_ROOM_SCENE6_put_the_white_mug_on_the_plate_and_put_the_chocolate_pudding_to_the_right_of_the_plate,265,30,0.4514003294892916,True
loso_l2,libero_long,libero_long/LIVING_ROOM_SCENE6_put_the_white_mug_on_the_plate_and_put_the_chocolate_pudding_to_the_right_of_the_plate,280,36,0.5036764705882353,True
loso_l2,libero_long,libero_long/LIVING_ROOM_SCENE6_put_the_white_mug_on_the_plate_and_put_the_chocolate_pudding_to_the_right_of_the_plate,311,15,0.0690524193548387,False
loso_l2,libero_long,libero_long/LIVING_ROOM_SCENE6_put_the_white_mug_on_the_plate_and_put_the_chocolate_pudding_to_the_right_of_the_plate,348,19,0.07415426251691475,False
loso_l2,libero_long,libero_long/LIVING_ROOM_SCENE6_put_the_white_mug_on_the_plate_and_put_the_chocolate_pudding_to_the_right_of_the_plate,375,27,0.3553826199740597,True
loso_l2,libero_long,libero_long/STUDY_SCENE1_pick_up_the_book_and_place_it_in_the_back_compartment_of_the_caddy,11,22,0.09028006589785832,False
loso_l2,libero_long,libero_long/STUDY_SCENE1_pick_up_the_book_and_place_it_in_the_back_compartment_of_the_caddy,25,24,0.13584531482399603,False
loso_l2,libero_long,libero_long/STUDY_SCENE1_pick_up_the_book_and_place_it_in_the_back_compartment_of_the_caddy,26,24,0.13584531482399603,True
loso_l2,libero_long,libero_long/STUDY_SCENE1_pick_up_the_book_and_place_it_in_the_back_compartment_of_the_caddy,27,23,0.10579150579150579,False
loso_l2,libero_long,libero_long/STUDY_SCENE1_pick_up_the_book_and_place_it_in_the_back_compartment_of_the_caddy,30,25,0.19740634005763688,False
loso_l2,libero_long,libero_long/STUDY_SCENE1_pick_up_the_book_and_place_it_in_the_back_compartment_of_the_caddy,48,21,0.07925947353196414,False
loso_l2,libero_long,libero_long/STUDY_SCENE1_pick_up_the_book_and_place_it_in_the_back_compartment_of_the_caddy,51,21,0.07925947353196414,False
loso_l2,libero_long,libero_long/STUDY_SCENE1_pick_up_the_book_and_place_it_in_the_back_compartment_of_the_caddy,99,19,0.07415426251691475,False
loso_l2,libero_long,libero_long/STUDY_SCENE1_pick_up_the_book_and_place_it_in_the_back_compartment_of_the_caddy,100,19,0.07415426251691475,False
loso_l2,libero_long,libero_long/STUDY_SCENE1_pick_up_the_book_and_place_it_in_the_back_compartment_of_the_caddy,101,19,0.07415426251691475,False
loso_l2,libero_long,libero_long/STUDY_SCENE1_pick_up_the_book_and_place_it_in_the_back_compartment_of_the_caddy,102,19,0.07415426251691475,False
loso_l2,libero_long,libero_long/STUDY_SCENE1_pick_up_the_book_and_place_it_in_the_back_compartment_of_the_caddy,147,21,0.07925947353196414,False
loso_l2,libero_long,libero_long/STUDY_SCENE1_pick_up_the_book_and_place_it_in_the_back_compartment_of_the_caddy,160,24,0.13584531482399603,False
loso_l2,libero_long,libero_long/STUDY_SCENE1_pick_up_the_book_and_place_it_in_the_back_compartment_of_the_caddy,161,24,0.13584531482399603,True
loso_l2,libero_long,libero_long/STUDY_SCENE1_pick_up_the_book_and_place_it_in_the_back_compartment_of_the_caddy,162,27,0.3553826199740597,True
loso_l2,libero_long,libero_long/STUDY_SCENE1_pick_up_the_book_and_place_it_in_the_back_compartment_of_the_caddy,163,24,0.13584531482399603,False
loso_l2,libero_long,libero_long/STUDY_SCENE1_pick_up_the_book_and_place_it_in_the_back_compartment_of_the_caddy,164,25,0.19740634005763688,True
loso_l2,libero_long,libero_long/STUDY_SCENE1_pick_up_the_book_and_place_it_in_the_back_compartment_of_the_caddy,165,24,0.13584531482399603,False
loso_l2,libero_long,libero_long/STUDY_SCENE1_pick_up_the_book_and_place_it_in_the_back_compartment_of_the_caddy,166,24,0.13584531482399603,True
loso_l2,libero_long,libero_long/STUDY_SCENE1_pick_up_the_book_and_place_it_in_the_back_compartment_of_the_caddy,167,23,0.10579150579150579,False
loso_l2,libero_long,libero_long/STUDY_SCENE1_pick_up_the_book_and_place_it_in_the_back_compartment_of_the_caddy,227,22,0.09028006589785832,False
loso_l2,libero_long,libero_long/STUDY_SCENE1_pick_up_the_book_and_place_it_in_the_back_compartment_of_the_caddy,231,23,0.10579150579150579,False
loso_l2,libero_long,libero_long/STUDY_SCENE1_pick_up_the_book_and_place_it_in_the_back_compartment_of_the_caddy,312,23,0.10579150579150579,True
loso_l2,libero_long,libero_long/STUDY_SCENE1_pick_up_the_book_and_place_it_in_the_back_compartment_of_the_caddy,314,20,0.0749863163656267,False
loso_l2,libero_long,libero_long/STUDY_SCENE1_pick_up_the_book_and_place_it_in_the_back_compartment_of_the_caddy,315,23,0.10579150579150579,False
loso_l2,libero_long,libero_long/STUDY_SCENE1_pick_up_the_book_and_place_it_in_the_back_compartment_of_the_caddy,316,19,0.07415426251691475,False
loso_l2,libero_long,libero_long/STUDY_SCENE1_pick_up_the_book_and_place_it_in_the_back_compartment_of_the_caddy,318,20,0.0749863163656267,False
loso_l2,libero_long,libero_long/STUDY_SCENE1_pick_up_the_book_and_place_it_in_the_back_compartment_of_the_caddy,339,22,0.09028006589785832,False
loso_l2,libero_object,libero_object/pick_up_the_alphabet_soup_and_place_it_in_the_basket,5,18,0.5569620253164557,False
loso_l2,libero_object,libero_object/pick_up_the_alphabet_soup_and_place_it_in_the_basket,164,22,0.88,True
loso_l2,libero_object,libero_object/pick_up_the_alphabet_soup_and_place_it_in_the_basket,274,22,0.88,True
loso_l2,libero_object,libero_object/pick_up_the_bbq_sauce_and_place_it_in_the_basket,107,24,0.9565217391304348,True
loso_l2,libero_object,libero_object/pick_up_the_bbq_sauce_and_place_it_in_the_basket,116,26,0.9777777777777777,True
loso_l2,libero_object,libero_object/pick_up_the_bbq_sauce_and_place_it_in_the_basket,255,21,0.8301886792452831,True
loso_l2,libero_object,libero_object/pick_up_the_bbq_sauce_and_place_it_in_the_basket,333,20,0.7333333333333333,True
loso_l2,libero_object,libero_object/pick_up_the_cream_cheese_and_place_it_in_the_basket,275,22,0.88,False
loso_l2,libero_object,libero_object/pick_up_the_ketchup_and_place_it_in_the_basket,399,21,0.8301886792452831,True
loso_l2,libero_object,libero_object/pick_up_the_milk_and_place_it_in_the_basket,108,19,0.6666666666666666,True
loso_l2,libero_object,libero_object/pick_up_the_milk_and_place_it_in_the_basket,112,22,0.88,True
loso_l2,libero_object,libero_object/pick_up_the_milk_and_place_it_in_the_basket,113,18,0.5569620253164557,True
loso_l2,libero_object,libero_object/pick_up_the_milk_and_place_it_in_the_basket,118,22,0.88,True
loso_l2,libero_object,libero_object/pick_up_the_milk_and_place_it_in_the_basket,197,27,0.9777777777777777,True
loso_l2,libero_object,libero_object/pick_up_the_milk_and_place_it_in_the_basket,341,18,0.5569620253164557,True
loso_l2,libero_object,libero_object/pick_up_the_orange_juice_and_place_it_in_the_basket,155,18,0.5569620253164557,False
loso_l2,libero_object,libero_object/pick_up_the_orange_juice_and_place_it_in_the_basket,277,15,0.1,True
loso_l2,libero_object,libero_object/pick_up_the_salad_dressing_and_place_it_in_the_basket,184,23,0.9166666666666666,True
loso_l2,libero_object,libero_object/pick_up_the_salad_dressing_and_place_it_in_the_basket,186,15,0.1,True
loso_l2,libero_object,libero_object/pick_up_the_salad_dressing_and_place_it_in_the_basket,187,22,0.88,True
loso_l2,libero_object,libero_object/pick_up_the_tomato_sauce_and_place_it_in_the_basket,32,14,0.044534412955465584,True
loso_l2,libero_object,libero_object/pick_up_the_tomato_sauce_and_place_it_in_the_basket,226,17,0.3384615384615385,True
loso_l2,libero_spatial,libero_spatial/pick_up_the_black_bowl_from_table_center_and_place_it_on_the_plate,390,19,0.9790209790209791,True
loso_l2,libero_spatial,libero_spatial/pick_up_the_black_bowl_in_the_top_drawer_of_the_wooden_cabinet_and_place_it_on_the_plate,7,20,0.9859154929577465,True
loso_l2,libero_spatial,libero_spatial/pick_up_the_black_bowl_in_the_top_drawer_of_the_wooden_cabinet_and_place_it_on_the_plate,263,21,0.9859154929577465,True
loso_l2,libero_spatial,libero_spatial/pick_up_the_black_bowl_in_the_top_drawer_of_the_wooden_cabinet_and_place_it_on_the_plate,305,20,0.9859154929577465,True
loso_l2,libero_spatial,libero_spatial/pick_up_the_black_bowl_in_the_top_drawer_of_the_wooden_cabinet_and_place_it_on_the_plate,371,20,0.9859154929577465,True
loso_l2,libero_spatial,libero_spatial/pick_up_the_black_bowl_in_the_top_drawer_of_the_wooden_cabinet_and_place_it_on_the_plate,373,19,0.9790209790209791,True
loso_l2,libero_spatial,libero_spatial/pick_up_the_black_bowl_next_to_the_plate_and_place_it_on_the_plate,28,17,0.9655172413793104,True
loso_l2,libero_spatial,libero_spatial/pick_up_the_black_bowl_next_to_the_plate_and_place_it_on_the_plate,77,20,0.9859154929577465,True
loso_l2,libero_spatial,libero_spatial/pick_up_the_black_bowl_next_to_the_plate_and_place_it_on_the_plate,100,21,0.9859154929577465,True
loso_l2,libero_spatial,libero_spatial/pick_up_the_black_bowl_next_to_the_plate_and_place_it_on_the_plate,108,21,0.9859154929577465,True
loso_l2,libero_spatial,libero_spatial/pick_up_the_black_bowl_next_to_the_plate_and_place_it_on_the_plate,120,21,0.9859154929577465,True
loso_l2,libero_spatial,libero_spatial/pick_up_the_black_bowl_next_to_the_plate_and_place_it_on_the_plate,121,21,0.9859154929577465,True
loso_l2,libero_spatial,libero_spatial/pick_up_the_black_bowl_next_to_the_plate_and_place_it_on_the_plate,139,21,0.9859154929577465,True
loso_l2,libero_spatial,libero_spatial/pick_up_the_black_bowl_next_to_the_plate_and_place_it_on_the_plate,174,18,0.9655172413793104,False
loso_l2,libero_spatial,libero_spatial/pick_up_the_black_bowl_next_to_the_plate_and_place_it_on_the_plate,213,20,0.9859154929577465,True
loso_l2,libero_spatial,libero_spatial/pick_up_the_black_bowl_next_to_the_plate_and_place_it_on_the_plate,214,21,0.9859154929577465,True
loso_l2,libero_spatial,libero_spatial/pick_up_the_black_bowl_next_to_the_plate_and_place_it_on_the_plate,281,20,0.9859154929577465,True
loso_l2,libero_spatial,libero_spatial/pick_up_the_black_bowl_next_to_the_plate_and_place_it_on_the_plate,287,20,0.9859154929577465,True
loso_l2,libero_spatial,libero_spatial/pick_up_the_black_bowl_next_to_the_plate_and_place_it_on_the_plate,318,21,0.9859154929577465,True
loso_l2,libero_spatial,libero_spatial/pick_up_the_black_bowl_next_to_the_ramekin_and_place_it_on_the_plate,131,17,0.9655172413793104,True
loso_l2,libero_spatial,libero_spatial/pick_up_the_black_bowl_next_to_the_ramekin_and_place_it_on_the_plate,220,20,0.9859154929577465,True
loso_l2,libero_spatial,libero_spatial/pick_up_the_black_bowl_on_the_cookie_box_and_place_it_on_the_plate,9,17,0.9655172413793104,True
loso_l2,libero_spatial,libero_spatial/pick_up_the_black_bowl_on_the_cookie_box_and_place_it_on_the_plate,16,15,0.9523809523809523,True
loso_l2,libero_spatial,libero_spatial/pick_up_the_black_bowl_on_the_cookie_box_and_place_it_on_the_plate,17,15,0.9523809523809523,False
loso_l2,libero_spatial,libero_spatial/pick_up_the_black_bowl_on_the_cookie_box_and_place_it_on_the_plate,36,16,0.958904109589041,True
loso_l2,libero_spatial,libero_spatial/pick_up_the_black_bowl_on_the_cookie_box_and_place_it_on_the_plate,39,16,0.958904109589041,True
loso_l2,libero_spatial,libero_spatial/pick_up_the_black_bowl_on_the_cookie_box_and_place_it_on_the_plate,59,21,0.9859154929577465,True
loso_l2,libero_spatial,libero_spatial/pick_up_the_black_bowl_on_the_cookie_box_and_place_it_on_the_plate,87,19,0.9790209790209791,True
loso_l2,libero_spatial,libero_spatial/pick_up_the_black_bowl_on_the_cookie_box_and_place_it_on_the_plate,230,16,0.958904109589041,True
loso_l2,libero_spatial,libero_spatial/pick_up_the_black_bowl_on_the_cookie_box_and_place_it_on_the_plate,238,19,0.9790209790209791,True
loso_l2,libero_spatial,libero_spatial/pick_up_the_black_bowl_on_the_cookie_box_and_place_it_on_the_plate,267,17,0.9655172413793104,True
loso_l2,libero_spatial,libero_spatial/pick_up_the_black_bowl_on_the_cookie_box_and_place_it_on_the_plate,321,17,0.9655172413793104,True
loso_l2,libero_spatial,libero_spatial/pick_up_the_black_bowl_on_the_cookie_box_and_place_it_on_the_plate,322,16,0.958904109589041,True
loso_l2,libero_spatial,libero_spatial/pick_up_the_black_bowl_on_the_cookie_box_and_place_it_on_the_plate,340,16,0.958904109589041,True
loso_l2,libero_spatial,libero_spatial/pick_up_the_black_bowl_on_the_cookie_box_and_place_it_on_the_plate,342,17,0.9655172413793104,True
loso_l2,libero_spatial,libero_spatial/pick_up_the_black_bowl_on_the_ramekin_and_place_it_on_the_plate,64,17,0.9655172413793104,True
loso_l2,libero_spatial,libero_spatial/pick_up_the_black_bowl_on_the_ramekin_and_place_it_on_the_plate,94,20,0.9859154929577465,True
loso_l2,libero_spatial,libero_spatial/pick_up_the_black_bowl_on_the_ramekin_and_place_it_on_the_plate,125,18,0.9655172413793104,True
loso_l2,libero_spatial,libero_spatial/pick_up_the_black_bowl_on_the_ramekin_and_place_it_on_the_plate,128,18,0.9655172413793104,True
loso_l2,libero_spatial,libero_spatial/pick_up_the_black_bowl_on_the_ramekin_and_place_it_on_the_plate,358,19,0.9790209790209791,True
loso_l2,libero_spatial,libero_spatial/pick_up_the_black_bowl_on_the_ramekin_and_place_it_on_the_plate,359,20,0.9859154929577465,True
loso_l2,libero_spatial,libero_spatial/pick_up_the_black_bowl_on_the_stove_and_place_it_on_the_plate,13,17,0.9655172413793104,True
loso_l2,libero_spatial,libero_spatial/pick_up_the_black_bowl_on_the_stove_and_place_it_on_the_plate,15,19,0.9790209790209791,True
loso_l2,libero_spatial,libero_spatial/pick_up_the_black_bowl_on_the_stove_and_place_it_on_the_plate,75,21,0.9859154929577465,True
loso_l2,libero_spatial,libero_spatial/pick_up_the_black_bowl_on_the_stove_and_place_it_on_the_plate,109,20,0.9859154929577465,True
loso_l2,libero_spatial,libero_spatial/pick_up_the_black_bowl_on_the_stove_and_place_it_on_the_plate,141,21,0.9859154929577465,True
loso_l2,libero_spatial,libero_spatial/pick_up_the_black_bowl_on_the_stove_and_place_it_on_the_plate,144,20,0.9859154929577465,True
loso_l2,libero_spatial,libero_spatial/pick_up_the_black_bowl_on_the_stove_and_place_it_on_the_plate,146,17,0.9655172413793104,True
loso_l2,libero_spatial,libero_spatial/pick_up_the_black_bowl_on_the_stove_and_place_it_on_the_plate,147,21,0.9859154929577465,True
loso_l2,libero_spatial,libero_spatial/pick_up_the_black_bowl_on_the_stove_and_place_it_on_the_plate,149,20,0.9859154929577465,True
loso_l2,libero_spatial,libero_spatial/pick_up_the_black_bowl_on_the_stove_and_place_it_on_the_plate,150,21,0.9859154929577465,True
loso_l2,libero_spatial,libero_spatial/pick_up_the_black_bowl_on_the_stove_and_place_it_on_the_plate,169,21,0.9859154929577465,True
loso_l2,libero_spatial,libero_spatial/pick_up_the_black_bowl_on_the_stove_and_place_it_on_the_plate,199,20,0.9859154929577465,True
loso_l2,libero_spatial,libero_spatial/pick_up_the_black_bowl_on_the_stove_and_place_it_on_the_plate,224,20,0.9859154929577465,True
loso_l2,libero_spatial,libero_spatial/pick_up_the_black_bowl_on_the_stove_and_place_it_on_the_plate,225,20,0.9859154929577465,True
loso_l2,libero_spatial,libero_spatial/pick_up_the_black_bowl_on_the_stove_and_place_it_on_the_plate,226,20,0.9859154929577465,True
loso_l2,libero_spatial,libero_spatial/pick_up_the_black_bowl_on_the_stove_and_place_it_on_the_plate,229,20,0.9859154929577465,True
loso_l2,libero_spatial,libero_spatial/pick_up_the_black_bowl_on_the_stove_and_place_it_on_the_plate,230,20,0.9859154929577465,True
loso_l2,libero_spatial,libero_spatial/pick_up_the_black_bowl_on_the_stove_and_place_it_on_the_plate,231,20,0.9859154929577465,True
loso_l2,libero_spatial,libero_spatial/pick_up_the_black_bowl_on_the_stove_and_place_it_on_the_plate,265,21,0.9859154929577465,True
loso_l2,libero_spatial,libero_spatial/pick_up_the_black_bowl_on_the_stove_and_place_it_on_the_plate,268,19,0.9790209790209791,True
loso_l2,libero_spatial,libero_spatial/pick_up_the_black_bowl_on_the_stove_and_place_it_on_the_plate,269,20,0.9859154929577465,True
loso_l2,libero_spatial,libero_spatial/pick_up_the_black_bowl_on_the_stove_and_place_it_on_the_plate,270,20,0.9859154929577465,True
loso_l2,libero_spatial,libero_spatial/pick_up_the_black_bowl_on_the_stove_and_place_it_on_the_plate,271,20,0.9859154929577465,True
loso_l2,libero_spatial,libero_spatial/pick_up_the_black_bowl_on_the_stove_and_place_it_on_the_plate,306,21,0.9859154929577465,True
loso_l2,libero_spatial,libero_spatial/pick_up_the_black_bowl_on_the_stove_and_place_it_on_the_plate,347,21,0.9859154929577465,True
loso_l2,libero_spatial,libero_spatial/pick_up_the_black_bowl_on_the_stove_and_place_it_on_the_plate,351,21,0.9859154929577465,True
loso_l2,libero_spatial,libero_spatial/pick_up_the_black_bowl_on_the_stove_and_place_it_on_the_plate,355,21,0.9859154929577465,True
loso_l2,libero_spatial,libero_spatial/pick_up_the_black_bowl_on_the_stove_and_place_it_on_the_plate,397,21,0.9859154929577465,True
loso_l2,libero_spatial,libero_spatial/pick_up_the_black_bowl_on_the_wooden_cabinet_and_place_it_on_the_plate,33,18,0.9655172413793104,True
loso_l2,libero_spatial,libero_spatial/pick_up_the_black_bowl_on_the_wooden_cabinet_and_place_it_on_the_plate,34,18,0.9655172413793104,True
loso_l2,libero_spatial,libero_spatial/pick_up_the_black_bowl_on_the_wooden_cabinet_and_place_it_on_the_plate,87,20,0.9859154929577465,True
loso_l2,libero_spatial,libero_spatial/pick_up_the_black_bowl_on_the_wooden_cabinet_and_place_it_on_the_plate,91,19,0.9790209790209791,True
loso_l2,libero_spatial,libero_spatial/pick_up_the_black_bowl_on_the_wooden_cabinet_and_place_it_on_the_plate,95,20,0.9859154929577465,True
loso_l2,libero_spatial,libero_spatial/pick_up_the_black_bowl_on_the_wooden_cabinet_and_place_it_on_the_plate,173,19,0.9790209790209791,True
loso_l2,libero_spatial,libero_spatial/pick_up_the_black_bowl_on_the_wooden_cabinet_and_place_it_on_the_plate,203,21,0.9859154929577465,True
loso_l2,libero_spatial,libero_spatial/pick_up_the_black_bowl_on_the_wooden_cabinet_and_place_it_on_the_plate,222,20,0.9859154929577465,True
loso_l2,libero_spatial,libero_spatial/pick_up_the_black_bowl_on_the_wooden_cabinet_and_place_it_on_the_plate,225,20,0.9859154929577465,True
loso_l2,libero_spatial,libero_spatial/pick_up_the_black_bowl_on_the_wooden_cabinet_and_place_it_on_the_plate,308,19,0.9790209790209791,True
loso_l2,libero_spatial,libero_spatial/pick_up_the_black_bowl_on_the_wooden_cabinet_and_place_it_on_the_plate,355,19,0.9790209790209791,True
loso_l2,libero_spatial,libero_spatial/pick_up_the_black_bowl_on_the_wooden_cabinet_and_place_it_on_the_plate,360,21,0.9859154929577465,True
loso_l2,libero_spatial,libero_spatial/pick_up_the_black_bowl_on_the_wooden_cabinet_and_place_it_on_the_plate,362,20,0.9859154929577465,True
