row,event,query,success,joint_threshold_fraction
15,periodic_return,13,True,0.2683636546134949
80,periodic_return,13,True,0.26600539684295654
81,periodic_return,13,True,0.272906094789505
395,periodic_return,13,True,0.2749287784099579
481,periodic_return,13,True,0.2803286612033844
484,periodic_return,13,True,0.28017744421958923
490,periodic_return,13,True,0.28037354350090027
495,periodic_return,13,True,0.2806132435798645
500,periodic_return,13,True,0.2811732888221741
502,periodic_return,13,True,0.28059327602386475
510,periodic_return,13,True,0.28053876757621765
511,periodic_return,13,True,0.2797011435031891
512,periodic_return,14,True,0.3016066551208496
513,periodic_return,14,True,0.30217885971069336
514,periodic_return,14,True,0.30169907212257385
515,periodic_return,14,True,0.29903537034988403
516,periodic_return,14,True,0.30200710892677307
517,periodic_return,14,True,0.3021233081817627
518,periodic_return,14,True,0.3033663332462311
519,periodic_return,14,True,0.3039962649345398
520,periodic_return,14,True,0.30018293857574463
521,periodic_return,14,True,0.30205798149108887
522,periodic_return,14,True,0.30384111404418945
523,periodic_return,14,True,0.3018626868724823
524,periodic_return,14,True,0.3016577363014221
525,periodic_return,14,True,0.29973742365837097
526,periodic_return,16,True,0.30019694566726685
527,periodic_return,14,True,0.303933709859848
528,periodic_return,14,True,0.3038574159145355
529,periodic_return,14,True,0.29607445001602173
530,periodic_return,14,True,0.3028833270072937
531,periodic_return,14,True,0.2999638319015503
532,periodic_return,14,True,0.3035634160041809
533,periodic_return,14,True,0.3023313879966736
534,periodic_return,14,True,0.30333808064460754
535,periodic_return,14,True,0.3022122383117676
536,periodic_return,14,True,0.30284297466278076
537,periodic_return,14,True,0.3023657202720642
538,periodic_return,14,True,0.30295827984809875
539,periodic_return,14,True,0.30403855443000793
540,periodic_return,14,True,0.2992982566356659
541,periodic_return,14,True,0.30105721950531006
542,periodic_return,14,True,0.3032449185848236
543,periodic_return,14,True,0.3022056818008423
544,periodic_return,14,True,0.29213348031044006
545,periodic_return,14,True,0.2918907403945923
546,periodic_return,14,True,0.2925744950771332
547,periodic_return,14,True,0.29264843463897705
548,periodic_return,14,True,0.2920660972595215
549,periodic_return,14,True,0.2916078269481659
550,periodic_return,14,True,0.29054686427116394
551,periodic_return,14,True,0.2937493920326233
552,periodic_return,14,True,0.2913859188556671
553,periodic_return,14,True,0.29186534881591797
554,periodic_return,14,True,0.2907882630825043
555,periodic_return,14,True,0.29266953468322754
556,periodic_return,14,True,0.2898266315460205
557,periodic_return,14,True,0.292187362909317
558,periodic_return,14,True,0.29254090785980225
559,periodic_return,28,False,0.31899818778038025
560,periodic_return,14,True,0.292842298746109
561,periodic_return,14,True,0.2928180396556854
562,periodic_return,14,True,0.2923731207847595
563,periodic_return,14,True,0.2924235165119171
564,periodic_return,14,True,0.29299411177635193
565,periodic_return,14,True,0.29176679253578186
566,periodic_return,14,True,0.2896783947944641
567,periodic_return,14,True,0.2930731177330017
568,periodic_return,14,True,0.2923600375652313
569,periodic_return,14,True,0.29300495982170105
570,periodic_return,14,True,0.29307320713996887
571,periodic_return,14,True,0.2891635596752167
572,periodic_return,14,True,0.2923840880393982
573,periodic_return,14,True,0.29257866740226746
574,periodic_return,14,True,0.29199400544166565
575,periodic_return,14,True,0.29274681210517883
576,periodic_return,14,True,0.29787328839302063
577,periodic_return,14,True,0.29772377014160156
578,periodic_return,14,True,0.2982833981513977
579,periodic_return,14,True,0.2977351248264313
580,periodic_return,14,True,0.29608839750289917
581,periodic_return,28,False,0.31222182512283325
582,periodic_return,14,True,0.29729902744293213
583,periodic_return,14,True,0.2987590432167053
584,periodic_return,14,True,0.2975212335586548
585,periodic_return,14,True,0.2976089417934418
586,periodic_return,14,True,0.2959098517894745
587,periodic_return,14,True,0.2969316244125366
588,periodic_return,14,True,0.29909732937812805
589,periodic_return,14,False,0.29612740874290466
590,periodic_return,14,True,0.29597389698028564
591,periodic_return,14,True,0.29732024669647217
592,periodic_return,14,True,0.2980538308620453
593,periodic_return,28,False,0.30950331687927246
594,periodic_return,14,True,0.2977171242237091
595,periodic_return,14,True,0.29745665192604065
596,periodic_return,14,True,0.29783302545547485
597,periodic_return,14,True,0.2934233248233795
598,periodic_return,14,True,0.29759249091148376
599,periodic_return,14,True,0.2975631654262543
600,periodic_return,14,True,0.2990487813949585
601,periodic_return,14,True,0.29770034551620483
602,periodic_return,14,True,0.29668128490448
603,periodic_return,28,False,0.3054468333721161
604,periodic_return,14,True,0.2977880835533142
605,periodic_return,14,True,0.2969385087490082
606,periodic_return,14,True,0.29550689458847046
607,periodic_return,14,True,0.2968302369117737
608,periodic_return,14,True,0.2967183589935303
609,periodic_return,14,True,0.29656895995140076
610,periodic_return,14,True,0.29854676127433777
611,periodic_return,14,True,0.29835954308509827
612,periodic_return,14,True,0.2984844744205475
613,periodic_return,14,True,0.29933708906173706
614,periodic_return,14,True,0.298684298992157
615,periodic_return,14,True,0.30018702149391174
616,periodic_return,14,True,0.29761070013046265
617,periodic_return,14,True,0.29808309674263
618,periodic_return,14,True,0.2985183596611023
619,periodic_return,14,True,0.2981196939945221
620,periodic_return,14,True,0.2989625632762909
621,periodic_return,14,True,0.29851192235946655
622,periodic_return,14,True,0.2993219494819641
623,periodic_return,14,True,0.29845017194747925
624,periodic_return,14,True,0.29864320158958435
625,periodic_return,14,True,0.2991144359111786
626,periodic_return,14,True,0.2976316809654236
627,periodic_return,14,True,0.2983541488647461
628,periodic_return,14,True,0.29895463585853577
629,periodic_return,14,True,0.29801490902900696
630,periodic_return,14,True,0.29766207933425903
631,periodic_return,14,True,0.2977159917354584
632,periodic_return,14,True,0.2980792820453644
633,periodic_return,14,True,0.29800066351890564
634,periodic_return,14,True,0.29879334568977356
635,periodic_return,14,True,0.3005727529525757
636,periodic_return,14,True,0.2987811267375946
637,periodic_return,14,True,0.2985336482524872
638,periodic_return,14,True,0.29881808161735535
639,periodic_return,14,True,0.29769471287727356
640,periodic_return,14,True,0.28780239820480347
641,periodic_return,14,True,0.2893317937850952
642,periodic_return,14,True,0.289813756942749
643,periodic_return,14,True,0.28884708881378174
644,periodic_return,14,True,0.288902223110199
645,periodic_return,14,True,0.2890659272670746
646,periodic_return,14,True,0.28876692056655884
647,periodic_return,14,True,0.2912522852420807
648,periodic_return,14,True,0.2899463474750519
649,periodic_return,14,True,0.2888447046279907
650,periodic_return,14,True,0.28978514671325684
651,periodic_return,14,True,0.2901251018047333
652,periodic_return,14,True,0.29085901379585266
653,periodic_return,14,True,0.2901358902454376
654,periodic_return,14,True,0.2896409332752228
655,periodic_return,14,True,0.2883016765117645
656,periodic_return,29,False,0.2992938458919525
657,periodic_return,14,True,0.29145365953445435
658,periodic_return,14,True,0.28782153129577637
659,periodic_return,14,True,0.2901744842529297
660,periodic_return,14,True,0.28895998001098633
661,periodic_return,14,True,0.28954562544822693
662,periodic_return,14,True,0.2902644872665405
663,periodic_return,14,True,0.28970786929130554
664,periodic_return,14,True,0.28944921493530273
665,periodic_return,14,True,0.28982022404670715
666,periodic_return,14,True,0.2895941734313965
667,periodic_return,14,True,0.28994715213775635
668,periodic_return,14,True,0.2888571619987488
669,periodic_return,14,True,0.28868091106414795
670,periodic_return,14,True,0.29173076152801514
671,periodic_return,14,True,0.2904667258262634
672,periodic_return,14,True,0.2884714603424072
673,periodic_return,14,True,0.289658784866333
674,periodic_return,29,False,0.3341706693172455
675,periodic_return,28,False,0.298234760761261
676,periodic_return,14,False,0.2889274060726166
677,periodic_return,14,False,0.28982317447662354
678,periodic_return,29,False,0.294501930475235
679,periodic_return,29,False,0.29258617758750916
680,periodic_return,26,False,0.2920593321323395
681,periodic_return,14,False,0.28764745593070984
682,periodic_return,28,False,0.29060259461402893
683,periodic_return,14,False,0.28832992911338806
684,periodic_return,29,False,0.311978280544281
685,periodic_return,29,False,0.2989098131656647
686,periodic_return,29,False,0.3103967607021332
687,periodic_return,14,True,0.28916043043136597
688,periodic_return,14,False,0.28846868872642517
689,periodic_return,29,False,0.2906512916088104
690,periodic_return,14,False,0.2884170114994049
691,periodic_return,24,False,0.32392871379852295
692,periodic_return,29,False,0.30468446016311646
693,periodic_return,14,False,0.28991490602493286
694,periodic_return,29,False,0.30680152773857117
695,periodic_return,14,False,0.2903409004211426
696,periodic_return,21,False,0.30179908871650696
697,periodic_return,29,False,0.30649662017822266
698,periodic_return,29,False,0.30582401156425476
699,periodic_return,29,False,0.29437434673309326
700,periodic_return,14,True,0.28953689336776733
701,periodic_return,14,True,0.2891418933868408
702,periodic_return,26,False,0.29019004106521606
703,periodic_return,28,False,0.2931351363658905
704,periodic_return,14,True,0.29663366079330444
705,periodic_return,14,True,0.2945292592048645
706,periodic_return,14,True,0.3047489523887634
707,periodic_return,14,True,0.2966964542865753
708,periodic_return,14,True,0.2953953444957733
709,periodic_return,14,True,0.2945040166378021
710,periodic_return,14,True,0.30659112334251404
711,periodic_return,14,True,0.29449498653411865
712,periodic_return,14,True,0.29311856627464294
713,periodic_return,14,True,0.29302483797073364
714,periodic_return,14,True,0.2958713471889496
715,periodic_return,14,True,0.29313385486602783
716,periodic_return,14,True,0.2964707016944885
717,periodic_return,14,True,0.29565006494522095
718,periodic_return,14,True,0.3055010139942169
719,periodic_return,14,True,0.29367032647132874
720,periodic_return,14,True,0.29428914189338684
721,periodic_return,14,True,0.2961130440235138
722,periodic_return,14,True,0.2952693700790405
723,periodic_return,14,True,0.2941833734512329
724,periodic_return,14,True,0.2945363223552704
725,periodic_return,14,True,0.2955404818058014
726,periodic_return,14,True,0.29481256008148193
727,periodic_return,14,True,0.29433754086494446
728,periodic_return,14,True,0.29369571805000305
729,periodic_return,14,True,0.29630082845687866
730,periodic_return,14,True,0.29389259219169617
731,periodic_return,14,True,0.2943105399608612
732,periodic_return,14,True,0.2943723499774933
733,periodic_return,14,True,0.2934308350086212
734,periodic_return,14,True,0.2933695316314697
735,periodic_return,14,True,0.29368823766708374
736,periodic_return,14,True,0.2889443039894104
737,periodic_return,14,True,0.28982090950012207
738,periodic_return,14,True,0.29061853885650635
739,periodic_return,14,True,0.290782630443573
740,periodic_return,14,True,0.289644718170166
741,periodic_return,14,True,0.290456086397171
742,periodic_return,14,True,0.2892172634601593
743,periodic_return,14,True,0.29071488976478577
744,periodic_return,14,True,0.2890967130661011
745,periodic_return,14,True,0.2894825339317322
746,periodic_return,14,True,0.29035818576812744
747,periodic_return,14,True,0.2974265515804291
748,periodic_return,14,True,0.29346057772636414
749,periodic_return,14,True,0.28909072279930115
750,periodic_return,14,True,0.2922952473163605
751,periodic_return,14,True,0.29470229148864746
752,periodic_return,14,True,0.289958119392395
753,periodic_return,14,True,0.28919029235839844
754,periodic_return,14,True,0.29212769865989685
755,periodic_return,14,True,0.29003047943115234
756,periodic_return,14,True,0.2903348505496979
757,periodic_return,14,True,0.2902117669582367
758,periodic_return,14,True,0.29035598039627075
759,periodic_return,14,True,0.2909840941429138
760,periodic_return,14,True,0.29185205698013306
761,periodic_return,14,True,0.29015353322029114
762,periodic_return,14,True,0.29259347915649414
763,periodic_return,14,True,0.2919732332229614
764,periodic_return,14,True,0.2968023717403412
765,periodic_return,14,True,0.28877878189086914
766,periodic_return,14,True,0.2894596755504608
767,periodic_return,14,True,0.2896289527416229
768,periodic_return,14,True,0.2904207110404968
769,periodic_return,14,True,0.29064008593559265
770,periodic_return,14,True,0.2910694181919098
771,periodic_return,14,True,0.2909811735153198
772,periodic_return,14,True,0.2902604043483734
773,periodic_return,14,True,0.29019904136657715
774,periodic_return,14,True,0.2911183536052704
775,periodic_return,14,True,0.29088762402534485
776,periodic_return,14,True,0.2904374897480011
777,periodic_return,28,False,0.29892390966415405
778,periodic_return,28,False,0.3080957233905792
779,periodic_return,14,True,0.2958236038684845
780,periodic_return,14,True,0.29227009415626526
781,periodic_return,14,True,0.29065176844596863
782,periodic_return,14,True,0.2936215102672577
783,periodic_return,14,True,0.2920500636100769
784,periodic_return,14,True,0.29083824157714844
785,periodic_return,14,True,0.2918154001235962
786,periodic_return,14,True,0.2902902364730835
787,periodic_return,14,True,0.29099059104919434
788,periodic_return,14,True,0.28997310996055603
789,periodic_return,28,False,0.3042336106300354
790,periodic_return,14,True,0.2904912531375885
791,periodic_return,14,True,0.2914905846118927
792,periodic_return,14,True,0.29091694951057434
793,periodic_return,14,True,0.2897382080554962
794,periodic_return,14,True,0.2905047535896301
795,periodic_return,14,True,0.2917141914367676
796,periodic_return,14,True,0.2912943661212921
797,periodic_return,14,True,0.29038578271865845
798,periodic_return,14,True,0.2909449636936188
799,periodic_return,14,True,0.29044291377067566
800,periodic_return,28,False,0.2965257167816162
801,periodic_return,14,True,0.29100412130355835
802,periodic_return,14,True,0.29501160979270935
803,periodic_return,14,False,0.29297006130218506
804,periodic_return,28,False,0.2987303137779236
805,periodic_return,14,True,0.2942352592945099
806,periodic_return,14,True,0.2919934093952179
807,periodic_return,14,True,0.29224956035614014
808,periodic_return,14,True,0.2929942309856415
809,periodic_return,14,True,0.29379111528396606
810,periodic_return,14,True,0.2919536828994751
811,periodic_return,14,True,0.2963496446609497
812,periodic_return,14,True,0.29496312141418457
813,periodic_return,28,False,0.2995137572288513
814,periodic_return,14,True,0.29586514830589294
815,periodic_return,14,True,0.29563966393470764
816,periodic_return,14,True,0.2940019965171814
817,periodic_return,14,True,0.29405418038368225
818,periodic_return,14,True,0.29043036699295044
819,periodic_return,14,True,0.2942826747894287
820,periodic_return,14,False,0.29347723722457886
821,periodic_return,14,True,0.2943335473537445
822,periodic_return,14,True,0.29457563161849976
823,periodic_return,14,True,0.29528602957725525
824,periodic_return,14,True,0.29550278186798096
825,periodic_return,14,True,0.29065513610839844
826,periodic_return,14,True,0.2952575981616974
827,periodic_return,14,True,0.2955063581466675
828,periodic_return,14,True,0.2906685471534729
829,periodic_return,14,True,0.2919921576976776
830,periodic_return,14,True,0.2926828861236572
831,periodic_return,14,True,0.29106050729751587
832,periodic_return,14,True,0.29107868671417236
833,periodic_return,14,True,0.29171183705329895
834,periodic_return,14,True,0.2925550937652588
835,periodic_return,14,True,0.2928311824798584
836,periodic_return,14,True,0.2930704951286316
837,periodic_return,14,True,0.2926963269710541
838,periodic_return,14,True,0.29288023710250854
839,periodic_return,14,True,0.2929232120513916
840,periodic_return,14,True,0.2926162779331207
841,periodic_return,14,True,0.2915649116039276
842,periodic_return,14,True,0.2923256456851959
843,periodic_return,14,True,0.29292941093444824
844,periodic_return,14,True,0.2946590781211853
845,periodic_return,14,True,0.29308730363845825
846,periodic_return,14,True,0.29336926341056824
847,periodic_return,14,True,0.2925400733947754
848,periodic_return,14,True,0.2926499843597412
849,periodic_return,14,True,0.29260772466659546
850,periodic_return,14,True,0.2913956940174103
851,periodic_return,14,True,0.29310107231140137
852,periodic_return,14,True,0.29258987307548523
853,periodic_return,14,True,0.29309380054473877
854,periodic_return,14,True,0.2919999957084656
855,periodic_return,14,True,0.2930904030799866
856,periodic_return,14,True,0.29378750920295715
857,periodic_return,14,True,0.29195713996887207
858,periodic_return,14,True,0.29274916648864746
859,periodic_return,14,True,0.2912418842315674
860,periodic_return,14,True,0.2914590537548065
861,periodic_return,14,True,0.29235121607780457
862,periodic_return,14,True,0.2922356128692627
863,periodic_return,14,True,0.2912071943283081
864,periodic_return,14,True,0.2966183125972748
865,periodic_return,14,True,0.29636675119400024
866,periodic_return,15,True,0.29291847348213196
867,periodic_return,17,True,0.29482775926589966
868,periodic_return,17,True,0.29473790526390076
869,periodic_return,17,True,0.2969191372394562
870,periodic_return,17,True,0.2936936318874359
871,periodic_return,14,True,0.2949148416519165
872,periodic_return,17,True,0.29387468099594116
873,periodic_return,14,True,0.29397356510162354
874,periodic_return,14,True,0.2966762185096741
875,periodic_return,17,True,0.29132533073425293
876,periodic_return,17,True,0.29696255922317505
877,periodic_return,17,True,0.2954101264476776
878,periodic_return,15,True,0.29250070452690125
879,periodic_return,17,True,0.2928561270236969
880,periodic_return,17,True,0.29377421736717224
881,periodic_return,17,True,0.294246107339859
882,periodic_return,14,True,0.2971763014793396
883,periodic_return,17,False,0.2982371747493744
884,periodic_return,14,True,0.29285651445388794
885,periodic_return,14,True,0.29404041171073914
886,periodic_return,14,True,0.29000693559646606
887,periodic_return,14,True,0.2906161844730377
888,periodic_return,17,True,0.29484283924102783
889,periodic_return,17,True,0.2941894233226776
890,periodic_return,15,True,0.2921648919582367
891,periodic_return,14,True,0.29303839802742004
892,periodic_return,14,True,0.2915095388889313
893,periodic_return,14,True,0.29342231154441833
894,periodic_return,14,True,0.2945496141910553
895,periodic_return,14,True,0.2982099950313568
896,periodic_return,14,True,0.2985726594924927
897,periodic_return,14,True,0.29934364557266235
898,periodic_return,14,True,0.30021238327026367
899,periodic_return,14,True,0.29947152733802795
900,periodic_return,14,True,0.29987072944641113
901,periodic_return,14,True,0.29905715584754944
902,periodic_return,14,True,0.30073168873786926
903,periodic_return,14,True,0.300491601228714
904,periodic_return,14,True,0.29899269342422485
905,periodic_return,14,True,0.2981383204460144
906,periodic_return,14,True,0.2999894917011261
907,periodic_return,14,True,0.29926565289497375
908,periodic_return,14,True,0.298745721578598
909,periodic_return,14,True,0.29974931478500366
910,periodic_return,14,True,0.2985510230064392
911,periodic_return,14,True,0.2995227575302124
912,periodic_return,14,True,0.2993253767490387
913,periodic_return,14,True,0.2999137341976166
914,periodic_return,14,True,0.29926183819770813
915,periodic_return,14,True,0.2984623610973358
916,periodic_return,14,True,0.29902854561805725
917,periodic_return,14,True,0.30042415857315063
918,periodic_return,14,True,0.3001998960971832
919,periodic_return,14,True,0.299983412027359
920,periodic_return,14,True,0.2986568212509155
921,periodic_return,14,True,0.2995127737522125
922,periodic_return,14,True,0.29996025562286377
923,periodic_return,14,True,0.2995341718196869
924,periodic_return,14,True,0.2986239194869995
925,periodic_return,14,True,0.3001139461994171
926,periodic_return,14,True,0.29990190267562866
927,periodic_return,14,True,0.2989460825920105
928,periodic_return,14,True,0.2973232567310333
929,periodic_return,14,True,0.2962494492530823
930,periodic_return,14,True,0.2968083918094635
931,periodic_return,14,True,0.29810789227485657
932,periodic_return,14,True,0.2979215979576111
933,periodic_return,14,True,0.2942074239253998
934,periodic_return,14,True,0.2976888418197632
935,periodic_return,14,True,0.2935141324996948
936,periodic_return,14,True,0.29565173387527466
937,periodic_return,14,True,0.29580798745155334
938,periodic_return,14,True,0.29287591576576233
939,periodic_return,14,True,0.29831114411354065
940,periodic_return,14,True,0.29935747385025024
941,periodic_return,14,True,0.29331332445144653
942,periodic_return,14,True,0.2949049472808838
943,periodic_return,14,True,0.2998466193675995
944,periodic_return,14,True,0.298486590385437
945,periodic_return,14,True,0.2981622517108917
946,periodic_return,14,True,0.2967304587364197
947,periodic_return,14,True,0.2926470935344696
948,periodic_return,14,True,0.297704815864563
949,periodic_return,14,True,0.2980167269706726
950,periodic_return,14,True,0.2937045693397522
951,periodic_return,14,True,0.29663026332855225
952,periodic_return,14,True,0.2940353751182556
953,periodic_return,14,True,0.2961164116859436
954,periodic_return,14,True,0.29876115918159485
955,periodic_return,14,True,0.29589328169822693
956,periodic_return,14,True,0.29921257495880127
957,periodic_return,14,True,0.29596254229545593
958,periodic_return,14,True,0.297028124332428
959,periodic_return,14,True,0.2964601516723633
960,periodic_return,14,True,0.29306015372276306
961,periodic_return,14,True,0.2929213047027588
962,periodic_return,14,True,0.2940867841243744
963,periodic_return,14,True,0.2940162718296051
964,periodic_return,14,True,0.2940443158149719
965,periodic_return,14,True,0.2937811613082886
966,periodic_return,14,True,0.29372209310531616
967,periodic_return,14,True,0.29369843006134033
968,periodic_return,14,True,0.29293352365493774
969,periodic_return,14,True,0.29360517859458923
970,periodic_return,14,True,0.2928314805030823
971,periodic_return,14,True,0.2937134802341461
972,periodic_return,14,True,0.29284003376960754
973,periodic_return,14,True,0.29384106397628784
974,periodic_return,14,True,0.29305288195610046
975,periodic_return,14,True,0.2943098247051239
976,periodic_return,14,True,0.2930779457092285
977,periodic_return,14,True,0.29250746965408325
978,periodic_return,14,True,0.2929098308086395
979,periodic_return,14,True,0.29179877042770386
980,periodic_return,14,True,0.29374539852142334
981,periodic_return,14,True,0.29395192861557007
982,periodic_return,14,True,0.29315757751464844
983,periodic_return,14,True,0.2934744656085968
984,periodic_return,14,True,0.29390475153923035
985,periodic_return,14,True,0.292583703994751
986,periodic_return,14,True,0.293021023273468
987,periodic_return,14,True,0.2952330708503723
988,periodic_return,14,True,0.29306623339653015
989,periodic_return,14,True,0.2949727773666382
990,periodic_return,14,True,0.29383742809295654
991,periodic_return,14,True,0.2938401401042938
992,periodic_return,15,True,0.2906506061553955
993,periodic_return,15,True,0.2921953797340393
994,periodic_return,15,True,0.2921332120895386
995,periodic_return,15,True,0.2909277081489563
996,periodic_return,15,True,0.2923808693885803
997,periodic_return,15,True,0.2909548878669739
998,periodic_return,15,True,0.2914803624153137
999,periodic_return,15,True,0.2925073802471161
1000,periodic_return,15,True,0.29111456871032715
1001,periodic_return,15,True,0.28977274894714355
1002,periodic_return,15,True,0.2927781939506531
1003,periodic_return,14,True,0.2925853431224823
1004,periodic_return,15,True,0.29180803894996643
1005,periodic_return,15,True,0.2913346290588379
1006,periodic_return,15,True,0.2909448444843292
1007,periodic_return,15,True,0.2933264970779419
1008,periodic_return,15,True,0.2915613055229187
1009,periodic_return,15,True,0.2910369038581848
1010,periodic_return,15,True,0.29069384932518005
1011,periodic_return,15,True,0.29066261649131775
1012,periodic_return,15,True,0.29229363799095154
1013,periodic_return,15,True,0.29130107164382935
1014,periodic_return,15,True,0.2921222448348999
1015,periodic_return,15,True,0.2903757393360138
1016,periodic_return,15,True,0.29160255193710327
1017,periodic_return,15,True,0.29210034012794495
1018,periodic_return,15,True,0.29271191358566284
1019,periodic_return,15,True,0.29218724370002747
1020,periodic_return,14,True,0.2948800027370453
1021,periodic_return,15,True,0.29041051864624023
1022,periodic_return,15,True,0.2911418676376343
1023,periodic_return,15,True,0.29088079929351807
1024,periodic_return,14,False,0.28285887837409973
1025,periodic_return,41,False,0.388633668422699
1026,periodic_return,15,True,0.2802392840385437
1027,periodic_return,46,False,0.4484512507915497
1028,periodic_return,15,True,0.284725159406662
1029,periodic_return,42,False,0.4181155562400818
1030,periodic_return,15,True,0.28120681643486023
1031,periodic_return,48,False,0.612299382686615
1032,periodic_return,15,True,0.2791908085346222
1033,periodic_return,14,False,0.28448447585105896
1034,periodic_return,15,True,0.28028443455696106
1035,periodic_return,41,False,0.3820338547229767
1036,periodic_return,37,True,0.30039182305336
1037,periodic_return,42,False,0.5806275010108948
1038,periodic_return,51,False,0.3878517150878906
1039,periodic_return,15,True,0.2815368175506592
1040,periodic_return,49,False,0.47070881724357605
1041,periodic_return,51,False,0.30266571044921875
1042,periodic_return,43,False,0.38447871804237366
1043,periodic_return,15,True,0.292059987783432
1044,periodic_return,14,True,0.2821749746799469
1045,periodic_return,15,True,0.2809525430202484
1046,periodic_return,15,True,0.2829902470111847
1047,periodic_return,43,False,0.3292641043663025
1048,periodic_return,42,False,0.4010034203529358
1049,periodic_return,14,True,0.2826990783214569
1050,periodic_return,14,True,0.28586941957473755
1051,periodic_return,49,False,0.3750310242176056
1052,periodic_return,14,False,0.28727975487709045
1053,periodic_return,15,True,0.2884472608566284
1054,periodic_return,51,False,0.3346128761768341
1055,periodic_return,41,False,0.47291404008865356
1056,periodic_return,40,False,0.330154150724411
1057,periodic_return,50,False,0.37266960740089417
1058,periodic_return,39,False,0.30974408984184265
1059,periodic_return,51,False,0.35549280047416687
1060,periodic_return,38,False,0.293233722448349
1061,periodic_return,41,False,0.35578569769859314
1062,periodic_return,43,False,0.34208303689956665
1063,periodic_return,16,True,0.2870434522628784
1064,periodic_return,39,False,0.30996090173721313
1065,periodic_return,43,False,0.32424166798591614
1066,periodic_return,40,False,0.32644420862197876
1067,periodic_return,44,True,0.3206294775009155
1068,periodic_return,16,False,0.28916698694229126
1069,periodic_return,40,False,0.33194756507873535
1070,periodic_return,16,False,0.289189875125885
1071,periodic_return,16,True,0.28677934408187866
1072,periodic_return,16,False,0.2855454087257385
1073,periodic_return,41,False,0.3367053270339966
1074,periodic_return,38,False,0.2979714572429657
1075,periodic_return,16,True,0.285457968711853
1076,periodic_return,51,False,0.33705219626426697
1077,periodic_return,41,False,0.3389580249786377
1078,periodic_return,42,False,0.3583623468875885
1079,periodic_return,38,False,0.30082133412361145
1080,periodic_return,48,False,0.3551923632621765
1081,periodic_return,16,False,0.29120934009552
1082,periodic_return,51,False,0.32261210680007935
1083,periodic_return,16,True,0.2860158085823059
1084,periodic_return,40,False,0.33618322014808655
1085,periodic_return,40,False,0.32420238852500916
1086,periodic_return,16,False,0.2860833406448364
1087,periodic_return,43,False,0.32242095470428467
1088,periodic_return,14,True,0.2776535451412201
1089,periodic_return,15,True,0.2778523564338684
1090,periodic_return,37,False,0.2844911217689514
1091,periodic_return,15,True,0.28780147433280945
1092,periodic_return,15,True,0.28014981746673584
1093,periodic_return,44,False,0.40557920932769775
1094,periodic_return,39,True,0.30238479375839233
1095,periodic_return,15,True,0.2820986807346344
1096,periodic_return,15,True,0.2831914722919464
1097,periodic_return,43,True,0.3311772048473358
1098,periodic_return,50,False,0.28605520725250244
1099,periodic_return,15,True,0.27822694182395935
1100,periodic_return,15,True,0.28174418210983276
1101,periodic_return,14,True,0.2800329923629761
1102,periodic_return,14,True,0.2818159759044647
1103,periodic_return,15,True,0.277400404214859
1104,periodic_return,39,True,0.3657577931880951
1105,periodic_return,14,True,0.2788439691066742
1106,periodic_return,15,True,0.27886807918548584
1107,periodic_return,15,True,0.28264230489730835
1108,periodic_return,15,True,0.2775844633579254
1109,periodic_return,14,True,0.279911607503891
1110,periodic_return,17,True,0.2811501920223236
1111,periodic_return,16,True,0.28200605511665344
1112,periodic_return,15,True,0.28070738911628723
1113,periodic_return,15,True,0.28158754110336304
1114,periodic_return,15,True,0.28206631541252136
1115,periodic_return,15,True,0.28038254380226135
1116,periodic_return,15,True,0.277804434299469
1117,periodic_return,15,True,0.28364261984825134
1118,periodic_return,14,True,0.28256165981292725
1119,periodic_return,15,True,0.28092557191848755
1120,periodic_return,14,False,0.2840323746204376
1121,periodic_return,39,False,0.41398510336875916
1122,periodic_return,14,False,0.2865580916404724
1123,periodic_return,15,False,0.27940723299980164
1124,periodic_return,40,True,0.45572665333747864
1125,periodic_return,41,False,0.42430737614631653
1126,periodic_return,44,False,0.37161654233932495
1127,periodic_return,14,True,0.28043314814567566
1128,periodic_return,14,True,0.2868753969669342
1129,periodic_return,14,False,0.287443608045578
1130,periodic_return,47,False,0.29946115612983704
1131,periodic_return,14,False,0.29187339544296265
1132,periodic_return,15,True,0.2850565016269684
1133,periodic_return,14,False,0.2841128408908844
1134,periodic_return,15,False,0.2796992361545563
1135,periodic_return,14,True,0.27978238463401794
1136,periodic_return,15,True,0.27951863408088684
1137,periodic_return,37,False,0.34700649976730347
1138,periodic_return,36,False,0.30041420459747314
1139,periodic_return,15,True,0.28915995359420776
1140,periodic_return,43,False,0.39691099524497986
1141,periodic_return,35,False,0.302420973777771
1142,periodic_return,14,False,0.28562283515930176
1143,periodic_return,36,False,0.30096960067749023
1144,periodic_return,41,True,0.30133387446403503
1145,periodic_return,37,False,0.32825762033462524
1146,periodic_return,14,False,0.2863064408302307
1147,periodic_return,14,True,0.28342196345329285
1148,periodic_return,40,False,0.37257689237594604
1149,periodic_return,14,False,0.2806214392185211
1150,periodic_return,14,False,0.28579580783843994
1151,periodic_return,15,False,0.2863839268684387
1152,periodic_return,17,True,0.28806260228157043
1153,periodic_return,51,False,0.37631356716156006
1154,periodic_return,39,False,0.3537551164627075
1155,periodic_return,51,False,0.42096981406211853
1156,periodic_return,39,False,0.43635350465774536
1157,periodic_return,39,False,0.34886500239372253
1158,periodic_return,41,True,0.3316642940044403
1159,periodic_return,39,False,0.38692474365234375
1160,periodic_return,39,True,0.34376150369644165
1161,periodic_return,48,False,0.3902072608470917
1162,periodic_return,41,False,0.32621535658836365
1163,periodic_return,16,True,0.2894235849380493
1164,periodic_return,50,False,0.390243798494339
1165,periodic_return,51,False,0.40279051661491394
1166,periodic_return,47,False,0.6762944459915161
1167,periodic_return,40,False,0.43559733033180237
1168,periodic_return,51,False,0.38634493947029114
1169,periodic_return,51,False,0.35190147161483765
1170,periodic_return,39,False,0.3834017813205719
1171,periodic_return,50,False,0.3831997513771057
1172,periodic_return,17,True,0.28703925013542175
1173,periodic_return,17,True,0.2850239872932434
1174,periodic_return,48,False,0.36203375458717346
1175,periodic_return,17,True,0.2972107529640198
1176,periodic_return,38,False,0.30493614077568054
1177,periodic_return,39,False,0.35369130969047546
1178,periodic_return,40,False,0.3436613976955414
1179,periodic_return,49,False,0.5541682839393616
1180,periodic_return,16,True,0.28781795501708984
1181,periodic_return,38,True,0.35115864872932434
1182,periodic_return,41,False,0.33898070454597473
1183,periodic_return,39,False,0.370014488697052
1184,periodic_return,14,True,0.2835215926170349
1185,periodic_return,38,False,0.5226709246635437
1186,periodic_return,14,True,0.2842090129852295
1187,periodic_return,15,True,0.2849569022655487
1188,periodic_return,15,True,0.2885679602622986
1189,periodic_return,14,True,0.28572359681129456
1190,periodic_return,14,True,0.2855883836746216
1191,periodic_return,42,False,0.36876964569091797
1192,periodic_return,14,True,0.28570228815078735
1193,periodic_return,14,True,0.28654950857162476
1194,periodic_return,14,True,0.28896844387054443
1195,periodic_return,15,True,0.28735193610191345
1196,periodic_return,39,False,0.4180569052696228
1197,periodic_return,14,True,0.2864728569984436
1198,periodic_return,15,True,0.2861590087413788
1199,periodic_return,15,True,0.29010435938835144
1200,periodic_return,14,True,0.2808492183685303
1201,periodic_return,39,False,0.3133855164051056
1202,periodic_return,15,True,0.28809741139411926
1203,periodic_return,15,True,0.2891014814376831
1204,periodic_return,14,True,0.28446710109710693
1205,periodic_return,14,True,0.28342217206954956
1206,periodic_return,14,True,0.2857440710067749
1207,periodic_return,15,True,0.2854846715927124
1208,periodic_return,15,True,0.28064587712287903
1209,periodic_return,14,True,0.2826197147369385
1210,periodic_return,14,True,0.2876240909099579
1211,periodic_return,15,True,0.2887599766254425
1212,periodic_return,15,True,0.2878279387950897
1213,periodic_return,14,True,0.28433290123939514
1214,periodic_return,15,True,0.2882498800754547
1215,periodic_return,15,True,0.2899492383003235
1216,periodic_return,15,True,0.2869550883769989
1217,periodic_return,16,True,0.29491591453552246
1218,periodic_return,16,True,0.2921667993068695
1219,periodic_return,16,True,0.2925453186035156
1220,periodic_return,16,True,0.29449185729026794
1221,periodic_return,16,True,0.29096442461013794
1222,periodic_return,49,False,0.29837071895599365
1223,periodic_return,16,True,0.2855333983898163
1224,periodic_return,16,True,0.28480958938598633
1225,periodic_return,50,False,0.302997887134552
1226,periodic_return,16,True,0.29208025336265564
1227,periodic_return,16,False,0.2888207733631134
1228,periodic_return,16,False,0.29009294509887695
1229,periodic_return,16,True,0.28709354996681213
1230,periodic_return,16,True,0.29024481773376465
1231,periodic_return,16,True,0.29568591713905334
1232,periodic_return,16,True,0.2913411557674408
1233,periodic_return,16,True,0.2946445345878601
1234,periodic_return,16,True,0.28319647908210754
1235,periodic_return,50,False,0.29391956329345703
1236,periodic_return,16,True,0.29244092106819153
1237,periodic_return,50,False,0.3038454055786133
1238,periodic_return,16,True,0.2950742840766907
1239,periodic_return,16,True,0.2940552234649658
1240,periodic_return,16,True,0.29446250200271606
1241,periodic_return,15,True,0.2827681005001068
1242,periodic_return,16,False,0.29082152247428894
1243,periodic_return,16,True,0.29351308941841125
1244,periodic_return,16,False,0.2942091226577759
1245,periodic_return,16,False,0.28489094972610474
1246,periodic_return,16,True,0.29511499404907227
1247,periodic_return,16,True,0.29300814867019653
1248,periodic_return,18,True,0.2809693217277527
1249,periodic_return,17,True,0.2776627838611603
1250,periodic_return,44,False,0.31701600551605225
1251,periodic_return,16,True,0.2812933921813965
1252,periodic_return,16,True,0.28084796667099
1253,periodic_return,18,True,0.28993698954582214
1254,periodic_return,16,True,0.27990105748176575
1255,periodic_return,16,True,0.27760249376296997
1256,periodic_return,16,True,0.2792060077190399
1257,periodic_return,18,True,0.29199498891830444
1258,periodic_return,16,True,0.2791292071342468
1259,periodic_return,16,True,0.2777673602104187
1260,periodic_return,17,True,0.2778947055339813
1261,periodic_return,16,True,0.2819667458534241
1262,periodic_return,17,True,0.2858368754386902
1263,periodic_return,16,True,0.2843228280544281
1264,periodic_return,48,False,0.29987141489982605
1265,periodic_return,16,True,0.2794552147388458
1266,periodic_return,17,True,0.27670273184776306
1267,periodic_return,48,False,0.3187409043312073
1268,periodic_return,17,True,0.28646063804626465
1269,periodic_return,16,True,0.28106093406677246
1270,periodic_return,16,True,0.2800288796424866
1271,periodic_return,16,True,0.282808393239975
1272,periodic_return,16,True,0.28097718954086304
1273,periodic_return,17,True,0.27891626954078674
1274,periodic_return,16,True,0.2779327929019928
1275,periodic_return,16,True,0.2787531912326813
1276,periodic_return,16,True,0.2752031683921814
1277,periodic_return,17,True,0.28524768352508545
1278,periodic_return,16,True,0.2784639596939087
1279,periodic_return,16,True,0.28129005432128906
1280,periodic_return,16,True,0.2891220450401306
1281,periodic_return,18,False,0.2841416001319885
1282,periodic_return,51,False,0.46220162510871887
1283,periodic_return,48,False,0.33552807569503784
1284,periodic_return,46,False,0.3380778431892395
1285,periodic_return,43,False,0.34980133175849915
1286,periodic_return,41,False,0.38599690794944763
1287,periodic_return,16,True,0.2870555520057678
1288,periodic_return,17,True,0.2917884588241577
1289,periodic_return,17,True,0.28500184416770935
1290,periodic_return,47,False,0.437958687543869
1291,periodic_return,16,True,0.2854485511779785
1292,periodic_return,48,False,0.34488052129745483
1293,periodic_return,44,False,0.3145705759525299
1294,periodic_return,47,False,0.3322927951812744
1295,periodic_return,44,False,0.46307724714279175
1296,periodic_return,16,True,0.28912004828453064
1297,periodic_return,42,False,0.39662691950798035
1298,periodic_return,42,False,0.37269261479377747
1299,periodic_return,42,False,0.38870394229888916
1300,periodic_return,17,True,0.2921660840511322
1301,periodic_return,41,False,0.40956220030784607
1302,periodic_return,47,False,0.36273568868637085
1303,periodic_return,16,True,0.28614115715026855
1304,periodic_return,49,False,0.38152071833610535
1305,periodic_return,17,False,0.28972840309143066
1306,periodic_return,51,False,0.3673034906387329
1307,periodic_return,45,False,0.39432868361473083
1308,periodic_return,41,False,0.3033546209335327
1309,periodic_return,17,True,0.2924395501613617
1310,periodic_return,17,False,0.2834431529045105
1311,periodic_return,42,False,0.3439778983592987
1312,periodic_return,16,True,0.28751301765441895
1313,periodic_return,16,True,0.2914779782295227
1314,periodic_return,15,True,0.2863534390926361
1315,periodic_return,40,False,0.32098180055618286
1316,periodic_return,16,True,0.2852468490600586
1317,periodic_return,51,False,0.29909148812294006
1318,periodic_return,15,True,0.2937467098236084
1319,periodic_return,16,True,0.28962022066116333
1320,periodic_return,16,True,0.29110482335090637
1321,periodic_return,17,True,0.2855243682861328
1322,periodic_return,15,True,0.29072707891464233
1323,periodic_return,15,True,0.2897409498691559
1324,periodic_return,16,True,0.28681546449661255
1325,periodic_return,16,True,0.2859925925731659
1326,periodic_return,15,True,0.29133617877960205
1327,periodic_return,16,True,0.2915978729724884
1328,periodic_return,16,True,0.2916299104690552
1329,periodic_return,15,True,0.2886011302471161
1330,periodic_return,16,True,0.28987574577331543
1331,periodic_return,15,True,0.29109615087509155
1332,periodic_return,16,True,0.2898128032684326
1333,periodic_return,15,True,0.28733834624290466
1334,periodic_return,16,True,0.2856467366218567
1335,periodic_return,16,True,0.29292532801628113
1336,periodic_return,16,True,0.29137271642684937
1337,periodic_return,15,True,0.28382769227027893
1338,periodic_return,16,False,0.28942036628723145
1339,periodic_return,40,False,0.3177919089794159
1340,periodic_return,16,True,0.29137739539146423
1341,periodic_return,15,True,0.2900083661079407
1342,periodic_return,16,True,0.2904902696609497
1343,periodic_return,16,True,0.29292649030685425
1344,periodic_return,15,True,0.29555946588516235
1345,periodic_return,15,True,0.28648728132247925
1346,periodic_return,15,True,0.2895715534687042
1347,periodic_return,15,True,0.2930372655391693
1348,periodic_return,15,True,0.29685842990875244
1349,periodic_return,15,True,0.2955174446105957
1350,periodic_return,15,True,0.28979262709617615
1351,periodic_return,15,True,0.2845492362976074
1352,periodic_return,15,True,0.28874218463897705
1353,periodic_return,15,True,0.28781840205192566
1354,periodic_return,15,True,0.29293808341026306
1355,periodic_return,15,True,0.2864195704460144
1356,periodic_return,15,True,0.2957025468349457
1357,periodic_return,15,True,0.292572945356369
1358,periodic_return,15,True,0.2980497479438782
1359,periodic_return,15,True,0.2941097319126129
1360,periodic_return,15,True,0.289114773273468
1361,periodic_return,15,True,0.29889973998069763
1362,periodic_return,15,True,0.28603315353393555
1363,periodic_return,15,True,0.29179221391677856
1364,periodic_return,15,True,0.2976842522621155
1365,periodic_return,15,True,0.29513823986053467
1366,periodic_return,15,True,0.297489732503891
1367,periodic_return,15,True,0.2975436747074127
1368,periodic_return,15,True,0.2898455262184143
1369,periodic_return,15,True,0.29480311274528503
1370,periodic_return,15,True,0.29416605830192566
1371,periodic_return,15,True,0.2972583770751953
1372,periodic_return,15,True,0.29199016094207764
1373,periodic_return,16,True,0.2861576974391937
1374,periodic_return,15,True,0.2946286201477051
1375,periodic_return,15,True,0.2986659109592438
1376,periodic_return,14,True,0.2802920639514923
1377,periodic_return,15,True,0.28189748525619507
1378,periodic_return,15,True,0.2866879105567932
1379,periodic_return,14,True,0.28356707096099854
1380,periodic_return,14,True,0.28186914324760437
1381,periodic_return,14,True,0.28038766980171204
1382,periodic_return,15,True,0.28465980291366577
1383,periodic_return,14,True,0.28237465023994446
1384,periodic_return,15,True,0.28714120388031006
1385,periodic_return,15,True,0.2805998921394348
1386,periodic_return,14,True,0.28233471512794495
1387,periodic_return,15,True,0.27993011474609375
1388,periodic_return,14,True,0.28234198689460754
1389,periodic_return,14,True,0.2804025113582611
1390,periodic_return,15,True,0.2827637493610382
1391,periodic_return,14,True,0.28040972352027893
1392,periodic_return,15,True,0.2801770269870758
1393,periodic_return,15,True,0.28019624948501587
1394,periodic_return,15,True,0.27990010380744934
1395,periodic_return,14,True,0.2830437123775482
1396,periodic_return,14,True,0.28075143694877625
1397,periodic_return,15,True,0.28356999158859253
1398,periodic_return,15,True,0.28278011083602905
1399,periodic_return,15,True,0.28132155537605286
1400,periodic_return,14,True,0.28330275416374207
1401,periodic_return,15,True,0.2819118797779083
1402,periodic_return,15,True,0.2812824845314026
1403,periodic_return,14,True,0.28104519844055176
1404,periodic_return,14,True,0.28417617082595825
1405,periodic_return,15,True,0.2884930968284607
1406,periodic_return,15,True,0.28028324246406555
1407,periodic_return,14,True,0.2803739011287689
1408,periodic_return,40,False,0.37162667512893677
1409,periodic_return,40,True,0.35157525539398193
1410,periodic_return,48,False,0.31931495666503906
1411,periodic_return,48,False,0.3824613392353058
1412,periodic_return,41,False,0.39122474193573
1413,periodic_return,42,False,0.3197525441646576
1414,periodic_return,40,False,0.3466377556324005
1415,periodic_return,38,False,0.30719906091690063
1416,periodic_return,50,False,0.3937724530696869
1417,periodic_return,39,False,0.3211457431316376
1418,periodic_return,40,False,0.31163856387138367
1419,periodic_return,45,False,0.5938159227371216
1420,periodic_return,44,False,0.3412177860736847
1421,periodic_return,40,True,0.35777342319488525
1422,periodic_return,42,True,0.34308838844299316
1423,periodic_return,39,False,0.2964443266391754
1424,periodic_return,49,False,0.4331991672515869
1425,periodic_return,42,False,0.42835238575935364
1426,periodic_return,43,True,0.3432593047618866
1427,periodic_return,50,False,0.3898116648197174
1428,periodic_return,16,False,0.2877500653266907
1429,periodic_return,40,False,0.31675127148628235
1430,periodic_return,51,False,0.4209136962890625
1431,periodic_return,40,False,0.39034703373908997
1432,periodic_return,39,False,0.3156440556049347
1433,periodic_return,16,False,0.2917161285877228
1434,periodic_return,45,False,0.38882341980934143
1435,periodic_return,39,False,0.3024376928806305
1436,periodic_return,39,False,0.3037239909172058
1437,periodic_return,51,False,0.42232340574264526
1438,periodic_return,40,False,0.3295595049858093
1439,periodic_return,41,False,0.3649831712245941
1440,periodic_return,15,False,0.28933635354042053
1441,periodic_return,15,True,0.2877828776836395
1442,periodic_return,15,True,0.2859204411506653
1443,periodic_return,15,True,0.28514260053634644
1444,periodic_return,15,True,0.2889919877052307
1445,periodic_return,15,True,0.28670331835746765
1446,periodic_return,39,False,0.36932235956192017
1447,periodic_return,39,False,0.3322695791721344
1448,periodic_return,15,True,0.2869771420955658
1449,periodic_return,50,False,0.3147263824939728
1450,periodic_return,15,True,0.2873728275299072
1451,periodic_return,39,False,0.3061865568161011
1452,periodic_return,46,False,0.34382379055023193
1453,periodic_return,15,True,0.2835611402988434
1454,periodic_return,50,False,0.2909252643585205
1455,periodic_return,15,False,0.28824520111083984
1456,periodic_return,15,False,0.2868550717830658
1457,periodic_return,39,False,0.3207828402519226
1458,periodic_return,15,False,0.287303626537323
1459,periodic_return,47,False,0.5555626153945923
1460,periodic_return,15,False,0.2846708595752716
1461,periodic_return,15,True,0.2862390875816345
1462,periodic_return,15,True,0.2849070727825165
1463,periodic_return,49,False,0.2862280607223511
1464,periodic_return,15,True,0.2839936316013336
1465,periodic_return,15,False,0.28401532769203186
1466,periodic_return,15,False,0.28297439217567444
1467,periodic_return,50,False,0.33187612891197205
1468,periodic_return,51,False,0.4102974236011505
1469,periodic_return,15,True,0.2839098870754242
1470,periodic_return,15,True,0.28820446133613586
1471,periodic_return,15,True,0.2835768163204193
1472,periodic_return,15,True,0.28138744831085205
1473,periodic_return,15,True,0.2868874967098236
1474,periodic_return,15,True,0.28635621070861816
1475,periodic_return,15,True,0.28696388006210327
1476,periodic_return,15,True,0.2924458086490631
1477,periodic_return,15,True,0.2879112958908081
1478,periodic_return,15,True,0.28232041001319885
1479,periodic_return,15,True,0.2862824499607086
1480,periodic_return,15,True,0.2836313843727112
1481,periodic_return,15,True,0.28670090436935425
1482,periodic_return,15,True,0.2858735918998718
1483,periodic_return,15,True,0.29220518469810486
1484,periodic_return,15,True,0.2920580804347992
1485,periodic_return,15,True,0.2883201837539673
1486,periodic_return,15,True,0.289344847202301
1487,periodic_return,15,False,0.29060256481170654
1488,periodic_return,15,True,0.2874278724193573
1489,periodic_return,15,True,0.28905773162841797
1490,periodic_return,15,True,0.28869500756263733
1491,periodic_return,39,True,0.34869807958602905
1492,periodic_return,15,True,0.2891274392604828
1493,periodic_return,15,True,0.2866401672363281
1494,periodic_return,15,True,0.28824669122695923
1495,periodic_return,15,True,0.2883756756782532
1496,periodic_return,15,True,0.29023319482803345
1497,periodic_return,15,True,0.28532874584198
1498,periodic_return,15,True,0.2884645462036133
1499,periodic_return,15,True,0.2888871133327484
1500,periodic_return,15,True,0.28922638297080994
1501,periodic_return,15,True,0.2844463586807251
1502,periodic_return,15,True,0.29051458835601807
1503,periodic_return,15,True,0.28543832898139954
1504,periodic_return,40,False,0.3692418336868286
1505,periodic_return,38,False,0.4054737985134125
1506,periodic_return,45,False,0.3571246564388275
1507,periodic_return,38,False,0.44671228528022766
1508,periodic_return,49,False,0.37496310472488403
1509,periodic_return,51,False,0.3524629473686218
1510,periodic_return,38,False,0.39698025584220886
1511,periodic_return,39,False,0.35893791913986206
1512,periodic_return,38,False,0.3572208881378174
1513,periodic_return,38,False,0.3498534560203552
1514,periodic_return,38,False,0.44665995240211487
1515,periodic_return,45,False,0.4376693069934845
1516,periodic_return,39,False,0.4565947949886322
1517,periodic_return,38,False,0.4077703356742859
1518,periodic_return,44,False,0.47160229086875916
1519,periodic_return,51,False,0.45720425248146057
1520,periodic_return,51,False,0.3673619031906128
1521,periodic_return,39,False,0.47035133838653564
1522,periodic_return,39,False,0.36364123225212097
1523,periodic_return,48,False,0.4771133065223694
1524,periodic_return,49,False,0.41840723156929016
1525,periodic_return,38,False,0.4063688814640045
1526,periodic_return,51,False,0.3795396685600281
1527,periodic_return,40,False,0.40388229489326477
1528,periodic_return,38,False,0.4461580216884613
1529,periodic_return,38,False,0.3932531774044037
1530,periodic_return,38,False,0.46589386463165283
1531,periodic_return,48,False,0.4645248055458069
1532,periodic_return,39,False,0.39588040113449097
1533,periodic_return,51,False,0.4504273235797882
1534,periodic_return,50,False,0.4616173803806305
1535,periodic_return,37,False,0.42691516876220703
1650,periodic_return,20,False,0.4188566505908966
1680,periodic_return,20,False,0.369484007358551
1719,periodic_return,21,False,0.3384436368942261
1724,periodic_return,21,False,0.40625298023223877
1740,periodic_return,21,False,0.3142990469932556
1795,periodic_return,21,False,0.37754857540130615
1815,periodic_return,21,True,0.3536396622657776
1930,periodic_return,19,False,0.3031664192676544
1967,periodic_return,14,True,0.35058510303497314
1971,periodic_return,21,False,0.4026344120502472
1984,periodic_return,20,False,0.36895453929901123
1985,periodic_return,20,False,0.3104267716407776
1991,periodic_return,20,False,0.37475815415382385
1993,periodic_return,13,True,0.2910497784614563
2014,periodic_return,20,False,0.34281763434410095
2051,periodic_return,14,True,0.2836129665374756
2076,periodic_return,21,False,0.28752848505973816
2099,periodic_return,21,False,0.28842151165008545
2124,periodic_return,21,False,0.2860380709171295
2144,periodic_return,13,True,0.255019873380661
2146,periodic_return,13,True,0.2615536153316498
2148,periodic_return,13,True,0.25681012868881226
2149,periodic_return,13,True,0.2566716969013214
2151,periodic_return,13,True,0.2564499080181122
2153,periodic_return,13,True,0.25653281807899475
2154,periodic_return,21,False,0.2696714699268341
2156,periodic_return,13,True,0.25533100962638855
2159,periodic_return,13,True,0.2557227611541748
2162,periodic_return,13,True,0.25653883814811707
2163,periodic_return,13,True,0.255686491727829
2165,periodic_return,13,True,0.2561649680137634
2167,periodic_return,13,True,0.2564667761325836
2170,periodic_return,21,False,0.2684118151664734
2172,periodic_return,13,True,0.25655779242515564
2174,periodic_return,13,True,0.2561735510826111
2178,periodic_return,21,False,0.27452215552330017
2179,periodic_return,21,False,0.27479463815689087
2185,periodic_return,13,True,0.2584085166454315
2186,periodic_return,14,True,0.2581835687160492
2189,periodic_return,14,True,0.2582550346851349
2200,periodic_return,13,True,0.2589353621006012
2211,periodic_return,13,True,0.2578488290309906
2244,periodic_return,21,False,0.2651195526123047
2245,periodic_return,21,False,0.26473599672317505
2247,periodic_return,21,False,0.2655043303966522
2248,periodic_return,21,False,0.2699022591114044
2249,periodic_return,21,False,0.26638492941856384
2264,periodic_return,21,False,0.2662017345428467
2266,periodic_return,21,False,0.2649824917316437
2274,periodic_return,21,False,0.27641403675079346
2297,periodic_return,21,False,0.2767255902290344
2316,periodic_return,21,False,0.28391849994659424
2352,periodic_return,21,False,0.2747568190097809
2366,periodic_return,21,False,0.27573829889297485
2368,periodic_return,21,False,0.2776540219783783
2372,periodic_return,21,False,0.27620798349380493
2375,periodic_return,20,False,0.2694607079029083
2377,periodic_return,21,False,0.276989609003067
2378,periodic_return,21,False,0.2761823236942291
2382,periodic_return,21,False,0.2772001028060913
2383,periodic_return,21,False,0.2763440012931824
2384,periodic_return,21,False,0.27623221278190613
2386,periodic_return,21,False,0.2795853912830353
2388,periodic_return,21,False,0.27585628628730774
2389,periodic_return,21,False,0.27944570779800415
2390,periodic_return,21,False,0.27552491426467896
2393,periodic_return,21,False,0.27778151631355286
2394,periodic_return,21,False,0.276319295167923
2397,periodic_return,21,False,0.2762829065322876
2398,periodic_return,21,False,0.2753327786922455
2406,periodic_return,21,False,0.2749069035053253
2464,periodic_return,13,True,0.2586876451969147
2465,periodic_return,13,True,0.25832074880599976
2467,periodic_return,13,True,0.2605092227458954
2468,periodic_return,13,True,0.25795304775238037
2469,periodic_return,13,True,0.2601315379142761
2472,periodic_return,13,True,0.2600599229335785
2473,periodic_return,13,True,0.25809246301651
2474,periodic_return,13,True,0.2595020532608032
2475,periodic_return,13,True,0.2588934600353241
2478,periodic_return,13,True,0.2588306963443756
2481,periodic_return,13,True,0.2589397430419922
2482,periodic_return,13,True,0.2587603032588959
2485,periodic_return,13,True,0.2585192024707794
2487,periodic_return,13,True,0.2591373920440674
2489,periodic_return,13,True,0.2588302493095398
2490,periodic_return,13,True,0.2574809789657593
2491,periodic_return,21,False,0.2682759761810303
2492,periodic_return,13,True,0.26127925515174866
2495,periodic_return,13,True,0.260509729385376
2528,periodic_return,13,True,0.2599317133426666
2529,periodic_return,13,True,0.26015618443489075
2531,periodic_return,13,True,0.2605063021183014
2532,periodic_return,13,True,0.25981804728507996
2533,periodic_return,13,True,0.26003068685531616
2535,periodic_return,13,True,0.26125726103782654
2537,periodic_return,13,True,0.26062726974487305
2538,periodic_return,13,True,0.2597222328186035
2539,periodic_return,13,True,0.2584792673587799
2540,periodic_return,13,True,0.26126864552497864
2544,periodic_return,13,True,0.2599849998950958
2546,periodic_return,13,True,0.26054510474205017
2549,periodic_return,13,True,0.25967633724212646
2551,periodic_return,13,True,0.26114121079444885
2553,periodic_return,13,True,0.2607877552509308
2556,periodic_return,14,True,0.26101091504096985
2557,periodic_return,13,True,0.26067233085632324
2558,periodic_return,13,True,0.26117056608200073
2559,periodic_return,13,True,0.26075154542922974
0,command_jitter,1,True,0.015234408900141716
1,command_jitter,1,True,0.04442623257637024
2,command_jitter,5,True,0.01644972339272499
3,command_jitter,1,True,0.03128514066338539
4,command_jitter,12,True,0.08067125082015991
5,command_jitter,12,True,0.046574175357818604
6,command_jitter,1,True,0.0
7,command_jitter,1,True,0.0
8,command_jitter,5,True,0.03601258993148804
9,command_jitter,5,True,0.0488458126783371
10,command_jitter,12,True,0.04957028850913048
11,command_jitter,1,True,0.0
12,command_jitter,5,True,0.042061254382133484
13,command_jitter,5,True,0.03787325695157051
14,command_jitter,4,True,0.02587534673511982
15,command_jitter,13,True,0.05882571265101433
16,command_jitter,1,True,0.03372577577829361
17,command_jitter,12,True,0.20878314971923828
18,command_jitter,1,True,0.0
19,command_jitter,1,True,0.01373656839132309
20,command_jitter,5,True,0.04577363654971123
21,command_jitter,5,True,0.03322838991880417
22,command_jitter,1,True,0.037736695259809494
23,command_jitter,12,True,0.0505649670958519
24,command_jitter,1,True,0.02087489143013954
25,command_jitter,1,True,0.015655947849154472
26,command_jitter,1,True,0.0
27,command_jitter,1,True,0.0483224093914032
28,command_jitter,12,True,0.06019144877791405
29,command_jitter,1,True,0.037813905626535416
30,command_jitter,5,True,0.020408933982253075
31,command_jitter,12,True,0.043850913643836975
32,command_jitter,4,True,0.13048714399337769
33,command_jitter,3,True,0.08010897040367126
34,command_jitter,11,True,0.11660406738519669
35,command_jitter,4,True,0.10523266345262527
36,command_jitter,1,True,0.0
37,command_jitter,1,True,0.0
38,command_jitter,1,True,0.0
39,command_jitter,4,True,0.1785864681005478
40,command_jitter,4,True,0.16045084595680237
41,command_jitter,4,True,0.06888177245855331
42,command_jitter,3,True,0.04556393250823021
43,command_jitter,1,True,0.0
44,command_jitter,4,True,0.11275269836187363
45,command_jitter,11,True,0.10331878066062927
46,command_jitter,1,True,0.0
47,command_jitter,11,True,0.13595376908779144
48,command_jitter,4,True,0.0944480448961258
49,command_jitter,4,True,0.08152274042367935
50,command_jitter,4,True,0.1535312533378601
51,command_jitter,1,True,0.0
52,command_jitter,11,True,0.3033616840839386
53,command_jitter,1,True,0.0
54,command_jitter,4,True,0.2412562221288681
55,command_jitter,1,True,0.0
56,command_jitter,1,True,0.0
57,command_jitter,4,True,0.11857342720031738
58,command_jitter,4,True,0.07746997475624084
59,command_jitter,4,True,0.0987284779548645
60,command_jitter,11,True,0.08552248775959015
61,command_jitter,4,True,0.1753554344177246
62,command_jitter,11,True,0.11855185776948929
63,command_jitter,1,True,0.0
64,command_jitter,1,True,0.0
65,command_jitter,1,True,0.0
66,command_jitter,1,True,0.0
67,command_jitter,1,True,0.0
68,command_jitter,11,True,0.0698038786649704
69,command_jitter,1,True,0.0
70,command_jitter,1,True,0.0
71,command_jitter,1,True,0.0
72,command_jitter,1,True,0.0
73,command_jitter,11,True,0.21162831783294678
74,command_jitter,11,True,0.11562897264957428
75,command_jitter,1,True,0.0
76,command_jitter,1,True,0.0
77,command_jitter,11,True,0.05812198668718338
78,command_jitter,1,True,0.0
79,command_jitter,1,True,0.0
80,command_jitter,1,True,0.0
81,command_jitter,13,True,0.07920928299427032
82,command_jitter,1,True,0.0
83,command_jitter,11,True,0.031336475163698196
84,command_jitter,1,True,0.0
85,command_jitter,11,True,0.05516262724995613
86,command_jitter,1,True,0.0
87,command_jitter,1,True,0.020312556996941566
88,command_jitter,1,True,0.0
89,command_jitter,1,True,0.0
90,command_jitter,4,True,0.04708128795027733
91,command_jitter,12,True,0.0424465574324131
92,command_jitter,1,True,0.0
93,command_jitter,1,True,0.0
94,command_jitter,1,True,0.0
95,command_jitter,10,True,0.012427804060280323
96,command_jitter,12,True,0.03765631094574928
97,command_jitter,4,True,0.10549448430538177
98,command_jitter,4,True,0.02965747006237507
99,command_jitter,12,True,0.054116759449243546
100,command_jitter,4,True,0.17564360797405243
101,command_jitter,12,True,0.0886213630437851
102,command_jitter,4,True,0.05948064476251602
103,command_jitter,4,True,0.25
104,command_jitter,12,True,0.051930010318756104
105,command_jitter,12,True,0.07924111187458038
106,command_jitter,12,True,0.09681388735771179
107,command_jitter,4,True,0.2492942214012146
108,command_jitter,4,True,0.13489188253879547
109,command_jitter,4,True,0.25
110,command_jitter,4,True,0.21049609780311584
111,command_jitter,12,True,0.18937093019485474
112,command_jitter,4,True,0.262349009513855
113,command_jitter,12,True,0.2533358037471771
114,command_jitter,4,True,0.23479384183883667
115,command_jitter,4,True,0.24007858335971832
116,command_jitter,12,True,0.05141691863536835
117,command_jitter,4,True,0.10271032899618149
118,command_jitter,4,True,0.194986954331398
119,command_jitter,4,True,0.07950209826231003
120,command_jitter,4,True,0.07660382241010666
121,command_jitter,12,True,0.13510164618492126
122,command_jitter,4,True,0.1918630599975586
123,command_jitter,4,True,0.172085702419281
124,command_jitter,4,True,0.11701065301895142
125,command_jitter,4,True,0.12690787017345428
126,command_jitter,12,True,0.13140112161636353
127,command_jitter,1,True,0.05548246204853058
128,command_jitter,12,True,0.04246439412236214
129,command_jitter,12,True,0.034433454275131226
130,command_jitter,12,True,0.047604337334632874
131,command_jitter,12,True,0.07276882231235504
132,command_jitter,12,True,0.06861229985952377
133,command_jitter,12,True,0.12723895907402039
134,command_jitter,12,True,0.18243515491485596
135,command_jitter,1,True,0.0
136,command_jitter,12,True,0.031391412019729614
137,command_jitter,12,True,0.10124800354242325
138,command_jitter,12,True,0.09891478717327118
139,command_jitter,12,True,0.017217257991433144
140,command_jitter,12,True,0.034107521176338196
141,command_jitter,4,True,0.02550511807203293
142,command_jitter,4,True,0.046997107565402985
143,command_jitter,12,True,0.017479507252573967
144,command_jitter,12,True,0.09920016676187515
145,command_jitter,12,True,0.1410680115222931
146,command_jitter,1,True,0.0
147,command_jitter,12,True,0.034407347440719604
148,command_jitter,12,True,0.03766029328107834
149,command_jitter,12,True,0.11213551461696625
150,command_jitter,12,True,0.0751229077577591
151,command_jitter,12,True,0.14139942824840546
152,command_jitter,12,True,0.03696382790803909
153,command_jitter,12,True,0.02264619804918766
154,command_jitter,12,True,0.03514009341597557
155,command_jitter,12,True,0.11796724051237106
156,command_jitter,12,True,0.02461203746497631
157,command_jitter,12,True,0.04807739332318306
158,command_jitter,12,True,0.08228649199008942
159,command_jitter,12,True,0.027978036552667618
160,command_jitter,11,True,0.028303969651460648
161,command_jitter,1,True,0.0
162,command_jitter,1,True,0.0
163,command_jitter,1,True,0.0
164,command_jitter,1,True,0.0
165,command_jitter,1,True,0.0
166,command_jitter,1,True,0.0
167,command_jitter,1,True,0.0
168,command_jitter,11,True,0.1801971197128296
169,command_jitter,1,True,0.0
170,command_jitter,6,True,0.05762440711259842
171,command_jitter,1,True,0.022370636463165283
172,command_jitter,11,True,0.15740539133548737
173,command_jitter,11,True,0.03261956572532654
174,command_jitter,1,True,0.0
175,command_jitter,11,True,0.07571273297071457
176,command_jitter,11,True,0.07144472748041153
177,command_jitter,11,True,0.16055560111999512
178,command_jitter,11,True,0.167039155960083
179,command_jitter,1,True,0.0
180,command_jitter,1,True,0.0
181,command_jitter,11,True,0.02971808984875679
182,command_jitter,11,True,0.07340820878744125
183,command_jitter,1,True,0.0
184,command_jitter,1,True,0.0
185,command_jitter,1,True,0.0
186,command_jitter,1,True,0.0
187,command_jitter,1,True,0.0
188,command_jitter,11,True,0.2279750406742096
189,command_jitter,1,True,0.0
190,command_jitter,1,True,0.0
191,command_jitter,11,True,0.17374347150325775
192,command_jitter,1,True,0.0
193,command_jitter,3,True,0.03802040219306946
194,command_jitter,1,True,0.0
195,command_jitter,1,True,0.0
196,command_jitter,4,True,0.09405749291181564
197,command_jitter,1,True,0.0
198,command_jitter,4,True,0.05103045701980591
199,command_jitter,11,True,0.03009282797574997
200,command_jitter,4,True,0.10438172519207001
201,command_jitter,1,True,0.0
202,command_jitter,4,True,0.039711933583021164
203,command_jitter,1,True,0.0
204,command_jitter,1,True,0.0
205,command_jitter,4,True,0.04978196695446968
206,command_jitter,1,True,0.0
207,command_jitter,1,True,0.0
208,command_jitter,4,True,0.06460665911436081
209,command_jitter,4,True,0.0370190255343914
210,command_jitter,4,True,0.05446531996130943
211,command_jitter,4,True,0.046727001667022705
212,command_jitter,4,True,0.05405198782682419
213,command_jitter,4,True,0.05239606276154518
214,command_jitter,1,True,0.0
215,command_jitter,1,True,0.0
216,command_jitter,4,True,0.051414769142866135
217,command_jitter,3,True,0.060031674802303314
218,command_jitter,4,True,0.07222451269626617
219,command_jitter,1,True,0.0
220,command_jitter,4,True,0.035684213042259216
221,command_jitter,4,True,0.030502548441290855
222,command_jitter,4,True,0.06258869171142578
223,command_jitter,1,True,0.0
224,command_jitter,3,True,0.0439668633043766
225,command_jitter,1,True,0.0
226,command_jitter,3,True,0.034333258867263794
227,command_jitter,3,True,0.04990172013640404
228,command_jitter,4,True,0.02552182786166668
229,command_jitter,3,True,0.05098112300038338
230,command_jitter,11,True,0.05649663880467415
231,command_jitter,3,True,0.028766389936208725
232,command_jitter,4,True,0.03155714273452759
233,command_jitter,3,True,0.05156400427222252
234,command_jitter,3,True,0.015679309144616127
235,command_jitter,3,True,0.025196749716997147
236,command_jitter,3,True,0.016494734212756157
237,command_jitter,3,True,0.021596699953079224
238,command_jitter,3,True,0.03445480391383171
239,command_jitter,3,True,0.022759608924388885
240,command_jitter,3,True,0.03294100984930992
241,command_jitter,3,True,0.049213532358407974
242,command_jitter,3,True,0.01692894846200943
243,command_jitter,3,True,0.03452586382627487
244,command_jitter,11,True,0.08205804228782654
245,command_jitter,3,True,0.06251437216997147
246,command_jitter,3,True,0.014620326459407806
247,command_jitter,3,True,0.04732478782534599
248,command_jitter,1,True,0.0
249,command_jitter,3,True,0.05410788953304291
250,command_jitter,3,True,0.02450820617377758
251,command_jitter,3,True,0.03736795485019684
252,command_jitter,3,True,0.02287411317229271
253,command_jitter,3,True,0.03980167955160141
254,command_jitter,3,True,0.043264105916023254
255,command_jitter,3,True,0.05757451429963112
256,command_jitter,1,True,0.0
257,command_jitter,12,True,0.034764718264341354
258,command_jitter,4,True,0.04138319566845894
259,command_jitter,1,True,0.0
260,command_jitter,4,True,0.06007356569170952
261,command_jitter,1,True,0.0
262,command_jitter,4,True,0.03866738826036453
263,command_jitter,4,True,0.06737543642520905
264,command_jitter,4,True,0.0878528505563736
265,command_jitter,3,True,0.03532124310731888
266,command_jitter,4,True,0.0670047402381897
267,command_jitter,1,True,0.0
268,command_jitter,4,True,0.036356374621391296
269,command_jitter,4,True,0.03534489870071411
270,command_jitter,4,True,0.09325660020112991
271,command_jitter,1,True,0.0
272,command_jitter,4,True,0.0788520872592926
273,command_jitter,4,True,0.03485019877552986
274,command_jitter,4,True,0.036059312522411346
275,command_jitter,4,True,0.04662516340613365
276,command_jitter,4,True,0.03251706808805466
277,command_jitter,4,True,0.03763052448630333
278,command_jitter,1,True,0.0
279,command_jitter,4,True,0.02261211723089218
280,command_jitter,4,True,0.06433818489313126
281,command_jitter,4,True,0.03899960592389107
282,command_jitter,1,True,0.0
283,command_jitter,1,True,0.0
284,command_jitter,4,True,0.035780902951955795
285,command_jitter,4,True,0.03470410779118538
286,command_jitter,4,True,0.06633845716714859
287,command_jitter,1,True,0.0
288,command_jitter,1,True,0.0
289,command_jitter,1,True,0.0
290,command_jitter,11,True,0.14608325064182281
291,command_jitter,11,True,0.07579024136066437
292,command_jitter,1,True,0.0
293,command_jitter,1,True,0.0
294,command_jitter,1,True,0.0
295,command_jitter,11,True,0.13363125920295715
296,command_jitter,11,True,0.2486228048801422
297,command_jitter,1,True,0.0
298,command_jitter,11,True,0.08262582123279572
299,command_jitter,1,True,0.0
300,command_jitter,11,True,0.0298372320830822
301,command_jitter,11,True,0.0970216765999794
302,command_jitter,11,True,0.035504501312971115
303,command_jitter,1,True,0.0
304,command_jitter,11,True,0.05978654697537422
305,command_jitter,1,True,0.0
306,command_jitter,11,True,0.06890607625246048
307,command_jitter,11,True,0.06419458985328674
308,command_jitter,11,True,0.18936306238174438
309,command_jitter,11,True,0.17241545021533966
310,command_jitter,11,True,0.2063736766576767
311,command_jitter,1,True,0.0
312,command_jitter,1,True,0.0
313,command_jitter,11,True,0.20815509557724
314,command_jitter,10,True,0.008244896307587624
315,command_jitter,11,True,0.07185149192810059
316,command_jitter,1,True,0.0
317,command_jitter,11,True,0.05897890776395798
318,command_jitter,11,True,0.10036777704954147
319,command_jitter,1,True,0.0
320,command_jitter,3,True,0.07435204833745956
321,command_jitter,11,True,0.053013235330581665
322,command_jitter,2,True,0.021195998415350914
323,command_jitter,4,True,0.06415669620037079
324,command_jitter,4,True,0.17897352576255798
325,command_jitter,4,True,0.05643008276820183
326,command_jitter,4,True,0.0665643960237503
327,command_jitter,4,True,0.12366283684968948
328,command_jitter,11,True,0.038262221962213516
329,command_jitter,11,True,0.14694032073020935
330,command_jitter,1,True,0.0
331,command_jitter,1,True,0.0
332,command_jitter,1,True,0.0
333,command_jitter,3,True,0.03200447931885719
334,command_jitter,1,True,0.0
335,command_jitter,3,True,0.011979589238762856
336,command_jitter,1,True,0.0
337,command_jitter,1,True,0.0
338,command_jitter,4,True,0.16192162036895752
339,command_jitter,1,True,0.0
340,command_jitter,3,True,0.03621383011341095
341,command_jitter,3,True,0.05955662950873375
342,command_jitter,1,True,0.0
343,command_jitter,4,True,0.05270087346434593
344,command_jitter,2,True,0.019531039521098137
345,command_jitter,4,True,0.11647522449493408
346,command_jitter,3,True,0.018756043165922165
347,command_jitter,1,True,0.0
348,command_jitter,11,True,0.026240495964884758
349,command_jitter,1,True,0.0
350,command_jitter,1,True,0.0
351,command_jitter,3,True,0.049563929438591
352,command_jitter,3,True,0.06802377104759216
353,command_jitter,3,True,0.026981884613633156
354,command_jitter,3,True,0.011868668720126152
355,command_jitter,3,True,0.02977754920721054
356,command_jitter,3,True,0.023629460483789444
357,command_jitter,3,True,0.036652859300374985
358,command_jitter,3,True,0.037501875311136246
359,command_jitter,3,True,0.021930236369371414
360,command_jitter,4,True,0.032274238765239716
361,command_jitter,3,True,0.023562738671898842
362,command_jitter,3,True,0.020113013684749603
363,command_jitter,1,True,0.0
364,command_jitter,1,True,0.0
365,command_jitter,3,True,0.030130557715892792
366,command_jitter,3,True,0.03889581933617592
367,command_jitter,12,True,0.03373885154724121
368,command_jitter,12,True,0.25
369,command_jitter,1,True,0.0
370,command_jitter,3,True,0.022971391677856445
371,command_jitter,3,True,0.04194945842027664
372,command_jitter,3,True,0.031007522717118263
373,command_jitter,3,True,0.03647119551897049
374,command_jitter,7,True,0.014899845235049725
375,command_jitter,3,True,0.03256992623209953
376,command_jitter,3,True,0.024214409291744232
377,command_jitter,3,True,0.02488267421722412
378,command_jitter,3,True,0.011950543150305748
379,command_jitter,3,True,0.022957835346460342
380,command_jitter,12,True,0.04323112964630127
381,command_jitter,3,True,0.030869686976075172
382,command_jitter,3,True,0.02360869012773037
383,command_jitter,3,True,0.035796426236629486
384,command_jitter,9,True,0.015323656611144543
385,command_jitter,1,True,0.0
386,command_jitter,1,True,0.0
387,command_jitter,1,True,0.0
388,command_jitter,12,True,0.02550819143652916
389,command_jitter,1,True,0.0
390,command_jitter,1,True,0.0
391,command_jitter,1,True,0.0
392,command_jitter,1,True,0.0
393,command_jitter,1,True,0.0
394,command_jitter,1,True,0.0
395,command_jitter,1,True,0.0
396,command_jitter,12,True,0.04668131470680237
397,command_jitter,1,True,0.0
398,command_jitter,1,True,0.0
399,command_jitter,12,True,0.04125518351793289
400,command_jitter,1,True,0.0
401,command_jitter,1,True,0.0
402,command_jitter,1,True,0.0
403,command_jitter,9,True,0.026322955265641212
404,command_jitter,9,True,0.047376569360494614
405,command_jitter,12,True,0.08571618795394897
406,command_jitter,1,True,0.0
407,command_jitter,1,True,0.0
408,command_jitter,1,True,0.0
409,command_jitter,12,True,0.13975442945957184
410,command_jitter,1,True,0.0
411,command_jitter,9,True,0.013542543165385723
412,command_jitter,1,True,0.0
413,command_jitter,1,True,0.0
414,command_jitter,1,True,0.0
415,command_jitter,1,True,0.0
416,command_jitter,5,True,0.014171506278216839
417,command_jitter,11,True,0.046177394688129425
418,command_jitter,1,True,0.0
419,command_jitter,4,True,0.024586031213402748
420,command_jitter,1,True,0.0
421,command_jitter,11,True,0.03520287945866585
422,command_jitter,11,True,0.021726571023464203
423,command_jitter,11,True,0.20910854637622833
424,command_jitter,11,True,0.20324674248695374
425,command_jitter,11,True,0.18455196917057037
426,command_jitter,11,True,0.0469222217798233
427,command_jitter,11,True,0.04408511146903038
428,command_jitter,11,True,0.0480131171643734
429,command_jitter,11,True,0.05761215090751648
430,command_jitter,1,True,0.0
431,command_jitter,1,True,0.0
432,command_jitter,11,True,0.0882457047700882
433,command_jitter,1,True,0.0
434,command_jitter,11,True,0.18495629727840424
435,command_jitter,11,True,0.050183821469545364
436,command_jitter,1,True,0.0
437,command_jitter,11,True,0.09989578276872635
438,command_jitter,11,True,0.060523148626089096
439,command_jitter,11,True,0.055831436067819595
440,command_jitter,11,True,0.09748004376888275
441,command_jitter,11,True,0.09906753152608871
442,command_jitter,11,True,0.08983689546585083
443,command_jitter,11,True,0.09603545814752579
444,command_jitter,5,True,0.03150799125432968
445,command_jitter,11,True,0.03439032658934593
446,command_jitter,11,True,0.04730256274342537
447,command_jitter,11,True,0.1369003802537918
448,command_jitter,3,True,0.16019195318222046
449,command_jitter,1,True,0.0
450,command_jitter,4,True,0.09125535190105438
451,command_jitter,4,True,0.0656099021434784
452,command_jitter,4,True,0.04762764647603035
453,command_jitter,4,True,0.04304453358054161
454,command_jitter,5,True,0.0469667986035347
455,command_jitter,4,True,0.10935685783624649
456,command_jitter,4,True,0.12650439143180847
457,command_jitter,4,True,0.08594813197851181
458,command_jitter,4,True,0.05139942094683647
459,command_jitter,1,True,0.0
460,command_jitter,4,True,0.06990939378738403
461,command_jitter,4,True,0.09447567164897919
462,command_jitter,1,True,0.0
463,command_jitter,1,True,0.0
464,command_jitter,5,True,0.10933474451303482
465,command_jitter,1,True,0.0
466,command_jitter,1,True,0.0
467,command_jitter,1,True,0.0
468,command_jitter,1,True,0.0
469,command_jitter,1,True,0.0
470,command_jitter,4,True,0.21316276490688324
471,command_jitter,1,True,0.0
472,command_jitter,4,True,0.02301429770886898
473,command_jitter,4,True,0.054432958364486694
474,command_jitter,4,True,0.14614883065223694
475,command_jitter,1,True,0.0
476,command_jitter,1,True,0.0
477,command_jitter,4,True,0.10932145267724991
478,command_jitter,1,True,0.0
479,command_jitter,3,True,0.1447046995162964
480,command_jitter,12,True,0.05182887613773346
481,command_jitter,13,True,0.04672599583864212
482,command_jitter,12,True,0.05444963648915291
483,command_jitter,4,True,0.15835456550121307
484,command_jitter,4,True,0.14388446509838104
485,command_jitter,4,True,0.2211671769618988
486,command_jitter,12,True,0.18772755563259125
487,command_jitter,4,True,0.16676382720470428
488,command_jitter,4,True,0.18098068237304688
489,command_jitter,1,True,0.0
490,command_jitter,4,True,0.09282026439905167
491,command_jitter,4,True,0.15403708815574646
492,command_jitter,12,True,0.029898591339588165
493,command_jitter,4,True,0.0967288389801979
494,command_jitter,4,True,0.3184340000152588
495,command_jitter,4,True,0.3373402953147888
496,command_jitter,4,True,0.22471095621585846
497,command_jitter,4,True,0.21929004788398743
498,command_jitter,4,True,0.14248216152191162
499,command_jitter,4,True,0.2018888294696808
500,command_jitter,12,True,0.06354892998933792
501,command_jitter,4,True,0.1547274887561798
502,command_jitter,4,True,0.16468366980552673
503,command_jitter,4,True,0.05252222716808319
504,command_jitter,4,True,0.1353888064622879
505,command_jitter,1,True,0.0
506,command_jitter,4,True,0.17005300521850586
507,command_jitter,4,True,0.40306171774864197
508,command_jitter,4,True,0.11245690286159515
509,command_jitter,4,True,0.11849839985370636
510,command_jitter,4,True,0.25
511,command_jitter,4,True,0.12932094931602478
512,command_jitter,1,True,0.0
513,command_jitter,1,True,0.0
514,command_jitter,1,True,0.0
515,command_jitter,1,True,0.0
516,command_jitter,1,True,0.0
517,command_jitter,1,True,0.0
518,command_jitter,1,True,0.0
519,command_jitter,5,True,0.0125200804322958
520,command_jitter,1,True,0.0
521,command_jitter,1,True,0.0
522,command_jitter,5,True,0.025988388806581497
523,command_jitter,1,True,0.0
524,command_jitter,1,True,0.0
525,command_jitter,1,True,0.0
526,command_jitter,1,True,0.0
527,command_jitter,1,True,0.0
528,command_jitter,5,True,0.023539118468761444
529,command_jitter,1,True,0.0
530,command_jitter,1,True,0.0
531,command_jitter,1,True,0.0
532,command_jitter,1,True,0.0
533,command_jitter,1,True,0.0
534,command_jitter,1,True,0.0
535,command_jitter,5,True,0.01195735763758421
536,command_jitter,1,True,0.0
537,command_jitter,1,True,0.0
538,command_jitter,1,True,0.0
539,command_jitter,1,True,0.0
540,command_jitter,1,True,0.0
541,command_jitter,1,True,0.0
542,command_jitter,1,True,0.0
543,command_jitter,1,True,0.0
544,command_jitter,1,True,0.0
545,command_jitter,1,True,0.0
546,command_jitter,1,True,0.0
547,command_jitter,1,True,0.0
548,command_jitter,1,True,0.0
549,command_jitter,1,True,0.0
550,command_jitter,1,True,0.0
551,command_jitter,1,True,0.0
552,command_jitter,1,True,0.0
553,command_jitter,1,True,0.0
554,command_jitter,1,True,0.0
555,command_jitter,1,True,0.0
556,command_jitter,1,True,0.0
557,command_jitter,1,True,0.0
558,command_jitter,1,True,0.0
559,command_jitter,19,False,0.04475361853837967
560,command_jitter,1,True,0.0
561,command_jitter,1,True,0.0
562,command_jitter,1,True,0.0
563,command_jitter,1,True,0.0
564,command_jitter,1,True,0.0
565,command_jitter,1,True,0.0
566,command_jitter,1,True,0.0
567,command_jitter,1,True,0.0
568,command_jitter,1,True,0.0
569,command_jitter,1,True,0.0
570,command_jitter,1,True,0.0
571,command_jitter,1,True,0.0
572,command_jitter,1,True,0.0
573,command_jitter,1,True,0.0
574,command_jitter,1,True,0.0
575,command_jitter,13,True,0.00523883244022727
576,command_jitter,1,True,0.0
577,command_jitter,1,True,0.0
578,command_jitter,5,True,0.05788931995630264
579,command_jitter,5,True,0.038647618144750595
580,command_jitter,1,True,0.0
581,command_jitter,20,False,0.25
582,command_jitter,1,True,0.0
583,command_jitter,5,True,0.05477234348654747
584,command_jitter,1,True,0.0
585,command_jitter,1,True,0.0
586,command_jitter,10,True,0.008594040758907795
587,command_jitter,5,True,0.044319089502096176
588,command_jitter,5,True,0.04990890249609947
589,command_jitter,19,False,0.15179726481437683
590,command_jitter,10,True,0.004088389687240124
591,command_jitter,1,True,0.0
592,command_jitter,5,True,0.053741905838251114
593,command_jitter,20,False,0.2568773031234741
594,command_jitter,1,True,0.0
595,command_jitter,5,True,0.06557559967041016
596,command_jitter,5,True,0.04489361122250557
597,command_jitter,1,True,0.0
598,command_jitter,1,True,0.0
599,command_jitter,1,True,0.0
600,command_jitter,5,True,0.048789214342832565
601,command_jitter,5,True,0.030694426968693733
602,command_jitter,5,True,0.03259981796145439
603,command_jitter,19,False,0.28231263160705566
604,command_jitter,10,True,0.005369605962187052
605,command_jitter,5,True,0.04635597765445709
606,command_jitter,1,True,0.0
607,command_jitter,1,True,0.0
608,command_jitter,1,True,0.0
609,command_jitter,1,True,0.0
610,command_jitter,1,True,0.0
611,command_jitter,1,True,0.0
612,command_jitter,1,True,0.0
613,command_jitter,1,True,0.0
614,command_jitter,1,True,0.0
615,command_jitter,1,True,0.0
616,command_jitter,1,True,0.0
617,command_jitter,1,True,0.0
618,command_jitter,1,True,0.0
619,command_jitter,10,True,0.015208310447633266
620,command_jitter,1,True,0.0
621,command_jitter,1,True,0.0
622,command_jitter,1,True,0.0
623,command_jitter,5,True,0.02301015332341194
624,command_jitter,1,True,0.0
625,command_jitter,1,True,0.0
626,command_jitter,1,True,0.0
627,command_jitter,1,True,0.0
628,command_jitter,1,True,0.0
629,command_jitter,1,True,0.0
630,command_jitter,5,True,0.012877494096755981
631,command_jitter,10,True,0.029189029708504677
632,command_jitter,1,True,0.0
633,command_jitter,1,True,0.0
634,command_jitter,1,True,0.0
635,command_jitter,1,True,0.0
636,command_jitter,1,True,0.0
637,command_jitter,1,True,0.0
638,command_jitter,1,True,0.0
639,command_jitter,1,True,0.0
640,command_jitter,1,True,0.0
641,command_jitter,5,True,0.11067622154951096
642,command_jitter,5,True,0.11721344292163849
643,command_jitter,5,True,0.0817837044596672
644,command_jitter,5,True,0.14089147746562958
645,command_jitter,1,True,0.0
646,command_jitter,5,True,0.05887801572680473
647,command_jitter,5,True,0.06066228449344635
648,command_jitter,1,True,0.0
649,command_jitter,1,True,0.0
650,command_jitter,5,True,0.05363640561699867
651,command_jitter,1,True,0.0
652,command_jitter,5,True,0.09528081864118576
653,command_jitter,5,True,0.13537783920764923
654,command_jitter,5,True,0.10710945725440979
655,command_jitter,5,True,0.04237288236618042
656,command_jitter,21,False,0.258759081363678
657,command_jitter,1,True,0.0
658,command_jitter,1,True,0.0
659,command_jitter,5,True,0.07141286134719849
660,command_jitter,5,True,0.07183430343866348
661,command_jitter,11,True,0.01798429526388645
662,command_jitter,5,True,0.037595830857753754
663,command_jitter,5,True,0.048443131148815155
664,command_jitter,5,True,0.087137870490551
665,command_jitter,10,True,0.020227979868650436
666,command_jitter,5,True,0.10841546207666397
667,command_jitter,5,True,0.05312926322221756
668,command_jitter,5,True,0.10245075821876526
669,command_jitter,1,True,0.0
670,command_jitter,5,True,0.14317066967487335
671,command_jitter,5,True,0.11141902208328247
672,command_jitter,1,True,0.0
673,command_jitter,1,True,0.0
674,command_jitter,5,False,0.034952159970998764
675,command_jitter,20,False,0.3252057433128357
676,command_jitter,22,False,0.08749237656593323
677,command_jitter,20,False,0.021026939153671265
678,command_jitter,21,False,0.23463307321071625
679,command_jitter,21,False,0.1951683610677719
680,command_jitter,23,False,0.03918016701936722
681,command_jitter,21,False,0.05927574634552002
682,command_jitter,1,False,0.0
683,command_jitter,1,False,0.0
684,command_jitter,20,False,0.3383825421333313
685,command_jitter,20,False,0.2149784415960312
686,command_jitter,22,False,0.17129956185817719
687,command_jitter,1,True,0.0
688,command_jitter,1,False,0.0
689,command_jitter,20,False,0.15251187980175018
690,command_jitter,24,False,0.025487899780273438
691,command_jitter,1,False,0.0
692,command_jitter,1,False,0.0
693,command_jitter,28,False,0.0886615589261055
694,command_jitter,23,False,0.11668787151575089
695,command_jitter,5,False,0.03771492838859558
696,command_jitter,27,False,0.12462401390075684
697,command_jitter,24,False,0.11031045019626617
698,command_jitter,1,False,0.0
699,command_jitter,21,False,0.25
700,command_jitter,5,True,0.04619835317134857
701,command_jitter,1,True,0.0
702,command_jitter,24,False,0.02275756187736988
703,command_jitter,20,False,0.21166345477104187
704,command_jitter,1,True,0.0
705,command_jitter,1,True,0.0
706,command_jitter,1,True,0.0
707,command_jitter,1,True,0.0
708,command_jitter,1,True,0.0
709,command_jitter,1,True,0.0
710,command_jitter,1,True,0.0
711,command_jitter,1,True,0.0
712,command_jitter,1,True,0.0
713,command_jitter,1,True,0.0
714,command_jitter,1,True,0.0
715,command_jitter,1,True,0.0
716,command_jitter,13,True,0.015292858704924583
717,command_jitter,1,True,0.0
718,command_jitter,1,True,0.0
719,command_jitter,1,True,0.0
720,command_jitter,1,True,0.0
721,command_jitter,1,True,0.0
722,command_jitter,1,True,0.0
723,command_jitter,1,True,0.0
724,command_jitter,1,True,0.0
725,command_jitter,1,True,0.0
726,command_jitter,1,True,0.0
727,command_jitter,1,True,0.0
728,command_jitter,4,True,0.010197317227721214
729,command_jitter,1,True,0.0
730,command_jitter,1,True,0.0
731,command_jitter,1,True,0.0
732,command_jitter,1,True,0.0
733,command_jitter,1,True,0.0
734,command_jitter,1,True,0.0
735,command_jitter,1,True,0.0
736,command_jitter,5,True,0.04593817517161369
737,command_jitter,1,True,0.0
738,command_jitter,5,True,0.05987100675702095
739,command_jitter,5,True,0.055659275501966476
740,command_jitter,5,True,0.05341567099094391
741,command_jitter,1,True,0.0
742,command_jitter,1,True,0.0
743,command_jitter,5,True,0.051211319863796234
744,command_jitter,1,True,0.0
745,command_jitter,1,True,0.0
746,command_jitter,1,True,0.0
747,command_jitter,5,True,0.05398841202259064
748,command_jitter,5,True,0.04537934437394142
749,command_jitter,1,True,0.0
750,command_jitter,5,True,0.050172485411167145
751,command_jitter,5,True,0.03881888836622238
752,command_jitter,5,True,0.04001324251294136
753,command_jitter,1,True,0.0
754,command_jitter,10,True,0.006356202531605959
755,command_jitter,1,True,0.0
756,command_jitter,5,True,0.041942670941352844
757,command_jitter,5,True,0.04972279444336891
758,command_jitter,5,True,0.016556646674871445
759,command_jitter,5,True,0.05174335837364197
760,command_jitter,5,True,0.04688164219260216
761,command_jitter,1,True,0.0
762,command_jitter,1,True,0.0
763,command_jitter,5,True,0.014154419302940369
764,command_jitter,1,True,0.0
765,command_jitter,1,True,0.0
766,command_jitter,1,True,0.0
767,command_jitter,5,True,0.04132162407040596
768,command_jitter,11,True,0.003808175679296255
769,command_jitter,1,True,0.0
770,command_jitter,1,True,0.0
771,command_jitter,1,True,0.0
772,command_jitter,1,True,0.0
773,command_jitter,1,True,0.0
774,command_jitter,1,True,0.0
775,command_jitter,1,True,0.0
776,command_jitter,1,True,0.0
777,command_jitter,28,False,0.10662087053060532
778,command_jitter,20,False,0.20280498266220093
779,command_jitter,1,True,0.0
780,command_jitter,11,True,0.001644079340621829
781,command_jitter,1,True,0.0
782,command_jitter,1,True,0.0
783,command_jitter,1,True,0.0
784,command_jitter,1,True,0.0
785,command_jitter,1,True,0.0
786,command_jitter,1,True,0.0
787,command_jitter,1,True,0.0
788,command_jitter,1,True,0.0
789,command_jitter,20,False,0.18569989502429962
790,command_jitter,5,True,0.012189668603241444
791,command_jitter,5,True,0.022755887359380722
792,command_jitter,5,True,0.015255430713295937
793,command_jitter,1,True,0.0
794,command_jitter,1,True,0.0
795,command_jitter,1,True,0.0
796,command_jitter,1,True,0.0
797,command_jitter,1,True,0.0
798,command_jitter,1,True,0.0
799,command_jitter,5,True,0.020796336233615875
800,command_jitter,22,False,0.0259118489921093
801,command_jitter,1,True,0.0
802,command_jitter,5,True,0.04486672207713127
803,command_jitter,29,False,0.05020583048462868
804,command_jitter,5,False,0.031238846480846405
805,command_jitter,1,True,0.0
806,command_jitter,5,True,0.03203319013118744
807,command_jitter,5,True,0.035954248160123825
808,command_jitter,1,True,0.0
809,command_jitter,1,True,0.0
810,command_jitter,5,True,0.019471073523163795
811,command_jitter,1,True,0.0
812,command_jitter,5,True,0.03155628591775894
813,command_jitter,19,False,0.04963219165802002
814,command_jitter,1,True,0.0
815,command_jitter,1,True,0.0
816,command_jitter,1,True,0.0
817,command_jitter,1,True,0.0
818,command_jitter,1,True,0.0
819,command_jitter,1,True,0.0
820,command_jitter,20,False,0.07767663896083832
821,command_jitter,1,True,0.0
822,command_jitter,1,True,0.0
823,command_jitter,1,True,0.0
824,command_jitter,1,True,0.0
825,command_jitter,11,True,0.004138481803238392
826,command_jitter,1,True,0.0
827,command_jitter,1,True,0.0
828,command_jitter,1,True,0.0
829,command_jitter,1,True,0.0
830,command_jitter,5,True,0.04281546175479889
831,command_jitter,5,True,0.02765551395714283
832,command_jitter,1,True,0.0
833,command_jitter,1,True,0.0
834,command_jitter,1,True,0.0
835,command_jitter,5,True,0.06221612170338631
836,command_jitter,1,True,0.0
837,command_jitter,1,True,0.0
838,command_jitter,1,True,0.0
839,command_jitter,5,True,0.11504324525594711
840,command_jitter,1,True,0.0
841,command_jitter,1,True,0.0
842,command_jitter,1,True,0.0
843,command_jitter,1,True,0.0
844,command_jitter,1,True,0.0
845,command_jitter,5,True,0.09337528795003891
846,command_jitter,1,True,0.0
847,command_jitter,1,True,0.0
848,command_jitter,1,True,0.0
849,command_jitter,1,True,0.0
850,command_jitter,1,True,0.0
851,command_jitter,1,True,0.0
852,command_jitter,5,True,0.08613748103380203
853,command_jitter,1,True,0.0
854,command_jitter,1,True,0.0
855,command_jitter,5,True,0.06386300921440125
856,command_jitter,1,True,0.0
857,command_jitter,1,True,0.0
858,command_jitter,1,True,0.0
859,command_jitter,1,True,0.0
860,command_jitter,1,True,0.0
861,command_jitter,1,True,0.0
862,command_jitter,1,True,0.0
863,command_jitter,1,True,0.0
864,command_jitter,1,True,0.0
865,command_jitter,6,True,0.027411438524723053
866,command_jitter,5,True,0.04818291589617729
867,command_jitter,5,True,0.044953953474760056
868,command_jitter,1,True,0.0
869,command_jitter,10,True,0.006035777740180492
870,command_jitter,1,True,0.0
871,command_jitter,1,True,0.0
872,command_jitter,10,True,0.013013363815844059
873,command_jitter,5,True,0.07438705861568451
874,command_jitter,1,True,0.0
875,command_jitter,1,True,0.0
876,command_jitter,1,True,0.0
877,command_jitter,5,True,0.049738138914108276
878,command_jitter,1,True,0.0
879,command_jitter,1,True,0.0
880,command_jitter,5,True,0.06512705236673355
881,command_jitter,1,True,0.0
882,command_jitter,1,True,0.0
883,command_jitter,22,False,0.25
884,command_jitter,5,True,0.055050574243068695
885,command_jitter,1,True,0.0
886,command_jitter,1,True,0.0
887,command_jitter,1,True,0.0
888,command_jitter,1,True,0.0
889,command_jitter,1,True,0.0
890,command_jitter,1,True,0.0
891,command_jitter,1,True,0.0
892,command_jitter,1,True,0.0
893,command_jitter,1,True,0.0
894,command_jitter,5,True,0.06382088363170624
895,command_jitter,12,True,0.046333156526088715
896,command_jitter,1,True,0.0
897,command_jitter,1,True,0.0
898,command_jitter,1,True,0.0
899,command_jitter,10,True,0.0064471024088561535
900,command_jitter,1,True,0.0
901,command_jitter,1,True,0.0
902,command_jitter,1,True,0.0
903,command_jitter,1,True,0.0
904,command_jitter,1,True,0.0
905,command_jitter,1,True,0.0
906,command_jitter,1,True,0.0
907,command_jitter,1,True,0.0
908,command_jitter,1,True,0.0
909,command_jitter,1,True,0.0
910,command_jitter,1,True,0.0
911,command_jitter,10,True,0.009488111361861229
912,command_jitter,10,True,0.00791966263204813
913,command_jitter,1,True,0.0
914,command_jitter,1,True,0.0
915,command_jitter,1,True,0.0
916,command_jitter,1,True,0.0
917,command_jitter,1,True,0.0
918,command_jitter,1,True,0.0
919,command_jitter,10,True,0.008950996212661266
920,command_jitter,1,True,0.0
921,command_jitter,1,True,0.0
922,command_jitter,10,True,0.012417162768542767
923,command_jitter,1,True,0.0
924,command_jitter,1,True,0.0
925,command_jitter,1,True,0.0
926,command_jitter,1,True,0.0
927,command_jitter,1,True,0.0
928,command_jitter,1,True,0.0
929,command_jitter,1,True,0.0
930,command_jitter,10,True,0.015024671331048012
931,command_jitter,1,True,0.0
932,command_jitter,10,True,0.006430162116885185
933,command_jitter,1,True,0.0
934,command_jitter,10,True,0.009408739395439625
935,command_jitter,10,True,0.003992206882685423
936,command_jitter,10,True,0.005411134101450443
937,command_jitter,1,True,0.0
938,command_jitter,1,True,0.0
939,command_jitter,10,True,0.005810041446238756
940,command_jitter,1,True,0.0
941,command_jitter,1,True,0.0
942,command_jitter,1,True,0.0
943,command_jitter,10,True,0.0065664686262607574
944,command_jitter,10,True,0.009427035227417946
945,command_jitter,10,True,0.006650357041507959
946,command_jitter,1,True,0.0
947,command_jitter,5,True,0.12638592720031738
948,command_jitter,1,True,0.0
949,command_jitter,10,True,0.008993392810225487
950,command_jitter,1,True,0.0
951,command_jitter,10,True,0.012709739618003368
952,command_jitter,1,True,0.0
953,command_jitter,1,True,0.0
954,command_jitter,1,True,0.0
955,command_jitter,5,True,0.024082619696855545
956,command_jitter,10,True,0.006619398482143879
957,command_jitter,1,True,0.0
958,command_jitter,1,True,0.0
959,command_jitter,10,True,0.008898562751710415
960,command_jitter,1,True,0.0
961,command_jitter,5,True,0.010860731825232506
962,command_jitter,5,True,0.197143092751503
963,command_jitter,5,True,0.026283465325832367
964,command_jitter,5,True,0.07909853011369705
965,command_jitter,1,True,0.0
966,command_jitter,5,True,0.09949946403503418
967,command_jitter,5,True,0.11624208837747574
968,command_jitter,5,True,0.16591469943523407
969,command_jitter,5,True,0.027352217584848404
970,command_jitter,1,True,0.0
971,command_jitter,1,True,0.0
972,command_jitter,1,True,0.0
973,command_jitter,5,True,0.1763831377029419
974,command_jitter,1,True,0.0
975,command_jitter,1,True,0.0
976,command_jitter,5,True,0.044489793479442596
977,command_jitter,1,True,0.0
978,command_jitter,1,True,0.0
979,command_jitter,5,True,0.08449222892522812
980,command_jitter,5,True,0.0993441790342331
981,command_jitter,5,True,0.056973353028297424
982,command_jitter,5,True,0.010502922348678112
983,command_jitter,5,True,0.072928786277771
984,command_jitter,1,True,0.0
985,command_jitter,1,True,0.0
986,command_jitter,5,True,0.3404427468776703
987,command_jitter,1,True,0.0
988,command_jitter,1,True,0.0
989,command_jitter,1,True,0.0
990,command_jitter,5,True,0.05723476782441139
991,command_jitter,1,True,0.0
992,command_jitter,1,True,0.0
993,command_jitter,1,True,0.0
994,command_jitter,1,True,0.0
995,command_jitter,11,True,0.01240362599492073
996,command_jitter,1,True,0.0
997,command_jitter,1,True,0.0
998,command_jitter,1,True,0.0
999,command_jitter,1,True,0.0
1000,command_jitter,1,True,0.0
1001,command_jitter,11,True,0.023962628096342087
1002,command_jitter,1,True,0.0
1003,command_jitter,1,True,0.0
1004,command_jitter,1,True,0.0
1005,command_jitter,1,True,0.0
1006,command_jitter,1,True,0.0
1007,command_jitter,1,True,0.0
1008,command_jitter,1,True,0.0
1009,command_jitter,1,True,0.0
1010,command_jitter,11,True,0.021038828417658806
1011,command_jitter,1,True,0.0
1012,command_jitter,1,True,0.0
1013,command_jitter,1,True,0.0
1014,command_jitter,1,True,0.0
1015,command_jitter,1,True,0.0
1016,command_jitter,1,True,0.0
1017,command_jitter,1,True,0.0
1018,command_jitter,1,True,0.0
1019,command_jitter,1,True,0.0
1020,command_jitter,6,True,0.04852336645126343
1021,command_jitter,11,True,0.01699058525264263
1022,command_jitter,5,True,0.023090101778507233
1023,command_jitter,1,True,0.0
1024,command_jitter,1,False,0.0
1025,command_jitter,1,False,0.0
1026,command_jitter,9,True,0.03736759349703789
1027,command_jitter,46,False,0.14707788825035095
1028,command_jitter,1,True,0.0
1029,command_jitter,7,False,0.02359621785581112
1030,command_jitter,7,True,0.053512249141931534
1031,command_jitter,31,False,0.03640447556972504
1032,command_jitter,9,True,0.026170099154114723
1033,command_jitter,1,False,0.0
1034,command_jitter,7,True,0.053792938590049744
1035,command_jitter,49,False,0.16402125358581543
1036,command_jitter,6,True,0.07976255565881729
1037,command_jitter,51,False,0.12048159539699554
1038,command_jitter,7,False,0.0868753120303154
1039,command_jitter,29,True,0.07267419993877411
1040,command_jitter,7,False,0.043790120631456375
1041,command_jitter,7,False,0.03629916161298752
1042,command_jitter,1,False,0.0
1043,command_jitter,6,True,0.0917382761836052
1044,command_jitter,1,True,0.0
1045,command_jitter,1,True,0.0
1046,command_jitter,7,True,0.055900946259498596
1047,command_jitter,1,False,0.0
1048,command_jitter,41,False,0.0945039838552475
1049,command_jitter,9,True,0.012604938820004463
1050,command_jitter,1,True,0.0
1051,command_jitter,1,False,0.0
1052,command_jitter,5,False,0.04964819923043251
1053,command_jitter,30,True,0.011871226131916046
1054,command_jitter,6,False,0.05532360449433327
1055,command_jitter,40,False,0.060842365026474
1056,command_jitter,7,False,0.04617065563797951
1057,command_jitter,35,False,0.14566361904144287
1058,command_jitter,29,False,0.02211274765431881
1059,command_jitter,24,False,0.07765433937311172
1060,command_jitter,9,False,0.10462707281112671
1061,command_jitter,24,False,0.08747126907110214
1062,command_jitter,11,False,0.1319352388381958
1063,command_jitter,9,True,0.13504323363304138
1064,command_jitter,1,False,0.0
1065,command_jitter,11,False,0.04061117768287659
1066,command_jitter,24,False,0.18729643523693085
1067,command_jitter,28,True,0.07864515483379364
1068,command_jitter,7,False,0.014590088278055191
1069,command_jitter,24,False,0.12124349176883698
1070,command_jitter,29,False,0.03647404909133911
1071,command_jitter,27,True,0.0336601696908474
1072,command_jitter,1,False,0.0
1073,command_jitter,1,False,0.0
1074,command_jitter,10,False,0.20598354935646057
1075,command_jitter,1,True,0.0
1076,command_jitter,24,False,0.1731875240802765
1077,command_jitter,24,False,0.17024476826190948
1078,command_jitter,1,False,0.0
1079,command_jitter,28,False,0.05918978899717331
1080,command_jitter,10,False,0.1371251791715622
1081,command_jitter,11,False,0.14360344409942627
1082,command_jitter,32,False,0.010672025382518768
1083,command_jitter,27,True,0.017161736264824867
1084,command_jitter,9,False,0.10657590627670288
1085,command_jitter,7,False,0.04517143592238426
1086,command_jitter,5,False,0.034013401716947556
1087,command_jitter,29,False,0.0863192081451416
1088,command_jitter,8,True,0.09911451488733292
1089,command_jitter,27,True,0.1474384367465973
1090,command_jitter,9,False,0.13045832514762878
1091,command_jitter,9,True,0.1020919531583786
1092,command_jitter,9,True,0.08965735137462616
1093,command_jitter,8,False,0.13595975935459137
1094,command_jitter,9,True,0.10180559009313583
1095,command_jitter,30,True,0.05846375599503517
1096,command_jitter,9,True,0.0842718854546547
1097,command_jitter,9,True,0.1469082087278366
1098,command_jitter,47,False,0.06784465163946152
1099,command_jitter,28,True,0.10419854521751404
1100,command_jitter,9,True,0.20200183987617493
1101,command_jitter,9,True,0.16796104609966278
1102,command_jitter,8,True,0.24677976965904236
1103,command_jitter,2,True,0.06037117913365364
1104,command_jitter,26,True,0.0986715778708458
1105,command_jitter,9,True,0.08899634331464767
1106,command_jitter,5,True,0.026245616376399994
1107,command_jitter,9,True,0.13320207595825195
1108,command_jitter,9,True,0.21613964438438416
1109,command_jitter,9,True,0.06516311317682266
1110,command_jitter,9,True,0.1505534052848816
1111,command_jitter,9,True,0.10897422581911087
1112,command_jitter,9,True,0.10438834875822067
1113,command_jitter,30,True,0.08658064901828766
1114,command_jitter,9,True,0.10914488136768341
1115,command_jitter,9,True,0.08884935081005096
1116,command_jitter,9,True,0.09476134926080704
1117,command_jitter,1,True,0.0
1118,command_jitter,9,True,0.05295417457818985
1119,command_jitter,9,True,0.10747024416923523
1120,command_jitter,28,False,0.1538175791501999
1121,command_jitter,7,False,0.17480354011058807
1122,command_jitter,6,False,0.10602061450481415
1123,command_jitter,9,False,0.04379357397556305
1124,command_jitter,8,True,0.10196579992771149
1125,command_jitter,8,False,0.07437196373939514
1126,command_jitter,8,False,0.1767835170030594
1127,command_jitter,33,True,0.17262788116931915
1128,command_jitter,6,True,0.08426375687122345
1129,command_jitter,8,False,0.0805276483297348
1130,command_jitter,40,False,0.27437618374824524
1131,command_jitter,6,False,0.13453233242034912
1132,command_jitter,6,True,0.17461912333965302
1133,command_jitter,27,False,0.1995280534029007
1134,command_jitter,1,False,0.0
1135,command_jitter,1,True,0.0
1136,command_jitter,8,True,0.0825020894408226
1137,command_jitter,6,False,0.20352712273597717
1138,command_jitter,32,False,0.10957324504852295
1139,command_jitter,2,True,0.08982942998409271
1140,command_jitter,6,False,0.09437276422977448
1141,command_jitter,31,False,0.14356501400470734
1142,command_jitter,6,False,0.22357220947742462
1143,command_jitter,6,False,0.1447334736585617
1144,command_jitter,9,True,0.05008247122168541
1145,command_jitter,6,False,0.2970171570777893
1146,command_jitter,6,False,0.21364621818065643
1147,command_jitter,6,True,0.14682838320732117
1148,command_jitter,6,False,0.18193770945072174
1149,command_jitter,7,False,0.21424977481365204
1150,command_jitter,8,False,0.12720665335655212
1151,command_jitter,8,False,0.01958082988858223
1152,command_jitter,4,True,0.2636490762233734
1153,command_jitter,4,False,0.1664610505104065
1154,command_jitter,9,False,0.2089577317237854
1155,command_jitter,4,False,0.16570952534675598
1156,command_jitter,4,False,0.2548123896121979
1157,command_jitter,9,False,0.21474486589431763
1158,command_jitter,4,True,0.21978117525577545
1159,command_jitter,3,False,0.19447633624076843
1160,command_jitter,4,True,0.2153262495994568
1161,command_jitter,9,False,0.2035006433725357
1162,command_jitter,10,False,0.10410609841346741
1163,command_jitter,3,True,0.25562813878059387
1164,command_jitter,9,False,0.17133040726184845
1165,command_jitter,3,False,0.26711219549179077
1166,command_jitter,4,False,0.22491657733917236
1167,command_jitter,4,False,0.1633043736219406
1168,command_jitter,4,False,0.22101247310638428
1169,command_jitter,4,False,0.23980949819087982
1170,command_jitter,2,False,0.25
1171,command_jitter,3,False,0.10877209156751633
1172,command_jitter,3,True,0.09399838000535965
1173,command_jitter,4,True,0.22262528538703918
1174,command_jitter,9,False,0.1714193969964981
1175,command_jitter,4,True,0.22238077223300934
1176,command_jitter,4,False,0.21630987524986267
1177,command_jitter,4,False,0.17138110101222992
1178,command_jitter,9,False,0.25
1179,command_jitter,9,False,0.15084747970104218
1180,command_jitter,2,True,0.20120498538017273
1181,command_jitter,3,True,0.2247500717639923
1182,command_jitter,4,False,0.21221771836280823
1183,command_jitter,3,False,0.1521247774362564
1184,command_jitter,2,True,0.12058445811271667
1185,command_jitter,7,False,0.18064770102500916
1186,command_jitter,6,True,0.22403614223003387
1187,command_jitter,6,True,0.2177872359752655
1188,command_jitter,5,True,0.20389415323734283
1189,command_jitter,2,True,0.1824348419904709
1190,command_jitter,5,True,0.15551729500293732
1191,command_jitter,5,False,0.18936942517757416
1192,command_jitter,5,True,0.25
1193,command_jitter,5,True,0.23282790184020996
1194,command_jitter,6,True,0.25
1195,command_jitter,5,True,0.19864681363105774
1196,command_jitter,5,False,0.21844854950904846
1197,command_jitter,5,True,0.2213192731142044
1198,command_jitter,7,True,0.14516927301883698
1199,command_jitter,5,True,0.22780878841876984
1200,command_jitter,5,True,0.2165394276380539
1201,command_jitter,5,False,0.2433174103498459
1202,command_jitter,5,True,0.1497993767261505
1203,command_jitter,5,True,0.28315746784210205
1204,command_jitter,5,True,0.2836202085018158
1205,command_jitter,2,True,0.11673714220523834
1206,command_jitter,6,True,0.2701508402824402
1207,command_jitter,9,True,0.02719736658036709
1208,command_jitter,5,True,0.19694878160953522
1209,command_jitter,5,True,0.18012894690036774
1210,command_jitter,5,True,0.09516949951648712
1211,command_jitter,5,True,0.09086726605892181
1212,command_jitter,5,True,0.29673823714256287
1213,command_jitter,5,True,0.24037347733974457
1214,command_jitter,5,True,0.1760609745979309
1215,command_jitter,6,True,0.2682887017726898
1216,command_jitter,3,True,0.08368229120969772
1217,command_jitter,9,True,0.1857844591140747
1218,command_jitter,33,True,0.06979402154684067
1219,command_jitter,6,True,0.049024153500795364
1220,command_jitter,9,True,0.1822654902935028
1221,command_jitter,9,True,0.13849270343780518
1222,command_jitter,50,False,0.25
1223,command_jitter,9,True,0.28136399388313293
1224,command_jitter,9,True,0.10042502731084824
1225,command_jitter,41,False,0.2163112461566925
1226,command_jitter,19,True,0.066279835999012
1227,command_jitter,4,False,0.1716197282075882
1228,command_jitter,10,False,0.24605141580104828
1229,command_jitter,9,True,0.2276436984539032
1230,command_jitter,9,True,0.15947628021240234
1231,command_jitter,9,True,0.14552108943462372
1232,command_jitter,9,True,0.2570379972457886
1233,command_jitter,6,True,0.16674649715423584
1234,command_jitter,10,True,0.15547361969947815
1235,command_jitter,43,False,0.25
1236,command_jitter,9,True,0.16548730432987213
1237,command_jitter,9,False,0.2236255258321762
1238,command_jitter,9,True,0.22173799574375153
1239,command_jitter,9,True,0.14410993456840515
1240,command_jitter,6,True,0.11769706010818481
1241,command_jitter,9,True,0.18168216943740845
1242,command_jitter,9,False,0.2615174353122711
1243,command_jitter,10,True,0.06945805251598358
1244,command_jitter,43,False,0.25783729553222656
1245,command_jitter,11,False,0.12386900186538696
1246,command_jitter,9,True,0.2584036886692047
1247,command_jitter,10,True,0.19044524431228638
1248,command_jitter,3,True,0.1718701422214508
1249,command_jitter,4,True,0.15268433094024658
1250,command_jitter,10,False,0.2549936771392822
1251,command_jitter,46,True,0.24296391010284424
1252,command_jitter,3,True,0.10797017812728882
1253,command_jitter,9,True,0.0534491240978241
1254,command_jitter,10,True,0.09193392843008041
1255,command_jitter,10,True,0.19333679974079132
1256,command_jitter,10,True,0.18240466713905334
1257,command_jitter,30,True,0.1161615252494812
1258,command_jitter,3,True,0.16330577433109283
1259,command_jitter,10,True,0.07936917245388031
1260,command_jitter,10,True,0.15837696194648743
1261,command_jitter,3,True,0.1478825807571411
1262,command_jitter,3,True,0.20741306245326996
1263,command_jitter,4,True,0.04970739781856537
1264,command_jitter,50,False,0.05990249663591385
1265,command_jitter,9,True,0.1590922325849533
1266,command_jitter,3,True,0.21982793509960175
1267,command_jitter,10,False,0.15182830393314362
1268,command_jitter,10,True,0.17863702774047852
1269,command_jitter,3,True,0.15790456533432007
1270,command_jitter,9,True,0.1408272534608841
1271,command_jitter,3,True,0.1788569688796997
1272,command_jitter,3,True,0.14539428055286407
1273,command_jitter,11,True,0.27234306931495667
1274,command_jitter,3,True,0.2707681953907013
1275,command_jitter,11,True,0.04653867334127426
1276,command_jitter,9,True,0.047341134399175644
1277,command_jitter,3,True,0.22275125980377197
1278,command_jitter,9,True,0.06107913702726364
1279,command_jitter,3,True,0.17842790484428406
1280,command_jitter,3,True,0.1834714263677597
1281,command_jitter,3,False,0.1010870486497879
1282,command_jitter,13,False,0.126365527510643
1283,command_jitter,1,False,0.0
1284,command_jitter,31,False,0.06762898713350296
1285,command_jitter,3,False,0.06257809698581696
1286,command_jitter,33,False,0.043258871883153915
1287,command_jitter,1,True,0.0
1288,command_jitter,1,True,0.0
1289,command_jitter,3,True,0.08890263736248016
1290,command_jitter,1,False,0.0
1291,command_jitter,11,True,0.1382482498884201
1292,command_jitter,25,False,0.0780676081776619
1293,command_jitter,48,False,0.036810826510190964
1294,command_jitter,33,False,0.07296678423881531
1295,command_jitter,3,False,0.0850435346364975
1296,command_jitter,29,True,0.05931026488542557
1297,command_jitter,1,False,0.0
1298,command_jitter,3,False,0.1329852044582367
1299,command_jitter,10,False,0.23289282619953156
1300,command_jitter,30,True,0.1405661404132843
1301,command_jitter,3,False,0.24562056362628937
1302,command_jitter,1,False,0.0
1303,command_jitter,3,True,0.1318422555923462
1304,command_jitter,10,False,0.03729580342769623
1305,command_jitter,3,False,0.10745977610349655
1306,command_jitter,3,False,0.16696083545684814
1307,command_jitter,34,False,0.015800656750798225
1308,command_jitter,25,False,0.04368947818875313
1309,command_jitter,1,True,0.0
1310,command_jitter,49,False,0.25
1311,command_jitter,12,False,0.08323613554239273
1312,command_jitter,2,True,0.14048434793949127
1313,command_jitter,9,True,0.10969134420156479
1314,command_jitter,2,True,0.11337897181510925
1315,command_jitter,9,False,0.09772726148366928
1316,command_jitter,9,True,0.0686393678188324
1317,command_jitter,2,False,0.2784005403518677
1318,command_jitter,1,True,0.0
1319,command_jitter,2,True,0.12818025052547455
1320,command_jitter,2,True,0.13734573125839233
1321,command_jitter,2,True,0.1221332773566246
1322,command_jitter,2,True,0.1409500688314438
1323,command_jitter,2,True,0.17271338403224945
1324,command_jitter,2,True,0.11896111816167831
1325,command_jitter,9,True,0.11302409321069717
1326,command_jitter,2,True,0.10531763732433319
1327,command_jitter,2,True,0.11212437599897385
1328,command_jitter,9,True,0.11371014267206192
1329,command_jitter,1,True,0.0
1330,command_jitter,2,True,0.07936235517263412
1331,command_jitter,2,True,0.07701759040355682
1332,command_jitter,24,True,0.0700729638338089
1333,command_jitter,2,True,0.12020876258611679
1334,command_jitter,2,True,0.14754679799079895
1335,command_jitter,2,True,0.1032801941037178
1336,command_jitter,9,True,0.19864359498023987
1337,command_jitter,9,True,0.025129158049821854
1338,command_jitter,2,False,0.19503557682037354
1339,command_jitter,2,False,0.054988566786050797
1340,command_jitter,1,True,0.0
1341,command_jitter,2,True,0.21063369512557983
1342,command_jitter,2,True,0.1554473340511322
1343,command_jitter,2,True,0.17529287934303284
1344,command_jitter,23,True,0.14810322225093842
1345,command_jitter,27,True,0.050642143934965134
1346,command_jitter,23,True,0.01462812814861536
1347,command_jitter,38,True,0.05429663136601448
1348,command_jitter,23,True,0.1842857152223587
1349,command_jitter,28,True,0.07800398021936417
1350,command_jitter,35,True,0.042869336903095245
1351,command_jitter,23,True,0.019777270033955574
1352,command_jitter,1,True,0.0
1353,command_jitter,28,True,0.057434044778347015
1354,command_jitter,7,True,0.04313678666949272
1355,command_jitter,28,True,0.20037150382995605
1356,command_jitter,24,True,0.1004583016037941
1357,command_jitter,9,True,0.029522398486733437
1358,command_jitter,27,True,0.02815103530883789
1359,command_jitter,27,True,0.030170012265443802
1360,command_jitter,23,True,0.05189516395330429
1361,command_jitter,24,True,0.04011600837111473
1362,command_jitter,11,True,0.06251916289329529
1363,command_jitter,23,True,0.08361440151929855
1364,command_jitter,24,True,0.030647020787000656
1365,command_jitter,23,True,0.08596115559339523
1366,command_jitter,1,True,0.0
1367,command_jitter,27,True,0.03470403701066971
1368,command_jitter,10,True,0.07393121719360352
1369,command_jitter,1,True,0.0
1370,command_jitter,24,True,0.021058743819594383
1371,command_jitter,9,True,0.049507368355989456
1372,command_jitter,1,True,0.0
1373,command_jitter,1,True,0.0
1374,command_jitter,2,True,0.09361553937196732
1375,command_jitter,1,True,0.0
1376,command_jitter,9,True,0.10667166113853455
1377,command_jitter,9,True,0.14177656173706055
1378,command_jitter,5,True,0.10697684437036514
1379,command_jitter,9,True,0.09236407279968262
1380,command_jitter,5,True,0.06292033940553665
1381,command_jitter,9,True,0.14069683849811554
1382,command_jitter,5,True,0.05508720502257347
1383,command_jitter,5,True,0.182381272315979
1384,command_jitter,5,True,0.10039082914590836
1385,command_jitter,9,True,0.15859518945217133
1386,command_jitter,1,True,0.0
1387,command_jitter,5,True,0.24607208371162415
1388,command_jitter,5,True,0.13164426386356354
1389,command_jitter,5,True,0.14349935948848724
1390,command_jitter,5,True,0.1609540730714798
1391,command_jitter,5,True,0.10412361472845078
1392,command_jitter,5,True,0.05697980523109436
1393,command_jitter,9,True,0.14566567540168762
1394,command_jitter,33,True,0.10534848272800446
1395,command_jitter,1,True,0.0
1396,command_jitter,5,True,0.1868327260017395
1397,command_jitter,5,True,0.2540203332901001
1398,command_jitter,5,True,0.09875345975160599
1399,command_jitter,5,True,0.043631359934806824
1400,command_jitter,5,True,0.16847944259643555
1401,command_jitter,1,True,0.0
1402,command_jitter,9,True,0.13151238858699799
1403,command_jitter,9,True,0.1408751755952835
1404,command_jitter,5,True,0.1934971660375595
1405,command_jitter,5,True,0.1448213756084442
1406,command_jitter,5,True,0.10459274053573608
1407,command_jitter,9,True,0.06911361217498779
1408,command_jitter,2,False,0.07510552555322647
1409,command_jitter,9,True,0.10154523700475693
1410,command_jitter,41,False,0.0726165622472763
1411,command_jitter,24,False,0.04487362131476402
1412,command_jitter,2,False,0.07760974019765854
1413,command_jitter,8,False,0.1053243950009346
1414,command_jitter,7,False,0.12535785138607025
1415,command_jitter,7,False,0.22673355042934418
1416,command_jitter,1,False,0.0
1417,command_jitter,2,False,0.13682465255260468
1418,command_jitter,2,False,0.13790886104106903
1419,command_jitter,2,False,0.11533746868371964
1420,command_jitter,7,False,0.10612919181585312
1421,command_jitter,2,True,0.14486129581928253
1422,command_jitter,9,True,0.03955082967877388
1423,command_jitter,2,False,0.17160609364509583
1424,command_jitter,2,False,0.051444146782159805
1425,command_jitter,8,False,0.06575967371463776
1426,command_jitter,1,True,0.0
1427,command_jitter,2,False,0.07028082758188248
1428,command_jitter,9,False,0.093545101583004
1429,command_jitter,2,False,0.046023350208997726
1430,command_jitter,2,False,0.10131381452083588
1431,command_jitter,2,False,0.07481791079044342
1432,command_jitter,9,False,0.12547080218791962
1433,command_jitter,2,False,0.03890629857778549
1434,command_jitter,2,False,0.09823602437973022
1435,command_jitter,4,False,0.012820953503251076
1436,command_jitter,2,False,0.17387820780277252
1437,command_jitter,2,False,0.09405767172574997
1438,command_jitter,2,False,0.09270945191383362
1439,command_jitter,2,False,0.14425106346607208
1440,command_jitter,28,False,0.09880281239748001
1441,command_jitter,8,True,0.08229710906744003
1442,command_jitter,9,True,0.0889919176697731
1443,command_jitter,9,True,0.02963266149163246
1444,command_jitter,6,True,0.058565884828567505
1445,command_jitter,1,True,0.0
1446,command_jitter,7,False,0.07004579156637192
1447,command_jitter,7,False,0.08011476695537567
1448,command_jitter,1,True,0.0
1449,command_jitter,42,False,0.19793008267879486
1450,command_jitter,8,True,0.03552202135324478
1451,command_jitter,7,False,0.07182978838682175
1452,command_jitter,44,False,0.08148597180843353
1453,command_jitter,1,True,0.0
1454,command_jitter,47,False,0.20974692702293396
1455,command_jitter,1,False,0.0
1456,command_jitter,28,False,0.09654278308153152
1457,command_jitter,7,False,0.04555612802505493
1458,command_jitter,24,False,0.03526018187403679
1459,command_jitter,1,False,0.0
1460,command_jitter,23,False,0.22484572231769562
1461,command_jitter,3,True,0.043178096413612366
1462,command_jitter,28,True,0.04228883609175682
1463,command_jitter,49,False,0.05824153497815132
1464,command_jitter,28,True,0.039869725704193115
1465,command_jitter,29,False,0.05942586436867714
1466,command_jitter,1,False,0.0
1467,command_jitter,44,False,0.4651080071926117
1468,command_jitter,27,False,0.0933900848031044
1469,command_jitter,7,True,0.07407202571630478
1470,command_jitter,6,True,0.10139458626508713
1471,command_jitter,7,True,0.05156222730875015
1472,command_jitter,22,True,0.07847896218299866
1473,command_jitter,9,True,0.1586725115776062
1474,command_jitter,10,True,0.0367467887699604
1475,command_jitter,29,True,0.15365362167358398
1476,command_jitter,2,True,0.10707665234804153
1477,command_jitter,2,True,0.08480355888605118
1478,command_jitter,7,True,0.019144605845212936
1479,command_jitter,2,True,0.12167619913816452
1480,command_jitter,2,True,0.10879364609718323
1481,command_jitter,2,True,0.11872561275959015
1482,command_jitter,8,True,0.057153187692165375
1483,command_jitter,2,True,0.14157167077064514
1484,command_jitter,2,True,0.0947585329413414
1485,command_jitter,8,True,0.022978976368904114
1486,command_jitter,10,True,0.1312103271484375
1487,command_jitter,50,False,0.11428665369749069
1488,command_jitter,1,True,0.037023983895778656
1489,command_jitter,2,True,0.06644786149263382
1490,command_jitter,2,True,0.1330976039171219
1491,command_jitter,27,True,0.09626597166061401
1492,command_jitter,9,True,0.08551479876041412
1493,command_jitter,2,True,0.0698850154876709
1494,command_jitter,2,True,0.1304909884929657
1495,command_jitter,2,True,0.10222708433866501
1496,command_jitter,2,True,0.1078474223613739
1497,command_jitter,2,True,0.07405679672956467
1498,command_jitter,2,True,0.09550980478525162
1499,command_jitter,1,True,0.09710994362831116
1500,command_jitter,2,True,0.12675762176513672
1501,command_jitter,9,True,0.12317976355552673
1502,command_jitter,1,True,0.0
1503,command_jitter,2,True,0.0864318385720253
1504,command_jitter,27,False,0.03598473593592644
1505,command_jitter,16,False,0.01429187972098589
1506,command_jitter,1,False,0.0
1507,command_jitter,40,False,0.015501515939831734
1508,command_jitter,9,False,0.03735595569014549
1509,command_jitter,1,False,0.0
1510,command_jitter,8,False,0.055823829025030136
1511,command_jitter,1,False,0.0
1512,command_jitter,1,False,0.0
1513,command_jitter,16,False,0.006556761916726828
1514,command_jitter,9,False,0.0276985764503479
1515,command_jitter,6,False,0.0265311598777771
1516,command_jitter,1,False,0.0
1517,command_jitter,1,False,0.0
1518,command_jitter,25,False,0.07124864310026169
1519,command_jitter,27,False,0.12394025176763535
1520,command_jitter,26,False,0.18638922274112701
1521,command_jitter,1,False,0.0
1522,command_jitter,16,False,0.01203295961022377
1523,command_jitter,9,False,0.03287125378847122
1524,command_jitter,27,False,0.08364560455083847
1525,command_jitter,16,False,0.02054629661142826
1526,command_jitter,9,False,0.05067905783653259
1527,command_jitter,25,False,0.026669185608625412
1528,command_jitter,10,False,0.024851061403751373
1529,command_jitter,9,False,0.034358084201812744
1530,command_jitter,39,False,0.06250915676355362
1531,command_jitter,1,False,0.0
1532,command_jitter,2,False,0.10453908890485764
1533,command_jitter,29,False,0.057528845965862274
1534,command_jitter,9,False,0.02206248603761196
1535,command_jitter,9,False,0.02076728455722332
1536,command_jitter,1,True,0.0
1537,command_jitter,1,True,0.0
1538,command_jitter,3,True,0.01992553099989891
1539,command_jitter,3,True,0.0024616464506834745
1540,command_jitter,3,True,0.010564908385276794
1541,command_jitter,1,True,0.0
1542,command_jitter,3,True,0.013321963138878345
1543,command_jitter,1,True,0.0
1544,command_jitter,1,True,0.0
1545,command_jitter,3,True,0.015852024778723717
1546,command_jitter,3,True,0.010417066514492035
1547,command_jitter,1,True,0.0
1548,command_jitter,3,True,0.026785967871546745
1549,command_jitter,1,True,0.0
1550,command_jitter,3,True,0.009448782540857792
1551,command_jitter,1,True,0.0
1552,command_jitter,3,True,0.014382652007043362
1553,command_jitter,1,True,0.0
1554,command_jitter,1,True,0.0
1555,command_jitter,1,True,0.0
1556,command_jitter,1,True,0.0
1557,command_jitter,1,True,0.0
1558,command_jitter,3,True,0.012374415062367916
1559,command_jitter,1,True,0.0
1560,command_jitter,1,True,0.0
1561,command_jitter,1,True,0.0
1562,command_jitter,3,True,0.014144379645586014
1563,command_jitter,3,True,0.015767836943268776
1564,command_jitter,1,True,0.0
1565,command_jitter,1,True,0.0
1566,command_jitter,1,True,0.0
1567,command_jitter,3,True,0.011121758259832859
1568,command_jitter,1,True,0.0
1569,command_jitter,1,True,0.0
1570,command_jitter,1,True,0.0
1571,command_jitter,3,True,0.008541633374989033
1572,command_jitter,1,True,0.0
1573,command_jitter,1,True,0.0
1574,command_jitter,1,True,0.0
1575,command_jitter,1,True,0.0
1576,command_jitter,1,True,0.0
1577,command_jitter,1,True,0.0
1578,command_jitter,1,True,0.0
1579,command_jitter,1,True,0.0
1580,command_jitter,1,True,0.0
1581,command_jitter,9,True,0.021697262302041054
1582,command_jitter,1,True,0.0
1583,command_jitter,1,True,0.0
1584,command_jitter,1,True,0.0
1585,command_jitter,1,True,0.0
1586,command_jitter,1,True,0.0
1587,command_jitter,1,True,0.0
1588,command_jitter,1,True,0.0
1589,command_jitter,1,True,0.0
1590,command_jitter,1,True,0.0
1591,command_jitter,1,True,0.0
1592,command_jitter,4,True,0.0063018640503287315
1593,command_jitter,1,True,0.0
1594,command_jitter,1,True,0.0
1595,command_jitter,1,True,0.0
1596,command_jitter,1,True,0.0
1597,command_jitter,1,True,0.0
1598,command_jitter,1,True,0.0
1599,command_jitter,1,True,0.0
1600,command_jitter,1,True,0.0
1601,command_jitter,1,True,0.0
1602,command_jitter,1,True,0.0
1603,command_jitter,1,True,0.0
1604,command_jitter,1,True,0.0
1605,command_jitter,1,True,0.0
1606,command_jitter,1,True,0.0
1607,command_jitter,1,True,0.0
1608,command_jitter,1,True,0.0
1609,command_jitter,1,True,0.0
1610,command_jitter,1,True,0.0
1611,command_jitter,1,True,0.0
1612,command_jitter,1,True,0.0
1613,command_jitter,1,True,0.0
1614,command_jitter,1,True,0.0
1615,command_jitter,1,True,0.0
1616,command_jitter,1,True,0.0
1617,command_jitter,1,True,0.0
1618,command_jitter,1,True,0.0
1619,command_jitter,1,True,0.0
1620,command_jitter,1,True,0.0
1621,command_jitter,1,True,0.0
1622,command_jitter,1,True,0.0
1623,command_jitter,1,True,0.0
1624,command_jitter,1,True,0.0
1625,command_jitter,1,True,0.0
1626,command_jitter,1,True,0.0
1627,command_jitter,1,True,0.0
1628,command_jitter,1,True,0.0
1629,command_jitter,1,True,0.0
1630,command_jitter,1,True,0.0
1631,command_jitter,1,True,0.0
1632,command_jitter,1,True,0.0
1633,command_jitter,1,True,0.0
1634,command_jitter,1,True,0.0
1635,command_jitter,1,True,0.0
1636,command_jitter,1,True,0.0
1637,command_jitter,1,True,0.0
1638,command_jitter,1,True,0.0
1639,command_jitter,1,True,0.0
1640,command_jitter,1,True,0.0
1641,command_jitter,1,True,0.0
1642,command_jitter,1,True,0.0
1643,command_jitter,1,True,0.0
1644,command_jitter,1,True,0.0
1645,command_jitter,1,True,0.0
1646,command_jitter,1,True,0.0
1647,command_jitter,1,True,0.0
1648,command_jitter,1,True,0.0
1649,command_jitter,1,True,0.0
1650,command_jitter,19,False,0.4401664435863495
1651,command_jitter,1,True,0.0
1652,command_jitter,1,True,0.0
1653,command_jitter,1,True,0.0
1654,command_jitter,1,True,0.0
1655,command_jitter,5,True,0.003800445469096303
1656,command_jitter,1,True,0.0
1657,command_jitter,1,True,0.0
1658,command_jitter,1,True,0.0
1659,command_jitter,1,True,0.0
1660,command_jitter,1,True,0.0
1661,command_jitter,1,True,0.0
1662,command_jitter,1,True,0.0
1663,command_jitter,1,True,0.0
1664,command_jitter,1,True,0.0
1665,command_jitter,3,True,0.004590481519699097
1666,command_jitter,1,True,0.0
1667,command_jitter,3,True,0.004466285463422537
1668,command_jitter,1,True,0.0
1669,command_jitter,1,True,0.0
1670,command_jitter,1,True,0.0
1671,command_jitter,1,True,0.0
1672,command_jitter,1,True,0.0
1673,command_jitter,1,True,0.0
1674,command_jitter,1,True,0.0
1675,command_jitter,1,True,0.0
1676,command_jitter,3,True,0.010140038095414639
1677,command_jitter,1,True,0.0
1678,command_jitter,9,True,0.009480646811425686
1679,command_jitter,1,True,0.0
1680,command_jitter,19,False,0.6059814691543579
1681,command_jitter,1,True,0.0
1682,command_jitter,1,True,0.0
1683,command_jitter,1,True,0.0
1684,command_jitter,1,True,0.0
1685,command_jitter,1,True,0.0
1686,command_jitter,1,True,0.0
1687,command_jitter,3,True,0.0031759333796799183
1688,command_jitter,1,True,0.0
1689,command_jitter,1,True,0.0
1690,command_jitter,1,True,0.0
1691,command_jitter,1,True,0.0
1692,command_jitter,1,True,0.0
1693,command_jitter,1,True,0.0
1694,command_jitter,1,True,0.0
1695,command_jitter,1,True,0.0
1696,command_jitter,1,True,0.0
1697,command_jitter,1,True,0.0
1698,command_jitter,1,True,0.0
1699,command_jitter,1,True,0.0
1700,command_jitter,1,True,0.0
1701,command_jitter,1,True,0.0
1702,command_jitter,1,True,0.0
1703,command_jitter,1,True,0.0
1704,command_jitter,1,True,0.0
1705,command_jitter,1,True,0.0
1706,command_jitter,1,True,0.0
1707,command_jitter,1,True,0.0
1708,command_jitter,1,True,0.0
1709,command_jitter,1,True,0.0
1710,command_jitter,1,True,0.0
1711,command_jitter,1,True,0.0
1712,command_jitter,1,True,0.0
1713,command_jitter,1,True,0.0
1714,command_jitter,1,True,0.0
1715,command_jitter,1,True,0.0
1716,command_jitter,1,True,0.0
1717,command_jitter,1,True,0.0
1718,command_jitter,1,True,0.0
1719,command_jitter,19,False,0.06608501821756363
1720,command_jitter,1,True,0.0
1721,command_jitter,5,True,0.01897786743938923
1722,command_jitter,1,True,0.0
1723,command_jitter,1,True,0.0
1724,command_jitter,19,False,0.30908551812171936
1725,command_jitter,1,True,0.0
1726,command_jitter,1,True,0.0
1727,command_jitter,1,True,0.0
1728,command_jitter,1,True,0.0
1729,command_jitter,1,True,0.0
1730,command_jitter,1,True,0.0
1731,command_jitter,1,True,0.0
1732,command_jitter,1,True,0.0
1733,command_jitter,1,True,0.0
1734,command_jitter,1,True,0.0
1735,command_jitter,1,True,0.0
1736,command_jitter,1,True,0.0
1737,command_jitter,1,True,0.0
1738,command_jitter,1,True,0.0
1739,command_jitter,1,True,0.0
1740,command_jitter,17,False,0.48299163579940796
1741,command_jitter,1,True,0.015452719293534756
1742,command_jitter,1,True,0.0
1743,command_jitter,1,True,0.0
1744,command_jitter,1,True,0.0
1745,command_jitter,1,True,0.0
1746,command_jitter,1,True,0.0
1747,command_jitter,1,True,0.0
1748,command_jitter,1,True,0.0
1749,command_jitter,4,True,0.004457056522369385
1750,command_jitter,1,True,0.0
1751,command_jitter,1,True,0.0
1752,command_jitter,1,True,0.0
1753,command_jitter,1,True,0.0
1754,command_jitter,1,True,0.0
1755,command_jitter,1,True,0.0
1756,command_jitter,1,True,0.0
1757,command_jitter,1,True,0.0
1758,command_jitter,1,True,0.0
1759,command_jitter,1,True,0.0
1760,command_jitter,1,True,0.0
1761,command_jitter,1,True,0.0
1762,command_jitter,3,True,0.01708606258034706
1763,command_jitter,1,True,0.0
1764,command_jitter,3,True,0.006647888105362654
1765,command_jitter,3,True,0.01623152196407318
1766,command_jitter,1,True,0.0
1767,command_jitter,1,True,0.0
1768,command_jitter,1,True,0.0
1769,command_jitter,1,True,0.0
1770,command_jitter,1,True,0.0
1771,command_jitter,3,True,0.014476442709565163
1772,command_jitter,3,True,0.015634572133421898
1773,command_jitter,1,True,0.0
1774,command_jitter,1,True,0.0
1775,command_jitter,3,True,0.015394969843327999
1776,command_jitter,3,True,0.010016647167503834
1777,command_jitter,3,True,0.01787271723151207
1778,command_jitter,1,True,0.0
1779,command_jitter,3,True,0.014027916826307774
1780,command_jitter,1,True,0.0
1781,command_jitter,3,True,0.03745332732796669
1782,command_jitter,1,True,0.0
1783,command_jitter,1,True,0.0
1784,command_jitter,1,True,0.0
1785,command_jitter,1,True,0.0
1786,command_jitter,3,True,0.00654236227273941
1787,command_jitter,3,True,0.015506773255765438
1788,command_jitter,3,True,0.04221851006150246
1789,command_jitter,9,True,0.008949648588895798
1790,command_jitter,1,True,0.0
1791,command_jitter,1,True,0.0
1792,command_jitter,1,True,0.0
1793,command_jitter,1,True,0.0
1794,command_jitter,1,True,0.0
1795,command_jitter,21,False,0.1853068470954895
1796,command_jitter,1,True,0.0
1797,command_jitter,1,True,0.0
1798,command_jitter,1,True,0.0
1799,command_jitter,1,True,0.0
1800,command_jitter,1,True,0.0
1801,command_jitter,1,True,0.0
1802,command_jitter,1,True,0.0
1803,command_jitter,1,True,0.0
1804,command_jitter,4,True,0.005932745058089495
1805,command_jitter,1,True,0.0
1806,command_jitter,1,True,0.0
1807,command_jitter,1,True,0.0
1808,command_jitter,1,True,0.0
1809,command_jitter,1,True,0.0
1810,command_jitter,1,True,0.0
1811,command_jitter,1,True,0.0
1812,command_jitter,1,True,0.0
1813,command_jitter,1,True,0.0
1814,command_jitter,1,True,0.0
1815,command_jitter,19,True,0.2176617830991745
1816,command_jitter,1,True,0.0
1817,command_jitter,1,True,0.0
1818,command_jitter,1,True,0.0
1819,command_jitter,1,True,0.0
1820,command_jitter,1,True,0.0
1821,command_jitter,1,True,0.0
1822,command_jitter,1,True,0.0
1823,command_jitter,1,True,0.0
1824,command_jitter,1,True,0.0
1825,command_jitter,1,True,0.0
1826,command_jitter,1,True,0.0
1827,command_jitter,1,True,0.0
1828,command_jitter,1,True,0.0
1829,command_jitter,1,True,0.0
1830,command_jitter,1,True,0.0
1831,command_jitter,1,True,0.0
1832,command_jitter,1,True,0.0
1833,command_jitter,1,True,0.0
1834,command_jitter,1,True,0.0
1835,command_jitter,1,True,0.0
1836,command_jitter,3,True,0.010734322480857372
1837,command_jitter,3,True,0.017201468348503113
1838,command_jitter,1,True,0.0
1839,command_jitter,1,True,0.0
1840,command_jitter,1,True,0.0
1841,command_jitter,1,True,0.0
1842,command_jitter,1,True,0.0
1843,command_jitter,1,True,0.0
1844,command_jitter,1,True,0.0
1845,command_jitter,1,True,0.0
1846,command_jitter,1,True,0.0
1847,command_jitter,1,True,0.0
1848,command_jitter,1,True,0.0
1849,command_jitter,1,True,0.0
1850,command_jitter,3,True,0.018432607874274254
1851,command_jitter,1,True,0.0
1852,command_jitter,1,True,0.0
1853,command_jitter,1,True,0.0
1854,command_jitter,1,True,0.0
1855,command_jitter,1,True,0.0
1856,command_jitter,1,True,0.0
1857,command_jitter,1,True,0.0
1858,command_jitter,1,True,0.0
1859,command_jitter,1,True,0.0
1860,command_jitter,1,True,0.0
1861,command_jitter,1,True,0.0
1862,command_jitter,1,True,0.0
1863,command_jitter,1,True,0.0
1864,command_jitter,1,True,0.0
1865,command_jitter,1,True,0.0
1866,command_jitter,1,True,0.0
1867,command_jitter,1,True,0.0
1868,command_jitter,1,True,0.0
1869,command_jitter,1,True,0.0
1870,command_jitter,1,True,0.0
1871,command_jitter,1,True,0.0
1872,command_jitter,1,True,0.0
1873,command_jitter,1,True,0.0
1874,command_jitter,1,True,0.0
1875,command_jitter,1,True,0.0
1876,command_jitter,1,True,0.0
1877,command_jitter,1,True,0.0
1878,command_jitter,1,True,0.0
1879,command_jitter,1,True,0.0
1880,command_jitter,1,True,0.0
1881,command_jitter,1,True,0.0
1882,command_jitter,1,True,0.0
1883,command_jitter,1,True,0.0
1884,command_jitter,1,True,0.0
1885,command_jitter,1,True,0.0
1886,command_jitter,1,True,0.0
1887,command_jitter,1,True,0.0
1888,command_jitter,1,True,0.0
1889,command_jitter,1,True,0.0
1890,command_jitter,1,True,0.0
1891,command_jitter,1,True,0.0
1892,command_jitter,1,True,0.0
1893,command_jitter,1,True,0.0
1894,command_jitter,4,True,0.011051105335354805
1895,command_jitter,1,True,0.0
1896,command_jitter,1,True,0.0
1897,command_jitter,1,True,0.0
1898,command_jitter,1,True,0.0
1899,command_jitter,1,True,0.0
1900,command_jitter,3,True,0.013850865885615349
1901,command_jitter,1,True,0.0
1902,command_jitter,1,True,0.0
1903,command_jitter,1,True,0.0
1904,command_jitter,1,True,0.0
1905,command_jitter,1,True,0.0
1906,command_jitter,1,True,0.0
1907,command_jitter,1,True,0.0
1908,command_jitter,3,True,0.012479730881750584
1909,command_jitter,1,True,0.0
1910,command_jitter,1,True,0.0
1911,command_jitter,1,True,0.0
1912,command_jitter,1,True,0.0
1913,command_jitter,1,True,0.0
1914,command_jitter,1,True,0.0
1915,command_jitter,1,True,0.0
1916,command_jitter,1,True,0.0
1917,command_jitter,1,True,0.0
1918,command_jitter,1,True,0.0
1919,command_jitter,1,True,0.0
1920,command_jitter,1,True,0.0
1921,command_jitter,1,True,0.0
1922,command_jitter,1,True,0.0
1923,command_jitter,1,True,0.0
1924,command_jitter,1,True,0.0
1925,command_jitter,1,True,0.0
1926,command_jitter,1,True,0.0
1927,command_jitter,1,True,0.0
1928,command_jitter,1,True,0.0
1929,command_jitter,1,True,0.0
1930,command_jitter,18,False,0.5
1931,command_jitter,1,True,0.0
1932,command_jitter,1,True,0.0
1933,command_jitter,1,True,0.0
1934,command_jitter,1,True,0.0
1935,command_jitter,1,True,0.0
1936,command_jitter,1,True,0.0
1937,command_jitter,1,True,0.0
1938,command_jitter,1,True,0.0
1939,command_jitter,1,True,0.0
1940,command_jitter,1,True,0.0
1941,command_jitter,1,True,0.0
1942,command_jitter,1,True,0.0
1943,command_jitter,1,True,0.0
1944,command_jitter,1,True,0.0
1945,command_jitter,1,True,0.0
1946,command_jitter,1,True,0.0
1947,command_jitter,1,True,0.0
1948,command_jitter,1,True,0.0
1949,command_jitter,1,True,0.0
1950,command_jitter,1,True,0.0
1951,command_jitter,1,True,0.0
1952,command_jitter,6,True,0.015621298924088478
1953,command_jitter,1,True,0.0
1954,command_jitter,1,True,0.0
1955,command_jitter,1,True,0.0
1956,command_jitter,1,True,0.0
1957,command_jitter,1,True,0.0
1958,command_jitter,1,True,0.0
1959,command_jitter,1,True,0.0
1960,command_jitter,1,True,0.0
1961,command_jitter,1,True,0.0
1962,command_jitter,1,True,0.0
1963,command_jitter,1,True,0.0
1964,command_jitter,1,True,0.0
1965,command_jitter,1,True,0.0
1966,command_jitter,1,True,0.0
1967,command_jitter,1,True,0.0
1968,command_jitter,6,True,0.012989761307835579
1969,command_jitter,1,True,0.0
1970,command_jitter,1,True,0.0
1971,command_jitter,16,False,0.4965882897377014
1972,command_jitter,1,True,0.0
1973,command_jitter,6,True,0.01405681949108839
1974,command_jitter,6,True,0.012899152003228664
1975,command_jitter,6,True,0.044913750141859055
1976,command_jitter,1,True,0.0
1977,command_jitter,1,True,0.0
1978,command_jitter,1,True,0.0
1979,command_jitter,1,True,0.0
1980,command_jitter,1,True,0.0
1981,command_jitter,6,True,0.0286199152469635
1982,command_jitter,1,True,0.0
1983,command_jitter,1,True,0.0
1984,command_jitter,20,False,0.3043997585773468
1985,command_jitter,14,False,0.6097458600997925
1986,command_jitter,1,True,0.0
1987,command_jitter,1,True,0.0
1988,command_jitter,1,True,0.0
1989,command_jitter,1,True,0.0
1990,command_jitter,1,True,0.0
1991,command_jitter,18,False,0.5278597474098206
1992,command_jitter,1,True,0.0
1993,command_jitter,1,True,0.0
1994,command_jitter,1,True,0.0
1995,command_jitter,1,True,0.0
1996,command_jitter,1,True,0.0
1997,command_jitter,1,True,0.0
1998,command_jitter,1,True,0.0
1999,command_jitter,1,True,0.0
2000,command_jitter,1,True,0.0
2001,command_jitter,1,True,0.0
2002,command_jitter,1,True,0.0
2003,command_jitter,1,True,0.0
2004,command_jitter,1,True,0.0
2005,command_jitter,1,True,0.0
2006,command_jitter,1,True,0.0
2007,command_jitter,1,True,0.0
2008,command_jitter,1,True,0.0
2009,command_jitter,1,True,0.0
2010,command_jitter,1,True,0.0
2011,command_jitter,1,True,0.0
2012,command_jitter,1,True,0.0
2013,command_jitter,1,True,0.0
2014,command_jitter,18,False,0.5
2015,command_jitter,1,True,0.0
2016,command_jitter,1,True,0.0
2017,command_jitter,1,True,0.0
2018,command_jitter,1,True,0.0
2019,command_jitter,1,True,0.0
2020,command_jitter,1,True,0.0
2021,command_jitter,1,True,0.0
2022,command_jitter,1,True,0.0
2023,command_jitter,1,True,0.0
2024,command_jitter,1,True,0.0
2025,command_jitter,1,True,0.0
2026,command_jitter,1,True,0.0
2027,command_jitter,1,True,0.0
2028,command_jitter,1,True,0.0
2029,command_jitter,1,True,0.0
2030,command_jitter,1,True,0.0
2031,command_jitter,1,True,0.0
2032,command_jitter,1,True,0.0
2033,command_jitter,1,True,0.0
2034,command_jitter,1,True,0.0
2035,command_jitter,1,True,0.0
2036,command_jitter,1,True,0.0
2037,command_jitter,1,True,0.0
2038,command_jitter,1,True,0.0
2039,command_jitter,1,True,0.0
2040,command_jitter,1,True,0.0
2041,command_jitter,1,True,0.0
2042,command_jitter,1,True,0.0
2043,command_jitter,1,True,0.0
2044,command_jitter,1,True,0.0
2045,command_jitter,1,True,0.0
2046,command_jitter,1,True,0.0
2047,command_jitter,1,True,0.0
2048,command_jitter,11,True,0.022533098235726357
2049,command_jitter,7,True,0.0932866781949997
2050,command_jitter,1,True,0.0
2051,command_jitter,1,True,0.0
2052,command_jitter,1,True,0.0
2053,command_jitter,1,True,0.0
2054,command_jitter,1,True,0.0
2055,command_jitter,11,True,0.05721931532025337
2056,command_jitter,1,True,0.0
2057,command_jitter,1,True,0.0
2058,command_jitter,1,True,0.0
2059,command_jitter,11,True,0.07685595005750656
2060,command_jitter,1,True,0.0
2061,command_jitter,1,True,0.0
2062,command_jitter,1,True,0.0
2063,command_jitter,1,True,0.0
2064,command_jitter,8,True,0.08293687552213669
2065,command_jitter,7,True,0.09154079109430313
2066,command_jitter,1,True,0.0
2067,command_jitter,1,True,0.0
2068,command_jitter,1,True,0.0
2069,command_jitter,1,True,0.0
2070,command_jitter,1,True,0.0
2071,command_jitter,1,True,0.0
2072,command_jitter,1,True,0.0
2073,command_jitter,1,True,0.0
2074,command_jitter,1,True,0.0
2075,command_jitter,8,True,0.05282220244407654
2076,command_jitter,19,False,0.4341377913951874
2077,command_jitter,8,True,0.0424954853951931
2078,command_jitter,1,True,0.0
2079,command_jitter,1,True,0.0
2080,command_jitter,11,True,0.018642619252204895
2081,command_jitter,1,True,0.0
2082,command_jitter,1,True,0.0
2083,command_jitter,1,True,0.0
2084,command_jitter,1,True,0.0
2085,command_jitter,8,True,0.07099665701389313
2086,command_jitter,1,True,0.0
2087,command_jitter,1,True,0.0
2088,command_jitter,1,True,0.0
2089,command_jitter,4,True,0.012182069942355156
2090,command_jitter,1,True,0.0
2091,command_jitter,1,True,0.0
2092,command_jitter,8,True,0.15303751826286316
2093,command_jitter,4,True,0.013234204612672329
2094,command_jitter,4,True,0.008434017188847065
2095,command_jitter,1,True,0.0
2096,command_jitter,7,True,0.17827379703521729
2097,command_jitter,1,True,0.0
2098,command_jitter,1,True,0.0
2099,command_jitter,15,False,0.42318305373191833
2100,command_jitter,1,True,0.0
2101,command_jitter,7,True,0.039487626403570175
2102,command_jitter,9,True,0.06076190248131752
2103,command_jitter,1,True,0.0
2104,command_jitter,8,True,0.0511634424328804
2105,command_jitter,4,True,0.014609790407121181
2106,command_jitter,4,True,0.022364214062690735
2107,command_jitter,7,True,0.25
2108,command_jitter,1,True,0.0
2109,command_jitter,1,True,0.0
2110,command_jitter,8,True,0.16794705390930176
2111,command_jitter,1,True,0.0
2112,command_jitter,1,True,0.0
2113,command_jitter,1,True,0.0
2114,command_jitter,1,True,0.0
2115,command_jitter,1,True,0.0
2116,command_jitter,1,True,0.0
2117,command_jitter,1,True,0.0
2118,command_jitter,1,True,0.0
2119,command_jitter,1,True,0.0
2120,command_jitter,1,True,0.0
2121,command_jitter,1,True,0.0
2122,command_jitter,11,True,0.06050765886902809
2123,command_jitter,1,True,0.0
2124,command_jitter,20,False,0.24791033565998077
2125,command_jitter,1,True,0.0
2126,command_jitter,1,True,0.0
2127,command_jitter,1,True,0.0
2128,command_jitter,1,True,0.0
2129,command_jitter,1,True,0.0
2130,command_jitter,1,True,0.0
2131,command_jitter,1,True,0.0
2132,command_jitter,1,True,0.0
2133,command_jitter,1,True,0.0
2134,command_jitter,11,True,0.05277971923351288
2135,command_jitter,1,True,0.0
2136,command_jitter,8,True,0.01716265268623829
2137,command_jitter,1,True,0.0
2138,command_jitter,1,True,0.0
2139,command_jitter,1,True,0.0
2140,command_jitter,1,True,0.0
2141,command_jitter,1,True,0.0
2142,command_jitter,1,True,0.0
2143,command_jitter,1,True,0.0
2144,command_jitter,1,True,0.0
2145,command_jitter,1,True,0.0
2146,command_jitter,1,True,0.0
2147,command_jitter,9,True,0.07399135082960129
2148,command_jitter,5,True,0.015929801389575005
2149,command_jitter,13,True,0.050005003809928894
2150,command_jitter,1,True,0.0
2151,command_jitter,9,True,0.10631339251995087
2152,command_jitter,1,True,0.0
2153,command_jitter,9,True,0.06110017001628876
2154,command_jitter,21,False,0.12325193732976913
2155,command_jitter,1,True,0.0
2156,command_jitter,1,True,0.0
2157,command_jitter,1,True,0.0
2158,command_jitter,4,True,0.039135172963142395
2159,command_jitter,9,True,0.10213571786880493
2160,command_jitter,9,True,0.18807876110076904
2161,command_jitter,1,True,0.0
2162,command_jitter,1,True,0.0
2163,command_jitter,12,True,0.03572333604097366
2164,command_jitter,8,True,0.07746419310569763
2165,command_jitter,5,True,0.04547020420432091
2166,command_jitter,4,True,0.024521199986338615
2167,command_jitter,6,True,0.012542873620986938
2168,command_jitter,1,True,0.0
2169,command_jitter,1,True,0.0
2170,command_jitter,21,False,0.11155891418457031
2171,command_jitter,1,True,0.0
2172,command_jitter,9,True,0.09718851745128632
2173,command_jitter,1,True,0.0
2174,command_jitter,9,True,0.15792986750602722
2175,command_jitter,1,True,0.0
2176,command_jitter,3,True,0.020004885271191597
2177,command_jitter,1,True,0.0
2178,command_jitter,15,False,0.26145872473716736
2179,command_jitter,20,False,0.3718423545360565
2180,command_jitter,1,True,0.0
2181,command_jitter,8,True,0.13632789254188538
2182,command_jitter,12,True,0.011886680498719215
2183,command_jitter,9,True,0.11033043265342712
2184,command_jitter,1,True,0.0
2185,command_jitter,1,True,0.0
2186,command_jitter,15,True,0.29862818121910095
2187,command_jitter,12,True,0.036121223121881485
2188,command_jitter,3,True,0.020932666957378387
2189,command_jitter,19,True,0.3685086965560913
2190,command_jitter,1,True,0.0
2191,command_jitter,8,True,0.0880741998553276
2192,command_jitter,9,True,0.10705436766147614
2193,command_jitter,3,True,0.06963562220335007
2194,command_jitter,1,True,0.0
2195,command_jitter,3,True,0.02375076524913311
2196,command_jitter,1,True,0.0
2197,command_jitter,1,True,0.0
2198,command_jitter,4,True,0.08073461055755615
2199,command_jitter,1,True,0.0
2200,command_jitter,1,True,0.0
2201,command_jitter,1,True,0.0
2202,command_jitter,1,True,0.0
2203,command_jitter,3,True,0.050639133900403976
2204,command_jitter,12,True,0.04682694748044014
2205,command_jitter,4,True,0.01636151596903801
2206,command_jitter,1,True,0.0
2207,command_jitter,1,True,0.0
2208,command_jitter,1,True,0.0
2209,command_jitter,1,True,0.0
2210,command_jitter,1,True,0.0
2211,command_jitter,1,True,0.0
2212,command_jitter,1,True,0.0
2213,command_jitter,1,True,0.0
2214,command_jitter,1,True,0.0
2215,command_jitter,1,True,0.0
2216,command_jitter,1,True,0.0
2217,command_jitter,1,True,0.0
2218,command_jitter,1,True,0.0
2219,command_jitter,1,True,0.0
2220,command_jitter,1,True,0.0
2221,command_jitter,1,True,0.0
2222,command_jitter,7,True,0.07794003188610077
2223,command_jitter,1,True,0.0
2224,command_jitter,1,True,0.0
2225,command_jitter,1,True,0.0
2226,command_jitter,8,True,0.17325635254383087
2227,command_jitter,4,True,0.013100091367959976
2228,command_jitter,8,True,0.22370463609695435
2229,command_jitter,1,True,0.0
2230,command_jitter,1,True,0.0
2231,command_jitter,1,True,0.0
2232,command_jitter,1,True,0.0
2233,command_jitter,1,True,0.0
2234,command_jitter,1,True,0.0
2235,command_jitter,1,True,0.0
2236,command_jitter,1,True,0.0
2237,command_jitter,1,True,0.0
2238,command_jitter,1,True,0.0
2239,command_jitter,1,True,0.0
2240,command_jitter,1,True,0.0
2241,command_jitter,12,True,0.01823677308857441
2242,command_jitter,1,True,0.0
2243,command_jitter,1,True,0.0
2244,command_jitter,17,False,0.20611955225467682
2245,command_jitter,20,False,0.19525286555290222
2246,command_jitter,1,True,0.0
2247,command_jitter,18,False,0.4516911804676056
2248,command_jitter,19,False,0.38296404480934143
2249,command_jitter,19,False,0.13167917728424072
2250,command_jitter,1,True,0.0
2251,command_jitter,1,True,0.0
2252,command_jitter,1,True,0.0
2253,command_jitter,12,True,0.017872367054224014
2254,command_jitter,1,True,0.0
2255,command_jitter,1,True,0.0
2256,command_jitter,1,True,0.0
2257,command_jitter,1,True,0.0
2258,command_jitter,1,True,0.0
2259,command_jitter,1,True,0.0
2260,command_jitter,1,True,0.0
2261,command_jitter,1,True,0.0
2262,command_jitter,9,True,0.03100406751036644
2263,command_jitter,1,True,0.0
2264,command_jitter,18,False,0.280962735414505
2265,command_jitter,1,True,0.0
2266,command_jitter,19,False,0.5309877395629883
2267,command_jitter,8,True,0.0750427395105362
2268,command_jitter,1,True,0.0
2269,command_jitter,1,True,0.0
2270,command_jitter,8,True,0.1239171251654625
2271,command_jitter,1,True,0.0
2272,command_jitter,1,True,0.0
2273,command_jitter,1,True,0.0
2274,command_jitter,19,False,0.33150047063827515
2275,command_jitter,1,True,0.0
2276,command_jitter,1,True,0.0
2277,command_jitter,1,True,0.0
2278,command_jitter,1,True,0.0
2279,command_jitter,1,True,0.0
2280,command_jitter,1,True,0.0
2281,command_jitter,8,True,0.1382906436920166
2282,command_jitter,7,True,0.03574367240071297
2283,command_jitter,1,True,0.0
2284,command_jitter,7,True,0.07876439392566681
2285,command_jitter,1,True,0.0
2286,command_jitter,7,True,0.20135349035263062
2287,command_jitter,1,True,0.0
2288,command_jitter,1,True,0.0
2289,command_jitter,1,True,0.0
2290,command_jitter,7,True,0.14758720993995667
2291,command_jitter,1,True,0.0
2292,command_jitter,1,True,0.0
2293,command_jitter,1,True,0.0
2294,command_jitter,1,True,0.0
2295,command_jitter,1,True,0.0
2296,command_jitter,1,True,0.0
2297,command_jitter,16,False,0.3086903989315033
2298,command_jitter,1,True,0.0
2299,command_jitter,1,True,0.0
2300,command_jitter,1,True,0.0
2301,command_jitter,1,True,0.0
2302,command_jitter,1,True,0.0
2303,command_jitter,1,True,0.0
2304,command_jitter,7,True,0.13771437108516693
2305,command_jitter,1,True,0.0
2306,command_jitter,1,True,0.0
2307,command_jitter,1,True,0.0
2308,command_jitter,1,True,0.0
2309,command_jitter,7,True,0.059676483273506165
2310,command_jitter,1,True,0.0
2311,command_jitter,1,True,0.0
2312,command_jitter,1,True,0.0
2313,command_jitter,1,True,0.0
2314,command_jitter,8,True,0.014321856200695038
2315,command_jitter,11,True,0.049308642745018005
2316,command_jitter,16,False,0.2876232862472534
2317,command_jitter,1,True,0.0
2318,command_jitter,1,True,0.0
2319,command_jitter,1,True,0.0
2320,command_jitter,1,True,0.0
2321,command_jitter,1,True,0.0
2322,command_jitter,1,True,0.0
2323,command_jitter,1,True,0.0
2324,command_jitter,1,True,0.0
2325,command_jitter,7,True,0.021412640810012817
2326,command_jitter,1,True,0.0
2327,command_jitter,1,True,0.0
2328,command_jitter,1,True,0.0
2329,command_jitter,1,True,0.0
2330,command_jitter,1,True,0.0
2331,command_jitter,1,True,0.0
2332,command_jitter,1,True,0.0
2333,command_jitter,1,True,0.0
2334,command_jitter,1,True,0.0
2335,command_jitter,1,True,0.0
2336,command_jitter,8,True,0.11899115890264511
2337,command_jitter,1,True,0.0
2338,command_jitter,1,True,0.0
2339,command_jitter,1,True,0.0
2340,command_jitter,1,True,0.0
2341,command_jitter,1,True,0.0
2342,command_jitter,1,True,0.0
2343,command_jitter,1,True,0.0
2344,command_jitter,1,True,0.0
2345,command_jitter,1,True,0.0
2346,command_jitter,1,True,0.0
2347,command_jitter,1,True,0.0
2348,command_jitter,8,True,0.12944070994853973
2349,command_jitter,1,True,0.0
2350,command_jitter,1,True,0.0
2351,command_jitter,1,True,0.0
2352,command_jitter,17,False,0.3396037220954895
2353,command_jitter,8,True,0.08053037524223328
2354,command_jitter,2,True,0.05699450895190239
2355,command_jitter,1,True,0.0
2356,command_jitter,8,True,0.1627790778875351
2357,command_jitter,1,True,0.0
2358,command_jitter,8,True,0.03933751955628395
2359,command_jitter,1,True,0.0
2360,command_jitter,1,True,0.0
2361,command_jitter,1,True,0.0
2362,command_jitter,1,True,0.0
2363,command_jitter,1,True,0.0
2364,command_jitter,1,True,0.0
2365,command_jitter,1,True,0.0
2366,command_jitter,16,False,0.20531362295150757
2367,command_jitter,1,True,0.0
2368,command_jitter,21,False,0.32244837284088135
2369,command_jitter,1,True,0.0
2370,command_jitter,1,True,0.0
2371,command_jitter,1,True,0.0
2372,command_jitter,19,False,0.40371403098106384
2373,command_jitter,1,True,0.0
2374,command_jitter,1,True,0.0
2375,command_jitter,21,False,0.40451303124427795
2376,command_jitter,1,True,0.0
2377,command_jitter,18,False,0.34577614068984985
2378,command_jitter,16,False,0.29688018560409546
2379,command_jitter,1,True,0.0
2380,command_jitter,1,True,0.0
2381,command_jitter,1,True,0.0
2382,command_jitter,21,False,0.4459245204925537
2383,command_jitter,19,False,0.31743645668029785
2384,command_jitter,21,False,0.42824825644493103
2385,command_jitter,1,True,0.0
2386,command_jitter,19,False,0.28438931703567505
2387,command_jitter,1,True,0.0
2388,command_jitter,20,False,0.32089856266975403
2389,command_jitter,19,False,0.2971084415912628
2390,command_jitter,19,False,0.35656702518463135
2391,command_jitter,1,True,0.0
2392,command_jitter,1,True,0.0
2393,command_jitter,15,False,0.3196830749511719
2394,command_jitter,20,False,0.4239386320114136
2395,command_jitter,1,True,0.0
2396,command_jitter,1,True,0.0
2397,command_jitter,20,False,0.35146385431289673
2398,command_jitter,21,False,0.35055869817733765
2399,command_jitter,1,True,0.0
2400,command_jitter,1,True,0.0
2401,command_jitter,1,True,0.0
2402,command_jitter,8,True,0.07513497769832611
2403,command_jitter,7,True,0.20954127609729767
2404,command_jitter,7,True,0.07059583067893982
2405,command_jitter,7,True,0.12188207358121872
2406,command_jitter,15,False,0.12272025644779205
2407,command_jitter,1,True,0.0
2408,command_jitter,7,True,0.12905018031597137
2409,command_jitter,1,True,0.0
2410,command_jitter,1,True,0.0
2411,command_jitter,1,True,0.0
2412,command_jitter,1,True,0.0
2413,command_jitter,1,True,0.0
2414,command_jitter,1,True,0.0
2415,command_jitter,7,True,0.03473274037241936
2416,command_jitter,1,True,0.0
2417,command_jitter,1,True,0.0
2418,command_jitter,7,True,0.06306976824998856
2419,command_jitter,1,True,0.0
2420,command_jitter,1,True,0.0
2421,command_jitter,1,True,0.0
2422,command_jitter,7,True,0.04977518692612648
2423,command_jitter,1,True,0.0
2424,command_jitter,1,True,0.0
2425,command_jitter,7,True,0.1277138739824295
2426,command_jitter,7,True,0.1736806184053421
2427,command_jitter,1,True,0.0
2428,command_jitter,1,True,0.0
2429,command_jitter,1,True,0.0
2430,command_jitter,1,True,0.0
2431,command_jitter,7,True,0.12327449768781662
2432,command_jitter,1,True,0.0
2433,command_jitter,1,True,0.0
2434,command_jitter,7,True,0.1741601973772049
2435,command_jitter,7,True,0.13428407907485962
2436,command_jitter,7,True,0.0703212097287178
2437,command_jitter,7,True,0.1440303921699524
2438,command_jitter,1,True,0.0
2439,command_jitter,1,True,0.0
2440,command_jitter,1,True,0.0
2441,command_jitter,1,True,0.0
2442,command_jitter,1,True,0.0
2443,command_jitter,1,True,0.0
2444,command_jitter,8,True,0.2047085016965866
2445,command_jitter,1,True,0.0
2446,command_jitter,1,True,0.0
2447,command_jitter,7,True,0.03203890845179558
2448,command_jitter,1,True,0.0
2449,command_jitter,1,True,0.0
2450,command_jitter,8,True,0.152714341878891
2451,command_jitter,7,True,0.04069899022579193
2452,command_jitter,1,True,0.0
2453,command_jitter,1,True,0.0
2454,command_jitter,1,True,0.0
2455,command_jitter,1,True,0.0
2456,command_jitter,8,True,0.013148397207260132
2457,command_jitter,1,True,0.0
2458,command_jitter,1,True,0.0
2459,command_jitter,1,True,0.0
2460,command_jitter,1,True,0.0
2461,command_jitter,1,True,0.0
2462,command_jitter,8,True,0.13141220808029175
2463,command_jitter,1,True,0.0
2464,command_jitter,1,True,0.0
2465,command_jitter,13,True,0.009348035790026188
2466,command_jitter,1,True,0.0
2467,command_jitter,9,True,0.12058743089437485
2468,command_jitter,1,True,0.0
2469,command_jitter,1,True,0.0
2470,command_jitter,8,True,0.12587250769138336
2471,command_jitter,1,True,0.0
2472,command_jitter,1,True,0.0
2473,command_jitter,1,True,0.0
2474,command_jitter,1,True,0.0
2475,command_jitter,1,True,0.0
2476,command_jitter,1,True,0.0
2477,command_jitter,1,True,0.0
2478,command_jitter,1,True,0.0
2479,command_jitter,1,True,0.0
2480,command_jitter,1,True,0.0
2481,command_jitter,5,True,0.013231194578111172
2482,command_jitter,1,True,0.0
2483,command_jitter,1,True,0.0
2484,command_jitter,1,True,0.0
2485,command_jitter,5,True,0.033485304564237595
2486,command_jitter,1,True,0.0
2487,command_jitter,9,True,0.08503890782594681
2488,command_jitter,1,True,0.0
2489,command_jitter,1,True,0.0
2490,command_jitter,1,True,0.0
2491,command_jitter,19,False,0.25923463702201843
2492,command_jitter,1,True,0.0
2493,command_jitter,1,True,0.0
2494,command_jitter,1,True,0.0
2495,command_jitter,1,True,0.0
2496,command_jitter,1,True,0.0
2497,command_jitter,1,True,0.0
2498,command_jitter,1,True,0.0
2499,command_jitter,1,True,0.0
2500,command_jitter,1,True,0.0
2501,command_jitter,1,True,0.0
2502,command_jitter,1,True,0.0
2503,command_jitter,1,True,0.0
2504,command_jitter,1,True,0.0
2505,command_jitter,1,True,0.0
2506,command_jitter,9,True,0.02320253849029541
2507,command_jitter,1,True,0.0
2508,command_jitter,1,True,0.0
2509,command_jitter,1,True,0.0
2510,command_jitter,8,True,0.04783236235380173
2511,command_jitter,5,True,0.008553233928978443
2512,command_jitter,9,True,0.1881868541240692
2513,command_jitter,1,True,0.0
2514,command_jitter,1,True,0.0
2515,command_jitter,1,True,0.0
2516,command_jitter,1,True,0.0
2517,command_jitter,9,True,0.07437365502119064
2518,command_jitter,1,True,0.0
2519,command_jitter,1,True,0.0
2520,command_jitter,1,True,0.0
2521,command_jitter,12,True,0.057580575346946716
2522,command_jitter,1,True,0.0
2523,command_jitter,1,True,0.0
2524,command_jitter,5,True,0.03562597185373306
2525,command_jitter,1,True,0.0
2526,command_jitter,1,True,0.0
2527,command_jitter,1,True,0.0
2528,command_jitter,5,True,0.031122492626309395
2529,command_jitter,1,True,0.0
2530,command_jitter,8,True,0.05534341558814049
2531,command_jitter,1,True,0.0
2532,command_jitter,1,True,0.0
2533,command_jitter,1,True,0.0
2534,command_jitter,5,True,0.030047498643398285
2535,command_jitter,1,True,0.0
2536,command_jitter,1,True,0.0
2537,command_jitter,1,True,0.0
2538,command_jitter,8,True,0.08477993309497833
2539,command_jitter,1,True,0.0
2540,command_jitter,1,True,0.0
2541,command_jitter,1,True,0.0
2542,command_jitter,6,True,0.006868040654808283
2543,command_jitter,1,True,0.0
2544,command_jitter,1,True,0.0
2545,command_jitter,1,True,0.0
2546,command_jitter,8,True,0.183891162276268
2547,command_jitter,1,True,0.0
2548,command_jitter,1,True,0.0
2549,command_jitter,1,True,0.0
2550,command_jitter,1,True,0.0
2551,command_jitter,1,True,0.0
2552,command_jitter,1,True,0.0
2553,command_jitter,9,True,0.06098204106092453
2554,command_jitter,1,True,0.0
2555,command_jitter,1,True,0.0
2556,command_jitter,8,True,0.08935611695051193
2557,command_jitter,1,True,0.0
2558,command_jitter,1,True,0.0
2559,command_jitter,8,True,0.06865306198596954
15,route_periodic_front,13,True,0.3998219668865204
80,route_periodic_front,13,True,0.43850862979888916
81,route_periodic_front,13,True,0.42167484760284424
395,route_periodic_front,13,True,0.41669565439224243
481,route_periodic_front,13,True,0.41642823815345764
484,route_periodic_front,13,True,0.41842278838157654
490,route_periodic_front,13,True,0.4193412959575653
495,route_periodic_front,13,True,0.4206264019012451
500,route_periodic_front,13,True,0.42148035764694214
502,route_periodic_front,13,True,0.4212789237499237
510,route_periodic_front,13,True,0.41866257786750793
511,route_periodic_front,13,True,0.4177640676498413
512,route_periodic_front,14,True,0.4445999264717102
513,route_periodic_front,14,True,0.4421117603778839
514,route_periodic_front,14,True,0.446706622838974
515,route_periodic_front,14,True,0.43905502557754517
516,route_periodic_front,14,True,0.4474305212497711
517,route_periodic_front,14,True,0.44541412591934204
518,route_periodic_front,14,True,0.4461776912212372
519,route_periodic_front,14,True,0.44214656949043274
520,route_periodic_front,14,True,0.44476383924484253
521,route_periodic_front,14,True,0.44668635725975037
522,route_periodic_front,14,True,0.4471200108528137
523,route_periodic_front,15,True,0.4491800367832184
524,route_periodic_front,14,True,0.44862374663352966
525,route_periodic_front,14,True,0.45131242275238037
526,route_periodic_front,14,True,0.4477948546409607
527,route_periodic_front,14,True,0.44855791330337524
528,route_periodic_front,14,True,0.44638940691947937
529,route_periodic_front,14,True,0.44705328345298767
530,route_periodic_front,14,True,0.4441806375980377
531,route_periodic_front,14,True,0.44893014430999756
532,route_periodic_front,14,True,0.4426533281803131
533,route_periodic_front,14,True,0.4454340934753418
534,route_periodic_front,14,True,0.44285616278648376
535,route_periodic_front,14,True,0.4495231807231903
536,route_periodic_front,14,True,0.45138677954673767
537,route_periodic_front,14,True,0.45191314816474915
538,route_periodic_front,13,True,0.4375452697277069
539,route_periodic_front,14,True,0.4459814131259918
540,route_periodic_front,14,True,0.44919106364250183
541,route_periodic_front,14,True,0.44551029801368713
542,route_periodic_front,14,True,0.44384774565696716
543,route_periodic_front,14,True,0.4508765637874603
544,route_periodic_front,13,True,0.434566855430603
545,route_periodic_front,14,True,0.43914902210235596
546,route_periodic_front,13,True,0.4338046610355377
547,route_periodic_front,14,True,0.441392719745636
548,route_periodic_front,14,True,0.4453670084476471
549,route_periodic_front,14,True,0.4425405263900757
550,route_periodic_front,14,True,0.4461303651332855
551,route_periodic_front,14,True,0.44051748514175415
552,route_periodic_front,14,True,0.4413582682609558
553,route_periodic_front,14,True,0.441325843334198
554,route_periodic_front,14,True,0.4427727460861206
555,route_periodic_front,14,True,0.43790683150291443
556,route_periodic_front,14,True,0.4387647807598114
557,route_periodic_front,14,True,0.44444990158081055
558,route_periodic_front,14,True,0.4431985020637512
559,route_periodic_front,29,False,0.4543611407279968
560,route_periodic_front,14,True,0.4469384253025055
561,route_periodic_front,14,True,0.4447934925556183
562,route_periodic_front,13,True,0.43921345472335815
563,route_periodic_front,14,True,0.44496503472328186
564,route_periodic_front,14,True,0.44122928380966187
565,route_periodic_front,14,True,0.44213417172431946
566,route_periodic_front,14,True,0.4440283179283142
567,route_periodic_front,13,True,0.43590301275253296
568,route_periodic_front,14,True,0.4433337152004242
569,route_periodic_front,14,True,0.43465784192085266
570,route_periodic_front,14,True,0.44330671429634094
571,route_periodic_front,13,True,0.44775086641311646
572,route_periodic_front,14,True,0.441932737827301
573,route_periodic_front,14,True,0.4473113715648651
574,route_periodic_front,14,True,0.45065808296203613
575,route_periodic_front,13,True,0.43938806653022766
576,route_periodic_front,13,True,0.43246328830718994
577,route_periodic_front,13,True,0.44200602173805237
578,route_periodic_front,13,True,0.4317753314971924
579,route_periodic_front,14,True,0.44282376766204834
580,route_periodic_front,13,True,0.44283783435821533
581,route_periodic_front,29,False,0.4718061685562134
582,route_periodic_front,13,True,0.4450671672821045
583,route_periodic_front,13,True,0.4424993395805359
584,route_periodic_front,13,True,0.438169926404953
585,route_periodic_front,13,True,0.43476602435112
586,route_periodic_front,13,True,0.43800970911979675
587,route_periodic_front,13,True,0.4389554560184479
588,route_periodic_front,13,True,0.44259899854660034
589,route_periodic_front,29,False,0.46055856347084045
590,route_periodic_front,13,True,0.4388324022293091
591,route_periodic_front,13,True,0.44278034567832947
592,route_periodic_front,18,True,0.44512563943862915
593,route_periodic_front,28,False,0.47733205556869507
594,route_periodic_front,13,True,0.43647658824920654
595,route_periodic_front,13,True,0.44318199157714844
596,route_periodic_front,13,True,0.43785443902015686
597,route_periodic_front,13,True,0.44269895553588867
598,route_periodic_front,13,True,0.4429364502429962
599,route_periodic_front,13,True,0.4351893365383148
600,route_periodic_front,13,True,0.438683420419693
601,route_periodic_front,13,True,0.43931618332862854
602,route_periodic_front,13,True,0.4423612952232361
603,route_periodic_front,28,False,0.4696802794933319
604,route_periodic_front,13,True,0.44030147790908813
605,route_periodic_front,13,True,0.43772539496421814
606,route_periodic_front,13,True,0.4480971097946167
607,route_periodic_front,13,True,0.43983712792396545
608,route_periodic_front,13,True,0.44050249457359314
609,route_periodic_front,13,True,0.44419753551483154
610,route_periodic_front,13,True,0.43782487511634827
611,route_periodic_front,13,True,0.4408333897590637
612,route_periodic_front,13,True,0.44719985127449036
613,route_periodic_front,13,True,0.4434111416339874
614,route_periodic_front,13,True,0.4476975202560425
615,route_periodic_front,13,True,0.44636625051498413
616,route_periodic_front,13,True,0.4444667100906372
617,route_periodic_front,13,True,0.4414219856262207
618,route_periodic_front,13,True,0.4464321732521057
619,route_periodic_front,13,True,0.4441976249217987
620,route_periodic_front,13,True,0.4453008770942688
621,route_periodic_front,13,True,0.45032405853271484
622,route_periodic_front,13,True,0.44161269068717957
623,route_periodic_front,13,True,0.44611963629722595
624,route_periodic_front,13,True,0.4485087990760803
625,route_periodic_front,13,True,0.4458652138710022
626,route_periodic_front,13,True,0.44468599557876587
627,route_periodic_front,13,True,0.4441436231136322
628,route_periodic_front,13,True,0.44586336612701416
629,route_periodic_front,13,True,0.44681286811828613
630,route_periodic_front,13,True,0.44522958993911743
631,route_periodic_front,13,True,0.44131165742874146
632,route_periodic_front,13,True,0.44585099816322327
633,route_periodic_front,13,True,0.4417629837989807
634,route_periodic_front,13,True,0.44395750761032104
635,route_periodic_front,13,True,0.4427514970302582
636,route_periodic_front,13,True,0.44192197918891907
637,route_periodic_front,13,True,0.44842708110809326
638,route_periodic_front,18,True,0.44911709427833557
639,route_periodic_front,13,True,0.44302791357040405
640,route_periodic_front,13,True,0.43734511733055115
641,route_periodic_front,13,True,0.438175767660141
642,route_periodic_front,13,True,0.43667808175086975
643,route_periodic_front,13,True,0.4381350874900818
644,route_periodic_front,13,True,0.44410979747772217
645,route_periodic_front,13,True,0.43407580256462097
646,route_periodic_front,13,True,0.44095972180366516
647,route_periodic_front,13,True,0.43439334630966187
648,route_periodic_front,13,True,0.4314568340778351
649,route_periodic_front,13,True,0.44106778502464294
650,route_periodic_front,13,True,0.44102996587753296
651,route_periodic_front,13,True,0.4350593090057373
652,route_periodic_front,13,True,0.43505871295928955
653,route_periodic_front,13,True,0.44129347801208496
654,route_periodic_front,18,True,0.4380645751953125
655,route_periodic_front,13,True,0.4395727217197418
656,route_periodic_front,29,False,0.4450417459011078
657,route_periodic_front,13,True,0.44005337357521057
658,route_periodic_front,13,True,0.44290995597839355
659,route_periodic_front,13,True,0.4396718740463257
660,route_periodic_front,13,True,0.4361232817173004
661,route_periodic_front,13,True,0.4447788894176483
662,route_periodic_front,13,True,0.44237834215164185
663,route_periodic_front,13,True,0.4422134459018707
664,route_periodic_front,13,True,0.4404354691505432
665,route_periodic_front,13,True,0.44353240728378296
666,route_periodic_front,13,True,0.439886212348938
667,route_periodic_front,13,True,0.43970492482185364
668,route_periodic_front,13,True,0.4426984190940857
669,route_periodic_front,13,True,0.43867093324661255
670,route_periodic_front,18,True,0.43781521916389465
671,route_periodic_front,13,True,0.44796282052993774
672,route_periodic_front,13,True,0.43334048986434937
673,route_periodic_front,13,True,0.4368996024131775
674,route_periodic_front,29,False,0.4564046561717987
675,route_periodic_front,29,False,0.46861135959625244
676,route_periodic_front,13,False,0.43790358304977417
677,route_periodic_front,29,False,0.4411555528640747
678,route_periodic_front,29,False,0.4596046209335327
679,route_periodic_front,29,False,0.4795632064342499
680,route_periodic_front,29,False,0.44664448499679565
681,route_periodic_front,29,False,0.45067545771598816
682,route_periodic_front,29,False,0.4607347249984741
683,route_periodic_front,29,False,0.453753799200058
684,route_periodic_front,29,False,0.46832671761512756
685,route_periodic_front,29,False,0.46306052803993225
686,route_periodic_front,29,False,0.4723588228225708
687,route_periodic_front,13,True,0.43720579147338867
688,route_periodic_front,29,False,0.45209258794784546
689,route_periodic_front,29,False,0.4682297706604004
690,route_periodic_front,13,False,0.43848708271980286
691,route_periodic_front,27,False,0.46384745836257935
692,route_periodic_front,29,False,0.46318742632865906
693,route_periodic_front,13,False,0.4368533790111542
694,route_periodic_front,29,False,0.45144128799438477
695,route_periodic_front,29,False,0.4383981227874756
696,route_periodic_front,26,False,0.45373499393463135
697,route_periodic_front,29,False,0.44404882192611694
698,route_periodic_front,29,False,0.46201205253601074
699,route_periodic_front,29,False,0.4575158953666687
700,route_periodic_front,13,True,0.44153785705566406
701,route_periodic_front,13,True,0.43666455149650574
702,route_periodic_front,29,False,0.4488685429096222
703,route_periodic_front,29,False,0.46294260025024414
704,route_periodic_front,13,True,0.43288949131965637
705,route_periodic_front,13,True,0.43585044145584106
706,route_periodic_front,13,True,0.44038304686546326
707,route_periodic_front,13,True,0.43301302194595337
708,route_periodic_front,13,True,0.44168904423713684
709,route_periodic_front,13,True,0.4378056824207306
710,route_periodic_front,13,True,0.45085886120796204
711,route_periodic_front,13,True,0.43637770414352417
712,route_periodic_front,13,True,0.44123634696006775
713,route_periodic_front,13,True,0.4382327198982239
714,route_periodic_front,13,True,0.44045424461364746
715,route_periodic_front,13,True,0.44064196944236755
716,route_periodic_front,13,True,0.4373091757297516
717,route_periodic_front,13,True,0.4449614882469177
718,route_periodic_front,13,True,0.4393656551837921
719,route_periodic_front,13,True,0.441354364156723
720,route_periodic_front,13,True,0.44244369864463806
721,route_periodic_front,13,True,0.4417831599712372
722,route_periodic_front,13,True,0.43801379203796387
723,route_periodic_front,13,True,0.4414452612400055
724,route_periodic_front,13,True,0.43544408679008484
725,route_periodic_front,13,True,0.4379216432571411
726,route_periodic_front,13,True,0.4330425262451172
727,route_periodic_front,13,True,0.4410110414028168
728,route_periodic_front,13,True,0.445743203163147
729,route_periodic_front,13,True,0.4427141547203064
730,route_periodic_front,13,True,0.43942129611968994
731,route_periodic_front,13,True,0.4361845552921295
732,route_periodic_front,13,True,0.440574586391449
733,route_periodic_front,13,True,0.43442901968955994
734,route_periodic_front,13,True,0.4397583603858948
735,route_periodic_front,13,True,0.43908387422561646
736,route_periodic_front,13,True,0.4320639967918396
737,route_periodic_front,18,True,0.4396990239620209
738,route_periodic_front,13,True,0.435861736536026
739,route_periodic_front,15,True,0.4403251111507416
740,route_periodic_front,13,True,0.43940210342407227
741,route_periodic_front,13,True,0.4333449900150299
742,route_periodic_front,13,True,0.4420001804828644
743,route_periodic_front,13,True,0.4392029643058777
744,route_periodic_front,13,True,0.4344633221626282
745,route_periodic_front,13,True,0.43497776985168457
746,route_periodic_front,13,True,0.43292322754859924
747,route_periodic_front,13,True,0.43464431166648865
748,route_periodic_front,13,True,0.43748974800109863
749,route_periodic_front,13,True,0.44026094675064087
750,route_periodic_front,18,True,0.4395959973335266
751,route_periodic_front,13,True,0.43733206391334534
752,route_periodic_front,13,True,0.4400053918361664
753,route_periodic_front,13,True,0.4335024952888489
754,route_periodic_front,13,True,0.4392915964126587
755,route_periodic_front,13,True,0.4415730834007263
756,route_periodic_front,18,True,0.4454619586467743
757,route_periodic_front,13,True,0.4408876597881317
758,route_periodic_front,13,True,0.43564632534980774
759,route_periodic_front,13,True,0.4393603503704071
760,route_periodic_front,13,True,0.44187280535697937
761,route_periodic_front,18,True,0.4418572187423706
762,route_periodic_front,13,True,0.4390029013156891
763,route_periodic_front,13,True,0.4381847381591797
764,route_periodic_front,13,True,0.43374136090278625
765,route_periodic_front,13,True,0.44357869029045105
766,route_periodic_front,13,True,0.4379889965057373
767,route_periodic_front,13,True,0.44074714183807373
768,route_periodic_front,18,True,0.4349561035633087
769,route_periodic_front,14,True,0.4443262219429016
770,route_periodic_front,13,True,0.4337310194969177
771,route_periodic_front,14,True,0.44372275471687317
772,route_periodic_front,13,True,0.4388546645641327
773,route_periodic_front,14,True,0.43873682618141174
774,route_periodic_front,14,True,0.4403246343135834
775,route_periodic_front,14,True,0.43716326355934143
776,route_periodic_front,13,True,0.43204694986343384
777,route_periodic_front,29,False,0.47283583879470825
778,route_periodic_front,29,False,0.46780577301979065
779,route_periodic_front,13,True,0.4298393130302429
780,route_periodic_front,18,True,0.4344545900821686
781,route_periodic_front,14,True,0.4407818615436554
782,route_periodic_front,18,True,0.43575888872146606
783,route_periodic_front,14,True,0.439425528049469
784,route_periodic_front,14,True,0.4400418698787689
785,route_periodic_front,15,True,0.43785881996154785
786,route_periodic_front,14,True,0.44105812907218933
787,route_periodic_front,15,True,0.43932533264160156
788,route_periodic_front,14,True,0.4387916922569275
789,route_periodic_front,29,False,0.47176381945610046
790,route_periodic_front,13,True,0.4384821057319641
791,route_periodic_front,13,True,0.4360363781452179
792,route_periodic_front,14,True,0.43502792716026306
793,route_periodic_front,13,True,0.4381953775882721
794,route_periodic_front,14,True,0.4365726113319397
795,route_periodic_front,14,True,0.43745020031929016
796,route_periodic_front,14,True,0.44317665696144104
797,route_periodic_front,13,True,0.43970632553100586
798,route_periodic_front,18,True,0.43562763929367065
799,route_periodic_front,15,True,0.43624499440193176
800,route_periodic_front,29,False,0.4643644392490387
801,route_periodic_front,14,True,0.432739794254303
802,route_periodic_front,13,True,0.43210160732269287
803,route_periodic_front,29,False,0.4716194272041321
804,route_periodic_front,29,False,0.4773921072483063
805,route_periodic_front,14,True,0.4365595877170563
806,route_periodic_front,13,True,0.43800684809684753
807,route_periodic_front,14,True,0.43686744570732117
808,route_periodic_front,13,True,0.43079879879951477
809,route_periodic_front,13,True,0.4319342076778412
810,route_periodic_front,13,True,0.43442100286483765
811,route_periodic_front,13,True,0.43312758207321167
812,route_periodic_front,13,True,0.43225979804992676
813,route_periodic_front,29,False,0.4656698703765869
814,route_periodic_front,13,True,0.43101683259010315
815,route_periodic_front,13,True,0.43787968158721924
816,route_periodic_front,14,True,0.4404596984386444
817,route_periodic_front,13,True,0.4323410093784332
818,route_periodic_front,14,True,0.4368913173675537
819,route_periodic_front,13,True,0.43537428975105286
820,route_periodic_front,29,False,0.47780677676200867
821,route_periodic_front,15,True,0.43506231904029846
822,route_periodic_front,13,True,0.43502044677734375
823,route_periodic_front,13,True,0.4380403757095337
824,route_periodic_front,13,True,0.43526491522789
825,route_periodic_front,13,True,0.4365168809890747
826,route_periodic_front,14,True,0.4379289150238037
827,route_periodic_front,13,True,0.43421947956085205
828,route_periodic_front,18,True,0.43945202231407166
829,route_periodic_front,13,True,0.43648359179496765
830,route_periodic_front,15,True,0.4363265931606293
831,route_periodic_front,18,True,0.4412464201450348
832,route_periodic_front,13,True,0.43725377321243286
833,route_periodic_front,18,True,0.44430476427078247
834,route_periodic_front,13,True,0.43608683347702026
835,route_periodic_front,13,True,0.43631821870803833
836,route_periodic_front,13,True,0.43921589851379395
837,route_periodic_front,13,True,0.4350318908691406
838,route_periodic_front,13,True,0.4413577914237976
839,route_periodic_front,13,True,0.436657190322876
840,route_periodic_front,13,True,0.43248599767684937
841,route_periodic_front,13,True,0.4393730163574219
842,route_periodic_front,13,True,0.43324413895606995
843,route_periodic_front,13,True,0.4342910647392273
844,route_periodic_front,13,True,0.4368997812271118
845,route_periodic_front,13,True,0.4428389072418213
846,route_periodic_front,18,True,0.43975648283958435
847,route_periodic_front,13,True,0.440585732460022
848,route_periodic_front,13,True,0.44218212366104126
849,route_periodic_front,13,True,0.4408546984195709
850,route_periodic_front,13,True,0.4445238709449768
851,route_periodic_front,13,True,0.44019126892089844
852,route_periodic_front,18,True,0.4430301785469055
853,route_periodic_front,18,True,0.4409639537334442
854,route_periodic_front,13,True,0.43910112977027893
855,route_periodic_front,13,True,0.4352385997772217
856,route_periodic_front,13,True,0.44137272238731384
857,route_periodic_front,13,True,0.4377218186855316
858,route_periodic_front,18,True,0.43789535760879517
859,route_periodic_front,18,True,0.44267579913139343
860,route_periodic_front,13,True,0.44023844599723816
861,route_periodic_front,13,True,0.4369433522224426
862,route_periodic_front,14,True,0.438639372587204
863,route_periodic_front,13,True,0.44090062379837036
864,route_periodic_front,18,True,0.43058231472969055
865,route_periodic_front,15,True,0.43299680948257446
866,route_periodic_front,14,True,0.4489915072917938
867,route_periodic_front,14,True,0.44437164068222046
868,route_periodic_front,14,True,0.4524889588356018
869,route_periodic_front,14,True,0.44620683789253235
870,route_periodic_front,14,True,0.4489130675792694
871,route_periodic_front,14,True,0.44329744577407837
872,route_periodic_front,14,True,0.44560346007347107
873,route_periodic_front,14,True,0.44904977083206177
874,route_periodic_front,15,True,0.4307343363761902
875,route_periodic_front,14,True,0.44094449281692505
876,route_periodic_front,14,True,0.4478570520877838
877,route_periodic_front,14,True,0.45769673585891724
878,route_periodic_front,14,True,0.4456271231174469
879,route_periodic_front,14,True,0.4471927583217621
880,route_periodic_front,14,True,0.4477367699146271
881,route_periodic_front,14,True,0.45172742009162903
882,route_periodic_front,15,True,0.4314047396183014
883,route_periodic_front,21,False,0.4422532916069031
884,route_periodic_front,14,True,0.4474717974662781
885,route_periodic_front,14,True,0.4491875469684601
886,route_periodic_front,14,True,0.44118762016296387
887,route_periodic_front,14,True,0.43822091817855835
888,route_periodic_front,14,True,0.447892963886261
889,route_periodic_front,14,True,0.44103842973709106
890,route_periodic_front,14,True,0.4451649785041809
891,route_periodic_front,14,True,0.4507553279399872
892,route_periodic_front,14,True,0.4469723105430603
893,route_periodic_front,14,True,0.44427016377449036
894,route_periodic_front,14,True,0.4472101628780365
895,route_periodic_front,15,True,0.43900689482688904
896,route_periodic_front,13,True,0.43424132466316223
897,route_periodic_front,13,True,0.4383014738559723
898,route_periodic_front,13,True,0.43328189849853516
899,route_periodic_front,13,True,0.4369219243526459
900,route_periodic_front,13,True,0.4415709972381592
901,route_periodic_front,13,True,0.4421735107898712
902,route_periodic_front,13,True,0.4410878121852875
903,route_periodic_front,13,True,0.4355368912220001
904,route_periodic_front,13,True,0.4403932988643646
905,route_periodic_front,13,True,0.43841269612312317
906,route_periodic_front,13,True,0.44212713837623596
907,route_periodic_front,13,True,0.4414167106151581
908,route_periodic_front,13,True,0.4398510456085205
909,route_periodic_front,13,True,0.44284623861312866
910,route_periodic_front,13,True,0.43656450510025024
911,route_periodic_front,13,True,0.44421425461769104
912,route_periodic_front,13,True,0.4441198706626892
913,route_periodic_front,13,True,0.4371989667415619
914,route_periodic_front,13,True,0.4375486373901367
915,route_periodic_front,13,True,0.44292035698890686
916,route_periodic_front,13,True,0.4396893084049225
917,route_periodic_front,13,True,0.4368461072444916
918,route_periodic_front,13,True,0.4318986237049103
919,route_periodic_front,13,True,0.43632829189300537
920,route_periodic_front,13,True,0.44559115171432495
921,route_periodic_front,13,True,0.43934792280197144
922,route_periodic_front,13,True,0.4367828667163849
923,route_periodic_front,13,True,0.4399595856666565
924,route_periodic_front,13,True,0.44076356291770935
925,route_periodic_front,13,True,0.43759146332740784
926,route_periodic_front,13,True,0.44089120626449585
927,route_periodic_front,13,True,0.4366511404514313
928,route_periodic_front,13,True,0.4349285960197449
929,route_periodic_front,14,True,0.44686880707740784
930,route_periodic_front,13,True,0.4379385709762573
931,route_periodic_front,14,True,0.44056639075279236
932,route_periodic_front,13,True,0.4425460994243622
933,route_periodic_front,14,True,0.446810781955719
934,route_periodic_front,13,True,0.4443356394767761
935,route_periodic_front,14,True,0.44251397252082825
936,route_periodic_front,13,True,0.4362899661064148
937,route_periodic_front,14,True,0.4386442005634308
938,route_periodic_front,13,True,0.43654727935791016
939,route_periodic_front,13,True,0.43832623958587646
940,route_periodic_front,13,True,0.4402518570423126
941,route_periodic_front,14,True,0.4511137008666992
942,route_periodic_front,13,True,0.4406525492668152
943,route_periodic_front,13,True,0.4445308446884155
944,route_periodic_front,13,True,0.44332021474838257
945,route_periodic_front,13,True,0.44688960909843445
946,route_periodic_front,13,True,0.4398503601551056
947,route_periodic_front,14,True,0.4440420866012573
948,route_periodic_front,13,True,0.4442523419857025
949,route_periodic_front,13,True,0.44734156131744385
950,route_periodic_front,13,True,0.44096821546554565
951,route_periodic_front,13,True,0.4407616853713989
952,route_periodic_front,13,True,0.4472968578338623
953,route_periodic_front,14,True,0.4488328993320465
954,route_periodic_front,13,True,0.44273000955581665
955,route_periodic_front,13,True,0.4422059953212738
956,route_periodic_front,13,True,0.4411601424217224
957,route_periodic_front,13,True,0.4391727149486542
958,route_periodic_front,14,True,0.44232356548309326
959,route_periodic_front,13,True,0.4409274160861969
960,route_periodic_front,13,True,0.4439637362957001
961,route_periodic_front,13,True,0.4393935799598694
962,route_periodic_front,13,True,0.4430851340293884
963,route_periodic_front,13,True,0.44108283519744873
964,route_periodic_front,13,True,0.4450526237487793
965,route_periodic_front,13,True,0.4325263798236847
966,route_periodic_front,13,True,0.4402935206890106
967,route_periodic_front,13,True,0.4416526257991791
968,route_periodic_front,13,True,0.4326618015766144
969,route_periodic_front,13,True,0.44073987007141113
970,route_periodic_front,13,True,0.4390082359313965
971,route_periodic_front,13,True,0.43619534373283386
972,route_periodic_front,13,True,0.44418519735336304
973,route_periodic_front,13,True,0.4428448975086212
974,route_periodic_front,13,True,0.43739619851112366
975,route_periodic_front,13,True,0.44341349601745605
976,route_periodic_front,13,True,0.44493401050567627
977,route_periodic_front,13,True,0.4458664357662201
978,route_periodic_front,13,True,0.44068077206611633
979,route_periodic_front,14,True,0.43921804428100586
980,route_periodic_front,13,True,0.43738916516304016
981,route_periodic_front,13,True,0.442120224237442
982,route_periodic_front,13,True,0.4420715272426605
983,route_periodic_front,13,True,0.4392698407173157
984,route_periodic_front,13,True,0.4438161849975586
985,route_periodic_front,13,True,0.4431931674480438
986,route_periodic_front,13,True,0.43790677189826965
987,route_periodic_front,13,True,0.44004958868026733
988,route_periodic_front,13,True,0.44357240200042725
989,route_periodic_front,13,True,0.440605491399765
990,route_periodic_front,13,True,0.4349031150341034
991,route_periodic_front,13,True,0.44567543268203735
992,route_periodic_front,14,True,0.4395606517791748
993,route_periodic_front,14,True,0.4394179880619049
994,route_periodic_front,14,True,0.44586119055747986
995,route_periodic_front,14,True,0.437663733959198
996,route_periodic_front,14,True,0.4474231004714966
997,route_periodic_front,14,True,0.4385855793952942
998,route_periodic_front,14,True,0.44201210141181946
999,route_periodic_front,14,True,0.44121164083480835
1000,route_periodic_front,14,True,0.4363189935684204
1001,route_periodic_front,14,True,0.4409179985523224
1002,route_periodic_front,14,True,0.4366469979286194
1003,route_periodic_front,15,True,0.434649258852005
1004,route_periodic_front,14,True,0.4420141279697418
1005,route_periodic_front,14,True,0.44753965735435486
1006,route_periodic_front,14,True,0.4415198266506195
1007,route_periodic_front,14,True,0.44189977645874023
1008,route_periodic_front,14,True,0.44061708450317383
1009,route_periodic_front,14,True,0.4460671544075012
1010,route_periodic_front,14,True,0.4393986463546753
1011,route_periodic_front,14,True,0.4404534697532654
1012,route_periodic_front,14,True,0.4407467544078827
1013,route_periodic_front,14,True,0.4478224813938141
1014,route_periodic_front,14,True,0.4433358311653137
1015,route_periodic_front,14,True,0.4409582316875458
1016,route_periodic_front,14,True,0.443954199552536
1017,route_periodic_front,14,True,0.44137150049209595
1018,route_periodic_front,14,True,0.43494924902915955
1019,route_periodic_front,14,True,0.4353606700897217
1020,route_periodic_front,15,True,0.43881139159202576
1021,route_periodic_front,14,True,0.439482182264328
1022,route_periodic_front,14,True,0.4427635669708252
1023,route_periodic_front,14,True,0.4436081051826477
1024,route_periodic_front,19,False,0.4536323845386505
1025,route_periodic_front,50,False,0.5124675631523132
1026,route_periodic_front,29,True,0.448484867811203
1027,route_periodic_front,48,False,0.5046495199203491
1028,route_periodic_front,29,True,0.4534395933151245
1029,route_periodic_front,46,False,0.5059101581573486
1030,route_periodic_front,29,True,0.4487400949001312
1031,route_periodic_front,41,False,0.5153763294219971
1032,route_periodic_front,29,True,0.46076643466949463
1033,route_periodic_front,44,False,0.45884957909584045
1034,route_periodic_front,29,True,0.46707066893577576
1035,route_periodic_front,48,False,0.5052453875541687
1036,route_periodic_front,34,True,0.470254510641098
1037,route_periodic_front,41,False,0.5126734375953674
1038,route_periodic_front,47,False,0.5107035636901855
1039,route_periodic_front,30,True,0.4606860280036926
1040,route_periodic_front,50,False,0.5153612494468689
1041,route_periodic_front,19,False,0.45610085129737854
1042,route_periodic_front,41,False,0.5056508183479309
1043,route_periodic_front,19,True,0.4399471580982208
1044,route_periodic_front,29,True,0.4488751292228699
1045,route_periodic_front,29,True,0.4530768394470215
1046,route_periodic_front,19,True,0.44657662510871887
1047,route_periodic_front,39,False,0.4745602607727051
1048,route_periodic_front,42,False,0.5240583419799805
1049,route_periodic_front,29,True,0.44437509775161743
1050,route_periodic_front,29,True,0.44622448086738586
1051,route_periodic_front,42,False,0.5123982429504395
1052,route_periodic_front,42,False,0.45476219058036804
1053,route_periodic_front,32,True,0.44139978289604187
1054,route_periodic_front,44,False,0.47107455134391785
1055,route_periodic_front,47,False,0.5115939378738403
1056,route_periodic_front,43,False,0.5140708088874817
1057,route_periodic_front,49,False,0.5055589079856873
1058,route_periodic_front,37,False,0.4636012017726898
1059,route_periodic_front,43,False,0.5102100968360901
1060,route_periodic_front,35,False,0.445541113615036
1061,route_periodic_front,45,False,0.5033871531486511
1062,route_periodic_front,51,False,0.5054737329483032
1063,route_periodic_front,31,True,0.43580132722854614
1064,route_periodic_front,37,False,0.46979957818984985
1065,route_periodic_front,47,False,0.5066310167312622
1066,route_periodic_front,45,False,0.4945419728755951
1067,route_periodic_front,40,True,0.4862964451313019
1068,route_periodic_front,35,False,0.4663078188896179
1069,route_periodic_front,43,False,0.5084400177001953
1070,route_periodic_front,34,False,0.4686824083328247
1071,route_periodic_front,31,True,0.45465636253356934
1072,route_periodic_front,33,False,0.46364834904670715
1073,route_periodic_front,50,False,0.5061413049697876
1074,route_periodic_front,51,False,0.5306575298309326
1075,route_periodic_front,31,True,0.4552311301231384
1076,route_periodic_front,44,False,0.5301157236099243
1077,route_periodic_front,44,False,0.505488395690918
1078,route_periodic_front,46,False,0.5024743676185608
1079,route_periodic_front,50,False,0.4673433303833008
1080,route_periodic_front,42,False,0.49809202551841736
1081,route_periodic_front,45,False,0.45807409286499023
1082,route_periodic_front,46,False,0.5052089691162109
1083,route_periodic_front,31,True,0.4407467246055603
1084,route_periodic_front,50,False,0.5149469375610352
1085,route_periodic_front,45,False,0.5061189532279968
1086,route_periodic_front,34,False,0.46398308873176575
1087,route_periodic_front,43,False,0.5078309774398804
1088,route_periodic_front,29,True,0.4449118971824646
1089,route_periodic_front,29,True,0.4468174874782562
1090,route_periodic_front,19,False,0.443660706281662
1091,route_periodic_front,30,True,0.43773120641708374
1092,route_periodic_front,20,True,0.43618065118789673
1093,route_periodic_front,41,False,0.51176518201828
1094,route_periodic_front,41,True,0.4472232162952423
1095,route_periodic_front,31,True,0.4586818218231201
1096,route_periodic_front,20,True,0.43946802616119385
1097,route_periodic_front,41,True,0.4881998896598816
1098,route_periodic_front,30,False,0.45066529512405396
1099,route_periodic_front,30,True,0.4438970685005188
1100,route_periodic_front,19,True,0.4373657703399658
1101,route_periodic_front,29,True,0.44446229934692383
1102,route_periodic_front,29,True,0.4489190876483917
1103,route_periodic_front,29,True,0.4369588792324066
1104,route_periodic_front,42,True,0.49381718039512634
1105,route_periodic_front,29,True,0.4516855776309967
1106,route_periodic_front,31,True,0.44306424260139465
1107,route_periodic_front,19,True,0.4441174268722534
1108,route_periodic_front,30,True,0.4490450620651245
1109,route_periodic_front,29,True,0.4564345180988312
1110,route_periodic_front,31,True,0.4513723850250244
1111,route_periodic_front,31,True,0.44657301902770996
1112,route_periodic_front,30,True,0.4469035863876343
1113,route_periodic_front,20,True,0.44406235218048096
1114,route_periodic_front,20,True,0.43700167536735535
1115,route_periodic_front,19,True,0.44005483388900757
1116,route_periodic_front,20,True,0.4456425607204437
1117,route_periodic_front,30,True,0.4548354148864746
1118,route_periodic_front,29,True,0.44529426097869873
1119,route_periodic_front,30,True,0.4357354938983917
1120,route_periodic_front,41,False,0.4635228216648102
1121,route_periodic_front,37,False,0.4886505901813507
1122,route_periodic_front,29,False,0.4623861610889435
1123,route_periodic_front,29,False,0.452699214220047
1124,route_periodic_front,39,True,0.5089395642280579
1125,route_periodic_front,39,False,0.5050246119499207
1126,route_periodic_front,38,False,0.49715903401374817
1127,route_periodic_front,29,True,0.4528501629829407
1128,route_periodic_front,28,True,0.4444003105163574
1129,route_periodic_front,29,False,0.450234055519104
1130,route_periodic_front,39,False,0.45934775471687317
1131,route_periodic_front,29,False,0.45043641328811646
1132,route_periodic_front,19,True,0.44241756200790405
1133,route_periodic_front,40,False,0.47032418847084045
1134,route_periodic_front,29,False,0.4603964388370514
1135,route_periodic_front,29,True,0.4533063471317291
1136,route_periodic_front,29,True,0.4506939649581909
1137,route_periodic_front,39,False,0.4985545575618744
1138,route_periodic_front,44,False,0.4458511769771576
1139,route_periodic_front,19,True,0.4457055926322937
1140,route_periodic_front,40,False,0.5206359624862671
1141,route_periodic_front,32,False,0.45339062809944153
1142,route_periodic_front,50,False,0.456106573343277
1143,route_periodic_front,43,False,0.47332412004470825
1144,route_periodic_front,38,True,0.4529978930950165
1145,route_periodic_front,35,False,0.4503054618835449
1146,route_periodic_front,40,False,0.46697697043418884
1147,route_periodic_front,18,True,0.43950483202934265
1148,route_periodic_front,38,False,0.49855542182922363
1149,route_periodic_front,41,False,0.45406031608581543
1150,route_periodic_front,41,False,0.4661739468574524
1151,route_periodic_front,31,False,0.4508539140224457
1152,route_periodic_front,30,True,0.4597272276878357
1153,route_periodic_front,50,False,0.5103604793548584
1154,route_periodic_front,49,False,0.506815493106842
1155,route_periodic_front,43,False,0.5105682611465454
1156,route_periodic_front,44,False,0.5136769413948059
1157,route_periodic_front,45,False,0.5005280375480652
1158,route_periodic_front,38,True,0.4802420139312744
1159,route_periodic_front,40,False,0.5198753476142883
1160,route_periodic_front,36,True,0.4607376456260681
1161,route_periodic_front,40,False,0.5202319025993347
1162,route_periodic_front,46,False,0.4939875900745392
1163,route_periodic_front,30,True,0.4739712178707123
1164,route_periodic_front,48,False,0.5117340087890625
1165,route_periodic_front,47,False,0.5095233917236328
1166,route_periodic_front,46,False,0.5139287114143372
1167,route_periodic_front,50,False,0.5052491426467896
1168,route_periodic_front,47,False,0.5003910660743713
1169,route_periodic_front,50,False,0.5076543688774109
1170,route_periodic_front,41,False,0.5120382308959961
1171,route_periodic_front,43,False,0.5100753903388977
1172,route_periodic_front,33,True,0.4484066665172577
1173,route_periodic_front,30,True,0.45754408836364746
1174,route_periodic_front,41,False,0.49450477957725525
1175,route_periodic_front,31,True,0.4508737623691559
1176,route_periodic_front,38,False,0.4700546860694885
1177,route_periodic_front,41,False,0.5168395042419434
1178,route_periodic_front,46,False,0.5053200125694275
1179,route_periodic_front,47,False,0.5202960968017578
1180,route_periodic_front,33,True,0.4521731734275818
1181,route_periodic_front,38,True,0.48903778195381165
1182,route_periodic_front,51,False,0.5115202069282532
1183,route_periodic_front,41,False,0.510004460811615
1184,route_periodic_front,29,True,0.451643168926239
1185,route_periodic_front,47,False,0.5050678253173828
1186,route_periodic_front,29,True,0.4626949727535248
1187,route_periodic_front,19,True,0.45337483286857605
1188,route_periodic_front,30,True,0.4563562870025635
1189,route_periodic_front,29,True,0.46899452805519104
1190,route_periodic_front,29,True,0.458290159702301
1191,route_periodic_front,40,False,0.5219602584838867
1192,route_periodic_front,29,True,0.4594496190547943
1193,route_periodic_front,29,True,0.4610028564929962
1194,route_periodic_front,29,True,0.46944162249565125
1195,route_periodic_front,19,True,0.44813328981399536
1196,route_periodic_front,42,False,0.511380672454834
1197,route_periodic_front,29,True,0.45042917132377625
1198,route_periodic_front,30,True,0.4587814509868622
1199,route_periodic_front,30,True,0.4497905969619751
1200,route_periodic_front,28,True,0.4612124264240265
1201,route_periodic_front,36,False,0.4647507071495056
1202,route_periodic_front,19,True,0.4435271918773651
1203,route_periodic_front,19,True,0.4498141407966614
1204,route_periodic_front,28,True,0.45183616876602173
1205,route_periodic_front,29,True,0.4643237888813019
1206,route_periodic_front,29,True,0.4370497465133667
1207,route_periodic_front,19,True,0.4474489986896515
1208,route_periodic_front,18,True,0.44897180795669556
1209,route_periodic_front,29,True,0.4491770565509796
1210,route_periodic_front,29,True,0.46280378103256226
1211,route_periodic_front,30,True,0.4511421322822571
1212,route_periodic_front,30,True,0.46629205346107483
1213,route_periodic_front,29,True,0.4529774487018585
1214,route_periodic_front,19,True,0.45028766989707947
1215,route_periodic_front,30,True,0.4536225199699402
1216,route_periodic_front,31,True,0.4511849880218506
1217,route_periodic_front,13,True,0.4483194649219513
1218,route_periodic_front,13,True,0.44602489471435547
1219,route_periodic_front,32,True,0.44181323051452637
1220,route_periodic_front,13,True,0.45697447657585144
1221,route_periodic_front,32,True,0.4414169490337372
1222,route_periodic_front,50,False,0.4793891906738281
1223,route_periodic_front,22,True,0.4355146884918213
1224,route_periodic_front,31,True,0.46012747287750244
1225,route_periodic_front,51,False,0.4850536584854126
1226,route_periodic_front,32,True,0.44874560832977295
1227,route_periodic_front,13,False,0.45286065340042114
1228,route_periodic_front,45,False,0.4698801040649414
1229,route_periodic_front,32,True,0.44570714235305786
1230,route_periodic_front,32,True,0.4414592683315277
1231,route_periodic_front,32,True,0.44996175169944763
1232,route_periodic_front,32,True,0.44837814569473267
1233,route_periodic_front,13,True,0.4505254328250885
1234,route_periodic_front,22,True,0.4426719546318054
1235,route_periodic_front,51,False,0.45332035422325134
1236,route_periodic_front,21,True,0.44129228591918945
1237,route_periodic_front,51,False,0.4861401617527008
1238,route_periodic_front,21,True,0.44578906893730164
1239,route_periodic_front,21,True,0.44348666071891785
1240,route_periodic_front,13,True,0.44228723645210266
1241,route_periodic_front,31,True,0.451700896024704
1242,route_periodic_front,51,False,0.4783785045146942
1243,route_periodic_front,21,True,0.44485506415367126
1244,route_periodic_front,13,False,0.44405078887939453
1245,route_periodic_front,31,False,0.4508933424949646
1246,route_periodic_front,32,True,0.45817992091178894
1247,route_periodic_front,32,True,0.4426058232784271
1248,route_periodic_front,32,True,0.4440818727016449
1249,route_periodic_front,31,True,0.4439719617366791
1250,route_periodic_front,42,False,0.4647229015827179
1251,route_periodic_front,31,True,0.46027320623397827
1252,route_periodic_front,31,True,0.44600802659988403
1253,route_periodic_front,32,True,0.4497394561767578
1254,route_periodic_front,31,True,0.4440925121307373
1255,route_periodic_front,31,True,0.4403906762599945
1256,route_periodic_front,31,True,0.45341262221336365
1257,route_periodic_front,32,True,0.4400567412376404
1258,route_periodic_front,30,True,0.44384250044822693
1259,route_periodic_front,31,True,0.4397485554218292
1260,route_periodic_front,33,True,0.45204874873161316
1261,route_periodic_front,22,True,0.4435986280441284
1262,route_periodic_front,22,True,0.44987326860427856
1263,route_periodic_front,22,True,0.43139660358428955
1264,route_periodic_front,50,False,0.46456560492515564
1265,route_periodic_front,31,True,0.44634371995925903
1266,route_periodic_front,32,True,0.43941807746887207
1267,route_periodic_front,44,False,0.4860929846763611
1268,route_periodic_front,32,True,0.4476292133331299
1269,route_periodic_front,32,True,0.45103758573532104
1270,route_periodic_front,31,True,0.43871697783470154
1271,route_periodic_front,31,True,0.44233131408691406
1272,route_periodic_front,13,True,0.44123661518096924
1273,route_periodic_front,31,True,0.43815380334854126
1274,route_periodic_front,32,True,0.44270429015159607
1275,route_periodic_front,31,True,0.4500378668308258
1276,route_periodic_front,31,True,0.43890780210494995
1277,route_periodic_front,22,True,0.44359683990478516
1278,route_periodic_front,33,True,0.46094945073127747
1279,route_periodic_front,31,True,0.44023242592811584
1280,route_periodic_front,32,True,0.450657457113266
1281,route_periodic_front,13,False,0.43975111842155457
1282,route_periodic_front,49,False,0.512527585029602
1283,route_periodic_front,43,False,0.5050222873687744
1284,route_periodic_front,45,False,0.5029469728469849
1285,route_periodic_front,41,False,0.4658929705619812
1286,route_periodic_front,44,False,0.5050919055938721
1287,route_periodic_front,31,True,0.442935049533844
1288,route_periodic_front,32,True,0.4455176293849945
1289,route_periodic_front,31,True,0.4460577666759491
1290,route_periodic_front,46,False,0.4934113621711731
1291,route_periodic_front,31,True,0.4512409567832947
1292,route_periodic_front,48,False,0.5122987627983093
1293,route_periodic_front,47,False,0.5017939805984497
1294,route_periodic_front,48,False,0.5116444230079651
1295,route_periodic_front,44,False,0.5021599531173706
1296,route_periodic_front,34,True,0.44227364659309387
1297,route_periodic_front,50,False,0.5053523778915405
1298,route_periodic_front,41,False,0.47607433795928955
1299,route_periodic_front,43,False,0.5067282915115356
1300,route_periodic_front,33,True,0.44673097133636475
1301,route_periodic_front,45,False,0.5053454041481018
1302,route_periodic_front,47,False,0.5060619115829468
1303,route_periodic_front,20,True,0.44406217336654663
1304,route_periodic_front,45,False,0.4923539161682129
1305,route_periodic_front,43,False,0.4544006288051605
1306,route_periodic_front,50,False,0.5046384930610657
1307,route_periodic_front,50,False,0.5097734332084656
1308,route_periodic_front,44,False,0.481758713722229
1309,route_periodic_front,33,True,0.45305514335632324
1310,route_periodic_front,33,False,0.44798922538757324
1311,route_periodic_front,51,False,0.5022494196891785
1312,route_periodic_front,31,True,0.4457050561904907
1313,route_periodic_front,31,True,0.47380325198173523
1314,route_periodic_front,31,True,0.4556257724761963
1315,route_periodic_front,51,False,0.49795666337013245
1316,route_periodic_front,13,True,0.45184236764907837
1317,route_periodic_front,31,False,0.4632311761379242
1318,route_periodic_front,30,True,0.44553542137145996
1319,route_periodic_front,31,True,0.4527321457862854
1320,route_periodic_front,31,True,0.4454488456249237
1321,route_periodic_front,13,True,0.43826642632484436
1322,route_periodic_front,30,True,0.45748376846313477
1323,route_periodic_front,31,True,0.4459518790245056
1324,route_periodic_front,31,True,0.4501670300960541
1325,route_periodic_front,32,True,0.4451543986797333
1326,route_periodic_front,31,True,0.4456670880317688
1327,route_periodic_front,31,True,0.45122963190078735
1328,route_periodic_front,32,True,0.4443955719470978
1329,route_periodic_front,31,True,0.4558658003807068
1330,route_periodic_front,32,True,0.45301005244255066
1331,route_periodic_front,13,True,0.44565439224243164
1332,route_periodic_front,32,True,0.4438532888889313
1333,route_periodic_front,31,True,0.4425346851348877
1334,route_periodic_front,31,True,0.4496903419494629
1335,route_periodic_front,31,True,0.44277262687683105
1336,route_periodic_front,13,True,0.4621070921421051
1337,route_periodic_front,31,True,0.46251925826072693
1338,route_periodic_front,41,False,0.44661515951156616
1339,route_periodic_front,42,False,0.5108269453048706
1340,route_periodic_front,32,True,0.4435186982154846
1341,route_periodic_front,31,True,0.44752612709999084
1342,route_periodic_front,31,True,0.4555855393409729
1343,route_periodic_front,31,True,0.45179054141044617
1344,route_periodic_front,30,True,0.463226318359375
1345,route_periodic_front,31,True,0.45417165756225586
1346,route_periodic_front,31,True,0.4506964683532715
1347,route_periodic_front,30,True,0.44935622811317444
1348,route_periodic_front,30,True,0.44522443413734436
1349,route_periodic_front,30,True,0.4709526300430298
1350,route_periodic_front,31,True,0.43899643421173096
1351,route_periodic_front,31,True,0.44629940390586853
1352,route_periodic_front,31,True,0.4422849118709564
1353,route_periodic_front,31,True,0.434243768453598
1354,route_periodic_front,30,True,0.45004189014434814
1355,route_periodic_front,31,True,0.44624993205070496
1356,route_periodic_front,31,True,0.46300050616264343
1357,route_periodic_front,20,True,0.4475809931755066
1358,route_periodic_front,30,True,0.45521339774131775
1359,route_periodic_front,20,True,0.44410863518714905
1360,route_periodic_front,31,True,0.45602062344551086
1361,route_periodic_front,30,True,0.45310693979263306
1362,route_periodic_front,31,True,0.44090163707733154
1363,route_periodic_front,31,True,0.43455377221107483
1364,route_periodic_front,30,True,0.4542408883571625
1365,route_periodic_front,30,True,0.4599611759185791
1366,route_periodic_front,20,True,0.4439607858657837
1367,route_periodic_front,31,True,0.450018048286438
1368,route_periodic_front,20,True,0.44660505652427673
1369,route_periodic_front,30,True,0.4511767327785492
1370,route_periodic_front,20,True,0.4469027519226074
1371,route_periodic_front,31,True,0.46883752942085266
1372,route_periodic_front,20,True,0.44516828656196594
1373,route_periodic_front,31,True,0.4511570334434509
1374,route_periodic_front,31,True,0.4470824897289276
1375,route_periodic_front,30,True,0.44976142048835754
1376,route_periodic_front,19,True,0.44834089279174805
1377,route_periodic_front,30,True,0.46007078886032104
1378,route_periodic_front,30,True,0.444888710975647
1379,route_periodic_front,30,True,0.4542374312877655
1380,route_periodic_front,29,True,0.45987391471862793
1381,route_periodic_front,30,True,0.4476226568222046
1382,route_periodic_front,31,True,0.44184231758117676
1383,route_periodic_front,30,True,0.45934128761291504
1384,route_periodic_front,20,True,0.44661247730255127
1385,route_periodic_front,30,True,0.45559385418891907
1386,route_periodic_front,30,True,0.453617125749588
1387,route_periodic_front,30,True,0.45918071269989014
1388,route_periodic_front,30,True,0.45584389567375183
1389,route_periodic_front,30,True,0.44924768805503845
1390,route_periodic_front,22,True,0.4577457904815674
1391,route_periodic_front,31,True,0.45120105147361755
1392,route_periodic_front,30,True,0.4511796534061432
1393,route_periodic_front,19,True,0.4413253366947174
1394,route_periodic_front,30,True,0.45289871096611023
1395,route_periodic_front,30,True,0.4444543719291687
1396,route_periodic_front,30,True,0.45350927114486694
1397,route_periodic_front,31,True,0.46016478538513184
1398,route_periodic_front,30,True,0.4584085941314697
1399,route_periodic_front,30,True,0.4552789628505707
1400,route_periodic_front,19,True,0.4408314526081085
1401,route_periodic_front,19,True,0.44357752799987793
1402,route_periodic_front,30,True,0.4556627869606018
1403,route_periodic_front,30,True,0.44420668482780457
1404,route_periodic_front,30,True,0.4548983573913574
1405,route_periodic_front,31,True,0.45603105425834656
1406,route_periodic_front,30,True,0.452054500579834
1407,route_periodic_front,19,True,0.4441506266593933
1408,route_periodic_front,43,False,0.5018603205680847
1409,route_periodic_front,41,True,0.4903344213962555
1410,route_periodic_front,49,False,0.5111882090568542
1411,route_periodic_front,43,False,0.5029371976852417
1412,route_periodic_front,44,False,0.513144850730896
1413,route_periodic_front,40,False,0.4948147237300873
1414,route_periodic_front,44,False,0.5063188672065735
1415,route_periodic_front,36,False,0.48427578806877136
1416,route_periodic_front,43,False,0.5108176469802856
1417,route_periodic_front,47,False,0.5061783194541931
1418,route_periodic_front,38,False,0.478209912776947
1419,route_periodic_front,45,False,0.5068749189376831
1420,route_periodic_front,48,False,0.5117748975753784
1421,route_periodic_front,38,True,0.48554885387420654
1422,route_periodic_front,39,True,0.4810369908809662
1423,route_periodic_front,37,False,0.4600391685962677
1424,route_periodic_front,51,False,0.5053364634513855
1425,route_periodic_front,50,False,0.509651780128479
1426,route_periodic_front,40,True,0.4941927194595337
1427,route_periodic_front,43,False,0.5093422532081604
1428,route_periodic_front,44,False,0.4656250476837158
1429,route_periodic_front,38,False,0.4869493246078491
1430,route_periodic_front,51,False,0.5093987584114075
1431,route_periodic_front,48,False,0.5146405100822449
1432,route_periodic_front,40,False,0.46744734048843384
1433,route_periodic_front,35,False,0.475264310836792
1434,route_periodic_front,42,False,0.49411505460739136
1435,route_periodic_front,36,False,0.47140824794769287
1436,route_periodic_front,37,False,0.4743505120277405
1437,route_periodic_front,42,False,0.5118410587310791
1438,route_periodic_front,38,False,0.46566441655158997
1439,route_periodic_front,43,False,0.5086060166358948
1440,route_periodic_front,39,False,0.474175363779068
1441,route_periodic_front,30,True,0.4523598849773407
1442,route_periodic_front,39,True,0.4365232586860657
1443,route_periodic_front,31,True,0.45223960280418396
1444,route_periodic_front,19,True,0.4398690462112427
1445,route_periodic_front,19,True,0.4397541582584381
1446,route_periodic_front,44,False,0.5061361193656921
1447,route_periodic_front,41,False,0.5124498605728149
1448,route_periodic_front,20,True,0.44652971625328064
1449,route_periodic_front,50,False,0.4788498282432556
1450,route_periodic_front,30,True,0.4371260106563568
1451,route_periodic_front,45,False,0.5021744966506958
1452,route_periodic_front,43,False,0.5117430686950684
1453,route_periodic_front,19,True,0.43944039940834045
1454,route_periodic_front,50,False,0.4678538739681244
1455,route_periodic_front,38,False,0.4568454623222351
1456,route_periodic_front,50,False,0.45380669832229614
1457,route_periodic_front,36,False,0.46164700388908386
1458,route_periodic_front,41,False,0.45509690046310425
1459,route_periodic_front,43,False,0.48189058899879456
1460,route_periodic_front,40,False,0.46530210971832275
1461,route_periodic_front,19,True,0.4423961937427521
1462,route_periodic_front,19,True,0.436232328414917
1463,route_periodic_front,31,False,0.4563722610473633
1464,route_periodic_front,19,True,0.4402112364768982
1465,route_periodic_front,40,False,0.4648364186286926
1466,route_periodic_front,50,False,0.4632982611656189
1467,route_periodic_front,51,False,0.4768444299697876
1468,route_periodic_front,50,False,0.5140239000320435
1469,route_periodic_front,20,True,0.4436280429363251
1470,route_periodic_front,29,True,0.4545240104198456
1471,route_periodic_front,19,True,0.437282919883728
1472,route_periodic_front,19,True,0.4479028582572937
1473,route_periodic_front,31,True,0.47730761766433716
1474,route_periodic_front,13,True,0.4425116181373596
1475,route_periodic_front,31,True,0.45853328704833984
1476,route_periodic_front,30,True,0.44989436864852905
1477,route_periodic_front,30,True,0.4554959833621979
1478,route_periodic_front,20,True,0.4487398564815521
1479,route_periodic_front,30,True,0.4513082802295685
1480,route_periodic_front,20,True,0.44684186577796936
1481,route_periodic_front,31,True,0.4406147599220276
1482,route_periodic_front,31,True,0.4470211863517761
1483,route_periodic_front,30,True,0.454610675573349
1484,route_periodic_front,30,True,0.4476132392883301
1485,route_periodic_front,31,True,0.4500173032283783
1486,route_periodic_front,31,True,0.4574320316314697
1487,route_periodic_front,41,False,0.45632317662239075
1488,route_periodic_front,30,True,0.45101478695869446
1489,route_periodic_front,30,True,0.4496932625770569
1490,route_periodic_front,31,True,0.44278547167778015
1491,route_periodic_front,41,True,0.48804134130477905
1492,route_periodic_front,13,True,0.44820958375930786
1493,route_periodic_front,30,True,0.44868549704551697
1494,route_periodic_front,30,True,0.44402170181274414
1495,route_periodic_front,30,True,0.4545383155345917
1496,route_periodic_front,20,True,0.4489354193210602
1497,route_periodic_front,13,True,0.44568005204200745
1498,route_periodic_front,31,True,0.4538263976573944
1499,route_periodic_front,31,True,0.4609973728656769
1500,route_periodic_front,31,True,0.4558204114437103
1501,route_periodic_front,31,True,0.4490165114402771
1502,route_periodic_front,31,True,0.4547107219696045
1503,route_periodic_front,31,True,0.46609100699424744
1504,route_periodic_front,42,False,0.5053091645240784
1505,route_periodic_front,50,False,0.5115311145782471
1506,route_periodic_front,47,False,0.5114118456840515
1507,route_periodic_front,43,False,0.5085198283195496
1508,route_periodic_front,44,False,0.5103509426116943
1509,route_periodic_front,45,False,0.4985174536705017
1510,route_periodic_front,44,False,0.5065295100212097
1511,route_periodic_front,40,False,0.5216121077537537
1512,route_periodic_front,43,False,0.5107693672180176
1513,route_periodic_front,39,False,0.5268710851669312
1514,route_periodic_front,39,False,0.5024880766868591
1515,route_periodic_front,45,False,0.5028399229049683
1516,route_periodic_front,44,False,0.512586236000061
1517,route_periodic_front,39,False,0.5110353231430054
1518,route_periodic_front,47,False,0.5109907984733582
1519,route_periodic_front,44,False,0.5056366324424744
1520,route_periodic_front,49,False,0.5063364505767822
1521,route_periodic_front,50,False,0.5086423754692078
1522,route_periodic_front,40,False,0.5153841376304626
1523,route_periodic_front,43,False,0.5078638792037964
1524,route_periodic_front,44,False,0.5301552414894104
1525,route_periodic_front,45,False,0.5055057406425476
1526,route_periodic_front,47,False,0.5069139003753662
1527,route_periodic_front,48,False,0.5143717527389526
1528,route_periodic_front,51,False,0.5062075853347778
1529,route_periodic_front,39,False,0.5225571990013123
1530,route_periodic_front,39,False,0.508079469203949
1531,route_periodic_front,47,False,0.5096244812011719
1532,route_periodic_front,50,False,0.5136000514030457
1533,route_periodic_front,41,False,0.5157529711723328
1534,route_periodic_front,51,False,0.5148081183433533
1535,route_periodic_front,43,False,0.5089329481124878
1650,route_periodic_front,21,False,0.4826085865497589
1680,route_periodic_front,20,False,0.46702656149864197
1719,route_periodic_front,17,False,0.4585215151309967
1724,route_periodic_front,17,False,0.45687243342399597
1740,route_periodic_front,13,False,0.4580332040786743
1795,route_periodic_front,21,False,0.4661862850189209
1815,route_periodic_front,21,True,0.4539547860622406
1930,route_periodic_front,13,False,0.4404202997684479
1967,route_periodic_front,13,True,0.5499860048294067
1971,route_periodic_front,21,False,0.4694042503833771
1984,route_periodic_front,21,False,0.4789385497570038
1985,route_periodic_front,21,False,0.4617259204387665
1991,route_periodic_front,21,False,0.4779798090457916
1993,route_periodic_front,13,True,0.4836013913154602
2014,route_periodic_front,21,False,0.47811365127563477
2051,route_periodic_front,13,True,0.42373260855674744
2076,route_periodic_front,18,False,0.45022496581077576
2099,route_periodic_front,21,False,0.4157077670097351
2124,route_periodic_front,14,False,0.41496020555496216
2144,route_periodic_front,13,True,0.4134882092475891
2146,route_periodic_front,13,True,0.41107505559921265
2148,route_periodic_front,13,True,0.4156127870082855
2149,route_periodic_front,13,True,0.4174029529094696
2151,route_periodic_front,13,True,0.411028653383255
2153,route_periodic_front,13,True,0.411881685256958
2154,route_periodic_front,14,False,0.42124542593955994
2156,route_periodic_front,13,True,0.4100797176361084
2159,route_periodic_front,13,True,0.417093425989151
2162,route_periodic_front,13,True,0.4169275760650635
2163,route_periodic_front,13,True,0.4145098030567169
2165,route_periodic_front,13,True,0.41717562079429626
2167,route_periodic_front,13,True,0.41670170426368713
2170,route_periodic_front,15,False,0.414915531873703
2172,route_periodic_front,13,True,0.41541850566864014
2174,route_periodic_front,13,True,0.4133225679397583
2178,route_periodic_front,14,False,0.4372906982898712
2179,route_periodic_front,14,False,0.42338985204696655
2185,route_periodic_front,13,True,0.4323851466178894
2186,route_periodic_front,14,True,0.428780734539032
2189,route_periodic_front,14,True,0.4306188225746155
2200,route_periodic_front,13,True,0.42686107754707336
2211,route_periodic_front,13,True,0.425320029258728
2244,route_periodic_front,13,False,0.434513658285141
2245,route_periodic_front,17,False,0.4459474980831146
2247,route_periodic_front,13,False,0.43473175168037415
2248,route_periodic_front,15,False,0.42434367537498474
2249,route_periodic_front,15,False,0.4300352931022644
2264,route_periodic_front,15,False,0.4344549775123596
2266,route_periodic_front,17,False,0.44580283761024475
2274,route_periodic_front,21,False,0.40908005833625793
2297,route_periodic_front,21,False,0.41459134221076965
2316,route_periodic_front,13,False,0.41698458790779114
2352,route_periodic_front,14,False,0.4231535494327545
2366,route_periodic_front,21,False,0.4220677614212036
2368,route_periodic_front,14,False,0.41343408823013306
2372,route_periodic_front,13,False,0.4081360995769501
2375,route_periodic_front,13,False,0.4344194829463959
2377,route_periodic_front,21,False,0.41264891624450684
2378,route_periodic_front,21,False,0.4208888113498688
2382,route_periodic_front,21,False,0.4160000681877136
2383,route_periodic_front,21,False,0.41904377937316895
2384,route_periodic_front,15,False,0.4192069172859192
2386,route_periodic_front,14,False,0.4199366271495819
2388,route_periodic_front,21,False,0.40861058235168457
2389,route_periodic_front,14,False,0.42686280608177185
2390,route_periodic_front,21,False,0.42049640417099
2393,route_periodic_front,21,False,0.4195724129676819
2394,route_periodic_front,21,False,0.41966718435287476
2397,route_periodic_front,21,False,0.4182603657245636
2398,route_periodic_front,13,False,0.4107048511505127
2406,route_periodic_front,14,False,0.42698144912719727
2464,route_periodic_front,13,True,0.416384756565094
2465,route_periodic_front,13,True,0.4208221137523651
2467,route_periodic_front,13,True,0.4200938642024994
2468,route_periodic_front,13,True,0.41387858986854553
2469,route_periodic_front,13,True,0.4186442792415619
2472,route_periodic_front,13,True,0.41225433349609375
2473,route_periodic_front,13,True,0.42789581418037415
2474,route_periodic_front,13,True,0.4180889129638672
2475,route_periodic_front,13,True,0.4171428382396698
2478,route_periodic_front,13,True,0.4136057496070862
2481,route_periodic_front,13,True,0.41939353942871094
2482,route_periodic_front,13,True,0.42067745327949524
2485,route_periodic_front,13,True,0.4185357391834259
2487,route_periodic_front,13,True,0.418949693441391
2489,route_periodic_front,13,True,0.4120118319988251
2490,route_periodic_front,13,True,0.42125773429870605
2491,route_periodic_front,17,False,0.41476133465766907
2492,route_periodic_front,13,True,0.4164056181907654
2495,route_periodic_front,13,True,0.41594114899635315
2528,route_periodic_front,13,True,0.41145533323287964
2529,route_periodic_front,13,True,0.40750497579574585
2531,route_periodic_front,13,True,0.4117527902126312
2532,route_periodic_front,13,True,0.4208865463733673
2533,route_periodic_front,13,True,0.4098100960254669
2535,route_periodic_front,13,True,0.41411420702934265
2537,route_periodic_front,13,True,0.41823095083236694
2538,route_periodic_front,13,True,0.4071495234966278
2539,route_periodic_front,13,True,0.4088071882724762
2540,route_periodic_front,13,True,0.4181532859802246
2544,route_periodic_front,13,True,0.4113534688949585
2546,route_periodic_front,13,True,0.41517531871795654
2549,route_periodic_front,13,True,0.4134296774864197
2551,route_periodic_front,13,True,0.41837698221206665
2553,route_periodic_front,13,True,0.40775054693222046
2556,route_periodic_front,13,True,0.4112233817577362
2557,route_periodic_front,13,True,0.41273850202560425
2558,route_periodic_front,13,True,0.41911953687667847
2559,route_periodic_front,13,True,0.41100984811782837
15,route_periodic_back,13,True,0.41818007826805115
80,route_periodic_back,13,True,0.4579503834247589
81,route_periodic_back,13,True,0.4442618489265442
395,route_periodic_back,13,True,0.42651280760765076
481,route_periodic_back,13,True,0.4270995855331421
484,route_periodic_back,13,True,0.42896631360054016
490,route_periodic_back,13,True,0.42627283930778503
495,route_periodic_back,13,True,0.430512398481369
500,route_periodic_back,13,True,0.4282541573047638
502,route_periodic_back,13,True,0.42863667011260986
510,route_periodic_back,13,True,0.42749375104904175
511,route_periodic_back,13,True,0.4283106029033661
512,route_periodic_back,14,True,0.4613829255104065
513,route_periodic_back,14,True,0.4626598656177521
514,route_periodic_back,14,True,0.4596547484397888
515,route_periodic_back,14,True,0.4728975296020508
516,route_periodic_back,16,True,0.4615914225578308
517,route_periodic_back,14,True,0.46148213744163513
518,route_periodic_back,14,True,0.4662942886352539
519,route_periodic_back,14,True,0.4630453288555145
520,route_periodic_back,14,True,0.46437498927116394
521,route_periodic_back,14,True,0.45995330810546875
522,route_periodic_back,14,True,0.46788108348846436
523,route_periodic_back,17,True,0.4577552378177643
524,route_periodic_back,14,True,0.46033716201782227
525,route_periodic_back,14,True,0.46255046129226685
526,route_periodic_back,14,True,0.4597315788269043
527,route_periodic_back,14,True,0.4628385603427887
528,route_periodic_back,14,True,0.4649057686328888
529,route_periodic_back,14,True,0.4595150053501129
530,route_periodic_back,14,True,0.4621236324310303
531,route_periodic_back,14,True,0.46145936846733093
532,route_periodic_back,14,True,0.46267372369766235
533,route_periodic_back,14,True,0.46379750967025757
534,route_periodic_back,14,True,0.46382221579551697
535,route_periodic_back,14,True,0.46137353777885437
536,route_periodic_back,14,True,0.46158358454704285
537,route_periodic_back,14,True,0.4625928997993469
538,route_periodic_back,14,True,0.46639901399612427
539,route_periodic_back,14,True,0.46645379066467285
540,route_periodic_back,14,True,0.46604329347610474
541,route_periodic_back,14,True,0.46316078305244446
542,route_periodic_back,14,True,0.461357057094574
543,route_periodic_back,14,True,0.4616105258464813
544,route_periodic_back,14,True,0.4659992456436157
545,route_periodic_back,15,True,0.4712640643119812
546,route_periodic_back,15,True,0.4618827998638153
547,route_periodic_back,14,True,0.4714888036251068
548,route_periodic_back,14,True,0.46946561336517334
549,route_periodic_back,13,True,0.4670194983482361
550,route_periodic_back,15,True,0.46966302394866943
551,route_periodic_back,14,True,0.46689343452453613
552,route_periodic_back,14,True,0.46419191360473633
553,route_periodic_back,14,True,0.46491745114326477
554,route_periodic_back,14,True,0.4758814573287964
555,route_periodic_back,14,True,0.46294930577278137
556,route_periodic_back,15,True,0.4649692475795746
557,route_periodic_back,14,True,0.46882182359695435
558,route_periodic_back,14,True,0.4647398293018341
559,route_periodic_back,14,False,0.47248658537864685
560,route_periodic_back,14,True,0.4653438329696655
561,route_periodic_back,14,True,0.46807432174682617
562,route_periodic_back,15,True,0.4714931547641754
563,route_periodic_back,14,True,0.46757370233535767
564,route_periodic_back,14,True,0.4671414792537689
565,route_periodic_back,14,True,0.47076216340065
566,route_periodic_back,15,True,0.47514283657073975
567,route_periodic_back,14,True,0.46938765048980713
568,route_periodic_back,14,True,0.46517908573150635
569,route_periodic_back,14,True,0.4736999273300171
570,route_periodic_back,14,True,0.46658948063850403
571,route_periodic_back,18,True,0.4686596393585205
572,route_periodic_back,15,True,0.46506789326667786
573,route_periodic_back,14,True,0.4661169648170471
574,route_periodic_back,14,True,0.4693516194820404
575,route_periodic_back,15,True,0.4687427580356598
576,route_periodic_back,13,True,0.4700601100921631
577,route_periodic_back,13,True,0.4763525724411011
578,route_periodic_back,13,True,0.47311052680015564
579,route_periodic_back,13,True,0.47015684843063354
580,route_periodic_back,14,True,0.469501256942749
581,route_periodic_back,13,False,0.4656580984592438
582,route_periodic_back,13,True,0.4736674129962921
583,route_periodic_back,15,True,0.46707916259765625
584,route_periodic_back,13,True,0.4715573787689209
585,route_periodic_back,13,True,0.46452370285987854
586,route_periodic_back,13,True,0.4669288694858551
587,route_periodic_back,13,True,0.4682544469833374
588,route_periodic_back,14,True,0.46480560302734375
589,route_periodic_back,13,False,0.46516862511634827
590,route_periodic_back,13,True,0.46074178814888
591,route_periodic_back,13,True,0.46850675344467163
592,route_periodic_back,14,True,0.4718404710292816
593,route_periodic_back,13,False,0.4719792902469635
594,route_periodic_back,13,True,0.47076216340065
595,route_periodic_back,13,True,0.46150070428848267
596,route_periodic_back,14,True,0.47082018852233887
597,route_periodic_back,15,True,0.46822622418403625
598,route_periodic_back,13,True,0.4706784784793854
599,route_periodic_back,13,True,0.4686911106109619
600,route_periodic_back,13,True,0.46532902121543884
601,route_periodic_back,13,True,0.4792640805244446
602,route_periodic_back,14,True,0.4696085453033447
603,route_periodic_back,13,False,0.46547386050224304
604,route_periodic_back,13,True,0.4670046269893646
605,route_periodic_back,13,True,0.4678370952606201
606,route_periodic_back,14,True,0.4677537679672241
607,route_periodic_back,14,True,0.46808624267578125
608,route_periodic_back,14,True,0.4706825613975525
609,route_periodic_back,14,True,0.4752945899963379
610,route_periodic_back,14,True,0.4737122356891632
611,route_periodic_back,14,True,0.47513821721076965
612,route_periodic_back,14,True,0.4731908440589905
613,route_periodic_back,14,True,0.47636598348617554
614,route_periodic_back,14,True,0.4738543629646301
615,route_periodic_back,14,True,0.4771209955215454
616,route_periodic_back,14,True,0.4769856929779053
617,route_periodic_back,14,True,0.47887271642684937
618,route_periodic_back,14,True,0.47974148392677307
619,route_periodic_back,14,True,0.47939226031303406
620,route_periodic_back,13,True,0.4761072099208832
621,route_periodic_back,14,True,0.47657060623168945
622,route_periodic_back,14,True,0.4771093428134918
623,route_periodic_back,14,True,0.47714516520500183
624,route_periodic_back,14,True,0.4777246415615082
625,route_periodic_back,14,True,0.4768775403499603
626,route_periodic_back,14,True,0.47596144676208496
627,route_periodic_back,14,True,0.4735647737979889
628,route_periodic_back,14,True,0.47589853405952454
629,route_periodic_back,14,True,0.4753401577472687
630,route_periodic_back,14,True,0.4769662618637085
631,route_periodic_back,14,True,0.47774723172187805
632,route_periodic_back,14,True,0.4730848968029022
633,route_periodic_back,14,True,0.4731695353984833
634,route_periodic_back,14,True,0.47422945499420166
635,route_periodic_back,14,True,0.476648211479187
636,route_periodic_back,14,True,0.4725411832332611
637,route_periodic_back,14,True,0.4747033417224884
638,route_periodic_back,14,True,0.4776221513748169
639,route_periodic_back,14,True,0.47531983256340027
640,route_periodic_back,13,True,0.4599177837371826
641,route_periodic_back,14,True,0.4635472595691681
642,route_periodic_back,13,True,0.4631126821041107
643,route_periodic_back,13,True,0.4605830907821655
644,route_periodic_back,13,True,0.4620515704154968
645,route_periodic_back,13,True,0.46318984031677246
646,route_periodic_back,15,True,0.470108300447464
647,route_periodic_back,15,True,0.46394190192222595
648,route_periodic_back,13,True,0.46904075145721436
649,route_periodic_back,13,True,0.46401017904281616
650,route_periodic_back,14,True,0.46464356780052185
651,route_periodic_back,13,True,0.4629882872104645
652,route_periodic_back,13,True,0.4680789113044739
653,route_periodic_back,14,True,0.46448251605033875
654,route_periodic_back,18,True,0.4622975289821625
655,route_periodic_back,13,True,0.4557128846645355
656,route_periodic_back,13,False,0.4684261977672577
657,route_periodic_back,15,True,0.47231021523475647
658,route_periodic_back,13,True,0.46102261543273926
659,route_periodic_back,13,True,0.4602281153202057
660,route_periodic_back,13,True,0.46453502774238586
661,route_periodic_back,13,True,0.4626120328903198
662,route_periodic_back,14,True,0.47010868787765503
663,route_periodic_back,13,True,0.46525704860687256
664,route_periodic_back,13,True,0.4625313878059387
665,route_periodic_back,14,True,0.46330976486206055
666,route_periodic_back,13,True,0.4649025797843933
667,route_periodic_back,15,True,0.4636247754096985
668,route_periodic_back,13,True,0.4651941955089569
669,route_periodic_back,13,True,0.4631321132183075
670,route_periodic_back,14,True,0.4667072892189026
671,route_periodic_back,15,True,0.46436309814453125
672,route_periodic_back,15,True,0.47086241841316223
673,route_periodic_back,15,True,0.4739038050174713
674,route_periodic_back,14,False,0.46138796210289
675,route_periodic_back,15,False,0.4636988043785095
676,route_periodic_back,14,False,0.4607946574687958
677,route_periodic_back,13,False,0.46084457635879517
678,route_periodic_back,14,False,0.46236318349838257
679,route_periodic_back,14,False,0.4668925106525421
680,route_periodic_back,14,False,0.463885098695755
681,route_periodic_back,14,False,0.4594501554965973
682,route_periodic_back,14,False,0.46283113956451416
683,route_periodic_back,14,False,0.4556918144226074
684,route_periodic_back,14,False,0.4617043733596802
685,route_periodic_back,14,False,0.4639171361923218
686,route_periodic_back,14,False,0.46492406725883484
687,route_periodic_back,15,True,0.4673565924167633
688,route_periodic_back,14,False,0.4627428948879242
689,route_periodic_back,14,False,0.4657979905605316
690,route_periodic_back,14,False,0.4612009525299072
691,route_periodic_back,29,False,0.46314749121665955
692,route_periodic_back,14,False,0.46504953503608704
693,route_periodic_back,13,False,0.46096089482307434
694,route_periodic_back,14,False,0.46119141578674316
695,route_periodic_back,14,False,0.46161016821861267
696,route_periodic_back,13,False,0.44139620661735535
697,route_periodic_back,13,False,0.45973101258277893
698,route_periodic_back,14,False,0.4613630771636963
699,route_periodic_back,13,False,0.4586186408996582
700,route_periodic_back,14,True,0.4698069989681244
701,route_periodic_back,15,True,0.46790316700935364
702,route_periodic_back,14,False,0.4621044993400574
703,route_periodic_back,14,False,0.4625314772129059
704,route_periodic_back,17,True,0.4565871059894562
705,route_periodic_back,13,True,0.4654340445995331
706,route_periodic_back,13,True,0.4553101658821106
707,route_periodic_back,13,True,0.46353548765182495
708,route_periodic_back,13,True,0.4673108458518982
709,route_periodic_back,17,True,0.46418148279190063
710,route_periodic_back,13,True,0.4559742212295532
711,route_periodic_back,13,True,0.4630553126335144
712,route_periodic_back,13,True,0.4614286720752716
713,route_periodic_back,13,True,0.46021440625190735
714,route_periodic_back,13,True,0.46313947439193726
715,route_periodic_back,17,True,0.465281218290329
716,route_periodic_back,13,True,0.46298786997795105
717,route_periodic_back,13,True,0.4664466381072998
718,route_periodic_back,13,True,0.45129701495170593
719,route_periodic_back,17,True,0.46346166729927063
720,route_periodic_back,17,True,0.46544668078422546
721,route_periodic_back,13,True,0.46314841508865356
722,route_periodic_back,13,True,0.4646323025226593
723,route_periodic_back,13,True,0.464750200510025
724,route_periodic_back,13,True,0.459053099155426
725,route_periodic_back,13,True,0.4616347551345825
726,route_periodic_back,13,True,0.4625062942504883
727,route_periodic_back,13,True,0.463894248008728
728,route_periodic_back,13,True,0.46319353580474854
729,route_periodic_back,13,True,0.46784254908561707
730,route_periodic_back,13,True,0.463392436504364
731,route_periodic_back,13,True,0.46437904238700867
732,route_periodic_back,13,True,0.46497151255607605
733,route_periodic_back,13,True,0.46368208527565
734,route_periodic_back,13,True,0.4670943021774292
735,route_periodic_back,13,True,0.4640915095806122
736,route_periodic_back,18,True,0.46779143810272217
737,route_periodic_back,18,True,0.47476136684417725
738,route_periodic_back,14,True,0.4701991677284241
739,route_periodic_back,14,True,0.46564042568206787
740,route_periodic_back,15,True,0.46795013546943665
741,route_periodic_back,13,True,0.46526676416397095
742,route_periodic_back,15,True,0.4705637991428375
743,route_periodic_back,14,True,0.4653516113758087
744,route_periodic_back,14,True,0.46452048420906067
745,route_periodic_back,15,True,0.4627508819103241
746,route_periodic_back,14,True,0.46595901250839233
747,route_periodic_back,13,True,0.46843764185905457
748,route_periodic_back,13,True,0.4645508825778961
749,route_periodic_back,14,True,0.4671657681465149
750,route_periodic_back,14,True,0.47044625878334045
751,route_periodic_back,14,True,0.4671090245246887
752,route_periodic_back,14,True,0.4716056287288666
753,route_periodic_back,14,True,0.46197420358657837
754,route_periodic_back,14,True,0.4653628170490265
755,route_periodic_back,14,True,0.47073468565940857
756,route_periodic_back,18,True,0.47643083333969116
757,route_periodic_back,14,True,0.46921321749687195
758,route_periodic_back,14,True,0.4696568548679352
759,route_periodic_back,14,True,0.46540915966033936
760,route_periodic_back,13,True,0.4704902470111847
761,route_periodic_back,18,True,0.4697078466415405
762,route_periodic_back,14,True,0.4651663601398468
763,route_periodic_back,13,True,0.4680946469306946
764,route_periodic_back,13,True,0.4679635167121887
765,route_periodic_back,15,True,0.4657381772994995
766,route_periodic_back,14,True,0.46599504351615906
767,route_periodic_back,14,True,0.46673357486724854
768,route_periodic_back,14,True,0.4675532877445221
769,route_periodic_back,13,True,0.4674319326877594
770,route_periodic_back,14,True,0.47199082374572754
771,route_periodic_back,14,True,0.46595752239227295
772,route_periodic_back,14,True,0.46777743101119995
773,route_periodic_back,13,True,0.46792978048324585
774,route_periodic_back,14,True,0.4732511341571808
775,route_periodic_back,13,True,0.47044381499290466
776,route_periodic_back,13,True,0.46819213032722473
777,route_periodic_back,13,False,0.46988701820373535
778,route_periodic_back,13,False,0.4704177677631378
779,route_periodic_back,13,True,0.47215065360069275
780,route_periodic_back,13,True,0.47137075662612915
781,route_periodic_back,13,True,0.47216612100601196
782,route_periodic_back,13,True,0.47512558102607727
783,route_periodic_back,18,True,0.46702486276626587
784,route_periodic_back,13,True,0.4701988995075226
785,route_periodic_back,14,True,0.4712507426738739
786,route_periodic_back,13,True,0.47106966376304626
787,route_periodic_back,13,True,0.4698038101196289
788,route_periodic_back,13,True,0.469276487827301
789,route_periodic_back,13,False,0.47243937849998474
790,route_periodic_back,13,True,0.4697062075138092
791,route_periodic_back,13,True,0.4732583165168762
792,route_periodic_back,13,True,0.46787261962890625
793,route_periodic_back,13,True,0.47075942158699036
794,route_periodic_back,13,True,0.4712294638156891
795,route_periodic_back,13,True,0.4699224829673767
796,route_periodic_back,13,True,0.47119852900505066
797,route_periodic_back,13,True,0.4697001576423645
798,route_periodic_back,13,True,0.46912646293640137
799,route_periodic_back,13,True,0.46620237827301025
800,route_periodic_back,14,False,0.462603360414505
801,route_periodic_back,13,True,0.4677335321903229
802,route_periodic_back,14,True,0.46623414754867554
803,route_periodic_back,14,False,0.465055912733078
804,route_periodic_back,14,False,0.46469107270240784
805,route_periodic_back,14,True,0.4670707881450653
806,route_periodic_back,14,True,0.47675207257270813
807,route_periodic_back,14,True,0.47568413615226746
808,route_periodic_back,14,True,0.4703146815299988
809,route_periodic_back,14,True,0.46408385038375854
810,route_periodic_back,14,True,0.46872058510780334
811,route_periodic_back,14,True,0.4643416106700897
812,route_periodic_back,14,True,0.46733853220939636
813,route_periodic_back,14,False,0.46753981709480286
814,route_periodic_back,14,True,0.46585795283317566
815,route_periodic_back,13,True,0.4664335250854492
816,route_periodic_back,14,True,0.46914246678352356
817,route_periodic_back,14,True,0.4661571681499481
818,route_periodic_back,14,True,0.46779340505599976
819,route_periodic_back,14,True,0.4654858410358429
820,route_periodic_back,13,False,0.46520328521728516
821,route_periodic_back,14,True,0.4641912877559662
822,route_periodic_back,13,True,0.47445863485336304
823,route_periodic_back,13,True,0.4653509557247162
824,route_periodic_back,14,True,0.4685881435871124
825,route_periodic_back,14,True,0.4636368155479431
826,route_periodic_back,14,True,0.4678562879562378
827,route_periodic_back,14,True,0.4649139940738678
828,route_periodic_back,14,True,0.47047433257102966
829,route_periodic_back,14,True,0.47161582112312317
830,route_periodic_back,13,True,0.4690411686897278
831,route_periodic_back,15,True,0.47094225883483887
832,route_periodic_back,15,True,0.4740319550037384
833,route_periodic_back,15,True,0.47131842374801636
834,route_periodic_back,15,True,0.4774567186832428
835,route_periodic_back,15,True,0.47612059116363525
836,route_periodic_back,15,True,0.4789643883705139
837,route_periodic_back,15,True,0.4750511348247528
838,route_periodic_back,15,True,0.4811629354953766
839,route_periodic_back,15,True,0.4800679087638855
840,route_periodic_back,15,True,0.4773176610469818
841,route_periodic_back,15,True,0.47300413250923157
842,route_periodic_back,15,True,0.4756673574447632
843,route_periodic_back,15,True,0.4736628532409668
844,route_periodic_back,15,True,0.47336652874946594
845,route_periodic_back,15,True,0.47681352496147156
846,route_periodic_back,15,True,0.4763633906841278
847,route_periodic_back,15,True,0.4731311798095703
848,route_periodic_back,15,True,0.4769051969051361
849,route_periodic_back,15,True,0.47416964173316956
850,route_periodic_back,15,True,0.47297239303588867
851,route_periodic_back,15,True,0.47743526101112366
852,route_periodic_back,15,True,0.4780723750591278
853,route_periodic_back,15,True,0.48021581768989563
854,route_periodic_back,15,True,0.4767577052116394
855,route_periodic_back,15,True,0.4747685194015503
856,route_periodic_back,15,True,0.4797303378582001
857,route_periodic_back,15,True,0.47509145736694336
858,route_periodic_back,15,True,0.47721877694129944
859,route_periodic_back,15,True,0.47164642810821533
860,route_periodic_back,15,True,0.4754425883293152
861,route_periodic_back,15,True,0.47674036026000977
862,route_periodic_back,15,True,0.47256535291671753
863,route_periodic_back,15,True,0.4735669791698456
864,route_periodic_back,15,True,0.44709861278533936
865,route_periodic_back,15,True,0.453299343585968
866,route_periodic_back,14,True,0.46171316504478455
867,route_periodic_back,14,True,0.45392104983329773
868,route_periodic_back,14,True,0.45628002285957336
869,route_periodic_back,15,True,0.45479443669319153
870,route_periodic_back,14,True,0.4590161442756653
871,route_periodic_back,14,True,0.4584987461566925
872,route_periodic_back,14,True,0.45819607377052307
873,route_periodic_back,14,True,0.4561334550380707
874,route_periodic_back,17,True,0.45626574754714966
875,route_periodic_back,14,True,0.4564594328403473
876,route_periodic_back,15,True,0.4553261697292328
877,route_periodic_back,14,True,0.456332266330719
878,route_periodic_back,14,True,0.4608570635318756
879,route_periodic_back,14,True,0.4551643431186676
880,route_periodic_back,14,True,0.4596720337867737
881,route_periodic_back,14,True,0.4560176134109497
882,route_periodic_back,15,True,0.4515489935874939
883,route_periodic_back,14,False,0.4591945707798004
884,route_periodic_back,14,True,0.4623093605041504
885,route_periodic_back,14,True,0.46141892671585083
886,route_periodic_back,14,True,0.4599078595638275
887,route_periodic_back,14,True,0.4608619213104248
888,route_periodic_back,14,True,0.4529908001422882
889,route_periodic_back,14,True,0.45281505584716797
890,route_periodic_back,14,True,0.4603930413722992
891,route_periodic_back,14,True,0.4588336944580078
892,route_periodic_back,14,True,0.4600028991699219
893,route_periodic_back,14,True,0.4559694528579712
894,route_periodic_back,14,True,0.45680639147758484
895,route_periodic_back,17,True,0.4507044553756714
896,route_periodic_back,13,True,0.46303004026412964
897,route_periodic_back,13,True,0.46844616532325745
898,route_periodic_back,13,True,0.4692062437534332
899,route_periodic_back,13,True,0.467841774225235
900,route_periodic_back,13,True,0.47154101729393005
901,route_periodic_back,13,True,0.47220703959465027
902,route_periodic_back,13,True,0.47244793176651
903,route_periodic_back,13,True,0.46712619066238403
904,route_periodic_back,13,True,0.46920549869537354
905,route_periodic_back,13,True,0.4714953303337097
906,route_periodic_back,13,True,0.4731731116771698
907,route_periodic_back,13,True,0.46780097484588623
908,route_periodic_back,13,True,0.46712416410446167
909,route_periodic_back,13,True,0.4729419946670532
910,route_periodic_back,13,True,0.46838679909706116
911,route_periodic_back,13,True,0.4694327414035797
912,route_periodic_back,13,True,0.46831756830215454
913,route_periodic_back,13,True,0.4706774950027466
914,route_periodic_back,13,True,0.4746767580509186
915,route_periodic_back,13,True,0.47352489829063416
916,route_periodic_back,13,True,0.4684753119945526
917,route_periodic_back,13,True,0.47012826800346375
918,route_periodic_back,13,True,0.4708421230316162
919,route_periodic_back,13,True,0.4689466655254364
920,route_periodic_back,13,True,0.4717269837856293
921,route_periodic_back,13,True,0.47069698572158813
922,route_periodic_back,13,True,0.46973365545272827
923,route_periodic_back,13,True,0.4677673280239105
924,route_periodic_back,13,True,0.4682064652442932
925,route_periodic_back,13,True,0.4679340720176697
926,route_periodic_back,13,True,0.4703487455844879
927,route_periodic_back,13,True,0.46816569566726685
928,route_periodic_back,13,True,0.4765039384365082
929,route_periodic_back,14,True,0.47730904817581177
930,route_periodic_back,13,True,0.47793489694595337
931,route_periodic_back,13,True,0.47292572259902954
932,route_periodic_back,13,True,0.4694724678993225
933,route_periodic_back,14,True,0.46552321314811707
934,route_periodic_back,13,True,0.47296813130378723
935,route_periodic_back,14,True,0.4690798819065094
936,route_periodic_back,13,True,0.4669637680053711
937,route_periodic_back,14,True,0.47312524914741516
938,route_periodic_back,14,True,0.4711405336856842
939,route_periodic_back,13,True,0.4717366397380829
940,route_periodic_back,13,True,0.4712304472923279
941,route_periodic_back,18,True,0.47191503643989563
942,route_periodic_back,18,True,0.4704316258430481
943,route_periodic_back,13,True,0.4709111750125885
944,route_periodic_back,13,True,0.4780726134777069
945,route_periodic_back,13,True,0.4726696312427521
946,route_periodic_back,13,True,0.4758385419845581
947,route_periodic_back,14,True,0.4744276702404022
948,route_periodic_back,13,True,0.4775601625442505
949,route_periodic_back,13,True,0.47349923849105835
950,route_periodic_back,14,True,0.4706858694553375
951,route_periodic_back,13,True,0.4764704406261444
952,route_periodic_back,14,True,0.471779465675354
953,route_periodic_back,13,True,0.474849671125412
954,route_periodic_back,13,True,0.4797227084636688
955,route_periodic_back,13,True,0.4698095917701721
956,route_periodic_back,13,True,0.4719034731388092
957,route_periodic_back,13,True,0.4685748517513275
958,route_periodic_back,13,True,0.46990418434143066
959,route_periodic_back,13,True,0.4767040014266968
960,route_periodic_back,14,True,0.47364702820777893
961,route_periodic_back,14,True,0.4694032669067383
962,route_periodic_back,14,True,0.4755692183971405
963,route_periodic_back,14,True,0.4700469374656677
964,route_periodic_back,14,True,0.4675368070602417
965,route_periodic_back,14,True,0.4659392833709717
966,route_periodic_back,14,True,0.47634458541870117
967,route_periodic_back,14,True,0.46706753969192505
968,route_periodic_back,14,True,0.4664430022239685
969,route_periodic_back,14,True,0.4675566554069519
970,route_periodic_back,14,True,0.47014710307121277
971,route_periodic_back,14,True,0.46576353907585144
972,route_periodic_back,14,True,0.46845123171806335
973,route_periodic_back,14,True,0.46981048583984375
974,route_periodic_back,14,True,0.46349194645881653
975,route_periodic_back,14,True,0.47130462527275085
976,route_periodic_back,14,True,0.467279851436615
977,route_periodic_back,14,True,0.4738325774669647
978,route_periodic_back,14,True,0.46987831592559814
979,route_periodic_back,14,True,0.4713534712791443
980,route_periodic_back,14,True,0.4689332842826843
981,route_periodic_back,14,True,0.4744223952293396
982,route_periodic_back,14,True,0.4761435091495514
983,route_periodic_back,14,True,0.4709911644458771
984,route_periodic_back,14,True,0.46704861521720886
985,route_periodic_back,14,True,0.4687192738056183
986,route_periodic_back,14,True,0.46832528710365295
987,route_periodic_back,14,True,0.4707338511943817
988,route_periodic_back,14,True,0.46871083974838257
989,route_periodic_back,14,True,0.46924108266830444
990,route_periodic_back,14,True,0.47156381607055664
991,route_periodic_back,14,True,0.4719761610031128
992,route_periodic_back,14,True,0.4513554871082306
993,route_periodic_back,14,True,0.45363491773605347
994,route_periodic_back,14,True,0.4533649981021881
995,route_periodic_back,14,True,0.45302262902259827
996,route_periodic_back,14,True,0.45480698347091675
997,route_periodic_back,14,True,0.4556597173213959
998,route_periodic_back,14,True,0.45913049578666687
999,route_periodic_back,14,True,0.45542746782302856
1000,route_periodic_back,14,True,0.45636895298957825
1001,route_periodic_back,15,True,0.45584410429000854
1002,route_periodic_back,14,True,0.45378991961479187
1003,route_periodic_back,18,True,0.4529367685317993
1004,route_periodic_back,14,True,0.45370376110076904
1005,route_periodic_back,15,True,0.4593474566936493
1006,route_periodic_back,14,True,0.4538825750350952
1007,route_periodic_back,14,True,0.4566839337348938
1008,route_periodic_back,14,True,0.4547308385372162
1009,route_periodic_back,14,True,0.4572802782058716
1010,route_periodic_back,15,True,0.4592047333717346
1011,route_periodic_back,14,True,0.4542432427406311
1012,route_periodic_back,14,True,0.4538057744503021
1013,route_periodic_back,14,True,0.4521821439266205
1014,route_periodic_back,14,True,0.45465198159217834
1015,route_periodic_back,14,True,0.45475873351097107
1016,route_periodic_back,14,True,0.45630523562431335
1017,route_periodic_back,14,True,0.4538464844226837
1018,route_periodic_back,15,True,0.45820629596710205
1019,route_periodic_back,14,True,0.4544390141963959
1020,route_periodic_back,17,True,0.4522152245044708
1021,route_periodic_back,14,True,0.4529440999031067
1022,route_periodic_back,14,True,0.45682814717292786
1023,route_periodic_back,14,True,0.4585024118423462
1024,route_periodic_back,13,False,0.4379188120365143
1025,route_periodic_back,51,False,0.4890199303627014
1026,route_periodic_back,29,True,0.44730135798454285
1027,route_periodic_back,47,False,0.5059880614280701
1028,route_periodic_back,30,True,0.4496602416038513
1029,route_periodic_back,42,False,0.502747654914856
1030,route_periodic_back,22,True,0.4483430087566376
1031,route_periodic_back,42,False,0.5250332355499268
1032,route_periodic_back,29,True,0.45002415776252747
1033,route_periodic_back,21,False,0.44804075360298157
1034,route_periodic_back,29,True,0.44693586230278015
1035,route_periodic_back,48,False,0.4959282875061035
1036,route_periodic_back,22,True,0.4481877386569977
1037,route_periodic_back,43,False,0.511261522769928
1038,route_periodic_back,51,False,0.5044550895690918
1039,route_periodic_back,30,True,0.44691675901412964
1040,route_periodic_back,49,False,0.5112332701683044
1041,route_periodic_back,22,False,0.4439740478992462
1042,route_periodic_back,42,False,0.4686362147331238
1043,route_periodic_back,19,True,0.4461798667907715
1044,route_periodic_back,22,True,0.4471132457256317
1045,route_periodic_back,30,True,0.45295968651771545
1046,route_periodic_back,22,True,0.4519053101539612
1047,route_periodic_back,42,False,0.44209879636764526
1048,route_periodic_back,41,False,0.4888536334037781
1049,route_periodic_back,29,True,0.46548542380332947
1050,route_periodic_back,29,True,0.4566263258457184
1051,route_periodic_back,49,False,0.5069132447242737
1052,route_periodic_back,22,False,0.44288116693496704
1053,route_periodic_back,30,True,0.4478556215763092
1054,route_periodic_back,22,False,0.44091856479644775
1055,route_periodic_back,46,False,0.5104518532752991
1056,route_periodic_back,42,False,0.4767223298549652
1057,route_periodic_back,46,False,0.49405917525291443
1058,route_periodic_back,26,False,0.43495333194732666
1059,route_periodic_back,46,False,0.5111004114151001
1060,route_periodic_back,26,False,0.43297722935676575
1061,route_periodic_back,51,False,0.4963277578353882
1062,route_periodic_back,48,False,0.49847492575645447
1063,route_periodic_back,31,True,0.4393458962440491
1064,route_periodic_back,26,False,0.4356382191181183
1065,route_periodic_back,48,False,0.5006893873214722
1066,route_periodic_back,45,False,0.48647406697273254
1067,route_periodic_back,42,True,0.46938571333885193
1068,route_periodic_back,13,False,0.43812501430511475
1069,route_periodic_back,50,False,0.49247977137565613
1070,route_periodic_back,31,False,0.4332128167152405
1071,route_periodic_back,31,True,0.44552356004714966
1072,route_periodic_back,23,False,0.4423775374889374
1073,route_periodic_back,51,False,0.49125468730926514
1074,route_periodic_back,31,False,0.43072283267974854
1075,route_periodic_back,31,True,0.4411541223526001
1076,route_periodic_back,44,False,0.48611047863960266
1077,route_periodic_back,50,False,0.4975007474422455
1078,route_periodic_back,43,False,0.4940241575241089
1079,route_periodic_back,37,False,0.435214638710022
1080,route_periodic_back,44,False,0.4834994971752167
1081,route_periodic_back,26,False,0.4365021288394928
1082,route_periodic_back,45,False,0.4889301657676697
1083,route_periodic_back,31,True,0.4463941156864166
1084,route_periodic_back,50,False,0.508228063583374
1085,route_periodic_back,51,False,0.4864228367805481
1086,route_periodic_back,35,False,0.4420386552810669
1087,route_periodic_back,49,False,0.49546167254447937
1088,route_periodic_back,29,True,0.44693681597709656
1089,route_periodic_back,29,True,0.4461272954940796
1090,route_periodic_back,29,False,0.4425647258758545
1091,route_periodic_back,30,True,0.44612181186676025
1092,route_periodic_back,30,True,0.44031456112861633
1093,route_periodic_back,43,False,0.46859386563301086
1094,route_periodic_back,30,True,0.4446249008178711
1095,route_periodic_back,31,True,0.43970948457717896
1096,route_periodic_back,30,True,0.44418883323669434
1097,route_periodic_back,40,True,0.4520586431026459
1098,route_periodic_back,30,False,0.4491561949253082
1099,route_periodic_back,30,True,0.463258296251297
1100,route_periodic_back,20,True,0.439222514629364
1101,route_periodic_back,30,True,0.45856258273124695
1102,route_periodic_back,29,True,0.4598807692527771
1103,route_periodic_back,29,True,0.4405229389667511
1104,route_periodic_back,42,True,0.46159568428993225
1105,route_periodic_back,30,True,0.44914624094963074
1106,route_periodic_back,31,True,0.4507066607475281
1107,route_periodic_back,22,True,0.4472058117389679
1108,route_periodic_back,30,True,0.45769667625427246
1109,route_periodic_back,29,True,0.4583319127559662
1110,route_periodic_back,32,True,0.4598325788974762
1111,route_periodic_back,32,True,0.4611240327358246
1112,route_periodic_back,30,True,0.45810648798942566
1113,route_periodic_back,31,True,0.44207027554512024
1114,route_periodic_back,30,True,0.44736817479133606
1115,route_periodic_back,30,True,0.4549082815647125
1116,route_periodic_back,31,True,0.453851580619812
1117,route_periodic_back,30,True,0.4620208144187927
1118,route_periodic_back,30,True,0.4579316973686218
1119,route_periodic_back,30,True,0.4476945102214813
1120,route_periodic_back,21,False,0.4532151520252228
1121,route_periodic_back,22,False,0.45533448457717896
1122,route_periodic_back,19,False,0.4447120726108551
1123,route_periodic_back,21,False,0.44118019938468933
1124,route_periodic_back,40,True,0.4827582538127899
1125,route_periodic_back,39,False,0.5053224563598633
1126,route_periodic_back,42,False,0.4837825894355774
1127,route_periodic_back,21,True,0.4530114233493805
1128,route_periodic_back,21,True,0.44610366225242615
1129,route_periodic_back,22,False,0.4471468925476074
1130,route_periodic_back,29,False,0.44512587785720825
1131,route_periodic_back,21,False,0.4395606517791748
1132,route_periodic_back,20,True,0.4463618993759155
1133,route_periodic_back,21,False,0.44101303815841675
1134,route_periodic_back,22,False,0.4371287226676941
1135,route_periodic_back,21,True,0.45028945803642273
1136,route_periodic_back,21,True,0.44740015268325806
1137,route_periodic_back,39,False,0.46669331192970276
1138,route_periodic_back,22,False,0.44136059284210205
1139,route_periodic_back,20,True,0.4416366517543793
1140,route_periodic_back,40,False,0.5093045234680176
1141,route_periodic_back,22,False,0.4526074230670929
1142,route_periodic_back,21,False,0.44524702429771423
1143,route_periodic_back,19,False,0.4467354118824005
1144,route_periodic_back,22,True,0.4436456561088562
1145,route_periodic_back,22,False,0.4446343779563904
1146,route_periodic_back,22,False,0.4451200067996979
1147,route_periodic_back,21,True,0.44822701811790466
1148,route_periodic_back,40,False,0.4632388949394226
1149,route_periodic_back,22,False,0.4403037428855896
1150,route_periodic_back,21,False,0.4491008222103119
1151,route_periodic_back,22,False,0.44644543528556824
1152,route_periodic_back,30,True,0.44896045327186584
1153,route_periodic_back,51,False,0.5016486644744873
1154,route_periodic_back,51,False,0.4848059415817261
1155,route_periodic_back,51,False,0.5008470416069031
1156,route_periodic_back,48,False,0.4803134500980377
1157,route_periodic_back,46,False,0.4826544225215912
1158,route_periodic_back,39,True,0.4549199342727661
1159,route_periodic_back,41,False,0.497480571269989
1160,route_periodic_back,31,True,0.4345880448818207
1161,route_periodic_back,47,False,0.5025992393493652
1162,route_periodic_back,45,False,0.4837789535522461
1163,route_periodic_back,30,True,0.4504646062850952
1164,route_periodic_back,50,False,0.5068737268447876
1165,route_periodic_back,47,False,0.5002267360687256
1166,route_periodic_back,46,False,0.520099937915802
1167,route_periodic_back,48,False,0.5001365542411804
1168,route_periodic_back,42,False,0.48011189699172974
1169,route_periodic_back,51,False,0.49321961402893066
1170,route_periodic_back,51,False,0.5094802975654602
1171,route_periodic_back,43,False,0.5009226202964783
1172,route_periodic_back,31,True,0.4399973154067993
1173,route_periodic_back,31,True,0.4391205310821533
1174,route_periodic_back,41,False,0.4676489233970642
1175,route_periodic_back,31,True,0.4441056549549103
1176,route_periodic_back,40,False,0.44716876745224
1177,route_periodic_back,41,False,0.5133774280548096
1178,route_periodic_back,49,False,0.4794025123119354
1179,route_periodic_back,45,False,0.5648319125175476
1180,route_periodic_back,33,True,0.4422055780887604
1181,route_periodic_back,39,True,0.4540442228317261
1182,route_periodic_back,42,False,0.4834645986557007
1183,route_periodic_back,49,False,0.50032639503479
1184,route_periodic_back,30,True,0.44021135568618774
1185,route_periodic_back,39,False,0.5124685764312744
1186,route_periodic_back,29,True,0.4548517167568207
1187,route_periodic_back,29,True,0.4536580741405487
1188,route_periodic_back,30,True,0.45501241087913513
1189,route_periodic_back,19,True,0.44194847345352173
1190,route_periodic_back,29,True,0.4413047134876251
1191,route_periodic_back,41,False,0.5025935769081116
1192,route_periodic_back,29,True,0.4487698972225189
1193,route_periodic_back,29,True,0.4621438682079315
1194,route_periodic_back,29,True,0.44647881388664246
1195,route_periodic_back,30,True,0.43656882643699646
1196,route_periodic_back,50,False,0.5062318444252014
1197,route_periodic_back,13,True,0.4406237006187439
1198,route_periodic_back,30,True,0.4531809091567993
1199,route_periodic_back,30,True,0.44254669547080994
1200,route_periodic_back,28,True,0.45409098267555237
1201,route_periodic_back,22,False,0.44364944100379944
1202,route_periodic_back,22,True,0.4419103264808655
1203,route_periodic_back,30,True,0.44064614176750183
1204,route_periodic_back,29,True,0.44684240221977234
1205,route_periodic_back,19,True,0.44575121998786926
1206,route_periodic_back,29,True,0.4418758451938629
1207,route_periodic_back,13,True,0.43336033821105957
1208,route_periodic_back,23,True,0.4538716673851013
1209,route_periodic_back,29,True,0.435048907995224
1210,route_periodic_back,29,True,0.4495774805545807
1211,route_periodic_back,30,True,0.44486087560653687
1212,route_periodic_back,30,True,0.45007872581481934
1213,route_periodic_back,22,True,0.4434325098991394
1214,route_periodic_back,30,True,0.44211798906326294
1215,route_periodic_back,31,True,0.4419218897819519
1216,route_periodic_back,32,True,0.43770647048950195
1217,route_periodic_back,34,True,0.4326431155204773
1218,route_periodic_back,32,True,0.43105775117874146
1219,route_periodic_back,32,True,0.43594589829444885
1220,route_periodic_back,32,True,0.4398587644100189
1221,route_periodic_back,32,True,0.43738093972206116
1222,route_periodic_back,32,False,0.43636447191238403
1223,route_periodic_back,33,True,0.4353838264942169
1224,route_periodic_back,31,True,0.4387277662754059
1225,route_periodic_back,32,False,0.44109272956848145
1226,route_periodic_back,32,True,0.4370717406272888
1227,route_periodic_back,32,False,0.4331250786781311
1228,route_periodic_back,32,False,0.44118455052375793
1229,route_periodic_back,33,True,0.44177350401878357
1230,route_periodic_back,32,True,0.43975430727005005
1231,route_periodic_back,32,True,0.438214510679245
1232,route_periodic_back,32,True,0.43862277269363403
1233,route_periodic_back,32,True,0.43969839811325073
1234,route_periodic_back,34,True,0.4296933114528656
1235,route_periodic_back,33,False,0.4270966649055481
1236,route_periodic_back,32,True,0.43691107630729675
1237,route_periodic_back,51,False,0.45091086626052856
1238,route_periodic_back,32,True,0.4320668876171112
1239,route_periodic_back,32,True,0.432045042514801
1240,route_periodic_back,32,True,0.4351007640361786
1241,route_periodic_back,31,True,0.4357741177082062
1242,route_periodic_back,50,False,0.4456295371055603
1243,route_periodic_back,32,True,0.44216659665107727
1244,route_periodic_back,32,False,0.43252986669540405
1245,route_periodic_back,32,False,0.4383784234523773
1246,route_periodic_back,32,True,0.4429689347743988
1247,route_periodic_back,32,True,0.4375584125518799
1248,route_periodic_back,32,True,0.45219916105270386
1249,route_periodic_back,32,True,0.44171613454818726
1250,route_periodic_back,42,False,0.4386436939239502
1251,route_periodic_back,32,True,0.4404684901237488
1252,route_periodic_back,32,True,0.44993847608566284
1253,route_periodic_back,32,True,0.4483257532119751
1254,route_periodic_back,32,True,0.43809741735458374
1255,route_periodic_back,32,True,0.44865837693214417
1256,route_periodic_back,32,True,0.44200384616851807
1257,route_periodic_back,33,True,0.4452640414237976
1258,route_periodic_back,31,True,0.4453532099723816
1259,route_periodic_back,32,True,0.44032183289527893
1260,route_periodic_back,33,True,0.4525107443332672
1261,route_periodic_back,32,True,0.4423920512199402
1262,route_periodic_back,32,True,0.45231083035469055
1263,route_periodic_back,32,True,0.4463694095611572
1264,route_periodic_back,29,False,0.42491331696510315
1265,route_periodic_back,32,True,0.4436210095882416
1266,route_periodic_back,32,True,0.44040605425834656
1267,route_periodic_back,46,False,0.48380908370018005
1268,route_periodic_back,33,True,0.44459623098373413
1269,route_periodic_back,33,True,0.4449911415576935
1270,route_periodic_back,32,True,0.4466572403907776
1271,route_periodic_back,31,True,0.44720181822776794
1272,route_periodic_back,31,True,0.4502425193786621
1273,route_periodic_back,32,True,0.4478101432323456
1274,route_periodic_back,32,True,0.4576984643936157
1275,route_periodic_back,32,True,0.44931283593177795
1276,route_periodic_back,31,True,0.4514939785003662
1277,route_periodic_back,32,True,0.44301706552505493
1278,route_periodic_back,33,True,0.45064103603363037
1279,route_periodic_back,31,True,0.44274482131004333
1280,route_periodic_back,32,True,0.4494236409664154
1281,route_periodic_back,34,False,0.45504331588745117
1282,route_periodic_back,51,False,0.5054615139961243
1283,route_periodic_back,47,False,0.5018942356109619
1284,route_periodic_back,46,False,0.4860922694206238
1285,route_periodic_back,42,False,0.4492696225643158
1286,route_periodic_back,48,False,0.4893627464771271
1287,route_periodic_back,13,True,0.445235013961792
1288,route_periodic_back,33,True,0.44848817586898804
1289,route_periodic_back,32,True,0.4474843144416809
1290,route_periodic_back,45,False,0.4874458611011505
1291,route_periodic_back,32,True,0.4467203617095947
1292,route_periodic_back,50,False,0.4917076826095581
1293,route_periodic_back,45,False,0.474873811006546
1294,route_periodic_back,48,False,0.4857780635356903
1295,route_periodic_back,44,False,0.5078209042549133
1296,route_periodic_back,13,True,0.4431817829608917
1297,route_periodic_back,51,False,0.48587295413017273
1298,route_periodic_back,13,False,0.4455578625202179
1299,route_periodic_back,46,False,0.49187803268432617
1300,route_periodic_back,13,True,0.44244319200515747
1301,route_periodic_back,43,False,0.4888327717781067
1302,route_periodic_back,46,False,0.4769793450832367
1303,route_periodic_back,13,True,0.44381460547447205
1304,route_periodic_back,47,False,0.4807475507259369
1305,route_periodic_back,13,False,0.44226184487342834
1306,route_periodic_back,46,False,0.494870126247406
1307,route_periodic_back,45,False,0.483356237411499
1308,route_periodic_back,13,False,0.44253218173980713
1309,route_periodic_back,13,True,0.4413439631462097
1310,route_periodic_back,13,False,0.4473001956939697
1311,route_periodic_back,50,False,0.48316076397895813
1312,route_periodic_back,31,True,0.4495498836040497
1313,route_periodic_back,31,True,0.4563807547092438
1314,route_periodic_back,13,True,0.45185574889183044
1315,route_periodic_back,51,False,0.4809933006763458
1316,route_periodic_back,31,True,0.4502808153629303
1317,route_periodic_back,13,False,0.44538095593452454
1318,route_periodic_back,24,True,0.45421504974365234
1319,route_periodic_back,32,True,0.4524121880531311
1320,route_periodic_back,13,True,0.44474124908447266
1321,route_periodic_back,32,True,0.4446505010128021
1322,route_periodic_back,24,True,0.44699516892433167
1323,route_periodic_back,31,True,0.4470934569835663
1324,route_periodic_back,31,True,0.44804051518440247
1325,route_periodic_back,32,True,0.4493640661239624
1326,route_periodic_back,32,True,0.44998013973236084
1327,route_periodic_back,32,True,0.44540655612945557
1328,route_periodic_back,32,True,0.44449079036712646
1329,route_periodic_back,13,True,0.44708606600761414
1330,route_periodic_back,32,True,0.44549307227134705
1331,route_periodic_back,31,True,0.4548393189907074
1332,route_periodic_back,13,True,0.4440493881702423
1333,route_periodic_back,13,True,0.44898688793182373
1334,route_periodic_back,32,True,0.45220640301704407
1335,route_periodic_back,32,True,0.44323205947875977
1336,route_periodic_back,32,True,0.4451003968715668
1337,route_periodic_back,13,True,0.4437207281589508
1338,route_periodic_back,13,False,0.4457172453403473
1339,route_periodic_back,49,False,0.49644213914871216
1340,route_periodic_back,32,True,0.4509689509868622
1341,route_periodic_back,32,True,0.4506894052028656
1342,route_periodic_back,32,True,0.4457909166812897
1343,route_periodic_back,13,True,0.44303521513938904
1344,route_periodic_back,23,True,0.44143417477607727
1345,route_periodic_back,31,True,0.4518011510372162
1346,route_periodic_back,31,True,0.4524914622306824
1347,route_periodic_back,31,True,0.44471079111099243
1348,route_periodic_back,31,True,0.45887231826782227
1349,route_periodic_back,30,True,0.4476071298122406
1350,route_periodic_back,13,True,0.44032052159309387
1351,route_periodic_back,31,True,0.4444848895072937
1352,route_periodic_back,31,True,0.44187313318252563
1353,route_periodic_back,30,True,0.4435468316078186
1354,route_periodic_back,31,True,0.4453827738761902
1355,route_periodic_back,31,True,0.44953107833862305
1356,route_periodic_back,31,True,0.44965851306915283
1357,route_periodic_back,13,True,0.4442247748374939
1358,route_periodic_back,30,True,0.44652971625328064
1359,route_periodic_back,13,True,0.437897264957428
1360,route_periodic_back,31,True,0.45646724104881287
1361,route_periodic_back,31,True,0.4460816979408264
1362,route_periodic_back,31,True,0.43504688143730164
1363,route_periodic_back,31,True,0.4422908127307892
1364,route_periodic_back,13,True,0.4454725384712219
1365,route_periodic_back,13,True,0.44426673650741577
1366,route_periodic_back,31,True,0.4491298198699951
1367,route_periodic_back,30,True,0.44919633865356445
1368,route_periodic_back,31,True,0.4426719546318054
1369,route_periodic_back,31,True,0.44509050250053406
1370,route_periodic_back,31,True,0.44572022557258606
1371,route_periodic_back,31,True,0.4501286745071411
1372,route_periodic_back,31,True,0.44795894622802734
1373,route_periodic_back,31,True,0.45689213275909424
1374,route_periodic_back,31,True,0.44465750455856323
1375,route_periodic_back,30,True,0.443249374628067
1376,route_periodic_back,20,True,0.42816591262817383
1377,route_periodic_back,31,True,0.42860594391822815
1378,route_periodic_back,31,True,0.44187667965888977
1379,route_periodic_back,23,True,0.4367138743400574
1380,route_periodic_back,30,True,0.44880419969558716
1381,route_periodic_back,20,True,0.42988789081573486
1382,route_periodic_back,23,True,0.4364519715309143
1383,route_periodic_back,20,True,0.4294620752334595
1384,route_periodic_back,22,True,0.44778355956077576
1385,route_periodic_back,30,True,0.4344664514064789
1386,route_periodic_back,30,True,0.4433368444442749
1387,route_periodic_back,31,True,0.4340692460536957
1388,route_periodic_back,23,True,0.43931248784065247
1389,route_periodic_back,20,True,0.4311249256134033
1390,route_periodic_back,22,True,0.43485555052757263
1391,route_periodic_back,22,True,0.42462822794914246
1392,route_periodic_back,20,True,0.43396034836769104
1393,route_periodic_back,31,True,0.4332997500896454
1394,route_periodic_back,21,True,0.42942750453948975
1395,route_periodic_back,22,True,0.43431809544563293
1396,route_periodic_back,22,True,0.43659937381744385
1397,route_periodic_back,22,True,0.43282052874565125
1398,route_periodic_back,31,True,0.43173959851264954
1399,route_periodic_back,30,True,0.4360276758670807
1400,route_periodic_back,23,True,0.4398357570171356
1401,route_periodic_back,30,True,0.4425625205039978
1402,route_periodic_back,30,True,0.4336414933204651
1403,route_periodic_back,20,True,0.42905184626579285
1404,route_periodic_back,20,True,0.4345778226852417
1405,route_periodic_back,31,True,0.43029579520225525
1406,route_periodic_back,21,True,0.43194782733917236
1407,route_periodic_back,20,True,0.42640557885169983
1408,route_periodic_back,45,False,0.4748282730579376
1409,route_periodic_back,42,True,0.47489219903945923
1410,route_periodic_back,49,False,0.4922938942909241
1411,route_periodic_back,46,False,0.5023930072784424
1412,route_periodic_back,48,False,0.48896321654319763
1413,route_periodic_back,13,False,0.45030203461647034
1414,route_periodic_back,51,False,0.49326449632644653
1415,route_periodic_back,13,False,0.4493600130081177
1416,route_periodic_back,43,False,0.4836277365684509
1417,route_periodic_back,48,False,0.5032021999359131
1418,route_periodic_back,13,False,0.4545646607875824
1419,route_periodic_back,45,False,0.5201312303543091
1420,route_periodic_back,50,False,0.48457765579223633
1421,route_periodic_back,13,True,0.4507875442504883
1422,route_periodic_back,40,True,0.45900577306747437
1423,route_periodic_back,13,False,0.4441293776035309
1424,route_periodic_back,49,False,0.5142624378204346
1425,route_periodic_back,51,False,0.49583694338798523
1426,route_periodic_back,40,True,0.4670383632183075
1427,route_periodic_back,46,False,0.5011913776397705
1428,route_periodic_back,13,False,0.4473080337047577
1429,route_periodic_back,13,False,0.44691938161849976
1430,route_periodic_back,51,False,0.4983437955379486
1431,route_periodic_back,48,False,0.5113393068313599
1432,route_periodic_back,13,False,0.45140010118484497
1433,route_periodic_back,13,False,0.4500293433666229
1434,route_periodic_back,13,False,0.453940212726593
1435,route_periodic_back,24,False,0.4393722414970398
1436,route_periodic_back,13,False,0.4526110887527466
1437,route_periodic_back,43,False,0.4987153112888336
1438,route_periodic_back,13,False,0.44826740026474
1439,route_periodic_back,50,False,0.5085783004760742
1440,route_periodic_back,30,False,0.4480825960636139
1441,route_periodic_back,31,True,0.4503238797187805
1442,route_periodic_back,31,True,0.4504101872444153
1443,route_periodic_back,31,True,0.4460153579711914
1444,route_periodic_back,31,True,0.45275765657424927
1445,route_periodic_back,30,True,0.44651198387145996
1446,route_periodic_back,48,False,0.49536752700805664
1447,route_periodic_back,43,False,0.48782479763031006
1448,route_periodic_back,31,True,0.45510128140449524
1449,route_periodic_back,30,False,0.4461916387081146
1450,route_periodic_back,31,True,0.4481998682022095
1451,route_periodic_back,45,False,0.4785524010658264
1452,route_periodic_back,50,False,0.5129919052124023
1453,route_periodic_back,30,True,0.4552842676639557
1454,route_periodic_back,30,False,0.4332161247730255
1455,route_periodic_back,22,False,0.44369399547576904
1456,route_periodic_back,30,False,0.45625656843185425
1457,route_periodic_back,37,False,0.4488159120082855
1458,route_periodic_back,31,False,0.4518602192401886
1459,route_periodic_back,46,False,0.5021916627883911
1460,route_periodic_back,30,False,0.45386528968811035
1461,route_periodic_back,30,True,0.45100924372673035
1462,route_periodic_back,30,True,0.4470217525959015
1463,route_periodic_back,32,False,0.42891213297843933
1464,route_periodic_back,30,True,0.4443753659725189
1465,route_periodic_back,30,False,0.45055800676345825
1466,route_periodic_back,30,False,0.45380234718322754
1467,route_periodic_back,31,False,0.44309550523757935
1468,route_periodic_back,51,False,0.5037338137626648
1469,route_periodic_back,31,True,0.4542503356933594
1470,route_periodic_back,30,True,0.4455535113811493
1471,route_periodic_back,30,True,0.445651650428772
1472,route_periodic_back,13,True,0.4575640559196472
1473,route_periodic_back,13,True,0.4500269591808319
1474,route_periodic_back,13,True,0.4522732198238373
1475,route_periodic_back,13,True,0.45318081974983215
1476,route_periodic_back,13,True,0.4547182619571686
1477,route_periodic_back,13,True,0.44414907693862915
1478,route_periodic_back,13,True,0.449153333902359
1479,route_periodic_back,13,True,0.4447843134403229
1480,route_periodic_back,13,True,0.45062291622161865
1481,route_periodic_back,13,True,0.44621381163597107
1482,route_periodic_back,13,True,0.4531397819519043
1483,route_periodic_back,13,True,0.45336493849754333
1484,route_periodic_back,13,True,0.44923484325408936
1485,route_periodic_back,13,True,0.45739850401878357
1486,route_periodic_back,13,True,0.4516203701496124
1487,route_periodic_back,30,False,0.43780919909477234
1488,route_periodic_back,13,True,0.44801947474479675
1489,route_periodic_back,13,True,0.45268553495407104
1490,route_periodic_back,13,True,0.45323649048805237
1491,route_periodic_back,39,True,0.47227293252944946
1492,route_periodic_back,13,True,0.4567345976829529
1493,route_periodic_back,13,True,0.44913285970687866
1494,route_periodic_back,13,True,0.4489367604255676
1495,route_periodic_back,13,True,0.44873085618019104
1496,route_periodic_back,13,True,0.4556117653846741
1497,route_periodic_back,13,True,0.45408371090888977
1498,route_periodic_back,13,True,0.45487484335899353
1499,route_periodic_back,13,True,0.45261406898498535
1500,route_periodic_back,13,True,0.45212116837501526
1501,route_periodic_back,13,True,0.4488605856895447
1502,route_periodic_back,13,True,0.4488217234611511
1503,route_periodic_back,13,True,0.4494808614253998
1504,route_periodic_back,41,False,0.49207261204719543
1505,route_periodic_back,41,False,0.48684585094451904
1506,route_periodic_back,47,False,0.5087662935256958
1507,route_periodic_back,46,False,0.5117800831794739
1508,route_periodic_back,39,False,0.4950207769870758
1509,route_periodic_back,51,False,0.49917447566986084
1510,route_periodic_back,51,False,0.4934610426425934
1511,route_periodic_back,42,False,0.49354344606399536
1512,route_periodic_back,42,False,0.49470800161361694
1513,route_periodic_back,41,False,0.5062342882156372
1514,route_periodic_back,45,False,0.4898037314414978
1515,route_periodic_back,39,False,0.5082434415817261
1516,route_periodic_back,42,False,0.49403560161590576
1517,route_periodic_back,40,False,0.5047481060028076
1518,route_periodic_back,51,False,0.5116718411445618
1519,route_periodic_back,45,False,0.5077059864997864
1520,route_periodic_back,51,False,0.5104957818984985
1521,route_periodic_back,48,False,0.5051320791244507
1522,route_periodic_back,40,False,0.49717977643013
1523,route_periodic_back,42,False,0.5045689344406128
1524,route_periodic_back,44,False,0.516087532043457
1525,route_periodic_back,45,False,0.4968697428703308
1526,route_periodic_back,43,False,0.493743360042572
1527,route_periodic_back,49,False,0.5089563727378845
1528,route_periodic_back,51,False,0.5095767378807068
1529,route_periodic_back,41,False,0.5050274729728699
1530,route_periodic_back,51,False,0.4946379065513611
1531,route_periodic_back,44,False,0.5101274251937866
1532,route_periodic_back,51,False,0.5134214162826538
1533,route_periodic_back,42,False,0.5082094669342041
1534,route_periodic_back,51,False,0.5080122947692871
1535,route_periodic_back,50,False,0.5066782236099243
1650,route_periodic_back,13,False,0.47615984082221985
1680,route_periodic_back,13,False,0.4734845757484436
1719,route_periodic_back,13,False,0.479958713054657
1724,route_periodic_back,13,False,0.4733562767505646
1740,route_periodic_back,13,False,0.4815003275871277
1795,route_periodic_back,13,False,0.4788190424442291
1815,route_periodic_back,13,True,0.4679712951183319
1930,route_periodic_back,13,False,0.4704659879207611
1967,route_periodic_back,13,True,0.5265726447105408
1971,route_periodic_back,20,False,0.46488747000694275
1984,route_periodic_back,13,False,0.46190792322158813
1985,route_periodic_back,13,False,0.4569177031517029
1991,route_periodic_back,13,False,0.46147412061691284
1993,route_periodic_back,13,True,0.48657938838005066
2014,route_periodic_back,13,False,0.46894022822380066
2051,route_periodic_back,13,True,0.45170333981513977
2076,route_periodic_back,13,False,0.44585150480270386
2099,route_periodic_back,13,False,0.4316578805446625
2124,route_periodic_back,13,False,0.4271458387374878
2144,route_periodic_back,13,True,0.4310789406299591
2146,route_periodic_back,13,True,0.4415305554866791
2148,route_periodic_back,13,True,0.44193631410598755
2149,route_periodic_back,13,True,0.4418879747390747
2151,route_periodic_back,13,True,0.4358443021774292
2153,route_periodic_back,13,True,0.44168636202812195
2154,route_periodic_back,13,False,0.42908650636672974
2156,route_periodic_back,13,True,0.43227890133857727
2159,route_periodic_back,13,True,0.4419568181037903
2162,route_periodic_back,13,True,0.4428296983242035
2163,route_periodic_back,13,True,0.437726229429245
2165,route_periodic_back,13,True,0.4413812756538391
2167,route_periodic_back,13,True,0.44496285915374756
2170,route_periodic_back,13,False,0.4224928915500641
2172,route_periodic_back,13,True,0.44321659207344055
2174,route_periodic_back,13,True,0.4415052533149719
2178,route_periodic_back,13,False,0.4451825022697449
2179,route_periodic_back,13,False,0.4454021155834198
2185,route_periodic_back,13,True,0.44791755080223083
2186,route_periodic_back,13,True,0.46009305119514465
2189,route_periodic_back,14,True,0.4489798843860626
2200,route_periodic_back,13,True,0.44974082708358765
2211,route_periodic_back,13,True,0.44728487730026245
2244,route_periodic_back,13,False,0.4365249276161194
2245,route_periodic_back,13,False,0.43337035179138184
2247,route_periodic_back,13,False,0.4431014657020569
2248,route_periodic_back,13,False,0.4345647394657135
2249,route_periodic_back,13,False,0.4333036541938782
2264,route_periodic_back,13,False,0.4344005286693573
2266,route_periodic_back,13,False,0.4368296265602112
2274,route_periodic_back,13,False,0.4283466041088104
2297,route_periodic_back,13,False,0.4361642897129059
2316,route_periodic_back,13,False,0.4382890462875366
2352,route_periodic_back,13,False,0.43423354625701904
2366,route_periodic_back,13,False,0.43239498138427734
2368,route_periodic_back,13,False,0.4243656098842621
2372,route_periodic_back,13,False,0.42476338148117065
2375,route_periodic_back,13,False,0.46649301052093506
2377,route_periodic_back,14,False,0.42747762799263
2378,route_periodic_back,13,False,0.4338400065898895
2382,route_periodic_back,13,False,0.4262605309486389
2383,route_periodic_back,14,False,0.4271351993083954
2384,route_periodic_back,13,False,0.42819517850875854
2386,route_periodic_back,13,False,0.4309503138065338
2388,route_periodic_back,14,False,0.4274822473526001
2389,route_periodic_back,13,False,0.43368294835090637
2390,route_periodic_back,14,False,0.43089616298675537
2393,route_periodic_back,14,False,0.43188461661338806
2394,route_periodic_back,13,False,0.4297201335430145
2397,route_periodic_back,13,False,0.4287011921405792
2398,route_periodic_back,14,False,0.42254310846328735
2406,route_periodic_back,13,False,0.43483442068099976
2464,route_periodic_back,13,True,0.4394066631793976
2465,route_periodic_back,13,True,0.4484562873840332
2467,route_periodic_back,13,True,0.46004608273506165
2468,route_periodic_back,13,True,0.44166746735572815
2469,route_periodic_back,13,True,0.4444604218006134
2472,route_periodic_back,13,True,0.4496116042137146
2473,route_periodic_back,13,True,0.457023948431015
2474,route_periodic_back,13,True,0.4486236274242401
2475,route_periodic_back,13,True,0.4393453896045685
2478,route_periodic_back,13,True,0.44418424367904663
2481,route_periodic_back,13,True,0.4534357190132141
2482,route_periodic_back,13,True,0.44857335090637207
2485,route_periodic_back,13,True,0.4490077495574951
2487,route_periodic_back,13,True,0.4502166509628296
2489,route_periodic_back,13,True,0.43961769342422485
2490,route_periodic_back,13,True,0.45163363218307495
2491,route_periodic_back,13,False,0.42931658029556274
2492,route_periodic_back,13,True,0.4478253424167633
2495,route_periodic_back,13,True,0.45361119508743286
2528,route_periodic_back,13,True,0.43126434087753296
2529,route_periodic_back,13,True,0.4397602379322052
2531,route_periodic_back,13,True,0.4409215748310089
2532,route_periodic_back,13,True,0.4424690008163452
2533,route_periodic_back,13,True,0.44098615646362305
2535,route_periodic_back,13,True,0.43979161977767944
2537,route_periodic_back,13,True,0.4446229934692383
2538,route_periodic_back,13,True,0.4365188777446747
2539,route_periodic_back,13,True,0.44377970695495605
2540,route_periodic_back,13,True,0.44468528032302856
2544,route_periodic_back,13,True,0.4377867877483368
2546,route_periodic_back,13,True,0.4432474672794342
2549,route_periodic_back,13,True,0.4374412000179291
2551,route_periodic_back,13,True,0.4398251473903656
2553,route_periodic_back,13,True,0.4415542185306549
2556,route_periodic_back,13,True,0.43901747465133667
2557,route_periodic_back,13,True,0.44522154331207275
2558,route_periodic_back,13,True,0.4429709315299988
2559,route_periodic_back,13,True,0.44262033700942993
