cache_id,scope,layer,token_index,token_role,n_sites,p4_p5_margin,p1,top4_mass,entropy_normalised,probability_sum_abs_error,gap_exact_zero,stable_fp16_rounding_bound,stable_bf16_rounding_bound,stable_fp32_rounding_bound,actual_vs_saved_fp16_top4_disagree,actual_vs_bf16_recast_top4_disagree,saved_fp16_vs_bf16_recast_top4_disagree,actual_selection_unique_from_saved_probs,actual_selection_boundary_ambiguous,actual_selection_contradicted_by_saved_probs,bf16_recast_vector_exact,bf16_recast_element_exact_fraction,bf16_rounding_bound,actual_vs_saved_fp32_upcast_top4_disagree,saved_fp16_vs_fp32_upcast_top4_disagree,p4_p5_margin_p05,p4_p5_margin_median,p4_p5_margin_p95,gap_over_bf16_rounding_bound_median,n_margin_sample
calvin_d/task_D_D/routes-v1,primary_canonical,2,0,state,36210,0.005668461042950411,0.12221110969971175,0.3097604974400632,0.9405936227915399,3.7791945597836406e-05,0.03175918254625794,0.968240817453742,0.9665838166252416,0.968240817453742,0.0,0.0,0.0,0.968240817453742,0.03175918254625794,0.0,0.0,0.12418012979839824,0.00026045712078845624,0.0,0.0,0.000335693359375,0.0038909912109375,0.0196533203125,15.25,566
calvin_d/task_D_D/routes-v1,primary_canonical,2,1,mixed,36210,0.0019862779956007492,0.06333124455217827,0.19742827416783174,0.9887041674302909,3.3095580245605064e-05,0.06462303231151616,0.9353769676884839,0.9215686274509803,0.9353769676884839,0.0,0.0031206848936757804,0.0031206848936757804,0.9353769676884839,0.06462303231151616,0.0,0.0,0.12538145539906104,0.000244140625,0.0,0.0,0.0,0.00140380859375,0.005279541015625,5.75,565
calvin_d/task_D_D/routes-v1,primary_canonical,2,2,mixed,36210,0.0009539545454790631,0.044467474919792964,0.1638131087671094,0.9948775249369004,3.530159407444206e-05,0.12852803093068213,0.8714719690693179,0.8514498757249379,0.8714719690693179,0.0,0.004501518917426125,0.004501518917426125,0.8714719690693179,0.12852803093068213,0.0,0.0,0.12524250897542116,0.000244140625,0.0,0.0,0.0,0.0008544921875,0.00286865234375,3.5,567
calvin_d/task_D_D/routes-v1,primary_canonical,2,3,mixed,36210,0.0007938649436447114,0.04240372390978839,0.158466902729952,0.995786461141089,3.597414384919351e-05,0.14708644020988676,0.8529135597901132,0.8335818834576084,0.8529135597901132,0.0,0.00428058547362607,0.00428058547362607,0.8529135597901132,0.14708644020988676,0.0,0.0,0.12487745098039216,0.000244140625,0.0,0.0,0.0,0.000579833984375,0.0021011352073401213,2.375,564
calvin_d/task_D_D/routes-v1,primary_canonical,2,4,mixed,36210,0.0007407276118799192,0.04203482277318938,0.15730299129238512,0.9957122106556733,3.649435857158114e-05,0.15973487986743992,0.84026512013256,0.8247445457056062,0.84026512013256,0.0,0.003396851698425849,0.003396851698425849,0.84026512013256,0.15973487986743992,0.0,0.0,0.12491542391604529,0.000244140625,0.0,0.0,0.0,0.000579833984375,0.002044677734375,2.375,567
calvin_d/task_D_D/routes-v1,primary_canonical,2,5,mixed,36210,0.0007097574532673985,0.0417585674750479,0.1566722306254423,0.9956067128097178,3.731450268129919e-05,0.1668047500690417,0.8331952499309583,0.8215962441314554,0.8331952499309583,0.0,0.0028445180889257113,0.0028445180889257113,0.8331952499309583,0.1668047500690417,0.0,0.0,0.12569041701187517,0.000244140625,0.0,0.0,0.0,0.00054931640625,0.0021301270462572575,2.25,565
calvin_d/task_D_D/routes-v1,primary_canonical,2,6,mixed,36210,0.0006966991998714098,0.04178208733289751,0.15659778914179007,0.9954405154453658,3.749812646848462e-05,0.17130626898646784,0.8286937310135322,0.8195802264567799,0.8286937310135322,0.0,0.002043634355150511,0.002043634355150511,0.8286937310135322,0.17130626898646784,0.0,0.0,0.12499136978735156,0.000244140625,0.0,0.0,0.0,0.000579833984375,0.001983642578125,2.375,566
calvin_d/task_D_D/routes-v1,primary_canonical,2,7,mixed,36210,0.0007075223630385253,0.04211148586236321,0.15753855227238892,0.9950775237512733,3.7333886947990025e-05,0.16727423363711683,0.8327257663628832,0.8235017950842308,0.8327257663628832,0.0,0.002264567798950566,0.002264567798950566,0.8327257663628832,0.16727423363711683,0.0,0.0,0.12472555923777962,0.000244140625,0.0,0.0,0.0,0.000579833984375,0.00231170654296875,2.375,566
calvin_d/task_D_D/routes-v1,primary_canonical,2,8,mixed,36210,0.0007396572632409038,0.04257400036516587,0.1591835542398077,0.9945890809284064,3.7404154914744284e-05,0.16655619994476664,0.8334438000552333,0.824136978735156,0.8334438000552333,0.0,0.0019331676332504833,0.0019331676332504833,0.8334438000552333,0.16655619994476664,0.0,0.0,0.1252399199116266,0.000244140625,0.0,0.0,0.0,0.000579833984375,0.002044677734375,2.375,566
calvin_d/task_D_D/routes-v1,primary_canonical,2,9,mixed,36210,0.0008010826332073322,0.043387552981414834,0.16167426732191556,0.9939488092663209,3.679844925529356e-05,0.15650372825186412,0.8434962717481359,0.8343827671913836,0.8434962717481359,0.0,0.0020988677161005247,0.0020988677161005247,0.8434962717481359,0.15650372825186412,0.0,0.0,0.12499395885114609,0.000244140625,0.0,0.0,0.0,0.000579833984375,0.00234222412109375,2.375,566
calvin_d/task_D_D/routes-v1,primary_canonical,2,10,mixed,36210,0.000924466861871289,0.044880239280736506,0.1657080143862948,0.9931608592120694,3.577450697213304e-05,0.1363711681855841,0.8636288318144159,0.8530516431924883,0.8636288318144159,0.0,0.0024302678818006076,0.0024302678818006076,0.8636288318144159,0.1363711681855841,0.0,0.0,0.12495253383043359,0.000244140625,0.0,0.0,0.0,0.0006103515625,0.0024963379837572575,2.5,565
calvin_d/task_D_D/routes-v1,primary_canonical,3,0,state,36210,0.005006688499081961,0.13673577444291976,0.3204976618866076,0.9337676959500659,3.895921557030603e-05,0.0347970173985087,0.9652029826014913,0.9574703120684893,0.9652029826014913,0.0,0.0019331676332504833,0.0019331676332504833,0.9652029826014913,0.0347970173985087,0.0,0.0,0.12357601491300746,0.0002502677388627106,0.0,0.0,0.0003707885625772178,0.00360107421875,0.01544189453125,14.75,564
calvin_d/task_D_D/routes-v1,primary_canonical,3,1,mixed,36210,0.0016932687914789596,0.06356844813808556,0.1952546876887859,0.9879500836076344,3.314224997464875e-05,0.07566970450151891,0.9243302954984811,0.9143330571665286,0.9243302954984811,0.0,0.0022369511184755593,0.0022369511184755593,0.9243302954984811,0.07566970450151891,0.0,0.0,0.12470916183374758,0.000244140625,0.0,0.0,0.0,0.001373291015625,0.004913330078125,5.625,567
calvin_d/task_D_D/routes-v1,primary_canonical,3,2,mixed,36210,0.0010741091867534865,0.04678184427104909,0.16915612482820483,0.9936646274755225,3.4446790053086594e-05,0.11897265948632975,0.8810273405136703,0.868157967412317,0.8810273405136703,0.0,0.0030654515327257666,0.0030654515327257666,0.8810273405136703,0.11897265948632975,0.0,0.0,0.12467636702568351,0.000244140625,0.0,0.0,0.0,0.0008544921875,0.0032989501487463713,3.5,567
calvin_d/task_D_D/routes-v1,primary_canonical,3,3,mixed,36210,0.0008781738618367682,0.043894464197293134,0.1625659865721982,0.9948021894576503,3.557560754000104e-05,0.14098315382491025,0.8590168461750898,0.8465064899199116,0.8590168461750898,0.0,0.0032863849765258214,0.0032863849765258214,0.8590168461750898,0.14098315382491025,0.0,0.0,0.12566021126760563,0.000244140625,0.0,0.0,0.0,0.0006103515625,0.00274658203125,2.5,564
calvin_d/task_D_D/routes-v1,primary_canonical,3,4,mixed,36210,0.000820739122426039,0.04325460388133026,0.16088136400645756,0.9948983782350408,3.606948494351526e-05,0.1484120408726871,0.8515879591273129,0.84026512013256,0.8515879591273129,0.0,0.0024302678818006076,0.0024302678818006076,0.8515879591273129,0.1484120408726871,0.0,0.0,0.12576204777685723,0.000244140625,0.0,0.0,0.0,0.000579833984375,0.0021881102584302425,2.375,567
calvin_d/task_D_D/routes-v1,primary_canonical,3,5,mixed,36210,0.000777452369317005,0.04278987788653644,0.15958922985870183,0.9948592521314034,3.67024233906811e-05,0.1564484948909141,0.8435515051090859,0.8312896989781828,0.8435515051090859,0.0,0.0032587682960508145,0.0032587682960508145,0.8435515051090859,0.1564484948909141,0.0,0.0,0.12545222314277824,0.000244140625,0.0,0.0,0.0,0.000579833984375,0.0024047852493822575,2.375,565
calvin_d/task_D_D/routes-v1,primary_canonical,3,6,mixed,36210,0.0007515929147572321,0.04269455280530456,0.1593436042303145,0.9945827890861367,3.690753843006723e-05,0.1608671637669152,0.8391328362330848,0.8249930958298812,0.8391328362330848,0.0,0.003369235017950842,0.003369235017950842,0.8391328362330848,0.1608671637669152,0.0,0.0,0.12545999033416183,0.000244140625,0.0,0.0,0.0,0.000579833984375,0.002349853515625,2.375,566
calvin_d/task_D_D/routes-v1,primary_canonical,3,7,mixed,36210,0.0007836030814174261,0.04306808931002529,0.16047862889654102,0.9940931270231828,3.6790706083544774e-05,0.15263739298536316,0.8473626070146368,0.831952499309583,0.8473626070146368,0.0,0.003949185307925988,0.003949185307925988,0.8473626070146368,0.15263739298536316,0.0,0.0,0.12482998481082574,0.000244140625,0.0,0.0,0.0,0.000579833984375,0.00218963623046875,2.375,566
calvin_d/task_D_D/routes-v1,primary_canonical,3,8,mixed,36210,0.0008342777685182788,0.043699740810441694,0.1625192123366732,0.9934672024311924,3.676805598931364e-05,0.14446285556476113,0.8555371444352389,0.8370339685169843,0.8555371444352389,0.0,0.0038939519469759734,0.0038939519469759734,0.8555371444352389,0.14446285556476113,0.0,0.0,0.1250414250207125,0.000244140625,0.0,0.0,0.0,0.0006103515625,0.0023559569381177425,2.5,565
calvin_d/task_D_D/routes-v1,primary_canonical,3,9,mixed,36210,0.0008829659896804232,0.044573924041722765,0.1654503030890228,0.9925099260535104,3.607475240728994e-05,0.136012151339409,0.863987848660591,0.8449323391328363,0.863987848660591,0.0,0.00463960231980116,0.00463960231980116,0.863987848660591,0.136012151339409,0.0,0.0,0.12535297569732118,0.000244140625,0.0,0.0,0.0,0.0006103515625,0.002410888671875,2.5,567
calvin_d/task_D_D/routes-v1,primary_canonical,3,10,mixed,36210,0.0010541880601547397,0.04662835121944905,0.17180610325941556,0.9904769378253617,3.518012635979788e-05,0.11966307649820491,0.880336923501795,0.8608395470864402,0.880336923501795,0.0,0.003976801988400994,0.003976801988400994,0.880336923501795,0.11966307649820491,0.0,0.0,0.1256947321181994,0.000244140625,0.0,0.0,0.0,0.000732421875,0.0031616210471838713,3.0,565
calvin_d/task_D_D/routes-v1,primary_canonical,4,0,state,36210,0.005194705351055475,0.1156320643010175,0.3016930226955714,0.9432329019931297,3.716933137966895e-05,0.03203534935100801,0.967964650648992,0.9602319801159901,0.967964650648992,0.0,0.0005523336095001381,0.0005523336095001381,0.967964650648992,0.03203534935100801,0.0,0.0,0.1249568489367578,0.0002580130175970036,0.0,0.0,0.0003402709844522178,0.0036468505859375,0.01686248742043972,14.4375,564
calvin_d/task_D_D/routes-v1,primary_canonical,4,1,mixed,36210,0.0016183856836638705,0.0534055282647555,0.18460506090502882,0.9904221215520699,3.301825387739273e-05,0.07826567246616957,0.9217343275338304,0.9087821043910522,0.9217343275338304,0.0,0.00267881800607567,0.00267881800607567,0.9217343275338304,0.07826567246616957,0.0,0.0,0.1252511391880696,0.000244140625,0.0,0.0,0.0,0.00103759765625,0.0049346922896802425,4.25,567
calvin_d/task_D_D/routes-v1,primary_canonical,4,2,mixed,36210,0.0009325669569654446,0.0448463496830015,0.16453036961717454,0.9944675587498328,3.482383511007836e-05,0.1275614471140569,0.8724385528859431,0.8476940071803369,0.8724385528859431,0.0,0.005247169290251312,0.005247169290251312,0.8724385528859431,0.1275614471140569,0.0,0.0,0.12532276995305164,0.000244140625,0.0,0.0,0.0,0.000640869140625,0.002532958984375,2.625,567
calvin_d/task_D_D/routes-v1,primary_canonical,4,3,mixed,36210,0.0008194681887664837,0.04317881308415752,0.15986799078401168,0.995441877353063,3.5488694387718776e-05,0.140016570008285,0.859983429991715,0.8317039491853079,0.859983429991715,0.0,0.006628003314001657,0.006628003314001657,0.859983429991715,0.140016570008285,0.0,0.0,0.12495598591549295,0.000244140625,0.0,0.0,0.0,0.000579833984375,0.0024978637229651213,2.375,564
calvin_d/task_D_D/routes-v1,primary_canonical,4,4,mixed,36210,0.0007935842931747964,0.04268452186868916,0.1587115288044135,0.9956280173648955,3.5938851841903135e-05,0.14418668876001103,0.8558133112399889,0.8296326981496824,0.8558133112399889,0.0,0.005827119580226457,0.005827119580226457,0.8558133112399889,0.14418668876001103,0.0,0.0,0.12509493233913282,0.000244140625,0.0,0.0,0.0,0.000579833984375,0.002349853515625,2.375,567
calvin_d/task_D_D/routes-v1,primary_canonical,4,5,mixed,36210,0.0007805943061093276,0.042554279823587664,0.15817526728038267,0.9956408026994706,3.5977198978182826e-05,0.14716929025131179,0.8528307097486882,0.8299917149958574,0.8528307097486882,0.0,0.005026235846451257,0.005026235846451257,0.8528307097486882,0.14716929025131179,0.0,0.0,0.1251294531897266,0.000244140625,0.0,0.0,0.0,0.000579833984375,0.002471923828125,2.375,564
calvin_d/task_D_D/routes-v1,primary_canonical,4,6,mixed,36210,0.0007609032623282588,0.042758701243343945,0.15823431428510554,0.995542117404332,3.579378588954838e-05,0.15285832642916322,0.8471416735708368,0.8217343275338305,0.8471416735708368,0.0,0.0066832366749516705,0.0066832366749516705,0.8471416735708368,0.15285832642916322,0.0,0.0,0.12525286523059928,0.000244140625,0.0,0.0,0.0,0.00054931640625,0.002288818359375,2.25,567
calvin_d/task_D_D/routes-v1,primary_canonical,4,7,mixed,36210,0.0007965450292132698,0.043348050374281535,0.15960556910993381,0.9952019430661985,3.5848251464978594e-05,0.14230875448771058,0.8576912455122894,0.8310963822148578,0.8576912455122894,0.0,0.006213753106876553,0.006213753106876553,0.8576912455122894,0.14230875448771058,0.0,0.0,0.12479632698149683,0.000244140625,0.0,0.0,0.0,0.000579833984375,0.00243377685546875,2.375,566
calvin_d/task_D_D/routes-v1,primary_canonical,4,8,mixed,36210,0.0008446947048790908,0.04428968748246988,0.16207589837142494,0.9945459515276089,3.562038098208584e-05,0.13686826843413422,0.8631317315658658,0.8354322010494338,0.8631317315658658,0.0,0.006931786799226733,0.006931786799226733,0.8631317315658658,0.13686826843413422,0.0,0.0,0.12500172604252968,0.000244140625,0.0,0.0,0.0,0.000579833984375,0.0022399902809411287,2.375,565
calvin_d/task_D_D/routes-v1,primary_canonical,4,9,mixed,36210,0.000926207231902444,0.0457446334573387,0.16596367263688597,0.9935257108871267,3.508920993504686e-05,0.1287489643744822,0.8712510356255179,0.8448494890914112,0.8712510356255179,0.0,0.005633802816901409,0.005633802816901409,0.8712510356255179,0.1287489643744822,0.0,0.0,0.12539181165423915,0.000244140625,0.0,0.0,0.0,0.000640869140625,0.0027374266646802425,2.625,567
calvin_d/task_D_D/routes-v1,primary_canonical,4,10,mixed,36210,0.0011186129346930232,0.04872775073869227,0.17296574425875103,0.9916914223702827,3.457047010251614e-05,0.10756697045015189,0.8924330295498482,0.8643744821872411,0.8924330295498482,0.0,0.006710853355426678,0.006710853355426678,0.8924330295498482,0.10756697045015189,0.0,0.0,0.12529429025131178,0.000244140625,0.0,0.0,0.0,0.00079345703125,0.003448486328125,3.25,565
calvin_d/task_D_D/routes-v1,primary_canonical,5,0,state,36210,0.0043167666288016085,0.12431704171682978,0.29803751661315936,0.9438490464159942,3.8460386750843605e-05,0.040872687103010216,0.9591273128969898,0.9497376415354875,0.9591273128969898,0.0,0.0019331676332504833,0.0019331676332504833,0.9591273128969898,0.040872687103010216,0.0,0.0,0.12321354598177299,0.00024660158407553164,0.0,0.0,0.00018310546875,0.0028228759765625,0.013867187313735485,12.125,564
calvin_d/task_D_D/routes-v1,primary_canonical,5,1,mixed,36210,0.0013056416104624067,0.052290246895550695,0.17921011355067445,0.9907956100636113,3.439559030519668e-05,0.10566141949737641,0.8943385805026236,0.8926815796741232,0.8943385805026236,0.0,0.00019331676332504834,0.00019331676332504834,0.8943385805026236,0.10566141949737641,0.0,0.0,0.12462803783485225,0.000244140625,0.0,0.0,0.0,0.00091552734375,0.0035003661178052425,3.75,567
calvin_d/task_D_D/routes-v1,primary_canonical,5,2,mixed,36210,0.0009358428980361951,0.0453850165416904,0.16545795060362944,0.9939776912689604,3.5467519183344555e-05,0.13487986743993371,0.8651201325600663,0.8632421982877658,0.8651201325600663,0.0,0.00046948356807511736,0.00046948356807511736,0.8651201325600663,0.13487986743993371,0.0,0.0,0.12479287489643745,0.000244140625,0.0,0.0,0.0,0.0006103515625,0.0028320313431322575,2.5,565
calvin_d/task_D_D/routes-v1,primary_canonical,5,3,mixed,36210,0.0008413631393908796,0.043887222909492804,0.16178725989804482,0.9947376504832623,3.615587134942005e-05,0.1507870753935377,0.8492129246064622,0.8461198563932615,0.8492129246064622,0.0,0.0006351836509251588,0.0006351836509251588,0.8492129246064622,0.1507870753935377,0.0,0.0,0.12488435515051091,0.000244140625,0.0,0.0,0.0,0.0006103515625,0.00279998779296875,2.5,566
calvin_d/task_D_D/routes-v1,primary_canonical,5,4,mixed,36210,0.0008181171896575532,0.04338384468691746,0.16044510675707893,0.9949821850487094,3.655493440498999e-05,0.1532449599558133,0.8467550400441867,0.8430820215410108,0.8467550400441867,0.0,0.0008285004142502071,0.0008285004142502071,0.8467550400441867,0.1532449599558133,0.0,0.0,0.12512427506213752,0.000244140625,0.0,0.0,0.0,0.000579833984375,0.0024230957496911287,2.375,567
calvin_d/task_D_D/routes-v1,primary_canonical,5,5,mixed,36210,0.0008011787117465824,0.04310069617498188,0.15966384074398907,0.9951201774260182,3.648487713678671e-05,0.1555923777961889,0.844407622203811,0.8391880695940348,0.844407622203811,0.0,0.001187517260425297,0.001187517260425297,0.844407622203811,0.1555923777961889,0.0,0.0,0.1250880281690141,0.000244140625,0.0,0.0,0.0,0.000579833984375,0.0023147582542151213,2.375,564
calvin_d/task_D_D/routes-v1,primary_canonical,5,6,mixed,36210,0.0007887314841484569,0.04322740438398621,0.15979601194502338,0.994998234913712,3.633296348152487e-05,0.15744269538801436,0.8425573046119856,0.8348798674399337,0.8425573046119856,0.0,0.001712234189450428,0.001712234189450428,0.8425573046119856,0.15744269538801436,0.0,0.0,0.12510442557304613,0.000244140625,0.0,0.0,0.0,0.000579833984375,0.0020965575240552425,2.375,567
calvin_d/task_D_D/routes-v1,primary_canonical,5,7,mixed,36210,0.0008298084308547362,0.04379217342196562,0.16127153305479322,0.9946071161729333,3.630820640178387e-05,0.14940624136978736,0.8505937586302127,0.8413421706710853,0.8505937586302127,0.0,0.002043634355150511,0.002043634355150511,0.8505937586302127,0.14940624136978736,0.0,0.0,0.12536851008008837,0.000244140625,0.0,0.0,0.0,0.000579833984375,0.00212860107421875,2.375,566
calvin_d/task_D_D/routes-v1,primary_canonical,5,8,mixed,36210,0.0008898566750919118,0.04478217090437077,0.16380624673670086,0.9939515166044302,3.561564026468862e-05,0.13628831814415907,0.8637116818558409,0.8516431924882629,0.8637116818558409,0.0,0.0028445180889257113,0.0028445180889257113,0.8637116818558409,0.13628831814415907,0.0,0.0,0.12483688898094449,0.000244140625,0.0,0.0,0.0,0.0006103515625,0.0026794434525072575,2.5,565
calvin_d/task_D_D/routes-v1,primary_canonical,5,9,mixed,36210,0.0010046806430263568,0.04633786028440866,0.16797759175399363,0.9929517228805502,3.511828633508311e-05,0.12242474454570561,0.8775752554542944,0.8632698149682408,0.8775752554542944,0.0,0.002954984810825739,0.002954984810825739,0.8775752554542944,0.12242474454570561,0.0,0.0,0.1251510287213477,0.000244140625,0.0,0.0,0.0,0.00067138671875,0.0027679442428052425,2.75,567
calvin_d/task_D_D/routes-v1,primary_canonical,5,10,mixed,36210,0.0012187411000932063,0.04917428839177066,0.17516958536413024,0.9912938768809028,3.39375316553503e-05,0.10383871858602596,0.896161281413974,0.8772990886495443,0.896161281413974,0.0,0.00428058547362607,0.00428058547362607,0.896161281413974,0.10383871858602596,0.0,0.0,0.12461681855840928,0.000244140625,0.0,0.0,0.0,0.00091552734375,0.0033523559104651213,3.75,564
calvin_d/task_D_D/routes-v1,primary_canonical,12,0,state,36210,0.0027832182952956712,0.06895287910636305,0.22118575952883354,0.9784494527497037,3.2309569301146954e-05,0.05606186136426401,0.943938138635736,0.9309582988124827,0.943938138635736,0.0,0.0024855012427506215,0.0024855012427506215,0.943938138635736,0.05606186136426401,0.0,0.0,0.12425780171223419,0.00024441031914526374,0.0,0.0,0.0,0.001953125,0.008514404296875,8.0,565
calvin_d/task_D_D/routes-v1,primary_canonical,12,1,mixed,36210,0.0005272377264891432,0.03890066497136927,0.14831251699073114,0.9978208748140707,4.3550126297768225e-05,0.35984534658934,0.64015465341066,0.6384424192212096,0.64015465341066,0.0,0.00011046672190002761,0.00011046672190002761,0.64015465341066,0.35984534658934,0.0,0.0,0.12528134493233914,0.000244140625,0.0,0.0,0.0,0.00054931640625,0.001678466796875,2.25,567
calvin_d/task_D_D/routes-v1,primary_canonical,12,2,mixed,36210,0.000522597301602199,0.03859144714911713,0.14723236244115273,0.9980783825798345,4.2669617053192316e-05,0.3531621099143883,0.6468378900856117,0.6429163214581607,0.6468378900856117,0.0,0.00022093344380005522,0.00022093344380005522,0.6468378900856117,0.3531621099143883,0.0,0.0,0.12474713476940072,0.000244140625,0.0,0.0,0.0,0.00054931640625,0.0015747069846838713,2.25,565
calvin_d/task_D_D/routes-v1,primary_canonical,12,3,mixed,36210,0.0005664950805090962,0.03901856513814813,0.14815757349030612,0.9980528984633443,4.154554028367509e-05,0.3151891742612538,0.6848108257387462,0.6776581054957194,0.6848108257387462,0.0,0.0003590168461750898,0.0003590168461750898,0.6848108257387462,0.3151891742612538,0.0,0.0,0.12485673847003591,0.000244140625,0.0,0.0,0.0,0.00054931640625,0.001708984375,2.25,566
calvin_d/task_D_D/routes-v1,primary_canonical,12,4,mixed,36210,0.0005882197867042944,0.03937660602863505,0.149084385848447,0.9979699476026627,4.016356848774941e-05,0.28892571112952226,0.7110742888704777,0.7035073184203259,0.7110742888704777,0.0,0.00027616680475006904,0.00027616680475006904,0.7110742888704777,0.28892571112952226,0.0,0.0,0.1252770298260149,0.000244140625,0.0,0.0,0.0,0.00054931640625,0.001739501953125,2.25,567
calvin_d/task_D_D/routes-v1,primary_canonical,12,5,mixed,36210,0.0006263326261952845,0.03981110858048105,0.15033233566726648,0.9978092938785031,3.894594156159383e-05,0.26050814692074015,0.7394918530792599,0.7321458160729081,0.7394918530792599,0.0,0.0005523336095001381,0.0005523336095001381,0.7394918530792599,0.26050814692074015,0.0,0.0,0.1243069939243303,0.000244140625,0.0,0.0,0.0,0.00054931640625,0.00177001953125,2.25,564
calvin_d/task_D_D/routes-v1,primary_canonical,12,6,mixed,36210,0.0006622120610458092,0.040297092373481086,0.1517822240341174,0.997572195615534,3.848472243348264e-05,0.23490748412040874,0.7650925158795913,0.7582711958022645,0.7650925158795913,0.0,0.00027616680475006904,0.00027616680475006904,0.7650925158795913,0.23490748412040874,0.0,0.0,0.12484034106600386,0.000244140625,0.0,0.0,0.0,0.00054931640625,0.0017303467029705644,2.25,567
calvin_d/task_D_D/routes-v1,primary_canonical,12,7,mixed,36210,0.0007321176262923743,0.041111395076571564,0.1541625774291891,0.9971624444627986,3.7285004884160974e-05,0.20742888704777684,0.7925711129522232,0.7883457608395471,0.7925711129522232,0.0,0.00013808340237503452,0.00013808340237503452,0.7925711129522232,0.20742888704777684,0.0,0.0,0.12530464650648993,0.000244140625,0.0,0.0,0.0,0.00054931640625,0.001983642578125,2.25,564
calvin_d/task_D_D/routes-v1,primary_canonical,12,8,mixed,36210,0.0007882300215971071,0.04204936181600171,0.15681959824876804,0.9966422289733365,3.6840641640128765e-05,0.18464512565589616,0.8153548743441038,0.8127036730185032,0.8153548743441038,0.0,0.00016570008285004143,0.00016570008285004143,0.8153548743441038,0.18464512565589616,0.0,0.0,0.12532622203811103,0.000244140625,0.0,0.0,0.0,0.000579833984375,0.0021911622025072575,2.375,567
calvin_d/task_D_D/routes-v1,primary_canonical,12,9,mixed,36210,0.0008852836737412835,0.04342258372250198,0.160493650017638,0.9958997402507869,3.6147232708829574e-05,0.1624413145539906,0.8375586854460094,0.8355426677713339,0.8375586854460094,0.0,0.00027616680475006904,0.00027616680475006904,0.8375586854460094,0.1624413145539906,0.0,0.0,0.12460042115437725,0.000244140625,0.0,0.0,0.0,0.000579833984375,0.002532958984375,2.375,567
calvin_d/task_D_D/routes-v1,primary_canonical,12,10,mixed,36210,0.0010345003875504868,0.04564168024576688,0.1657860588151689,0.9947885512564927,3.5190450588796255e-05,0.1383595691797846,0.8616404308202155,0.8575255454294394,0.8616404308202155,0.0,0.0007732670533001934,0.0007732670533001934,0.8616404308202155,0.1383595691797846,0.0,0.0,0.1251743302954985,0.000244140625,0.0,0.0,0.0,0.0008544921875,0.0034042359329760075,3.5,564
calvin_d/task_D_D/routes-v1,primary_canonical,13,0,state,36210,0.0024318784615243545,0.06550178854414786,0.21336825333126208,0.9810354380079541,3.3639077157876796e-05,0.061309030654515324,0.9386909693454847,0.932339132836233,0.9386909693454847,0.0,0.0011046672190002762,0.0011046672190002762,0.9386909693454847,0.061309030654515324,0.0,0.0,0.12529342723004694,0.00024410691323184202,0.0,0.0,0.0,0.00152587890625,0.00628662109375,6.25,565
calvin_d/task_D_D/routes-v1,primary_canonical,13,1,mixed,36210,0.0005299843927998136,0.038804378261950684,0.14754641874492974,0.9980489523576722,4.4515757756943005e-05,0.3731013532173433,0.6268986467826567,0.6264291632145816,0.6268986467826567,0.0,2.7616680475006903e-05,2.7616680475006903e-05,0.6268986467826567,0.3731013532173433,0.0,0.0,0.12522611157138913,0.000244140625,0.0,0.0,0.0,0.00054931640625,0.00164794921875,2.25,567
calvin_d/task_D_D/routes-v1,primary_canonical,13,2,mixed,36210,0.0005251636099532243,0.038618794135446874,0.1471026850681679,0.9981947752544479,4.4241849640659524e-05,0.3731289698978183,0.6268710301021817,0.6257939795636565,0.6268710301021817,0.0,5.5233360950013806e-05,5.5233360950013806e-05,0.6268710301021817,0.3731289698978183,0.0,0.0,0.12539181165423915,0.000244140625,0.0,0.0,0.0,0.00054931640625,0.0016723632579669356,2.25,565
calvin_d/task_D_D/routes-v1,primary_canonical,13,3,mixed,36210,0.0005657062251341998,0.039026758783398924,0.1481589801138325,0.998107047510292,4.2833119128758454e-05,0.33987848660590997,0.66012151339409,0.6579950289975145,0.66012151339409,0.0,5.5233360950013806e-05,5.5233360950013806e-05,0.66012151339409,0.33987848660590997,0.0,0.0,0.12562914250207124,0.000244140625,0.0,0.0,0.0,0.00054931640625,0.001708984375,2.25,566
calvin_d/task_D_D/routes-v1,primary_canonical,13,4,mixed,36210,0.0005985162034939416,0.039495868150847484,0.14940966985660903,0.9979642216950548,4.165531422873947e-05,0.315962441314554,0.684037558685446,0.6807511737089202,0.684037558685446,0.0,0.00013808340237503452,0.00013808340237503452,0.684037558685446,0.315962441314554,0.0,0.0,0.12484551919359294,0.000244140625,0.0,0.0,0.0,0.00054931640625,0.001739501953125,2.25,566
calvin_d/task_D_D/routes-v1,primary_canonical,13,5,mixed,36210,0.0006307067281137807,0.03993747630062699,0.150625889316444,0.9977841457669427,4.037658472279757e-05,0.28345760839547085,0.7165423916045291,0.7124275062137531,0.7165423916045291,0.0,0.00013808340237503452,0.00013808340237503452,0.7165423916045291,0.28345760839547085,0.0,0.0,0.12517346727423365,0.000244140625,0.0,0.0,0.0,0.00054931640625,0.001708984375,2.25,565
calvin_d/task_D_D/routes-v1,primary_canonical,13,6,mixed,36210,0.0006813788868320215,0.040521945653123705,0.15228783987530423,0.9975161200184021,3.9274841999685e-05,0.2583264291632146,0.7416735708367854,0.7378072355702845,0.7416735708367854,0.0,0.00022093344380005522,0.00022093344380005522,0.7416735708367854,0.2583264291632146,0.0,0.0,0.125188138635736,0.000244140625,0.0,0.0,0.0,0.00054931640625,0.002288818359375,2.25,567
calvin_d/task_D_D/routes-v1,primary_canonical,13,7,mixed,36210,0.0007281817773599317,0.04126756821374016,0.15431526729791278,0.9971506773273249,3.8361042384053096e-05,0.22786523059928196,0.772134769400718,0.7689588511460922,0.772134769400718,0.0,0.00022093344380005522,0.00022093344380005522,0.772134769400718,0.22786523059928196,0.0,0.0,0.12552471692902514,0.000244140625,0.0,0.0,0.0,0.000579833984375,0.0021575926803052425,2.375,564
calvin_d/task_D_D/routes-v1,primary_canonical,13,8,mixed,36210,0.0007893197545028134,0.04213187221136254,0.15681748536369874,0.9966613580709135,3.74187984640379e-05,0.20287213476940072,0.7971278652305993,0.7943938138635736,0.7971278652305993,0.0,0.00022093344380005522,0.00022093344380005522,0.7971278652305993,0.20287213476940072,0.0,0.0,0.12521661833747583,0.000244140625,0.0,0.0,0.0,0.00054931640625,0.0023193359375,2.25,567
calvin_d/task_D_D/routes-v1,primary_canonical,13,9,mixed,36210,0.0008865950615226285,0.043213044856339325,0.16002304721886004,0.995998764977999,3.629998915829536e-05,0.17028445180889257,0.8297155481911074,0.8274233637116819,0.8297155481911074,0.0,0.0003866335266500967,0.0003866335266500967,0.8297155481911074,0.17028445180889257,0.0,0.0,0.12395660729080364,0.000244140625,0.0,0.0,0.0,0.000579833984375,0.0028076171875,2.375,567
calvin_d/task_D_D/routes-v1,primary_canonical,13,10,mixed,36210,0.000996995202680544,0.044792956984592916,0.1645199670083152,0.99502124248108,3.550765725730763e-05,0.14183927091963547,0.8581607290803646,0.8535763601215134,0.8581607290803646,0.0,0.000856117094725214,0.000856117094725214,0.8581607290803646,0.14183927091963547,0.0,0.0,0.1257396092239713,0.000244140625,0.0,0.0,0.0,0.000640869140625,0.0029861449729651213,2.625,564
calvin_d/task_D_D/routes-v1,primary_canonical,14,0,state,36210,0.0023502243450747376,0.06504601386659417,0.21155407981166718,0.9820487170679008,3.29606278236977e-05,0.07180336923501796,0.928196630764982,0.9262634631317316,0.928196630764982,0.0,0.0011046672190002762,0.0011046672190002762,0.928196630764982,0.07180336923501796,0.0,0.0,0.12509493233913282,0.000244140625,0.0,0.0,0.0,0.00164794921875,0.0077148438431322575,6.75,565
calvin_d/task_D_D/routes-v1,primary_canonical,14,1,mixed,36210,0.0005202349494485294,0.03877750829714038,0.1476734724995577,0.9976631062592436,4.6261605950423745e-05,0.3828224247445457,0.6171775752554542,0.616183374758354,0.6171775752554542,0.0,5.5233360950013806e-05,5.5233360950013806e-05,0.6171775752554542,0.3828224247445457,0.0,0.0,0.125812966031483,0.000244140625,0.0,0.0,0.0,0.00054931640625,0.00173187255859375,2.25,566
calvin_d/task_D_D/routes-v1,primary_canonical,14,2,mixed,36210,0.0005248104791817696,0.03896524323445267,0.14786323267134208,0.99772721921433,4.570536177581728e-05,0.37503452085059374,0.6249654791494063,0.6245788456227561,0.6249654791494063,0.0,0.0,0.0,0.6249654791494063,0.37503452085059374,0.0,0.0,0.12488176608671638,0.000244140625,0.0,0.0,0.0,0.00054931640625,0.001617431640625,2.25,566
calvin_d/task_D_D/routes-v1,primary_canonical,14,3,mixed,36210,0.0005560612882642053,0.03935972654631835,0.1488758633920943,0.9976563867746352,4.486067128490921e-05,0.3603424468378901,0.6396575531621099,0.6388842861088098,0.6396575531621099,0.0,5.5233360950013806e-05,5.5233360950013806e-05,0.6396575531621099,0.3603424468378901,0.0,0.0,0.12482653272576637,0.0002441389394115921,0.0,0.0,0.0,0.00054931640625,0.001678466796875,2.25,566
calvin_d/task_D_D/routes-v1,primary_canonical,14,4,mixed,36210,0.0005833130388489022,0.03978430603920705,0.15001475395533434,0.99755160780086,4.3538537877463925e-05,0.343882905274786,0.6561170947252141,0.6553162109914388,0.6561170947252141,0.0,5.5233360950013806e-05,5.5233360950013806e-05,0.6561170947252141,0.343882905274786,0.0,0.0,0.12541252416459542,0.000244140625,0.0,0.0,0.0,0.00054931640625,0.00164794921875,2.25,566
calvin_d/task_D_D/routes-v1,primary_canonical,14,5,mixed,36210,0.0006238809378559963,0.04022560656910211,0.15121737661627702,0.9973978474221813,4.228972756576222e-05,0.3216514774924054,0.6783485225075946,0.6774924054128694,0.6783485225075946,0.0,2.7616680475006903e-05,2.7616680475006903e-05,0.6783485225075946,0.3216514774924054,0.0,0.0,0.12552126484396575,0.000244140625,0.0,0.0,0.0,0.00054931640625,0.0017333984142169356,2.25,565
calvin_d/task_D_D/routes-v1,primary_canonical,14,6,mixed,36210,0.000661965543741154,0.04097731578945949,0.15286459850362902,0.9971194331140948,4.140837552698236e-05,0.29743164871582434,0.7025683512841756,0.7012427506213753,0.7025683512841756,0.0,0.00011046672190002761,0.00011046672190002761,0.7025683512841756,0.29743164871582434,0.0,0.0,0.12445888566694284,0.0002441389394115921,0.0,0.0,0.0,0.00054931640625,0.0021301270462572575,2.25,567
calvin_d/task_D_D/routes-v1,primary_canonical,14,7,mixed,36210,0.0007323519230810722,0.0421181211811309,0.15543741575429137,0.9966733271016893,3.9929482397602526e-05,0.26216514774924055,0.7378348522507595,0.7365921016293842,0.7378348522507595,0.0,0.0,0.0,0.7378348522507595,0.26216514774924055,0.0,0.0,0.12493441038387186,0.000244140625,0.0,0.0,0.0,0.00054931640625,0.00225830078125,2.25,564
calvin_d/task_D_D/routes-v1,primary_canonical,14,8,mixed,36210,0.0008199161338858827,0.043731264684846206,0.15902214229386738,0.9960121485976942,3.839159367394625e-05,0.22513117923225628,0.7748688207677438,0.7735156034244683,0.7748688207677438,0.0,0.00013808340237503452,0.00013808340237503452,0.7748688207677438,0.22513117923225628,0.0,0.0,0.12534434548467274,0.0002441389394115921,0.0,0.0,0.0,0.000579833984375,0.002410888671875,2.375,567
calvin_d/task_D_D/routes-v1,primary_canonical,14,9,mixed,36210,0.0009601659387621686,0.04607912920614989,0.16400157482839361,0.9950114463038024,3.70838931172436e-05,0.1864125932062966,0.8135874067937034,0.8121237227285281,0.8135874067937034,0.0,0.00019331676332504834,0.00019331676332504834,0.8135874067937034,0.1864125932062966,0.0,0.0,0.12489212234189451,0.0002441288258811447,0.0,0.0,0.0,0.000579833984375,0.0029235840775072575,2.375,565
calvin_d/task_D_D/routes-v1,primary_canonical,14,10,mixed,36210,0.0011308528349169773,0.049565245452687014,0.17087716242451262,0.9934466847659672,3.6037880160867164e-05,0.14824634078983706,0.8517536592101629,0.8499861916597625,0.8517536592101629,0.0,0.00019331676332504834,0.00019331676332504834,0.8517536592101629,0.14824634078983706,0.0,0.0,0.1248213545981773,0.00024410522764343413,0.0,0.0,0.0,0.0008544921875,0.003387451171875,3.5,566
calvin_d/task_D_D/routes-v1,primary_canonical,15,0,state,36210,0.002283028363193869,0.06067417906450653,0.20544335829622343,0.9835913508052294,3.483584492748464e-05,0.10135321734327533,0.8986467826567247,0.8986467826567247,0.8986467826567247,0.0,0.0,0.0,0.8986467826567247,0.10135321734327533,0.0,0.0,0.12562137531068765,0.00024417433676815795,0.0,0.0,0.0,0.001495361328125,0.006945800967514515,6.125,565
calvin_d/task_D_D/routes-v1,primary_canonical,15,1,mixed,36210,0.00050977587337752,0.03899277732109569,0.14808288675354053,0.9972879520538465,4.577873754619861e-05,0.3851422259044463,0.6148577740955538,0.6148577740955538,0.6148577740955538,0.0,0.0,0.0,0.6148577740955538,0.3851422259044463,0.0,0.0,0.12467377796188898,0.000244140625,0.0,0.0,0.0,0.00054931640625,0.00170135498046875,2.25,566
calvin_d/task_D_D/routes-v1,primary_canonical,15,2,mixed,36210,0.0005057077057550574,0.03870309294010848,0.1474254065605528,0.9972613159693661,4.633354633692647e-05,0.3847279756973212,0.6152720243026788,0.6152720243026788,0.6152720243026788,0.0,0.0,0.0,0.6152720243026788,0.3847279756973212,0.0,0.0,0.12442436481634908,0.00024412208352751313,0.0,0.0,0.0,0.00054931640625,0.00164794921875,2.25,566
calvin_d/task_D_D/routes-v1,primary_canonical,15,3,mixed,36210,0.0005551156731673744,0.039435229107873344,0.14887626582632668,0.9971269529453795,4.580507486507202e-05,0.3635459817729909,0.6364540182270091,0.6364540182270091,0.6364540182270091,0.0,0.0,0.0,0.6364540182270091,0.3635459817729909,0.0,0.0,0.12497324634078984,0.00024405971675642087,0.0,0.0,0.0,0.00054931640625,0.001678466796875,2.25,566
calvin_d/task_D_D/routes-v1,primary_canonical,15,4,mixed,36210,0.0005898666065788111,0.040279986179523525,0.15045103353875935,0.9970013629514451,4.504613868441578e-05,0.34893675780171224,0.6510632421982878,0.6510632421982878,0.6510632421982878,0.0,0.0,0.0,0.6510632421982878,0.34893675780171224,0.0,0.0,0.1245486398784866,0.00024399229322010494,0.0,0.0,0.0,0.00054931640625,0.001739501953125,2.25,566
calvin_d/task_D_D/routes-v1,primary_canonical,15,5,mixed,36210,0.000624963085613867,0.04120884821316841,0.15218884442531413,0.9968080586423798,4.380372834120031e-05,0.33142778238055787,0.6685722176194422,0.6685169842584922,0.6685722176194422,0.0,0.0,0.0,0.6685722176194422,0.33142778238055787,0.0,0.0,0.1249430405965203,0.000243924869683789,0.0,0.0,0.0,0.00054931640625,0.001739501953125,2.25,565
calvin_d/task_D_D/routes-v1,primary_canonical,15,6,mixed,36210,0.0006638765795986088,0.04251503174030396,0.1544668792328496,0.9965187979827629,4.277085770694171e-05,0.3165423916045291,0.6834576083954709,0.6832642916321459,0.6834576083954709,0.0,2.7616680475006903e-05,2.7616680475006903e-05,0.6834576083954709,0.3165423916045291,0.0,0.0,0.1250957953603977,0.00024395689586353907,0.0,0.0,0.0,0.00054931640625,0.001739501953125,2.25,566
calvin_d/task_D_D/routes-v1,primary_canonical,15,7,mixed,36210,0.0007402813523489281,0.044389075674559,0.1577128336858236,0.9959987130523288,4.1676963504853415e-05,0.28541839270919633,0.7145816072908037,0.7142778238055786,0.7145816072908037,0.0,0.0,0.0,0.7145816072908037,0.28541839270919633,0.0,0.0,0.12450031068765534,0.00024395858145194699,0.0,0.0,0.0,0.000579833984375,0.002288818359375,2.375,565
calvin_d/task_D_D/routes-v1,primary_canonical,15,8,mixed,36210,0.00082390845002999,0.04674283385573089,0.16183204050388036,0.9952684477247346,4.014407887178309e-05,0.25133940900303786,0.7486605909969621,0.748108257387462,0.7486605909969621,0.0,5.5233360950013806e-05,5.5233360950013806e-05,0.7486605909969621,0.25133940900303786,0.0,0.0,0.12572752692626346,0.00024398386527806545,0.0,0.0,0.0,0.000579833984375,0.002288818359375,2.375,567
calvin_d/task_D_D/routes-v1,primary_canonical,15,9,mixed,36210,0.0009472324189083644,0.050089430578569454,0.16750027778496962,0.99408577833015,3.848251009869727e-05,0.21585197459265396,0.7841480254073461,0.7830433581883458,0.7841480254073461,0.0,0.00013808340237503452,0.00013808340237503452,0.7841480254073461,0.21585197459265396,0.0,0.0,0.12425780171223419,0.0002439265552721969,0.0,0.0,0.0,0.000579833984375,0.0029296875,2.375,565
calvin_d/task_D_D/routes-v1,primary_canonical,15,10,mixed,36210,0.0011293733096919445,0.05438039506281716,0.17517718526086437,0.9923326470844656,3.68855731061268e-05,0.1724661695664181,0.8275338304335819,0.8251587959127313,0.8275338304335819,0.0,0.00044186688760011045,0.00044186688760011045,0.8275338304335819,0.1724661695664181,0.0,0.0,0.1253253590168462,0.00024396700939398647,0.0,0.0,0.0,0.0006103515625,0.0033721923828125,2.5,566
libero_goal/open_the_middle_drawer_of_the_cabinet/right-16x32,primary_canonical,2,0,state,64520,0.004751107298064069,0.17133982138683984,0.3485200057765821,0.9132824728227297,4.3096560095676485e-05,0.03781773093614383,0.9621822690638562,0.9463732176069436,0.9621822690638562,0.0,0.0007749535027898327,0.0007749535027898327,0.9621822690638562,0.03781773093614383,0.0,0.0,0.1255860585864848,0.00024538932937461254,0.0,0.0,0.00030517578125,0.0029144287109375,0.01876220665872097,12.875,1008
libero_goal/open_the_middle_drawer_of_the_cabinet/right-16x32,primary_canonical,2,1,mixed,64520,0.00035933454954616785,0.03678274988315154,0.1424041440600722,0.99850236335879,3.8553865814681975e-05,0.24703967761934284,0.7529603223806571,0.6082455052696838,0.7529603223806571,0.0,0.033911965282083074,0.033911965282083074,0.7529603223806571,0.24703967761934284,0.0,0.0,0.12545237910725357,0.000244140625,0.0,0.0,0.0,0.000274658203125,0.0010986328125,1.125,1008
libero_goal/open_the_middle_drawer_of_the_cabinet/right-16x32,primary_canonical,2,2,mixed,64520,0.0002907698005160706,0.03587671789558349,0.13954782219902742,0.9988870522701363,3.959811849765577e-05,0.28327650340979543,0.7167234965902046,0.515778053316801,0.7167234965902046,0.0,0.04238995660260384,0.04238995660260384,0.7167234965902046,0.28327650340979543,0.0,0.0,0.1250610275883447,0.000244140625,0.0,0.0,0.0,0.000274658203125,0.000823974609375,1.125,1009
libero_goal/open_the_middle_drawer_of_the_cabinet/right-16x32,primary_canonical,2,3,mixed,64520,0.00026183486058707574,0.03551814344752596,0.13818297412775352,0.9990587717302084,4.040102595064999e-05,0.29972101673899565,0.7002789832610044,0.4570675759454433,0.7002789832610044,0.0,0.0541847489150651,0.0541847489150651,0.7002789832610044,0.29972101673899565,0.0,0.0,0.12553568660880346,0.000244140625,0.0,0.0,0.0,0.000244140625,0.00079345703125,1.0,1008
libero_goal/open_the_middle_drawer_of_the_cabinet/right-16x32,primary_canonical,2,4,mixed,64520,0.0002501835973825945,0.03534599725163951,0.13739060782085497,0.9991742969298318,4.100385690725744e-05,0.30351828890266586,0.6964817110973341,0.42376007439553626,0.6964817110973341,0.0,0.06129882207067576,0.06129882207067576,0.6964817110973341,0.30351828890266586,0.0,0.0,0.12502227991320522,0.000244140625,0.0,0.0,0.0,0.000244140625,0.00079345703125,1.0,1008
libero_goal/open_the_middle_drawer_of_the_cabinet/right-16x32,primary_canonical,2,5,mixed,64520,0.0002476133475448504,0.03517843720636527,0.13698351884287333,0.999203514430143,4.1504994136386975e-05,0.30437073775573464,0.6956292622442654,0.41701797892126474,0.6956292622442654,0.0,0.06137631742095474,0.06137631742095474,0.6956292622442654,0.30437073775573464,0.0,0.0,0.12511575867947924,0.000244140625,0.0,0.0,0.0,0.000244140625,0.000762939453125,1.0,1008
libero_goal/open_the_middle_drawer_of_the_cabinet/right-16x32,primary_canonical,2,6,mixed,64520,0.0002463774140104328,0.03517444182536059,0.1369422666640734,0.9992231042375493,4.1472830538859074e-05,0.3051456912585245,0.6948543087414755,0.4087724736515809,0.6948543087414755,0.0,0.06856788592684439,0.06856788592684439,0.6948543087414755,0.3051456912585245,0.0,0.0,0.12503777898326102,0.000244140625,0.0,0.0,0.0,0.000244140625,0.000762939453125,1.0,1008
libero_goal/open_the_middle_drawer_of_the_cabinet/right-16x32,primary_canonical,2,7,mixed,64520,0.00026198669168717067,0.03539243533754674,0.13743684204631315,0.9991799598496225,4.125312478809865e-05,0.28998760074395535,0.7100123992560446,0.4345784252944823,0.7100123992560446,0.0,0.058865468071915686,0.058865468071915686,0.7100123992560446,0.28998760074395535,0.0,0.0,0.12466434826410415,0.000244140625,0.0,0.0,0.0,0.000244140625,0.0007827758672647178,1.0,1008
libero_goal/open_the_middle_drawer_of_the_cabinet/right-16x32,primary_canonical,2,8,mixed,64520,0.0002734979486435892,0.03543924519680186,0.13758227732044084,0.9991619399964108,4.078095844644829e-05,0.2848109113453193,0.7151890886546807,0.4486515809051457,0.7151890886546807,0.0,0.05922194668319901,0.05922194668319901,0.7151890886546807,0.2848109113453193,0.0,0.0,0.12487503874767514,0.000244140625,0.0,0.0,0.0,0.000244140625,0.00079345703125,1.0,1009
libero_goal/open_the_middle_drawer_of_the_cabinet/right-16x32,primary_canonical,2,9,mixed,64520,0.0002806037387268483,0.03560666901978069,0.13805341915691113,0.9990987525581944,4.062924559487368e-05,0.2783013019218847,0.7216986980781153,0.4633137011779293,0.7216986980781153,0.0,0.05542467451952883,0.05542467451952883,0.7216986980781153,0.2783013019218847,0.0,0.0,0.12572603456292622,0.000244140625,0.0,0.0,0.0,0.000244140625,0.00079345703125,1.0,1008
libero_goal/open_the_middle_drawer_of_the_cabinet/right-16x32,primary_canonical,2,10,mixed,64520,0.0003627803114283846,0.036771419309934175,0.14103888164598308,0.9988738094714585,3.876009123412556e-05,0.23137011779293243,0.7686298822070676,0.5707067575945444,0.7686298822070676,0.0,0.04369187848729076,0.04369187848729076,0.7686298822070676,0.23137011779293243,0.0,0.0,0.12520487833230007,0.000244140625,0.0,0.0,0.0,0.000274658203125,0.001068115234375,1.125,1009
libero_goal/open_the_middle_drawer_of_the_cabinet/right-16x32,primary_canonical,3,0,state,64520,0.004618326034593198,0.17082458420414698,0.3438012772883529,0.9207579144042838,4.217747347146476e-05,0.023558586484810913,0.9764414135151891,0.9643521388716677,0.9764414135151891,0.0,0.0024798512089274642,0.0024798512089274642,0.9764414135151891,0.023558586484810913,0.0,0.0,0.1251453037817731,0.0002457488048763949,0.0,0.0,0.000274658203125,0.0030975341796875,0.013824462890625,12.6875,1006
libero_goal/open_the_middle_drawer_of_the_cabinet/right-16x32,primary_canonical,3,1,mixed,64520,0.0003823338867490216,0.0370034635842992,0.1428757886892509,0.998692214278353,3.733105786602023e-05,0.21429014259144452,0.7857098574085555,0.6127712337259764,0.7857098574085555,0.0,0.042746435213887164,0.042746435213887164,0.7857098574085555,0.21429014259144452,0.0,0.0,0.12513513251704897,0.000244140625,0.0,0.0,0.0,0.000274658203125,0.0010986328125,1.125,1008
libero_goal/open_the_middle_drawer_of_the_cabinet/right-16x32,primary_canonical,3,2,mixed,64520,0.0002901099737726674,0.03557000109961664,0.13855189910529198,0.9992251646847586,3.837330032414852e-05,0.25919094854308744,0.7408090514569126,0.4882052076875387,0.7408090514569126,0.0,0.06010539367637942,0.06010539367637942,0.7408090514569126,0.25919094854308744,0.0,0.0,0.12522570520768753,0.000244140625,0.0,0.0,0.0,0.000274658203125,0.00079345703125,1.125,1009
libero_goal/open_the_middle_drawer_of_the_cabinet/right-16x32,primary_canonical,3,3,mixed,64520,0.0002593752913643541,0.03511363370626962,0.1368679044265889,0.9993978965581757,3.975728100601073e-05,0.2763174209547427,0.7236825790452572,0.4241785492870428,0.7236825790452572,0.0,0.07233415995040297,0.07233415995040297,0.7236825790452572,0.2763174209547427,0.0,0.0,0.12619536577805332,0.000244140625,0.0,0.0,0.0,0.000244140625,0.00079345703125,1.0,1008
libero_goal/open_the_middle_drawer_of_the_cabinet/right-16x32,primary_canonical,3,4,mixed,64520,0.0002474927340541208,0.034935442646024245,0.13617874732020474,0.9994762518735901,4.094875309678685e-05,0.2832610043397396,0.7167389956602603,0.40113143211407315,0.7167389956602603,0.0,0.07597644141351519,0.07597644141351519,0.7167389956602603,0.2832610043397396,0.0,0.0,0.12531046574705518,0.000244140625,0.0,0.0,0.0,0.000244140625,0.00079345703125,1.0,1009
libero_goal/open_the_middle_drawer_of_the_cabinet/right-16x32,primary_canonical,3,5,mixed,64520,0.00024578664440289835,0.03488751179079646,0.13591966765014118,0.9995105498171858,4.1386982113104465e-05,0.28178859268443895,0.7182114073155611,0.3917389956602604,0.7182114073155611,0.0,0.07882827030378177,0.07882827030378177,0.7182114073155611,0.28178859268443895,0.0,0.0,0.12535260384376937,0.000244140625,0.0,0.0,0.0,0.000244140625,0.00079345703125,1.0,1008
libero_goal/open_the_middle_drawer_of_the_cabinet/right-16x32,primary_canonical,3,6,mixed,64520,0.0002494268068525263,0.0349612813666971,0.1361081430206961,0.9994914827772496,4.1166330374181454e-05,0.2778053316800992,0.7221946683199008,0.39421884686918784,0.7221946683199008,0.0,0.07920024798512089,0.07920024798512089,0.7221946683199008,0.2778053316800992,0.0,0.0,0.1254761120582765,0.000244140625,0.0,0.0,0.0,0.000244140625,0.00079345703125,1.0,1008
libero_goal/open_the_middle_drawer_of_the_cabinet/right-16x32,primary_canonical,3,7,mixed,64520,0.00025871026168605666,0.03510722747443259,0.13664392139035134,0.9994381196090174,4.07437101625465e-05,0.2718226906385617,0.7281773093614383,0.4160725356478611,0.7281773093614383,0.0,0.07489150650960942,0.07489150650960942,0.7281773093614383,0.2718226906385617,0.0,0.0,0.12437325635461872,0.000244140625,0.0,0.0,0.0,0.000244140625,0.00079345703125,1.0,1008
libero_goal/open_the_middle_drawer_of_the_cabinet/right-16x32,primary_canonical,3,8,mixed,64520,0.00027806990943336367,0.035297986933406064,0.13728907869531734,0.9993774826768312,3.98459673962531e-05,0.25826100433973964,0.7417389956602604,0.4464662120272784,0.7417389956602604,0.0,0.07202417854928704,0.07202417854928704,0.7417389956602604,0.25826100433973964,0.0,0.0,0.12479173124612523,0.000244140625,0.0,0.0,0.0,0.000244140625,0.00079345703125,1.0,1008
libero_goal/open_the_middle_drawer_of_the_cabinet/right-16x32,primary_canonical,3,9,mixed,64520,0.0002708562766995699,0.035311129546948865,0.13743123233650903,0.9993385697142796,3.9403954427285145e-05,0.26419714817110973,0.7358028518288903,0.4477681339119653,0.7358028518288903,0.0,0.06880037197768134,0.06880037197768134,0.7358028518288903,0.26419714817110973,0.0,0.0,0.12499515654060757,0.000244140625,0.0,0.0,0.0,0.000244140625,0.00079345703125,1.0,1008
libero_goal/open_the_middle_drawer_of_the_cabinet/right-16x32,primary_canonical,3,10,mixed,64520,0.00031009066274871166,0.03593707950826173,0.13960736174799238,0.9990817291963492,3.8058049768966984e-05,0.24184748915065096,0.7581525108493491,0.515096094234346,0.7581525108493491,0.0,0.06108183508989461,0.06108183508989461,0.7581525108493491,0.24184748915065096,0.0,0.0,0.1252329703967762,0.000244140625,0.0,0.0,0.0,0.000274658203125,0.000946044921875,1.125,1009
libero_goal/open_the_middle_drawer_of_the_cabinet/right-16x32,primary_canonical,4,0,state,64520,0.0025528531154341678,0.3042891633044986,0.4305860894256989,0.83635818028923,5.799912549070298e-05,0.023558586484810913,0.9764414135151891,0.9335089894606323,0.9764414135151891,0.0,0.007904525728456293,0.007904525728456293,0.9764414135151891,0.023558586484810913,0.0,0.0,0.12254436608803472,0.00021270543835729232,0.0,0.0,0.00012969970703125,0.00189208984375,0.007152557373046875,9.0,1006
libero_goal/open_the_middle_drawer_of_the_cabinet/right-16x32,primary_canonical,4,1,mixed,64520,0.00042828904569925026,0.03720242759860678,0.1433674125884234,0.9986832076202101,3.6488655407238064e-05,0.18057966522008678,0.8194203347799132,0.6327185368877868,0.8194203347799132,0.0,0.044683818970861745,0.044683818970861745,0.8194203347799132,0.18057966522008678,0.0,0.0,0.12524168862368257,0.000244140625,0.0,0.0,0.0,0.000274658203125,0.0013427734375,1.125,1009
libero_goal/open_the_middle_drawer_of_the_cabinet/right-16x32,primary_canonical,4,2,mixed,64520,0.00030265850674936066,0.03565791698250058,0.1387197069994648,0.999192179645246,3.8722369956142475e-05,0.23118412895226287,0.7688158710477372,0.489708617482951,0.7688158710477372,0.0,0.07231866088034718,0.07231866088034718,0.7688158710477372,0.23118412895226287,0.0,0.0,0.1252596094234346,0.000244140625,0.0,0.0,0.0,0.000274658203125,0.00091552734375,1.125,1009
libero_goal/open_the_middle_drawer_of_the_cabinet/right-16x32,primary_canonical,4,3,mixed,64520,0.0002666452103938217,0.03513020079696097,0.1369589335565159,0.9993829235360627,3.998550065023442e-05,0.2495040297582145,0.7504959702417855,0.42622442653440795,0.7504959702417855,0.0,0.08732176069435833,0.08732176069435833,0.7504959702417855,0.2495040297582145,0.0,0.0,0.12523248605083695,0.000244140625,0.0,0.0,0.0,0.000244140625,0.00079345703125,1.0,1008
libero_goal/open_the_middle_drawer_of_the_cabinet/right-16x32,primary_canonical,4,4,mixed,64520,0.00024936910157460863,0.034892014694450364,0.13617267171123054,0.9994620741051099,4.0586676127557344e-05,0.25767203967761937,0.7423279603223807,0.3949008059516429,0.7423279603223807,0.0,0.09417234965902047,0.09417234965902047,0.7423279603223807,0.25767203967761937,0.0,0.0,0.1251554750464972,0.000244140625,0.0,0.0,0.0,0.000244140625,0.00079345703125,1.0,1009
libero_goal/open_the_middle_drawer_of_the_cabinet/right-16x32,primary_canonical,4,5,mixed,64520,0.00024292739518148442,0.03480293240816196,0.13591808311996886,0.9994842199365027,4.087165506153615e-05,0.2605703657780533,0.7394296342219466,0.3800991940483571,0.7394296342219466,0.0,0.09897706137631743,0.09897706137631743,0.7394296342219466,0.2605703657780533,0.0,0.0,0.12432675914445133,0.000244140625,0.0,0.0,0.0,0.000244140625,0.00067138671875,1.0,1007
libero_goal/open_the_middle_drawer_of_the_cabinet/right-16x32,primary_canonical,4,6,mixed,64520,0.0002403912009175934,0.03483464145837773,0.13603347664801732,0.9994701782277261,4.074820360631878e-05,0.26134531928084315,0.7386546807191569,0.38099814011159333,0.7386546807191569,0.0,0.09933353998760075,0.09933353998760075,0.7386546807191569,0.26134531928084315,0.0,0.0,0.12460767978921265,0.000244140625,0.0,0.0,0.0,0.000244140625,0.000762939453125,1.0,1008
libero_goal/open_the_middle_drawer_of_the_cabinet/right-16x32,primary_canonical,4,7,mixed,64520,0.000242057086071906,0.0348738119902259,0.13625905083634435,0.9994375613060192,4.037997771403247e-05,0.2596404215747055,0.7403595784252944,0.38780223186608803,0.7403595784252944,0.0,0.09614073155610664,0.09614073155610664,0.7403595784252944,0.2596404215747055,0.0,0.0,0.12427251239925605,0.000244140625,0.0,0.0,0.0,0.000244140625,0.000762939453125,1.0,1008
libero_goal/open_the_middle_drawer_of_the_cabinet/right-16x32,primary_canonical,4,8,mixed,64520,0.0002593866432223051,0.03515040994207828,0.1371319637783403,0.9993681528131487,3.912252294891603e-05,0.24741165530068196,0.752588344699318,0.4227371357718537,0.752588344699318,0.0,0.08970861748295102,0.08970861748295102,0.752588344699318,0.24741165530068196,0.0,0.0,0.12494526890886547,0.000244140625,0.0,0.0,0.0,0.000244140625,0.00067138671875,1.0,1008
libero_goal/open_the_middle_drawer_of_the_cabinet/right-16x32,primary_canonical,4,9,mixed,64520,0.00027421406168266625,0.035324767385294775,0.13765013494331943,0.9993318121171264,3.839340257260346e-05,0.23818970861748295,0.7618102913825171,0.4440018598884067,0.7618102913825171,0.0,0.08383446993180409,0.08383446993180409,0.7618102913825171,0.23818970861748295,0.0,0.0,0.12485808663980161,0.000244140625,0.0,0.0,0.0,0.000244140625,0.00079345703125,1.0,1009
libero_goal/open_the_middle_drawer_of_the_cabinet/right-16x32,primary_canonical,4,10,mixed,64520,0.00034065175632919055,0.036327936275361565,0.1402736860110903,0.9990543896950186,3.7541540232195443e-05,0.20035647861128333,0.7996435213887166,0.5316800991940484,0.7996435213887166,0.0,0.06847489150650961,0.06847489150650961,0.7996435213887166,0.20035647861128333,0.0,0.0,0.12521069048357097,0.000244140625,0.0,0.0,0.0,0.000244140625,0.001068115234375,1.0,1009
libero_goal/open_the_middle_drawer_of_the_cabinet/right-16x32,primary_canonical,5,0,state,64520,0.0032420504263152416,0.1343501517289334,0.2920195549375436,0.9423561376846878,3.8547317802869086e-05,0.028208307501549908,0.9717916924984501,0.9173899566026038,0.9717916924984501,0.0,0.00712957222566646,0.00712957222566646,0.9717916924984501,0.028208307501549908,0.0,0.0,0.12672427154370738,0.00024378114949821761,0.0,0.0,0.000152587890625,0.002410888671875,0.00917816162109375,9.875,1006
libero_goal/open_the_middle_drawer_of_the_cabinet/right-16x32,primary_canonical,5,1,mixed,64520,0.00048572566297877594,0.03827143631880134,0.14571300773833454,0.9983063378848795,3.775344158061454e-05,0.21983880967141972,0.7801611903285803,0.7068815871047737,0.7801611903285803,0.0,0.011717296962182268,0.011717296962182268,0.7801611903285803,0.21983880967141972,0.0,0.0,0.12498353223806571,0.000244140625,0.0,0.0,0.0,0.000274658203125,0.001373291015625,1.125,1009
libero_goal/open_the_middle_drawer_of_the_cabinet/right-16x32,primary_canonical,5,2,mixed,64520,0.00034452415887273324,0.03642420003078624,0.1410115648188062,0.9988965009458672,3.9303679682051106e-05,0.2847644141351519,0.7152355858648481,0.587879727216367,0.7152355858648481,0.0,0.016971481711097334,0.016971481711097334,0.7152355858648481,0.2847644141351519,0.0,0.0,0.1253584159950403,0.000244140625,0.0,0.0,0.0,0.000274658203125,0.001068115234375,1.125,1007
libero_goal/open_the_middle_drawer_of_the_cabinet/right-16x32,primary_canonical,5,3,mixed,64520,0.0003112267945319765,0.035930561649821516,0.13933543555868094,0.999109041949495,3.985448128971637e-05,0.30271233725976443,0.6972876627402356,0.5370117792932424,0.6972876627402356,0.0,0.022380657160570364,0.022380657160570364,0.6972876627402356,0.30271233725976443,0.0,0.0,0.12562771233725978,0.000244140625,0.0,0.0,0.0,0.000274658203125,0.00103759765625,1.125,1008
libero_goal/open_the_middle_drawer_of_the_cabinet/right-16x32,primary_canonical,5,4,mixed,64520,0.0002921348614346811,0.035661664514606665,0.1383561230710923,0.99921917264885,4.06569157486293e-05,0.31610353378797273,0.6838964662120273,0.5009299442033478,0.6838964662120273,0.0,0.023651580905145693,0.023651580905145693,0.6838964662120273,0.31610353378797273,0.0,0.0,0.12512157083075015,0.000244140625,0.0,0.0,0.0,0.000244140625,0.000823974609375,1.0,1009
libero_goal/open_the_middle_drawer_of_the_cabinet/right-16x32,primary_canonical,5,5,mixed,64520,0.0002899415878797272,0.035511189488542795,0.137876084688947,0.9992857900036468,4.128930883531754e-05,0.31305021698698077,0.6869497830130192,0.4957067575945443,0.6869497830130192,0.0,0.02504649721016739,0.02504649721016739,0.6869497830130192,0.31305021698698077,0.0,0.0,0.12501501472411655,0.000244140625,0.0,0.0,0.0,0.000244140625,0.00103759765625,1.0,1007
libero_goal/open_the_middle_drawer_of_the_cabinet/right-16x32,primary_canonical,5,6,mixed,64520,0.00029150956325921224,0.035521010264652673,0.13789926896683563,0.9992832253724614,4.127062556910648e-05,0.31374767513949164,0.6862523248605084,0.4926224426534408,0.6862523248605084,0.0,0.024752014879107255,0.024752014879107255,0.6862523248605084,0.31374767513949164,0.0,0.0,0.12512689863608184,0.000244140625,0.0,0.0,0.0,0.000244140625,0.000823974609375,1.0,1009
libero_goal/open_the_middle_drawer_of_the_cabinet/right-16x32,primary_canonical,5,7,mixed,64520,0.0002956846820147822,0.03561029972234869,0.13812625977243612,0.9992755146635961,4.104689936865507e-05,0.3114693118412895,0.6885306881587104,0.49876007439553627,0.6885306881587104,0.0,0.024519528828270305,0.024519528828270305,0.6885306881587104,0.3114693118412895,0.0,0.0,0.12544220784252944,0.000244140625,0.0,0.0,0.0,0.000244140625,0.00079345703125,1.0,1008
libero_goal/open_the_middle_drawer_of_the_cabinet/right-16x32,primary_canonical,5,8,mixed,64520,0.00030069037837710205,0.03572951882652666,0.1385417420303903,0.9992389796732452,4.0500827701802735e-05,0.305719156850589,0.6942808431494111,0.5137321760694359,0.6942808431494111,0.0,0.02276813391196528,0.02276813391196528,0.6942808431494111,0.305719156850589,0.0,0.0,0.12480044947303162,0.000244140625,0.0,0.0,0.0,0.000274658203125,0.000823974609375,1.125,1008
libero_goal/open_the_middle_drawer_of_the_cabinet/right-16x32,primary_canonical,5,9,mixed,64520,0.0003069159264750756,0.035903296378999486,0.13900424179200127,0.9991981487825135,4.0292473808993335e-05,0.30581215127092376,0.6941878487290762,0.5279138251704898,0.6941878487290762,0.0,0.021450712957222565,0.021450712957222565,0.6941878487290762,0.30581215127092376,0.0,0.0,0.1250353572535648,0.000244140625,0.0,0.0,0.0,0.000274658203125,0.000823974609375,1.125,1009
libero_goal/open_the_middle_drawer_of_the_cabinet/right-16x32,primary_canonical,5,10,mixed,64520,0.00043050644195235003,0.03710308985464778,0.14286671855474806,0.9988468631640104,3.814330695211998e-05,0.23488840669559827,0.7651115933044017,0.6595939243645381,0.7651115933044017,0.0,0.015778053316800992,0.015778053316800992,0.7651115933044017,0.23488840669559827,0.0,0.0,0.12521165917544946,0.000244140625,0.0,0.0,0.0,0.000274658203125,0.0013427734375,1.125,1008
libero_goal/open_the_middle_drawer_of_the_cabinet/right-16x32,primary_canonical,12,0,state,64520,0.001989985428755134,0.056636311293978614,0.19408255457065154,0.9874771607823795,3.16042820267698e-05,0.048512089274643524,0.9514879107253564,0.8884066955982641,0.9514879107253564,0.0,0.01208927464352139,0.01208927464352139,0.9514879107253564,0.048512089274643524,0.0,0.0,0.12539232021078736,0.000244140625,0.0,0.0,0.000152587890625,0.00140380859375,0.00490570068359375,5.75,1006
libero_goal/open_the_middle_drawer_of_the_cabinet/right-16x32,primary_canonical,12,1,mixed,64520,0.00041984846631858337,0.036877504314462815,0.1420741550093176,0.9989164226639367,3.936067546884687e-05,0.2734655920644761,0.7265344079355238,0.6216522008679479,0.7265344079355238,0.0,0.006432114073155611,0.006432114073155611,0.7265344079355238,0.2734655920644761,0.0,0.0,0.12503390421574706,0.000244140625,0.0,0.0,0.0,0.000274658203125,0.0013427734375,1.125,1009
libero_goal/open_the_middle_drawer_of_the_cabinet/right-16x32,primary_canonical,12,2,mixed,64520,0.0003409965690144529,0.03597406055050759,0.13935307067000785,0.9992050345111765,4.0963888907388215e-05,0.3171419714817111,0.6828580285182889,0.54649721016739,0.6828580285182889,0.0,0.008896466212027278,0.008896466212027278,0.6828580285182889,0.3171419714817111,0.0,0.0,0.1251753332300062,0.000244140625,0.0,0.0,0.0,0.000274658203125,0.001068115234375,1.125,1007
libero_goal/open_the_middle_drawer_of_the_cabinet/right-16x32,primary_canonical,12,3,mixed,64520,0.00030408221893405145,0.03553577240992982,0.13810715223053413,0.9993212354752268,4.157405127225569e-05,0.33953812771233727,0.6604618722876627,0.5028053316800992,0.6604618722876627,0.0,0.01194978301301922,0.01194978301301922,0.6604618722876627,0.33953812771233727,0.0,0.0,0.12418968924364539,0.000244140625,0.0,0.0,0.0,0.000244140625,0.000823974609375,1.0,1009
libero_goal/open_the_middle_drawer_of_the_cabinet/right-16x32,primary_canonical,12,4,mixed,64520,0.0002902249113344215,0.035340455652983084,0.13756396251661912,0.9993739241483561,4.1920992430883836e-05,0.35241785492870426,0.6475821450712957,0.48121512709237446,0.6475821450712957,0.0,0.012337259764414136,0.012337259764414136,0.6475821450712957,0.35241785492870426,0.0,0.0,0.12564999225046497,0.000244140625,0.0,0.0,0.0,0.000244140625,0.00079345703125,1.0,1009
libero_goal/open_the_middle_drawer_of_the_cabinet/right-16x32,primary_canonical,12,5,mixed,64520,0.00028500163769470705,0.035253336292132044,0.13729140961014996,0.9994033416752777,4.231996293845416e-05,0.3591599504029758,0.6408400495970242,0.4708617482951023,0.6408400495970242,0.0,0.01236825790452573,0.01236825790452573,0.6408400495970242,0.3591599504029758,0.0,0.0,0.12527559283942963,0.000244140625,0.0,0.0,0.0,0.000244140625,0.00103759765625,1.0,1007
libero_goal/open_the_middle_drawer_of_the_cabinet/right-16x32,primary_canonical,12,6,mixed,64520,0.0002888844461080382,0.03525815610182041,0.1373127936725652,0.9994056146021445,4.22854343705198e-05,0.353735275883447,0.646264724116553,0.47689088654680717,0.646264724116553,0.0,0.012011779293242406,0.012011779293242406,0.646264724116553,0.353735275883447,0.0,0.0,0.12432288437693738,0.000244140625,0.0,0.0,0.0,0.000244140625,0.000823974609375,1.0,1009
libero_goal/open_the_middle_drawer_of_the_cabinet/right-16x32,primary_canonical,12,7,mixed,64520,0.00029166990825277045,0.03537121398509546,0.13751058749951564,0.9993964464239135,4.2262257660536464e-05,0.3479851208927464,0.6520148791072535,0.4865003099814011,0.6520148791072535,0.0,0.011794792312461253,0.011794792312461253,0.6520148791072535,0.3479851208927464,0.0,0.0,0.12511914910105393,0.000244140625,0.0,0.0,0.0,0.000244140625,0.00079345703125,1.0,1006
libero_goal/open_the_middle_drawer_of_the_cabinet/right-16x32,primary_canonical,12,8,mixed,64520,0.0003068922767710109,0.03556668824907127,0.13804652148422364,0.9993652247562219,4.195339252545238e-05,0.3402975821450713,0.6597024178549287,0.504727216367018,0.6597024178549287,0.0,0.011670799752014878,0.011670799752014878,0.6597024178549287,0.3402975821450713,0.0,0.0,0.12567178781773095,0.000244140625,0.0,0.0,0.0,0.000244140625,0.000823974609375,1.0,1008
libero_goal/open_the_middle_drawer_of_the_cabinet/right-16x32,primary_canonical,12,9,mixed,64520,0.0003295713969808296,0.03587134846677266,0.13890943485834698,0.9992861907949968,4.125714523778964e-05,0.32510849349039056,0.6748915065096094,0.5349814011159331,0.6748915065096094,0.0,0.01032238065716057,0.01032238065716057,0.6748915065096094,0.32510849349039056,0.0,0.0,0.12532499612523249,0.000244140625,0.0,0.0,0.0,0.000274658203125,0.001068115234375,1.125,1009
libero_goal/open_the_middle_drawer_of_the_cabinet/right-16x32,primary_canonical,12,10,mixed,64520,0.00042689040220086796,0.037180982992949134,0.14242669121493334,0.9989231148022195,3.9608524367444205e-05,0.270272783632982,0.729727216367018,0.634221946683199,0.729727216367018,0.0,0.005347179169249845,0.005347179169249845,0.729727216367018,0.270272783632982,0.0,0.0,0.12518114538127711,0.000244140625,0.0,0.0,0.0,0.000274658203125,0.001129150390625,1.125,1008
libero_goal/open_the_middle_drawer_of_the_cabinet/right-16x32,primary_canonical,13,0,state,64520,0.0016296585376264143,0.05524930344999612,0.1902808220727948,0.9874308952543208,3.161847184920858e-05,0.05874147551146931,0.9412585244885306,0.8828270303781773,0.9412585244885306,0.0,0.010539367637941723,0.010539367637941723,0.9412585244885306,0.05874147551146931,0.0,0.0,0.126753332300062,0.000244140625,0.0,0.0,5.340576171875e-05,0.001068115234375,0.004353332333266735,4.375,1008
libero_goal/open_the_middle_drawer_of_the_cabinet/right-16x32,primary_canonical,13,1,mixed,64520,0.0004191422861552135,0.037104016923047115,0.14246469014044216,0.998815944504457,4.006224393992415e-05,0.2892126472411655,0.7107873527588344,0.6112058276503409,0.7107873527588344,0.0,0.006664600123992561,0.006664600123992561,0.7107873527588344,0.2892126472411655,0.0,0.0,0.12416595629262245,0.000244140625,0.0,0.0,0.0,0.000274658203125,0.0013610839378088713,1.125,1009
libero_goal/open_the_middle_drawer_of_the_cabinet/right-16x32,primary_canonical,13,2,mixed,64520,0.00034700595881727563,0.036171382329364926,0.1399066610507764,0.999130947003805,4.1197784480587416e-05,0.32676689398636083,0.6732331060136392,0.5495970241785493,0.6732331060136392,0.0,0.008462492250464972,0.008462492250464972,0.6732331060136392,0.32676689398636083,0.0,0.0,0.12579626472411656,0.000244140625,0.0,0.0,0.0,0.000274658203125,0.0010986328125,1.125,1007
libero_goal/open_the_middle_drawer_of_the_cabinet/right-16x32,primary_canonical,13,3,mixed,64520,0.0003232304383270207,0.03579044188317939,0.13871159940791736,0.9992625473599513,4.204822783875155e-05,0.34381587104773714,0.6561841289522629,0.5146466212027279,0.6561841289522629,0.0,0.009795412275263484,0.009795412275263484,0.6561841289522629,0.34381587104773714,0.0,0.0,0.12529448233106014,0.000244140625,0.0,0.0,0.0,0.000274658203125,0.00103759765625,1.125,1009
libero_goal/open_the_middle_drawer_of_the_cabinet/right-16x32,primary_canonical,13,4,mixed,64520,0.0003104279075286733,0.03565892493288782,0.1381576755663215,0.9993284159410982,4.2448380831525106e-05,0.3530378177309361,0.6469621822690639,0.49792312461252325,0.6469621822690639,0.0,0.010678859268443893,0.010678859268443893,0.6469621822690639,0.3530378177309361,0.0,0.0,0.12518453580285183,0.000244140625,0.0,0.0,0.0,0.000244140625,0.001068115234375,1.0,1008
libero_goal/open_the_middle_drawer_of_the_cabinet/right-16x32,primary_canonical,13,5,mixed,64520,0.0003091522424914271,0.03558352116243631,0.13792550973247758,0.999361022337763,4.268180341064302e-05,0.35075945443273404,0.649240545567266,0.49321140731556107,0.649240545567266,0.0,0.011004339739615622,0.011004339739615622,0.649240545567266,0.35075945443273404,0.0,0.0,0.12520826875387478,0.000244140625,0.0,0.0,0.0,0.000274658203125,0.00103759765625,1.125,1007
libero_goal/open_the_middle_drawer_of_the_cabinet/right-16x32,primary_canonical,13,6,mixed,64520,0.00030391808998784294,0.03552443426880715,0.13781389921109127,0.9993668301286198,4.290505661701314e-05,0.3532238065716057,0.6467761934283943,0.4910880347179169,0.6467761934283943,0.0,0.011515809051456912,0.011515809051456912,0.6467761934283943,0.3532238065716057,0.0,0.0,0.12462802231866088,0.000244140625,0.0,0.0,0.0,0.000244140625,0.00103759765625,1.0,1009
libero_goal/open_the_middle_drawer_of_the_cabinet/right-16x32,primary_canonical,13,7,mixed,64520,0.00030778860055506046,0.03557602704421231,0.13804015025394864,0.9993282163865582,4.2629537564660186e-05,0.35432424054556727,0.6456757594544328,0.4986360818350899,0.6456757594544328,0.0,0.010678859268443893,0.010678859268443893,0.6456757594544328,0.35432424054556727,0.0,0.0,0.12525621900185988,0.000244140625,0.0,0.0,0.0,0.000244140625,0.001068115234375,1.0,1006
libero_goal/open_the_middle_drawer_of_the_cabinet/right-16x32,primary_canonical,13,8,mixed,64520,0.00031661561610014336,0.03576599423809962,0.13865299638723336,0.9992551411216257,4.227904895042235e-05,0.34786112833230004,0.6521388716676999,0.5139801611903286,0.6521388716676999,0.0,0.00967141971481711,0.00967141971481711,0.6521388716676999,0.34786112833230004,0.0,0.0,0.1255550604463732,0.000244140625,0.0,0.0,0.0,0.000274658203125,0.00103759765625,1.125,1009
libero_goal/open_the_middle_drawer_of_the_cabinet/right-16x32,primary_canonical,13,9,mixed,64520,0.0003440029193951488,0.03620206782038878,0.1398180238519185,0.9991291556920757,4.145083631407897e-05,0.33079665220086796,0.669203347799132,0.5455207687538748,0.669203347799132,0.0,0.008601983880967142,0.008601983880967142,0.669203347799132,0.33079665220086796,0.0,0.0,0.12402985508369498,0.000244140625,0.0,0.0,0.0,0.000274658203125,0.001068115234375,1.125,1009
libero_goal/open_the_middle_drawer_of_the_cabinet/right-16x32,primary_canonical,13,10,mixed,64520,0.00044573968933446024,0.03732896912415724,0.14336650443978732,0.9987346003819384,3.9490157598600724e-05,0.2764569125852449,0.7235430874147551,0.64221946683199,0.7235430874147551,0.0,0.0049597024178549285,0.0049597024178549285,0.7235430874147551,0.2764569125852449,0.0,0.0,0.12490700557966522,0.000244140625,0.0,0.0,0.0,0.000274658203125,0.0013931274879723787,1.125,1008
libero_goal/open_the_middle_drawer_of_the_cabinet/right-16x32,primary_canonical,14,0,state,64520,0.0017486874981837027,0.05441424185935562,0.18993780203510055,0.9885073043844822,3.274065030707533e-05,0.07889026658400496,0.921109733415995,0.8894916305021698,0.921109733415995,0.0,0.00976441413515189,0.00976441413515189,0.921109733415995,0.07889026658400496,0.0,0.0,0.12575073620582766,0.000244140625,0.0,0.0,0.0,0.001312255859375,0.0066314698196947575,5.375,1008
libero_goal/open_the_middle_drawer_of_the_cabinet/right-16x32,primary_canonical,14,1,mixed,64520,0.00037490031176742677,0.03653213680714314,0.14107182189979245,0.998960432370516,4.053062632892417e-05,0.3166305021698698,0.6833694978301302,0.5808121512709238,0.6833694978301302,0.0,0.006742095474271544,0.006742095474271544,0.6833694978301302,0.3166305021698698,0.0,0.0,0.12387631742095474,0.000244140625,0.0,0.0,0.0,0.000274658203125,0.0011489868629723787,1.125,1008
libero_goal/open_the_middle_drawer_of_the_cabinet/right-16x32,primary_canonical,14,2,mixed,64520,0.0003159770740903983,0.03575593838393134,0.13874692828183727,0.9992214449484453,4.191933695159931e-05,0.348248605083695,0.6517513949163051,0.5170644761314321,0.6517513949163051,0.0,0.009640421574705517,0.009640421574705517,0.6517513949163051,0.348248605083695,0.0,0.0,0.12439650495970242,0.000244140625,0.0,0.0,0.0,0.000274658203125,0.00103759765625,1.125,1007
libero_goal/open_the_middle_drawer_of_the_cabinet/right-16x32,primary_canonical,14,3,mixed,64520,0.00029746692371309286,0.035515495153664804,0.1378350562363475,0.999331087524375,4.277959493695027e-05,0.36867637941723497,0.631323620582765,0.4839119652820831,0.631323620582765,0.0,0.010818350898946063,0.010818350898946063,0.631323620582765,0.36867637941723497,0.0,0.0,0.12519373837569747,0.000244140625,0.0,0.0,0.0,0.000244140625,0.00103759765625,1.0,1009
libero_goal/open_the_middle_drawer_of_the_cabinet/right-16x32,primary_canonical,14,4,mixed,64520,0.0002852045521555816,0.03534448650854386,0.13731049161037154,0.9993893526286645,4.366279313524391e-05,0.38039367637941723,0.6196063236205828,0.4654060756354619,0.6196063236205828,0.0,0.011639801611903285,0.011639801611903285,0.6196063236205828,0.38039367637941723,0.0,0.0,0.12491281773093614,0.000244140625,0.0,0.0,0.0,0.000244140625,0.00095367431640625,1.0,1008
libero_goal/open_the_middle_drawer_of_the_cabinet/right-16x32,primary_canonical,14,5,mixed,64520,0.00027181598169051264,0.035222124358695706,0.1369962371807252,0.9994116121199806,4.385920392750068e-05,0.39054556726596407,0.609454432734036,0.45306881587104775,0.609454432734036,0.0,0.01227526348419095,0.01227526348419095,0.609454432734036,0.39054556726596407,0.0,0.0,0.12542767746435213,0.000244140625,0.0,0.0,0.0,0.000244140625,0.00079345703125,1.0,1009
libero_goal/open_the_middle_drawer_of_the_cabinet/right-16x32,primary_canonical,14,6,mixed,64520,0.000279274625358416,0.035238752465623545,0.13703738104388052,0.9994091421568978,4.417173476671478e-05,0.38544637321760694,0.614553626782393,0.45943893366398014,0.614553626782393,0.0,0.011422814631122132,0.011422814631122132,0.614553626782393,0.38544637321760694,0.0,0.0,0.1250808857718537,0.000244140625,0.0,0.0,0.0,0.000244140625,0.000823974609375,1.0,1009
libero_goal/open_the_middle_drawer_of_the_cabinet/right-16x32,primary_canonical,14,7,mixed,64520,0.0002879871763358261,0.03536000639033923,0.13740010223104876,0.9993843557187214,4.37725277621038e-05,0.37983570985740855,0.6201642901425914,0.4747830130192188,0.6201642901425914,0.0,0.011593304401735895,0.011593304401735895,0.6201642901425914,0.37983570985740855,0.0,0.0,0.12447109423434594,0.000244140625,0.0,0.0,0.0,0.000244140625,0.0009918212890625,1.0,1006
libero_goal/open_the_middle_drawer_of_the_cabinet/right-16x32,primary_canonical,14,8,mixed,64520,0.00029527365015813895,0.03550671543752785,0.13779479261517746,0.9993450771539165,4.2961224664166635e-05,0.3783168009919405,0.6216831990080595,0.4817265964042157,0.6216831990080595,0.0,0.01055486670799752,0.01055486670799752,0.6216831990080595,0.3783168009919405,0.0,0.0,0.12592364770613762,0.000244140625,0.0,0.0,0.0,0.000244140625,0.000823974609375,1.0,1009
libero_goal/open_the_middle_drawer_of_the_cabinet/right-16x32,primary_canonical,14,9,mixed,64520,0.0003142364558712415,0.03569701372727207,0.1384028392775193,0.999275567368255,4.3072614770311044e-05,0.3673589584624922,0.6326410415375078,0.5042467451952883,0.6326410415375078,0.0,0.009113453192808431,0.009113453192808431,0.6326410415375078,0.3673589584624922,0.0,0.0,0.12481982331060136,0.000244140625,0.0,0.0,0.0,0.000244140625,0.00103759765625,1.0,1007
libero_goal/open_the_middle_drawer_of_the_cabinet/right-16x32,primary_canonical,14,10,mixed,64520,0.0003869819995858842,0.03656080970835109,0.141121915756954,0.9989796768830048,4.109538126198756e-05,0.3208152510849349,0.6791847489150651,0.5840359578425295,0.6791847489150651,0.0,0.006695598264104154,0.006695598264104154,0.6791847489150651,0.3208152510849349,0.0,0.0,0.12485469621822691,0.000244140625,0.0,0.0,0.0,0.000274658203125,0.00115966796875,1.125,1008
libero_goal/open_the_middle_drawer_of_the_cabinet/right-16x32,primary_canonical,15,0,state,64520,0.001595191458922621,0.05407763089146292,0.18482344474248538,0.9902900765567408,3.288491350186957e-05,0.08958462492250464,0.9104153750774954,0.9068505889646621,0.9104153750774954,0.0,0.00046497210167389957,0.00046497210167389957,0.9104153750774954,0.08958462492250464,0.0,0.0,0.12735876472411656,0.000244140625,0.0,0.0,0.0,0.00128173828125,0.0045166015625,5.25,1008
libero_goal/open_the_middle_drawer_of_the_cabinet/right-16x32,primary_canonical,15,1,mixed,64520,0.0004169002942098865,0.03704919738201938,0.14210883067841124,0.9988008119188992,4.663390545688352e-05,0.4297582145071296,0.5702417854928704,0.5602758834469932,0.5702417854928704,0.0,0.001022938623682579,0.001022938623682579,0.5702417854928704,0.4297582145071296,0.0,0.0,0.12544317653440792,0.000244140625,0.0,0.0,0.0,0.000518798828125,0.001556396484375,2.125,1008
libero_goal/open_the_middle_drawer_of_the_cabinet/right-16x32,primary_canonical,15,2,mixed,64520,0.00033334872771403245,0.036122023505005714,0.13960604824342865,0.9990121664122551,4.881393517756122e-05,0.4786732796032238,0.5213267203967762,0.5037662740235586,0.5213267203967762,0.0,0.0012399256044637321,0.0012399256044637321,0.5213267203967762,0.4786732796032238,0.0,0.0,0.1250963848419095,0.000244140625,0.0,0.0,0.0,0.0,0.001068115234375,0.0,1008
libero_goal/open_the_middle_drawer_of_the_cabinet/right-16x32,primary_canonical,15,3,mixed,64520,0.00029246643028566725,0.03570641495763184,0.138376992042953,0.9990893992591333,4.99245252804363e-05,0.5056726596404216,0.4943273403595784,0.4683973961562306,0.4943273403595784,0.0,0.001968381897086175,0.001968381897086175,0.4943273403595784,0.5056726596404216,0.0,0.0,0.1251719428084315,0.000244140625,0.0,0.0,0.0,0.0,0.001068115234375,0.0,1009
libero_goal/open_the_middle_drawer_of_the_cabinet/right-16x32,primary_canonical,15,4,mixed,64520,0.0002735854525486283,0.03542056807951386,0.13769051917798017,0.9991040551645817,5.10766206139448e-05,0.5252634841909486,0.47473651580905146,0.4487290762554247,0.47473651580905146,0.0,0.0021543707377557346,0.0021543707377557346,0.47473651580905146,0.5252634841909486,0.0,0.0,0.12533129262244266,0.000244140625,0.0,0.0,0.0,0.0,0.001068115234375,0.0,1008
libero_goal/open_the_middle_drawer_of_the_cabinet/right-16x32,primary_canonical,15,5,mixed,64520,0.0002741265577776271,0.03534211917316699,0.13747057645718502,0.9990924629665131,5.162718572456942e-05,0.5185678859268444,0.4814321140731556,0.45150340979541226,0.4814321140731556,0.0,0.002278363298202108,0.002278363298202108,0.4814321140731556,0.5185678859268444,0.0,0.0,0.1243863336949783,0.000244140625,0.0,0.0,0.0,0.0,0.0010253905784338713,0.0,1009
libero_goal/open_the_middle_drawer_of_the_cabinet/right-16x32,primary_canonical,15,6,mixed,64520,0.0002728035933322516,0.03541643553022561,0.1375703148271309,0.9990589646803838,5.139849308626443e-05,0.5222101673899566,0.4777898326100434,0.44981401115933045,0.4777898326100434,0.0,0.0023868567885926843,0.0023868567885926843,0.4777898326100434,0.5222101673899566,0.0,0.0,0.1251419133601984,0.000244140625,0.0,0.0,0.0,0.0,0.00103759765625,0.0,1008
libero_goal/open_the_middle_drawer_of_the_cabinet/right-16x32,primary_canonical,15,7,mixed,64520,0.0002825647721878875,0.03550145385136755,0.13781023066899678,0.9990401561788277,5.115093980896791e-05,0.5133137011779293,0.48668629882207065,0.46024488530688157,0.48668629882207065,0.0,0.0020303781773093614,0.0020303781773093614,0.48668629882207065,0.5133137011779293,0.0,0.0,0.12464739615623062,0.000244140625,0.0,0.0,0.0,0.0,0.00106048583984375,0.0,1006
libero_goal/open_the_middle_drawer_of_the_cabinet/right-16x32,primary_canonical,15,8,mixed,64520,0.00029486829423047115,0.03566095502348472,0.13836042589824982,0.9989826325186276,5.061438714800159e-05,0.5061066336019839,0.4938933663980161,0.4732796032238066,0.4938933663980161,0.0,0.0018908865468071916,0.0018908865468071916,0.4938933663980161,0.5061066336019839,0.0,0.0,0.12525379727216368,0.000244140625,0.0,0.0,0.0,0.0,0.0010559081565588713,0.0,1009
libero_goal/open_the_middle_drawer_of_the_cabinet/right-16x32,primary_canonical,15,9,mixed,64520,0.00031625141065754804,0.03589636039379141,0.1391256215331426,0.9989393532008247,4.946583927010278e-05,0.48822070675759455,0.5117792932424055,0.4933973961562306,0.5117792932424055,0.0,0.0012709237445753254,0.0012709237445753254,0.5117792932424055,0.48822070675759455,0.0,0.0,0.12450596714197149,0.000244140625,0.0,0.0,0.0,0.000244140625,0.001068115234375,1.0,1007
libero_goal/open_the_middle_drawer_of_the_cabinet/right-16x32,primary_canonical,15,10,mixed,64520,0.0003838365889452883,0.036640408936303666,0.1413459527145168,0.9986970445336353,4.7728177263954005e-05,0.44066955982641043,0.5593304401735896,0.5479076255424674,0.5593304401735896,0.0,0.0007904525728456293,0.0007904525728456293,0.5593304401735896,0.44066955982641043,0.0,0.0,0.12529254494730316,0.000244140625,0.0,0.0,0.0,0.000274658203125,0.0010986328125,1.125,1009
libero_goal/open_the_top_drawer_and_put_the_bowl_inside/right-16x32,primary_canonical,2,0,state,100180,0.004957153021777597,0.29021589264324216,0.4645736825325742,0.8241489035750273,5.826749685496526e-05,0.028848073467758036,0.9711519265322419,0.9570772609303254,0.9711519265322419,0.0,0.004192453583549611,0.004192453583549611,0.9711519265322419,0.028848073467758036,0.0,0.0,0.12587654721501298,0.00022103767905270514,0.0,0.0,0.000213623046875,0.0033416748046875,0.01671600341796875,15.0,1566
libero_goal/open_the_top_drawer_and_put_the_bowl_inside/right-16x32,primary_canonical,2,1,mixed,100180,0.0003993751189265572,0.037213570382881124,0.1430844106462859,0.9986120483866469,3.825869477421111e-05,0.23063485725693753,0.7693651427430624,0.6391694949091635,0.7693651427430624,0.0,0.0267718107406668,0.0267718107406668,0.7693651427430624,0.23063485725693753,0.0,0.0,0.12513850069874227,0.000244140625,0.0,0.0,0.0,0.000274658203125,0.001129150390625,1.125,1565
libero_goal/open_the_top_drawer_and_put_the_bowl_inside/right-16x32,primary_canonical,2,2,mixed,100180,0.00030964588447825165,0.03606989535535255,0.1397375126993092,0.9989654331274864,3.955793085629461e-05,0.2784687562387702,0.7215312437612298,0.5345877420642843,0.7215312437612298,0.0,0.03721301657017369,0.03721301657017369,0.7215312437612298,0.2784687562387702,0.0,0.0,0.1249528972848872,0.000244140625,0.0,0.0,0.0,0.000274658203125,0.000823974609375,1.125,1566
libero_goal/open_the_top_drawer_and_put_the_bowl_inside/right-16x32,primary_canonical,2,3,mixed,100180,0.00027391491214251847,0.03569605654645856,0.1383292659882134,0.9990920825445098,4.064567932994048e-05,0.30349371131962466,0.6965062886803753,0.47174086644040725,0.6965062886803753,0.0,0.043122379716510284,0.043122379716510284,0.6965062886803753,0.30349371131962466,0.0,0.0,0.12483685615891396,0.000244140625,0.0,0.0,0.0,0.000244140625,0.00079345703125,1.0,1564
libero_goal/open_the_top_drawer_and_put_the_bowl_inside/right-16x32,primary_canonical,2,4,mixed,100180,0.0002625017400320049,0.035514885157400276,0.13773050367249107,0.9991598623244913,4.122721313549673e-05,0.3120782591335596,0.6879217408664404,0.4473148333000599,0.6879217408664404,0.0,0.046526252745058894,0.046526252745058894,0.6879217408664404,0.3120782591335596,0.0,0.0,0.12534656368536634,0.000244140625,0.0,0.0,0.0,0.000244140625,0.00079345703125,1.0,1566
libero_goal/open_the_top_drawer_and_put_the_bowl_inside/right-16x32,primary_canonical,2,5,mixed,100180,0.00025645671287775754,0.03539362210764764,0.13753730711477152,0.999146645319964,4.135363352800896e-05,0.31715911359552806,0.6828408864044719,0.4388400878418846,0.6828408864044719,0.0,0.04806348572569375,0.04806348572569375,0.6828408864044719,0.31715911359552806,0.0,0.0,0.12466061090037932,0.000244140625,0.0,0.0,0.0,0.000244140625,0.00079345703125,1.0,1565
libero_goal/open_the_top_drawer_and_put_the_bowl_inside/right-16x32,primary_canonical,2,6,mixed,100180,0.00026880722365757264,0.035541625964377405,0.13796227550906415,0.9991091510556515,4.0889762075724636e-05,0.3049211419444999,0.6950788580555001,0.45765621880614893,0.6950788580555001,0.0,0.04708524655619884,0.04708524655619884,0.6950788580555001,0.3049211419444999,0.0,0.0,0.12495040177680175,0.000244140625,0.0,0.0,0.0,0.000244140625,0.00079345703125,1.0,1566
libero_goal/open_the_top_drawer_and_put_the_bowl_inside/right-16x32,primary_canonical,2,7,mixed,100180,0.00028433347562278525,0.03571196175497386,0.13834943841807404,0.9990601230879034,4.114542066467858e-05,0.296705929327211,0.7032940706727889,0.4784388101417449,0.7032940706727889,0.0,0.044819325214613695,0.044819325214613695,0.7032940706727889,0.296705929327211,0.0,0.0,0.12531069075663806,0.000244140625,0.0,0.0,0.0,0.000244140625,0.00079345703125,1.0,1565
libero_goal/open_the_top_drawer_and_put_the_bowl_inside/right-16x32,primary_canonical,2,8,mixed,100180,0.000276560906189172,0.035762882365940524,0.1385023263667391,0.9990365924045553,4.054301987867152e-05,0.2976542223996806,0.7023457776003195,0.47554402076262725,0.7023457776003195,0.0,0.044020762627270914,0.044020762627270914,0.7023457776003195,0.2976542223996806,0.0,0.0,0.12528854312237972,0.000244140625,0.0,0.0,0.0,0.000244140625,0.00079345703125,1.0,1566
libero_goal/open_the_top_drawer_and_put_the_bowl_inside/right-16x32,primary_canonical,2,9,mixed,100180,0.0002921630103898919,0.035872534235738954,0.13892609818440088,0.9989864188709952,4.053700348649774e-05,0.28893990816530246,0.7110600918346975,0.5017568376921541,0.7110600918346975,0.0,0.03887003393890996,0.03887003393890996,0.7110600918346975,0.28893990816530246,0.0,0.0,0.12501185366340586,0.000244140625,0.0,0.0,0.0,0.000274658203125,0.000823974609375,1.125,1566
libero_goal/open_the_top_drawer_and_put_the_bowl_inside/right-16x32,primary_canonical,2,10,mixed,100180,0.00038388268060849843,0.03688595878980335,0.14186753333745353,0.9987834660378395,3.862013524581535e-05,0.23482731084048714,0.7651726891595129,0.6112796965462168,0.7651726891595129,0.0,0.03019564783389898,0.03019564783389898,0.7651726891595129,0.23482731084048714,0.0,0.0,0.12502495508085446,0.000244140625,0.0,0.0,0.0,0.000274658203125,0.0010986328125,1.125,1564
libero_goal/open_the_top_drawer_and_put_the_bowl_inside/right-16x32,primary_canonical,3,0,state,100180,0.006246908335991309,0.1872373014706341,0.3794543433270309,0.9014857423046102,4.4988143655872554e-05,0.022858854062687162,0.9771411459373128,0.955979237372729,0.9771411459373128,0.0,0.003194250349371132,0.003194250349371132,0.9771411459373128,0.022858854062687162,0.0,0.0,0.12414528848073468,0.0002437628869597225,0.0,0.0,0.00030517578125,0.003509521484375,0.02240753173828125,14.875,1564
libero_goal/open_the_top_drawer_and_put_the_bowl_inside/right-16x32,primary_canonical,3,1,mixed,100180,0.0004083113652261866,0.03747984523853158,0.14433134554579102,0.998406065079142,3.710484214351667e-05,0.2114793371930525,0.7885206628069475,0.6471551207825913,0.7885206628069475,0.0,0.03541625074865243,0.03541625074865243,0.7885206628069475,0.2114793371930525,0.0,0.0,0.12476916550209623,0.000244140625,0.0,0.0,0.0,0.000274658203125,0.001220703125,1.125,1565
libero_goal/open_the_top_drawer_and_put_the_bowl_inside/right-16x32,primary_canonical,3,2,mixed,100180,0.00030755857717826665,0.035900040876129996,0.1394669145708623,0.9990890222797376,3.856598771625137e-05,0.25842483529646637,0.7415751647035337,0.5234777400678778,0.7415751647035337,0.0,0.05125773607506488,0.05125773607506488,0.7415751647035337,0.25842483529646637,0.0,0.0,0.12465062886803753,0.000244140625,0.0,0.0,0.0,0.000274658203125,0.000823974609375,1.125,1567
libero_goal/open_the_top_drawer_and_put_the_bowl_inside/right-16x32,primary_canonical,3,3,mixed,100180,0.00027027065393619607,0.03536914590114747,0.13761851531013708,0.9992910587661493,3.990886168081048e-05,0.28087442603314033,0.7191255739668596,0.450369335196646,0.7191255739668596,0.0,0.061678977839888204,0.061678977839888204,0.7191255739668596,0.28087442603314033,0.0,0.0,0.1251996406468357,0.000244140625,0.0,0.0,0.0,0.000244140625,0.00079345703125,1.0,1564
libero_goal/open_the_top_drawer_and_put_the_bowl_inside/right-16x32,primary_canonical,3,4,mixed,100180,0.00025676895601589014,0.035140177551013646,0.1368260967538704,0.9993818969153244,4.0699065290874864e-05,0.29070672788979834,0.7092932721102017,0.42168097424635653,0.7092932721102017,0.0,0.0668596526252745,0.0668596526252745,0.7092932721102017,0.29070672788979834,0.0,0.0,0.12494385106807746,0.000244140625,0.0,0.0,0.0,0.000244140625,0.00079345703125,1.0,1566
libero_goal/open_the_top_drawer_and_put_the_bowl_inside/right-16x32,primary_canonical,3,5,mixed,100180,0.0002502420082328371,0.03500269065243109,0.13637230268232026,0.99942469288249,4.121076325309755e-05,0.2981633060491116,0.7018366939508884,0.4061189858255141,0.7018366939508884,0.0,0.06809742463565582,0.06809742463565582,0.7018366939508884,0.2981633060491116,0.0,0.0,0.12496631064084647,0.000244140625,0.0,0.0,0.0,0.000244140625,0.00079345703125,1.0,1565
libero_goal/open_the_top_drawer_and_put_the_bowl_inside/right-16x32,primary_canonical,3,6,mixed,100180,0.00025235246721916176,0.03508365636434496,0.13656568780443248,0.9994037605921745,4.1170095488277354e-05,0.2939608704332202,0.7060391295667798,0.4108404871231783,0.7060391295667798,0.0,0.06806747853863046,0.06806747853863046,0.7060391295667798,0.2939608704332202,0.0,0.0,0.12520650329407068,0.000244140625,0.0,0.0,0.0,0.000244140625,0.00079345703125,1.0,1566
libero_goal/open_the_top_drawer_and_put_the_bowl_inside/right-16x32,primary_canonical,3,7,mixed,100180,0.0002525309789059381,0.035141867319488984,0.1368167218440401,0.999372066166806,4.076676874204557e-05,0.2915352365741665,0.7084647634258335,0.4190057895787582,0.7084647634258335,0.0,0.06662008384907167,0.06662008384907167,0.7084647634258335,0.2915352365741665,0.0,0.0,0.12495664054701537,0.000244140625,0.0,0.0,0.0,0.000244140625,0.000762939453125,1.0,1565
libero_goal/open_the_top_drawer_and_put_the_bowl_inside/right-16x32,primary_canonical,3,8,mixed,100180,0.0002642749764291463,0.03525248394442738,0.13715554189958076,0.9993499500388798,4.0285000426965834e-05,0.2836494310241565,0.7163505689758435,0.43534637652225994,0.7163505689758435,0.0,0.06327610301457377,0.06327610301457377,0.7163505689758435,0.2836494310241565,0.0,0.0,0.12473329257336793,0.000244140625,0.0,0.0,0.0,0.000244140625,0.00079345703125,1.0,1565
libero_goal/open_the_top_drawer_and_put_the_bowl_inside/right-16x32,primary_canonical,3,9,mixed,100180,0.000275249485009015,0.035373695512140646,0.13747790476166338,0.9993264915730621,4.010458481861555e-05,0.2759133559592733,0.7240866440407266,0.4559692553403873,0.7240866440407266,0.0,0.06029147534438012,0.06029147534438012,0.7240866440407266,0.2759133559592733,0.0,0.0,0.12535966510281493,0.000244140625,0.0,0.0,0.0,0.000244140625,0.00079345703125,1.0,1566
libero_goal/open_the_top_drawer_and_put_the_bowl_inside/right-16x32,primary_canonical,3,10,mixed,100180,0.00031911492419114344,0.03597361906770937,0.13953106941684656,0.9991170630040438,3.857832512805076e-05,0.24910161708923936,0.7508983829107606,0.5234378119385107,0.7508983829107606,0.0,0.05405270513076462,0.05405270513076462,0.7508983829107606,0.24910161708923936,0.0,0.0,0.12548631213815134,0.000244140625,0.0,0.0,0.0,0.000274658203125,0.00103759765625,1.125,1565
libero_goal/open_the_top_drawer_and_put_the_bowl_inside/right-16x32,primary_canonical,4,0,state,100180,0.0049853455308764534,0.2440842811065083,0.4033295488043397,0.8744927130135312,5.095451029029095e-05,0.02435615891395488,0.9756438410860451,0.9407067278897984,0.9756438410860451,0.0,0.004192453583549611,0.004192453583549611,0.9756438410860451,0.02435615891395488,0.0,0.0,0.12589838291076064,0.00024085674106920043,0.0,0.0,0.00018310546875,0.003143310546875,0.01572265662252903,13.625,1564
libero_goal/open_the_top_drawer_and_put_the_bowl_inside/right-16x32,primary_canonical,4,1,mixed,100180,0.000436703557619722,0.03739953538952152,0.14407338062239922,0.9984738767605196,3.758950441938885e-05,0.2065482132162108,0.7934517867837891,0.6506588141345578,0.7934517867837891,0.0,0.03458774206428429,0.03458774206428429,0.7934517867837891,0.2065482132162108,0.0,0.0,0.12495258534637652,0.000244140625,0.0,0.0,0.0,0.000274658203125,0.001373291015625,1.125,1565
libero_goal/open_the_top_drawer_and_put_the_bowl_inside/right-16x32,primary_canonical,4,2,mixed,100180,0.000308845018907373,0.035805052857980635,0.13918361043139926,0.9991111695695052,3.910152277658028e-05,0.26159912158115395,0.738400878418846,0.5125873427829906,0.738400878418846,0.0,0.05147734078658415,0.05147734078658415,0.738400878418846,0.26159912158115395,0.0,0.0,0.12487927979636654,0.000244140625,0.0,0.0,0.0,0.000274658203125,0.00103759765625,1.125,1567
libero_goal/open_the_top_drawer_and_put_the_bowl_inside/right-16x32,primary_canonical,4,3,mixed,100180,0.00027316857488551854,0.03532113752862036,0.13752443264477457,0.9993106997216573,4.0178380818822996e-05,0.2775603912956678,0.7224396087043322,0.45428229187462565,0.7224396087043322,0.0,0.06358554601716909,0.06358554601716909,0.7224396087043322,0.2775603912956678,0.0,0.0,0.12497348522659213,0.000244140625,0.0,0.0,0.0,0.000244140625,0.00079345703125,1.0,1564
libero_goal/open_the_top_drawer_and_put_the_bowl_inside/right-16x32,primary_canonical,4,4,mixed,100180,0.00025230342219941605,0.03498641714932652,0.1364799906189367,0.9994266258799214,4.0776516820504345e-05,0.2902874825314434,0.7097125174685566,0.4132561389498902,0.7097125174685566,0.0,0.0695548013575564,0.0695548013575564,0.7097125174685566,0.2902874825314434,0.0,0.0,0.1250567728089439,0.000244140625,0.0,0.0,0.0,0.000244140625,0.00079345703125,1.0,1566
libero_goal/open_the_top_drawer_and_put_the_bowl_inside/right-16x32,primary_canonical,4,5,mixed,100180,0.00025197015976710673,0.03493481082196578,0.136290738682091,0.999451134094913,4.094680356608106e-05,0.28863046516270713,0.7113695348372929,0.409462966660012,0.7113695348372929,0.0,0.07118187262926731,0.07118187262926731,0.7113695348372929,0.28863046516270713,0.0,0.0,0.1248686738870034,0.000244140625,0.0,0.0,0.0,0.000244140625,0.00079345703125,1.0,1564
libero_goal/open_the_top_drawer_and_put_the_bowl_inside/right-16x32,primary_canonical,4,6,mixed,100180,0.0002556521917774568,0.0350527723193954,0.1365848269379765,0.9994205295242314,4.074696795767618e-05,0.28598522659213416,0.7140147734078658,0.4172589339189459,0.7140147734078658,0.0,0.0688360950289479,0.0688360950289479,0.7140147734078658,0.28598522659213416,0.0,0.0,0.12497941205829508,0.000244140625,0.0,0.0,0.0,0.000244140625,0.00079345703125,1.0,1566
libero_goal/open_the_top_drawer_and_put_the_bowl_inside/right-16x32,primary_canonical,4,7,mixed,100180,0.00025358194361477465,0.035060793464829716,0.1366159287915541,0.9994108227810999,4.066182458488783e-05,0.28811139948093434,0.7118886005190657,0.41637053304052707,0.7118886005190657,0.0,0.06973447793970852,0.06973447793970852,0.7118886005190657,0.28811139948093434,0.0,0.0,0.12473828358953883,0.000244140625,0.0,0.0,0.0,0.000244140625,0.00079345703125,1.0,1566
libero_goal/open_the_top_drawer_and_put_the_bowl_inside/right-16x32,primary_canonical,4,8,mixed,100180,0.00026598149941433545,0.03518566330361209,0.1370039062743702,0.9993872864615492,4.017746693646748e-05,0.2797464563785187,0.7202535436214813,0.4349371131962468,0.7202535436214813,0.0,0.06572170093831103,0.06572170093831103,0.7202535436214813,0.2797464563785187,0.0,0.0,0.12507611299660612,0.000244140625,0.0,0.0,0.0,0.000244140625,0.00079345703125,1.0,1565
libero_goal/open_the_top_drawer_and_put_the_bowl_inside/right-16x32,primary_canonical,4,9,mixed,100180,0.0002746061118307359,0.03536966285393323,0.13743969930053637,0.9993662871859178,3.968138113115143e-05,0.27385705729686566,0.7261429427031344,0.4492713116390497,0.7261429427031344,0.0,0.06251746855659812,0.06251746855659812,0.7261429427031344,0.27385705729686566,0.0,0.0,0.12519839289279297,0.000244140625,0.0,0.0,0.0,0.000244140625,0.00079345703125,1.0,1566
libero_goal/open_the_top_drawer_and_put_the_bowl_inside/right-16x32,primary_canonical,4,10,mixed,100180,0.0003706390021398982,0.036644017270378165,0.14092929997732598,0.9990215637508232,3.8180024734774284e-05,0.21643042523457776,0.7835695747654222,0.5776202834897185,0.7835695747654222,0.0,0.04680574965062887,0.04680574965062887,0.7835695747654222,0.21643042523457776,0.0,0.0,0.12546541225793573,0.000244140625,0.0,0.0,0.0,0.000274658203125,0.0011230468517169356,1.125,1565
libero_goal/open_the_top_drawer_and_put_the_bowl_inside/right-16x32,primary_canonical,5,0,state,100180,0.003226599880834615,0.24914302509876754,0.4082587735813329,0.8561918227499201,5.461023010448868e-05,0.024256338590537035,0.975743661409463,0.9481932521461369,0.975743661409463,0.0,0.00658814134557796,0.00658814134557796,0.975743661409463,0.024256338590537035,0.0,0.0,0.12330305450189659,0.0002151355221733692,0.0,0.0,0.0001678466796875,0.002197265625,0.009547424502670765,10.875,1564
libero_goal/open_the_top_drawer_and_put_the_bowl_inside/right-16x32,primary_canonical,5,1,mixed,100180,0.0004896545105528798,0.038340470185891956,0.14598873486464597,0.9982466869486094,3.796884175378849e-05,0.21521261728888003,0.78478738271112,0.7057097224995009,0.78478738271112,0.0,0.013335995208624475,0.013335995208624475,0.78478738271112,0.21521261728888003,0.0,0.0,0.12509170992214014,0.000244140625,0.0,0.0,0.0,0.000274658203125,0.00140380859375,1.125,1565
libero_goal/open_the_top_drawer_and_put_the_bowl_inside/right-16x32,primary_canonical,5,2,mixed,100180,0.00035821172524222027,0.036730052896972946,0.14153814150154723,0.9988000597287899,3.9199688972934655e-05,0.2710820523058495,0.7289179476941505,0.6010081852665202,0.7289179476941505,0.0,0.019824316230784587,0.019824316230784587,0.7289179476941505,0.2710820523058495,0.0,0.0,0.12505240566979436,0.000244140625,0.0,0.0,0.0,0.000274658203125,0.0010986328125,1.125,1565
libero_goal/open_the_top_drawer_and_put_the_bowl_inside/right-16x32,primary_canonical,5,3,mixed,100180,0.00031857725673865167,0.03621088760202339,0.13987402448541844,0.9990126654770494,3.9828440033525594e-05,0.28881014174485925,0.7111898582551407,0.547494509882212,0.7111898582551407,0.0,0.023507686164903174,0.023507686164903174,0.7111898582551407,0.28881014174485925,0.0,0.0,0.1251815482132162,0.000244140625,0.0,0.0,0.0,0.000274658203125,0.00103759765625,1.125,1564
libero_goal/open_the_top_drawer_and_put_the_bowl_inside/right-16x32,primary_canonical,5,4,mixed,100180,0.00029912009213493835,0.0358973041031027,0.13893124181892516,0.9991174847530162,4.033907179966685e-05,0.3051108005589938,0.6948891994410061,0.5154122579357157,0.6948891994410061,0.0,0.026073068476741866,0.026073068476741866,0.6948891994410061,0.3051108005589938,0.0,0.0,0.12536621581153923,0.000244140625,0.0,0.0,0.0,0.000274658203125,0.000823974609375,1.125,1567
libero_goal/open_the_top_drawer_and_put_the_bowl_inside/right-16x32,primary_canonical,5,5,mixed,100180,0.0002835883568755927,0.03566915245916725,0.13833185654006383,0.9991613000191051,4.0589932506254364e-05,0.31613096426432424,0.6838690357356758,0.4963166300658814,0.6838690357356758,0.0,0.02738071471351567,0.02738071471351567,0.6838690357356758,0.31613096426432424,0.0,0.0,0.12480753393890996,0.000244140625,0.0,0.0,0.0,0.000244140625,0.00079345703125,1.0,1564
libero_goal/open_the_top_drawer_and_put_the_bowl_inside/right-16x32,primary_canonical,5,6,mixed,100180,0.00028830490371238023,0.03577479177617008,0.13863528315048537,0.999104224264705,4.058901862389886e-05,0.3150628868037532,0.6849371131962467,0.49898183270113794,0.6849371131962467,0.0,0.027979636654022758,0.027979636654022758,0.6849371131962467,0.3150628868037532,0.0,0.0,0.12508952635256537,0.000244140625,0.0,0.0,0.0,0.000274658203125,0.000823974609375,1.125,1566
libero_goal/open_the_top_drawer_and_put_the_bowl_inside/right-16x32,primary_canonical,5,7,mixed,100180,0.0002946265325928953,0.03584848938171058,0.1389254852739678,0.999057883209848,4.062671627106365e-05,0.3080355360351368,0.6919644639648632,0.5131163904971052,0.6919644639648632,0.0,0.02708125374326213,0.02708125374326213,0.6919644639648632,0.3080355360351368,0.0,0.0,0.12418178528648433,0.000244140625,0.0,0.0,0.0,0.000244140625,0.000823974609375,1.0,1566
libero_goal/open_the_top_drawer_and_put_the_bowl_inside/right-16x32,primary_canonical,5,8,mixed,100180,0.000304133041482363,0.03594603809822008,0.1393010260364352,0.9990292743000115,4.02419717993939e-05,0.30001996406468356,0.6999800359353164,0.5267817927730086,0.6999800359353164,0.0,0.026122978638450787,0.026122978638450787,0.6999800359353164,0.30001996406468356,0.0,0.0,0.12520681523258134,0.000244140625,0.0,0.0,0.0,0.000274658203125,0.000823974609375,1.125,1565
libero_goal/open_the_top_drawer_and_put_the_bowl_inside/right-16x32,primary_canonical,5,9,mixed,100180,0.0003162885906930026,0.03620292189878531,0.1398987486586644,0.9989798500512169,3.9848545445346816e-05,0.2920642842882811,0.7079357157117189,0.5462567378718307,0.7079357157117189,0.0,0.02456578159313236,0.02456578159313236,0.7079357157117189,0.2920642842882811,0.0,0.0,0.1251316380515073,0.000244140625,0.0,0.0,0.0,0.000274658203125,0.001068115234375,1.125,1566
libero_goal/open_the_top_drawer_and_put_the_bowl_inside/right-16x32,primary_canonical,5,10,mixed,100180,0.0004287652708523096,0.03730659538173085,0.14309247139328896,0.9987374172605281,3.82503175192856e-05,0.23441804751447395,0.7655819524855261,0.6494310241565183,0.7655819524855261,0.0,0.020003992812936713,0.020003992812936713,0.7655819524855261,0.23441804751447395,0.0,0.0,0.12505646087043323,0.000244140625,0.0,0.0,0.0,0.000274658203125,0.001129150390625,1.125,1564
libero_goal/open_the_top_drawer_and_put_the_bowl_inside/right-16x32,primary_canonical,12,0,state,100180,0.0017547637884620184,0.06190064244223679,0.19889926891361176,0.9857644816553028,3.209250205099571e-05,0.05430225593930924,0.9456977440606907,0.8901976442403673,0.9456977440606907,0.0,0.009183469754442005,0.009183469754442005,0.9456977440606907,0.05430225593930924,0.0,0.0,0.12615417248951888,0.000244140625,0.0,0.0,0.0,0.001220703125,0.005488586612045765,5.0,1564
libero_goal/open_the_top_drawer_and_put_the_bowl_inside/right-16x32,primary_canonical,12,1,mixed,100180,0.0004066237291430113,0.03698187439854356,0.14222902711886182,0.9988653994012341,3.9639037915346126e-05,0.27837891794769415,0.7216210820523058,0.6256039129566779,0.7216210820523058,0.0,0.0060191655020962265,0.0060191655020962265,0.7216210820523058,0.27837891794769415,0.0,0.0,0.12537120682771014,0.000244140625,0.0,0.0,0.0,0.000274658203125,0.0011505127185955644,1.125,1567
libero_goal/open_the_top_drawer_and_put_the_bowl_inside/right-16x32,primary_canonical,12,2,mixed,100180,0.00034140786574400454,0.03599307257678366,0.13942805111443932,0.9991884550123211,4.090354646792024e-05,0.3124575763625474,0.6875424236374525,0.553663405869435,0.6875424236374525,0.0,0.009283290077859852,0.009283290077859852,0.6875424236374525,0.3124575763625474,0.0,0.0,0.12531037881812737,0.000244140625,0.0,0.0,0.0,0.000274658203125,0.001068115234375,1.125,1565
libero_goal/open_the_top_drawer_and_put_the_bowl_inside/right-16x32,primary_canonical,12,3,mixed,100180,0.0003080450672188498,0.035585729317599415,0.1382168240355836,0.9993120508110435,4.159261376397484e-05,0.3357057296865642,0.6642942703134358,0.5080055899381114,0.6642942703134358,0.0,0.011768816130964265,0.011768816130964265,0.6642942703134358,0.3357057296865642,0.0,0.0,0.12554402076262727,0.000244140625,0.0,0.0,0.0,0.000274658203125,0.000823974609375,1.125,1564
libero_goal/open_the_top_drawer_and_put_the_bowl_inside/right-16x32,primary_canonical,12,4,mixed,100180,0.00029760731220911736,0.03542869173378543,0.137684373632832,0.9993665184909699,4.229797862870271e-05,0.3482331802755041,0.6517668197244959,0.48660411259732483,0.6517668197244959,0.0,0.011858654422040328,0.011858654422040328,0.6517668197244959,0.3482331802755041,0.0,0.0,0.1255352864843282,0.000244140625,0.0,0.0,0.0,0.000244140625,0.0009613037109375,1.0,1567
libero_goal/open_the_top_drawer_and_put_the_bowl_inside/right-16x32,primary_canonical,12,5,mixed,100180,0.00029312654702005143,0.03535051214454607,0.1374863091284321,0.999381929481308,4.23119914914872e-05,0.348053503693352,0.651946496306648,0.4814434018766221,0.651946496306648,0.0,0.012896785785585946,0.012896785785585946,0.651946496306648,0.348053503693352,0.0,0.0,0.12501996406468358,0.000244140625,0.0,0.0,0.0,0.000244140625,0.00103759765625,1.0,1564
libero_goal/open_the_top_drawer_and_put_the_bowl_inside/right-16x32,primary_canonical,12,6,mixed,100180,0.0002927704375288543,0.03537091517738773,0.13754471839604726,0.9993633964957056,4.2408710707445346e-05,0.3507386703932921,0.6492613296067079,0.48377919744459974,0.6492613296067079,0.0,0.01273707326811739,0.01273707326811739,0.6492613296067079,0.3507386703932921,0.0,0.0,0.12457108454781393,0.000244140625,0.0,0.0,0.0,0.000244140625,0.00103759765625,1.0,1566
libero_goal/open_the_top_drawer_and_put_the_bowl_inside/right-16x32,primary_canonical,12,7,mixed,100180,0.00029890319738923066,0.03546889433248668,0.13785727012178858,0.9993200446024796,4.213576451059967e-05,0.3453284088640447,0.6546715911359553,0.49341185865442205,0.6546715911359553,0.0,0.010960271511279696,0.010960271511279696,0.6546715911359553,0.3453284088640447,0.0,0.0,0.1248312412657217,0.000244140625,0.0,0.0,0.0,0.000244140625,0.000823974609375,1.0,1564
libero_goal/open_the_top_drawer_and_put_the_bowl_inside/right-16x32,primary_canonical,12,8,mixed,100180,0.0003109545640113421,0.035651824945079326,0.1383998600492746,0.9992568765584522,4.180874694105298e-05,0.33701337592333797,0.662986624076662,0.513216210820523,0.662986624076662,0.0,0.010361349570772609,0.010361349570772609,0.662986624076662,0.33701337592333797,0.0,0.0,0.1262998477740068,0.000244140625,0.0,0.0,0.0,0.000274658203125,0.00103759765625,1.125,1565
libero_goal/open_the_top_drawer_and_put_the_bowl_inside/right-16x32,primary_canonical,12,9,mixed,100180,0.00033378090823236924,0.035956701582171624,0.1393149490341214,0.9991421701951426,4.134061070444294e-05,0.32085246556198843,0.6791475344380116,0.5449291275703734,0.6791475344380116,0.0,0.009822319824316231,0.009822319824316231,0.6791475344380116,0.32085246556198843,0.0,0.0,0.12530226841684966,0.000244140625,0.0,0.0,0.0,0.000274658203125,0.001068115234375,1.125,1567
libero_goal/open_the_top_drawer_and_put_the_bowl_inside/right-16x32,primary_canonical,12,10,mixed,100180,0.00038102862601224047,0.03682820416658218,0.14187648664289046,0.9987842430889213,4.036382278012858e-05,0.30073867039329205,0.699261329606708,0.6041525254541825,0.699261329606708,0.0,0.006208824116590138,0.006208824116590138,0.699261329606708,0.30073867039329205,0.0,0.0,0.12490984977041325,0.000244140625,0.0,0.0,0.0,0.000274658203125,0.001068115234375,1.125,1564
libero_goal/open_the_top_drawer_and_put_the_bowl_inside/right-16x32,primary_canonical,13,0,state,100180,0.0019459967176270214,0.057036183746209945,0.19314003714212855,0.9878170551547368,3.1644699696795766e-05,0.06188860051906568,0.9381113994809344,0.8948891994410062,0.9381113994809344,0.0,0.0064883210221601114,0.0064883210221601114,0.9381113994809344,0.06188860051906568,0.0,0.0,0.12436052605310441,0.000244140625,0.0,0.0,0.0,0.0012664794921875,0.006434631533920765,5.1875,1564
libero_goal/open_the_top_drawer_and_put_the_bowl_inside/right-16x32,primary_canonical,13,1,mixed,100180,0.00040757934545942304,0.03724420463332018,0.14282286756884482,0.9986506104885782,4.0616130467112325e-05,0.29483928927929726,0.7051607107207027,0.6207526452385705,0.7051607107207027,0.0,0.005520063885006987,0.005520063885006987,0.7051607107207027,0.29483928927929726,0.0,0.0,0.12467963914953084,0.000244140625,0.0,0.0,0.0,0.000274658203125,0.0013427734375,1.125,1567
libero_goal/open_the_top_drawer_and_put_the_bowl_inside/right-16x32,primary_canonical,13,2,mixed,100180,0.0003466456301508847,0.03638836294620854,0.1404147918268601,0.9989585803372104,4.1549356665814035e-05,0.3296566180874426,0.6703433819125574,0.5596825713715312,0.6703433819125574,0.0,0.007436614094629666,0.007436614094629666,0.6703433819125574,0.3296566180874426,0.0,0.0,0.12514505140746657,0.000244140625,0.0,0.0,0.0,0.000274658203125,0.001068115234375,1.125,1565
libero_goal/open_the_top_drawer_and_put_the_bowl_inside/right-16x32,primary_canonical,13,3,mixed,100180,0.0003239819569891383,0.03599796428440526,0.13929301768535388,0.9991121982351275,4.2252512981516086e-05,0.3460770612896786,0.6539229387103214,0.528109403074466,0.6539229387103214,0.0,0.008854062687163107,0.008854062687163107,0.6539229387103214,0.3460770612896786,0.0,0.0,0.12486836194849271,0.000244140625,0.0,0.0,0.0,0.000274658203125,0.001068115234375,1.125,1564
libero_goal/open_the_top_drawer_and_put_the_bowl_inside/right-16x32,primary_canonical,13,4,mixed,100180,0.0003103370841664691,0.035805367842765834,0.13861338866163952,0.9992101404648576,4.274776106133959e-05,0.3559892194050709,0.6440107805949291,0.5070572968656418,0.6440107805949291,0.0,0.010151726891595129,0.010151726891595129,0.6440107805949291,0.3559892194050709,0.0,0.0,0.1253406368536634,0.000244140625,0.0,0.0,0.0,0.000274658203125,0.001068115234375,1.125,1566
libero_goal/open_the_top_drawer_and_put_the_bowl_inside/right-16x32,primary_canonical,13,5,mixed,100180,0.00030656701482253816,0.03569450264182674,0.1382464131092354,0.9992640308906371,4.291568694416457e-05,0.35910361349570774,0.6408963865042923,0.49698542623278097,0.6408963865042923,0.0,0.010291475344380116,0.010291475344380116,0.6408963865042923,0.35910361349570774,0.0,0.0,0.12491421690956278,0.000244140625,0.0,0.0,0.0,0.000274658203125,0.00103759765625,1.125,1564
libero_goal/open_the_top_drawer_and_put_the_bowl_inside/right-16x32,primary_canonical,13,6,mixed,100180,0.00030616917137043945,0.035704283315422865,0.13826470994787507,0.999267940648327,4.275118812017275e-05,0.36149930125773605,0.6385006987422639,0.4963964863246157,0.6385006987422639,0.0,0.010680774605709722,0.010680774605709722,0.6385006987422639,0.36149930125773605,0.0,0.0,0.1245813785186664,0.000244140625,0.0,0.0,0.0,0.000274658203125,0.00103759765625,1.125,1567
libero_goal/open_the_top_drawer_and_put_the_bowl_inside/right-16x32,primary_canonical,13,7,mixed,100180,0.00030994320087124425,0.035813110558709164,0.1385489142614583,0.9992439344950744,4.259087792364369e-05,0.35825514074665604,0.641744859253344,0.5024156518267119,0.641744859253344,0.0,0.010151726891595129,0.010151726891595129,0.641744859253344,0.35825514074665604,0.0,0.0,0.1256020413256139,0.000244140625,0.0,0.0,0.0,0.000244140625,0.001068115234375,1.0,1564
libero_goal/open_the_top_drawer_and_put_the_bowl_inside/right-16x32,primary_canonical,13,8,mixed,100180,0.00032638729534884085,0.036062616282390915,0.13922315960421633,0.9991815947646223,4.1916965843317965e-05,0.3459972050309443,0.6540027949690557,0.5251547215012977,0.6540027949690557,0.0,0.008754242363745258,0.008754242363745258,0.6540027949690557,0.3459972050309443,0.0,0.0,0.12532815931323618,0.000244140625,0.0,0.0,0.0,0.000274658203125,0.001068115234375,1.125,1565
libero_goal/open_the_top_drawer_and_put_the_bowl_inside/right-16x32,primary_canonical,13,9,mixed,100180,0.0003538202158965425,0.03649826857067435,0.14039648402163216,0.9990637787131165,4.143184662626803e-05,0.3304951088041525,0.6695048911958474,0.559183469754442,0.6695048911958474,0.0,0.007815931323617489,0.007815931323617489,0.6695048911958474,0.3304951088041525,0.0,0.0,0.12466279446995408,0.000244140625,0.0,0.0,0.0,0.000274658203125,0.001068115234375,1.125,1567
libero_goal/open_the_top_drawer_and_put_the_bowl_inside/right-16x32,primary_canonical,13,10,mixed,100180,0.00043675260263946773,0.03756676032457982,0.14339865427289472,0.9987244919534453,3.970559901357244e-05,0.2806348572569375,0.7193651427430625,0.640586943501697,0.7193651427430625,0.0,0.004611698941904572,0.004611698941904572,0.7193651427430625,0.2806348572569375,0.0,0.0,0.12495975993212217,0.000244140625,0.0,0.0,0.0,0.000274658203125,0.0013427734375,1.125,1564
libero_goal/open_the_top_drawer_and_put_the_bowl_inside/right-16x32,primary_canonical,14,0,state,100180,0.0016529938493524156,0.059507138859038106,0.19441848544689871,0.9874418872657901,3.229127146331915e-05,0.0704731483330006,0.9295268516669994,0.9079656618087443,0.9295268516669994,0.0,0.004192453583549611,0.004192453583549611,0.9295268516669994,0.0704731483330006,0.0,0.0,0.12425134757436614,0.000244140625,0.0,0.0,0.0,0.001190185546875,0.00482177734375,4.875,1564
libero_goal/open_the_top_drawer_and_put_the_bowl_inside/right-16x32,primary_canonical,14,1,mixed,100180,0.0003945872892660399,0.03689096686511155,0.14185180359435048,0.9988961384619608,4.1853907960787766e-05,0.3369235376322619,0.6630764623677381,0.5929726492313835,0.6630764623677381,0.0,0.004621680974246357,0.004621680974246357,0.6630764623677381,0.3369235376322619,0.0,0.0,0.12495539279297264,0.000244140625,0.0,0.0,0.0,0.000274658203125,0.001129150390625,1.125,1566
libero_goal/open_the_top_drawer_and_put_the_bowl_inside/right-16x32,primary_canonical,14,2,mixed,100180,0.0003385742211870196,0.03606987677307799,0.1396212619896491,0.9991626153689084,4.297394694432833e-05,0.3738271111998403,0.6261728888001598,0.537522459572769,0.6261728888001598,0.0,0.006218806148931923,0.006218806148931923,0.6261728888001598,0.3738271111998403,0.0,0.0,0.12466528997803952,0.000244140625,0.0,0.0,0.0,0.000274658203125,0.001068115234375,1.125,1565
libero_goal/open_the_top_drawer_and_put_the_bowl_inside/right-16x32,primary_canonical,14,3,mixed,100180,0.0003189333662298488,0.03576031222412938,0.13863770889888435,0.9992697850878212,4.3811367809427403e-05,0.3898782192054302,0.6101217807945698,0.5143641445398283,0.6101217807945698,0.0,0.006618087442603314,0.006618087442603314,0.6101217807945698,0.3898782192054302,0.0,0.0,0.12502308344979038,0.000244140625,0.0,0.0,0.0,0.000274658203125,0.001068115234375,1.125,1566
libero_goal/open_the_top_drawer_and_put_the_bowl_inside/right-16x32,primary_canonical,14,4,mixed,100180,0.0003055800218785873,0.03557744314628201,0.13805338105033985,0.9993228404535983,4.464223918431199e-05,0.40397284887203033,0.5960271511279697,0.4949490916350569,0.5960271511279697,0.0,0.0073068476741864645,0.0073068476741864645,0.5960271511279697,0.40397284887203033,0.0,0.0,0.1255178179277301,0.000244140625,0.0,0.0,0.0,0.000244140625,0.001068115234375,1.0,1566
libero_goal/open_the_top_drawer_and_put_the_bowl_inside/right-16x32,primary_canonical,14,5,mixed,100180,0.0003001183562946072,0.03543312924187634,0.1376715479032273,0.9993543601037261,4.486880585161553e-05,0.41058095428229185,0.5894190457177081,0.48147334797364744,0.5894190457177081,0.0,0.008145338390896387,0.008145338390896387,0.5894190457177081,0.41058095428229185,0.0,0.0,0.12535748153324017,0.000244140625,0.0,0.0,0.0,0.000244140625,0.00103759765625,1.0,1564
libero_goal/open_the_top_drawer_and_put_the_bowl_inside/right-16x32,primary_canonical,14,6,mixed,100180,0.0002967829903244472,0.03544926840427465,0.1377086573147826,0.9993489812105376,4.50856244404603e-05,0.4140247554402076,0.5859752445597923,0.4806648033539629,0.5859752445597923,0.0,0.007995607905769614,0.007995607905769614,0.5859752445597923,0.4140247554402076,0.0,0.0,0.1251185366340587,0.000244140625,0.0,0.0,0.0,0.000244140625,0.00103759765625,1.0,1567
libero_goal/open_the_top_drawer_and_put_the_bowl_inside/right-16x32,primary_canonical,14,7,mixed,100180,0.0003039429539524169,0.03554969950573343,0.1380246437150434,0.9993155806090547,4.462548467446097e-05,0.4054501896586145,0.5945498103413855,0.490676781792773,0.5945498103413855,0.0,0.007386703932920743,0.007386703932920743,0.5945498103413855,0.4054501896586145,0.0,0.0,0.12526078059492912,0.000244140625,0.0,0.0,0.0,0.000244140625,0.000823974609375,1.0,1564
libero_goal/open_the_top_drawer_and_put_the_bowl_inside/right-16x32,primary_canonical,14,8,mixed,100180,0.00031756680748090937,0.03576037528201191,0.13863463612177768,0.9992565191346601,4.416983816337623e-05,0.3921641046116989,0.6078358953883011,0.5108205230584947,0.6078358953883011,0.0,0.0073068476741864645,0.0073068476741864645,0.6078358953883011,0.3921641046116989,0.0,0.0,0.12520993461768817,0.000244140625,0.0,0.0,0.0,0.000274658203125,0.00103759765625,1.125,1565
libero_goal/open_the_top_drawer_and_put_the_bowl_inside/right-16x32,primary_canonical,14,9,mixed,100180,0.000342608402531693,0.03611255751609992,0.13966271508404013,0.9991390287263304,4.356126867146948e-05,0.3806548213216211,0.6193451786783789,0.535575963266121,0.6193451786783789,0.0,0.005829506887602316,0.005829506887602316,0.6193451786783789,0.3806548213216211,0.0,0.0,0.12542548412856858,0.000244140625,0.0,0.0,0.0,0.000274658203125,0.001068115234375,1.125,1565
libero_goal/open_the_top_drawer_and_put_the_bowl_inside/right-16x32,primary_canonical,14,10,mixed,100180,0.0004196081696500986,0.03715354933141829,0.14272472817970622,0.9987863148120283,4.1534658391262915e-05,0.3325014973048513,0.6674985026951488,0.6100918346975445,0.6674985026951488,0.0,0.004012777001397485,0.004012777001397485,0.6674985026951488,0.3325014973048513,0.0,0.0,0.12494853014573767,0.000244140625,0.0,0.0,0.0,0.000274658203125,0.0013381957542151213,1.125,1564
libero_goal/open_the_top_drawer_and_put_the_bowl_inside/right-16x32,primary_canonical,15,0,state,100180,0.0014589096072382213,0.05446957865977958,0.18618567572022704,0.9897267468010363,3.277791381762827e-05,0.09253343980834498,0.9074665601916551,0.8831104012777001,0.9074665601916551,0.0,0.0056897584348173285,0.0056897584348173285,0.9074665601916551,0.09253343980834498,0.0,0.0,0.12497192553403873,0.000244140625,0.0,0.0,0.0,0.001068115234375,0.003997802734375,4.375,1565
libero_goal/open_the_top_drawer_and_put_the_bowl_inside/right-16x32,primary_canonical,15,1,mixed,100180,0.0004136552923000318,0.037530461526673865,0.14318727511182996,0.9985037529175809,4.691255142598791e-05,0.42863845078858054,0.5713615492114195,0.5668796166899581,0.5713615492114195,0.0,0.0002994609702535436,0.0002994609702535436,0.5713615492114195,0.42863845078858054,0.0,0.0,0.12523613745258536,0.00024413940649019265,0.0,0.0,0.0,0.000518798828125,0.00118255615234375,2.125,1566
libero_goal/open_the_top_drawer_and_put_the_bowl_inside/right-16x32,primary_canonical,15,2,mixed,100180,0.00034762653054579883,0.03662764750499881,0.1406988203704036,0.9987389458233688,4.91691173538997e-05,0.4746356558195249,0.5253643441804752,0.5167797963665403,0.5253643441804752,0.0,0.0006188860051906568,0.0006188860051906568,0.5253643441804752,0.4746356558195249,0.0,0.0,0.1256541350568976,0.00024414001574509634,0.0,0.0,0.0,0.00030517578125,0.0010986328125,1.25,1565
libero_goal/open_the_top_drawer_and_put_the_bowl_inside/right-16x32,primary_canonical,15,3,mixed,100180,0.0003242868890684268,0.03627111701866328,0.13975027689416863,0.9988185739601698,4.967712170826887e-05,0.492623278099421,0.5073767219005789,0.49542822918746254,0.5073767219005789,0.0,0.0008684368137352765,0.0008684368137352765,0.5073767219005789,0.492623278099421,0.0,0.0,0.12522459572769015,0.00024413940649019265,0.0,0.0,0.0,0.000244140625,0.001068115234375,1.0,1566
libero_goal/open_the_top_drawer_and_put_the_bowl_inside/right-16x32,primary_canonical,15,4,mixed,100180,0.0003188505075629492,0.03611227695421679,0.1392852783203125,0.9988397552274996,5.021859700390859e-05,0.4960670792573368,0.5039329207426632,0.49070672788979836,0.5039329207426632,0.0,0.0009283290077859853,0.0009283290077859853,0.5039329207426632,0.4960670792573368,0.0,0.0,0.1257109078658415,0.0002441381879803853,0.0,0.0,0.0,0.0,0.001068115234375,0.0,1566
libero_goal/open_the_top_drawer_and_put_the_bowl_inside/right-16x32,primary_canonical,15,5,mixed,100180,0.0003111845577374788,0.03606362246686433,0.1390896343856449,0.9988489774190207,5.042958959273698e-05,0.5048412856857656,0.49515871431423436,0.48190257536434417,0.49515871431423436,0.0,0.000978239169494909,0.000978239169494909,0.49515871431423436,0.5048412856857656,0.0,0.0,0.1251154172489519,0.000244140625,0.0,0.0,0.0,0.0,0.001068115234375,0.0,1564
libero_goal/open_the_top_drawer_and_put_the_bowl_inside/right-16x32,primary_canonical,15,6,mixed,100180,0.0003138786829215225,0.0361606274233723,0.1392277034272879,0.9988254468219441,5.0261511396186085e-05,0.5009682571371531,0.49903174286284685,0.48547614294270314,0.49903174286284685,0.0,0.000888400878418846,0.000888400878418846,0.49903174286284685,0.5009682571371531,0.0,0.0,0.12491920792573367,0.00024413392319605959,0.0,0.0,0.0,0.000244140625,0.001068115234375,1.0,1566
libero_goal/open_the_top_drawer_and_put_the_bowl_inside/right-16x32,primary_canonical,15,7,mixed,100180,0.0003228571201232313,0.03624560172792489,0.13953552489795712,0.998799468423107,4.977148006147528e-05,0.4847075264523857,0.5152924735476143,0.5010980235575964,0.5152924735476143,0.0,0.0011080055899381114,0.0011080055899381114,0.5152924735476143,0.4847075264523857,0.0,0.0,0.12509545318426832,0.00024414001574509634,0.0,0.0,0.0,0.0,0.001068115234375,0.0,1564
libero_goal/open_the_top_drawer_and_put_the_bowl_inside/right-16x32,primary_canonical,15,8,mixed,100180,0.00033464620250931137,0.03646348163881186,0.1402291993795933,0.9986987781277148,4.9271548334579785e-05,0.47870832501497307,0.5212916749850269,0.5093631463365942,0.5212916749850269,0.0,0.0006987422639249351,0.0006987422639249351,0.5212916749850269,0.47870832501497307,0.0,0.0,0.12522771511279696,0.0002441381879803853,0.0,0.0,0.0,0.000274658203125,0.001068115234375,1.125,1567
libero_goal/open_the_top_drawer_and_put_the_bowl_inside/right-16x32,primary_canonical,15,9,mixed,100180,0.00036565529702784985,0.03685744566031144,0.14126394023959998,0.9986234339364253,4.846835997938086e-05,0.4567977640247554,0.5432022359752445,0.5325314434018766,0.5432022359752445,0.0,0.0007286883609502895,0.0007286883609502895,0.5432022359752445,0.4567977640247554,0.0,0.0,0.12533533389898183,0.000244140625,0.0,0.0,0.0,0.000274658203125,0.0010986328125,1.125,1565
libero_goal/open_the_top_drawer_and_put_the_bowl_inside/right-16x32,primary_canonical,15,10,mixed,100180,0.00043256519368652053,0.037983633548967326,0.14396833837520198,0.9983328535566789,4.620771965930076e-05,0.41098023557596325,0.5890197644240367,0.5806248752245957,0.5890197644240367,0.0,0.0005290477141145938,0.0005290477141145938,0.5890197644240367,0.41098023557596325,0.0,0.0,0.12481876372529448,0.00024413757872548164,0.0,0.0,0.0,0.000518798828125,0.00115966796875,2.125,1564
libero_long/KITCHEN_SCENE8_put_both_moka_pots_on_the_stove/right-16x32,primary_canonical,2,0,state,228830,0.005518991911853573,0.18813490245598874,0.38448039640294857,0.897294955476985,4.517214701360419e-05,0.02670104444347332,0.9732989555565267,0.9710265262421885,0.9732989555565267,0.0,0.00013110169121181663,0.00013110169121181663,0.9732989555565267,0.02670104444347332,0.0,0.0,0.12480334746318228,0.00024486612264016955,0.0,0.0,0.00030517578125,0.00372314453125,0.017120361328125,15.5,3576
libero_long/KITCHEN_SCENE8_put_both_moka_pots_on_the_stove/right-16x32,primary_canonical,2,1,mixed,228830,0.0005661220789757954,0.03989915148036513,0.1490077712853326,0.9979036869530452,3.704015532349684e-05,0.18410173491238038,0.8158982650876196,0.7413057728444697,0.8158982650876196,0.0,0.01541318883013591,0.01541318883013591,0.8158982650876196,0.18410173491238038,0.0,0.0,0.12537896582615915,0.000244140625,0.0,0.0,0.0,0.000396728515625,0.001708984375,1.625,3575
libero_long/KITCHEN_SCENE8_put_both_moka_pots_on_the_stove/right-16x32,primary_canonical,2,2,mixed,228830,0.00038054951815860846,0.03697404421767285,0.14267239061544051,0.9985641969207262,3.881242336397722e-05,0.24820609185858497,0.751793908141415,0.6351920639776253,0.751793908141415,0.0,0.020958790368395753,0.020958790368395753,0.751793908141415,0.24820609185858497,0.0,0.0,0.12516264803565966,0.000244140625,0.0,0.0,0.0,0.000274658203125,0.0010986328125,1.125,3577
libero_long/KITCHEN_SCENE8_put_both_moka_pots_on_the_stove/right-16x32,primary_canonical,2,3,mixed,228830,0.0003450970890815507,0.03656270012532332,0.1413117636679061,0.9987413870198469,3.912456072184796e-05,0.26633308569680547,0.7336669143031945,0.5881746274526941,0.7336669143031945,0.0,0.026115456889393873,0.026115456889393873,0.7336669143031945,0.26633308569680547,0.0,0.0,0.1252396702792466,0.000244140625,0.0,0.0,0.0,0.000274658203125,0.001068115234375,1.125,3574
libero_long/KITCHEN_SCENE8_put_both_moka_pots_on_the_stove/right-16x32,primary_canonical,2,4,mixed,228830,0.0003370571349022746,0.03644714515504994,0.1408388684357827,0.9988218565931251,3.9434297536056376e-05,0.27066381156316915,0.7293361884368308,0.5728750600882752,0.7293361884368308,0.0,0.026993838220513044,0.026993838220513044,0.7293361884368308,0.27066381156316915,0.0,0.0,0.12462854520823319,0.000244140625,0.0,0.0,0.0,0.000274658203125,0.001068115234375,1.125,3576
libero_long/KITCHEN_SCENE8_put_both_moka_pots_on_the_stove/right-16x32,primary_canonical,2,5,mixed,228830,0.0003282061970557428,0.03639797615284989,0.14063778836290688,0.9988420601447594,3.936534858753291e-05,0.2750032775422803,0.7249967224577197,0.561582834418564,0.7249967224577197,0.0,0.028864222348468294,0.028864222348468294,0.7249967224577197,0.2750032775422803,0.0,0.0,0.12489784993226413,0.000244140625,0.0,0.0,0.0,0.000274658203125,0.00103759765625,1.125,3575
libero_long/KITCHEN_SCENE8_put_both_moka_pots_on_the_stove/right-16x32,primary_canonical,2,6,mixed,228830,0.0003334133763499377,0.03648393108613142,0.1407425579572325,0.9988485313715262,3.9355913117304606e-05,0.27104837652405717,0.7289516234759429,0.5654153738583227,0.7289516234759429,0.0,0.02923567714023511,0.02923567714023511,0.7289516234759429,0.27104837652405717,0.0,0.0,0.12524663505659223,0.000244140625,0.0,0.0,0.0,0.000274658203125,0.00103759765625,1.125,3576
libero_long/KITCHEN_SCENE8_put_both_moka_pots_on_the_stove/right-16x32,primary_canonical,2,7,mixed,228830,0.0003362198786182701,0.03654003445879071,0.14084115268644096,0.998840413735952,3.930646858603753e-05,0.2700432635580999,0.7299567364419001,0.5676659528907922,0.7299567364419001,0.0,0.028252414456146485,0.028252414456146485,0.7299567364419001,0.2700432635580999,0.0,0.0,0.1250708768518114,0.000244140625,0.0,0.0,0.0,0.000274658203125,0.00103759765625,1.125,3575
libero_long/KITCHEN_SCENE8_put_both_moka_pots_on_the_stove/right-16x32,primary_canonical,2,8,mixed,228830,0.0003487481826284114,0.0366641086917946,0.14124446749369415,0.9987988958795635,3.899356438783021e-05,0.26200672988681556,0.7379932701131845,0.5825634750688284,0.7379932701131845,0.0,0.02753572521085522,0.02753572521085522,0.7379932701131845,0.26200672988681556,0.0,0.0,0.12513929554691255,0.000244140625,0.0,0.0,0.0,0.000274658203125,0.001068115234375,1.125,3576
libero_long/KITCHEN_SCENE8_put_both_moka_pots_on_the_stove/right-16x32,primary_canonical,2,9,mixed,228830,0.0003809260034229832,0.03702361957856952,0.14219266130223754,0.9987031317437565,3.8786150747228425e-05,0.2474719223877988,0.7525280776122012,0.6166892452912642,0.7525280776122012,0.0,0.02410523095747935,0.02410523095747935,0.7525280776122012,0.2474719223877988,0.0,0.0,0.12484868679805969,0.000244140625,0.0,0.0,0.0,0.000274658203125,0.0010986328125,1.125,3576
libero_long/KITCHEN_SCENE8_put_both_moka_pots_on_the_stove/right-16x32,primary_canonical,2,10,mixed,228830,0.0005635961735888815,0.038812611006473485,0.14710195806691923,0.9982716865227084,3.715691509996163e-05,0.18367783944412883,0.8163221605558711,0.7332823493423065,0.8163221605558711,0.0,0.01685967748983962,0.01685967748983962,0.8163221605558711,0.18367783944412883,0.0,0.0,0.1252597452257134,0.000244140625,0.0,0.0,0.0,0.00030517578125,0.001678466796875,1.25,3575
libero_long/KITCHEN_SCENE8_put_both_moka_pots_on_the_stove/right-16x32,primary_canonical,3,0,state,228830,0.0042968307899875526,0.1426401670509528,0.3180626824733256,0.9287169022466973,4.0525990610214784e-05,0.03146440589083599,0.968535594109164,0.9554691255517196,0.968535594109164,0.0,0.001442118603329983,0.001442118603329983,0.968535594109164,0.03146440589083599,0.0,0.0,0.1253618952934493,0.00024536756953852205,0.0,0.0,0.00030517578125,0.00311279296875,0.011515808291733265,12.875,3574
libero_long/KITCHEN_SCENE8_put_both_moka_pots_on_the_stove/right-16x32,primary_canonical,3,1,mixed,228830,0.0005124655271261007,0.03874094650961378,0.14743467515224354,0.9980541001842379,3.659365420230425e-05,0.18427216711095573,0.8157278328890443,0.713953590001311,0.8157278328890443,0.0,0.02486125071013416,0.02486125071013416,0.8157278328890443,0.18427216711095573,0.0,0.0,0.12513342328366037,0.000244140625,0.0,0.0,0.0,0.00030517578125,0.001495361328125,1.25,3575
libero_long/KITCHEN_SCENE8_put_both_moka_pots_on_the_stove/right-16x32,primary_canonical,3,2,mixed,228830,0.0003758165796012597,0.03683524158239229,0.14195946195515982,0.9987313100019806,3.813006882796112e-05,0.232041253332168,0.767958746667832,0.6053664292269371,0.767958746667832,0.0,0.0353187956124634,0.0353187956124634,0.767958746667832,0.232041253332168,0.0,0.0,0.12496066949263646,0.000244140625,0.0,0.0,0.0,0.000274658203125,0.0010986328125,1.125,3577
libero_long/KITCHEN_SCENE8_put_both_moka_pots_on_the_stove/right-16x32,primary_canonical,3,3,mixed,228830,0.000347284917902687,0.03652900302711756,0.1409874592878464,0.9988227983384378,3.869132927256656e-05,0.24635318795612463,0.7536468120438754,0.5720097889262772,0.7536468120438754,0.0,0.03710177861294411,0.03710177861294411,0.7536468120438754,0.24635318795612463,0.0,0.0,0.12496490298474851,0.000244140625,0.0,0.0,0.0,0.000274658203125,0.00103759765625,1.125,3574
libero_long/KITCHEN_SCENE8_put_both_moka_pots_on_the_stove/right-16x32,primary_canonical,3,4,mixed,228830,0.0003404559046375175,0.03641491278856882,0.1406107274342921,0.9988778373747393,3.888573996833075e-05,0.24742822182406152,0.7525717781759385,0.5628108202595814,0.7525717781759385,0.0,0.038618188174627456,0.038618188174627456,0.7525717781759385,0.24742822182406152,0.0,0.0,0.1247291930690906,0.000244140625,0.0,0.0,0.0,0.000274658203125,0.001068115234375,1.125,3576
libero_long/KITCHEN_SCENE8_put_both_moka_pots_on_the_stove/right-16x32,primary_canonical,3,5,mixed,228830,0.0003474746942155476,0.03643189650161624,0.14064847611674572,0.9988880533636625,3.887033647983083e-05,0.24389721627408995,0.7561027837259101,0.5667526111086834,0.7561027837259101,0.0,0.03853078704715291,0.03853078704715291,0.7561027837259101,0.24389721627408995,0.0,0.0,0.12509928221824063,0.000244140625,0.0,0.0,0.0,0.000274658203125,0.001068115234375,1.125,3575
libero_long/KITCHEN_SCENE8_put_both_moka_pots_on_the_stove/right-16x32,primary_canonical,3,6,mixed,228830,0.00035129195872925586,0.0364985482632184,0.1408133601254633,0.9988765079874689,3.859749135398857e-05,0.23913385482672728,0.7608661451732728,0.5729886815539921,0.7608661451732728,0.0,0.03937857798365599,0.03937857798365599,0.7608661451732728,0.23913385482672728,0.0,0.0,0.12499726871476642,0.000244140625,0.0,0.0,0.0,0.000274658203125,0.001068115234375,1.125,3576
libero_long/KITCHEN_SCENE8_put_both_moka_pots_on_the_stove/right-16x32,primary_canonical,3,7,mixed,228830,0.00035594861334355745,0.0366240682903247,0.14108355065010564,0.9988596173447183,3.853139305106411e-05,0.2380631910151641,0.761936808984836,0.5738277323777476,0.761936808984836,0.0,0.03928243674343399,0.03928243674343399,0.761936808984836,0.2380631910151641,0.0,0.0,0.12526343246077876,0.000244140625,0.0,0.0,0.0,0.000274658203125,0.001068115234375,1.125,3576
libero_long/KITCHEN_SCENE8_put_both_moka_pots_on_the_stove/right-16x32,primary_canonical,3,8,mixed,228830,0.0003617792671722731,0.0367263659914958,0.1413515122699575,0.9988379604194004,3.835548654603035e-05,0.23233841716558143,0.7676615828344185,0.583258314032251,0.7676615828344185,0.0,0.03898090285364681,0.03898090285364681,0.7676615828344185,0.23233841716558143,0.0,0.0,0.12528937967049775,0.000244140625,0.0,0.0,0.0,0.000274658203125,0.001068115234375,1.125,3575
libero_long/KITCHEN_SCENE8_put_both_moka_pots_on_the_stove/right-16x32,primary_canonical,3,9,mixed,228830,0.00037493691371255405,0.03688863954234414,0.1419116958040033,0.9987582793822578,3.81081138557161e-05,0.2258969540707075,0.7741030459292925,0.5991653192326181,0.7741030459292925,0.0,0.03870995935847572,0.03870995935847572,0.7741030459292925,0.2258969540707075,0.0,0.0,0.1248109950618363,0.000244140625,0.0,0.0,0.0,0.000274658203125,0.0010986328125,1.125,3576
libero_long/KITCHEN_SCENE8_put_both_moka_pots_on_the_stove/right-16x32,primary_canonical,3,10,mixed,228830,0.00045419966471766705,0.03786635630375511,0.14512913420562618,0.9983027796004403,3.7238683618459595e-05,0.19679237862168422,0.8032076213783158,0.6725167154656295,0.8032076213783158,0.0,0.03177904994974435,0.03177904994974435,0.8032076213783158,0.19679237862168422,0.0,0.0,0.1250909517982782,0.000244140625,0.0,0.0,0.0,0.000274658203125,0.001373291015625,1.125,3575
libero_long/KITCHEN_SCENE8_put_both_moka_pots_on_the_stove/right-16x32,primary_canonical,4,0,state,228830,0.0031566128928527046,0.32102873287526834,0.45870889861157677,0.8128253495024306,6.326939141433076e-05,0.02788095966437967,0.9721190403356204,0.9445876851811389,0.9721190403356204,0.0,0.0039767513000917715,0.0039767513000917715,0.9721190403356204,0.02788095966437967,0.0,0.0,0.12583304199624176,0.00020949677904653563,0.0,0.0,0.0001373291015625,0.002197265625,0.009440612979233265,10.875,3574
libero_long/KITCHEN_SCENE8_put_both_moka_pots_on_the_stove/right-16x32,primary_canonical,4,1,mixed,228830,0.0005557605323479767,0.04003553090018211,0.1502014729618552,0.9974322783263503,3.693746540016401e-05,0.18286063890224183,0.8171393610977582,0.7378315780273565,0.8171393610977582,0.0,0.01901411528208714,0.01901411528208714,0.8171393610977582,0.18286063890224183,0.0,0.0,0.12484595551282611,0.000244140625,0.0,0.0,0.0,0.00030517578125,0.001708984375,1.25,3575
libero_long/KITCHEN_SCENE8_put_both_moka_pots_on_the_stove/right-16x32,primary_canonical,4,2,mixed,228830,0.0003737282399785731,0.03691007252970614,0.14227672140638828,0.998670173779873,3.850338670833698e-05,0.24146309487392387,0.7585369051260761,0.6156797622689333,0.7585369051260761,0.0,0.029637722326618012,0.029637722326618012,0.7585369051260761,0.24146309487392387,0.0,0.0,0.12494114080321636,0.000244140625,0.0,0.0,0.0,0.000274658203125,0.0010986328125,1.125,3577
libero_long/KITCHEN_SCENE8_put_both_moka_pots_on_the_stove/right-16x32,primary_canonical,4,3,mixed,228830,0.00034662850257457774,0.036444852502488884,0.14063369997032288,0.9989601322671352,3.870529910304593e-05,0.24915002403531006,0.7508499759646899,0.570921644889219,0.7508499759646899,0.0,0.03577765153170476,0.03577765153170476,0.7508499759646899,0.24915002403531006,0.0,0.0,0.12506855525936283,0.000244140625,0.0,0.0,0.0,0.000274658203125,0.001068115234375,1.125,3574
libero_long/KITCHEN_SCENE8_put_both_moka_pots_on_the_stove/right-16x32,primary_canonical,4,4,mixed,228830,0.0003361246570529979,0.03626796537536906,0.14008819896149707,0.9990367137739272,3.896739179373402e-05,0.254774286588297,0.745225713411703,0.5518113883669099,0.745225713411703,0.0,0.038185552593628456,0.038185552593628456,0.745225713411703,0.254774286588297,0.0,0.0,0.12512973604859504,0.000244140625,0.0,0.0,0.0,0.000274658203125,0.00103759765625,1.125,3577
libero_long/KITCHEN_SCENE8_put_both_moka_pots_on_the_stove/right-16x32,primary_canonical,4,5,mixed,228830,0.000331890231396192,0.036189672710730605,0.13983935580482612,0.9990600155311328,3.896982567828055e-05,0.2567757724074641,0.7432242275925359,0.5435738321024342,0.7432242275925359,0.0,0.0401826683564218,0.0401826683564218,0.7432242275925359,0.2567757724074641,0.0,0.0,0.1251312382554735,0.000244140625,0.0,0.0,0.0,0.000274658203125,0.00103759765625,1.125,3574
libero_long/KITCHEN_SCENE8_put_both_moka_pots_on_the_stove/right-16x32,primary_canonical,4,6,mixed,228830,0.0003345725722117675,0.036230959127724796,0.13994161082966544,0.9990503061288137,3.897039247331193e-05,0.25339771883057294,0.7466022811694271,0.5446139055193812,0.7466022811694271,0.0,0.04118778132237906,0.04118778132237906,0.7466022811694271,0.25339771883057294,0.0,0.0,0.12517466569068741,0.000244140625,0.0,0.0,0.0,0.000274658203125,0.00103759765625,1.125,3576
libero_long/KITCHEN_SCENE8_put_both_moka_pots_on_the_stove/right-16x32,primary_canonical,4,7,mixed,228830,0.00034194650888828495,0.03633572898877749,0.1402511346623056,0.9990044490805936,3.8904577567903164e-05,0.247821526897697,0.752178473102303,0.557929467290128,0.752178473102303,0.0,0.03934361753266617,0.03934361753266617,0.752178473102303,0.247821526897697,0.0,0.0,0.12518545426736005,0.000244140625,0.0,0.0,0.0,0.000274658203125,0.001068115234375,1.125,3576
libero_long/KITCHEN_SCENE8_put_both_moka_pots_on_the_stove/right-16x32,primary_canonical,4,8,mixed,228830,0.00035487877105138093,0.03645153788322492,0.1406168860290578,0.9989706583492032,3.8653420687232334e-05,0.23987239435388716,0.7601276056461128,0.5709828256784513,0.7601276056461128,0.0,0.03894157234628327,0.03894157234628327,0.7601276056461128,0.23987239435388716,0.0,0.0,0.12520894332036883,0.000244140625,0.0,0.0,0.0,0.000274658203125,0.001068115234375,1.125,3575
libero_long/KITCHEN_SCENE8_put_both_moka_pots_on_the_stove/right-16x32,primary_canonical,4,9,mixed,228830,0.00038290365131012923,0.0367745583725159,0.1415944238166024,0.9988830352321307,3.807805704861073e-05,0.22612419700214131,0.7738758029978586,0.6003408643971507,0.7738758029978586,0.0,0.03645938032600621,0.03645938032600621,0.7738758029978586,0.22612419700214131,0.0,0.0,0.12531232246645982,0.000244140625,0.0,0.0,0.0,0.000274658203125,0.0010986328125,1.125,3576
libero_long/KITCHEN_SCENE8_put_both_moka_pots_on_the_stove/right-16x32,primary_canonical,4,10,mixed,228830,0.0005118332505981514,0.03873003323803424,0.14680079932876106,0.9982985593602879,3.6368136461582426e-05,0.1783594808373028,0.8216405191626972,0.7135996154350391,0.8216405191626972,0.0,0.02510160381068916,0.02510160381068916,0.8216405191626972,0.1783594808373028,0.0,0.0,0.125266300310274,0.000244140625,0.0,0.0,0.0,0.00030517578125,0.001556396484375,1.25,3575
libero_long/KITCHEN_SCENE8_put_both_moka_pots_on_the_stove/right-16x32,primary_canonical,5,0,state,228830,0.003348875518800162,0.2969521187987876,0.4378053830781975,0.7973795632747057,6.09011675716254e-05,0.03150810645457326,0.9684918935454268,0.9493947471922388,0.9684918935454268,0.0,0.002884237206659966,0.002884237206659966,0.9684918935454268,0.03150810645457326,0.0,0.0,0.12505599134728837,0.00020121790409108973,0.0,0.0,0.00011444091796875,0.002124786376953125,0.011363220401108265,11.75,3574
libero_long/KITCHEN_SCENE8_put_both_moka_pots_on_the_stove/right-16x32,primary_canonical,5,1,mixed,228830,0.0005493888226504801,0.04002267278814547,0.1498803762415825,0.9974664318487579,3.753096647978986e-05,0.20469781060175676,0.7953021893982433,0.7515404448717389,0.7953021893982433,0.0,0.007634488484901455,0.007634488484901455,0.7953021893982433,0.20469781060175676,0.0,0.0,0.12513410610496875,0.000244140625,0.0,0.0,0.0,0.00030517578125,0.00164794921875,1.25,3577
libero_long/KITCHEN_SCENE8_put_both_moka_pots_on_the_stove/right-16x32,primary_canonical,5,2,mixed,228830,0.0004284773726034679,0.038022480595285325,0.14516151860653925,0.998140858778174,3.877986599055692e-05,0.24124896211161123,0.7587510378883887,0.6947559323515273,0.7587510378883887,0.0,0.009465542105493161,0.009465542105493161,0.7587510378883887,0.24124896211161123,0.0,0.0,0.1254086002709435,0.00024413822445633768,0.0,0.0,0.0,0.000274658203125,0.0013427734375,1.125,3575
libero_long/KITCHEN_SCENE8_put_both_moka_pots_on_the_stove/right-16x32,primary_canonical,5,3,mixed,228830,0.00039447787257803284,0.03750387207692733,0.14366168813293267,0.9983545937410201,3.90813009245998e-05,0.25628195603723286,0.7437180439627671,0.6592535943713674,0.7437180439627671,0.0,0.011965214351265132,0.011965214351265132,0.7437180439627671,0.25628195603723286,0.0,0.0,0.12479829458550015,0.00024413342336901303,0.0,0.0,0.0,0.000274658203125,0.001129150390625,1.125,3574
libero_long/KITCHEN_SCENE8_put_both_moka_pots_on_the_stove/right-16x32,primary_canonical,5,4,mixed,228830,0.00037554845221053157,0.037351299923199674,0.14290683824522263,0.9984295069827528,3.9456002451669906e-05,0.26749552069221694,0.7325044793077831,0.6335052222173666,0.7325044793077831,0.0,0.013105799064807936,0.013105799064807936,0.7325044793077831,0.26749552069221694,0.0,0.0,0.12499535681510292,0.00024411555265508239,0.0,0.0,0.0,0.000274658203125,0.0010986328125,1.125,3577
libero_long/KITCHEN_SCENE8_put_both_moka_pots_on_the_stove/right-16x32,primary_canonical,5,5,mixed,228830,0.0003713174940056824,0.03726617464448055,0.1425995151776667,0.9984675952556568,3.9465087842614126e-05,0.2694620460603942,0.7305379539396059,0.6272429314338155,0.7305379539396059,0.0,0.01321068041777739,0.01321068041777739,0.7305379539396059,0.2694620460603942,0.0,0.0,0.125033185115588,0.000244108617751169,0.0,0.0,0.0,0.000274658203125,0.0010986328125,1.125,3574
libero_long/KITCHEN_SCENE8_put_both_moka_pots_on_the_stove/right-16x32,primary_canonical,5,6,mixed,228830,0.00037072629344706633,0.03731998496448817,0.14260585341311646,0.9984747919219776,3.960076857086183e-05,0.2699165319232618,0.7300834680767382,0.6263776602718175,0.7300834680767382,0.0,0.01306646855744439,0.01306646855744439,0.7300834680767382,0.2699165319232618,0.0,0.0,0.12517712384739763,0.0002441179531987447,0.0,0.0,0.0,0.000274658203125,0.0010986328125,1.125,3576
libero_long/KITCHEN_SCENE8_put_both_moka_pots_on_the_stove/right-16x32,primary_canonical,5,7,mixed,228830,0.0003818056026299204,0.03739925625075964,0.1428682259671865,0.9984797080843223,3.934867814543343e-05,0.26327841629157017,0.7367215837084299,0.6385089367652843,0.7367215837084299,0.0,0.012000174802254949,0.012000174802254949,0.7367215837084299,0.26327841629157017,0.0,0.0,0.12469587138924092,0.00024413262318779224,0.0,0.0,0.0,0.000274658203125,0.0010986328125,1.125,3576
libero_long/KITCHEN_SCENE8_put_both_moka_pots_on_the_stove/right-16x32,primary_canonical,5,8,mixed,228830,0.00040129181576354446,0.03763277660387044,0.14350073208046435,0.998465657565517,3.8925932404232603e-05,0.25313114539177556,0.7468688546082245,0.6553729843114976,0.7468688546082245,0.0,0.011641830179609318,0.011641830179609318,0.7468688546082245,0.25313114539177556,0.0,0.0,0.12491601297906743,0.00024413769100219048,0.0,0.0,0.0,0.000274658203125,0.0010986328125,1.125,3575
libero_long/KITCHEN_SCENE8_put_both_moka_pots_on_the_stove/right-16x32,primary_canonical,5,9,mixed,228830,0.00044449800086991437,0.03809634545713862,0.14483215454725704,0.9983461217884834,3.8418634180703195e-05,0.23614036621072412,0.7638596337892759,0.6920727177380588,0.7638596337892759,0.0,0.009089717257352619,0.009089717257352619,0.7638596337892759,0.23614036621072412,0.0,0.0,0.12488842699820828,0.00024414009154585282,0.0,0.0,0.0,0.000274658203125,0.0013427734375,1.125,3577
libero_long/KITCHEN_SCENE8_put_both_moka_pots_on_the_stove/right-16x32,primary_canonical,5,10,mixed,228830,0.0006610057010458091,0.04123827182386522,0.1522056503239219,0.9974065602797288,3.683214154697947e-05,0.17373159113752568,0.8262684088624743,0.7926451951230171,0.8262684088624743,0.0,0.005825285146178386,0.005825285146178386,0.8262684088624743,0.17373159113752568,0.0,0.0,0.1249844316741686,0.000244140625,0.0,0.0,0.0,0.00054931640625,0.001983642578125,2.25,3574
libero_long/KITCHEN_SCENE8_put_both_moka_pots_on_the_stove/right-16x32,primary_canonical,12,0,state,228830,0.0021839506094863,0.0626905098123129,0.2057416232655485,0.9846812624414135,3.215928326295722e-05,0.055456015382598436,0.9445439846174015,0.9066555958571866,0.9445439846174015,0.0,0.009089717257352619,0.009089717257352619,0.9445439846174015,0.055456015382598436,0.0,0.0,0.12510242319625922,0.0002441993049561902,0.0,0.0,0.0,0.0015869140625,0.007121277041733265,6.5,3574
libero_long/KITCHEN_SCENE8_put_both_moka_pots_on_the_stove/right-16x32,primary_canonical,12,1,mixed,228830,0.00044711619382429093,0.037383310372755565,0.14361195633660734,0.9987170820369986,3.914743256840845e-05,0.26968054887908055,0.7303194511209194,0.6581523401651881,0.7303194511209194,0.0,0.004409386881090766,0.004409386881090766,0.7303194511209194,0.26968054887908055,0.0,0.0,0.12510228663199754,0.000244140625,0.0,0.0,0.0,0.000274658203125,0.0013488769764080644,1.125,3577
libero_long/KITCHEN_SCENE8_put_both_moka_pots_on_the_stove/right-16x32,primary_canonical,12,2,mixed,228830,0.0003750302681883112,0.03645636644343816,0.14080120323890313,0.9990780078004573,4.010388251342427e-05,0.3017130620985011,0.698286937901499,0.5922999606694926,0.698286937901499,0.0,0.00680854783026701,0.00680854783026701,0.698286937901499,0.3017130620985011,0.0,0.0,0.12512263470698773,0.000244140625,0.0,0.0,0.0,0.000274658203125,0.0010986328125,1.125,3575
libero_long/KITCHEN_SCENE8_put_both_moka_pots_on_the_stove/right-16x32,primary_canonical,12,3,mixed,228830,0.00034634817242023283,0.036057881129942945,0.13960681047253282,0.9992025469127028,4.0767366108983744e-05,0.3182843158676747,0.6817156841323253,0.5590001311016912,0.6817156841323253,0.0,0.008123934798758904,0.008123934798758904,0.6817156841323253,0.3182843158676747,0.0,0.0,0.12476606541974392,0.000244140625,0.0,0.0,0.0,0.000274658203125,0.001068115234375,1.125,3574
libero_long/KITCHEN_SCENE8_put_both_moka_pots_on_the_stove/right-16x32,primary_canonical,12,4,mixed,228830,0.00033368943887110517,0.03590223281287555,0.13907740230832866,0.9992568457654862,4.100922088296306e-05,0.32429751343792335,0.6757024865620767,0.5402613293711489,0.6757024865620767,0.0,0.009277629681422891,0.009277629681422891,0.6757024865620767,0.32429751343792335,0.0,0.0,0.12479911397107023,0.000244140625,0.0,0.0,0.0,0.000274658203125,0.001068115234375,1.125,3577
libero_long/KITCHEN_SCENE8_put_both_moka_pots_on_the_stove/right-16x32,primary_canonical,12,5,mixed,228830,0.00033199692222562875,0.03587191047896842,0.13893753116439128,0.9992754443687445,4.117432494151636e-05,0.32723419132106807,0.672765808678932,0.5346545470436569,0.672765808678932,0.0,0.009854477122754883,0.009854477122754883,0.672765808678932,0.32723419132106807,0.0,0.0,0.12535233579513175,0.000244140625,0.0,0.0,0.0,0.000274658203125,0.001068115234375,1.125,3574
libero_long/KITCHEN_SCENE8_put_both_moka_pots_on_the_stove/right-16x32,primary_canonical,12,6,mixed,228830,0.0003370424649132271,0.03590514173834014,0.13903320483205328,0.9992700793307827,4.102282396371624e-05,0.3230913778787746,0.6769086221212254,0.5399772757068566,0.6769086221212254,0.0,0.009080977144605165,0.009080977144605165,0.6769086221212254,0.3230913778787746,0.0,0.0,0.12517644102608924,0.000244140625,0.0,0.0,0.0,0.000274658203125,0.001068115234375,1.125,3577
libero_long/KITCHEN_SCENE8_put_both_moka_pots_on_the_stove/right-16x32,primary_canonical,12,7,mixed,228830,0.0003443681239894245,0.03600811399228036,0.13932452054101468,0.9992414451823318,4.1000085480692546e-05,0.3151160249967225,0.6848839750032776,0.5501507669448936,0.6848839750032776,0.0,0.008945505397019621,0.008945505397019621,0.6848839750032776,0.3151160249967225,0.0,0.0,0.12507456408687673,0.000244140625,0.0,0.0,0.0,0.000274658203125,0.001068115234375,1.125,3574
libero_long/KITCHEN_SCENE8_put_both_moka_pots_on_the_stove/right-16x32,primary_canonical,12,8,mixed,228830,0.0003555402541938885,0.03615376484517539,0.13977495255245434,0.9991932719835206,4.073552556457373e-05,0.30766070882314384,0.6923392911768562,0.5650308088974347,0.6923392911768562,0.0,0.008075864178647904,0.008075864178647904,0.6923392911768562,0.30766070882314384,0.0,0.0,0.12491970021413276,0.000244140625,0.0,0.0,0.0,0.000274658203125,0.001068115234375,1.125,3575
libero_long/KITCHEN_SCENE8_put_both_moka_pots_on_the_stove/right-16x32,primary_canonical,12,9,mixed,228830,0.00038235632735511896,0.036476594224518134,0.1407652065532324,0.9990884558627725,4.010558289851842e-05,0.2920814578508063,0.7079185421491937,0.5960975396582616,0.7079185421491937,0.0,0.007280513918629551,0.007280513918629551,0.7079185421491937,0.2920814578508063,0.0,0.0,0.12523666586548968,0.000244140625,0.0,0.0,0.0,0.000274658203125,0.0010986328125,1.125,3577
libero_long/KITCHEN_SCENE8_put_both_moka_pots_on_the_stove/right-16x32,primary_canonical,12,10,mixed,228830,0.00046992029170809114,0.037559301430271655,0.14402205494688675,0.998695166480972,3.8959289958873675e-05,0.25218284315867673,0.7478171568413232,0.6747585543853516,0.7478171568413232,0.0,0.004448717388454311,0.004448717388454311,0.7478171568413232,0.25218284315867673,0.0,0.0,0.12492161211379627,0.000244140625,0.0,0.0,0.0,0.000274658203125,0.001434326171875,1.125,3574
libero_long/KITCHEN_SCENE8_put_both_moka_pots_on_the_stove/right-16x32,primary_canonical,13,0,state,228830,0.001993920905905858,0.058037616049749,0.19690115445665518,0.9867550101187691,3.310983187146981e-05,0.0706201109994319,0.9293798890005681,0.9180614429926146,0.9293798890005681,0.0,0.0025783332604990606,0.0025783332604990606,0.9293798890005681,0.0706201109994319,0.0,0.0,0.12485797316785387,0.000244140625,0.0,0.0,0.0,0.00140380859375,0.00579833984375,5.75,3574
libero_long/KITCHEN_SCENE8_put_both_moka_pots_on_the_stove/right-16x32,primary_canonical,13,1,mixed,228830,0.0004579871891626699,0.03781999086982558,0.14477054032653028,0.998394318240217,4.029282530417982e-05,0.28602455971682034,0.7139754402831796,0.6603504785211729,0.7139754402831796,0.0,0.0031726609273259624,0.0031726609273259624,0.7139754402831796,0.28602455971682034,0.0,0.0,0.12474435170213696,0.000244140625,0.0,0.0,0.0,0.000274658203125,0.00140380859375,1.125,3577
libero_long/KITCHEN_SCENE8_put_both_moka_pots_on_the_stove/right-16x32,primary_canonical,13,2,mixed,228830,0.0003815252057938071,0.03676390916073921,0.14166024418991616,0.9988218215940529,4.190512378227355e-05,0.32608049643840403,0.6739195035615959,0.5970589520604815,0.6739195035615959,0.0,0.004894463138574488,0.004894463138574488,0.6739195035615959,0.32608049643840403,0.0,0.0,0.12479119324389285,0.000244140625,0.0,0.0,0.0,0.000274658203125,0.0010986328125,1.125,3575
libero_long/KITCHEN_SCENE8_put_both_moka_pots_on_the_stove/right-16x32,primary_canonical,13,3,mixed,228830,0.0003562616175644174,0.03641150508347661,0.14054307838016178,0.9989793576131161,4.235789298969554e-05,0.34422060044574576,0.6557793995542542,0.5652012410960101,0.6557793995542542,0.0,0.006109338810470655,0.006109338810470655,0.6557793995542542,0.34422060044574576,0.0,0.0,0.12496162544246821,0.000244140625,0.0,0.0,0.0,0.000274658203125,0.001068115234375,1.125,3576
libero_long/KITCHEN_SCENE8_put_both_moka_pots_on_the_stove/right-16x32,primary_canonical,13,4,mixed,228830,0.00034379306041876066,0.03621413811819227,0.13995870110017877,0.999060819191527,4.2592479450919485e-05,0.35253681772494866,0.6474631822750514,0.5492680155574007,0.6474631822750514,0.0,0.00672988681553992,0.00672988681553992,0.6474631822750514,0.35253681772494866,0.0,0.0,0.1250721059301665,0.000244140625,0.0,0.0,0.0,0.000274658203125,0.001068115234375,1.125,3576
libero_long/KITCHEN_SCENE8_put_both_moka_pots_on_the_stove/right-16x32,primary_canonical,13,5,mixed,228830,0.0003401503687747181,0.03614945106821419,0.13974551988670117,0.9990951766403271,4.263615600922013e-05,0.35421928942883363,0.6457807105711664,0.5439059563868374,0.6457807105711664,0.0,0.007149412227417734,0.007149412227417734,0.6457807105711664,0.35421928942883363,0.0,0.0,0.1249954933793646,0.000244140625,0.0,0.0,0.0,0.000274658203125,0.001068115234375,1.125,3574
libero_long/KITCHEN_SCENE8_put_both_moka_pots_on_the_stove/right-16x32,primary_canonical,13,6,mixed,228830,0.0003438113312233017,0.03620345529880431,0.13986484864497525,0.9990900534894381,4.2586144682921685e-05,0.35098107765590175,0.6490189223440982,0.5500152951973081,0.6490189223440982,0.0,0.006524494165974741,0.006524494165974741,0.6490189223440982,0.35098107765590175,0.0,0.0,0.12499358147970109,0.000244140625,0.0,0.0,0.0,0.000274658203125,0.001068115234375,1.125,3577
libero_long/KITCHEN_SCENE8_put_both_moka_pots_on_the_stove/right-16x32,primary_canonical,13,7,mixed,228830,0.00034931431084210985,0.036302673902637875,0.14012443076708317,0.9990688021447761,4.2227230064519784e-05,0.347052396975921,0.6529476030240791,0.5566446707162522,0.6529476030240791,0.0,0.00635406196739938,0.00635406196739938,0.6529476030240791,0.347052396975921,0.0,0.0,0.12543632281606432,0.000244140625,0.0,0.0,0.0,0.000274658203125,0.0010986328125,1.125,3574
libero_long/KITCHEN_SCENE8_put_both_moka_pots_on_the_stove/right-16x32,primary_canonical,13,8,mixed,228830,0.000364781413749085,0.0365354546215736,0.14077292576810568,0.9990099387663163,4.18485776426721e-05,0.3378184678582354,0.6621815321417647,0.5743783594808373,0.6621815321417647,0.0,0.005812174977057204,0.005812174977057204,0.6621815321417647,0.3378184678582354,0.0,0.0,0.12548958287811912,0.000244140625,0.0,0.0,0.0,0.000274658203125,0.0010986328125,1.125,3575
libero_long/KITCHEN_SCENE8_put_both_moka_pots_on_the_stove/right-16x32,primary_canonical,13,9,mixed,228830,0.0004039153432593929,0.03708653129314577,0.1422588509591847,0.9988498880808698,4.089996280544304e-05,0.3142857142857143,0.6857142857142857,0.614307564567583,0.6857142857142857,0.0,0.0043394659791111305,0.0043394659791111305,0.6857142857142857,0.3142857142857143,0.0,0.0,0.12525209762705938,0.000244140625,0.0,0.0,0.0,0.000274658203125,0.001312255859375,1.125,3577
libero_long/KITCHEN_SCENE8_put_both_moka_pots_on_the_stove/right-16x32,primary_canonical,13,10,mixed,228830,0.0005049993028821204,0.03837302411784608,0.14582821079543049,0.9984147588622084,3.916333617017136e-05,0.25863741642267185,0.7413625835773281,0.6932613730717126,0.7413625835773281,0.0,0.0028405366429226937,0.0028405366429226937,0.7413625835773281,0.25863741642267185,0.0,0.0,0.12521167460560242,0.000244140625,0.0,0.0,0.0,0.00030517578125,0.001617431640625,1.25,3574
libero_long/KITCHEN_SCENE8_put_both_moka_pots_on_the_stove/right-16x32,primary_canonical,14,0,state,228830,0.001980405845086964,0.05768698997515896,0.1942511943078138,0.9882065929644686,3.2288979302491205e-05,0.0728051391862955,0.9271948608137045,0.92422322247957,0.9271948608137045,0.0,0.0005244067648472665,0.0005244067648472665,0.9271948608137045,0.0728051391862955,0.0,0.0,0.12586035484857755,0.000244140625,0.0,0.0,0.0,0.0013427734375,0.005706787109375,5.5,3575
libero_long/KITCHEN_SCENE8_put_both_moka_pots_on_the_stove/right-16x32,primary_canonical,14,1,mixed,228830,0.00041720702015415374,0.03710276243575505,0.14261590942388147,0.9987919776335893,4.3473412293224635e-05,0.37342568719136476,0.6265743128086352,0.5965826159157454,0.6265743128086352,0.0,0.0017480225494908885,0.0017480225494908885,0.6265743128086352,0.37342568719136476,0.0,0.0,0.12483967355678888,0.000244140625,0.0,0.0,0.0,0.000274658203125,0.0013427734375,1.125,3576
libero_long/KITCHEN_SCENE8_put_both_moka_pots_on_the_stove/right-16x32,primary_canonical,14,2,mixed,228830,0.0003615321445385903,0.036303165080543896,0.14038159954262922,0.999062310204464,4.479487823845076e-05,0.4062928811781672,0.5937071188218328,0.5530175239260586,0.5937071188218328,0.0,0.0024647117947821525,0.0024647117947821525,0.5937071188218328,0.4062928811781672,0.0,0.0,0.12496408359917843,0.000244140625,0.0,0.0,0.0,0.000274658203125,0.0010986328125,1.125,3575
libero_long/KITCHEN_SCENE8_put_both_moka_pots_on_the_stove/right-16x32,primary_canonical,14,3,mixed,228830,0.0003391286707193249,0.03600800009981994,0.1394615890502263,0.9991707122047709,4.562303246106894e-05,0.4244679456364987,0.5755320543635013,0.5302320499934449,0.5755320543635013,0.0,0.002967268277760783,0.002967268277760783,0.5755320543635013,0.4244679456364987,0.0,0.0,0.1250818019927457,0.000244140625,0.0,0.0,0.0,0.000274658203125,0.001068115234375,1.125,3576
libero_long/KITCHEN_SCENE8_put_both_moka_pots_on_the_stove/right-16x32,primary_canonical,14,4,mixed,228830,0.0003281959280634095,0.0358812023166676,0.13904907309247894,0.999218823983943,4.601728841672175e-05,0.4347550583402526,0.5652449416597474,0.5192020277061574,0.5652449416597474,0.0,0.003146440589083599,0.003146440589083599,0.5652449416597474,0.4347550583402526,0.0,0.0,0.12524417689988201,0.000244140625,0.0,0.0,0.0,0.000274658203125,0.001068115234375,1.125,3576
libero_long/KITCHEN_SCENE8_put_both_moka_pots_on_the_stove/right-16x32,primary_canonical,14,5,mixed,228830,0.0003232568094781743,0.03581989949979925,0.1388833212872274,0.999234680860801,4.607073385409269e-05,0.4401214875671896,0.5598785124328104,0.5124022199886379,0.5598785124328104,0.0,0.00325569199842678,0.00325569199842678,0.5598785124328104,0.4401214875671896,0.0,0.0,0.12441550496001398,0.000244140625,0.0,0.0,0.0,0.000244140625,0.001068115234375,1.0,3574
libero_long/KITCHEN_SCENE8_put_both_moka_pots_on_the_stove/right-16x32,primary_canonical,14,6,mixed,228830,0.00032675000059746864,0.03584320731176153,0.1389522862393753,0.9992283221149769,4.603602599364157e-05,0.43726784075514574,0.5627321592448543,0.5161342481318009,0.5627321592448543,0.0,0.002945417995892147,0.002945417995892147,0.5627321592448543,0.43726784075514574,0.0,0.0,0.12502963444478435,0.000244140625,0.0,0.0,0.0,0.000274658203125,0.001068115234375,1.125,3577
libero_long/KITCHEN_SCENE8_put_both_moka_pots_on_the_stove/right-16x32,primary_canonical,14,7,mixed,228830,0.0003309765578056035,0.035943642724504815,0.13916851387612392,0.9992128368600424,4.5755862543717635e-05,0.4355067080365337,0.5644932919634663,0.5191364768605515,0.5644932919634663,0.0,0.0029803784468819647,0.0029803784468819647,0.5644932919634663,0.4355067080365337,0.0,0.0,0.12440321417646287,0.000244140625,0.0,0.0,0.0,0.000274658203125,0.001068115234375,1.125,3574
libero_long/KITCHEN_SCENE8_put_both_moka_pots_on_the_stove/right-16x32,primary_canonical,14,8,mixed,228830,0.000345218449900035,0.03612292586092671,0.13966693742309724,0.9991622389222454,4.541998647629722e-05,0.4216579993881921,0.5783420006118078,0.5361316260979767,0.5783420006118078,0.0,0.0027400253463269676,0.0027400253463269676,0.5783420006118078,0.4216579993881921,0.0,0.0,0.12506254643184897,0.000244140625,0.0,0.0,0.0,0.000274658203125,0.001068115234375,1.125,3577
libero_long/KITCHEN_SCENE8_put_both_moka_pots_on_the_stove/right-16x32,primary_canonical,14,9,mixed,228830,0.0003734091010350205,0.03649642551580322,0.1407516610855271,0.9990392465149768,4.477874125049846e-05,0.4032382117729319,0.5967617882270682,0.5620766507887952,0.5967617882270682,0.0,0.002316129878075427,0.002316129878075427,0.5967617882270682,0.4032382117729319,0.0,0.0,0.12488910981951667,0.000244140625,0.0,0.0,0.0,0.000274658203125,0.0010986328125,1.125,3575
libero_long/KITCHEN_SCENE8_put_both_moka_pots_on_the_stove/right-16x32,primary_canonical,14,10,mixed,228830,0.0004404265454550731,0.0374128266574463,0.14353331585986492,0.9986859172771472,4.316817649838308e-05,0.35833151247651096,0.641668487523489,0.6192632084953896,0.641668487523489,0.0,0.0013940479832189835,0.0013940479832189835,0.641668487523489,0.35833151247651096,0.0,0.0,0.12553751693396845,0.000244140625,0.0,0.0,0.0,0.000518798828125,0.0013427734375,2.125,3574
libero_long/KITCHEN_SCENE8_put_both_moka_pots_on_the_stove/right-16x32,primary_canonical,15,0,state,228830,0.0015415317845637318,0.051719881242864515,0.18320804664796192,0.9899652658556796,3.348324977449826e-05,0.09063496919110256,0.9093650308088974,0.9013678276449766,0.9093650308088974,0.0,0.001879124240702705,0.001879124240702705,0.9093650308088974,0.09063496919110256,0.0,0.0,0.12582348249792422,0.000244140625,0.0,0.0,0.0,0.0010986328125,0.00445556640625,4.5,3575
libero_long/KITCHEN_SCENE8_put_both_moka_pots_on_the_stove/right-16x32,primary_canonical,15,1,mixed,228830,0.0004438725258823417,0.03778701100072072,0.14426796077165976,0.9980941953600919,4.73959673192333e-05,0.41582834418564,0.58417165581436,0.5830398112135646,0.58417165581436,0.0,5.6810732858453874e-05,5.6810732858453874e-05,0.58417165581436,0.41582834418564,0.0,0.0,0.1249830660315518,0.000244140625,0.0,0.0,0.0,0.000518798828125,0.001434326171875,2.125,3576
libero_long/KITCHEN_SCENE8_put_both_moka_pots_on_the_stove/right-16x32,primary_canonical,15,2,mixed,228830,0.00037931803925983536,0.03699624151146423,0.14198559474024025,0.9983948465890413,4.9091334610308755e-05,0.45636935716470745,0.5436306428352926,0.5416247869597518,0.5436306428352926,0.0,0.0001223615784643622,0.0001223615784643622,0.5436306428352926,0.45636935716470745,0.0,0.0,0.1250266300310274,0.00024414009154585282,0.0,0.0,0.0,0.000518798828125,0.001129150390625,2.125,3575
libero_long/KITCHEN_SCENE8_put_both_moka_pots_on_the_stove/right-16x32,primary_canonical,15,3,mixed,228830,0.00035847658586529165,0.036683183678462516,0.14104647772069298,0.998562028557772,4.976430368742284e-05,0.47167329458550017,0.5283267054144999,0.5254162478695975,0.5283267054144999,0.0,0.00013984180395927107,0.00013984180395927107,0.5283267054144999,0.47167329458550017,0.0,0.0,0.12494646680942184,0.00024414009154585282,0.0,0.0,0.0,0.000274658203125,0.0010986328125,1.125,3576
libero_long/KITCHEN_SCENE8_put_both_moka_pots_on_the_stove/right-16x32,primary_canonical,15,4,mixed,228830,0.00034770801372317197,0.03655525897342425,0.14063495825529254,0.9986430320660353,4.997096715813015e-05,0.48157584232836603,0.518424157671634,0.5153126775335402,0.518424157671634,0.0,0.0001835423676965433,0.0001835423676965433,0.518424157671634,0.48157584232836603,0.0,0.0,0.12547893086570816,0.000244140625,0.0,0.0,0.0,0.000274658203125,0.001068115234375,1.125,3576
libero_long/KITCHEN_SCENE8_put_both_moka_pots_on_the_stove/right-16x32,primary_canonical,15,5,mixed,228830,0.0003460635746327104,0.036570571908082695,0.14050504389964882,0.998694743765967,4.9914687745602286e-05,0.48186863610540576,0.5181313638945942,0.5146877594720972,0.5181313638945942,0.0,0.00013984180395927107,0.00013984180395927107,0.5181313638945942,0.48186863610540576,0.0,0.0,0.12481304352576149,0.00024413929136463203,0.0,0.0,0.0,0.0,0.0010986328125,0.0,3575
libero_long/KITCHEN_SCENE8_put_both_moka_pots_on_the_stove/right-16x32,primary_canonical,15,6,mixed,228830,0.0003457533710461232,0.036626915335108215,0.1405046143356968,0.9987273204849144,4.999944027323607e-05,0.4808810033649434,0.5191189966350566,0.5158021238473977,0.5191189966350566,0.0,0.0001879124240702705,0.0001879124240702705,0.5191189966350566,0.4808810033649434,0.0,0.0,0.1251767141546126,0.0002441403582729264,0.0,0.0,0.0,0.000274658203125,0.0010986328125,1.125,3576
libero_long/KITCHEN_SCENE8_put_both_moka_pots_on_the_stove/right-16x32,primary_canonical,15,7,mixed,228830,0.0003477904323889118,0.03673266368443038,0.1406333709624776,0.9987493682998005,4.952898372674652e-05,0.4802560853035004,0.5197439146964996,0.5168684176025871,0.5197439146964996,0.0,0.00019228248044399774,0.00019228248044399774,0.5197439146964996,0.4802560853035004,0.0,0.0,0.12522492133898527,0.000244140625,0.0,0.0,0.0,0.000274658203125,0.0010986328125,1.125,3574
libero_long/KITCHEN_SCENE8_put_both_moka_pots_on_the_stove/right-16x32,primary_canonical,15,8,mixed,228830,0.0003595282240346955,0.03698243918558708,0.14107466303728647,0.9987400052337303,4.916451785112549e-05,0.4705851505484421,0.5294148494515579,0.5267097845562208,0.5294148494515579,0.0,0.0001835423676965433,0.0001835423676965433,0.5294148494515579,0.4705851505484421,0.0,0.0,0.12501201765502776,0.00024413955809170562,0.0,0.0,0.0,0.00048828125,0.0010986328125,2.0,3577
libero_long/KITCHEN_SCENE8_put_both_moka_pots_on_the_stove/right-16x32,primary_canonical,15,9,mixed,228830,0.0003769434348054164,0.03752497819026065,0.1421321332608362,0.9986356259541032,4.809520901309617e-05,0.4578901367827645,0.5421098632172355,0.540195778525543,0.5421098632172355,0.0,0.00013547174758554386,0.00013547174758554386,0.5421098632172355,0.4578901367827645,0.0,0.0,0.1252723091377879,0.00024413875791048486,0.0,0.0,0.0,0.000518798828125,0.0010986328125,2.125,3575
libero_long/KITCHEN_SCENE8_put_both_moka_pots_on_the_stove/right-16x32,primary_canonical,15,10,mixed,228830,0.00045137649200723516,0.03936565612384876,0.14571866245217263,0.9982183472450571,4.58279622057979e-05,0.4067648472665297,0.5932351527334703,0.5921120482454224,0.5932351527334703,0.0,7.429095835336275e-05,7.429095835336275e-05,0.5932351527334703,0.4067648472665297,0.0,0.0,0.125343732246646,0.00024413795772926407,0.0,0.0,0.0,0.000518798828125,0.0015365600120276213,2.125,3574
libero_spatial/pick_up_the_black_bowl_on_the_ramekin_and_place_it_on_the_plate/pin-base,duplicate_baseline,2,0,state,51390,0.0098801950787635,0.2816387413308462,0.5048467068617435,0.8052119317744163,5.9339201712473793e-05,0.017707725238373224,0.9822922747616267,0.9815139132126873,0.9822922747616267,0.0,0.0,0.0,0.9822922747616267,0.017707725238373224,0.0,0.0,0.12580268534734385,0.0002720571719479714,0.0,0.0,0.0003662109375,0.00634002685546875,0.03235016018152237,24.91666603088379,804
libero_spatial/pick_up_the_black_bowl_on_the_ramekin_and_place_it_on_the_plate/pin-base,duplicate_baseline,2,1,mixed,51390,0.0007831099154443958,0.04241908144500845,0.15790320769616384,0.9960067670548048,3.532562582472879e-05,0.13913212687293247,0.8608678731270675,0.8193617435298697,0.8608678731270675,0.0,0.010177077252383732,0.010177077252383732,0.8608678731270675,0.13913212687293247,0.0,0.0,0.12439798598949212,0.000244140625,0.0,0.0,0.0,0.000579833984375,0.00238037109375,2.375,802
libero_spatial/pick_up_the_black_bowl_on_the_ramekin_and_place_it_on_the_plate/pin-base,duplicate_baseline,2,2,mixed,51390,0.0006294210403896672,0.040413752324062927,0.15209940687462753,0.9971035191244503,3.6284384919549034e-05,0.16324187585133296,0.836758124148667,0.7821171434131154,0.836758124148667,0.0,0.01270675228643705,0.01270675228643705,0.836758124148667,0.16324187585133296,0.0,0.0,0.1245524421093598,0.000244140625,0.0,0.0,0.0,0.00042724609375,0.001739501953125,1.75,805
libero_spatial/pick_up_the_black_bowl_on_the_ramekin_and_place_it_on_the_plate/pin-base,duplicate_baseline,2,3,mixed,51390,0.0005267616653516613,0.03922947848160969,0.14873177461017312,0.9976331065394206,3.669235487813777e-05,0.18320684958163067,0.8167931504183693,0.7359603035610041,0.8167931504183693,0.0,0.018719595251994552,0.018719595251994552,0.8167931504183693,0.18320684958163067,0.0,0.0,0.12489905623662191,0.000244140625,0.0,0.0,0.0,0.000274658203125,0.0014633178943768144,1.125,802
libero_spatial/pick_up_the_black_bowl_on_the_ramekin_and_place_it_on_the_plate/pin-base,duplicate_baseline,2,4,mixed,51390,0.0004928532452127724,0.03874454116004755,0.14731730594549644,0.9978808873345542,3.709171411707652e-05,0.19040669390932088,0.8095933060906791,0.7117727184277096,0.8095933060906791,0.0,0.022202763183498734,0.022202763183498734,0.8095933060906791,0.19040669390932088,0.0,0.0,0.12517330706363106,0.000244140625,0.0,0.0,0.0,0.000274658203125,0.0014007568825036287,1.125,803
libero_spatial/pick_up_the_black_bowl_on_the_ramekin_and_place_it_on_the_plate/pin-base,duplicate_baseline,2,5,mixed,51390,0.00047930650475378237,0.03873584373935834,0.14702621967696475,0.9978731504382501,3.7260810835720105e-05,0.1966725043782837,0.8033274956217162,0.7023156256080949,0.8033274956217162,0.0,0.022864370500097295,0.022864370500097295,0.8033274956217162,0.1966725043782837,0.0,0.0,0.12516418563922943,0.000244140625,0.0,0.0,0.0,0.000274658203125,0.0014007568825036287,1.125,803
libero_spatial/pick_up_the_black_bowl_on_the_ramekin_and_place_it_on_the_plate/pin-base,duplicate_baseline,2,6,mixed,51390,0.0004863316643026975,0.03887145069699084,0.14718034383874387,0.9978667313242079,3.742263298086629e-05,0.1933644677952909,0.8066355322047091,0.7107608484140884,0.8066355322047091,0.0,0.02122981124732438,0.02122981124732438,0.8066355322047091,0.1933644677952909,0.0,0.0,0.12482061198676786,0.000244140625,0.0,0.0,0.0,0.000274658203125,0.001373291015625,1.125,802
libero_spatial/pick_up_the_black_bowl_on_the_ramekin_and_place_it_on_the_plate/pin-base,duplicate_baseline,2,7,mixed,51390,0.0004763842046573993,0.03916534762318483,0.14758264378690375,0.997786215943431,3.712808698456351e-05,0.19964973730297722,0.8003502626970228,0.7077836154893948,0.8003502626970228,0.0,0.020607122008172798,0.020607122008172798,0.8003502626970228,0.19964973730297722,0.0,0.0,0.12464183206849581,0.000244140625,0.0,0.0,0.0,0.000274658203125,0.00140380859375,1.125,803
libero_spatial/pick_up_the_black_bowl_on_the_ramekin_and_place_it_on_the_plate/pin-base,duplicate_baseline,2,8,mixed,51390,0.00048339036123881105,0.0391702088198093,0.1477839315324981,0.9977675988971549,3.724655861009255e-05,0.20412531620937927,0.7958746837906208,0.7175131348511383,0.7958746837906208,0.0,0.017960692741778556,0.017960692741778556,0.7958746837906208,0.20412531620937927,0.0,0.0,0.12556431212298114,0.000244140625,0.0,0.0,0.0,0.000274658203125,0.00140380859375,1.125,803
libero_spatial/pick_up_the_black_bowl_on_the_ramekin_and_place_it_on_the_plate/pin-base,duplicate_baseline,2,9,mixed,51390,0.0005324435526351795,0.03969776029599782,0.14935827691352282,0.9975490207847488,3.718747125801165e-05,0.18951157812804048,0.8104884218719596,0.7475578906402024,0.8104884218719596,0.0,0.014613738081338782,0.014613738081338782,0.8104884218719596,0.18951157812804048,0.0,0.0,0.12542323409223585,0.000244140625,0.0,0.0,0.0,0.00030517578125,0.001434326171875,1.25,804
libero_spatial/pick_up_the_black_bowl_on_the_ramekin_and_place_it_on_the_plate/pin-base,duplicate_baseline,2,10,mixed,51390,0.000737374523405575,0.041836491436502726,0.15542497785204137,0.9966809792691665,3.569484754489261e-05,0.14726600505935006,0.8527339949406499,0.8175131348511383,0.8527339949406499,0.0,0.008756567425569177,0.008756567425569177,0.8527339949406499,0.14726600505935006,0.0,0.0,0.12543113932671726,0.000244140625,0.0,0.0,0.0,0.000579833984375,0.002105712890625,2.375,803
libero_spatial/pick_up_the_black_bowl_on_the_ramekin_and_place_it_on_the_plate/pin-base,duplicate_baseline,3,0,state,51390,0.008238828977876936,0.32513332719537485,0.5179575897650303,0.7636848438482592,6.63627954651164e-05,0.018680677174547577,0.9813193228254524,0.978984238178634,0.9813193228254524,0.0,0.0001945903872348706,0.0001945903872348706,0.9813193228254524,0.018680677174547577,0.0,0.0,0.12502432379840436,0.00024386745734213854,0.0,0.0,0.00025577546330168843,0.0055389404296875,0.02666320838034153,24.520833015441895,802
libero_spatial/pick_up_the_black_bowl_on_the_ramekin_and_place_it_on_the_plate/pin-base,duplicate_baseline,3,1,mixed,51390,0.0007079383329000657,0.041745164956209564,0.15725719112671635,0.9956237435955602,3.57815485841269e-05,0.1521891418563923,0.8478108581436077,0.800642148277875,0.8478108581436077,0.0,0.011655964195368749,0.011655964195368749,0.8478108581436077,0.1521891418563923,0.0,0.0,0.1248230443666083,0.000244140625,0.0,0.0,0.0,0.000579833984375,0.0021041869185864925,2.375,802
libero_spatial/pick_up_the_black_bowl_on_the_ramekin_and_place_it_on_the_plate/pin-base,duplicate_baseline,3,2,mixed,51390,0.0005557548491772475,0.03981203879797869,0.1508915711339983,0.9970479422133821,3.6379845139116925e-05,0.17828371278458843,0.8217162872154116,0.7524031912823507,0.8217162872154116,0.0,0.01753259388986184,0.01753259388986184,0.8217162872154116,0.17828371278458843,0.0,0.0,0.12508452519945515,0.000244140625,0.0,0.0,0.0,0.00042724609375,0.001708984375,1.75,805
libero_spatial/pick_up_the_black_bowl_on_the_ramekin_and_place_it_on_the_plate/pin-base,duplicate_baseline,3,3,mixed,51390,0.0005081969537863032,0.03918380959995713,0.14850886208140263,0.9975204621407048,3.7137143086264354e-05,0.18684568982292274,0.8131543101770773,0.7286242459622495,0.8131543101770773,0.0,0.019945514691574236,0.019945514691574236,0.8131543101770773,0.18684568982292274,0.0,0.0,0.12503222903288577,0.000244140625,0.0,0.0,0.0,0.000396728515625,0.001434326171875,1.625,802
libero_spatial/pick_up_the_black_bowl_on_the_ramekin_and_place_it_on_the_plate/pin-base,duplicate_baseline,3,4,mixed,51390,0.00047996388866085326,0.03846572724546665,0.1465937459856231,0.9979174139446775,3.721486225413961e-05,0.1905039891029383,0.8094960108970617,0.703833430628527,0.8094960108970617,0.0,0.02455730686904067,0.02455730686904067,0.8094960108970617,0.1905039891029383,0.0,0.0,0.1253867483946293,0.000244140625,0.0,0.0,0.0,0.000396728515625,0.0014587402110919356,1.625,803
libero_spatial/pick_up_the_black_bowl_on_the_ramekin_and_place_it_on_the_plate/pin-base,duplicate_baseline,3,5,mixed,51390,0.0004745723904744965,0.038408622734276185,0.1462827541086316,0.998031313765209,3.702550065218185e-05,0.19556333917104496,0.804436660828955,0.6914964000778362,0.804436660828955,0.0,0.025394045534150613,0.025394045534150613,0.804436660828955,0.19556333917104496,0.0,0.0,0.12490878575598366,0.000244140625,0.0,0.0,0.0,0.000274658203125,0.0013427734375,1.125,803
libero_spatial/pick_up_the_black_bowl_on_the_ramekin_and_place_it_on_the_plate/pin-base,duplicate_baseline,3,6,mixed,51390,0.00048127628110405723,0.03856489185601224,0.14663267593992477,0.9979975454757176,3.7073601913674836e-05,0.19501848608678732,0.8049815139132127,0.6957190114808328,0.8049815139132127,0.0,0.02619186612181358,0.02619186612181358,0.8049815139132127,0.19501848608678732,0.0,0.0,0.12468318252578323,0.000244140625,0.0,0.0,0.0,0.000274658203125,0.001373291015625,1.125,802
libero_spatial/pick_up_the_black_bowl_on_the_ramekin_and_place_it_on_the_plate/pin-base,duplicate_baseline,3,7,mixed,51390,0.000499498939254354,0.03896606528450483,0.14748590027318667,0.9978878009769326,3.6657243926461554e-05,0.1845106051761043,0.8154893948238957,0.7124732438217553,0.8154893948238957,0.0,0.023564895894142828,0.023564895894142828,0.8154893948238957,0.1845106051761043,0.0,0.0,0.12549073263280794,0.000244140625,0.0,0.0,0.0,0.00030517578125,0.00140380859375,1.25,804
libero_spatial/pick_up_the_black_bowl_on_the_ramekin_and_place_it_on_the_plate/pin-base,duplicate_baseline,3,8,mixed,51390,0.0005276536171388524,0.039356636838658726,0.14827748788750852,0.9978093981151336,3.6742089207150586e-05,0.17913991048842187,0.8208600895115781,0.722494648764351,0.8208600895115781,0.0,0.022786534345203346,0.022786534345203346,0.8208600895115781,0.17913991048842187,0.0,0.0,0.12510215995329832,0.000244140625,0.0,0.0,0.0,0.000274658203125,0.00164794921875,1.125,802
libero_spatial/pick_up_the_black_bowl_on_the_ramekin_and_place_it_on_the_plate/pin-base,duplicate_baseline,3,9,mixed,51390,0.0005607389712477501,0.03978812178184745,0.1494666312403845,0.9976820567965299,3.6433736367271116e-05,0.1678536680287994,0.8321463319712006,0.7465265615878576,0.8321463319712006,0.0,0.020062268923915157,0.020062268923915157,0.8321463319712006,0.1678536680287994,0.0,0.0,0.12581241486670558,0.000244140625,0.0,0.0,0.0,0.000396728515625,0.001678466796875,1.625,804
libero_spatial/pick_up_the_black_bowl_on_the_ramekin_and_place_it_on_the_plate/pin-base,duplicate_baseline,3,10,mixed,51390,0.0006217040540550812,0.040195921901414126,0.15146918177117538,0.9973079711007432,3.5860455437471115e-05,0.16152948044366608,0.8384705195563339,0.7685931115002919,0.8384705195563339,0.0,0.016909904650710256,0.016909904650710256,0.8384705195563339,0.16152948044366608,0.0,0.0,0.12438764837517027,0.000244140625,0.0,0.0,0.0,0.00042724609375,0.0020111084450036287,1.75,803
libero_spatial/pick_up_the_black_bowl_on_the_ramekin_and_place_it_on_the_plate/pin-base,duplicate_baseline,4,0,state,51390,0.00503699188915341,0.2182884594883337,0.38930599214873396,0.8767154825107205,4.887706135283836e-05,0.021988713757540378,0.9780112862424596,0.9647791399104885,0.9780112862424596,0.0,0.0017513134851138354,0.0017513134851138354,0.9780112862424596,0.021988713757540378,0.0,0.0,0.125814847246546,0.00023458569540219402,0.0,0.0,0.0002761840878520161,0.0032501220703125,0.01422119140625,13.875,802
libero_spatial/pick_up_the_black_bowl_on_the_ramekin_and_place_it_on_the_plate/pin-base,duplicate_baseline,4,1,mixed,51390,0.000743381836507589,0.04194358444139637,0.15671778061112024,0.9960908608889854,3.579134698924584e-05,0.14288772134656547,0.8571122786534345,0.7992994746059545,0.8571122786534345,0.0,0.015216968281766882,0.015216968281766882,0.8571122786534345,0.14288772134656547,0.0,0.0,0.12505655283129014,0.000244140625,0.0,0.0,0.0,0.00054931640625,0.0020431517623364925,2.25,802
libero_spatial/pick_up_the_black_bowl_on_the_ramekin_and_place_it_on_the_plate/pin-base,duplicate_baseline,4,2,mixed,51390,0.000561107747585863,0.03955271064504433,0.1503496124392285,0.9972742572267317,3.653172041846055e-05,0.17003308036582993,0.82996691963417,0.7545631445806578,0.82996691963417,0.0,0.018836349484335473,0.018836349484335473,0.82996691963417,0.17003308036582993,0.0,0.0,0.1247561539209963,0.000244140625,0.0,0.0,0.0,0.000396728515625,0.001708984375,1.625,805
libero_spatial/pick_up_the_black_bowl_on_the_ramekin_and_place_it_on_the_plate/pin-base,duplicate_baseline,4,3,mixed,51390,0.0005291904821356903,0.038804719995074434,0.14791692261288522,0.9977962997607346,3.680251270538407e-05,0.17799182720373613,0.8220081727962638,0.7337030550690796,0.8220081727962638,0.0,0.021930336641369917,0.021930336641369917,0.8220081727962638,0.17799182720373613,0.0,0.0,0.12531985794901732,0.000244140625,0.0,0.0,0.0,0.000396728515625,0.00146484375,1.625,802
libero_spatial/pick_up_the_black_bowl_on_the_ramekin_and_place_it_on_the_plate/pin-base,duplicate_baseline,4,4,mixed,51390,0.0004891423219649981,0.03827982358975177,0.1463218449943143,0.9980927090476426,3.687035923779858e-05,0.18910293831484726,0.8108970616851527,0.7038723487059739,0.8108970616851527,0.0,0.02494648764351041,0.02494648764351041,0.8108970616851527,0.18910293831484726,0.0,0.0,0.12491790718038528,0.000244140625,0.0,0.0,0.0,0.000274658203125,0.001434326171875,1.125,805
libero_spatial/pick_up_the_black_bowl_on_the_ramekin_and_place_it_on_the_plate/pin-base,duplicate_baseline,4,5,mixed,51390,0.00048127034267671237,0.03818547920068198,0.14597864189971907,0.9981682314277043,3.658486934319663e-05,0.18968670947655186,0.8103132905234481,0.6936952714535902,0.8103132905234481,0.0,0.025374586495427127,0.025374586495427127,0.8103132905234481,0.18968670947655186,0.0,0.0,0.12541107219303366,0.000244140625,0.0,0.0,0.0,0.000274658203125,0.00140380859375,1.125,802
libero_spatial/pick_up_the_black_bowl_on_the_ramekin_and_place_it_on_the_plate/pin-base,duplicate_baseline,4,6,mixed,51390,0.0004936371176222879,0.0383490585264795,0.14626069344488835,0.9981624863993962,3.6856552394221884e-05,0.19015372640591555,0.8098462735940845,0.6993383926834015,0.8098462735940845,0.0,0.025238373224362717,0.025238373224362717,0.8098462735940845,0.19015372640591555,0.0,0.0,0.12485466530453396,0.000244140625,0.0,0.0,0.0,0.000274658203125,0.0014633178943768144,1.125,802
libero_spatial/pick_up_the_black_bowl_on_the_ramekin_and_place_it_on_the_plate/pin-base,duplicate_baseline,4,7,mixed,51390,0.0004950955953781743,0.03848215234165967,0.14645470721082804,0.9981561007539593,3.6740604600314384e-05,0.18865538042420704,0.811344619575793,0.6993773107608484,0.811344619575793,0.0,0.025160537069468768,0.025160537069468768,0.811344619575793,0.18865538042420704,0.0,0.0,0.12498297334111695,0.000244140625,0.0,0.0,0.0,0.000274658203125,0.0015777588123455644,1.125,804
libero_spatial/pick_up_the_black_bowl_on_the_ramekin_and_place_it_on_the_plate/pin-base,duplicate_baseline,4,8,mixed,51390,0.0005207507891932404,0.03861831869914806,0.14712110268139472,0.9980819219326458,3.6439674794615924e-05,0.18139715898034636,0.8186028410196536,0.719653629110722,0.8186028410196536,0.0,0.022864370500097295,0.022864370500097295,0.8186028410196536,0.18139715898034636,0.0,0.0,0.12444176882661996,0.000244140625,0.0,0.0,0.0,0.000396728515625,0.0015548706287518144,1.625,802
libero_spatial/pick_up_the_black_bowl_on_the_ramekin_and_place_it_on_the_plate/pin-base,duplicate_baseline,4,9,mixed,51390,0.0005624456752666496,0.0390997582870041,0.14861178809182843,0.9978532481156427,3.631348321353862e-05,0.17435298696244406,0.8256470130375559,0.7443082311733801,0.8256470130375559,0.0,0.018544463903483167,0.018544463903483167,0.8256470130375559,0.17435298696244406,0.0,0.0,0.1252912774858922,0.000244140625,0.0,0.0,0.0,0.000396728515625,0.00164794921875,1.625,804
libero_spatial/pick_up_the_black_bowl_on_the_ramekin_and_place_it_on_the_plate/pin-base,duplicate_baseline,4,10,mixed,51390,0.0007098879185973682,0.041258801224399205,0.15486808876324126,0.9968742450646655,3.505557584122337e-05,0.14563144580657716,0.8543685541934228,0.7988129986378673,0.8543685541934228,0.0,0.014166180190698579,0.014166180190698579,0.8543685541934228,0.14563144580657716,0.0,0.0,0.12512769994162287,0.000244140625,0.0,0.0,0.0,0.00054931640625,0.0020751953125,2.25,803
libero_spatial/pick_up_the_black_bowl_on_the_ramekin_and_place_it_on_the_plate/pin-base,duplicate_baseline,5,0,state,51390,0.006249632114425988,0.28367713027066305,0.4639262295715724,0.8194526515569082,6.0895603207396866e-05,0.028604786923525978,0.971395213076474,0.9583576571317377,0.971395213076474,0.0,0.0015567230978789648,0.0015567230978789648,0.971395213076474,0.028604786923525978,0.0,0.0,0.1284904650710255,0.0002306039798674961,0.0,0.0,0.000152587890625,0.00350189208984375,0.02123718336224556,18.375,802
libero_spatial/pick_up_the_black_bowl_on_the_ramekin_and_place_it_on_the_plate/pin-base,duplicate_baseline,5,1,mixed,51390,0.0009362673012517635,0.04564127152846188,0.16411197363205238,0.994872613292094,3.5156826027452446e-05,0.13080365829928,0.86919634170072,0.852014010507881,0.86919634170072,0.0,0.00363884024129208,0.00363884024129208,0.86919634170072,0.13080365829928,0.0,0.0,0.125156280404748,0.000244140625,0.0,0.0,0.0,0.000640869140625,0.0028930664993822575,2.625,803
libero_spatial/pick_up_the_black_bowl_on_the_ramekin_and_place_it_on_the_plate/pin-base,duplicate_baseline,5,2,mixed,51390,0.0006861864673787458,0.0416513033612829,0.1549421290753764,0.9965494121204301,3.618432241878892e-05,0.16427320490367775,0.8357267950963222,0.8049425958357657,0.8357267950963222,0.0,0.007141467211519751,0.007141467211519751,0.8357267950963222,0.16427320490367775,0.0,0.0,0.12473851916715314,0.000244140625,0.0,0.0,0.0,0.00054931640625,0.0020721436012536287,2.25,803
libero_spatial/pick_up_the_black_bowl_on_the_ramekin_and_place_it_on_the_plate/pin-base,duplicate_baseline,5,3,mixed,51390,0.0005898319206527292,0.040616565057799425,0.15181324593773562,0.997096899290404,3.634421457504804e-05,0.18071609262502433,0.8192839073749757,0.772951936174353,0.8192839073749757,0.0,0.010624635143023935,0.010624635143023935,0.8192839073749757,0.18071609262502433,0.0,0.0,0.1247214925082701,0.00024413943731453104,0.0,0.0,0.0,0.000396728515625,0.001678466796875,1.625,802
libero_spatial/pick_up_the_black_bowl_on_the_ramekin_and_place_it_on_the_plate/pin-base,duplicate_baseline,5,4,mixed,51390,0.0005581860413322145,0.03977936378919932,0.15001573505093554,0.9974254488829022,3.674646879731739e-05,0.18709865732632808,0.8129013426736719,0.760206265810469,0.8129013426736719,0.0,0.01144191476941039,0.01144191476941039,0.8129013426736719,0.18709865732632808,0.0,0.0,0.1251015518583382,0.000244140625,0.0,0.0,0.0,0.00042724609375,0.00164794921875,1.75,805
libero_spatial/pick_up_the_black_bowl_on_the_ramekin_and_place_it_on_the_plate/pin-base,duplicate_baseline,5,5,mixed,51390,0.0005477219385079174,0.03930163571843379,0.14912122142618792,0.9976278994108457,3.6864717731821e-05,0.19015372640591555,0.8098462735940845,0.7562171628721541,0.8098462735940845,0.0,0.01132516053706947,0.01132516053706947,0.8098462735940845,0.19015372640591555,0.0,0.0,0.12533445222805994,0.000244140625,0.0,0.0,0.0,0.00030517578125,0.0014938354725018144,1.25,802
libero_spatial/pick_up_the_black_bowl_on_the_ramekin_and_place_it_on_the_plate/pin-base,duplicate_baseline,5,6,mixed,51390,0.0005634023559118992,0.03948771812081175,0.14950234197322254,0.9976101469972714,3.669324564223949e-05,0.18855808523058962,0.8114419147694104,0.7620743335279238,0.8114419147694104,0.0,0.010254913407277681,0.010254913407277681,0.8114419147694104,0.18855808523058962,0.0,0.0,0.12538857267950962,0.000244140625,0.0,0.0,0.0,0.00030517578125,0.001708984375,1.25,802
libero_spatial/pick_up_the_black_bowl_on_the_ramekin_and_place_it_on_the_plate/pin-base,duplicate_baseline,5,7,mixed,51390,0.0005475396287884316,0.039436534221684055,0.1491840422675405,0.9976731232491234,3.6812533801528444e-05,0.19064020237400273,0.8093597976259973,0.7544269313095933,0.8093597976259973,0.0,0.012512161899202179,0.012512161899202179,0.8093597976259973,0.19064020237400273,0.0,0.0,0.125853765323993,0.000244140625,0.0,0.0,0.0,0.00030517578125,0.001617431640625,1.25,804
libero_spatial/pick_up_the_black_bowl_on_the_ramekin_and_place_it_on_the_plate/pin-base,duplicate_baseline,5,8,mixed,51390,0.0005614070443240416,0.039725936946063495,0.1499352188837809,0.9975504763756403,3.6844972460899494e-05,0.18881105273399493,0.8111889472660051,0.7613543490951546,0.8111889472660051,0.0,0.010099241097489784,0.010099241097489784,0.8111889472660051,0.18881105273399493,0.0,0.0,0.12481878770188752,0.000244140625,0.0,0.0,0.0,0.000518798828125,0.00164794921875,2.125,802
libero_spatial/pick_up_the_black_bowl_on_the_ramekin_and_place_it_on_the_plate/pin-base,duplicate_baseline,5,9,mixed,51390,0.0005967757237470203,0.04004702533722666,0.1510725447073315,0.9973468688483553,3.6526598524875646e-05,0.18081338781864176,0.8191866121813582,0.7782447947071415,0.8191866121813582,0.0,0.009165207238762406,0.009165207238762406,0.8191866121813582,0.18081338781864176,0.0,0.0,0.12521891418563924,0.000244140625,0.0,0.0,0.0,0.000518798828125,0.001953125,2.125,805
libero_spatial/pick_up_the_black_bowl_on_the_ramekin_and_place_it_on_the_plate/pin-base,duplicate_baseline,5,10,mixed,51390,0.0008898246425161754,0.043829744171599835,0.15988136494895042,0.9961095139300181,3.473326769708358e-05,0.12913018096906012,0.8708698190309399,0.8430823117338003,0.8708698190309399,0.0,0.006654991243432574,0.006654991243432574,0.8708698190309399,0.12913018096906012,0.0,0.0,0.12493432574430823,0.000244140625,0.0,0.0,0.0,0.000579833984375,0.002593994140625,2.375,802
libero_spatial/pick_up_the_black_bowl_on_the_ramekin_and_place_it_on_the_plate/pin-base,duplicate_baseline,12,0,state,51390,0.003264769201358484,0.08538364069683121,0.24298089764697656,0.9714271983276385,3.343928437864857e-05,0.03677758318739054,0.9632224168126094,0.9305312317571512,0.9632224168126094,0.0,0.008172796263864565,0.008172796263864565,0.9632224168126094,0.03677758318739054,0.0,0.0,0.12439190503989103,0.00024433065467503403,0.0,0.0,0.00018310546875,0.0022125244140625,0.01089324988424778,9.0625,802
libero_spatial/pick_up_the_black_bowl_on_the_ramekin_and_place_it_on_the_plate/pin-base,duplicate_baseline,12,1,mixed,51390,0.0008866018579961447,0.04313897620752457,0.1596084508619366,0.9961512606323496,3.5850434341326744e-05,0.14938704028021016,0.8506129597197899,0.8468379062074334,0.8506129597197899,0.0,0.0002335084646818447,0.0002335084646818447,0.8506129597197899,0.14938704028021016,0.0,0.0,0.12492824479470714,0.000244140625,0.0,0.0,0.0,0.000579833984375,0.002593994140625,2.375,803
libero_spatial/pick_up_the_black_bowl_on_the_ramekin_and_place_it_on_the_plate/pin-base,duplicate_baseline,12,2,mixed,51390,0.0007721362955539137,0.041907842828736136,0.15596075701931614,0.9967701086426877,3.6513162833008003e-05,0.163922942206655,0.836077057793345,0.8288772134656548,0.836077057793345,0.0,0.0004280988519167153,0.0004280988519167153,0.836077057793345,0.163922942206655,0.0,0.0,0.12494283907374976,0.000244140625,0.0,0.0,0.0,0.000579833984375,0.00238037109375,2.375,803
libero_spatial/pick_up_the_black_bowl_on_the_ramekin_and_place_it_on_the_plate/pin-base,duplicate_baseline,12,3,mixed,51390,0.0007276111550079661,0.0412539358708756,0.15432370956548574,0.9970385033753995,3.641799953480735e-05,0.17478108581436078,0.8252189141856392,0.8152364273204904,0.8252189141856392,0.0,0.0004864759680871765,0.0004864759680871765,0.8252189141856392,0.17478108581436078,0.0,0.0,0.12541532885775442,0.000244140625,0.0,0.0,0.0,0.00054931640625,0.0022567748092114925,2.25,802
libero_spatial/pick_up_the_black_bowl_on_the_ramekin_and_place_it_on_the_plate/pin-base,duplicate_baseline,12,4,mixed,51390,0.0006933541491839366,0.040741645559120514,0.15326008200065522,0.9971982135014628,3.686531157455548e-05,0.1807355516637478,0.8192644483362522,0.8079782058766297,0.8192644483362522,0.0,0.0009340338587273788,0.0009340338587273788,0.8192644483362522,0.1807355516637478,0.0,0.0,0.12458892780696633,0.000244140625,0.0,0.0,0.0,0.00054931640625,0.0020385743118822575,2.25,805
libero_spatial/pick_up_the_black_bowl_on_the_ramekin_and_place_it_on_the_plate/pin-base,duplicate_baseline,12,5,mixed,51390,0.0006857636513517951,0.04059450083099977,0.1529206610904359,0.9972685189209088,3.694325343345617e-05,0.17919828760459233,0.8208017123954077,0.8079587468379062,0.8208017123954077,0.0,0.0007005253940455342,0.0007005253940455342,0.8208017123954077,0.17919828760459233,0.0,0.0,0.12520675228643705,0.000244140625,0.0,0.0,0.0,0.00054931640625,0.0020751953125,2.25,802
libero_spatial/pick_up_the_black_bowl_on_the_ramekin_and_place_it_on_the_plate/pin-base,duplicate_baseline,12,6,mixed,51390,0.0006893130493757906,0.0406430831051077,0.15308711045816914,0.997255015610999,3.6864717731821e-05,0.1801323214633197,0.8198676785366803,0.8081727962638645,0.8198676785366803,0.0,0.0007394434714925082,0.0007394434714925082,0.8198676785366803,0.1801323214633197,0.0,0.0,0.12466189920217942,0.000244140625,0.0,0.0,0.0,0.00054931640625,0.0021011352073401213,2.25,804
libero_spatial/pick_up_the_black_bowl_on_the_ramekin_and_place_it_on_the_plate/pin-base,duplicate_baseline,12,7,mixed,51390,0.0007101426771304607,0.040919779970340166,0.15370402873362704,0.9971695789336973,3.679598043530478e-05,0.17565674255691768,0.8243432574430823,0.8150029188558086,0.8243432574430823,0.0,0.0005059350068106636,0.0005059350068106636,0.8243432574430823,0.17565674255691768,0.0,0.0,0.1251343889861841,0.000244140625,0.0,0.0,0.0,0.00054931640625,0.002044677734375,2.25,802
libero_spatial/pick_up_the_black_bowl_on_the_ramekin_and_place_it_on_the_plate/pin-base,duplicate_baseline,12,8,mixed,51390,0.0007293398312080415,0.04130697849776221,0.1547942996465828,0.9969452508369478,3.661678839017501e-05,0.1696049815139132,0.8303950184860868,0.8229616656937148,0.8303950184860868,0.0,0.00033080365829928,0.00033080365829928,0.8303950184860868,0.1696049815139132,0.0,0.0,0.12458041447752481,0.000244140625,0.0,0.0,0.0,0.00054931640625,0.0022872923873364925,2.25,802
libero_spatial/pick_up_the_black_bowl_on_the_ramekin_and_place_it_on_the_plate/pin-base,duplicate_baseline,12,9,mixed,51390,0.0007761168234031426,0.041862432268673075,0.15634822752671057,0.9966348615897075,3.6308138628928295e-05,0.16141272621132516,0.8385872737886748,0.8325160537069469,0.8385872737886748,0.0,0.0002529675034053318,0.0002529675034053318,0.8385872737886748,0.16141272621132516,0.0,0.0,0.12477622105467989,0.000244140625,0.0,0.0,0.0,0.000579833984375,0.0024902343284338713,2.375,805
libero_spatial/pick_up_the_black_bowl_on_the_ramekin_and_place_it_on_the_plate/pin-base,duplicate_baseline,12,10,mixed,51390,0.0009051445973803269,0.04341065450780794,0.1604929024153912,0.9958458575821498,3.579119852856222e-05,0.1431601478886943,0.8568398521113058,0.8540377505351235,0.8568398521113058,0.0,9.72951936174353e-05,9.72951936174353e-05,0.8568398521113058,0.1431601478886943,0.0,0.0,0.1250608094960109,0.000244140625,0.0,0.0,0.0,0.000579833984375,0.0024703978560864925,2.375,802
libero_spatial/pick_up_the_black_bowl_on_the_ramekin_and_place_it_on_the_plate/pin-base,duplicate_baseline,13,0,state,51390,0.0027965420205019217,0.0749855316156171,0.22799114012769234,0.9763550130187549,3.271553854599934e-05,0.04592333138742946,0.9540766686125706,0.9424012453784784,0.9540766686125706,0.0,0.0017513134851138354,0.0017513134851138354,0.9540766686125706,0.04592333138742946,0.0,0.0,0.1267756372835182,0.000244140625,0.0,0.0,0.0,0.0020904541015625,0.008209228515625,8.5625,802
libero_spatial/pick_up_the_black_bowl_on_the_ramekin_and_place_it_on_the_plate/pin-base,duplicate_baseline,13,1,mixed,51390,0.0008381365709069128,0.04289410931286029,0.15890097928942584,0.9960539002934883,3.6875258440358044e-05,0.17472270869819032,0.8252772913018097,0.8206460400856198,0.8252772913018097,0.0,0.0002335084646818447,0.0002335084646818447,0.8252772913018097,0.17472270869819032,0.0,0.0,0.1255418126094571,0.000244140625,0.0,0.0,0.0,0.000579833984375,0.002655029296875,2.375,803
libero_spatial/pick_up_the_black_bowl_on_the_ramekin_and_place_it_on_the_plate/pin-base,duplicate_baseline,13,2,mixed,51390,0.0007678630032365854,0.041935540247715085,0.1560640357723262,0.9966692469200751,3.712467238884024e-05,0.18955049620548745,0.8104495037945125,0.8051371862230006,0.8104495037945125,0.0,0.0002918855808523059,0.0002918855808523059,0.8104495037945125,0.18955049620548745,0.0,0.0,0.12470020918466627,0.000244140625,0.0,0.0,0.0,0.00054931640625,0.00238037109375,2.25,803
libero_spatial/pick_up_the_black_bowl_on_the_ramekin_and_place_it_on_the_plate/pin-base,duplicate_baseline,13,3,mixed,51390,0.0007367771176146867,0.04140230925961398,0.15450683106798957,0.9969847017490672,3.7239877879329635e-05,0.19077641564506714,0.8092235843549329,0.8013426736719206,0.8092235843549329,0.0,0.0004864759680871765,0.0004864759680871765,0.8092235843549329,0.19077641564506714,0.0,0.0,0.12513986184082507,0.000244140625,0.0,0.0,0.0,0.00054931640625,0.002044677734375,2.25,803
libero_spatial/pick_up_the_black_bowl_on_the_ramekin_and_place_it_on_the_plate/pin-base,duplicate_baseline,13,4,mixed,51390,0.0007037933106133854,0.04106127428484232,0.15366009209123097,0.9971686430804622,3.6967600985569904e-05,0.19137964584549524,0.8086203541545047,0.7981903093987157,0.8086203541545047,0.0,0.0005643121229811247,0.0005643121229811247,0.8086203541545047,0.19137964584549524,0.0,0.0,0.12473243821755205,0.000244140625,0.0,0.0,0.0,0.00054931640625,0.0023101805709302425,2.25,804
libero_spatial/pick_up_the_black_bowl_on_the_ramekin_and_place_it_on_the_plate/pin-base,duplicate_baseline,13,5,mixed,51390,0.000696057321311296,0.04095710892462967,0.15333251537435086,0.9972542249847882,3.73577556621242e-05,0.195485503016151,0.804514496983849,0.7914574820003892,0.804514496983849,0.0,0.0008172796263864566,0.0008172796263864566,0.804514496983849,0.195485503016151,0.0,0.0,0.12487230005837711,0.000244140625,0.0,0.0,0.0,0.00054931640625,0.0020751953125,2.25,802
libero_spatial/pick_up_the_black_bowl_on_the_ramekin_and_place_it_on_the_plate/pin-base,duplicate_baseline,13,6,mixed,51390,0.0007144373477862303,0.041230302117728705,0.15365198910711897,0.9972512188171639,3.702045298893875e-05,0.19256664720762795,0.807433352792372,0.7945709281961472,0.807433352792372,0.0,0.0004864759680871765,0.0004864759680871765,0.807433352792372,0.19256664720762795,0.0,0.0,0.12546397645456314,0.000244140625,0.0,0.0,0.0,0.00054931640625,0.0023452758323401213,2.25,804
libero_spatial/pick_up_the_black_bowl_on_the_ramekin_and_place_it_on_the_plate/pin-base,duplicate_baseline,13,7,mixed,51390,0.0007311047318149202,0.04158415815713782,0.1542889115689306,0.9971682811112783,3.683146253869004e-05,0.18670947655185835,0.8132905234481417,0.8009534928974509,0.8132905234481417,0.0,0.0007005253940455342,0.0007005253940455342,0.8132905234481417,0.18670947655185835,0.0,0.0,0.12445879548550301,0.000244140625,0.0,0.0,0.0,0.00054931640625,0.0023178099654614925,2.25,802
libero_spatial/pick_up_the_black_bowl_on_the_ramekin_and_place_it_on_the_plate/pin-base,duplicate_baseline,13,8,mixed,51390,0.0007470992920254427,0.04185796300825337,0.15509651334027322,0.9970320066778918,3.689455832922869e-05,0.17682428488032692,0.8231757151196731,0.8131153920996302,0.8231757151196731,0.0,0.0004086398131932283,0.0004086398131932283,0.8231757151196731,0.17682428488032692,0.0,0.0,0.12531316890445612,0.000244140625,0.0,0.0,0.0,0.000579833984375,0.0022567748092114925,2.375,802
libero_spatial/pick_up_the_black_bowl_on_the_ramekin_and_place_it_on_the_plate/pin-base,duplicate_baseline,13,9,mixed,51390,0.0008098453091934837,0.0424826422144082,0.1571659424398214,0.9966193665683815,3.645838084075209e-05,0.1705195563339171,0.8294804436660829,0.8228449114613738,0.8294804436660829,0.0,0.0002918855808523059,0.0002918855808523059,0.8294804436660829,0.1705195563339171,0.0,0.0,0.1244989297528702,0.000244140625,0.0,0.0,0.0,0.00054931640625,0.00238037109375,2.25,805
libero_spatial/pick_up_the_black_bowl_on_the_ramekin_and_place_it_on_the_plate/pin-base,duplicate_baseline,13,10,mixed,51390,0.0009852985204669561,0.04425422414589262,0.16254211235751576,0.995515038110468,3.580322384393547e-05,0.1434325744308231,0.8565674255691769,0.8543296361159759,0.8565674255691769,0.0,0.00017513134851138354,0.00017513134851138354,0.8565674255691769,0.1434325744308231,0.0,0.0,0.12491608289550496,0.000244140625,0.0,0.0,0.0,0.0006103515625,0.002960205078125,2.5,802
libero_spatial/pick_up_the_black_bowl_on_the_ramekin_and_place_it_on_the_plate/pin-base,duplicate_baseline,14,0,state,51390,0.0028696678148259634,0.06720224273972623,0.2196966268877548,0.979579644795637,3.118045507736488e-05,0.057014983459817085,0.942985016540183,0.9330609067912046,0.942985016540183,0.0,0.001945903872348706,0.001945903872348706,0.942985016540183,0.057014983459817085,0.0,0.0,0.12524323798404358,0.00024416437870937923,0.0,0.0,0.00030517578125,0.00225830078125,0.0091705322265625,9.25,803
libero_spatial/pick_up_the_black_bowl_on_the_ramekin_and_place_it_on_the_plate/pin-base,duplicate_baseline,14,1,mixed,51390,0.0008419419151494698,0.04250021995934885,0.15779436760594534,0.9964124687904745,3.843914328161486e-05,0.22881883634948433,0.7711811636505157,0.7695076863202958,0.7711811636505157,0.0,5.837711617046118e-05,5.837711617046118e-05,0.7711811636505157,0.22881883634948433,0.0,0.0,0.12507722805993385,0.000244140625,0.0,0.0,0.0,0.000579833984375,0.0023193359375,2.375,802
libero_spatial/pick_up_the_black_bowl_on_the_ramekin_and_place_it_on_the_plate/pin-base,duplicate_baseline,14,2,mixed,51390,0.0007592706927113738,0.04133823244087797,0.154763182287296,0.9969989625459794,3.907871190665134e-05,0.24430823117338005,0.7556917688266199,0.753415061295972,0.7556917688266199,0.0,7.783615489394824e-05,7.783615489394824e-05,0.7556917688266199,0.24430823117338005,0.0,0.0,0.1254755302588052,0.000244140625,0.0,0.0,0.0,0.00054931640625,0.002288818359375,2.25,803
libero_spatial/pick_up_the_black_bowl_on_the_ramekin_and_place_it_on_the_plate/pin-base,duplicate_baseline,14,3,mixed,51390,0.0006964314422340192,0.040757227992473305,0.15310344350873833,0.9972200516469981,3.9770538692322195e-05,0.26567425569176883,0.7343257443082312,0.7307258221443861,0.7343257443082312,0.0,0.00021404942595835765,0.00021404942595835765,0.7343257443082312,0.26567425569176883,0.0,0.0,0.12535634364662385,0.000244140625,0.0,0.0,0.0,0.00054931640625,0.002197265625,2.25,803
libero_spatial/pick_up_the_black_bowl_on_the_ramekin_and_place_it_on_the_plate/pin-base,duplicate_baseline,14,4,mixed,51390,0.0006774937974314069,0.040526473770393985,0.15241540900276987,0.9973312817582084,4.00324233382285e-05,0.27583187390542907,0.7241681260945709,0.7212881883634948,0.7241681260945709,0.0,0.0001362132710644094,0.0001362132710644094,0.7241681260945709,0.27583187390542907,0.0,0.0,0.12503648569760653,0.000244140625,0.0,0.0,0.0,0.00054931640625,0.00201416015625,2.25,804
libero_spatial/pick_up_the_black_bowl_on_the_ramekin_and_place_it_on_the_plate/pin-base,duplicate_baseline,14,5,mixed,51390,0.000672855885675107,0.040446391108435495,0.15218371888454102,0.9973673568727164,4.0359482224244136e-05,0.2765323992994746,0.7234676007005254,0.7192449892975287,0.7234676007005254,0.0,0.0002529675034053318,0.0002529675034053318,0.7234676007005254,0.2765323992994746,0.0,0.0,0.12588660245183889,0.000244140625,0.0,0.0,0.0,0.00054931640625,0.00189208984375,2.25,802
libero_spatial/pick_up_the_black_bowl_on_the_ramekin_and_place_it_on_the_plate/pin-base,duplicate_baseline,14,6,mixed,51390,0.0006685059876450307,0.040444430239726235,0.15219281596139053,0.9973249263349594,4.03446361558821e-05,0.2773107608484141,0.7226892391515859,0.7190698579490173,0.7226892391515859,0.0,0.0001556723097878965,0.0001556723097878965,0.7226892391515859,0.2773107608484141,0.0,0.0,0.12496351430239346,0.000244140625,0.0,0.0,0.0,0.00054931640625,0.002044677734375,2.25,804
libero_spatial/pick_up_the_black_bowl_on_the_ramekin_and_place_it_on_the_plate/pin-base,duplicate_baseline,14,7,mixed,51390,0.0006683123949135897,0.04053923129385885,0.15263161051479798,0.9972077062898258,4.0183110932103155e-05,0.27524810274372447,0.7247518972562755,0.7206849581630668,0.7247518972562755,0.0,0.0002918855808523059,0.0002918855808523059,0.7247518972562755,0.27524810274372447,0.0,0.0,0.1248309496010897,0.000244140625,0.0,0.0,0.0,0.00054931640625,0.0020736693404614925,2.25,802
libero_spatial/pick_up_the_black_bowl_on_the_ramekin_and_place_it_on_the_plate/pin-base,duplicate_baseline,14,8,mixed,51390,0.0006989909044196342,0.04075177057774342,0.15356999486539819,0.997035615047283,3.955868529679595e-05,0.2658104689628332,0.7341895310371668,0.7307452811831096,0.7341895310371668,0.0,0.0002529675034053318,0.0002529675034053318,0.7341895310371668,0.2658104689628332,0.0,0.0,0.12494527145359019,0.000244140625,0.0,0.0,0.0,0.00054931640625,0.00225830078125,2.25,803
libero_spatial/pick_up_the_black_bowl_on_the_ramekin_and_place_it_on_the_plate/pin-base,duplicate_baseline,14,9,mixed,51390,0.0007341095760513962,0.041343267633423636,0.15526634404853662,0.9967099675897448,3.91513091809417e-05,0.2568982292274762,0.7431017707725238,0.7410780307452812,0.7431017707725238,0.0,5.837711617046118e-05,5.837711617046118e-05,0.7431017707725238,0.2568982292274762,0.0,0.0,0.12457615781280405,0.000244140625,0.0,0.0,0.0,0.000579833984375,0.0022857666481286287,2.375,803
libero_spatial/pick_up_the_black_bowl_on_the_ramekin_and_place_it_on_the_plate/pin-base,duplicate_baseline,14,10,mixed,51390,0.000861744194973487,0.04295479291421148,0.15955643261376698,0.9958958661748779,3.793749463166168e-05,0.21136407861451645,0.7886359213854836,0.7874294609846274,0.7886359213854836,0.0,7.783615489394824e-05,7.783615489394824e-05,0.7886359213854836,0.21136407861451645,0.0,0.0,0.12510641661801908,0.000244140625,0.0,0.0,0.0,0.000579833984375,0.00250244140625,2.375,802
libero_spatial/pick_up_the_black_bowl_on_the_ramekin_and_place_it_on_the_plate/pin-base,duplicate_baseline,15,0,state,51390,0.0023804482933054826,0.06551692893612267,0.21203171462255546,0.9809465103052915,3.2803130349335354e-05,0.06985794901731854,0.9301420509826814,0.9215800739443472,0.9301420509826814,0.0,0.000972951936174353,0.000972951936174353,0.9301420509826814,0.06985794901731854,0.0,0.0,0.12337030550690796,0.0002444494232219303,0.0,0.0,0.0,0.001373291015625,0.007321166805922985,5.625,803
libero_spatial/pick_up_the_black_bowl_on_the_ramekin_and_place_it_on_the_plate/pin-base,duplicate_baseline,15,1,mixed,51390,0.0008380118639326718,0.04310071729551287,0.15861198394116224,0.9961569147876413,4.0627824909887925e-05,0.2677369137964585,0.7322630862035415,0.7322047090873711,0.7322630862035415,0.0,0.0,0.0,0.7322630862035415,0.2677369137964585,0.0,0.0,0.12486865148861646,0.000244140625,0.0,0.0,0.0,0.000579833984375,0.00238037109375,2.375,802
libero_spatial/pick_up_the_black_bowl_on_the_ramekin_and_place_it_on_the_plate/pin-base,duplicate_baseline,15,2,mixed,51390,0.0007593360154121668,0.04223559888612206,0.1557624283920677,0.9967082776455454,4.158836553291162e-05,0.29030939871570344,0.7096906012842965,0.7095349289745086,0.7096906012842965,0.0,0.0,0.0,0.7096906012842965,0.29030939871570344,0.0,0.0,0.12502979665304534,0.000244140625,0.0,0.0,0.0,0.00054931640625,0.002349853515625,2.25,803
libero_spatial/pick_up_the_black_bowl_on_the_ramekin_and_place_it_on_the_plate/pin-base,duplicate_baseline,15,3,mixed,51390,0.0007301819002055361,0.04174051338607037,0.15453404806819632,0.9969466351910681,4.190235987876867e-05,0.2988129986378673,0.7011870013621327,0.7011480832846857,0.7011870013621327,0.0,0.0,0.0,0.7011870013621327,0.2988129986378673,0.0,0.0,0.12514107803074528,0.000244140625,0.0,0.0,0.0,0.00054931640625,0.002227783203125,2.25,803
libero_spatial/pick_up_the_black_bowl_on_the_ramekin_and_place_it_on_the_plate/pin-base,duplicate_baseline,15,4,mixed,51390,0.000694521643999927,0.04100749172990854,0.1530848330712824,0.997158392217053,4.2423382647934304e-05,0.30821171434131156,0.6917882856586884,0.691729908542518,0.6917882856586884,0.0,1.945903872348706e-05,1.945903872348706e-05,0.6917882856586884,0.30821171434131156,0.0,0.0,0.1252924936758124,0.000244140625,0.0,0.0,0.0,0.00054931640625,0.0018264770042151213,2.25,804
libero_spatial/pick_up_the_black_bowl_on_the_ramekin_and_place_it_on_the_plate/pin-base,duplicate_baseline,15,5,mixed,51390,0.0006807409295035513,0.040781804767882554,0.15238525366871292,0.9972752167234905,4.2621429199883856e-05,0.3115781280404748,0.6884218719595252,0.6883440358046312,0.6884218719595252,0.0,0.0,0.0,0.6884218719595252,0.3115781280404748,0.0,0.0,0.1254749221638451,0.000244140625,0.0,0.0,0.0,0.00054931640625,0.002288818359375,2.25,803
libero_spatial/pick_up_the_black_bowl_on_the_ramekin_and_place_it_on_the_plate/pin-base,duplicate_baseline,15,6,mixed,51390,0.0006684157235493895,0.04080450796946451,0.1523446936161051,0.9972207475877685,4.255699726319262e-05,0.3136797042226114,0.6863202957773886,0.6862035415450477,0.6863202957773886,0.0,0.0,0.0,0.6863202957773886,0.3136797042226114,0.0,0.0,0.12525296750340534,0.000244140625,0.0,0.0,0.0,0.00054931640625,0.002288818359375,2.25,803
libero_spatial/pick_up_the_black_bowl_on_the_ramekin_and_place_it_on_the_plate/pin-base,duplicate_baseline,15,7,mixed,51390,0.0006711402740151902,0.04120408871174323,0.15315471232737704,0.9970338075883334,4.2642955999008807e-05,0.31301809690601284,0.6869819030939872,0.6869040669390932,0.6869819030939872,0.0,0.0,0.0,0.6869819030939872,0.31301809690601284,0.0,0.0,0.12457129305312317,0.000244140625,0.0,0.0,0.0,0.00054931640625,0.002288818359375,2.25,802
libero_spatial/pick_up_the_black_bowl_on_the_ramekin_and_place_it_on_the_plate/pin-base,duplicate_baseline,15,8,mixed,51390,0.0006948720112132711,0.04143856810929595,0.15409677909677374,0.996816612058958,4.2286353436952714e-05,0.3049036777583187,0.6950963222416813,0.6950574041642343,0.6950963222416813,0.0,0.0,0.0,0.6950963222416813,0.3049036777583187,0.0,0.0,0.12537397840046702,0.00024413943731453104,0.0,0.0,0.0,0.00054931640625,0.002288818359375,2.25,803
libero_spatial/pick_up_the_black_bowl_on_the_ramekin_and_place_it_on_the_plate/pin-base,duplicate_baseline,15,9,mixed,51390,0.0007314515359718573,0.04174582590317304,0.15552409198595452,0.9964850090373047,4.195810686546811e-05,0.2908153337225141,0.7091846662774859,0.7091068301225919,0.7091846662774859,0.0,0.0,0.0,0.7091846662774859,0.2908153337225141,0.0,0.0,0.12489358338198094,0.000244140625,0.0,0.0,0.0,0.000579833984375,0.0022552490700036287,2.375,803
libero_spatial/pick_up_the_black_bowl_on_the_ramekin_and_place_it_on_the_plate/pin-base,duplicate_baseline,15,10,mixed,51390,0.0008387238813713149,0.043114704667280845,0.15960947999139546,0.9955904615820788,4.05503284330381e-05,0.26320295777388597,0.7367970422261141,0.7367775831873905,0.7367970422261141,0.0,1.945903872348706e-05,1.945903872348706e-05,0.7367970422261141,0.26320295777388597,0.0,0.0,0.12509182233897645,0.000244140625,0.0,0.0,0.0,0.000579833984375,0.0023193359375,2.375,802
libero_spatial/pick_up_the_black_bowl_on_the_ramekin_and_place_it_on_the_plate/pin-off,routing_intervention,2,0,state,51760,0.00963723419991306,0.27384010090894273,0.49927762929217706,0.8107532464382361,5.743918592078608e-05,0.020672333848531683,0.9793276661514683,0.9777820710973725,0.9793276661514683,0.8981839258114374,0.8981839258114374,0.0,0.10065687789799073,0.0015455950540958269,0.8977975270479135,0.0,0.12358119204018547,0.00027583739857032455,0.8981839258114374,0.0,0.0003868103085551411,0.0064697265625,0.0341796875,25.25,808
libero_spatial/pick_up_the_black_bowl_on_the_ramekin_and_place_it_on_the_plate/pin-off,routing_intervention,2,1,mixed,51760,0.0007834297427806824,0.04241407886723278,0.15791316260878785,0.996023916599371,3.516567177160814e-05,0.13977975270479134,0.8602202472952086,0.8174265842349304,0.8602202472952086,0.0,0.010568006182380216,0.010568006182380216,0.8602202472952086,0.13977975270479134,0.0,0.0,0.12486898666924266,0.000244140625,0.0,0.0,0.0,0.000579833984375,0.0022766112815588713,2.375,809
libero_spatial/pick_up_the_black_bowl_on_the_ramekin_and_place_it_on_the_plate/pin-off,routing_intervention,2,2,mixed,51760,0.0006307887883606429,0.04038206628153829,0.1520262186088739,0.9971263946542139,3.64237259123388e-05,0.1623261205564142,0.8376738794435857,0.78241885625966,0.8376738794435857,0.0,0.013253477588871715,0.013253477588871715,0.8376738794435857,0.1623261205564142,0.0,0.0,0.12514188079598146,0.000244140625,0.0,0.0,0.0,0.00054931640625,0.00177001953125,2.25,809
libero_spatial/pick_up_the_black_bowl_on_the_ramekin_and_place_it_on_the_plate/pin-off,routing_intervention,2,3,mixed,51760,0.0005248887830023788,0.03918454613899337,0.1486227309685402,0.9976535684565857,3.686209181913821e-05,0.18607032457496137,0.8139296754250387,0.732225656877898,0.8139296754250387,0.0,0.019068778979907264,0.019068778979907264,0.8139296754250387,0.18607032457496137,0.0,0.0,0.12509237345440494,0.000244140625,0.0,0.0,0.0,0.00030517578125,0.0014709472889080644,1.25,809
libero_spatial/pick_up_the_black_bowl_on_the_ramekin_and_place_it_on_the_plate/pin-off,routing_intervention,2,4,mixed,51760,0.0004962313856923783,0.038714848419613965,0.14727793285246057,0.9978946776303479,3.724562513773003e-05,0.18989567233384852,0.8101043276661515,0.7141035548686244,0.8101043276661515,0.0,0.022024729520865535,0.022024729520865535,0.8101043276661515,0.18989567233384852,0.0,0.0,0.12538579501545596,0.000244140625,0.0,0.0,0.0,0.00030517578125,0.00152587890625,1.25,809
libero_spatial/pick_up_the_black_bowl_on_the_ramekin_and_place_it_on_the_plate/pin-off,routing_intervention,2,5,mixed,51760,0.0004765370529622899,0.0387012947471654,0.1469554983666728,0.9978874093126017,3.7083043565705904e-05,0.19762364760432766,0.8023763523956723,0.7030139103554869,0.8023763523956723,0.0,0.023454404945904173,0.023454404945904173,0.8023763523956723,0.19762364760432766,0.0,0.0,0.12505131858578053,0.000244140625,0.0,0.0,0.0,0.000274658203125,0.00140380859375,1.125,808
libero_spatial/pick_up_the_black_bowl_on_the_ramekin_and_place_it_on_the_plate/pin-off,routing_intervention,2,6,mixed,51760,0.00048521946902621473,0.03881495267935846,0.14710609459619065,0.9978817994203966,3.7172515020119904e-05,0.19717928902627513,0.8028207109737249,0.7112055641421947,0.8028207109737249,0.0,0.021387171561051004,0.021387171561051004,0.8028207109737249,0.19717928902627513,0.0,0.0,0.12551137461360123,0.000244140625,0.0,0.0,0.0,0.000274658203125,0.001373291015625,1.125,809
libero_spatial/pick_up_the_black_bowl_on_the_ramekin_and_place_it_on_the_plate/pin-off,routing_intervention,2,7,mixed,51760,0.00047941252105571384,0.039140267350021435,0.1475261086842745,0.9977932987651188,3.7146572720322766e-05,0.19969088098918084,0.8003091190108191,0.7100463678516229,0.8003091190108191,0.0,0.019957496136012366,0.019957496136012366,0.8003091190108191,0.19969088098918084,0.0,0.0,0.12545582979134468,0.000244140625,0.0,0.0,0.0,0.000274658203125,0.001373291015625,1.125,808
libero_spatial/pick_up_the_black_bowl_on_the_ramekin_and_place_it_on_the_plate/pin-off,routing_intervention,2,8,mixed,51760,0.00048572534387225896,0.03913029194615171,0.14773056820334385,0.9977764983000766,3.7570493482916946e-05,0.20021251931993816,0.7997874806800618,0.719532457496136,0.7997874806800618,0.0,0.016904945904173106,0.016904945904173106,0.7997874806800618,0.20021251931993816,0.0,0.0,0.12540330370942812,0.000244140625,0.0,0.0,0.0,0.000274658203125,0.00140380859375,1.125,809
libero_spatial/pick_up_the_black_bowl_on_the_ramekin_and_place_it_on_the_plate/pin-off,routing_intervention,2,9,mixed,51760,0.0005269889300905018,0.03966177243169345,0.14929709574538735,0.9975568865179739,3.7067566625486016e-05,0.1928516228748068,0.8071483771251932,0.7457496136012365,0.8071483771251932,0.0,0.014142194744976817,0.014142194744976817,0.8071483771251932,0.1928516228748068,0.0,0.0,0.1244638717156105,0.000244140625,0.0,0.0,0.0,0.00030517578125,0.0014526366721838713,1.25,809
libero_spatial/pick_up_the_black_bowl_on_the_ramekin_and_place_it_on_the_plate/pin-off,routing_intervention,2,10,mixed,51760,0.0007361569765730655,0.041837884469599775,0.1554260171362569,0.9966811206853924,3.5517072014314866e-05,0.14681221020092736,0.8531877897990726,0.8178323029366306,0.8531877897990726,0.0,0.008191653786707883,0.008191653786707883,0.8531877897990726,0.14681221020092736,0.0,0.0,0.12516059698608964,0.000244140625,0.0,0.0,0.0,0.000579833984375,0.00213623046875,2.375,809
libero_spatial/pick_up_the_black_bowl_on_the_ramekin_and_place_it_on_the_plate/pin-off,routing_intervention,3,0,state,51760,0.008590837903148055,0.3261722759264514,0.5190829217341805,0.761826139677552,6.557207617914474e-05,0.020479134466769706,0.9795208655332303,0.9754636785162287,0.9795208655332303,0.9918856259659969,0.9918856259659969,0.0003863987635239567,0.007921174652241113,0.00019319938176197836,0.9918856259659969,0.0,0.1223736959041731,0.00023975254394908592,0.9918856259659969,0.0,0.0002342224179301411,0.0044097900390625,0.03108367882668972,21.75,808
libero_spatial/pick_up_the_black_bowl_on_the_ramekin_and_place_it_on_the_plate/pin-off,routing_intervention,3,1,mixed,51760,0.0007143518839958463,0.0418004497309925,0.15739521162218803,0.9956235588460561,3.58529953168017e-05,0.14971020092735704,0.850289799072643,0.8022217928902627,0.850289799072643,0.0,0.011456723338485316,0.011456723338485316,0.850289799072643,0.14971020092735704,0.0,0.0,0.1255783906491499,0.000244140625,0.0,0.0,0.0,0.000579833984375,0.002044677734375,2.375,809
libero_spatial/pick_up_the_black_bowl_on_the_ramekin_and_place_it_on_the_plate/pin-off,routing_intervention,3,2,mixed,51760,0.0005566846089901106,0.03981995678390196,0.15088799018211305,0.9970537551415298,3.658932917269157e-05,0.17387944358578053,0.8261205564142194,0.7547140649149923,0.8261205564142194,0.0,0.01858578052550232,0.01858578052550232,0.8261205564142194,0.17387944358578053,0.0,0.0,0.12506278979907265,0.000244140625,0.0,0.0,0.0,0.000396728515625,0.0016113281017169356,1.625,809
libero_spatial/pick_up_the_black_bowl_on_the_ramekin_and_place_it_on_the_plate/pin-off,routing_intervention,3,3,mixed,51760,0.0005102526091350101,0.039164575874529074,0.1484404916188448,0.9975350106644575,3.719853101963238e-05,0.1856646058732612,0.8143353941267388,0.7282843894899537,0.8143353941267388,0.0,0.022024729520865535,0.022024729520865535,0.8143353941267388,0.1856646058732612,0.0,0.0,0.12456469764296754,0.000244140625,0.0,0.0,0.0,0.000274658203125,0.00140380859375,1.125,809
libero_spatial/pick_up_the_black_bowl_on_the_ramekin_and_place_it_on_the_plate/pin-off,routing_intervention,3,4,mixed,51760,0.0004789072358073923,0.03844378617299948,0.14653536576944673,0.9979253341243753,3.7196172628741726e-05,0.18921947449768162,0.8107805255023184,0.7007921174652241,0.8107805255023184,0.0,0.026487635239567233,0.026487635239567233,0.8107805255023184,0.18921947449768162,0.0,0.0,0.12482249806800619,0.000244140625,0.0,0.0,0.0,0.000274658203125,0.00140380859375,1.125,809
libero_spatial/pick_up_the_black_bowl_on_the_ramekin_and_place_it_on_the_plate/pin-off,routing_intervention,3,5,mixed,51760,0.0004672538368189722,0.03839706703905344,0.14620435676397828,0.9980392908329112,3.710589047745907e-05,0.1919242658423493,0.8080757341576507,0.6918276661514683,0.8080757341576507,0.0,0.027086553323029366,0.027086553323029366,0.8080757341576507,0.1919242658423493,0.0,0.0,0.12506520479134467,0.000244140625,0.0,0.0,0.0,0.000274658203125,0.001373291015625,1.125,808
libero_spatial/pick_up_the_black_bowl_on_the_ramekin_and_place_it_on_the_plate/pin-off,routing_intervention,3,6,mixed,51760,0.0004803488022393016,0.03850780882091021,0.14652354197671646,0.9980143443636676,3.6836739117063734e-05,0.19151854714064914,0.8084814528593508,0.6957109737248841,0.8084814528593508,0.0,0.026738794435857804,0.026738794435857804,0.8084814528593508,0.19151854714064914,0.0,0.0,0.12489132534775889,0.000244140625,0.0,0.0,0.0,0.000274658203125,0.001373291015625,1.125,809
libero_spatial/pick_up_the_black_bowl_on_the_ramekin_and_place_it_on_the_plate/pin-off,routing_intervention,3,7,mixed,51760,0.0004943128347028352,0.03894225979883115,0.14743197115348333,0.9978854364322547,3.6789276500389414e-05,0.18547140649149924,0.8145285935085008,0.7068778979907264,0.8145285935085008,0.0,0.025425038639876354,0.025425038639876354,0.8145285935085008,0.18547140649149924,0.0,0.0,0.1251255795981453,0.000244140625,0.0,0.0,0.0,0.0002899169921875,0.0014541626442223787,1.1875,808
libero_spatial/pick_up_the_black_bowl_on_the_ramekin_and_place_it_on_the_plate/pin-off,routing_intervention,3,8,mixed,51760,0.0005212403522945445,0.03934425165332635,0.1482121976118368,0.9978009827768969,3.665248982873177e-05,0.17697063369397217,0.8230293663060279,0.7216576506955178,0.8230293663060279,0.0,0.02457496136012365,0.02457496136012365,0.8230293663060279,0.17697063369397217,0.0,0.0,0.12426825734157651,0.000244140625,0.0,0.0,0.0,0.000274658203125,0.0015808105235919356,1.125,809
libero_spatial/pick_up_the_black_bowl_on_the_ramekin_and_place_it_on_the_plate/pin-off,routing_intervention,3,9,mixed,51760,0.0005601072237701652,0.03979173922649307,0.14946732204148352,0.9976624847920914,3.647929549769972e-05,0.1678902627511592,0.8321097372488409,0.7450927357032457,0.8321097372488409,0.0,0.02107805255023184,0.02107805255023184,0.8321097372488409,0.1678902627511592,0.0,0.0,0.12537855003863987,0.000244140625,0.0,0.0,0.0,0.00030517578125,0.001678466796875,1.25,809
libero_spatial/pick_up_the_black_bowl_on_the_ramekin_and_place_it_on_the_plate/pin-off,routing_intervention,3,10,mixed,51760,0.0006255891260444842,0.04020833777496951,0.15150097135045612,0.9972964598726729,3.6009165013591875e-05,0.15604714064914993,0.8439528593508501,0.7721792890262751,0.8439528593508501,0.0,0.017716383307573417,0.017716383307573417,0.8439528593508501,0.15604714064914993,0.0,0.0,0.1251364470633694,0.000244140625,0.0,0.0,0.0,0.000518798828125,0.001983642578125,2.125,809
libero_spatial/pick_up_the_black_bowl_on_the_ramekin_and_place_it_on_the_plate/pin-off,routing_intervention,4,0,state,51760,0.00507891565054609,0.23071642821133598,0.4022170719812974,0.8681403847851746,5.059798681385919e-05,0.025502318392581144,0.9744976816074189,0.964451313755796,0.9744976816074189,1.0,1.0,0.0019319938176197836,0.0,0.0,1.0,0.0,0.12288688176197836,0.0002315939854617465,1.0,0.0,0.000274658203125,0.0035858154296875,0.01481018029153347,15.875,808
libero_spatial/pick_up_the_black_bowl_on_the_ramekin_and_place_it_on_the_plate/pin-off,routing_intervention,4,1,mixed,51760,0.0007457980785340393,0.0419882094841652,0.1569064693067689,0.9960461592068536,3.56873183567336e-05,0.1392967542503864,0.8607032457496137,0.8041537867078825,0.8607032457496137,0.0,0.01437403400309119,0.01437403400309119,0.8607032457496137,0.1392967542503864,0.0,0.0,0.1247947256568779,0.000244140625,0.0,0.0,0.0,0.00054931640625,0.002044677734375,2.25,809
libero_spatial/pick_up_the_black_bowl_on_the_ramekin_and_place_it_on_the_plate/pin-off,routing_intervention,4,2,mixed,51760,0.0005734232883364929,0.03961156936480421,0.1505353223043026,0.9972591488044911,3.650582739521952e-05,0.1677163833075734,0.8322836166924266,0.759969088098918,0.8322836166924266,0.0,0.01854714064914992,0.01854714064914992,0.8322836166924266,0.1677163833075734,0.0,0.0,0.12489434408809892,0.000244140625,0.0,0.0,0.0,0.00042724609375,0.0016662597190588713,1.75,809
libero_spatial/pick_up_the_black_bowl_on_the_ramekin_and_place_it_on_the_plate/pin-off,routing_intervention,4,3,mixed,51760,0.0005353895184429941,0.038843407255051865,0.1480056721423472,0.9977972121843046,3.650965978041683e-05,0.17648763523956723,0.8235123647604328,0.7356259659969088,0.8235123647604328,0.0,0.021309891808346214,0.021309891808346214,0.8235123647604328,0.17648763523956723,0.0,0.0,0.12477661321483771,0.000244140625,0.0,0.0,0.0,0.000396728515625,0.0015747069846838713,1.625,809
libero_spatial/pick_up_the_black_bowl_on_the_ramekin_and_place_it_on_the_plate/pin-off,routing_intervention,4,4,mixed,51760,0.0004860319346880434,0.03827319904309705,0.14630001074011212,0.9981060888900363,3.672442075089656e-05,0.19120942812983,0.80879057187017,0.6959234930448223,0.80879057187017,0.0,0.0259080370942813,0.0259080370942813,0.80879057187017,0.19120942812983,0.0,0.0,0.1251569744976816,0.000244140625,0.0,0.0,0.0,0.000274658203125,0.00140380859375,1.125,809
libero_spatial/pick_up_the_black_bowl_on_the_ramekin_and_place_it_on_the_plate/pin-off,routing_intervention,4,5,mixed,51760,0.000479668996065072,0.03812736676317831,0.1458511028260315,0.9981933113976369,3.687550516732878e-05,0.19211746522411127,0.8078825347758887,0.6906877897990726,0.8078825347758887,0.0,0.026178516228748068,0.026178516228748068,0.8078825347758887,0.19211746522411127,0.0,0.0,0.1256544629057187,0.000244140625,0.0,0.0,0.0,0.000274658203125,0.00140380859375,1.125,809
libero_spatial/pick_up_the_black_bowl_on_the_ramekin_and_place_it_on_the_plate/pin-off,routing_intervention,4,6,mixed,51760,0.0004888726165158303,0.038274627638379057,0.14608874549453005,0.9981948794419928,3.666781936952098e-05,0.18958655332302937,0.8104134466769707,0.6978941267387945,0.8104134466769707,0.0,0.024864760432766614,0.024864760432766614,0.8104134466769707,0.18958655332302937,0.0,0.0,0.1250682235316847,0.000244140625,0.0,0.0,0.0,0.000274658203125,0.001373291015625,1.125,809
libero_spatial/pick_up_the_black_bowl_on_the_ramekin_and_place_it_on_the_plate/pin-off,routing_intervention,4,7,mixed,51760,0.0004893773121664291,0.03842724559848791,0.14636410708773817,0.9981682443395372,3.678883430209742e-05,0.1856646058732612,0.8143353941267388,0.701951313755796,0.8143353941267388,0.0,0.025231839258114373,0.025231839258114373,0.8143353941267388,0.1856646058732612,0.0,0.0,0.12528376159196292,0.000244140625,0.0,0.0,0.0,0.00030517578125,0.001373291015625,1.25,808
libero_spatial/pick_up_the_black_bowl_on_the_ramekin_and_place_it_on_the_plate/pin-off,routing_intervention,4,8,mixed,51760,0.0005197203693655211,0.038604088360227794,0.14707439546422943,0.9980813408192748,3.656876695211372e-05,0.18050618238021637,0.8194938176197836,0.7221213292117465,0.8194938176197836,0.0,0.021445131375579598,0.021445131375579598,0.8194938176197836,0.18050618238021637,0.0,0.0,0.12515818199381762,0.000244140625,0.0,0.0,0.0,0.00030517578125,0.0016357421409338713,1.25,809
libero_spatial/pick_up_the_black_bowl_on_the_ramekin_and_place_it_on_the_plate/pin-off,routing_intervention,4,9,mixed,51760,0.0005605476532689939,0.03907170067246214,0.1485883733404475,0.9978494063987061,3.646013357171319e-05,0.17476816074188561,0.8252318392581144,0.7419049459041731,0.8252318392581144,0.0,0.02017001545595054,0.02017001545595054,0.8252318392581144,0.17476816074188561,0.0,0.0,0.12528617658423494,0.000244140625,0.0,0.0,0.0,0.000396728515625,0.001678466796875,1.625,809
libero_spatial/pick_up_the_black_bowl_on_the_ramekin_and_place_it_on_the_plate/pin-off,routing_intervention,4,10,mixed,51760,0.0007272133687180013,0.04128931921084845,0.1549978117670121,0.9968495822383503,3.510022642439263e-05,0.14256182380216384,0.8574381761978361,0.801758114374034,0.8574381761978361,0.0,0.014663833075734158,0.014663833075734158,0.8574381761978361,0.14256182380216384,0.0,0.0,0.12442402434312211,0.000244140625,0.0,0.0,0.0,0.00054931640625,0.0022460937034338713,2.25,809
libero_spatial/pick_up_the_black_bowl_on_the_ramekin_and_place_it_on_the_plate/pin-off,routing_intervention,5,0,state,51760,0.005709130023325429,0.2701303992057694,0.45039621866099433,0.8302711528974946,5.844023533545469e-05,0.0330370942812983,0.9669629057187017,0.9391421947449768,0.9669629057187017,0.9932380216383307,0.9934312210200927,0.002704791344667697,0.006568778979907265,0.00019319938176197836,0.9932380216383307,0.0,0.12531394899536322,0.0002393442475261423,0.9932380216383307,0.0,0.00018310546875,0.00339508056640625,0.01874542236328125,15.5,808
libero_spatial/pick_up_the_black_bowl_on_the_ramekin_and_place_it_on_the_plate/pin-off,routing_intervention,5,1,mixed,51760,0.0009348349003740219,0.04560239694586493,0.16404130749945664,0.9948796240679079,3.51174721577805e-05,0.1284389489953632,0.8715610510046368,0.8517774343122102,0.8715610510046368,0.0,0.0051197836166924264,0.0051197836166924264,0.8715610510046368,0.1284389489953632,0.0,0.0,0.1245399439721793,0.000244140625,0.0,0.0,0.0,0.0006103515625,0.0028076171875,2.5,809
libero_spatial/pick_up_the_black_bowl_on_the_ramekin_and_place_it_on_the_plate/pin-off,routing_intervention,5,2,mixed,51760,0.0006831203030287022,0.04159766466945548,0.1548436885639173,0.9965655861292869,3.610062636031986e-05,0.16329211746522412,0.8367078825347759,0.803033230293663,0.8367078825347759,0.0,0.007747295208655332,0.007747295208655332,0.8367078825347759,0.16329211746522412,0.0,0.0,0.12500543373261205,0.000244140625,0.0,0.0,0.0,0.00054931640625,0.0019424438942223787,2.25,808
libero_spatial/pick_up_the_black_bowl_on_the_ramekin_and_place_it_on_the_plate/pin-off,routing_intervention,5,3,mixed,51760,0.0005901230542331796,0.04051677462122356,0.1516186727438312,0.997132974519888,3.6634138599613904e-05,0.18156877897990725,0.8184312210200927,0.7709814528593508,0.8184312210200927,0.0,0.0107032457496136,0.0107032457496136,0.8184312210200927,0.18156877897990725,0.0,0.0,0.12478929192426584,0.0002441359082182187,0.0,0.0,0.0,0.00030517578125,0.00164794921875,1.25,809
libero_spatial/pick_up_the_black_bowl_on_the_ramekin_and_place_it_on_the_plate/pin-off,routing_intervention,5,4,mixed,51760,0.0005572736171150502,0.03972346263101333,0.1498880112189598,0.9974492733765514,3.693409644101834e-05,0.18802163833075733,0.8119783616692426,0.7563562596599691,0.8119783616692426,0.0,0.012074961360123648,0.012074961360123648,0.8119783616692426,0.18802163833075733,0.0,0.0,0.1246866547527048,0.000244140625,0.0,0.0,0.0,0.00042724609375,0.001678466796875,1.75,809
libero_spatial/pick_up_the_black_bowl_on_the_ramekin_and_place_it_on_the_plate/pin-off,routing_intervention,5,5,mixed,51760,0.0005363075220971793,0.03919491480454411,0.14894813348926386,0.9976448285950483,3.690822784093653e-05,0.1963292117465224,0.8036707882534776,0.7479907264296755,0.8036707882534776,0.0,0.011591962905718702,0.011591962905718702,0.8036707882534776,0.1963292117465224,0.0,0.0,0.1251448995363215,0.000244140625,0.0,0.0,0.0,0.00030517578125,0.00164794921875,1.25,809
libero_spatial/pick_up_the_black_bowl_on_the_ramekin_and_place_it_on_the_plate/pin-off,routing_intervention,5,6,mixed,51760,0.0005495209966597638,0.039333246222235135,0.1493183230321964,0.9976155944974658,3.677343106159287e-05,0.1866112828438949,0.8133887171561051,0.7613021638330757,0.8133887171561051,0.0,0.011534003091190109,0.011534003091190109,0.8133887171561051,0.1866112828438949,0.0,0.0,0.12432259466769706,0.000244140625,0.0,0.0,0.0,0.00042724609375,0.0016967772971838713,1.75,809
libero_spatial/pick_up_the_black_bowl_on_the_ramekin_and_place_it_on_the_plate/pin-off,routing_intervention,5,7,mixed,51760,0.0005455140905365509,0.03945812301989501,0.14922377691018343,0.9976469724172786,3.687926385281075e-05,0.19323802163833076,0.8067619783616693,0.746483771251932,0.8067619783616693,0.0,0.012809119010819166,0.012809119010819166,0.8067619783616693,0.19323802163833076,0.0,0.0,0.12488408037094281,0.000244140625,0.0,0.0,0.0,0.00030517578125,0.0015853882068768144,1.25,808
libero_spatial/pick_up_the_black_bowl_on_the_ramekin_and_place_it_on_the_plate/pin-off,routing_intervention,5,8,mixed,51760,0.000563147189628212,0.039749936747956315,0.14996544013988844,0.9975298639864789,3.673540200848115e-05,0.18454404945904174,0.8154559505409583,0.7639683153013911,0.8154559505409583,0.0,0.011186244204018547,0.011186244204018547,0.8154559505409583,0.18454404945904174,0.0,0.0,0.12514912577279752,0.000244140625,0.0,0.0,0.0,0.000396728515625,0.001678466796875,1.625,809
libero_spatial/pick_up_the_black_bowl_on_the_ramekin_and_place_it_on_the_plate/pin-off,routing_intervention,5,9,mixed,51760,0.0005951593979801608,0.04012832405762473,0.1511626472060426,0.9973111543971384,3.660937549526209e-05,0.1803516228748068,0.8196483771251932,0.7755216383307574,0.8196483771251932,0.0,0.010123647604327666,0.010123647604327666,0.8196483771251932,0.1803516228748068,0.0,0.0,0.12565868914219475,0.000244140625,0.0,0.0,0.0,0.00042724609375,0.001678466796875,1.75,809
libero_spatial/pick_up_the_black_bowl_on_the_ramekin_and_place_it_on_the_plate/pin-off,routing_intervention,5,10,mixed,51760,0.0008878952568797092,0.04374865159000827,0.15971738411433178,0.996101073240156,3.495046860283641e-05,0.1348338485316847,0.8651661514683153,0.8355873261205564,0.8651661514683153,0.0,0.007264296754250386,0.007264296754250386,0.8651661514683153,0.1348338485316847,0.0,0.0,0.12497826506955177,0.000244140625,0.0,0.0,0.0,0.000579833984375,0.0025634765625,2.375,809
libero_spatial/pick_up_the_black_bowl_on_the_ramekin_and_place_it_on_the_plate/pin-off,routing_intervention,12,0,state,51760,0.003280910863389925,0.08231966351799472,0.2393592645801385,0.9726319732561914,3.363139109781021e-05,0.034969088098918084,0.9648377125193199,0.9350850077279753,0.9650309119010819,0.0,0.0036707882534775887,0.0036707882534775887,0.9650309119010819,0.034969088098918084,0.0,0.0,0.1262980583462133,0.00024482455835828825,0.0,0.0,0.00018310546875,0.00213623046875,0.01175842247903347,8.75,808
libero_spatial/pick_up_the_black_bowl_on_the_ramekin_and_place_it_on_the_plate/pin-off,routing_intervention,12,1,mixed,51760,0.0008903668505331095,0.04328675837568374,0.16002092199310822,0.9960905777258796,3.59300852190398e-05,0.14743044822256568,0.8525695517774343,0.8489953632148377,0.8525695517774343,0.0,0.0002125193199381762,0.0002125193199381762,0.8525695517774343,0.14743044822256568,0.0,0.0,0.12489313659196291,0.000244140625,0.0,0.0,0.0,0.000579833984375,0.0027709961868822575,2.375,809
libero_spatial/pick_up_the_black_bowl_on_the_ramekin_and_place_it_on_the_plate/pin-off,routing_intervention,12,2,mixed,51760,0.0007861525050639369,0.04199880396564372,0.15621457932721333,0.9967379156068267,3.62576067539787e-05,0.16180448222565688,0.8381955177743431,0.8315687789799072,0.8381955177743431,0.0,0.0003284389489953632,0.0003284389489953632,0.8381955177743431,0.16180448222565688,0.0,0.0,0.12462265745749614,0.000244140625,0.0,0.0,0.0,0.00054931640625,0.0023193359375,2.25,808
libero_spatial/pick_up_the_black_bowl_on_the_ramekin_and_place_it_on_the_plate/pin-off,routing_intervention,12,3,mixed,51760,0.0007133507470627657,0.04126923515402368,0.1543518850571221,0.9970121117173428,3.663450709819057e-05,0.17449768160741885,0.8255023183925811,0.8165185471406492,0.8255023183925811,0.0,0.0004443585780525502,0.0004443585780525502,0.8255023183925811,0.17449768160741885,0.0,0.0,0.12460635625965998,0.000244140625,0.0,0.0,0.0,0.00054931640625,0.00201416015625,2.25,809
libero_spatial/pick_up_the_black_bowl_on_the_ramekin_and_place_it_on_the_plate/pin-off,routing_intervention,12,4,mixed,51760,0.0006885410644908592,0.040684759266778156,0.15318223048214566,0.9971849811109361,3.7094540721297816e-05,0.18048686244204018,0.8195131375579598,0.8073802163833076,0.8195131375579598,0.0,0.00071483771251932,0.00071483771251932,0.8195131375579598,0.18048686244204018,0.0,0.0,0.12494385142967543,0.000244140625,0.0,0.0,0.0,0.00054931640625,0.00201416015625,2.25,809
libero_spatial/pick_up_the_black_bowl_on_the_ramekin_and_place_it_on_the_plate/pin-off,routing_intervention,12,5,mixed,51760,0.0006864574261389707,0.040536220143714684,0.15279882510625967,0.9972598265136781,3.6974410185305374e-05,0.18164605873261205,0.8183539412673879,0.8061823802163833,0.8183539412673879,0.0,0.00071483771251932,0.00071483771251932,0.8183539412673879,0.18164605873261205,0.0,0.0,0.1254787722179289,0.000244140625,0.0,0.0,0.0,0.00054931640625,0.001953125,2.25,809
libero_spatial/pick_up_the_black_bowl_on_the_ramekin_and_place_it_on_the_plate/pin-off,routing_intervention,12,6,mixed,51760,0.0006854568788036129,0.040631496777306014,0.15302096253384762,0.9972510519718184,3.6964092225158785e-05,0.18259273570324575,0.8174072642967543,0.8055061823802164,0.8174072642967543,0.0,0.0004636785162287481,0.0004636785162287481,0.8174072642967543,0.18259273570324575,0.0,0.0,0.1242471261591963,0.000244140625,0.0,0.0,0.0,0.00054931640625,0.0019104003440588713,2.25,809
libero_spatial/pick_up_the_black_bowl_on_the_ramekin_and_place_it_on_the_plate/pin-off,routing_intervention,12,7,mixed,51760,0.0007085691095319745,0.04088050630029976,0.15358872804243745,0.997164520756032,3.6785738914053446e-05,0.17615919629057186,0.8238408037094281,0.8138717156105101,0.8238408037094281,0.0,0.0006761978361669242,0.0006761978361669242,0.8238408037094281,0.17615919629057186,0.0,0.0,0.12482732805255023,0.000244140625,0.0,0.0,0.0,0.00054931640625,0.0021759034134447575,2.25,808
libero_spatial/pick_up_the_black_bowl_on_the_ramekin_and_place_it_on_the_plate/pin-off,routing_intervention,12,8,mixed,51760,0.0007151336905760964,0.04121308835249227,0.15458601843997535,0.9969392849118024,3.678175912942547e-05,0.17007341576506954,0.8299265842349305,0.8223918083462133,0.8299265842349305,0.0,0.00034775888717156103,0.00034775888717156103,0.8299265842349305,0.17007341576506954,0.0,0.0,0.12486898666924266,0.000244140625,0.0,0.0,0.0,0.00054931640625,0.00201416015625,2.25,809
libero_spatial/pick_up_the_black_bowl_on_the_ramekin_and_place_it_on_the_plate/pin-off,routing_intervention,12,9,mixed,51760,0.000762852192662046,0.04181856924820536,0.15617668765037102,0.9966318474958724,3.666796676895165e-05,0.16319551777434313,0.8368044822256568,0.8311630602782071,0.8368044822256568,0.0,0.0003284389489953632,0.0003284389489953632,0.8368044822256568,0.16319551777434313,0.0,0.0,0.1249420401854714,0.000244140625,0.0,0.0,0.0,0.000579833984375,0.0022033690474927425,2.375,809
libero_spatial/pick_up_the_black_bowl_on_the_ramekin_and_place_it_on_the_plate/pin-off,routing_intervention,12,10,mixed,51760,0.0009027820097792093,0.04350098163304041,0.1605218053048324,0.9958255225426907,3.598108542205009e-05,0.14420401854714066,0.8557959814528594,0.8536514683153014,0.8557959814528594,0.0,7.727975270479135e-05,7.727975270479135e-05,0.8557959814528594,0.14420401854714066,0.0,0.0,0.1249510964064915,0.000244140625,0.0,0.0,0.0,0.0006103515625,0.002655029296875,2.5,809
libero_spatial/pick_up_the_black_bowl_on_the_ramekin_and_place_it_on_the_plate/pin-off,routing_intervention,13,0,state,51760,0.0030968679342608914,0.07541831604664255,0.23139274986302466,0.9752877070647672,3.455042654801005e-05,0.049845440494590415,0.9501545595054096,0.9275502318392581,0.9501545595054096,0.0,0.002511591962905719,0.002511591962905719,0.9501545595054096,0.049845440494590415,0.0,0.0,0.12660596986089645,0.0002447302227226623,0.0,0.0,0.000152587890625,0.002227783203125,0.009358215145766735,9.125,808
libero_spatial/pick_up_the_black_bowl_on_the_ramekin_and_place_it_on_the_plate/pin-off,routing_intervention,13,1,mixed,51760,0.0008431819343861694,0.042798448824993056,0.15896466356893596,0.996014710188695,3.663509669591323e-05,0.17204404945904173,0.8279559505409583,0.8228168469860896,0.8279559505409583,0.0,0.00019319938176197836,0.00019319938176197836,0.8279559505409583,0.17204404945904173,0.0,0.0,0.12472891711746523,0.000244140625,0.0,0.0,0.0,0.000579833984375,0.0026123046409338713,2.375,809
libero_spatial/pick_up_the_black_bowl_on_the_ramekin_and_place_it_on_the_plate/pin-off,routing_intervention,13,2,mixed,51760,0.0007595162487472228,0.041880982883930946,0.1560634789916426,0.9966427161368373,3.690631164833788e-05,0.18373261205564143,0.8162673879443586,0.8099111282843895,0.8162673879443586,0.0,0.0002704791344667697,0.0002704791344667697,0.8162673879443586,0.18373261205564143,0.0,0.0,0.12441919435857805,0.000244140625,0.0,0.0,0.0,0.000579833984375,0.0022369385696947575,2.375,808
libero_spatial/pick_up_the_black_bowl_on_the_ramekin_and_place_it_on_the_plate/pin-off,routing_intervention,13,3,mixed,51760,0.0007125571485280622,0.04138168617967845,0.15450682013628103,0.9969648139542645,3.697278879156806e-05,0.19167310664605874,0.8083268933539413,0.8003477588871716,0.8083268933539413,0.0,0.0004250386398763524,0.0004250386398763524,0.8083268933539413,0.19167310664605874,0.0,0.0,0.12495351139876353,0.000244140625,0.0,0.0,0.0,0.00054931640625,0.0020629882346838713,2.25,809
libero_spatial/pick_up_the_black_bowl_on_the_ramekin_and_place_it_on_the_plate/pin-off,routing_intervention,13,4,mixed,51760,0.0007099092651555859,0.04119010937084923,0.15384084533502734,0.9971505643342157,3.697278879156806e-05,0.18775115919629057,0.8122488408037094,0.8009080370942813,0.8122488408037094,0.0,0.0006375579598145286,0.0006375579598145286,0.8122488408037094,0.18775115919629057,0.0,0.0,0.125097807187017,0.000244140625,0.0,0.0,0.0,0.00054931640625,0.00225830078125,2.25,809
libero_spatial/pick_up_the_black_bowl_on_the_ramekin_and_place_it_on_the_plate/pin-off,routing_intervention,13,5,mixed,51760,0.0007058498848350561,0.041112066089093596,0.15343942067354135,0.9972465658643883,3.6918398401652456e-05,0.1929095826893354,0.8070904173106646,0.7918856259659969,0.8070904173106646,0.0,0.0007341576506955178,0.0007341576506955178,0.8070904173106646,0.1929095826893354,0.0,0.0,0.1257033664992272,0.000244140625,0.0,0.0,0.0,0.00054931640625,0.0023986815940588713,2.25,809
libero_spatial/pick_up_the_black_bowl_on_the_ramekin_and_place_it_on_the_plate/pin-off,routing_intervention,13,6,mixed,51760,0.0007115742891243841,0.04136118350847059,0.15365159389961633,0.9972555125607221,3.707036721466866e-05,0.18921947449768162,0.8107805255023184,0.796000772797527,0.8107805255023184,0.0,0.0007341576506955178,0.0007341576506955178,0.8107805255023184,0.18921947449768162,0.0,0.0,0.12531877897990726,0.000244140625,0.0,0.0,0.0,0.00054931640625,0.002166748046875,2.25,809
libero_spatial/pick_up_the_black_bowl_on_the_ramekin_and_place_it_on_the_plate/pin-off,routing_intervention,13,7,mixed,51760,0.0007221605162347855,0.04174697675513337,0.15432485730791756,0.9971632827033031,3.669936284768342e-05,0.18502704791344668,0.8149729520865533,0.80233771251932,0.8149729520865533,0.0,0.0006955177743431221,0.0006955177743431221,0.8149729520865533,0.18502704791344668,0.0,0.0,0.12474280332302937,0.000244140625,0.0,0.0,0.0,0.00054931640625,0.001953125,2.25,808
libero_spatial/pick_up_the_black_bowl_on_the_ramekin_and_place_it_on_the_plate/pin-off,routing_intervention,13,8,mixed,51760,0.0007486741362251859,0.04207070894550872,0.15519855269324467,0.9970067788658223,3.655402700904716e-05,0.17818778979907265,0.8218122102009273,0.8128477588871715,0.8218122102009273,0.0,0.0004829984544049459,0.0004829984544049459,0.8218122102009273,0.17818778979907265,0.0,0.0,0.12520768933539414,0.000244140625,0.0,0.0,0.0,0.00054931640625,0.0022460937034338713,2.25,809
libero_spatial/pick_up_the_black_bowl_on_the_ramekin_and_place_it_on_the_plate/pin-off,routing_intervention,13,9,mixed,51760,0.0008202571957336142,0.04262324160733584,0.1573758227010783,0.996581336301989,3.663185390843859e-05,0.16559119010819165,0.8344088098918083,0.8288639876352396,0.8344088098918083,0.0,0.0002897990726429675,0.0002897990726429675,0.8344088098918083,0.16559119010819165,0.0,0.0,0.12565084041731067,0.000244140625,0.0,0.0,0.0,0.000579833984375,0.002593994140625,2.375,809
libero_spatial/pick_up_the_black_bowl_on_the_ramekin_and_place_it_on_the_plate/pin-off,routing_intervention,13,10,mixed,51760,0.0009991370176052937,0.044428707753672296,0.16299049695824178,0.9954338864090823,3.569122444164624e-05,0.13892967542503865,0.8610703245749614,0.8587519319938176,0.8610703245749614,0.0,0.00013523956723338485,0.00013523956723338485,0.8610703245749614,0.13892967542503865,0.0,0.0,0.1249317764683153,0.000244140625,0.0,0.0,0.0,0.000579833984375,0.003021240234375,2.375,809
libero_spatial/pick_up_the_black_bowl_on_the_ramekin_and_place_it_on_the_plate/pin-off,routing_intervention,14,0,state,51760,0.0027549189430484448,0.06781443930482937,0.21939041515037855,0.9795442960200575,3.276173445688333e-05,0.05100463678516229,0.9489953632148377,0.9412673879443586,0.9489953632148377,0.0,0.00115919629057187,0.00115919629057187,0.9489953632148377,0.05100463678516229,0.0,0.0,0.12582109737248842,0.000244140625,0.0,0.0,0.0,0.0019378662109375,0.00827636756002903,7.9375,808
libero_spatial/pick_up_the_black_bowl_on_the_ramekin_and_place_it_on_the_plate/pin-off,routing_intervention,14,1,mixed,51760,0.0008170603968813393,0.0423581148409954,0.15762076930616517,0.9963916651029399,3.8181243023879747e-05,0.2314335394126739,0.7685664605873261,0.7671561051004637,0.7685664605873261,0.0,3.8639876352395674e-05,3.8639876352395674e-05,0.7685664605873261,0.2314335394126739,0.0,0.0,0.1253417214064915,0.000244140625,0.0,0.0,0.0,0.000579833984375,0.0024475096724927425,2.375,809
libero_spatial/pick_up_the_black_bowl_on_the_ramekin_and_place_it_on_the_plate/pin-off,routing_intervention,14,2,mixed,51760,0.0007424025852492272,0.041347779004245855,0.1547307322530142,0.9969773901554495,3.921768212060471e-05,0.24972952086553324,0.7502704791344668,0.7474304482225657,0.7502704791344668,0.0,7.727975270479135e-05,7.727975270479135e-05,0.7502704791344668,0.24972952086553324,0.0,0.0,0.12499275502318392,0.000244140625,0.0,0.0,0.0,0.00054931640625,0.002166748046875,2.25,808
libero_spatial/pick_up_the_black_bowl_on_the_ramekin_and_place_it_on_the_plate/pin-off,routing_intervention,14,3,mixed,51760,0.0007018459267004565,0.04075615601340623,0.1530992434234855,0.9972128497773474,3.985135227303601e-05,0.26421947449768163,0.7357805255023184,0.7321097372488408,0.7357805255023184,0.0,0.0001545595054095827,0.0001545595054095827,0.7357805255023184,0.26421947449768163,0.0,0.0,0.12520346309891808,0.000244140625,0.0,0.0,0.0,0.00054931640625,0.002288818359375,2.25,809
libero_spatial/pick_up_the_black_bowl_on_the_ramekin_and_place_it_on_the_plate/pin-off,routing_intervention,14,4,mixed,51760,0.0006806770100659897,0.04053676257361953,0.1523873336532569,0.9973326621286376,4.0166639655229664e-05,0.2722758887171561,0.7277241112828439,0.724710200927357,0.7277241112828439,0.0,0.00013523956723338485,0.00013523956723338485,0.7277241112828439,0.2722758887171561,0.0,0.0,0.12525115919629057,0.000244140625,0.0,0.0,0.0,0.00054931640625,0.0020202635787427425,2.25,809
libero_spatial/pick_up_the_black_bowl_on_the_ramekin_and_place_it_on_the_plate/pin-off,routing_intervention,14,5,mixed,51760,0.0006727539958688539,0.04044776338698138,0.1521524939323319,0.9973544841779071,4.029355056503272e-05,0.2776081916537867,0.7223918083462133,0.7191460587326121,0.7223918083462133,0.0,0.00019319938176197836,0.00019319938176197836,0.7223918083462133,0.2776081916537867,0.0,0.0,0.12501207496136013,0.000244140625,0.0,0.0,0.0,0.00054931640625,0.00225830078125,2.25,809
libero_spatial/pick_up_the_black_bowl_on_the_ramekin_and_place_it_on_the_plate/pin-off,routing_intervention,14,6,mixed,51760,0.0006656180946314721,0.04053190664677568,0.15241037749064945,0.997274085704289,4.0082916778611624e-05,0.27538639876352394,0.724613601236476,0.7207882534775889,0.724613601236476,0.0,0.00017387944358578051,0.00017387944358578051,0.724613601236476,0.27538639876352394,0.0,0.0,0.12477902820710973,0.000244140625,0.0,0.0,0.0,0.00054931640625,0.00177001953125,2.25,809
libero_spatial/pick_up_the_black_bowl_on_the_ramekin_and_place_it_on_the_plate/pin-off,routing_intervention,14,7,mixed,51760,0.0006796310637059868,0.04067627023876727,0.1531204807334558,0.9971078347178662,4.015971188198838e-05,0.2722372488408037,0.7277627511591963,0.7244010819165378,0.7277627511591963,0.0,0.00019319938176197836,0.00019319938176197836,0.7277627511591963,0.2722372488408037,0.0,0.0,0.12459548879443585,0.000244140625,0.0,0.0,0.0,0.00054931640625,0.0018310546875,2.25,808
libero_spatial/pick_up_the_black_bowl_on_the_ramekin_and_place_it_on_the_plate/pin-off,routing_intervention,14,8,mixed,51760,0.0007160552318166176,0.041015849636732334,0.1542439933906567,0.9968926726631716,3.9275831196002285e-05,0.2598918083462133,0.7401081916537867,0.7366499227202473,0.7401081916537867,0.0,0.00013523956723338485,0.00013523956723338485,0.7401081916537867,0.2598918083462133,0.0,0.0,0.125293421561051,0.000244140625,0.0,0.0,0.0,0.00054931640625,0.00225830078125,2.25,809
libero_spatial/pick_up_the_black_bowl_on_the_ramekin_and_place_it_on_the_plate/pin-off,routing_intervention,14,9,mixed,51760,0.0007505413922128574,0.041629116170373175,0.15604695551546502,0.9965329913327462,3.9175673282865024e-05,0.25231839258114375,0.7476816074188563,0.7459428129829985,0.7476816074188563,0.0,0.0001545595054095827,0.0001545595054095827,0.7476816074188563,0.25231839258114375,0.0,0.0,0.12480317812982998,0.000244140625,0.0,0.0,0.0,0.000579833984375,0.002410888671875,2.375,808
libero_spatial/pick_up_the_black_bowl_on_the_ramekin_and_place_it_on_the_plate/pin-off,routing_intervention,14,10,mixed,51760,0.0008756457745936776,0.04304559403998774,0.16009797298189662,0.9957303379278002,3.745375313382982e-05,0.2080370942812983,0.7919629057187016,0.7905911901081917,0.7919629057187016,0.0,5.795981452859351e-05,5.795981452859351e-05,0.7919629057187016,0.2080370942812983,0.0,0.0,0.12501690494590417,0.000244140625,0.0,0.0,0.0,0.000579833984375,0.0025695799849927425,2.375,809
libero_spatial/pick_up_the_black_bowl_on_the_ramekin_and_place_it_on_the_plate/pin-off,routing_intervention,15,0,state,51760,0.0021952374088340418,0.06612743513293023,0.2110913732136604,0.981067942895882,3.225615440970042e-05,0.0660741885625966,0.9339258114374034,0.9250386398763524,0.9339258114374034,0.0,0.0009659969088098918,0.0009659969088098918,0.9339258114374034,0.0660741885625966,0.0,0.0,0.1265033326893354,0.000244140625,0.0,0.0,0.0,0.001373291015625,0.006549072451889515,5.625,808
libero_spatial/pick_up_the_black_bowl_on_the_ramekin_and_place_it_on_the_plate/pin-off,routing_intervention,15,1,mixed,51760,0.000848791956717301,0.043006640497646895,0.1586102988288797,0.9961203548372068,4.081269135983687e-05,0.26209428129829987,0.7379057187017002,0.7378477588871716,0.7379057187017002,0.0,0.0,0.0,0.7379057187017002,0.26209428129829987,0.0,0.0,0.12502716866306027,0.000244140625,0.0,0.0,0.0,0.000579833984375,0.002685546875,2.375,809
libero_spatial/pick_up_the_black_bowl_on_the_ramekin_and_place_it_on_the_plate/pin-off,routing_intervention,15,2,mixed,51760,0.0007612449492700686,0.04220711119945119,0.1558407053881119,0.9966675789684195,4.1419755915033026e-05,0.2869783616692427,0.7130216383307574,0.7129829984544049,0.7130216383307574,0.0,0.0,0.0,0.7130216383307574,0.2869783616692427,0.0,0.0,0.12503441363987636,0.000244140625,0.0,0.0,0.0,0.000579833984375,0.0025619505904614925,2.375,808
libero_spatial/pick_up_the_black_bowl_on_the_ramekin_and_place_it_on_the_plate/pin-off,routing_intervention,15,3,mixed,51760,0.000742073000122259,0.04165505198459537,0.15455709454449473,0.9969349020334908,4.154438213366077e-05,0.2976622874806801,0.70233771251932,0.7022990726429675,0.70233771251932,0.0,0.0,0.0,0.70233771251932,0.2976622874806801,0.0,0.0,0.1253435326506955,0.000244140625,0.0,0.0,0.0,0.00054931640625,0.0023376464378088713,2.25,809
libero_spatial/pick_up_the_black_bowl_on_the_ramekin_and_place_it_on_the_plate/pin-off,routing_intervention,15,4,mixed,51760,0.0007098438198083703,0.041048626553330574,0.15329682587471774,0.9971379693442095,4.216567073391615e-05,0.3054095826893354,0.6945904173106646,0.6944744976816074,0.6945904173106646,0.0,0.0,0.0,0.6945904173106646,0.3054095826893354,0.0,0.0,0.1251255795981453,0.000244140625,0.0,0.0,0.0,0.00054931640625,0.00225830078125,2.25,809
libero_spatial/pick_up_the_black_bowl_on_the_ramekin_and_place_it_on_the_plate/pin-off,routing_intervention,15,5,mixed,51760,0.0007083055593499444,0.04080477895839874,0.15261260833032717,0.9972472969782316,4.2371514038840625e-05,0.30115919629057186,0.6988408037094281,0.6987635239567234,0.6988408037094281,0.0,0.0,0.0,0.6988408037094281,0.30115919629057186,0.0,0.0,0.12551982708655332,0.000244140625,0.0,0.0,0.0,0.00054931640625,0.00225830078125,2.25,809
libero_spatial/pick_up_the_black_bowl_on_the_ramekin_and_place_it_on_the_plate/pin-off,routing_intervention,15,6,mixed,51760,0.0006747845704257028,0.04093110557685864,0.15267681434312966,0.9971541929903687,4.251773427406087e-05,0.3144126738794436,0.6855873261205564,0.6855100463678516,0.6855873261205564,0.0,0.0,0.0,0.6855873261205564,0.3144126738794436,0.0,0.0,0.12492694648377126,0.000244140625,0.0,0.0,0.0,0.00054931640625,0.0018310546875,2.25,809
libero_spatial/pick_up_the_black_bowl_on_the_ramekin_and_place_it_on_the_plate/pin-off,routing_intervention,15,7,mixed,51760,0.0006836709873016687,0.04142471679027151,0.15361915953929495,0.9969422114929516,4.253483260801808e-05,0.3088485316846986,0.6911514683153014,0.6910548686244204,0.6911514683153014,0.0,0.0,0.0,0.6911514683153014,0.3088485316846986,0.0,0.0,0.12479049942040185,0.000244140625,0.0,0.0,0.0,0.00054931640625,0.0018310546875,2.25,808
libero_spatial/pick_up_the_black_bowl_on_the_ramekin_and_place_it_on_the_plate/pin-off,routing_intervention,15,8,mixed,51760,0.0006973083826268475,0.04164414206833523,0.15462550379946205,0.9967039108483647,4.199844607982606e-05,0.303226429675425,0.696773570324575,0.6966576506955178,0.696773570324575,0.0,0.0,0.0,0.696773570324575,0.303226429675425,0.0,0.0,0.12497464258114374,0.000244140625,0.0,0.0,0.0,0.00054931640625,0.002166748046875,2.25,809
libero_spatial/pick_up_the_black_bowl_on_the_ramekin_and_place_it_on_the_plate/pin-off,routing_intervention,15,9,mixed,51760,0.000747004985072329,0.04191954080619989,0.15600046809342397,0.9963602530590073,4.1741860520894964e-05,0.28896831530139105,0.711031684698609,0.710935085007728,0.711031684698609,0.0,0.0,0.0,0.711031684698609,0.28896831530139105,0.0,0.0,0.12510324091962904,0.000244140625,0.0,0.0,0.0,0.000579833984375,0.0023086548317223787,2.375,808
libero_spatial/pick_up_the_black_bowl_on_the_ramekin_and_place_it_on_the_plate/pin-off,routing_intervention,15,10,mixed,51760,0.0008602289733415041,0.043168559951428466,0.15997295114319696,0.9954769806409546,4.041821363351813e-05,0.25778593508500774,0.7422140649149923,0.7421754250386399,0.7422140649149923,0.0,1.9319938176197837e-05,1.9319938176197837e-05,0.7422140649149923,0.25778593508500774,0.0,0.0,0.12530610027047914,0.000244140625,0.0,0.0,0.0,0.000579833984375,0.002471923828125,2.375,809
libero_spatial/pick_up_the_black_bowl_on_the_ramekin_and_place_it_on_the_plate/pin-on,routing_intervention,2,0,state,50520,0.01001783447990508,0.26710728926971994,0.4911023031976236,0.8172010062284537,5.735307106024107e-05,0.017022961203483768,0.9829770387965162,0.9817893903404592,0.9829770387965162,0.9877276326207443,0.9877276326207443,0.0,0.01227236737925574,0.000395882818685669,0.9873317498020586,0.0,0.12488247228820269,0.0002836105092970606,0.9877276326207443,0.0,0.0006103515625,0.006744384765625,0.03715362399816513,26.5,790
libero_spatial/pick_up_the_black_bowl_on_the_ramekin_and_place_it_on_the_plate/pin-on,routing_intervention,2,1,mixed,50520,0.0007876283671302825,0.04241092286219412,0.15796898413723834,0.9960015286423815,3.5518818399968455e-05,0.1406769596199525,0.8593230403800475,0.818507521773555,0.8593230403800475,0.0,0.010233570863024545,0.010233570863024545,0.8593230403800475,0.1406769596199525,0.0,0.0,0.12530990201900238,0.000244140625,0.0,0.0,0.0,0.00054931640625,0.0025634765625,2.25,789
libero_spatial/pick_up_the_black_bowl_on_the_ramekin_and_place_it_on_the_plate/pin-on,routing_intervention,2,2,mixed,50520,0.0006233668383963034,0.04043002336249876,0.15210362281104636,0.9971097555256324,3.626529696623862e-05,0.16737925574030088,0.8326207442596991,0.7793547110055423,0.8326207442596991,0.0,0.013776722090261283,0.013776722090261283,0.8326207442596991,0.16737925574030088,0.0,0.0,0.12527897367379257,0.000244140625,0.0,0.0,0.0,0.00042724609375,0.001800537109375,1.75,790
libero_spatial/pick_up_the_black_bowl_on_the_ramekin_and_place_it_on_the_plate/pin-on,routing_intervention,2,3,mixed,50520,0.0005251784033937673,0.03918496356157679,0.14862045565957788,0.9976475701585518,3.693611585990078e-05,0.18196753760886777,0.8180324623911323,0.7360451306413301,0.8180324623911323,0.0,0.0194972288202692,0.0194972288202692,0.8180324623911323,0.18196753760886777,0.0,0.0,0.12496907165479018,0.000244140625,0.0,0.0,0.0,0.000274658203125,0.001373291015625,1.125,789
libero_spatial/pick_up_the_black_bowl_on_the_ramekin_and_place_it_on_the_plate/pin-on,routing_intervention,2,4,mixed,50520,0.0004924795312345358,0.038732721686646376,0.147300778205491,0.9978882205646753,3.698715971088183e-05,0.19277513855898654,0.8072248614410135,0.7124505146476643,0.8072248614410135,0.0,0.022565320665083134,0.022565320665083134,0.8072248614410135,0.19277513855898654,0.0,0.0,0.12444390835312748,0.000244140625,0.0,0.0,0.0,0.000274658203125,0.0013916015159338713,1.125,789
libero_spatial/pick_up_the_black_bowl_on_the_ramekin_and_place_it_on_the_plate/pin-on,routing_intervention,2,5,mixed,50520,0.00047747626346156225,0.038740482768272466,0.1470108267813567,0.9978773129323788,3.721172245173632e-05,0.19811955661124306,0.801880443388757,0.7007719714964371,0.801880443388757,0.0,0.02361441013460016,0.02361441013460016,0.801880443388757,0.19811955661124306,0.0,0.0,0.12469009798099763,0.000244140625,0.0,0.0,0.0,0.000274658203125,0.00140380859375,1.125,790
libero_spatial/pick_up_the_black_bowl_on_the_ramekin_and_place_it_on_the_plate/pin-on,routing_intervention,2,6,mixed,50520,0.00048216504892091,0.03887140752772726,0.14716074226965342,0.9978731037224462,3.723513013487851e-05,0.19614014251781473,0.8038598574821852,0.7074228028503563,0.8038598574821852,0.0,0.020566112430720505,0.020566112430720505,0.8038598574821852,0.19614014251781473,0.0,0.0,0.1259160975851148,0.000244140625,0.0,0.0,0.0,0.000274658203125,0.00140380859375,1.125,789
libero_spatial/pick_up_the_black_bowl_on_the_ramekin_and_place_it_on_the_plate/pin-on,routing_intervention,2,7,mixed,50520,0.00047435382954770386,0.03914868920357192,0.14751413364969165,0.997790368841644,3.753807085993171e-05,0.20350356294536817,0.7964964370546318,0.7071060965954078,0.7964964370546318,0.0,0.01965558194774347,0.01965558194774347,0.7964964370546318,0.20350356294536817,0.0,0.0,0.1248985550277118,0.000244140625,0.0,0.0,0.0,0.000274658203125,0.0013900756603106856,1.125,790
libero_spatial/pick_up_the_black_bowl_on_the_ramekin_and_place_it_on_the_plate/pin-on,routing_intervention,2,8,mixed,50520,0.00048371750687382475,0.03916932481296083,0.14774849801807297,0.9977726657088088,3.7584131139663125e-05,0.20320665083135392,0.7967933491686461,0.7182699920823437,0.7967933491686461,0.0,0.018329374505146476,0.018329374505146476,0.7967933491686461,0.20320665083135392,0.0,0.0,0.12512556908155187,0.000244140625,0.0,0.0,0.0,0.000274658203125,0.00140380859375,1.125,790
libero_spatial/pick_up_the_black_bowl_on_the_ramekin_and_place_it_on_the_plate/pin-on,routing_intervention,2,9,mixed,50520,0.0005280374631179484,0.03972189896463498,0.1493304037424844,0.9975556691098288,3.700724501319094e-05,0.19081551860649248,0.8091844813935075,0.7466349960411718,0.8091844813935075,0.0,0.013341250989707046,0.013341250989707046,0.8091844813935075,0.19081551860649248,0.0,0.0,0.12445504255740301,0.000244140625,0.0,0.0,0.0,0.000396728515625,0.001434326171875,1.625,789
libero_spatial/pick_up_the_black_bowl_on_the_ramekin_and_place_it_on_the_plate/pin-on,routing_intervention,2,10,mixed,50520,0.0007365778713875693,0.041817257504376364,0.15534035568660154,0.9966946356417353,3.604768102167149e-05,0.1481987331749802,0.8518012668250198,0.8161124307205068,0.8518012668250198,0.0,0.009125098970704671,0.009125098970704671,0.8518012668250198,0.1481987331749802,0.0,0.0,0.12511196060965954,0.000244140625,0.0,0.0,0.0,0.00054931640625,0.0022445679642260075,2.25,790
libero_spatial/pick_up_the_black_bowl_on_the_ramekin_and_place_it_on_the_plate/pin-on,routing_intervention,3,0,state,50520,0.006979553452202562,0.31403506075873416,0.5099774584917445,0.7776159519773576,6.329870516595063e-05,0.025336500395882817,0.9746634996041171,0.970110847189232,0.9746634996041171,0.9400237529691211,0.9400237529691211,0.000395882818685669,0.05918448139350752,0.001979414093428345,0.9388361045130641,0.0,0.1236762668250198,0.00025018433777000443,0.9400237529691211,0.0,0.0002952575741801411,0.0045928955078125,0.02152099646627903,20.375,788
libero_spatial/pick_up_the_black_bowl_on_the_ramekin_and_place_it_on_the_plate/pin-on,routing_intervention,3,1,mixed,50520,0.0007057123493789589,0.04174625037307316,0.15737538643517573,0.995608537024151,3.598576392432762e-05,0.15231591448931117,0.8476840855106889,0.79986144101346,0.8476840855106889,0.0,0.01163895486935867,0.01163895486935867,0.8476840855106889,0.15231591448931117,0.0,0.0,0.1252560866983373,0.000244140625,0.0,0.0,0.0,0.00054931640625,0.0020324706565588713,2.25,789
libero_spatial/pick_up_the_black_bowl_on_the_ramekin_and_place_it_on_the_plate/pin-on,routing_intervention,3,2,mixed,50520,0.0005564093872940172,0.0398157809900086,0.15097341469517797,0.9970344539705195,3.6452029870789106e-05,0.1783452098178939,0.8216547901821061,0.7523555027711797,0.8216547901821061,0.0,0.016765637371338085,0.016765637371338085,0.8216547901821061,0.1783452098178939,0.0,0.0,0.12460844714964371,0.000244140625,0.0,0.0,0.0,0.000396728515625,0.0017257690196856856,1.625,790
libero_spatial/pick_up_the_black_bowl_on_the_ramekin_and_place_it_on_the_plate/pin-on,routing_intervention,3,3,mixed,50520,0.0005143897267248738,0.03919754692796479,0.1485150069163512,0.9975404055755193,3.70172121556902e-05,0.18525336500395884,0.8147466349960412,0.7329374505146476,0.8147466349960412,0.0,0.020961995249406177,0.020961995249406177,0.8147466349960412,0.18525336500395884,0.0,0.0,0.12498577296120349,0.000244140625,0.0,0.0,0.0,0.000274658203125,0.00152587890625,1.125,789
libero_spatial/pick_up_the_black_bowl_on_the_ramekin_and_place_it_on_the_plate/pin-on,routing_intervention,3,4,mixed,50520,0.00048682000650268457,0.03846054077148438,0.1466031785060372,0.9979291958284585,3.717230693367107e-05,0.18964766429136976,0.8103523357086303,0.7050870942201108,0.8103523357086303,0.0,0.025237529691211402,0.025237529691211402,0.8103523357086303,0.18964766429136976,0.0,0.0,0.12556413301662708,0.000244140625,0.0,0.0,0.0,0.00030517578125,0.00140380859375,1.25,790
libero_spatial/pick_up_the_black_bowl_on_the_ramekin_and_place_it_on_the_plate/pin-on,routing_intervention,3,5,mixed,50520,0.00047569727954275534,0.03843250289759934,0.1463038023935833,0.9980400192329361,3.696813152974688e-05,0.1953087885985748,0.8046912114014252,0.6935669041963579,0.8046912114014252,0.0,0.025712589073634204,0.025712589073634204,0.8046912114014252,0.1953087885985748,0.0,0.0,0.12469628365003958,0.000244140625,0.0,0.0,0.0,0.000274658203125,0.0013427734375,1.125,790
libero_spatial/pick_up_the_black_bowl_on_the_ramekin_and_place_it_on_the_plate/pin-on,routing_intervention,3,6,mixed,50520,0.0004886388589914885,0.0385952047195495,0.1466628792733308,0.9980014189877212,3.690757358819836e-05,0.19071654790182105,0.809283452098179,0.7004750593824228,0.809283452098179,0.0,0.024920823436262868,0.024920823436262868,0.809283452098179,0.19071654790182105,0.0,0.0,0.1246789637767221,0.000244140625,0.0,0.0,0.0,0.000274658203125,0.001434326171875,1.125,789
libero_spatial/pick_up_the_black_bowl_on_the_ramekin_and_place_it_on_the_plate/pin-on,routing_intervention,3,7,mixed,50520,0.0005002388006528974,0.03898945957162695,0.14753064407022434,0.9978872678837697,3.670958989400856e-05,0.18715360253365004,0.81284639746635,0.7104513064133017,0.81284639746635,0.0,0.023713380839271575,0.023713380839271575,0.81284639746635,0.18715360253365004,0.0,0.0,0.12523381828978622,0.000244140625,0.0,0.0,0.0,0.000274658203125,0.001373291015625,1.125,790
libero_spatial/pick_up_the_black_bowl_on_the_ramekin_and_place_it_on_the_plate/pin-on,routing_intervention,3,8,mixed,50520,0.000528669319545477,0.0394001233606044,0.1484339396158854,0.9977741068740827,3.6453766569860945e-05,0.1791963578780681,0.8208036421219319,0.7281076801266825,0.8208036421219319,0.0,0.02270387965162312,0.02270387965162312,0.8208036421219319,0.1791963578780681,0.0,0.0,0.12465422110055424,0.000244140625,0.0,0.0,0.0,0.000396728515625,0.0015136718284338713,1.625,789
libero_spatial/pick_up_the_black_bowl_on_the_ramekin_and_place_it_on_the_plate/pin-on,routing_intervention,3,9,mixed,50520,0.0005695225224075861,0.03984931831027625,0.14965430808652513,0.9976336584438998,3.648948216381662e-05,0.17171417260490895,0.828285827395091,0.7451702296120348,0.828285827395091,0.0,0.020427553444180523,0.020427553444180523,0.828285827395091,0.17171417260490895,0.0,0.0,0.12510639350752178,0.000244140625,0.0,0.0,0.0,0.00030517578125,0.001617431640625,1.25,789
libero_spatial/pick_up_the_black_bowl_on_the_ramekin_and_place_it_on_the_plate/pin-on,routing_intervention,3,10,mixed,50520,0.0006281353609956453,0.04028833710949098,0.15165613979360743,0.9972562038558679,3.599995955152353e-05,0.15942201108471893,0.8405779889152811,0.7711995249406176,0.8405779889152811,0.0,0.01777513855898654,0.01777513855898654,0.8405779889152811,0.15942201108471893,0.0,0.0,0.12456019893111639,0.000244140625,0.0,0.0,0.0,0.00054931640625,0.001708984375,2.25,790
libero_spatial/pick_up_the_black_bowl_on_the_ramekin_and_place_it_on_the_plate/pin-on,routing_intervention,4,0,state,50520,0.0045989633833522,0.207270515786214,0.3845149966713369,0.8839878186595317,4.901427271247193e-05,0.022961203483768806,0.9770387965162312,0.9669437846397466,0.9770387965162312,0.9857482185273159,0.9857482185273159,0.001979414093428345,0.013657957244655582,0.0005938242280285036,0.9857482185273159,0.0,0.12752993863816312,0.00023574406253092835,0.9857482185273159,0.0,0.0002853393671102822,0.0031890869140625,0.013214111328125,15.25,788
libero_spatial/pick_up_the_black_bowl_on_the_ramekin_and_place_it_on_the_plate/pin-on,routing_intervention,4,1,mixed,50520,0.0007573947015492008,0.04186588326618016,0.15665150307891676,0.9961106590885354,3.549163528406139e-05,0.14297307996832936,0.8570269200316706,0.7992874109263658,0.8570269200316706,0.0,0.015538400633412509,0.015538400633412509,0.8570269200316706,0.14297307996832936,0.0,0.0,0.12521835411718132,0.000244140625,0.0,0.0,0.0,0.00054931640625,0.0023361206986010075,2.25,790
libero_spatial/pick_up_the_black_bowl_on_the_ramekin_and_place_it_on_the_plate/pin-on,routing_intervention,4,2,mixed,50520,0.0005569397600888262,0.03951759549803141,0.15024332936000748,0.9972936545797312,3.656687853549646e-05,0.172624703087886,0.827375296912114,0.7518408551068884,0.827375296912114,0.0,0.018448139350752176,0.018448139350752176,0.827375296912114,0.172624703087886,0.0,0.0,0.12471607779097388,0.000244140625,0.0,0.0,0.0,0.000396728515625,0.001678466796875,1.625,790
libero_spatial/pick_up_the_black_bowl_on_the_ramekin_and_place_it_on_the_plate/pin-on,routing_intervention,4,3,mixed,50520,0.0005208768263187846,0.03876262311414415,0.14782887667960246,0.9978129331650757,3.6668362168216175e-05,0.1824425969912906,0.8175574030087094,0.7251187648456057,0.8175574030087094,0.0,0.02234758511480602,0.02234758511480602,0.8175574030087094,0.1824425969912906,0.0,0.0,0.12450267220902612,0.000244140625,0.0,0.0,0.0,0.00030517578125,0.001434326171875,1.25,789
libero_spatial/pick_up_the_black_bowl_on_the_ramekin_and_place_it_on_the_plate/pin-on,routing_intervention,4,4,mixed,50520,0.0004865046823581626,0.038274477175654444,0.1462639700677408,0.998111272213342,3.6789629068623814e-05,0.18776722090261283,0.8122327790973872,0.6987727632620744,0.8122327790973872,0.0,0.026167854315122724,0.026167854315122724,0.8122327790973872,0.18776722090261283,0.0,0.0,0.12487195665083135,0.000244140625,0.0,0.0,0.0,0.000274658203125,0.00140380859375,1.125,790
libero_spatial/pick_up_the_black_bowl_on_the_ramekin_and_place_it_on_the_plate/pin-on,routing_intervention,4,5,mixed,50520,0.0004844671568036174,0.03818242910450069,0.14596507419033458,0.9981891776679153,3.696707440857272e-05,0.18772763262074427,0.8122723673792558,0.6941805225653207,0.8122723673792558,0.0,0.02608867775138559,0.02608867775138559,0.8122723673792558,0.18772763262074427,0.0,0.0,0.12547505938242282,0.000244140625,0.0,0.0,0.0,0.000274658203125,0.001434326171875,1.125,789
libero_spatial/pick_up_the_black_bowl_on_the_ramekin_and_place_it_on_the_plate/pin-on,routing_intervention,4,6,mixed,50520,0.00048742045132960956,0.03829501673803382,0.1461529759688691,0.9981854571393814,3.690576138047122e-05,0.18942992874109263,0.8105700712589073,0.6958036421219319,0.8105700712589073,0.0,0.025930324623911323,0.025930324623911323,0.8105700712589073,0.18942992874109263,0.0,0.0,0.12499752573238321,0.000244140625,0.0,0.0,0.0,0.000274658203125,0.001434326171875,1.125,789
libero_spatial/pick_up_the_black_bowl_on_the_ramekin_and_place_it_on_the_plate/pin-on,routing_intervention,4,7,mixed,50520,0.0004904897271501386,0.03842238836220494,0.14633648918435768,0.9981740743393759,3.6740246408059305e-05,0.18739113222486145,0.8126088677751385,0.7025930324623911,0.8126088677751385,0.0,0.025455265241488518,0.025455265241488518,0.8126088677751385,0.18739113222486145,0.0,0.0,0.12462143705463183,0.000244140625,0.0,0.0,0.0,0.000274658203125,0.0014678954612463713,1.125,790
libero_spatial/pick_up_the_black_bowl_on_the_ramekin_and_place_it_on_the_plate/pin-on,routing_intervention,4,8,mixed,50520,0.0005172874468805671,0.03864928099812729,0.14711696235131197,0.9980825466762341,3.6627889528976763e-05,0.18093824228028504,0.819061757719715,0.7185471100554236,0.819061757719715,0.0,0.0220110847189232,0.0220110847189232,0.819061757719715,0.18093824228028504,0.0,0.0,0.12470556215360254,0.000244140625,0.0,0.0,0.0,0.00030517578125,0.0013916015159338713,1.25,789
libero_spatial/pick_up_the_black_bowl_on_the_ramekin_and_place_it_on_the_plate/pin-on,routing_intervention,4,9,mixed,50520,0.0005604198029941732,0.039092925155530915,0.14855102333678957,0.9978608571517967,3.6328120167446064e-05,0.1734362628661916,0.8265637371338084,0.7430720506730008,0.8265637371338084,0.0,0.019992082343626285,0.019992082343626285,0.8265637371338084,0.1734362628661916,0.0,0.0,0.12530062351543944,0.000244140625,0.0,0.0,0.0,0.00030517578125,0.0016647338634356856,1.25,790
libero_spatial/pick_up_the_black_bowl_on_the_ramekin_and_place_it_on_the_plate/pin-on,routing_intervention,4,10,mixed,50520,0.0007072237306233917,0.04113791640184271,0.15456463473237703,0.9969131756883619,3.514656072935224e-05,0.14984164687252574,0.8501583531274742,0.790993665874901,0.8501583531274742,0.0,0.014548693586698337,0.014548693586698337,0.8501583531274742,0.14984164687252574,0.0,0.0,0.12491154493269992,0.000244140625,0.0,0.0,0.0,0.00054931640625,0.001983642578125,2.25,790
libero_spatial/pick_up_the_black_bowl_on_the_ramekin_and_place_it_on_the_plate/pin-on,routing_intervention,5,0,state,50520,0.0056388731146274065,0.26885741680081837,0.4452694887597695,0.832633762047438,5.719702770477802e-05,0.019992082343626285,0.9800079176563737,0.9663499604117182,0.9800079176563737,0.9220110847189232,0.9218131433095804,0.001583531274742676,0.0773950910530483,0.0017814726840855108,0.9208234362628662,0.0,0.12516082739509105,0.00023665016639449723,0.9220110847189232,0.0,0.000335693359375,0.0037384033203125,0.01845092698931694,17.1875,788
libero_spatial/pick_up_the_black_bowl_on_the_ramekin_and_place_it_on_the_plate/pin-on,routing_intervention,5,1,mixed,50520,0.000938793070620237,0.04528995855215138,0.16376096977662777,0.9948983348263036,3.5017138894172483e-05,0.13010688836104514,0.8698931116389549,0.8519002375296912,0.8698931116389549,0.0,0.004216152019002375,0.004216152019002375,0.8698931116389549,0.13010688836104514,0.0,0.0,0.12509278503562946,0.000244140625,0.0,0.0,0.0,0.0006103515625,0.002716064453125,2.5,790
libero_spatial/pick_up_the_black_bowl_on_the_ramekin_and_place_it_on_the_plate/pin-on,routing_intervention,5,2,mixed,50520,0.0006771528617031311,0.04154013409467321,0.1546740371087951,0.9965642488283575,3.632887525399903e-05,0.16524148851939827,0.8347585114806018,0.802236737925574,0.8347585114806018,0.0,0.007897862232779097,0.007897862232779097,0.8347585114806018,0.16524148851939827,0.0,0.0,0.12484226543942993,0.00024413941686151524,0.0,0.0,0.0,0.0005645751953125,0.002044677734375,2.3125,788
libero_spatial/pick_up_the_black_bowl_on_the_ramekin_and_place_it_on_the_plate/pin-on,routing_intervention,5,3,mixed,50520,0.0005956669412523815,0.040389194926475594,0.15161681820830936,0.9971711985996953,3.650956746612573e-05,0.1808590657165479,0.8191409342834521,0.7757323832145685,0.8191409342834521,0.0,0.00946159936658749,0.00946159936658749,0.8191409342834521,0.1808590657165479,0.0,0.0,0.12529753068091845,0.00024413579244606095,0.0,0.0,0.0,0.00054931640625,0.001953125,2.25,789
libero_spatial/pick_up_the_black_bowl_on_the_ramekin_and_place_it_on_the_plate/pin-on,routing_intervention,5,4,mixed,50520,0.0005637639303199847,0.03978868365193395,0.15005540704311876,0.9974720493018013,3.648895360322954e-05,0.1882818685669042,0.8117181314330958,0.7605898653998416,0.8117181314330958,0.0,0.011163895486935867,0.011163895486935867,0.8117181314330958,0.1882818685669042,0.0,0.0,0.12441112430720506,0.000244140625,0.0,0.0,0.0,0.00030517578125,0.001678466796875,1.25,790
libero_spatial/pick_up_the_black_bowl_on_the_ramekin_and_place_it_on_the_plate/pin-on,routing_intervention,5,5,mixed,50520,0.0005402879873533996,0.03931856072335987,0.14911254737835883,0.9976708836175107,3.663589344643829e-05,0.19524940617577197,0.804750593824228,0.751821060965954,0.804750593824228,0.0,0.011559778305621536,0.011559778305621536,0.804750593824228,0.19524940617577197,0.0,0.0,0.12568475356294537,0.000244140625,0.0,0.0,0.0,0.00030517578125,0.00164794921875,1.25,789
libero_spatial/pick_up_the_black_bowl_on_the_ramekin_and_place_it_on_the_plate/pin-on,routing_intervention,5,6,mixed,50520,0.0005506961003995942,0.03947120902090911,0.14939022109514177,0.9976454172345351,3.685169718327828e-05,0.19443784639746636,0.8055621536025337,0.7553444180522565,0.8055621536025337,0.0,0.010688836104513063,0.010688836104513063,0.8055621536025337,0.19443784639746636,0.0,0.0,0.12468205661124307,0.000244140625,0.0,0.0,0.0,0.00030517578125,0.001739501953125,1.25,790
libero_spatial/pick_up_the_black_bowl_on_the_ramekin_and_place_it_on_the_plate/pin-on,routing_intervention,5,7,mixed,50520,0.0005388370130332046,0.039325592089341166,0.14888569400693724,0.9977280670571969,3.6865590775853e-05,0.19522961203483769,0.8047703879651623,0.7468527315914489,0.8047703879651623,0.0,0.012608867775138559,0.012608867775138559,0.8047703879651623,0.19522961203483769,0.0,0.0,0.12476308887569279,0.000244140625,0.0,0.0,0.0,0.00030517578125,0.00140380859375,1.25,790
libero_spatial/pick_up_the_black_bowl_on_the_ramekin_and_place_it_on_the_plate/pin-on,routing_intervention,5,8,mixed,50520,0.0005550109669979093,0.03966702229431104,0.14961934335063773,0.9976037591967145,3.696284592387606e-05,0.18812351543942993,0.81187648456057,0.7605898653998416,0.81187648456057,0.0,0.010807600950118765,0.010807600950118765,0.81187648456057,0.18812351543942993,0.0,0.0,0.1250501039192399,0.000244140625,0.0,0.0,0.0,0.000518798828125,0.0016662597190588713,2.125,789
libero_spatial/pick_up_the_black_bowl_on_the_ramekin_and_place_it_on_the_plate/pin-on,routing_intervention,5,9,mixed,50520,0.0005955890163201145,0.04013070705289984,0.1510246536605243,0.9973417185217449,3.6674931421227054e-05,0.18032462391132226,0.8196753760886778,0.7771773555027712,0.8196753760886778,0.0,0.009204275534441805,0.009204275534441805,0.8196753760886778,0.18032462391132226,0.0,0.0,0.12502597980997623,0.00024413941686151524,0.0,0.0,0.0,0.000518798828125,0.00177001953125,2.125,790
libero_spatial/pick_up_the_black_bowl_on_the_ramekin_and_place_it_on_the_plate/pin-on,routing_intervention,5,10,mixed,50520,0.0008967558920430646,0.04400690037960678,0.16018970335464297,0.9960582379596816,3.485698503628668e-05,0.12911718131433095,0.8708828186856691,0.8430522565320665,0.8708828186856691,0.0,0.006294536817102138,0.006294536817102138,0.8708828186856691,0.12911718131433095,0.0,0.0,0.12492082343626286,0.000244140625,0.0,0.0,0.0,0.0006103515625,0.0027343749534338713,2.5,789
libero_spatial/pick_up_the_black_bowl_on_the_ramekin_and_place_it_on_the_plate/pin-on,routing_intervention,12,0,state,50520,0.003532868760592958,0.08427103605897107,0.24216133172042012,0.9718573981584865,3.306146472196964e-05,0.03661916072842439,0.9633808392715756,0.9471496437054632,0.9633808392715756,0.0,0.0017814726840855108,0.0017814726840855108,0.9633808392715756,0.03661916072842439,0.0,0.0,0.12488865795724466,0.0002452279496362827,0.0,0.0,0.000274658203125,0.0023193359375,0.01083221472799778,9.5,788
libero_spatial/pick_up_the_black_bowl_on_the_ramekin_and_place_it_on_the_plate/pin-on,routing_intervention,12,1,mixed,50520,0.00085466736758029,0.04277429829867039,0.15875230971915516,0.9962574781273342,3.609479842257707e-05,0.15352335708630246,0.8464766429136975,0.8427949326999208,0.8464766429136975,0.0,0.00027711797307996834,0.00027711797307996834,0.8464766429136975,0.15352335708630246,0.0,0.0,0.12541753266033254,0.000244140625,0.0,0.0,0.0,0.000579833984375,0.0026107789017260075,2.375,790
libero_spatial/pick_up_the_black_bowl_on_the_ramekin_and_place_it_on_the_plate/pin-on,routing_intervention,12,2,mixed,50520,0.0007458581871582418,0.041645057901728275,0.1553220233932338,0.9968414198403687,3.650632059394794e-05,0.1692596991290578,0.8307403008709422,0.8226642913697546,0.8307403008709422,0.0,0.0004156769596199525,0.0004156769596199525,0.8307403008709422,0.1692596991290578,0.0,0.0,0.12470123218527315,0.000244140625,0.0,0.0,0.0,0.00054931640625,0.002288818359375,2.25,788
libero_spatial/pick_up_the_black_bowl_on_the_ramekin_and_place_it_on_the_plate/pin-on,routing_intervention,12,3,mixed,50520,0.0007110450726506829,0.041098411481529595,0.15391863160726105,0.9970669628039108,3.672786298859053e-05,0.17711797307996832,0.8228820269200317,0.8126286619160729,0.8228820269200317,0.0,0.0005740300870942201,0.0005740300870942201,0.8228820269200317,0.17711797307996832,0.0,0.0,0.12503092834520982,0.000244140625,0.0,0.0,0.0,0.00054931640625,0.002044677734375,2.25,790
libero_spatial/pick_up_the_black_bowl_on_the_ramekin_and_place_it_on_the_plate/pin-on,routing_intervention,12,4,mixed,50520,0.0006959040770904469,0.040716627638961056,0.1531104226010429,0.9971928401849427,3.7169739639390956e-05,0.17836500395882818,0.8216349960411719,0.8094022169437847,0.8216349960411719,0.0,0.0006532066508313539,0.0006532066508313539,0.8216349960411719,0.17836500395882818,0.0,0.0,0.12562908254156768,0.000244140625,0.0,0.0,0.0,0.00054931640625,0.0022171020973473787,2.25,790
libero_spatial/pick_up_the_black_bowl_on_the_ramekin_and_place_it_on_the_plate/pin-on,routing_intervention,12,5,mixed,50520,0.0006784428515702321,0.04060697155346119,0.152833616327692,0.9972584880009494,3.6967980512436286e-05,0.1832541567695962,0.8167458432304038,0.8030482977038796,0.8167458432304038,0.0,0.0009501187648456057,0.0009501187648456057,0.8167458432304038,0.1832541567695962,0.0,0.0,0.12526041666666668,0.000244140625,0.0,0.0,0.0,0.000518798828125,0.0020935058128088713,2.125,789
libero_spatial/pick_up_the_black_bowl_on_the_ramekin_and_place_it_on_the_plate/pin-on,routing_intervention,12,6,mixed,50520,0.0006791556532762396,0.04065770974540559,0.15303722088618216,0.9972306055734296,3.7179253729958435e-05,0.18076009501187648,0.8192399049881235,0.8075217735550277,0.8192399049881235,0.0,0.0007719714964370546,0.0007719714964370546,0.8192399049881235,0.18076009501187648,0.0,0.0,0.12499628859857483,0.000244140625,0.0,0.0,0.0,0.000518798828125,0.002044677734375,2.125,790
libero_spatial/pick_up_the_black_bowl_on_the_ramekin_and_place_it_on_the_plate/pin-on,routing_intervention,12,7,mixed,50520,0.0006983904260920798,0.04082720613819403,0.15350109230216685,0.9971514217396247,3.714361364465806e-05,0.17937450514647665,0.8206254948535233,0.8101148060174188,0.8206254948535233,0.0,0.0004156769596199525,0.0004156769596199525,0.8206254948535233,0.17937450514647665,0.0,0.0,0.12516392022961204,0.000244140625,0.0,0.0,0.0,0.00054931640625,0.0021850585471838713,2.25,788
libero_spatial/pick_up_the_black_bowl_on_the_ramekin_and_place_it_on_the_plate/pin-on,routing_intervention,12,8,mixed,50520,0.0007275929454764202,0.04118184794156399,0.15458193829582498,0.9969394918540028,3.679476365718404e-05,0.17110055423594617,0.8288994457640538,0.8215162311955662,0.8288994457640538,0.0,0.00035629453681710216,0.00035629453681710216,0.8288994457640538,0.17110055423594617,0.0,0.0,0.12512989904988123,0.000244140625,0.0,0.0,0.0,0.00054931640625,0.0021728514693677425,2.25,789
libero_spatial/pick_up_the_black_bowl_on_the_ramekin_and_place_it_on_the_plate/pin-on,routing_intervention,12,9,mixed,50520,0.000762581240064269,0.041691857562212366,0.1559664372121731,0.996670814490894,3.680805318051638e-05,0.16318289786223278,0.8368171021377672,0.8314330958036421,0.8368171021377672,0.0,0.00031670625494853525,0.00031670625494853525,0.8368171021377672,0.16318289786223278,0.0,0.0,0.12468081947743467,0.000244140625,0.0,0.0,0.0,0.00054931640625,0.002227783203125,2.25,790
libero_spatial/pick_up_the_black_bowl_on_the_ramekin_and_place_it_on_the_plate/pin-on,routing_intervention,12,10,mixed,50520,0.000896506411445962,0.043125494491081814,0.15997752403325724,0.9959125087443836,3.598213950887334e-05,0.1461797307996833,0.8538202692003167,0.8511480601741884,0.8538202692003167,0.0,9.897070467141726e-05,9.897070467141726e-05,0.8538202692003167,0.1461797307996833,0.0,0.0,0.12477298594615993,0.000244140625,0.0,0.0,0.0,0.000579833984375,0.002685546875,2.375,789
libero_spatial/pick_up_the_black_bowl_on_the_ramekin_and_place_it_on_the_plate/pin-on,routing_intervention,13,0,state,50520,0.002787115077413648,0.0728334742506062,0.22674823921064677,0.976354341679684,3.386412172778108e-05,0.04631828978622328,0.9536817102137767,0.944972288202692,0.9536817102137767,0.0,0.001583531274742676,0.001583531274742676,0.9536817102137767,0.04631828978622328,0.0,0.0,0.1235216250989707,0.0002442131133090855,0.0,0.0,0.00018310546875,0.002105712890625,0.008636474609375,8.625,790
libero_spatial/pick_up_the_black_bowl_on_the_ramekin_and_place_it_on_the_plate/pin-on,routing_intervention,13,1,mixed,50520,0.000846967901016924,0.0425844067160515,0.15858691616466097,0.996080346466857,3.6744172858134774e-05,0.17474267616785433,0.8252573238321457,0.8198733174980206,0.8252573238321457,0.0,0.00023752969121140142,0.00023752969121140142,0.8252573238321457,0.17474267616785433,0.0,0.0,0.1253538202692003,0.000244140625,0.0,0.0,0.0,0.000579833984375,0.0025497437454760075,2.375,790
libero_spatial/pick_up_the_black_bowl_on_the_ramekin_and_place_it_on_the_plate/pin-on,routing_intervention,13,2,mixed,50520,0.0007513938776954053,0.04173868138546615,0.15571982896431796,0.996699310427418,3.716520912007311e-05,0.18838083927157562,0.8116191607284244,0.8046516231195566,0.8116191607284244,0.0,0.00047505938242280285,0.00047505938242280285,0.8116191607284244,0.18838083927157562,0.0,0.0,0.12459793151227237,0.000244140625,0.0,0.0,0.0,0.00054931640625,0.002227783203125,2.25,788
libero_spatial/pick_up_the_black_bowl_on_the_ramekin_and_place_it_on_the_plate/pin-on,routing_intervention,13,3,mixed,50520,0.0007058597422740994,0.041284112635814094,0.15419414940091794,0.9969986385387838,3.7470717139406424e-05,0.19526920031670625,0.8047307996832938,0.7955463182897862,0.8047307996832938,0.0,0.0005740300870942201,0.0005740300870942201,0.8047307996832938,0.19526920031670625,0.0,0.0,0.12508041369754552,0.000244140625,0.0,0.0,0.0,0.00054931640625,0.00225830078125,2.25,790
libero_spatial/pick_up_the_black_bowl_on_the_ramekin_and_place_it_on_the_plate/pin-on,routing_intervention,13,4,mixed,50520,0.0006904964492326677,0.04109382115935675,0.15349797711708388,0.9971827465477484,3.739777577838913e-05,0.1941607284243864,0.8058392715756136,0.7925771971496437,0.8058392715756136,0.0,0.0007323832145684877,0.0007323832145684877,0.8058392715756136,0.1941607284243864,0.0,0.0,0.12543423396674586,0.000244140625,0.0,0.0,0.0,0.00054931640625,0.001953125,2.25,789
libero_spatial/pick_up_the_black_bowl_on_the_ramekin_and_place_it_on_the_plate/pin-on,routing_intervention,13,5,mixed,50520,0.0006905272567640291,0.041029377240372006,0.15307349161977157,0.9972868820102273,3.694970741785432e-05,0.1953285827395091,0.8046714172604909,0.7895288994457641,0.8046714172604909,0.0,0.0008709422011084719,0.0008709422011084719,0.8046714172604909,0.1953285827395091,0.0,0.0,0.12547505938242282,0.000244140625,0.0,0.0,0.0,0.00054931640625,0.0021850585471838713,2.25,789
libero_spatial/pick_up_the_black_bowl_on_the_ramekin_and_place_it_on_the_plate/pin-on,routing_intervention,13,6,mixed,50520,0.0006999036195442399,0.0413553922023456,0.1534389806945269,0.9972719436456831,3.702717929818946e-05,0.19261678543151228,0.8073832145684877,0.7910728424386382,0.8073832145684877,0.0,0.0008709422011084719,0.0008709422011084719,0.8073832145684877,0.19261678543151228,0.0,0.0,0.12473463479809976,0.000244140625,0.0,0.0,0.0,0.00054931640625,0.002105712890625,2.25,790
libero_spatial/pick_up_the_black_bowl_on_the_ramekin_and_place_it_on_the_plate/pin-on,routing_intervention,13,7,mixed,50520,0.0006969255581793102,0.041620857075670835,0.1539432860893195,0.997191679588595,3.676758054127697e-05,0.18927157561361838,0.8107284243863816,0.7971694378463975,0.8107284243863816,0.0,0.0007323832145684877,0.0007323832145684877,0.8107284243863816,0.18927157561361838,0.0,0.0,0.12494185471100554,0.000244140625,0.0,0.0,0.0,0.00054931640625,0.002349853515625,2.25,788
libero_spatial/pick_up_the_black_bowl_on_the_ramekin_and_place_it_on_the_plate/pin-on,routing_intervention,13,8,mixed,50520,0.0007276883884167162,0.04197575802474577,0.15492210599607828,0.9970353902164945,3.676999681824649e-05,0.18222486144101346,0.8177751385589865,0.8061559778305621,0.8177751385589865,0.0,0.0007521773555027711,0.0007521773555027711,0.8177751385589865,0.18222486144101346,0.0,0.0,0.12478473871733967,0.000244140625,0.0,0.0,0.0,0.00054931640625,0.002105712890625,2.25,790
libero_spatial/pick_up_the_black_bowl_on_the_ramekin_and_place_it_on_the_plate/pin-on,routing_intervention,13,9,mixed,50520,0.000810706832535382,0.04265738130087713,0.15715468852933398,0.9966061810463643,3.645421962179273e-05,0.16888361045130643,0.8311163895486936,0.8238519398258115,0.8311163895486936,0.0,0.00047505938242280285,0.00047505938242280285,0.8311163895486936,0.16888361045130643,0.0,0.0,0.1250680423594616,0.000244140625,0.0,0.0,0.0,0.000579833984375,0.00238037109375,2.375,790
libero_spatial/pick_up_the_black_bowl_on_the_ramekin_and_place_it_on_the_plate/pin-on,routing_intervention,13,10,mixed,50520,0.000974058632990338,0.044432074515855416,0.16264379264245596,0.9954786676633292,3.581307562966245e-05,0.14362628661916071,0.8563737133808392,0.8537410926365796,0.8563737133808392,0.0,0.00017814726840855108,0.00017814726840855108,0.8563737133808392,0.14362628661916071,0.0,0.0,0.12444390835312748,0.000244140625,0.0,0.0,0.0,0.0006103515625,0.0030395507346838713,2.5,789
libero_spatial/pick_up_the_black_bowl_on_the_ramekin_and_place_it_on_the_plate/pin-on,routing_intervention,14,0,state,50520,0.0028051465442986688,0.06562900618721546,0.2172218316713214,0.9799098470738645,3.337633581455983e-05,0.05087094220110847,0.9491290577988916,0.9404196357878069,0.9491290577988916,0.0,0.00217735550277118,0.00217735550277118,0.9491290577988916,0.05087094220110847,0.0,0.0,0.12277934481393507,0.0002442131133090855,0.0,0.0,0.0,0.0017852783203125,0.00809326209127903,7.3125,790
libero_spatial/pick_up_the_black_bowl_on_the_ramekin_and_place_it_on_the_plate/pin-on,routing_intervention,14,1,mixed,50520,0.0007987583429211203,0.042201884096799536,0.15703870965107414,0.9965369772918151,3.853168925499029e-05,0.23762866191607285,0.7623713380839272,0.7607284243863817,0.7623713380839272,0.0,7.917656373713381e-05,7.917656373713381e-05,0.7623713380839272,0.23762866191607285,0.0,0.0,0.1250853622327791,0.000244140625,0.0,0.0,0.0,0.000579833984375,0.0024597167503088713,2.375,789
libero_spatial/pick_up_the_black_bowl_on_the_ramekin_and_place_it_on_the_plate/pin-on,routing_intervention,14,2,mixed,50520,0.0007501186875247427,0.04125302723260126,0.15441581140127053,0.9970838092721745,3.937685763373416e-05,0.24899049881235155,0.7510095011876484,0.7485550277117973,0.7510095011876484,0.0,0.00011876484560570071,0.00011876484560570071,0.7510095011876484,0.24899049881235155,0.0,0.0,0.12524062252573237,0.000244140625,0.0,0.0,0.0,0.00054931640625,0.002349853515625,2.25,788
libero_spatial/pick_up_the_black_bowl_on_the_ramekin_and_place_it_on_the_plate/pin-on,routing_intervention,14,3,mixed,50520,0.0007008695262628043,0.04066500569371505,0.1528605644606638,0.9973172647841658,3.980468967464927e-05,0.26737925574030086,0.7326207442596991,0.7297703879651624,0.7326207442596991,0.0,0.00017814726840855108,0.00017814726840855108,0.7326207442596991,0.26737925574030086,0.0,0.0,0.12540144992082344,0.000244140625,0.0,0.0,0.0,0.00054931640625,0.0021224976517260075,2.25,790
libero_spatial/pick_up_the_black_bowl_on_the_ramekin_and_place_it_on_the_plate/pin-on,routing_intervention,14,4,mixed,50520,0.0006805987746962836,0.04044091171059265,0.15226287660576102,0.9974105251609382,4.0118201611444104e-05,0.28119556611243074,0.7188044338875693,0.7162905779889153,0.7188044338875693,0.0,0.00013855898653998417,0.00013855898653998417,0.7188044338875693,0.28119556611243074,0.0,0.0,0.12523319972288202,0.000244140625,0.0,0.0,0.0,0.00054931640625,0.00225830078125,2.25,789
libero_spatial/pick_up_the_black_bowl_on_the_ramekin_and_place_it_on_the_plate/pin-on,routing_intervention,14,5,mixed,50520,0.0006750081138580637,0.04034250339438589,0.1520122017637662,0.997440815815497,4.028416963578781e-05,0.2781274742676168,0.7218725257323833,0.7186856690419636,0.7218725257323833,0.0,0.00031670625494853525,0.00031670625494853525,0.7218725257323833,0.2781274742676168,0.0,0.0,0.12462081848772763,0.000244140625,0.0,0.0,0.0,0.00054931640625,0.0017868041759356856,2.25,790
libero_spatial/pick_up_the_black_bowl_on_the_ramekin_and_place_it_on_the_plate/pin-on,routing_intervention,14,6,mixed,50520,0.0006649745237421442,0.040358685201250744,0.15200435248803074,0.9973955276636783,4.0366700596027873e-05,0.2784441805225653,0.7215558194774346,0.7180720506730008,0.7215558194774346,0.0,0.00017814726840855108,0.00017814726840855108,0.7215558194774346,0.2784441805225653,0.0,0.0,0.12462329275534442,0.000244140625,0.0,0.0,0.0,0.00054931640625,0.0019393920665606856,2.25,790
libero_spatial/pick_up_the_black_bowl_on_the_ramekin_and_place_it_on_the_plate/pin-on,routing_intervention,14,7,mixed,50520,0.0006722595988052381,0.040488034548121415,0.15248301695569205,0.9972707303820483,4.023637265698455e-05,0.2754750593824228,0.7245249406175772,0.7204473475851149,0.7245249406175772,0.0,0.00027711797307996834,0.00027711797307996834,0.7245249406175772,0.2754750593824228,0.0,0.0,0.12463318982581156,0.000244140625,0.0,0.0,0.0,0.00054931640625,0.0019729614723473787,2.25,788
libero_spatial/pick_up_the_black_bowl_on_the_ramekin_and_place_it_on_the_plate/pin-on,routing_intervention,14,8,mixed,50520,0.0006964453231316186,0.0407834020570829,0.1534453663104881,0.9970858438682292,3.9731446279010786e-05,0.26308392715756135,0.7369160728424387,0.7335312747426762,0.7369160728424387,0.0,9.897070467141726e-05,9.897070467141726e-05,0.7369160728424387,0.26308392715756135,0.0,0.0,0.12548433788598576,0.000244140625,0.0,0.0,0.0,0.00054931640625,0.00201416015625,2.25,790
libero_spatial/pick_up_the_black_bowl_on_the_ramekin_and_place_it_on_the_plate/pin-on,routing_intervention,14,9,mixed,50520,0.0007353389253714494,0.04147186581331496,0.15531435594234028,0.9967226524958984,3.890674074585251e-05,0.2518804433887569,0.7481195566112431,0.7460411718131433,0.7481195566112431,0.0,9.897070467141726e-05,9.897070467141726e-05,0.7481195566112431,0.2518804433887569,0.0,0.0,0.12497340162311955,0.000244140625,0.0,0.0,0.0,0.000579833984375,0.00225830078125,2.375,788
libero_spatial/pick_up_the_black_bowl_on_the_ramekin_and_place_it_on_the_plate/pin-on,routing_intervention,14,10,mixed,50520,0.0008544855427383339,0.04286742161307558,0.1593931051633326,0.9959199745529527,3.765578885354037e-05,0.2135391923990499,0.7864608076009502,0.7852929532858274,0.7864608076009502,0.0,5.9382422802850356e-05,5.9382422802850356e-05,0.7864608076009502,0.2135391923990499,0.0,0.0,0.12529753068091845,0.000244140625,0.0,0.0,0.0,0.000579833984375,0.002410888671875,2.375,789
libero_spatial/pick_up_the_black_bowl_on_the_ramekin_and_place_it_on_the_plate/pin-on,routing_intervention,15,0,state,50520,0.002405850734393557,0.06278798397061189,0.20903700755308852,0.9820909991400258,3.366628905090187e-05,0.07779097387173396,0.922209026128266,0.9133016627078385,0.922209026128266,0.0,0.001979414093428345,0.001979414093428345,0.922209026128266,0.07779097387173396,0.0,0.0,0.1248639152810768,0.000244140625,0.0,0.0,0.0,0.001739501953125,0.00825653038918972,7.125,790
libero_spatial/pick_up_the_black_bowl_on_the_ramekin_and_place_it_on_the_plate/pin-on,routing_intervention,15,1,mixed,50520,0.0008424192596218082,0.04312920830878396,0.15854521605672103,0.9962252680333191,4.0821564735539454e-05,0.26367775138558985,0.7363222486144101,0.7362628661916073,0.7363222486144101,0.0,1.9794140934283453e-05,1.9794140934283453e-05,0.7363222486144101,0.26367775138558985,0.0,0.0,0.12470556215360254,0.000244140625,0.0,0.0,0.0,0.000579833984375,0.0024902343284338713,2.375,789
libero_spatial/pick_up_the_black_bowl_on_the_ramekin_and_place_it_on_the_plate/pin-on,routing_intervention,15,2,mixed,50520,0.0007444223145691063,0.042321727810072124,0.15571915119862803,0.9967716140789072,4.155158241495478e-05,0.29313143309580364,0.7068685669041963,0.7066706254948535,0.7068685669041963,0.0,1.9794140934283453e-05,1.9794140934283453e-05,0.7068685669041963,0.29313143309580364,0.0,0.0,0.12485525534441805,0.000244140625,0.0,0.0,0.0,0.00054931640625,0.0022750855423510075,2.25,790
libero_spatial/pick_up_the_black_bowl_on_the_ramekin_and_place_it_on_the_plate/pin-on,routing_intervention,15,3,mixed,50520,0.0007115911512457937,0.041657727045948695,0.15406941333085133,0.997058539956171,4.218351435113878e-05,0.3055225653206651,0.6944774346793349,0.6943982581155977,0.6944774346793349,0.0,0.0,0.0,0.6944774346793349,0.3055225653206651,0.0,0.0,0.12499628859857483,0.000244140625,0.0,0.0,0.0,0.00054931640625,0.00225830078125,2.25,790
libero_spatial/pick_up_the_black_bowl_on_the_ramekin_and_place_it_on_the_plate/pin-on,routing_intervention,15,4,mixed,50520,0.0006871789009535209,0.04099716222767592,0.1528098679494971,0.9972550754191285,4.2627127701011045e-05,0.3106096595407759,0.6893903404592241,0.6893507521773555,0.6893903404592241,0.0,0.0,0.0,0.6893903404592241,0.3106096595407759,0.0,0.0,0.12563836104513065,0.000244140625,0.0,0.0,0.0,0.00054931640625,0.0021240233909338713,2.25,789
libero_spatial/pick_up_the_black_bowl_on_the_ramekin_and_place_it_on_the_plate/pin-on,routing_intervention,15,5,mixed,50520,0.0006839350491219442,0.04074317829437135,0.1521504230755997,0.9973793669414256,4.24713533451325e-05,0.3113024544734759,0.6886975455265242,0.6885193982581156,0.6886975455265242,0.0,0.0,0.0,0.6886975455265242,0.3113024544734759,0.0,0.0,0.12422802850356295,0.000244140625,0.0,0.0,0.0,0.00054931640625,0.001800537109375,2.25,790
libero_spatial/pick_up_the_black_bowl_on_the_ramekin_and_place_it_on_the_plate/pin-on,routing_intervention,15,6,mixed,50520,0.0006495411586685966,0.040827678520341575,0.15211142496938093,0.9973240211098702,4.30391029243137e-05,0.32108076009501185,0.6789192399049881,0.6787806809184481,0.6789192399049881,0.0,3.9588281868566906e-05,3.9588281868566906e-05,0.6789192399049881,0.32108076009501185,0.0,0.0,0.12509402216943785,0.000244140625,0.0,0.0,0.0,0.00054931640625,0.0018798827659338713,2.25,789
libero_spatial/pick_up_the_black_bowl_on_the_ramekin_and_place_it_on_the_plate/pin-on,routing_intervention,15,7,mixed,50520,0.0006705398136721843,0.041239085918556385,0.1528893815838715,0.9971492451424647,4.2488267283919116e-05,0.31142121931908157,0.6885787806809185,0.6883808392715756,0.6885787806809185,0.0,0.0,0.0,0.6885787806809185,0.31142121931908157,0.0,0.0,0.125003092834521,0.00024413941686151524,0.0,0.0,0.0,0.00054931640625,0.0023193359375,2.25,788
libero_spatial/pick_up_the_black_bowl_on_the_ramekin_and_place_it_on_the_plate/pin-on,routing_intervention,15,8,mixed,50520,0.0006938212463427232,0.041389436336707615,0.15384298220383016,0.996929518072641,4.216576981714389e-05,0.3064726840855107,0.6935273159144894,0.6934085510688837,0.6935273159144894,0.0,0.0,0.0,0.6935273159144894,0.3064726840855107,0.0,0.0,0.12552392616785432,0.000244140625,0.0,0.0,0.0,0.00054931640625,0.0020751953125,2.25,790
libero_spatial/pick_up_the_black_bowl_on_the_ramekin_and_place_it_on_the_plate/pin-on,routing_intervention,15,9,mixed,50520,0.0007435476223061411,0.04170506553619699,0.15542545273298322,0.9965553533542467,4.190284867939832e-05,0.2884600158353127,0.7115399841646872,0.7115003958828187,0.7115399841646872,0.0,0.0,0.0,0.7115399841646872,0.2884600158353127,0.0,0.0,0.12491340063341251,0.000244140625,0.0,0.0,0.0,0.000579833984375,0.0023590088821947575,2.375,788
libero_spatial/pick_up_the_black_bowl_on_the_ramekin_and_place_it_on_the_plate/pin-on,routing_intervention,15,10,mixed,50520,0.0008385767751710338,0.04310528837492422,0.15973828663829764,0.9955933280590028,4.042933502559707e-05,0.25785827395091054,0.7421417260490895,0.7420229612034838,0.7421417260490895,0.0,0.0,0.0,0.7421417260490895,0.25785827395091054,0.0,0.0,0.12508845506730007,0.000244140625,0.0,0.0,0.0,0.000579833984375,0.0027023316361010075,2.375,790
libero_spatial/pick_up_the_black_bowl_on_the_ramekin_and_place_it_on_the_plate/pin-smoke,routing_intervention,2,0,state,190,0.011771754214638159,0.24553158408717105,0.4715399491159539,0.8364343172625491,4.4471339175575655e-05,0.0,1.0,1.0,1.0,0.8947368421052632,0.8947368421052632,0.0,0.10526315789473684,0.0,0.8947368421052632,0.0,0.125,0.0002987510279605263,0.8947368421052632,0.0,0.0064697265625,0.012420654296875,0.02623138390481472,50.875,4
libero_spatial/pick_up_the_black_bowl_on_the_ramekin_and_place_it_on_the_plate/pin-smoke,routing_intervention,2,1,mixed,190,0.0008276688425164474,0.04235614977384868,0.15777427271792763,0.995979392528534,3.4894441303453946e-05,0.11578947368421053,0.8842105263157894,0.8263157894736842,0.8842105263157894,0.0,0.021052631578947368,0.021052631578947368,0.8842105263157894,0.11578947368421053,0.0,0.0,0.12927631578947368,0.000244140625,0.0,0.0,0.0008712768321856856,0.0010223388671875,0.0011734009021893144,4.1875,2
libero_spatial/pick_up_the_black_bowl_on_the_ramekin_and_place_it_on_the_plate/pin-smoke,routing_intervention,2,2,mixed,190,0.0005674663342927632,0.039931447882401314,0.15078751413445723,0.9973347845830416,3.7584806743421054e-05,0.20526315789473684,0.7947368421052632,0.7421052631578947,0.7947368421052632,0.0,0.005263157894736842,0.005263157894736842,0.7947368421052632,0.20526315789473684,0.0,0.0,0.12434210526315789,0.000244140625,0.0,0.0,5.4931642807787284e-05,0.00030517578125,0.0007446288946084678,1.25,5
libero_spatial/pick_up_the_black_bowl_on_the_ramekin_and_place_it_on_the_plate/pin-smoke,routing_intervention,2,3,mixed,190,0.0005308452405427632,0.038553177682976975,0.14714066354851973,0.9980035590498071,3.806666324013158e-05,0.16842105263157894,0.8315789473684211,0.7210526315789474,0.8315789473684211,0.0,0.021052631578947368,0.021052631578947368,0.8315789473684211,0.16842105263157894,0.0,0.0,0.1300986842105263,0.000244140625,0.0,0.0,0.000579833984375,0.0008544921875,0.001129150390625,3.5,2
libero_spatial/pick_up_the_black_bowl_on_the_ramekin_and_place_it_on_the_plate/pin-smoke,routing_intervention,2,4,mixed,190,0.0004767166940789474,0.038377942537006576,0.1465764095908717,0.9980356574058533,3.830759148848684e-05,0.21578947368421053,0.7842105263157895,0.6947368421052632,0.7842105263157895,0.0,0.010526315789473684,0.010526315789473684,0.7842105263157895,0.21578947368421053,0.0,0.0,0.13453947368421051,0.000244140625,0.0,0.0,0.0001922607480082661,0.00054931640625,0.00054931640625,2.25,3
libero_spatial/pick_up_the_black_bowl_on_the_ramekin_and_place_it_on_the_plate/pin-smoke,routing_intervention,2,5,mixed,190,0.00045872738486842107,0.03852667557565789,0.14734770122327304,0.9978679669530768,3.593846371299342e-05,0.18947368421052632,0.8105263157894737,0.7052631578947368,0.8105263157894737,0.0,0.03684210526315789,0.03684210526315789,0.8105263157894737,0.18947368421052632,0.0,0.0,0.12532894736842104,0.000244140625,0.0,0.0,0.0002777099725790322,0.00030517578125,0.0009918212890625,1.25,3
libero_spatial/pick_up_the_black_bowl_on_the_ramekin_and_place_it_on_the_plate/pin-smoke,routing_intervention,2,6,mixed,190,0.0005134984066611843,0.03913975765830592,0.14662507709703948,0.9980549984856656,3.678171258223684e-05,0.21578947368421053,0.7842105263157895,0.7315789473684211,0.7842105263157895,0.0,0.0,0.0,0.7842105263157895,0.21578947368421053,0.0,0.0,0.1268092105263158,0.000244140625,0.0,0.0,0.00015716553025413305,0.0015716552734375,0.0029861449729651213,6.4375,2
libero_spatial/pick_up_the_black_bowl_on_the_ramekin_and_place_it_on_the_plate/pin-smoke,routing_intervention,2,7,mixed,190,0.0004857113486842105,0.038710423519736845,0.14616538599917764,0.9980141238162392,4.188136050575658e-05,0.22105263157894736,0.7789473684210526,0.6473684210526316,0.7789473684210526,0.0,0.010526315789473684,0.010526315789473684,0.7789473684210526,0.22105263157894736,0.0,0.0,0.12023026315789474,0.000244140625,0.0,0.0,0.0003265380801167339,0.00079345703125,0.001068115234375,3.25,3
libero_spatial/pick_up_the_black_bowl_on_the_ramekin_and_place_it_on_the_plate/pin-smoke,routing_intervention,2,8,mixed,190,0.0004558362458881579,0.03915903191817434,0.14711994371916118,0.997886376945596,3.8909912109375e-05,0.15263157894736842,0.8473684210526315,0.7157894736842105,0.8473684210526315,0.0,0.02631578947368421,0.02631578947368421,0.8473684210526315,0.15263157894736842,0.0,0.0,0.12730263157894736,0.000244140625,0.0,0.0,1.220703143189894e-05,0.0001220703125,0.0002593994140625,0.5,3
libero_spatial/pick_up_the_black_bowl_on_the_ramekin_and_place_it_on_the_plate/pin-smoke,routing_intervention,2,9,mixed,190,0.0005199231599506579,0.03916208367598684,0.14852487664473685,0.9977465921326687,3.6179391961348687e-05,0.19473684210526315,0.8052631578947368,0.7631578947368421,0.8052631578947368,0.0,0.010526315789473684,0.010526315789473684,0.8052631578947368,0.19473684210526315,0.0,0.0,0.1194078947368421,0.000244140625,0.0,0.0,2.288818359375e-05,0.000213623046875,0.0005081176641397178,0.875,4
libero_spatial/pick_up_the_black_bowl_on_the_ramekin_and_place_it_on_the_plate/pin-smoke,routing_intervention,2,10,mixed,190,0.0008071096319901315,0.040808266087582236,0.15362388209292763,0.9969874545147545,3.352918122944079e-05,0.1,0.9,0.8578947368421053,0.9,0.0,0.015789473684210527,0.015789473684210527,0.9,0.1,0.0,0.0,0.121875,0.000244140625,0.0,0.0,0.001434326171875,0.001708984375,0.0033843994606286287,7.0,3
libero_spatial/pick_up_the_black_bowl_on_the_ramekin_and_place_it_on_the_plate/pin-smoke,routing_intervention,3,0,state,190,0.01225481535259046,0.3177843595805921,0.5106305574115954,0.7574158420688227,7.614336515727796e-05,0.05263157894736842,0.9473684210526315,0.9473684210526315,0.9473684210526315,1.0,1.0,0.0,0.0,0.0,1.0,0.0,0.11677631578947369,0.00026341488486842106,1.0,0.0,0.0072769164107739925,0.0150909423828125,0.02290496788918972,39.02083206176758,2
libero_spatial/pick_up_the_black_bowl_on_the_ramekin_and_place_it_on_the_plate/pin-smoke,routing_intervention,3,1,mixed,190,0.0006275377775493421,0.04192103335731908,0.1577933863589638,0.9953083565360621,3.441258480674342e-05,0.17894736842105263,0.8210526315789474,0.7578947368421053,0.8210526315789474,0.0,0.021052631578947368,0.021052631578947368,0.8210526315789474,0.17894736842105263,0.0,0.0,0.12796052631578947,0.000244140625,0.0,0.0,5.645752025884576e-05,0.0005645751953125,0.0010726929176598787,2.3125,2
libero_spatial/pick_up_the_black_bowl_on_the_ramekin_and_place_it_on_the_plate/pin-smoke,routing_intervention,3,2,mixed,190,0.0005533318770559211,0.03941489771792763,0.15017507452713816,0.9971814968084034,3.834774619654605e-05,0.17894736842105263,0.8210526315789474,0.7526315789473684,0.8210526315789474,0.0,0.015789473684210527,0.015789473684210527,0.8210526315789474,0.17894736842105263,0.0,0.0,0.12335526315789473,0.000244140625,0.0,0.0,5.4931642807787284e-05,0.00054931640625,0.0010986328125,2.25,5
libero_spatial/pick_up_the_black_bowl_on_the_ramekin_and_place_it_on_the_plate/pin-smoke,routing_intervention,3,3,mixed,190,0.0004539088199013158,0.038929025750411184,0.1475778680098684,0.9975945755055077,3.5577071340460525e-05,0.23157894736842105,0.7684210526315789,0.6842105263157895,0.7684210526315789,0.0,0.02631578947368421,0.02631578947368421,0.7684210526315789,0.23157894736842105,0.0,0.0,0.128125,0.000244140625,0.0,0.0,2.899169885495212e-05,0.0002899169921875,0.0005508422618731856,1.1875,2
libero_spatial/pick_up_the_black_bowl_on_the_ramekin_and_place_it_on_the_plate/pin-smoke,routing_intervention,3,4,mixed,190,0.0004277279502467105,0.0378125642475329,0.1449668482730263,0.9981878610033738,3.770527086759868e-05,0.23684210526315788,0.7631578947368421,0.631578947368421,0.7631578947368421,0.0,0.031578947368421054,0.031578947368421054,0.7631578947368421,0.23684210526315788,0.0,0.0,0.13338815789473685,0.000244140625,0.0,0.0,0.000579833984375,0.0008544921875,0.0015136718284338713,3.5,3
libero_spatial/pick_up_the_black_bowl_on_the_ramekin_and_place_it_on_the_plate/pin-smoke,routing_intervention,3,5,mixed,190,0.00038500334087171055,0.037749922902960524,0.144781494140625,0.9982413351535797,3.9391768606085525e-05,0.21052631578947367,0.7894736842105263,0.631578947368421,0.7894736842105263,0.0,0.021052631578947368,0.021052631578947368,0.7894736842105263,0.21052631578947367,0.0,0.0,0.12467105263157895,0.000244140625,0.0,0.0,0.0001068115234375,0.001068115234375,0.0013427734375,4.375,3
libero_spatial/pick_up_the_black_bowl_on_the_ramekin_and_place_it_on_the_plate/pin-smoke,routing_intervention,3,6,mixed,190,0.0004214638157894737,0.037818025287828946,0.1451093171772204,0.9981957912445069,4.288522820723684e-05,0.2736842105263158,0.7263157894736842,0.5894736842105263,0.7263157894736842,0.0,0.031578947368421054,0.031578947368421054,0.7263157894736842,0.2736842105263158,0.0,0.0,0.12088815789473684,0.000244140625,0.0,0.0,0.0002883911074604839,0.0004119873046875,0.0005355834728106856,1.6875,2
libero_spatial/pick_up_the_black_bowl_on_the_ramekin_and_place_it_on_the_plate/pin-smoke,routing_intervention,3,7,mixed,190,0.0004921361019736842,0.03861244603207237,0.14719559518914474,0.998005576823887,3.662109375e-05,0.16842105263157894,0.8315789473684211,0.7315789473684211,0.8315789473684211,0.0,0.02631578947368421,0.02631578947368421,0.8315789473684211,0.16842105263157894,0.0,0.0,0.12269736842105264,0.000244140625,0.0,0.0,0.0005538940313272178,0.0008697509765625,0.0013153075706213713,3.5625,4
libero_spatial/pick_up_the_black_bowl_on_the_ramekin_and_place_it_on_the_plate/pin-smoke,routing_intervention,3,8,mixed,190,0.00047013132195723685,0.039108597604851976,0.1475303248355263,0.9980077947440901,3.613923725328947e-05,0.1631578947368421,0.8368421052631579,0.7368421052631579,0.8368421052631579,0.0,0.015789473684210527,0.015789473684210527,0.8368421052631579,0.1631578947368421,0.0,0.0,0.121875,0.000244140625,0.0,0.0,1.3732910701946821e-05,0.0001373291015625,0.0002609252987895161,0.5625,2
libero_spatial/pick_up_the_black_bowl_on_the_ramekin_and_place_it_on_the_plate/pin-smoke,routing_intervention,3,9,mixed,190,0.0005568654913651316,0.03912032277960526,0.14826258609169407,0.997904465386742,3.670140316611842e-05,0.1736842105263158,0.8263157894736842,0.7368421052631579,0.8263157894736842,0.0,0.02631578947368421,0.02631578947368421,0.8263157894736842,0.1736842105263158,0.0,0.0,0.12286184210526316,0.000244140625,0.0,0.0,0.00014495849609375,0.0004730224609375,0.0010345459450036287,1.9375,4
libero_spatial/pick_up_the_black_bowl_on_the_ramekin_and_place_it_on_the_plate/pin-smoke,routing_intervention,3,10,mixed,190,0.0007271214535361843,0.041268760279605264,0.15369294819078946,0.9971172765681618,3.437243009868421e-05,0.17894736842105263,0.8210526315789474,0.7894736842105263,0.8210526315789474,0.0,0.010526315789473684,0.010526315789473684,0.8210526315789474,0.17894736842105263,0.0,0.0,0.13486842105263158,0.000244140625,0.0,0.0,0.0003326415899209678,0.0008544921875,0.0023651123046875,3.5,3
libero_spatial/pick_up_the_black_bowl_on_the_ramekin_and_place_it_on_the_plate/pin-smoke,routing_intervention,4,0,state,190,0.003265380859375,0.30026084498355265,0.4449595401161595,0.818959465152339,5.119725277549342e-05,0.0,1.0,1.0,1.0,1.0,1.0,0.0,0.0,0.0,1.0,0.0,0.13322368421052633,0.00020559210526315788,1.0,0.0,0.0003402709844522178,0.0009307861328125,0.0015213012229651213,3.8125,2
libero_spatial/pick_up_the_black_bowl_on_the_ramekin_and_place_it_on_the_plate/pin-smoke,routing_intervention,4,1,mixed,190,0.0008328086451480264,0.04185084292763158,0.15686500950863486,0.9962929076270053,3.5295988384046056e-05,0.15263157894736842,0.8473684210526315,0.7894736842105263,0.8473684210526315,0.0,0.005263157894736842,0.005263157894736842,0.8473684210526315,0.15263157894736842,0.0,0.0,0.12582236842105263,0.000244140625,0.0,0.0,0.0002349853457417339,0.0009765625,0.0017181396251544356,4.0,2
libero_spatial/pick_up_the_black_bowl_on_the_ramekin_and_place_it_on_the_plate/pin-smoke,routing_intervention,4,2,mixed,190,0.0006228798314144737,0.03948155453330592,0.15038436086554277,0.9973776409500523,3.6902176706414475e-05,0.11578947368421053,0.8842105263157894,0.8105263157894737,0.8842105263157894,0.0,0.015789473684210527,0.015789473684210527,0.8842105263157894,0.11578947368421053,0.0,0.0,0.1319078947368421,0.000244140625,0.0,0.0,0.0,0.000396728515625,0.0008789062267169356,1.625,5
libero_spatial/pick_up_the_black_bowl_on_the_ramekin_and_place_it_on_the_plate/pin-smoke,routing_intervention,4,3,mixed,190,0.0005030581825657894,0.038603611996299345,0.14700558311060855,0.9980342021113948,3.513536955180921e-05,0.2,0.8,0.7105263157894737,0.8,0.0,0.021052631578947368,0.021052631578947368,0.8,0.2,0.0,0.0,0.12088815789473684,0.000244140625,0.0,0.0,5.4931642807787284e-05,0.00054931640625,0.0010437011951580644,2.25,2
libero_spatial/pick_up_the_black_bowl_on_the_ramekin_and_place_it_on_the_plate/pin-smoke,routing_intervention,4,4,mixed,190,0.0005255448190789473,0.03818568179481908,0.1460728695518092,0.9982447301086627,3.866898386101974e-05,0.18421052631578946,0.8157894736842105,0.7263157894736842,0.8157894736842105,0.0,0.02631578947368421,0.02631578947368421,0.8157894736842105,0.18421052631578946,0.0,0.0,0.12417763157894737,0.000244140625,0.0,0.0,0.0004211425839457661,0.000579833984375,0.0010437011951580644,2.375,5
libero_spatial/pick_up_the_black_bowl_on_the_ramekin_and_place_it_on_the_plate/pin-smoke,routing_intervention,4,5,mixed,190,0.0004047594572368421,0.03789929841694079,0.14516440943667763,0.9983061558321903,3.9190995065789474e-05,0.22631578947368422,0.7736842105263158,0.6789473684210526,0.7736842105263158,0.0,0.015789473684210527,0.015789473684210527,0.7736842105263158,0.22631578947368422,0.0,0.0,0.13700657894736842,0.000244140625,0.0,0.0,1.3732910701946821e-05,0.0001373291015625,0.0002609252987895161,0.5625,2
libero_spatial/pick_up_the_black_bowl_on_the_ramekin_and_place_it_on_the_plate/pin-smoke,routing_intervention,4,6,mixed,190,0.0004551937705592105,0.03797093441611842,0.14512570029810856,0.9983289840974305,3.9150840357730265e-05,0.24210526315789474,0.7578947368421053,0.6368421052631579,0.7578947368421053,0.0,0.03684210526315789,0.03684210526315789,0.7578947368421053,0.24210526315789474,0.0,0.0,0.13075657894736842,0.000244140625,0.0,0.0,0.0,0.0,0.0,0.0,2
libero_spatial/pick_up_the_black_bowl_on_the_ramekin_and_place_it_on_the_plate/pin-smoke,routing_intervention,4,7,mixed,190,0.000457763671875,0.03851511101973684,0.14638173956620065,0.9981498658657074,4.0074398643092104e-05,0.1631578947368421,0.8368421052631579,0.7210526315789474,0.8368421052631579,0.0,0.010526315789473684,0.010526315789473684,0.8368421052631579,0.1631578947368421,0.0,0.0,0.12960526315789472,0.000244140625,0.0,0.0,4.119873119634576e-05,0.0004119873046875,0.00054931640625,1.6875,4
libero_spatial/pick_up_the_black_bowl_on_the_ramekin_and_place_it_on_the_plate/pin-smoke,routing_intervention,4,8,mixed,190,0.00039014314350328946,0.03814520584909539,0.146112060546875,0.9981804508911936,3.4653513055098685e-05,0.21052631578947367,0.7894736842105263,0.6736842105263158,0.7894736842105263,0.0,0.02631578947368421,0.02631578947368421,0.7894736842105263,0.21052631578947367,0.0,0.0,0.12368421052631579,0.000244140625,0.0,0.0,0.00012969970703125,0.0001983642578125,0.00026702880859375,0.8125,2
libero_spatial/pick_up_the_black_bowl_on_the_ramekin_and_place_it_on_the_plate/pin-smoke,routing_intervention,4,9,mixed,190,0.0005216899671052632,0.03856072676809211,0.14696125231291118,0.9980492143254531,3.284655119243421e-05,0.1736842105263158,0.8263157894736842,0.7421052631578947,0.8263157894736842,0.0,0.02631578947368421,0.02631578947368421,0.8263157894736842,0.1736842105263158,0.0,0.0,0.1256578947368421,0.000244140625,0.0,0.0,0.0003158569452352822,0.0005645751953125,0.0009948730003088713,2.3125,4
libero_spatial/pick_up_the_black_bowl_on_the_ramekin_and_place_it_on_the_plate/pin-smoke,routing_intervention,4,10,mixed,190,0.0005896317331414474,0.04105433413856908,0.1535893490439967,0.9970410908523358,3.8468210320723685e-05,0.19473684210526315,0.8052631578947368,0.7,0.8052631578947368,0.0,0.015789473684210527,0.015789473684210527,0.8052631578947368,0.19473684210526315,0.0,0.0,0.1225328947368421,0.000244140625,0.0,0.0,0.00030517578125,0.000579833984375,0.0021179199684411287,2.375,3
libero_spatial/pick_up_the_black_bowl_on_the_ramekin_and_place_it_on_the_plate/pin-smoke,routing_intervention,5,0,state,190,0.006962826377467105,0.2845201994243421,0.4733742161800987,0.8180946864579853,5.104667262027138e-05,0.10526315789473684,0.8947368421052632,0.8947368421052632,0.8947368421052632,1.0,1.0,0.0,0.0,0.0,1.0,0.0,0.11842105263157894,0.00026020250822368423,1.0,0.0,0.009686279110610485,0.01446533203125,0.01924438402056694,45.75,2
libero_spatial/pick_up_the_black_bowl_on_the_ramekin_and_place_it_on_the_plate/pin-smoke,routing_intervention,5,1,mixed,190,0.0010997571443256578,0.047100830078125,0.1673365542763158,0.9942797507110395,3.7183259662828944e-05,0.04736842105263158,0.9526315789473684,0.9105263157894737,0.9526315789473684,0.0,0.010526315789473684,0.010526315789473684,0.9526315789473684,0.04736842105263158,0.0,0.0,0.12664473684210525,0.000244140625,0.0,0.0,0.0006683349492959678,0.00146484375,0.0014923096168786287,6.0,3
libero_spatial/pick_up_the_black_bowl_on_the_ramekin_and_place_it_on_the_plate/pin-smoke,routing_intervention,5,2,mixed,190,0.0007621363589638158,0.04263964201274671,0.15712119654605264,0.9962768240978843,3.742418791118421e-05,0.16842105263157894,0.8315789473684211,0.8210526315789474,0.8315789473684211,0.0,0.005263157894736842,0.005263157894736842,0.8315789473684211,0.16842105263157894,0.0,0.0,0.12039473684210526,0.000244140625,0.0,0.0,0.00016479492478538305,0.000274658203125,0.0017578124534338713,1.125,3
libero_spatial/pick_up_the_black_bowl_on_the_ramekin_and_place_it_on_the_plate/pin-smoke,routing_intervention,5,3,mixed,190,0.0005469071237664474,0.04098414370888158,0.15199360094572367,0.9970258468075802,3.577784488075658e-05,0.18947368421052632,0.8105263157894737,0.7631578947368421,0.8105263157894737,0.0,0.010526315789473684,0.010526315789473684,0.8105263157894737,0.18947368421052632,0.0,0.0,0.12203947368421053,0.000244140625,0.0,0.0,7.019042823230848e-05,0.000701904296875,0.0013336181873455644,2.875,2
libero_spatial/pick_up_the_black_bowl_on_the_ramekin_and_place_it_on_the_plate/pin-smoke,routing_intervention,5,4,mixed,190,0.0005963777240953947,0.039347598427220395,0.1500330874794408,0.9975218650541807,3.589830900493421e-05,0.1368421052631579,0.8631578947368421,0.8315789473684211,0.8631578947368421,0.0,0.005263157894736842,0.005263157894736842,0.8631578947368421,0.1368421052631579,0.0,0.0,0.1305921052631579,0.000244140625,0.0,0.0,0.00054931640625,0.000885009765625,0.0017028808360919356,3.625,5
libero_spatial/pick_up_the_black_bowl_on_the_ramekin_and_place_it_on_the_plate/pin-smoke,routing_intervention,5,5,mixed,190,0.0005216899671052632,0.038213790090460525,0.14718660053453947,0.997864486041822,3.4934596011513155e-05,0.1368421052631579,0.8631578947368421,0.7842105263157895,0.8631578947368421,0.0,0.015789473684210527,0.015789473684210527,0.8631578947368421,0.1368421052631579,0.0,0.0,0.1287828947368421,0.000244140625,0.0,0.0,0.0002807617129292339,0.000335693359375,0.0003906250058207661,1.375,2
libero_spatial/pick_up_the_black_bowl_on_the_ramekin_and_place_it_on_the_plate/pin-smoke,routing_intervention,5,6,mixed,190,0.0005653782894736842,0.03866320158305921,0.14799997430098685,0.9978955293956556,3.959254214638158e-05,0.1631578947368421,0.8368421052631579,0.8,0.8368421052631579,0.0,0.0,0.0,0.8368421052631579,0.1631578947368421,0.0,0.0,0.11710526315789474,0.000244140625,0.0,0.0,0.000274658203125,0.000274658203125,0.000274658203125,1.125,2
libero_spatial/pick_up_the_black_bowl_on_the_ramekin_and_place_it_on_the_plate/pin-smoke,routing_intervention,5,7,mixed,190,0.000506591796875,0.03929411235608553,0.14891020122327303,0.9976790290129812,3.565738075657895e-05,0.21052631578947367,0.7894736842105263,0.7210526315789474,0.7894736842105263,0.0,0.021052631578947368,0.021052631578947368,0.7894736842105263,0.21052631578947367,0.0,0.0,0.12039473684210526,0.000244140625,0.0,0.0,4.119873119634576e-05,0.000274658203125,0.0007675170782022178,1.125,4
libero_spatial/pick_up_the_black_bowl_on_the_ramekin_and_place_it_on_the_plate/pin-smoke,routing_intervention,5,8,mixed,190,0.0005743729440789474,0.03927805047286184,0.14935752467105262,0.9976366281509399,3.501490542763158e-05,0.16842105263157894,0.8315789473684211,0.7842105263157895,0.8315789473684211,0.0,0.005263157894736842,0.005263157894736842,0.8315789473684211,0.16842105263157894,0.0,0.0,0.12730263157894736,0.000244140625,0.0,0.0,0.0005630493396893144,0.0006866455078125,0.0008102416759356856,2.8125,2
libero_spatial/pick_up_the_black_bowl_on_the_ramekin_and_place_it_on_the_plate/pin-smoke,routing_intervention,5,9,mixed,190,0.0006036055715460527,0.04008339329769737,0.15106393914473684,0.9973457038402558,3.6862021998355266e-05,0.1631578947368421,0.8368421052631579,0.7947368421052632,0.8368421052631579,0.0,0.005263157894736842,0.005263157894736842,0.8368421052631579,0.1631578947368421,0.0,0.0,0.12516447368421052,0.000244140625,0.0,0.0,0.0,0.0,0.0016601562965661287,0.0,5
libero_spatial/pick_up_the_black_bowl_on_the_ramekin_and_place_it_on_the_plate/pin-smoke,routing_intervention,5,10,mixed,190,0.0008540103310032894,0.04386339689555921,0.15941756399054277,0.9963187569066098,3.204345703125e-05,0.14736842105263157,0.8526315789473684,0.8157894736842105,0.8526315789473684,0.0,0.0,0.0,0.8526315789473684,0.14736842105263157,0.0,0.0,0.12730263157894736,0.000244140625,0.0,0.0,0.0003189086855854839,0.0007171630859375,0.0011154174571856856,2.9375,2
libero_spatial/pick_up_the_black_bowl_on_the_ramekin_and_place_it_on_the_plate/pin-smoke,routing_intervention,12,0,state,190,0.003726356907894737,0.0870313142475329,0.24280588250411184,0.9708326615785298,2.8911389802631577e-05,0.0,1.0,1.0,1.0,0.0,0.0,0.0,1.0,0.0,0.0,0.0,0.11019736842105263,0.000244140625,0.0,0.0,0.005053711123764515,0.006317138671875,0.007580566219985485,25.875,2
libero_spatial/pick_up_the_black_bowl_on_the_ramekin_and_place_it_on_the_plate/pin-smoke,routing_intervention,12,1,mixed,190,0.0007913689864309211,0.043157637746710525,0.15836470754523027,0.9963965484970494,3.605892783717105e-05,0.15789473684210525,0.8421052631578947,0.8315789473684211,0.8421052631578947,0.0,0.0,0.0,0.8421052631578947,0.15789473684210525,0.0,0.0,0.11842105263157894,0.000244140625,0.0,0.0,0.0003021240117959678,0.00054931640625,0.0005767822149209678,2.25,3
libero_spatial/pick_up_the_black_bowl_on_the_ramekin_and_place_it_on_the_plate/pin-smoke,routing_intervention,12,2,mixed,190,0.0007749858655427632,0.04083525005139803,0.1531450773540296,0.9972748740723258,3.818712736430921e-05,0.14210526315789473,0.8578947368421053,0.8368421052631579,0.8578947368421053,0.0,0.0,0.0,0.8578947368421053,0.14210526315789473,0.0,0.0,0.12105263157894737,0.000244140625,0.0,0.0,0.0002471923944540322,0.000274658203125,0.0005218505975790322,1.125,3
libero_spatial/pick_up_the_black_bowl_on_the_ramekin_and_place_it_on_the_plate/pin-smoke,routing_intervention,12,3,mixed,190,0.0006489000822368421,0.04010764674136513,0.15107614617598683,0.9974217803854691,3.3970883018092106e-05,0.14210526315789473,0.8578947368421053,0.8421052631578947,0.8578947368421053,0.0,0.0,0.0,0.8578947368421053,0.14210526315789473,0.0,0.0,0.12055921052631578,0.000244140625,0.0,0.0,2.7465821403893642e-05,0.000274658203125,0.0005218505975790322,1.125,2
libero_spatial/pick_up_the_black_bowl_on_the_ramekin_and_place_it_on_the_plate/pin-smoke,routing_intervention,12,4,mixed,190,0.0006532367907072368,0.03954098350123355,0.1503679777446546,0.9975836920110803,3.991377981085526e-05,0.18421052631578946,0.8157894736842105,0.8052631578947368,0.8157894736842105,0.0,0.0,0.0,0.8157894736842105,0.18421052631578946,0.0,0.0,0.12434210526315789,0.000244140625,0.0,0.0,0.0006835937383584678,0.001190185546875,0.0013671874767169356,4.875,5
libero_spatial/pick_up_the_black_bowl_on_the_ramekin_and_place_it_on_the_plate/pin-smoke,routing_intervention,12,5,mixed,190,0.0006639982524671052,0.03927869294819079,0.14988371196546052,0.9976894730015805,3.766511615953947e-05,0.19473684210526315,0.8052631578947368,0.7894736842105263,0.8052631578947368,0.0,0.0,0.0,0.8052631578947368,0.19473684210526315,0.0,0.0,0.12960526315789472,0.000244140625,0.0,0.0,0.0002761840878520161,0.0002899169921875,0.0003036498965229839,1.1875,2
libero_spatial/pick_up_the_black_bowl_on_the_ramekin_and_place_it_on_the_plate/pin-smoke,routing_intervention,12,6,mixed,190,0.0006219161184210526,0.03964570697985197,0.15043977436266448,0.9976625015861109,3.389057360197368e-05,0.18947368421052632,0.8105263157894737,0.7894736842105263,0.8105263157894737,0.0,0.0,0.0,0.8105263157894737,0.18947368421052632,0.0,0.0,0.13289473684210526,0.000244140625,0.0,0.0,0.0005538940313272178,0.000579833984375,0.0007873534923419356,2.375,4
libero_spatial/pick_up_the_black_bowl_on_the_ramekin_and_place_it_on_the_plate/pin-smoke,routing_intervention,12,7,mixed,190,0.0005999113384046053,0.040575208162006576,0.15271188836348684,0.9973517144981183,3.85485197368421e-05,0.18421052631578946,0.8157894736842105,0.8052631578947368,0.8157894736842105,0.0,0.0,0.0,0.8157894736842105,0.18421052631578946,0.0,0.0,0.12631578947368421,0.000244140625,0.0,0.0,4.425048973644152e-05,0.0004425048828125,0.0008407592540606856,1.8125,2
libero_spatial/pick_up_the_black_bowl_on_the_ramekin_and_place_it_on_the_plate/pin-smoke,routing_intervention,12,8,mixed,190,0.0007006193462171053,0.040526701274671055,0.15302107961554276,0.9971227824687958,3.7825734991776315e-05,0.14210526315789473,0.8578947368421053,0.8526315789473684,0.8578947368421053,0.0,0.0,0.0,0.8578947368421053,0.14210526315789473,0.0,0.0,0.128125,0.000244140625,0.0,0.0,0.000274658203125,0.000274658203125,0.000274658203125,1.125,2
libero_spatial/pick_up_the_black_bowl_on_the_ramekin_and_place_it_on_the_plate/pin-smoke,routing_intervention,12,9,mixed,190,0.0007422196237664474,0.04124771921258224,0.15548368755139802,0.9967694630748347,3.638016550164474e-05,0.17894736842105263,0.8210526315789474,0.8157894736842105,0.8210526315789474,0.0,0.0,0.0,0.8210526315789474,0.17894736842105263,0.0,0.0,0.1194078947368421,0.000244140625,0.0,0.0,0.00010986328561557457,0.000579833984375,0.002288818359375,2.375,5
libero_spatial/pick_up_the_black_bowl_on_the_ramekin_and_place_it_on_the_plate/pin-smoke,routing_intervention,12,10,mixed,190,0.0007796438116776316,0.042729427939967105,0.1597844174033717,0.9959121418626685,3.6299856085526313e-05,0.14736842105263157,0.8526315789473684,0.8526315789473684,0.8526315789473684,0.0,0.0,0.0,0.8526315789473684,0.14736842105263157,0.0,0.0,0.12368421052631579,0.000244140625,0.0,0.0,0.00030517578125,0.00030517578125,0.00030517578125,1.25,2
libero_spatial/pick_up_the_black_bowl_on_the_ramekin_and_place_it_on_the_plate/pin-smoke,routing_intervention,13,0,state,190,0.003136885793585526,0.06833046361019737,0.22352359169407895,0.9773441741341039,2.4895918996710526e-05,0.05263157894736842,0.9473684210526315,0.9473684210526315,0.9473684210526315,0.0,0.0,0.0,0.9473684210526315,0.05263157894736842,0.0,0.0,0.12664473684210525,0.000244140625,0.0,0.0,0.00168609619140625,0.0042266845703125,0.00676727294921875,17.3125,2
libero_spatial/pick_up_the_black_bowl_on_the_ramekin_and_place_it_on_the_plate/pin-smoke,routing_intervention,13,1,mixed,190,0.0007496080900493421,0.04216758326480263,0.15761654502467104,0.996236411835018,3.509521484375e-05,0.17894736842105263,0.8210526315789474,0.8105263157894737,0.8210526315789474,0.0,0.0,0.0,0.8210526315789474,0.17894736842105263,0.0,0.0,0.134375,0.000244140625,0.0,0.0,0.0003570556582417339,0.0010986328125,0.0011810302967205644,4.5,3
libero_spatial/pick_up_the_black_bowl_on_the_ramekin_and_place_it_on_the_plate/pin-smoke,routing_intervention,13,2,mixed,190,0.0006999768708881579,0.041190217670641446,0.15542795281661184,0.9966861040968644,3.6862021998355266e-05,0.23157894736842105,0.7684210526315789,0.7684210526315789,0.7684210526315789,0.0,0.0,0.0,0.7684210526315789,0.23157894736842105,0.0,0.0,0.12467105263157895,0.000244140625,0.0,0.0,3.0517578125e-05,0.00030517578125,0.0005249023670330644,1.25,3
libero_spatial/pick_up_the_black_bowl_on_the_ramekin_and_place_it_on_the_plate/pin-smoke,routing_intervention,13,3,mixed,190,0.0007205360814144737,0.04087604723478618,0.15384103875411184,0.9970400807104612,3.39307283100329e-05,0.18947368421052632,0.8105263157894737,0.8052631578947368,0.8105263157894737,0.0,0.0,0.0,0.8105263157894737,0.18947368421052632,0.0,0.0,0.12286184210526316,0.000244140625,0.0,0.0,0.000579833984375,0.0008544921875,0.0016235351795330644,3.5,3
libero_spatial/pick_up_the_black_bowl_on_the_ramekin_and_place_it_on_the_plate/pin-smoke,routing_intervention,13,4,mixed,190,0.0006137245579769737,0.04050742701480263,0.15220320852179275,0.9974661911788739,3.477397717927632e-05,0.21578947368421053,0.7842105263157895,0.7578947368421053,0.7842105263157895,0.0,0.0,0.0,0.7842105263157895,0.21578947368421053,0.0,0.0,0.12828947368421054,0.000244140625,0.0,0.0,0.0002532959042582661,0.000457763671875,0.0010253905784338713,1.875,4
libero_spatial/pick_up_the_black_bowl_on_the_ramekin_and_place_it_on_the_plate/pin-smoke,routing_intervention,13,5,mixed,190,0.0008236533717105263,0.04008708753083882,0.15189530222039474,0.9975514223701075,3.6942331414473684e-05,0.17894736842105263,0.8210526315789474,0.8105263157894737,0.8210526315789474,0.0,0.0,0.0,0.8210526315789474,0.17894736842105263,0.0,0.0,0.13026315789473683,0.000244140625,0.0,0.0,0.0002883911074604839,0.0004119873046875,0.0005355834728106856,1.6875,2
libero_spatial/pick_up_the_black_bowl_on_the_ramekin_and_place_it_on_the_plate/pin-smoke,routing_intervention,13,6,mixed,190,0.0006575734991776316,0.03995200709292763,0.15163911518297699,0.9974479414914784,3.4452739514802634e-05,0.19473684210526315,0.8052631578947368,0.7947368421052632,0.8052631578947368,0.0,0.0,0.0,0.8052631578947368,0.19473684210526315,0.0,0.0,0.11726973684210526,0.000244140625,0.0,0.0,0.0006423949962481856,0.0009765625,0.0016738891135901213,4.0,4
libero_spatial/pick_up_the_black_bowl_on_the_ramekin_and_place_it_on_the_plate/pin-smoke,routing_intervention,13,7,mixed,190,0.000611315275493421,0.040257985968338815,0.15199392218338817,0.9973647933257254,3.8709138569078946e-05,0.2,0.8,0.7947368421052632,0.8,0.0,0.0,0.0,0.8,0.2,0.0,0.0,0.12384868421052632,0.000244140625,0.0,0.0,8.239746239269152e-05,0.000823974609375,0.0015655517345294356,3.375,2
libero_spatial/pick_up_the_black_bowl_on_the_ramekin_and_place_it_on_the_plate/pin-smoke,routing_intervention,13,8,mixed,190,0.0006413509971217106,0.04068683825041118,0.1528800562808388,0.9972689223916907,3.6219546669407896e-05,0.1631578947368421,0.8368421052631579,0.8315789473684211,0.8368421052631579,0.0,0.0,0.0,0.8368421052631579,0.1631578947368421,0.0,0.0,0.12351973684210527,0.000244140625,0.0,0.0,0.0003021240117959678,0.00054931640625,0.0007965088007040322,2.25,2
libero_spatial/pick_up_the_black_bowl_on_the_ramekin_and_place_it_on_the_plate/pin-smoke,routing_intervention,13,9,mixed,190,0.0008363422594572368,0.04220870168585526,0.1571306730571546,0.9966081082820892,3.352918122944079e-05,0.21052631578947367,0.7894736842105263,0.7894736842105263,0.7894736842105263,0.0,0.0,0.0,0.7894736842105263,0.21052631578947367,0.0,0.0,0.12648026315789473,0.000244140625,0.0,0.0,0.0,0.000579833984375,0.000823974609375,2.375,5
libero_spatial/pick_up_the_black_bowl_on_the_ramekin_and_place_it_on_the_plate/pin-smoke,routing_intervention,13,10,mixed,190,0.0010265149568256578,0.04550925806949013,0.16386060212787829,0.9954123111147629,3.075850637335526e-05,0.14736842105263157,0.8526315789473684,0.8526315789473684,0.8526315789473684,0.0,0.0,0.0,0.8526315789473684,0.14736842105263157,0.0,0.0,0.14095394736842104,0.000244140625,0.0,0.0,0.0003631591680459678,0.000885009765625,0.0014068603049963713,3.625,2
libero_spatial/pick_up_the_black_bowl_on_the_ramekin_and_place_it_on_the_plate/pin-smoke,routing_intervention,14,0,state,190,0.0031995271381578946,0.0693921540912829,0.22075612921463816,0.9784572532302455,2.971448396381579e-05,0.05263157894736842,0.9473684210526315,0.9473684210526315,0.9473684210526315,0.0,0.0,0.0,0.9473684210526315,0.05263157894736842,0.0,0.0,0.12006578947368421,0.000244140625,0.0,0.0,0.0003662109375,0.0003662109375,0.0013275146484375,1.5,3
libero_spatial/pick_up_the_black_bowl_on_the_ramekin_and_place_it_on_the_plate/pin-smoke,routing_intervention,14,1,mixed,190,0.0006884123149671052,0.04297694156044408,0.15814979954769737,0.9963214579381441,3.698248612253289e-05,0.2736842105263158,0.7263157894736842,0.7263157894736842,0.7263157894736842,0.0,0.0,0.0,0.7263157894736842,0.2736842105263158,0.0,0.0,0.12664473684210525,0.000244140625,0.0,0.0,0.0,0.0,0.0,0.0,2
libero_spatial/pick_up_the_black_bowl_on_the_ramekin_and_place_it_on_the_plate/pin-smoke,routing_intervention,14,2,mixed,190,0.0006831118935032895,0.04169407894736842,0.15433028371710528,0.9970616754732634,4.356785824424342e-05,0.2578947368421053,0.7421052631578947,0.7421052631578947,0.7421052631578947,0.0,0.0,0.0,0.7421052631578947,0.2578947368421053,0.0,0.0,0.12434210526315789,0.000244140625,0.0,0.0,3.0517578125e-05,0.00030517578125,0.00030517578125,1.25,3
libero_spatial/pick_up_the_black_bowl_on_the_ramekin_and_place_it_on_the_plate/pin-smoke,routing_intervention,14,3,mixed,190,0.0005726061369243421,0.040882150750411184,0.1531023527446546,0.9971034166059995,3.726356907894737e-05,0.29473684210526313,0.7052631578947368,0.7052631578947368,0.7052631578947368,0.0,0.0,0.0,0.7052631578947368,0.29473684210526313,0.0,0.0,0.1162828947368421,0.000244140625,0.0,0.0,0.000579833984375,0.000579833984375,0.0011016845237463713,2.375,3
libero_spatial/pick_up_the_black_bowl_on_the_ramekin_and_place_it_on_the_plate/pin-smoke,routing_intervention,14,4,mixed,190,0.0006050511410361843,0.040396760639391446,0.15223067434210527,0.9974213713093808,4.107826634457237e-05,0.2789473684210526,0.7210526315789474,0.7210526315789474,0.7210526315789474,0.0,0.0,0.0,0.7210526315789474,0.2789473684210526,0.0,0.0,0.12532894736842104,0.000244140625,0.0,0.0,8.239746239269152e-05,0.00054931640625,0.0016387939685955644,2.25,4
libero_spatial/pick_up_the_black_bowl_on_the_ramekin_and_place_it_on_the_plate/pin-smoke,routing_intervention,14,5,mixed,190,0.000844373201069079,0.04042599326685855,0.153131103515625,0.997342346216503,3.682186729029605e-05,0.23684210526315788,0.7631578947368421,0.7578947368421053,0.7631578947368421,0.0,0.0,0.0,0.7631578947368421,0.23684210526315788,0.0,0.0,0.13470394736842106,0.000244140625,0.0,0.0,0.0,0.0,0.0,0.0,2
libero_spatial/pick_up_the_black_bowl_on_the_ramekin_and_place_it_on_the_plate/pin-smoke,routing_intervention,14,6,mixed,190,0.0008670204564144737,0.04134425113075658,0.1549293919613487,0.9971550778338784,4.111842105263158e-05,0.24736842105263157,0.7526315789473684,0.7526315789473684,0.7526315789473684,0.0,0.0,0.0,0.7526315789473684,0.24736842105263157,0.0,0.0,0.12302631578947368,0.000244140625,0.0,0.0,7.781983003951609e-05,0.0008087158203125,0.0016952514415606856,3.3125,4
libero_spatial/pick_up_the_black_bowl_on_the_ramekin_and_place_it_on_the_plate/pin-smoke,routing_intervention,14,7,mixed,190,0.000751856753700658,0.04140737433182566,0.1544184634560033,0.9969863490054481,4.1399504009046054e-05,0.2578947368421053,0.7421052631578947,0.7421052631578947,0.7421052631578947,0.0,0.0,0.0,0.7421052631578947,0.2578947368421053,0.0,0.0,0.12105263157894737,0.000244140625,0.0,0.0,0.0011611938243731856,0.0014495849609375,0.0017379760975018144,5.9375,2
libero_spatial/pick_up_the_black_bowl_on_the_ramekin_and_place_it_on_the_plate/pin-smoke,routing_intervention,14,8,mixed,190,0.0008906314247532895,0.042036839535361845,0.15646394428453947,0.9966886730570542,3.927130448190789e-05,0.25263157894736843,0.7473684210526316,0.7473684210526316,0.7473684210526316,0.0,0.0,0.0,0.7473684210526316,0.25263157894736843,0.0,0.0,0.12384868421052632,0.000244140625,0.0,0.0,0.0004119873046875,0.00164794921875,0.002197265625,6.75,3
libero_spatial/pick_up_the_black_bowl_on_the_ramekin_and_place_it_on_the_plate/pin-smoke,routing_intervention,14,9,mixed,190,0.000983469109786184,0.042280016447368424,0.15689070852179277,0.9964666504608958,4.0034243935032896e-05,0.22105263157894736,0.7789473684210526,0.7736842105263158,0.7789473684210526,0.0,0.0,0.0,0.7789473684210526,0.22105263157894736,0.0,0.0,0.12384868421052632,0.000244140625,0.0,0.0,2.7465821403893642e-05,0.000274658203125,0.0005218505975790322,1.125,3
libero_spatial/pick_up_the_black_bowl_on_the_ramekin_and_place_it_on_the_plate/pin-smoke,routing_intervention,14,10,mixed,190,0.0009828266344572368,0.043299142937911185,0.1611259058902138,0.9956296647849836,3.682186729029605e-05,0.20526315789473684,0.7947368421052632,0.7947368421052632,0.7947368421052632,0.0,0.0,0.0,0.7947368421052632,0.20526315789473684,0.0,0.0,0.12845394736842106,0.000244140625,0.0,0.0,0.0003448486386332661,0.0009765625,0.0016082763904705644,4.0,2
libero_spatial/pick_up_the_black_bowl_on_the_ramekin_and_place_it_on_the_plate/pin-smoke,routing_intervention,15,0,state,190,0.0017684133429276315,0.05863551089638158,0.20212595086348684,0.9836638758057042,3.0517578125e-05,0.15789473684210525,0.8421052631578947,0.8421052631578947,0.8421052631578947,0.0,0.0,0.0,0.8421052631578947,0.15789473684210525,0.0,0.0,0.12171052631578948,0.000244140625,0.0,0.0,0.0001373291015625,0.001373291015625,0.0019775391556322575,5.625,3
libero_spatial/pick_up_the_black_bowl_on_the_ramekin_and_place_it_on_the_plate/pin-smoke,routing_intervention,15,1,mixed,190,0.0009150454872532894,0.042459427682976975,0.15851424367804276,0.9961444986493964,3.593846371299342e-05,0.22105263157894736,0.7789473684210526,0.7789473684210526,0.7789473684210526,0.0,0.0,0.0,0.7789473684210526,0.22105263157894736,0.0,0.0,0.128125,0.000244140625,0.0,0.0,0.0006347656017169356,0.001129150390625,0.0016235351795330644,4.625,2
libero_spatial/pick_up_the_black_bowl_on_the_ramekin_and_place_it_on_the_plate/pin-smoke,routing_intervention,15,2,mixed,190,0.0007674367804276316,0.042463121916118424,0.1562739322060033,0.9967083068270433,4.123888517680921e-05,0.28421052631578947,0.7157894736842105,0.7157894736842105,0.7157894736842105,0.0,0.0,0.0,0.7157894736842105,0.28421052631578947,0.0,0.0,0.1394736842105263,0.000244140625,0.0,0.0,5.798339770990424e-05,0.000579833984375,0.0014862060779705644,2.375,3
libero_spatial/pick_up_the_black_bowl_on_the_ramekin_and_place_it_on_the_plate/pin-smoke,routing_intervention,15,3,mixed,190,0.0008861340974506579,0.041925048828125,0.15593422337582236,0.9968689560890198,3.742418791118421e-05,0.2789473684210526,0.7210526315789474,0.7210526315789474,0.7210526315789474,0.0,0.0,0.0,0.7210526315789474,0.2789473684210526,0.0,0.0,0.1268092105263158,0.000244140625,0.0,0.0,0.0,0.0,0.0004943847889080644,0.0,3
libero_spatial/pick_up_the_black_bowl_on_the_ramekin_and_place_it_on_the_plate/pin-smoke,routing_intervention,15,4,mixed,190,0.0007182874177631579,0.04057585063733553,0.15207503469366776,0.9973087947619589,4.509373715049342e-05,0.3105263157894737,0.6894736842105263,0.6894736842105263,0.6894736842105263,0.0,0.0,0.0,0.6894736842105263,0.3105263157894737,0.0,0.0,0.1350328947368421,0.000244140625,0.0,0.0,8.239746239269152e-05,0.00054931640625,0.0010940551292151213,2.25,4
libero_spatial/pick_up_the_black_bowl_on_the_ramekin_and_place_it_on_the_plate/pin-smoke,routing_intervention,15,5,mixed,190,0.0005742123252467105,0.04000292326274671,0.15039913779810854,0.9974014043807984,4.047594572368421e-05,0.3368421052631579,0.6631578947368421,0.6631578947368421,0.6631578947368421,0.0,0.0,0.0,0.6631578947368421,0.3368421052631579,0.0,0.0,0.13141447368421053,0.000244140625,0.0,0.0,0.0,0.0,0.0004943847889080644,0.0,3
libero_spatial/pick_up_the_black_bowl_on_the_ramekin_and_place_it_on_the_plate/pin-smoke,routing_intervention,15,6,mixed,190,0.0006643194901315789,0.04050373278166118,0.15159767552425987,0.9972872012539914,4.4732344777960526e-05,0.32105263157894737,0.6789473684210526,0.6789473684210526,0.6789473684210526,0.0,0.0,0.0,0.6789473684210526,0.32105263157894737,0.0,0.0,0.1225328947368421,0.000244140625,0.0,0.0,6.103515625e-05,0.0006103515625,0.0010498047340661287,2.5,3
libero_spatial/pick_up_the_black_bowl_on_the_ramekin_and_place_it_on_the_plate/pin-smoke,routing_intervention,15,7,mixed,190,0.0006122789884868421,0.04089773077713816,0.1534904078433388,0.9967739262078937,4.3246620579769734e-05,0.32105263157894737,0.6789473684210526,0.6789473684210526,0.6789473684210526,0.0,0.0,0.0,0.6789473684210526,0.32105263157894737,0.0,0.0,0.1256578947368421,0.000244140625,0.0,0.0,2.7465821403893642e-05,0.000274658203125,0.0005218505975790322,1.125,2
libero_spatial/pick_up_the_black_bowl_on_the_ramekin_and_place_it_on_the_plate/pin-smoke,routing_intervention,15,8,mixed,190,0.0007306550678453948,0.04156895687705592,0.15468075400904605,0.9965236127376557,4.3889095908717104e-05,0.2736842105263158,0.7263157894736842,0.7263157894736842,0.7263157894736842,0.0,0.0,0.0,0.7263157894736842,0.2736842105263158,0.0,0.0,0.1356907894736842,0.000244140625,0.0,0.0,5.4931642807787284e-05,0.00054931640625,0.0017303467029705644,2.25,3
libero_spatial/pick_up_the_black_bowl_on_the_ramekin_and_place_it_on_the_plate/pin-smoke,routing_intervention,15,9,mixed,190,0.0008316843133223684,0.0414947509765625,0.15559676320929278,0.996357388245432,4.690069901315789e-05,0.2736842105263158,0.7263157894736842,0.7263157894736842,0.7263157894736842,0.0,0.0,0.0,0.7263157894736842,0.2736842105263158,0.0,0.0,0.12417763157894737,0.000244140625,0.0,0.0,6.103515625e-05,0.0006103515625,0.0018463134765625,2.5,3
libero_spatial/pick_up_the_black_bowl_on_the_ramekin_and_place_it_on_the_plate/pin-smoke,routing_intervention,15,10,mixed,190,0.0007097746196546052,0.042758981805098684,0.15800203022203949,0.9957461993945272,4.2523835834703946e-05,0.2631578947368421,0.7368421052631579,0.7368421052631579,0.7368421052631579,0.0,0.0,0.0,0.7368421052631579,0.2631578947368421,0.0,0.0,0.12532894736842104,0.000244140625,0.0,0.0,0.0,0.0,0.0,0.0,2
libero_spatial/pick_up_the_black_bowl_on_the_ramekin_and_place_it_on_the_plate/right-16x32,primary_canonical,2,0,state,51390,0.0098801950787635,0.2816387413308462,0.5048467068617435,0.8052119317744163,5.9339201712473793e-05,0.017707725238373224,0.9822922747616267,0.9815139132126873,0.9822922747616267,0.0,0.0,0.0,0.9822922747616267,0.017707725238373224,0.0,0.0,0.12580268534734385,0.0002720571719479714,0.0,0.0,0.0003662109375,0.00634002685546875,0.03235016018152237,24.91666603088379,804
libero_spatial/pick_up_the_black_bowl_on_the_ramekin_and_place_it_on_the_plate/right-16x32,primary_canonical,2,1,mixed,51390,0.0007831099154443958,0.04241908144500845,0.15790320769616384,0.9960067670548048,3.532562582472879e-05,0.13913212687293247,0.8608678731270675,0.8193617435298697,0.8608678731270675,0.0,0.010177077252383732,0.010177077252383732,0.8608678731270675,0.13913212687293247,0.0,0.0,0.12439798598949212,0.000244140625,0.0,0.0,0.0,0.000579833984375,0.00238037109375,2.375,802
libero_spatial/pick_up_the_black_bowl_on_the_ramekin_and_place_it_on_the_plate/right-16x32,primary_canonical,2,2,mixed,51390,0.0006294210403896672,0.040413752324062927,0.15209940687462753,0.9971035191244503,3.6284384919549034e-05,0.16324187585133296,0.836758124148667,0.7821171434131154,0.836758124148667,0.0,0.01270675228643705,0.01270675228643705,0.836758124148667,0.16324187585133296,0.0,0.0,0.1245524421093598,0.000244140625,0.0,0.0,0.0,0.00042724609375,0.001739501953125,1.75,805
libero_spatial/pick_up_the_black_bowl_on_the_ramekin_and_place_it_on_the_plate/right-16x32,primary_canonical,2,3,mixed,51390,0.0005267616653516613,0.03922947848160969,0.14873177461017312,0.9976331065394206,3.669235487813777e-05,0.18320684958163067,0.8167931504183693,0.7359603035610041,0.8167931504183693,0.0,0.018719595251994552,0.018719595251994552,0.8167931504183693,0.18320684958163067,0.0,0.0,0.12489905623662191,0.000244140625,0.0,0.0,0.0,0.000274658203125,0.0014633178943768144,1.125,802
libero_spatial/pick_up_the_black_bowl_on_the_ramekin_and_place_it_on_the_plate/right-16x32,primary_canonical,2,4,mixed,51390,0.0004928532452127724,0.03874454116004755,0.14731730594549644,0.9978808873345542,3.709171411707652e-05,0.19040669390932088,0.8095933060906791,0.7117727184277096,0.8095933060906791,0.0,0.022202763183498734,0.022202763183498734,0.8095933060906791,0.19040669390932088,0.0,0.0,0.12517330706363106,0.000244140625,0.0,0.0,0.0,0.000274658203125,0.0014007568825036287,1.125,803
libero_spatial/pick_up_the_black_bowl_on_the_ramekin_and_place_it_on_the_plate/right-16x32,primary_canonical,2,5,mixed,51390,0.00047930650475378237,0.03873584373935834,0.14702621967696475,0.9978731504382501,3.7260810835720105e-05,0.1966725043782837,0.8033274956217162,0.7023156256080949,0.8033274956217162,0.0,0.022864370500097295,0.022864370500097295,0.8033274956217162,0.1966725043782837,0.0,0.0,0.12516418563922943,0.000244140625,0.0,0.0,0.0,0.000274658203125,0.0014007568825036287,1.125,803
libero_spatial/pick_up_the_black_bowl_on_the_ramekin_and_place_it_on_the_plate/right-16x32,primary_canonical,2,6,mixed,51390,0.0004863316643026975,0.03887145069699084,0.14718034383874387,0.9978667313242079,3.742263298086629e-05,0.1933644677952909,0.8066355322047091,0.7107608484140884,0.8066355322047091,0.0,0.02122981124732438,0.02122981124732438,0.8066355322047091,0.1933644677952909,0.0,0.0,0.12482061198676786,0.000244140625,0.0,0.0,0.0,0.000274658203125,0.001373291015625,1.125,802
libero_spatial/pick_up_the_black_bowl_on_the_ramekin_and_place_it_on_the_plate/right-16x32,primary_canonical,2,7,mixed,51390,0.0004763842046573993,0.03916534762318483,0.14758264378690375,0.997786215943431,3.712808698456351e-05,0.19964973730297722,0.8003502626970228,0.7077836154893948,0.8003502626970228,0.0,0.020607122008172798,0.020607122008172798,0.8003502626970228,0.19964973730297722,0.0,0.0,0.12464183206849581,0.000244140625,0.0,0.0,0.0,0.000274658203125,0.00140380859375,1.125,803
libero_spatial/pick_up_the_black_bowl_on_the_ramekin_and_place_it_on_the_plate/right-16x32,primary_canonical,2,8,mixed,51390,0.00048339036123881105,0.0391702088198093,0.1477839315324981,0.9977675988971549,3.724655861009255e-05,0.20412531620937927,0.7958746837906208,0.7175131348511383,0.7958746837906208,0.0,0.017960692741778556,0.017960692741778556,0.7958746837906208,0.20412531620937927,0.0,0.0,0.12556431212298114,0.000244140625,0.0,0.0,0.0,0.000274658203125,0.00140380859375,1.125,803
libero_spatial/pick_up_the_black_bowl_on_the_ramekin_and_place_it_on_the_plate/right-16x32,primary_canonical,2,9,mixed,51390,0.0005324435526351795,0.03969776029599782,0.14935827691352282,0.9975490207847488,3.718747125801165e-05,0.18951157812804048,0.8104884218719596,0.7475578906402024,0.8104884218719596,0.0,0.014613738081338782,0.014613738081338782,0.8104884218719596,0.18951157812804048,0.0,0.0,0.12542323409223585,0.000244140625,0.0,0.0,0.0,0.00030517578125,0.001434326171875,1.25,804
libero_spatial/pick_up_the_black_bowl_on_the_ramekin_and_place_it_on_the_plate/right-16x32,primary_canonical,2,10,mixed,51390,0.000737374523405575,0.041836491436502726,0.15542497785204137,0.9966809792691665,3.569484754489261e-05,0.14726600505935006,0.8527339949406499,0.8175131348511383,0.8527339949406499,0.0,0.008756567425569177,0.008756567425569177,0.8527339949406499,0.14726600505935006,0.0,0.0,0.12543113932671726,0.000244140625,0.0,0.0,0.0,0.000579833984375,0.002105712890625,2.375,803
libero_spatial/pick_up_the_black_bowl_on_the_ramekin_and_place_it_on_the_plate/right-16x32,primary_canonical,3,0,state,51390,0.008238828977876936,0.32513332719537485,0.5179575897650303,0.7636848438482592,6.63627954651164e-05,0.018680677174547577,0.9813193228254524,0.978984238178634,0.9813193228254524,0.0,0.0001945903872348706,0.0001945903872348706,0.9813193228254524,0.018680677174547577,0.0,0.0,0.12502432379840436,0.00024386745734213854,0.0,0.0,0.00025577546330168843,0.0055389404296875,0.02666320838034153,24.520833015441895,802
libero_spatial/pick_up_the_black_bowl_on_the_ramekin_and_place_it_on_the_plate/right-16x32,primary_canonical,3,1,mixed,51390,0.0007079383329000657,0.041745164956209564,0.15725719112671635,0.9956237435955602,3.57815485841269e-05,0.1521891418563923,0.8478108581436077,0.800642148277875,0.8478108581436077,0.0,0.011655964195368749,0.011655964195368749,0.8478108581436077,0.1521891418563923,0.0,0.0,0.1248230443666083,0.000244140625,0.0,0.0,0.0,0.000579833984375,0.0021041869185864925,2.375,802
libero_spatial/pick_up_the_black_bowl_on_the_ramekin_and_place_it_on_the_plate/right-16x32,primary_canonical,3,2,mixed,51390,0.0005557548491772475,0.03981203879797869,0.1508915711339983,0.9970479422133821,3.6379845139116925e-05,0.17828371278458843,0.8217162872154116,0.7524031912823507,0.8217162872154116,0.0,0.01753259388986184,0.01753259388986184,0.8217162872154116,0.17828371278458843,0.0,0.0,0.12508452519945515,0.000244140625,0.0,0.0,0.0,0.00042724609375,0.001708984375,1.75,805
libero_spatial/pick_up_the_black_bowl_on_the_ramekin_and_place_it_on_the_plate/right-16x32,primary_canonical,3,3,mixed,51390,0.0005081969537863032,0.03918380959995713,0.14850886208140263,0.9975204621407048,3.7137143086264354e-05,0.18684568982292274,0.8131543101770773,0.7286242459622495,0.8131543101770773,0.0,0.019945514691574236,0.019945514691574236,0.8131543101770773,0.18684568982292274,0.0,0.0,0.12503222903288577,0.000244140625,0.0,0.0,0.0,0.000396728515625,0.001434326171875,1.625,802
libero_spatial/pick_up_the_black_bowl_on_the_ramekin_and_place_it_on_the_plate/right-16x32,primary_canonical,3,4,mixed,51390,0.00047996388866085326,0.03846572724546665,0.1465937459856231,0.9979174139446775,3.721486225413961e-05,0.1905039891029383,0.8094960108970617,0.703833430628527,0.8094960108970617,0.0,0.02455730686904067,0.02455730686904067,0.8094960108970617,0.1905039891029383,0.0,0.0,0.1253867483946293,0.000244140625,0.0,0.0,0.0,0.000396728515625,0.0014587402110919356,1.625,803
libero_spatial/pick_up_the_black_bowl_on_the_ramekin_and_place_it_on_the_plate/right-16x32,primary_canonical,3,5,mixed,51390,0.0004745723904744965,0.038408622734276185,0.1462827541086316,0.998031313765209,3.702550065218185e-05,0.19556333917104496,0.804436660828955,0.6914964000778362,0.804436660828955,0.0,0.025394045534150613,0.025394045534150613,0.804436660828955,0.19556333917104496,0.0,0.0,0.12490878575598366,0.000244140625,0.0,0.0,0.0,0.000274658203125,0.0013427734375,1.125,803
libero_spatial/pick_up_the_black_bowl_on_the_ramekin_and_place_it_on_the_plate/right-16x32,primary_canonical,3,6,mixed,51390,0.00048127628110405723,0.03856489185601224,0.14663267593992477,0.9979975454757176,3.7073601913674836e-05,0.19501848608678732,0.8049815139132127,0.6957190114808328,0.8049815139132127,0.0,0.02619186612181358,0.02619186612181358,0.8049815139132127,0.19501848608678732,0.0,0.0,0.12468318252578323,0.000244140625,0.0,0.0,0.0,0.000274658203125,0.001373291015625,1.125,802
libero_spatial/pick_up_the_black_bowl_on_the_ramekin_and_place_it_on_the_plate/right-16x32,primary_canonical,3,7,mixed,51390,0.000499498939254354,0.03896606528450483,0.14748590027318667,0.9978878009769326,3.6657243926461554e-05,0.1845106051761043,0.8154893948238957,0.7124732438217553,0.8154893948238957,0.0,0.023564895894142828,0.023564895894142828,0.8154893948238957,0.1845106051761043,0.0,0.0,0.12549073263280794,0.000244140625,0.0,0.0,0.0,0.00030517578125,0.00140380859375,1.25,804
libero_spatial/pick_up_the_black_bowl_on_the_ramekin_and_place_it_on_the_plate/right-16x32,primary_canonical,3,8,mixed,51390,0.0005276536171388524,0.039356636838658726,0.14827748788750852,0.9978093981151336,3.6742089207150586e-05,0.17913991048842187,0.8208600895115781,0.722494648764351,0.8208600895115781,0.0,0.022786534345203346,0.022786534345203346,0.8208600895115781,0.17913991048842187,0.0,0.0,0.12510215995329832,0.000244140625,0.0,0.0,0.0,0.000274658203125,0.00164794921875,1.125,802
libero_spatial/pick_up_the_black_bowl_on_the_ramekin_and_place_it_on_the_plate/right-16x32,primary_canonical,3,9,mixed,51390,0.0005607389712477501,0.03978812178184745,0.1494666312403845,0.9976820567965299,3.6433736367271116e-05,0.1678536680287994,0.8321463319712006,0.7465265615878576,0.8321463319712006,0.0,0.020062268923915157,0.020062268923915157,0.8321463319712006,0.1678536680287994,0.0,0.0,0.12581241486670558,0.000244140625,0.0,0.0,0.0,0.000396728515625,0.001678466796875,1.625,804
libero_spatial/pick_up_the_black_bowl_on_the_ramekin_and_place_it_on_the_plate/right-16x32,primary_canonical,3,10,mixed,51390,0.0006217040540550812,0.040195921901414126,0.15146918177117538,0.9973079711007432,3.5860455437471115e-05,0.16152948044366608,0.8384705195563339,0.7685931115002919,0.8384705195563339,0.0,0.016909904650710256,0.016909904650710256,0.8384705195563339,0.16152948044366608,0.0,0.0,0.12438764837517027,0.000244140625,0.0,0.0,0.0,0.00042724609375,0.0020111084450036287,1.75,803
libero_spatial/pick_up_the_black_bowl_on_the_ramekin_and_place_it_on_the_plate/right-16x32,primary_canonical,4,0,state,51390,0.00503699188915341,0.2182884594883337,0.38930599214873396,0.8767154825107205,4.887706135283836e-05,0.021988713757540378,0.9780112862424596,0.9647791399104885,0.9780112862424596,0.0,0.0017513134851138354,0.0017513134851138354,0.9780112862424596,0.021988713757540378,0.0,0.0,0.125814847246546,0.00023458569540219402,0.0,0.0,0.0002761840878520161,0.0032501220703125,0.01422119140625,13.875,802
libero_spatial/pick_up_the_black_bowl_on_the_ramekin_and_place_it_on_the_plate/right-16x32,primary_canonical,4,1,mixed,51390,0.000743381836507589,0.04194358444139637,0.15671778061112024,0.9960908608889854,3.579134698924584e-05,0.14288772134656547,0.8571122786534345,0.7992994746059545,0.8571122786534345,0.0,0.015216968281766882,0.015216968281766882,0.8571122786534345,0.14288772134656547,0.0,0.0,0.12505655283129014,0.000244140625,0.0,0.0,0.0,0.00054931640625,0.0020431517623364925,2.25,802
libero_spatial/pick_up_the_black_bowl_on_the_ramekin_and_place_it_on_the_plate/right-16x32,primary_canonical,4,2,mixed,51390,0.000561107747585863,0.03955271064504433,0.1503496124392285,0.9972742572267317,3.653172041846055e-05,0.17003308036582993,0.82996691963417,0.7545631445806578,0.82996691963417,0.0,0.018836349484335473,0.018836349484335473,0.82996691963417,0.17003308036582993,0.0,0.0,0.1247561539209963,0.000244140625,0.0,0.0,0.0,0.000396728515625,0.001708984375,1.625,805
libero_spatial/pick_up_the_black_bowl_on_the_ramekin_and_place_it_on_the_plate/right-16x32,primary_canonical,4,3,mixed,51390,0.0005291904821356903,0.038804719995074434,0.14791692261288522,0.9977962997607346,3.680251270538407e-05,0.17799182720373613,0.8220081727962638,0.7337030550690796,0.8220081727962638,0.0,0.021930336641369917,0.021930336641369917,0.8220081727962638,0.17799182720373613,0.0,0.0,0.12531985794901732,0.000244140625,0.0,0.0,0.0,0.000396728515625,0.00146484375,1.625,802
libero_spatial/pick_up_the_black_bowl_on_the_ramekin_and_place_it_on_the_plate/right-16x32,primary_canonical,4,4,mixed,51390,0.0004891423219649981,0.03827982358975177,0.1463218449943143,0.9980927090476426,3.687035923779858e-05,0.18910293831484726,0.8108970616851527,0.7038723487059739,0.8108970616851527,0.0,0.02494648764351041,0.02494648764351041,0.8108970616851527,0.18910293831484726,0.0,0.0,0.12491790718038528,0.000244140625,0.0,0.0,0.0,0.000274658203125,0.001434326171875,1.125,805
libero_spatial/pick_up_the_black_bowl_on_the_ramekin_and_place_it_on_the_plate/right-16x32,primary_canonical,4,5,mixed,51390,0.00048127034267671237,0.03818547920068198,0.14597864189971907,0.9981682314277043,3.658486934319663e-05,0.18968670947655186,0.8103132905234481,0.6936952714535902,0.8103132905234481,0.0,0.025374586495427127,0.025374586495427127,0.8103132905234481,0.18968670947655186,0.0,0.0,0.12541107219303366,0.000244140625,0.0,0.0,0.0,0.000274658203125,0.00140380859375,1.125,802
libero_spatial/pick_up_the_black_bowl_on_the_ramekin_and_place_it_on_the_plate/right-16x32,primary_canonical,4,6,mixed,51390,0.0004936371176222879,0.0383490585264795,0.14626069344488835,0.9981624863993962,3.6856552394221884e-05,0.19015372640591555,0.8098462735940845,0.6993383926834015,0.8098462735940845,0.0,0.025238373224362717,0.025238373224362717,0.8098462735940845,0.19015372640591555,0.0,0.0,0.12485466530453396,0.000244140625,0.0,0.0,0.0,0.000274658203125,0.0014633178943768144,1.125,802
libero_spatial/pick_up_the_black_bowl_on_the_ramekin_and_place_it_on_the_plate/right-16x32,primary_canonical,4,7,mixed,51390,0.0004950955953781743,0.03848215234165967,0.14645470721082804,0.9981561007539593,3.6740604600314384e-05,0.18865538042420704,0.811344619575793,0.6993773107608484,0.811344619575793,0.0,0.025160537069468768,0.025160537069468768,0.811344619575793,0.18865538042420704,0.0,0.0,0.12498297334111695,0.000244140625,0.0,0.0,0.0,0.000274658203125,0.0015777588123455644,1.125,804
libero_spatial/pick_up_the_black_bowl_on_the_ramekin_and_place_it_on_the_plate/right-16x32,primary_canonical,4,8,mixed,51390,0.0005207507891932404,0.03861831869914806,0.14712110268139472,0.9980819219326458,3.6439674794615924e-05,0.18139715898034636,0.8186028410196536,0.719653629110722,0.8186028410196536,0.0,0.022864370500097295,0.022864370500097295,0.8186028410196536,0.18139715898034636,0.0,0.0,0.12444176882661996,0.000244140625,0.0,0.0,0.0,0.000396728515625,0.0015548706287518144,1.625,802
libero_spatial/pick_up_the_black_bowl_on_the_ramekin_and_place_it_on_the_plate/right-16x32,primary_canonical,4,9,mixed,51390,0.0005624456752666496,0.0390997582870041,0.14861178809182843,0.9978532481156427,3.631348321353862e-05,0.17435298696244406,0.8256470130375559,0.7443082311733801,0.8256470130375559,0.0,0.018544463903483167,0.018544463903483167,0.8256470130375559,0.17435298696244406,0.0,0.0,0.1252912774858922,0.000244140625,0.0,0.0,0.0,0.000396728515625,0.00164794921875,1.625,804
libero_spatial/pick_up_the_black_bowl_on_the_ramekin_and_place_it_on_the_plate/right-16x32,primary_canonical,4,10,mixed,51390,0.0007098879185973682,0.041258801224399205,0.15486808876324126,0.9968742450646655,3.505557584122337e-05,0.14563144580657716,0.8543685541934228,0.7988129986378673,0.8543685541934228,0.0,0.014166180190698579,0.014166180190698579,0.8543685541934228,0.14563144580657716,0.0,0.0,0.12512769994162287,0.000244140625,0.0,0.0,0.0,0.00054931640625,0.0020751953125,2.25,803
libero_spatial/pick_up_the_black_bowl_on_the_ramekin_and_place_it_on_the_plate/right-16x32,primary_canonical,5,0,state,51390,0.006249632114425988,0.28367713027066305,0.4639262295715724,0.8194526515569082,6.0895603207396866e-05,0.028604786923525978,0.971395213076474,0.9583576571317377,0.971395213076474,0.0,0.0015567230978789648,0.0015567230978789648,0.971395213076474,0.028604786923525978,0.0,0.0,0.1284904650710255,0.0002306039798674961,0.0,0.0,0.000152587890625,0.00350189208984375,0.02123718336224556,18.375,802
libero_spatial/pick_up_the_black_bowl_on_the_ramekin_and_place_it_on_the_plate/right-16x32,primary_canonical,5,1,mixed,51390,0.0009362673012517635,0.04564127152846188,0.16411197363205238,0.994872613292094,3.5156826027452446e-05,0.13080365829928,0.86919634170072,0.852014010507881,0.86919634170072,0.0,0.00363884024129208,0.00363884024129208,0.86919634170072,0.13080365829928,0.0,0.0,0.125156280404748,0.000244140625,0.0,0.0,0.0,0.000640869140625,0.0028930664993822575,2.625,803
libero_spatial/pick_up_the_black_bowl_on_the_ramekin_and_place_it_on_the_plate/right-16x32,primary_canonical,5,2,mixed,51390,0.0006861864673787458,0.0416513033612829,0.1549421290753764,0.9965494121204301,3.618432241878892e-05,0.16427320490367775,0.8357267950963222,0.8049425958357657,0.8357267950963222,0.0,0.007141467211519751,0.007141467211519751,0.8357267950963222,0.16427320490367775,0.0,0.0,0.12473851916715314,0.000244140625,0.0,0.0,0.0,0.00054931640625,0.0020721436012536287,2.25,803
libero_spatial/pick_up_the_black_bowl_on_the_ramekin_and_place_it_on_the_plate/right-16x32,primary_canonical,5,3,mixed,51390,0.0005898319206527292,0.040616565057799425,0.15181324593773562,0.997096899290404,3.634421457504804e-05,0.18071609262502433,0.8192839073749757,0.772951936174353,0.8192839073749757,0.0,0.010624635143023935,0.010624635143023935,0.8192839073749757,0.18071609262502433,0.0,0.0,0.1247214925082701,0.00024413943731453104,0.0,0.0,0.0,0.000396728515625,0.001678466796875,1.625,802
libero_spatial/pick_up_the_black_bowl_on_the_ramekin_and_place_it_on_the_plate/right-16x32,primary_canonical,5,4,mixed,51390,0.0005581860413322145,0.03977936378919932,0.15001573505093554,0.9974254488829022,3.674646879731739e-05,0.18709865732632808,0.8129013426736719,0.760206265810469,0.8129013426736719,0.0,0.01144191476941039,0.01144191476941039,0.8129013426736719,0.18709865732632808,0.0,0.0,0.1251015518583382,0.000244140625,0.0,0.0,0.0,0.00042724609375,0.00164794921875,1.75,805
libero_spatial/pick_up_the_black_bowl_on_the_ramekin_and_place_it_on_the_plate/right-16x32,primary_canonical,5,5,mixed,51390,0.0005477219385079174,0.03930163571843379,0.14912122142618792,0.9976278994108457,3.6864717731821e-05,0.19015372640591555,0.8098462735940845,0.7562171628721541,0.8098462735940845,0.0,0.01132516053706947,0.01132516053706947,0.8098462735940845,0.19015372640591555,0.0,0.0,0.12533445222805994,0.000244140625,0.0,0.0,0.0,0.00030517578125,0.0014938354725018144,1.25,802
libero_spatial/pick_up_the_black_bowl_on_the_ramekin_and_place_it_on_the_plate/right-16x32,primary_canonical,5,6,mixed,51390,0.0005634023559118992,0.03948771812081175,0.14950234197322254,0.9976101469972714,3.669324564223949e-05,0.18855808523058962,0.8114419147694104,0.7620743335279238,0.8114419147694104,0.0,0.010254913407277681,0.010254913407277681,0.8114419147694104,0.18855808523058962,0.0,0.0,0.12538857267950962,0.000244140625,0.0,0.0,0.0,0.00030517578125,0.001708984375,1.25,802
libero_spatial/pick_up_the_black_bowl_on_the_ramekin_and_place_it_on_the_plate/right-16x32,primary_canonical,5,7,mixed,51390,0.0005475396287884316,0.039436534221684055,0.1491840422675405,0.9976731232491234,3.6812533801528444e-05,0.19064020237400273,0.8093597976259973,0.7544269313095933,0.8093597976259973,0.0,0.012512161899202179,0.012512161899202179,0.8093597976259973,0.19064020237400273,0.0,0.0,0.125853765323993,0.000244140625,0.0,0.0,0.0,0.00030517578125,0.001617431640625,1.25,804
libero_spatial/pick_up_the_black_bowl_on_the_ramekin_and_place_it_on_the_plate/right-16x32,primary_canonical,5,8,mixed,51390,0.0005614070443240416,0.039725936946063495,0.1499352188837809,0.9975504763756403,3.6844972460899494e-05,0.18881105273399493,0.8111889472660051,0.7613543490951546,0.8111889472660051,0.0,0.010099241097489784,0.010099241097489784,0.8111889472660051,0.18881105273399493,0.0,0.0,0.12481878770188752,0.000244140625,0.0,0.0,0.0,0.000518798828125,0.00164794921875,2.125,802
libero_spatial/pick_up_the_black_bowl_on_the_ramekin_and_place_it_on_the_plate/right-16x32,primary_canonical,5,9,mixed,51390,0.0005967757237470203,0.04004702533722666,0.1510725447073315,0.9973468688483553,3.6526598524875646e-05,0.18081338781864176,0.8191866121813582,0.7782447947071415,0.8191866121813582,0.0,0.009165207238762406,0.009165207238762406,0.8191866121813582,0.18081338781864176,0.0,0.0,0.12521891418563924,0.000244140625,0.0,0.0,0.0,0.000518798828125,0.001953125,2.125,805
libero_spatial/pick_up_the_black_bowl_on_the_ramekin_and_place_it_on_the_plate/right-16x32,primary_canonical,5,10,mixed,51390,0.0008898246425161754,0.043829744171599835,0.15988136494895042,0.9961095139300181,3.473326769708358e-05,0.12913018096906012,0.8708698190309399,0.8430823117338003,0.8708698190309399,0.0,0.006654991243432574,0.006654991243432574,0.8708698190309399,0.12913018096906012,0.0,0.0,0.12493432574430823,0.000244140625,0.0,0.0,0.0,0.000579833984375,0.002593994140625,2.375,802
libero_spatial/pick_up_the_black_bowl_on_the_ramekin_and_place_it_on_the_plate/right-16x32,primary_canonical,12,0,state,51390,0.003264769201358484,0.08538364069683121,0.24298089764697656,0.9714271983276385,3.343928437864857e-05,0.03677758318739054,0.9632224168126094,0.9305312317571512,0.9632224168126094,0.0,0.008172796263864565,0.008172796263864565,0.9632224168126094,0.03677758318739054,0.0,0.0,0.12439190503989103,0.00024433065467503403,0.0,0.0,0.00018310546875,0.0022125244140625,0.01089324988424778,9.0625,802
libero_spatial/pick_up_the_black_bowl_on_the_ramekin_and_place_it_on_the_plate/right-16x32,primary_canonical,12,1,mixed,51390,0.0008866018579961447,0.04313897620752457,0.1596084508619366,0.9961512606323496,3.5850434341326744e-05,0.14938704028021016,0.8506129597197899,0.8468379062074334,0.8506129597197899,0.0,0.0002335084646818447,0.0002335084646818447,0.8506129597197899,0.14938704028021016,0.0,0.0,0.12492824479470714,0.000244140625,0.0,0.0,0.0,0.000579833984375,0.002593994140625,2.375,803
libero_spatial/pick_up_the_black_bowl_on_the_ramekin_and_place_it_on_the_plate/right-16x32,primary_canonical,12,2,mixed,51390,0.0007721362955539137,0.041907842828736136,0.15596075701931614,0.9967701086426877,3.6513162833008003e-05,0.163922942206655,0.836077057793345,0.8288772134656548,0.836077057793345,0.0,0.0004280988519167153,0.0004280988519167153,0.836077057793345,0.163922942206655,0.0,0.0,0.12494283907374976,0.000244140625,0.0,0.0,0.0,0.000579833984375,0.00238037109375,2.375,803
libero_spatial/pick_up_the_black_bowl_on_the_ramekin_and_place_it_on_the_plate/right-16x32,primary_canonical,12,3,mixed,51390,0.0007276111550079661,0.0412539358708756,0.15432370956548574,0.9970385033753995,3.641799953480735e-05,0.17478108581436078,0.8252189141856392,0.8152364273204904,0.8252189141856392,0.0,0.0004864759680871765,0.0004864759680871765,0.8252189141856392,0.17478108581436078,0.0,0.0,0.12541532885775442,0.000244140625,0.0,0.0,0.0,0.00054931640625,0.0022567748092114925,2.25,802
libero_spatial/pick_up_the_black_bowl_on_the_ramekin_and_place_it_on_the_plate/right-16x32,primary_canonical,12,4,mixed,51390,0.0006933541491839366,0.040741645559120514,0.15326008200065522,0.9971982135014628,3.686531157455548e-05,0.1807355516637478,0.8192644483362522,0.8079782058766297,0.8192644483362522,0.0,0.0009340338587273788,0.0009340338587273788,0.8192644483362522,0.1807355516637478,0.0,0.0,0.12458892780696633,0.000244140625,0.0,0.0,0.0,0.00054931640625,0.0020385743118822575,2.25,805
libero_spatial/pick_up_the_black_bowl_on_the_ramekin_and_place_it_on_the_plate/right-16x32,primary_canonical,12,5,mixed,51390,0.0006857636513517951,0.04059450083099977,0.1529206610904359,0.9972685189209088,3.694325343345617e-05,0.17919828760459233,0.8208017123954077,0.8079587468379062,0.8208017123954077,0.0,0.0007005253940455342,0.0007005253940455342,0.8208017123954077,0.17919828760459233,0.0,0.0,0.12520675228643705,0.000244140625,0.0,0.0,0.0,0.00054931640625,0.0020751953125,2.25,802
libero_spatial/pick_up_the_black_bowl_on_the_ramekin_and_place_it_on_the_plate/right-16x32,primary_canonical,12,6,mixed,51390,0.0006893130493757906,0.0406430831051077,0.15308711045816914,0.997255015610999,3.6864717731821e-05,0.1801323214633197,0.8198676785366803,0.8081727962638645,0.8198676785366803,0.0,0.0007394434714925082,0.0007394434714925082,0.8198676785366803,0.1801323214633197,0.0,0.0,0.12466189920217942,0.000244140625,0.0,0.0,0.0,0.00054931640625,0.0021011352073401213,2.25,804
libero_spatial/pick_up_the_black_bowl_on_the_ramekin_and_place_it_on_the_plate/right-16x32,primary_canonical,12,7,mixed,51390,0.0007101426771304607,0.040919779970340166,0.15370402873362704,0.9971695789336973,3.679598043530478e-05,0.17565674255691768,0.8243432574430823,0.8150029188558086,0.8243432574430823,0.0,0.0005059350068106636,0.0005059350068106636,0.8243432574430823,0.17565674255691768,0.0,0.0,0.1251343889861841,0.000244140625,0.0,0.0,0.0,0.00054931640625,0.002044677734375,2.25,802
libero_spatial/pick_up_the_black_bowl_on_the_ramekin_and_place_it_on_the_plate/right-16x32,primary_canonical,12,8,mixed,51390,0.0007293398312080415,0.04130697849776221,0.1547942996465828,0.9969452508369478,3.661678839017501e-05,0.1696049815139132,0.8303950184860868,0.8229616656937148,0.8303950184860868,0.0,0.00033080365829928,0.00033080365829928,0.8303950184860868,0.1696049815139132,0.0,0.0,0.12458041447752481,0.000244140625,0.0,0.0,0.0,0.00054931640625,0.0022872923873364925,2.25,802
libero_spatial/pick_up_the_black_bowl_on_the_ramekin_and_place_it_on_the_plate/right-16x32,primary_canonical,12,9,mixed,51390,0.0007761168234031426,0.041862432268673075,0.15634822752671057,0.9966348615897075,3.6308138628928295e-05,0.16141272621132516,0.8385872737886748,0.8325160537069469,0.8385872737886748,0.0,0.0002529675034053318,0.0002529675034053318,0.8385872737886748,0.16141272621132516,0.0,0.0,0.12477622105467989,0.000244140625,0.0,0.0,0.0,0.000579833984375,0.0024902343284338713,2.375,805
libero_spatial/pick_up_the_black_bowl_on_the_ramekin_and_place_it_on_the_plate/right-16x32,primary_canonical,12,10,mixed,51390,0.0009051445973803269,0.04341065450780794,0.1604929024153912,0.9958458575821498,3.579119852856222e-05,0.1431601478886943,0.8568398521113058,0.8540377505351235,0.8568398521113058,0.0,9.72951936174353e-05,9.72951936174353e-05,0.8568398521113058,0.1431601478886943,0.0,0.0,0.1250608094960109,0.000244140625,0.0,0.0,0.0,0.000579833984375,0.0024703978560864925,2.375,802
libero_spatial/pick_up_the_black_bowl_on_the_ramekin_and_place_it_on_the_plate/right-16x32,primary_canonical,13,0,state,51390,0.0027965420205019217,0.0749855316156171,0.22799114012769234,0.9763550130187549,3.271553854599934e-05,0.04592333138742946,0.9540766686125706,0.9424012453784784,0.9540766686125706,0.0,0.0017513134851138354,0.0017513134851138354,0.9540766686125706,0.04592333138742946,0.0,0.0,0.1267756372835182,0.000244140625,0.0,0.0,0.0,0.0020904541015625,0.008209228515625,8.5625,802
libero_spatial/pick_up_the_black_bowl_on_the_ramekin_and_place_it_on_the_plate/right-16x32,primary_canonical,13,1,mixed,51390,0.0008381365709069128,0.04289410931286029,0.15890097928942584,0.9960539002934883,3.6875258440358044e-05,0.17472270869819032,0.8252772913018097,0.8206460400856198,0.8252772913018097,0.0,0.0002335084646818447,0.0002335084646818447,0.8252772913018097,0.17472270869819032,0.0,0.0,0.1255418126094571,0.000244140625,0.0,0.0,0.0,0.000579833984375,0.002655029296875,2.375,803
libero_spatial/pick_up_the_black_bowl_on_the_ramekin_and_place_it_on_the_plate/right-16x32,primary_canonical,13,2,mixed,51390,0.0007678630032365854,0.041935540247715085,0.1560640357723262,0.9966692469200751,3.712467238884024e-05,0.18955049620548745,0.8104495037945125,0.8051371862230006,0.8104495037945125,0.0,0.0002918855808523059,0.0002918855808523059,0.8104495037945125,0.18955049620548745,0.0,0.0,0.12470020918466627,0.000244140625,0.0,0.0,0.0,0.00054931640625,0.00238037109375,2.25,803
libero_spatial/pick_up_the_black_bowl_on_the_ramekin_and_place_it_on_the_plate/right-16x32,primary_canonical,13,3,mixed,51390,0.0007367771176146867,0.04140230925961398,0.15450683106798957,0.9969847017490672,3.7239877879329635e-05,0.19077641564506714,0.8092235843549329,0.8013426736719206,0.8092235843549329,0.0,0.0004864759680871765,0.0004864759680871765,0.8092235843549329,0.19077641564506714,0.0,0.0,0.12513986184082507,0.000244140625,0.0,0.0,0.0,0.00054931640625,0.002044677734375,2.25,803
libero_spatial/pick_up_the_black_bowl_on_the_ramekin_and_place_it_on_the_plate/right-16x32,primary_canonical,13,4,mixed,51390,0.0007037933106133854,0.04106127428484232,0.15366009209123097,0.9971686430804622,3.6967600985569904e-05,0.19137964584549524,0.8086203541545047,0.7981903093987157,0.8086203541545047,0.0,0.0005643121229811247,0.0005643121229811247,0.8086203541545047,0.19137964584549524,0.0,0.0,0.12473243821755205,0.000244140625,0.0,0.0,0.0,0.00054931640625,0.0023101805709302425,2.25,804
libero_spatial/pick_up_the_black_bowl_on_the_ramekin_and_place_it_on_the_plate/right-16x32,primary_canonical,13,5,mixed,51390,0.000696057321311296,0.04095710892462967,0.15333251537435086,0.9972542249847882,3.73577556621242e-05,0.195485503016151,0.804514496983849,0.7914574820003892,0.804514496983849,0.0,0.0008172796263864566,0.0008172796263864566,0.804514496983849,0.195485503016151,0.0,0.0,0.12487230005837711,0.000244140625,0.0,0.0,0.0,0.00054931640625,0.0020751953125,2.25,802
libero_spatial/pick_up_the_black_bowl_on_the_ramekin_and_place_it_on_the_plate/right-16x32,primary_canonical,13,6,mixed,51390,0.0007144373477862303,0.041230302117728705,0.15365198910711897,0.9972512188171639,3.702045298893875e-05,0.19256664720762795,0.807433352792372,0.7945709281961472,0.807433352792372,0.0,0.0004864759680871765,0.0004864759680871765,0.807433352792372,0.19256664720762795,0.0,0.0,0.12546397645456314,0.000244140625,0.0,0.0,0.0,0.00054931640625,0.0023452758323401213,2.25,804
libero_spatial/pick_up_the_black_bowl_on_the_ramekin_and_place_it_on_the_plate/right-16x32,primary_canonical,13,7,mixed,51390,0.0007311047318149202,0.04158415815713782,0.1542889115689306,0.9971682811112783,3.683146253869004e-05,0.18670947655185835,0.8132905234481417,0.8009534928974509,0.8132905234481417,0.0,0.0007005253940455342,0.0007005253940455342,0.8132905234481417,0.18670947655185835,0.0,0.0,0.12445879548550301,0.000244140625,0.0,0.0,0.0,0.00054931640625,0.0023178099654614925,2.25,802
libero_spatial/pick_up_the_black_bowl_on_the_ramekin_and_place_it_on_the_plate/right-16x32,primary_canonical,13,8,mixed,51390,0.0007470992920254427,0.04185796300825337,0.15509651334027322,0.9970320066778918,3.689455832922869e-05,0.17682428488032692,0.8231757151196731,0.8131153920996302,0.8231757151196731,0.0,0.0004086398131932283,0.0004086398131932283,0.8231757151196731,0.17682428488032692,0.0,0.0,0.12531316890445612,0.000244140625,0.0,0.0,0.0,0.000579833984375,0.0022567748092114925,2.375,802
libero_spatial/pick_up_the_black_bowl_on_the_ramekin_and_place_it_on_the_plate/right-16x32,primary_canonical,13,9,mixed,51390,0.0008098453091934837,0.0424826422144082,0.1571659424398214,0.9966193665683815,3.645838084075209e-05,0.1705195563339171,0.8294804436660829,0.8228449114613738,0.8294804436660829,0.0,0.0002918855808523059,0.0002918855808523059,0.8294804436660829,0.1705195563339171,0.0,0.0,0.1244989297528702,0.000244140625,0.0,0.0,0.0,0.00054931640625,0.00238037109375,2.25,805
libero_spatial/pick_up_the_black_bowl_on_the_ramekin_and_place_it_on_the_plate/right-16x32,primary_canonical,13,10,mixed,51390,0.0009852985204669561,0.04425422414589262,0.16254211235751576,0.995515038110468,3.580322384393547e-05,0.1434325744308231,0.8565674255691769,0.8543296361159759,0.8565674255691769,0.0,0.00017513134851138354,0.00017513134851138354,0.8565674255691769,0.1434325744308231,0.0,0.0,0.12491608289550496,0.000244140625,0.0,0.0,0.0,0.0006103515625,0.002960205078125,2.5,802
libero_spatial/pick_up_the_black_bowl_on_the_ramekin_and_place_it_on_the_plate/right-16x32,primary_canonical,14,0,state,51390,0.0028696678148259634,0.06720224273972623,0.2196966268877548,0.979579644795637,3.118045507736488e-05,0.057014983459817085,0.942985016540183,0.9330609067912046,0.942985016540183,0.0,0.001945903872348706,0.001945903872348706,0.942985016540183,0.057014983459817085,0.0,0.0,0.12524323798404358,0.00024416437870937923,0.0,0.0,0.00030517578125,0.00225830078125,0.0091705322265625,9.25,803
libero_spatial/pick_up_the_black_bowl_on_the_ramekin_and_place_it_on_the_plate/right-16x32,primary_canonical,14,1,mixed,51390,0.0008419419151494698,0.04250021995934885,0.15779436760594534,0.9964124687904745,3.843914328161486e-05,0.22881883634948433,0.7711811636505157,0.7695076863202958,0.7711811636505157,0.0,5.837711617046118e-05,5.837711617046118e-05,0.7711811636505157,0.22881883634948433,0.0,0.0,0.12507722805993385,0.000244140625,0.0,0.0,0.0,0.000579833984375,0.0023193359375,2.375,802
libero_spatial/pick_up_the_black_bowl_on_the_ramekin_and_place_it_on_the_plate/right-16x32,primary_canonical,14,2,mixed,51390,0.0007592706927113738,0.04133823244087797,0.154763182287296,0.9969989625459794,3.907871190665134e-05,0.24430823117338005,0.7556917688266199,0.753415061295972,0.7556917688266199,0.0,7.783615489394824e-05,7.783615489394824e-05,0.7556917688266199,0.24430823117338005,0.0,0.0,0.1254755302588052,0.000244140625,0.0,0.0,0.0,0.00054931640625,0.002288818359375,2.25,803
libero_spatial/pick_up_the_black_bowl_on_the_ramekin_and_place_it_on_the_plate/right-16x32,primary_canonical,14,3,mixed,51390,0.0006964314422340192,0.040757227992473305,0.15310344350873833,0.9972200516469981,3.9770538692322195e-05,0.26567425569176883,0.7343257443082312,0.7307258221443861,0.7343257443082312,0.0,0.00021404942595835765,0.00021404942595835765,0.7343257443082312,0.26567425569176883,0.0,0.0,0.12535634364662385,0.000244140625,0.0,0.0,0.0,0.00054931640625,0.002197265625,2.25,803
libero_spatial/pick_up_the_black_bowl_on_the_ramekin_and_place_it_on_the_plate/right-16x32,primary_canonical,14,4,mixed,51390,0.0006774937974314069,0.040526473770393985,0.15241540900276987,0.9973312817582084,4.00324233382285e-05,0.27583187390542907,0.7241681260945709,0.7212881883634948,0.7241681260945709,0.0,0.0001362132710644094,0.0001362132710644094,0.7241681260945709,0.27583187390542907,0.0,0.0,0.12503648569760653,0.000244140625,0.0,0.0,0.0,0.00054931640625,0.00201416015625,2.25,804
libero_spatial/pick_up_the_black_bowl_on_the_ramekin_and_place_it_on_the_plate/right-16x32,primary_canonical,14,5,mixed,51390,0.000672855885675107,0.040446391108435495,0.15218371888454102,0.9973673568727164,4.0359482224244136e-05,0.2765323992994746,0.7234676007005254,0.7192449892975287,0.7234676007005254,0.0,0.0002529675034053318,0.0002529675034053318,0.7234676007005254,0.2765323992994746,0.0,0.0,0.12588660245183889,0.000244140625,0.0,0.0,0.0,0.00054931640625,0.00189208984375,2.25,802
libero_spatial/pick_up_the_black_bowl_on_the_ramekin_and_place_it_on_the_plate/right-16x32,primary_canonical,14,6,mixed,51390,0.0006685059876450307,0.040444430239726235,0.15219281596139053,0.9973249263349594,4.03446361558821e-05,0.2773107608484141,0.7226892391515859,0.7190698579490173,0.7226892391515859,0.0,0.0001556723097878965,0.0001556723097878965,0.7226892391515859,0.2773107608484141,0.0,0.0,0.12496351430239346,0.000244140625,0.0,0.0,0.0,0.00054931640625,0.002044677734375,2.25,804
libero_spatial/pick_up_the_black_bowl_on_the_ramekin_and_place_it_on_the_plate/right-16x32,primary_canonical,14,7,mixed,51390,0.0006683123949135897,0.04053923129385885,0.15263161051479798,0.9972077062898258,4.0183110932103155e-05,0.27524810274372447,0.7247518972562755,0.7206849581630668,0.7247518972562755,0.0,0.0002918855808523059,0.0002918855808523059,0.7247518972562755,0.27524810274372447,0.0,0.0,0.1248309496010897,0.000244140625,0.0,0.0,0.0,0.00054931640625,0.0020736693404614925,2.25,802
libero_spatial/pick_up_the_black_bowl_on_the_ramekin_and_place_it_on_the_plate/right-16x32,primary_canonical,14,8,mixed,51390,0.0006989909044196342,0.04075177057774342,0.15356999486539819,0.997035615047283,3.955868529679595e-05,0.2658104689628332,0.7341895310371668,0.7307452811831096,0.7341895310371668,0.0,0.0002529675034053318,0.0002529675034053318,0.7341895310371668,0.2658104689628332,0.0,0.0,0.12494527145359019,0.000244140625,0.0,0.0,0.0,0.00054931640625,0.00225830078125,2.25,803
libero_spatial/pick_up_the_black_bowl_on_the_ramekin_and_place_it_on_the_plate/right-16x32,primary_canonical,14,9,mixed,51390,0.0007341095760513962,0.041343267633423636,0.15526634404853662,0.9967099675897448,3.91513091809417e-05,0.2568982292274762,0.7431017707725238,0.7410780307452812,0.7431017707725238,0.0,5.837711617046118e-05,5.837711617046118e-05,0.7431017707725238,0.2568982292274762,0.0,0.0,0.12457615781280405,0.000244140625,0.0,0.0,0.0,0.000579833984375,0.0022857666481286287,2.375,803
libero_spatial/pick_up_the_black_bowl_on_the_ramekin_and_place_it_on_the_plate/right-16x32,primary_canonical,14,10,mixed,51390,0.000861744194973487,0.04295479291421148,0.15955643261376698,0.9958958661748779,3.793749463166168e-05,0.21136407861451645,0.7886359213854836,0.7874294609846274,0.7886359213854836,0.0,7.783615489394824e-05,7.783615489394824e-05,0.7886359213854836,0.21136407861451645,0.0,0.0,0.12510641661801908,0.000244140625,0.0,0.0,0.0,0.000579833984375,0.00250244140625,2.375,802
libero_spatial/pick_up_the_black_bowl_on_the_ramekin_and_place_it_on_the_plate/right-16x32,primary_canonical,15,0,state,51390,0.0023804482933054826,0.06551692893612267,0.21203171462255546,0.9809465103052915,3.2803130349335354e-05,0.06985794901731854,0.9301420509826814,0.9215800739443472,0.9301420509826814,0.0,0.000972951936174353,0.000972951936174353,0.9301420509826814,0.06985794901731854,0.0,0.0,0.12337030550690796,0.0002444494232219303,0.0,0.0,0.0,0.001373291015625,0.007321166805922985,5.625,803
libero_spatial/pick_up_the_black_bowl_on_the_ramekin_and_place_it_on_the_plate/right-16x32,primary_canonical,15,1,mixed,51390,0.0008380118639326718,0.04310071729551287,0.15861198394116224,0.9961569147876413,4.0627824909887925e-05,0.2677369137964585,0.7322630862035415,0.7322047090873711,0.7322630862035415,0.0,0.0,0.0,0.7322630862035415,0.2677369137964585,0.0,0.0,0.12486865148861646,0.000244140625,0.0,0.0,0.0,0.000579833984375,0.00238037109375,2.375,802
libero_spatial/pick_up_the_black_bowl_on_the_ramekin_and_place_it_on_the_plate/right-16x32,primary_canonical,15,2,mixed,51390,0.0007593360154121668,0.04223559888612206,0.1557624283920677,0.9967082776455454,4.158836553291162e-05,0.29030939871570344,0.7096906012842965,0.7095349289745086,0.7096906012842965,0.0,0.0,0.0,0.7096906012842965,0.29030939871570344,0.0,0.0,0.12502979665304534,0.000244140625,0.0,0.0,0.0,0.00054931640625,0.002349853515625,2.25,803
libero_spatial/pick_up_the_black_bowl_on_the_ramekin_and_place_it_on_the_plate/right-16x32,primary_canonical,15,3,mixed,51390,0.0007301819002055361,0.04174051338607037,0.15453404806819632,0.9969466351910681,4.190235987876867e-05,0.2988129986378673,0.7011870013621327,0.7011480832846857,0.7011870013621327,0.0,0.0,0.0,0.7011870013621327,0.2988129986378673,0.0,0.0,0.12514107803074528,0.000244140625,0.0,0.0,0.0,0.00054931640625,0.002227783203125,2.25,803
libero_spatial/pick_up_the_black_bowl_on_the_ramekin_and_place_it_on_the_plate/right-16x32,primary_canonical,15,4,mixed,51390,0.000694521643999927,0.04100749172990854,0.1530848330712824,0.997158392217053,4.2423382647934304e-05,0.30821171434131156,0.6917882856586884,0.691729908542518,0.6917882856586884,0.0,1.945903872348706e-05,1.945903872348706e-05,0.6917882856586884,0.30821171434131156,0.0,0.0,0.1252924936758124,0.000244140625,0.0,0.0,0.0,0.00054931640625,0.0018264770042151213,2.25,804
libero_spatial/pick_up_the_black_bowl_on_the_ramekin_and_place_it_on_the_plate/right-16x32,primary_canonical,15,5,mixed,51390,0.0006807409295035513,0.040781804767882554,0.15238525366871292,0.9972752167234905,4.2621429199883856e-05,0.3115781280404748,0.6884218719595252,0.6883440358046312,0.6884218719595252,0.0,0.0,0.0,0.6884218719595252,0.3115781280404748,0.0,0.0,0.1254749221638451,0.000244140625,0.0,0.0,0.0,0.00054931640625,0.002288818359375,2.25,803
libero_spatial/pick_up_the_black_bowl_on_the_ramekin_and_place_it_on_the_plate/right-16x32,primary_canonical,15,6,mixed,51390,0.0006684157235493895,0.04080450796946451,0.1523446936161051,0.9972207475877685,4.255699726319262e-05,0.3136797042226114,0.6863202957773886,0.6862035415450477,0.6863202957773886,0.0,0.0,0.0,0.6863202957773886,0.3136797042226114,0.0,0.0,0.12525296750340534,0.000244140625,0.0,0.0,0.0,0.00054931640625,0.002288818359375,2.25,803
libero_spatial/pick_up_the_black_bowl_on_the_ramekin_and_place_it_on_the_plate/right-16x32,primary_canonical,15,7,mixed,51390,0.0006711402740151902,0.04120408871174323,0.15315471232737704,0.9970338075883334,4.2642955999008807e-05,0.31301809690601284,0.6869819030939872,0.6869040669390932,0.6869819030939872,0.0,0.0,0.0,0.6869819030939872,0.31301809690601284,0.0,0.0,0.12457129305312317,0.000244140625,0.0,0.0,0.0,0.00054931640625,0.002288818359375,2.25,802
libero_spatial/pick_up_the_black_bowl_on_the_ramekin_and_place_it_on_the_plate/right-16x32,primary_canonical,15,8,mixed,51390,0.0006948720112132711,0.04143856810929595,0.15409677909677374,0.996816612058958,4.2286353436952714e-05,0.3049036777583187,0.6950963222416813,0.6950574041642343,0.6950963222416813,0.0,0.0,0.0,0.6950963222416813,0.3049036777583187,0.0,0.0,0.12537397840046702,0.00024413943731453104,0.0,0.0,0.0,0.00054931640625,0.002288818359375,2.25,803
libero_spatial/pick_up_the_black_bowl_on_the_ramekin_and_place_it_on_the_plate/right-16x32,primary_canonical,15,9,mixed,51390,0.0007314515359718573,0.04174582590317304,0.15552409198595452,0.9964850090373047,4.195810686546811e-05,0.2908153337225141,0.7091846662774859,0.7091068301225919,0.7091846662774859,0.0,0.0,0.0,0.7091846662774859,0.2908153337225141,0.0,0.0,0.12489358338198094,0.000244140625,0.0,0.0,0.0,0.000579833984375,0.0022552490700036287,2.375,803
libero_spatial/pick_up_the_black_bowl_on_the_ramekin_and_place_it_on_the_plate/right-16x32,primary_canonical,15,10,mixed,51390,0.0008387238813713149,0.043114704667280845,0.15960947999139546,0.9955904615820788,4.05503284330381e-05,0.26320295777388597,0.7367970422261141,0.7367775831873905,0.7367970422261141,0.0,1.945903872348706e-05,1.945903872348706e-05,0.7367970422261141,0.26320295777388597,0.0,0.0,0.12509182233897645,0.000244140625,0.0,0.0,0.0,0.000579833984375,0.0023193359375,2.375,802
libero_spatial/pick_up_the_black_bowl_on_the_stove_and_place_it_on_the_plate/right-16x32,primary_canonical,2,0,state,68160,0.0085497260653357,0.2444103760338725,0.46551837607728486,0.8379145342804176,5.361682652307788e-05,0.017458920187793426,0.9825410798122066,0.9790199530516432,0.9825410798122066,0.0,0.00029342723004694836,0.00029342723004694836,0.9825410798122066,0.017458920187793426,0.0,0.0,0.12705399061032863,0.00025809202955362384,0.0,0.0,0.00042724609375,0.005218505859375,0.02379760704934597,22.375,1065
libero_spatial/pick_up_the_black_bowl_on_the_stove_and_place_it_on_the_plate/right-16x32,primary_canonical,2,1,mixed,68160,0.0007810606083399813,0.0420636557637246,0.15745685604256643,0.9959003172692419,3.577800983554321e-05,0.1428550469483568,0.8571449530516432,0.815580985915493,0.8571449530516432,0.0,0.010225938967136151,0.010225938967136151,0.8571449530516432,0.1428550469483568,0.0,0.0,0.1250985732100939,0.000244140625,0.0,0.0,0.0,0.000579833984375,0.002349853515625,2.375,1065
libero_spatial/pick_up_the_black_bowl_on_the_stove_and_place_it_on_the_plate/right-16x32,primary_canonical,2,2,mixed,68160,0.0005665201536366638,0.03989716919375137,0.15084895013083874,0.9970989604782261,3.690126356384564e-05,0.179856220657277,0.820143779342723,0.7599765258215962,0.820143779342723,0.0,0.014524647887323943,0.014524647887323943,0.820143779342723,0.179856220657277,0.0,0.0,0.12457315507629108,0.000244140625,0.0,0.0,0.0,0.00030517578125,0.001678466796875,1.25,1066
libero_spatial/pick_up_the_black_bowl_on_the_stove_and_place_it_on_the_plate/right-16x32,primary_canonical,2,3,mixed,68160,0.0005130266359714275,0.03897878888627173,0.14838903901722508,0.9975464492511581,3.7266614851257614e-05,0.19250293427230047,0.8074970657276995,0.7328638497652582,0.8074970657276995,0.0,0.01687206572769953,0.01687206572769953,0.8074970657276995,0.19250293427230047,0.0,0.0,0.12523749266431924,0.000244140625,0.0,0.0,0.0,0.000274658203125,0.0015167236560955644,1.125,1064
libero_spatial/pick_up_the_black_bowl_on_the_stove_and_place_it_on_the_plate/right-16x32,primary_canonical,2,4,mixed,68160,0.000494063740045252,0.03864403397824283,0.14729741100973925,0.9978090175108311,3.73224697202584e-05,0.19571596244131456,0.8042840375586855,0.71731220657277,0.8042840375586855,0.0,0.019571596244131455,0.019571596244131455,0.8042840375586855,0.19571596244131456,0.0,0.0,0.1253470693955399,0.000244140625,0.0,0.0,0.0,0.000274658203125,0.00140380859375,1.125,1066
libero_spatial/pick_up_the_black_bowl_on_the_stove_and_place_it_on_the_plate/right-16x32,primary_canonical,2,5,mixed,68160,0.00047494816668156725,0.03851408577860801,0.1466797904789168,0.9978667725550946,3.749462360507446e-05,0.20171654929577465,0.7982834507042254,0.7071889671361502,0.7982834507042254,0.0,0.01863262910798122,0.01863262910798122,0.7982834507042254,0.20171654929577465,0.0,0.0,0.12566662998826292,0.000244140625,0.0,0.0,0.0,0.000274658203125,0.00140380859375,1.125,1064
libero_spatial/pick_up_the_black_bowl_on_the_stove_and_place_it_on_the_plate/right-16x32,primary_canonical,2,6,mixed,68160,0.0004802900860567048,0.03860354938417533,0.1468852746094896,0.9978916987811736,3.755059040768046e-05,0.20264084507042254,0.7973591549295774,0.7106514084507042,0.7973591549295774,0.0,0.01886737089201878,0.01886737089201878,0.7973591549295774,0.20264084507042254,0.0,0.0,0.1255167070129108,0.000244140625,0.0,0.0,0.0,0.000274658203125,0.001373291015625,1.125,1066
libero_spatial/pick_up_the_black_bowl_on_the_stove_and_place_it_on_the_plate/right-16x32,primary_canonical,2,7,mixed,68160,0.000490343067008005,0.03893548490855615,0.14736647135774855,0.9978565812469439,3.7478952900344774e-05,0.20121772300469484,0.7987822769953051,0.7165786384976526,0.7987822769953051,0.0,0.017488262910798122,0.017488262910798122,0.7987822769953051,0.20121772300469484,0.0,0.0,0.1251696376173709,0.000244140625,0.0,0.0,0.0,0.00030517578125,0.001495361328125,1.25,1065
libero_spatial/pick_up_the_black_bowl_on_the_stove_and_place_it_on_the_plate/right-16x32,primary_canonical,2,8,mixed,68160,0.000499598632955775,0.03906957375611498,0.14768078808493457,0.9978355574609598,3.722699035501256e-05,0.1988849765258216,0.8011150234741784,0.7254841549295775,0.8011150234741784,0.0,0.017121478873239438,0.017121478873239438,0.8011150234741784,0.1988849765258216,0.0,0.0,0.12554788365610328,0.000244140625,0.0,0.0,0.0,0.00030517578125,0.001617431640625,1.25,1064
libero_spatial/pick_up_the_black_bowl_on_the_stove_and_place_it_on_the_plate/right-16x32,primary_canonical,2,9,mixed,68160,0.0005164321039763974,0.03942277308361072,0.14868414435588137,0.997692549075634,3.728172588796123e-05,0.196875,0.803125,0.7408303990610329,0.803125,0.0,0.01283744131455399,0.01283744131455399,0.803125,0.196875,0.0,0.0,0.1256116123826291,0.000244140625,0.0,0.0,0.0,0.000274658203125,0.001617431640625,1.125,1066
libero_spatial/pick_up_the_black_bowl_on_the_stove_and_place_it_on_the_plate/right-16x32,primary_canonical,2,10,mixed,68160,0.0008140631125006878,0.04219231807010274,0.1564713030353958,0.9965882839416395,3.569260449476645e-05,0.14069835680751175,0.8593016431924883,0.8224031690140845,0.8593016431924883,0.0,0.009448356807511738,0.009448356807511738,0.8593016431924883,0.14069835680751175,0.0,0.0,0.12493260343309859,0.000244140625,0.0,0.0,0.0,0.00054931640625,0.0023193359375,2.25,1064
libero_spatial/pick_up_the_black_bowl_on_the_stove_and_place_it_on_the_plate/right-16x32,primary_canonical,3,0,state,68160,0.006567045556547496,0.238418847742215,0.42463999454963935,0.8519599983477396,5.142679306822763e-05,0.017605633802816902,0.9823943661971831,0.971244131455399,0.9823943661971831,0.0,0.0017605633802816902,0.0017605633802816902,0.9823943661971831,0.017605633802816902,0.0,0.0,0.12472949677230047,0.00024215044549933063,0.0,0.0,0.00030517578125,0.0044708251953125,0.01904296875,19.75,1064
libero_spatial/pick_up_the_black_bowl_on_the_stove_and_place_it_on_the_plate/right-16x32,primary_canonical,3,1,mixed,68160,0.0006898920300980689,0.04165120102430173,0.1570983671806228,0.995743616370423,3.575125770389754e-05,0.1595363849765258,0.8404636150234742,0.8017458920187793,0.8404636150234742,0.0,0.009536384976525822,0.009536384976525822,0.8404636150234742,0.1595363849765258,0.0,0.0,0.12474829445422535,0.000244140625,0.0,0.0,0.0,0.00054931640625,0.0020019530784338713,2.25,1065
libero_spatial/pick_up_the_black_bowl_on_the_stove_and_place_it_on_the_plate/right-16x32,primary_canonical,3,2,mixed,68160,0.0005710082434712442,0.0398748926153765,0.15113997123610806,0.997065806221829,3.69754755441012e-05,0.18083920187793429,0.8191607981220658,0.7619865023474178,0.8191607981220658,0.0,0.015023474178403756,0.015023474178403756,0.8191607981220658,0.18083920187793429,0.0,0.0,0.1252274061032864,0.000244140625,0.0,0.0,0.0,0.00030517578125,0.001708984375,1.25,1066
libero_spatial/pick_up_the_black_bowl_on_the_stove_and_place_it_on_the_plate/right-16x32,primary_canonical,3,3,mixed,68160,0.0005030640973731385,0.039015420725647836,0.14825252255363644,0.9975887699367505,3.7266167116836766e-05,0.1928843896713615,0.8071156103286385,0.7274941314553991,0.8071156103286385,0.0,0.019850352112676058,0.019850352112676058,0.8071156103286385,0.1928843896713615,0.0,0.0,0.12532414539319248,0.000244140625,0.0,0.0,0.0,0.000274658203125,0.001434326171875,1.125,1064
libero_spatial/pick_up_the_black_bowl_on_the_stove_and_place_it_on_the_plate/right-16x32,primary_canonical,3,4,mixed,68160,0.00048234697798608055,0.0384642632354593,0.14665908589609353,0.9978828834273585,3.796843855593686e-05,0.19970657276995304,0.8002934272300469,0.7102992957746479,0.8002934272300469,0.0,0.019909037558685446,0.019909037558685446,0.8002934272300469,0.19970657276995304,0.0,0.0,0.12519485401995306,0.000244140625,0.0,0.0,0.0,0.000274658203125,0.00140380859375,1.125,1066
libero_spatial/pick_up_the_black_bowl_on_the_stove_and_place_it_on_the_plate/right-16x32,primary_canonical,3,5,mixed,68160,0.00046175522423686,0.03818157670643408,0.14563756145781753,0.9980994980992146,3.751376425156571e-05,0.20252347417840375,0.7974765258215962,0.6904636150234742,0.7974765258215962,0.0,0.02240316901408451,0.02240316901408451,0.7974765258215962,0.20252347417840375,0.0,0.0,0.12483448870305164,0.000244140625,0.0,0.0,0.0,0.000274658203125,0.00140380859375,1.125,1064
libero_spatial/pick_up_the_black_bowl_on_the_stove_and_place_it_on_the_plate/right-16x32,primary_canonical,3,6,mixed,68160,0.00046640270752526227,0.03826936488979859,0.14570484385244165,0.9981248324614526,3.753917317994884e-05,0.20099765258215962,0.7990023474178404,0.690331572769953,0.7990023474178404,0.0,0.023107394366197184,0.023107394366197184,0.7990023474178404,0.20099765258215962,0.0,0.0,0.1252416189847418,0.000244140625,0.0,0.0,0.0,0.000274658203125,0.00136566162109375,1.125,1066
libero_spatial/pick_up_the_black_bowl_on_the_stove_and_place_it_on_the_plate/right-16x32,primary_canonical,3,7,mixed,68160,0.0004732628943214954,0.038471165957025516,0.14614505499181613,0.9980934113255339,3.7482758642921986e-05,0.20082159624413146,0.7991784037558686,0.6936326291079812,0.7991784037558686,0.0,0.02193368544600939,0.02193368544600939,0.7991784037558686,0.20082159624413146,0.0,0.0,0.1250142128814554,0.000244140625,0.0,0.0,0.0,0.000274658203125,0.001373291015625,1.125,1065
libero_spatial/pick_up_the_black_bowl_on_the_stove_and_place_it_on_the_plate/right-16x32,primary_canonical,3,8,mixed,68160,0.0005017970089621388,0.03883989763931489,0.14690422273017992,0.9980357105445834,3.7128824583241634e-05,0.19237089201877935,0.8076291079812207,0.7080692488262911,0.8076291079812207,0.0,0.022065727699530517,0.022065727699530517,0.8076291079812207,0.19237089201877935,0.0,0.0,0.12497845143779343,0.000244140625,0.0,0.0,0.0,0.000274658203125,0.001373291015625,1.125,1065
libero_spatial/pick_up_the_black_bowl_on_the_stove_and_place_it_on_the_plate/right-16x32,primary_canonical,3,9,mixed,68160,0.00052533530293496,0.03914349202259046,0.14775492574127627,0.9979565500058758,3.7078902195317084e-05,0.18600352112676055,0.8139964788732394,0.7258509389671362,0.8139964788732394,0.0,0.020202464788732395,0.020202464788732395,0.8139964788732394,0.18600352112676055,0.0,0.0,0.12473912485328638,0.000244140625,0.0,0.0,0.0,0.00030517578125,0.00154876708984375,1.25,1066
libero_spatial/pick_up_the_black_bowl_on_the_stove_and_place_it_on_the_plate/right-16x32,primary_canonical,3,10,mixed,68160,0.0005777766447112034,0.03973917446226022,0.14987350204181224,0.9976014345875578,3.6534233272355486e-05,0.17205105633802817,0.8279489436619718,0.7519072769953051,0.8279489436619718,0.0,0.017502934272300468,0.017502934272300468,0.8279489436619718,0.17205105633802817,0.0,0.0,0.12478818221830985,0.000244140625,0.0,0.0,0.0,0.000396728515625,0.001739501953125,1.625,1064
libero_spatial/pick_up_the_black_bowl_on_the_stove_and_place_it_on_the_plate/right-16x32,primary_canonical,4,0,state,68160,0.005738491183715247,0.22572953488345437,0.404505257315479,0.8739422409502273,4.8400720520198624e-05,0.022593896713615023,0.977406103286385,0.9614143192488263,0.977406103286385,0.0,0.001613849765258216,0.001613849765258216,0.977406103286385,0.022593896713615023,0.0,0.0,0.12591696009389672,0.00024049606681429724,0.0,0.0,0.0002792358282022178,0.0032501220703125,0.01833190955221653,14.125,1064
libero_spatial/pick_up_the_black_bowl_on_the_stove_and_place_it_on_the_plate/right-16x32,primary_canonical,4,1,mixed,68160,0.0007453569224182988,0.041901707985031775,0.15671522292732631,0.9961806902478278,3.5377287528884244e-05,0.1411238262910798,0.8588761737089202,0.8057511737089202,0.8588761737089202,0.0,0.013262910798122066,0.013262910798122066,0.8588761737089202,0.1411238262910798,0.0,0.0,0.12505134976525822,0.000244140625,0.0,0.0,0.0,0.000579833984375,0.002105712890625,2.375,1065
libero_spatial/pick_up_the_black_bowl_on_the_stove_and_place_it_on_the_plate/right-16x32,primary_canonical,4,2,mixed,68160,0.0005682703474877586,0.03941528293448435,0.1499566140868854,0.997411117890736,3.649651164739904e-05,0.17036384976525823,0.8296361502347418,0.7557071596244131,0.8296361502347418,0.0,0.018603286384976526,0.018603286384976526,0.8296361502347418,0.17036384976525823,0.0,0.0,0.12498899647887324,0.000244140625,0.0,0.0,0.0,0.00030517578125,0.001678466796875,1.25,1066
libero_spatial/pick_up_the_black_bowl_on_the_stove_and_place_it_on_the_plate/right-16x32,primary_canonical,4,3,mixed,68160,0.0005216665670905315,0.03875916888456389,0.1475946242820489,0.9978972264237597,3.662064601557915e-05,0.17907863849765257,0.8209213615023474,0.7223738262910798,0.8209213615023474,0.0,0.023107394366197184,0.023107394366197184,0.8209213615023474,0.17907863849765257,0.0,0.0,0.12533102259389672,0.000244140625,0.0,0.0,0.0,0.000274658203125,0.001434326171875,1.125,1064
libero_spatial/pick_up_the_black_bowl_on_the_stove_and_place_it_on_the_plate/right-16x32,primary_canonical,4,4,mixed,68160,0.0004826348712186858,0.038221696844683004,0.14589802513659839,0.9982022909779854,3.679727724460369e-05,0.18711854460093896,0.812881455399061,0.6932218309859155,0.812881455399061,0.0,0.027978286384976524,0.027978286384976524,0.812881455399061,0.18711854460093896,0.0,0.0,0.12463917620305165,0.000244140625,0.0,0.0,0.0,0.000274658203125,0.001373291015625,1.125,1066
libero_spatial/pick_up_the_black_bowl_on_the_stove_and_place_it_on_the_plate/right-16x32,primary_canonical,4,5,mixed,68160,0.0004720074470054376,0.03802917104371836,0.14534771296899643,0.9983049077764503,3.6920516143942106e-05,0.19253227699530517,0.8074677230046948,0.6841696009389672,0.8074677230046948,0.0,0.02808098591549296,0.02808098591549296,0.8074677230046948,0.19253227699530517,0.0,0.0,0.12439480633802817,0.000244140625,0.0,0.0,0.0,0.000274658203125,0.001373291015625,1.125,1064
libero_spatial/pick_up_the_black_bowl_on_the_stove_and_place_it_on_the_plate/right-16x32,primary_canonical,4,6,mixed,68160,0.0004669171543748166,0.0380192949178633,0.1454136485784826,0.9982787669387082,3.6906636376895816e-05,0.1974031690140845,0.8025968309859155,0.6806924882629108,0.8025968309859155,0.0,0.027332746478873238,0.027332746478873238,0.8025968309859155,0.1974031690140845,0.0,0.0,0.1248216512617371,0.000244140625,0.0,0.0,0.0,0.000274658203125,0.001495361328125,1.125,1066
libero_spatial/pick_up_the_black_bowl_on_the_stove_and_place_it_on_the_plate/right-16x32,primary_canonical,4,7,mixed,68160,0.00048157105423475094,0.03813389433381703,0.14568624854647497,0.9982344728365471,3.705606773985384e-05,0.19323650234741785,0.8067634976525822,0.6927230046948357,0.8067634976525822,0.0,0.02607100938967136,0.02607100938967136,0.8067634976525822,0.19323650234741785,0.0,0.0,0.12485603726525822,0.000244140625,0.0,0.0,0.0,0.000274658203125,0.001556396484375,1.125,1065
libero_spatial/pick_up_the_black_bowl_on_the_stove_and_place_it_on_the_plate/right-16x32,primary_canonical,4,8,mixed,68160,0.0004999102561126852,0.038499088018712865,0.14659679887440283,0.9980926110833324,3.6840595549820735e-05,0.1892605633802817,0.8107394366197183,0.7081132629107981,0.8107394366197183,0.0,0.02436913145539906,0.02436913145539906,0.8107394366197183,0.1892605633802817,0.0,0.0,0.125,0.000244140625,0.0,0.0,0.0,0.000274658203125,0.00152587890625,1.125,1065
libero_spatial/pick_up_the_black_bowl_on_the_stove_and_place_it_on_the_plate/right-16x32,primary_canonical,4,9,mixed,68160,0.0005321019132372359,0.039037057043800893,0.14807866100973927,0.9978933527663421,3.6431366289165656e-05,0.1836267605633803,0.8163732394366198,0.7278022300469483,0.8163732394366198,0.0,0.020319835680751172,0.020319835680751172,0.8163732394366198,0.1836267605633803,0.0,0.0,0.1252948026701878,0.000244140625,0.0,0.0,0.0,0.00030517578125,0.00142669677734375,1.25,1066
libero_spatial/pick_up_the_black_bowl_on_the_stove_and_place_it_on_the_plate/right-16x32,primary_canonical,4,10,mixed,68160,0.0006774387449166025,0.041051241825444035,0.15393599568398345,0.9969252963642209,3.5211849660380904e-05,0.1495305164319249,0.8504694835680752,0.7880868544600939,0.8504694835680752,0.0,0.015390258215962441,0.015390258215962441,0.8504694835680752,0.1495305164319249,0.0,0.0,0.12479597637910798,0.000244140625,0.0,0.0,0.0,0.00054931640625,0.001983642578125,2.25,1064
libero_spatial/pick_up_the_black_bowl_on_the_stove_and_place_it_on_the_plate/right-16x32,primary_canonical,5,0,state,68160,0.0072764902607376026,0.34692175063728725,0.5191809985559311,0.7598225160331373,6.722662370529533e-05,0.014524647887323943,0.985475352112676,0.966255868544601,0.985475352112676,0.0,0.0027875586854460093,0.0027875586854460093,0.985475352112676,0.014524647887323943,0.0,0.0,0.12431227992957747,0.0002115142177528059,0.0,0.0,0.0002487182500772178,0.00376129150390625,0.03207702562212944,21.5,1064
libero_spatial/pick_up_the_black_bowl_on_the_stove_and_place_it_on_the_plate/right-16x32,primary_canonical,5,1,mixed,68160,0.0008249815640874871,0.043266558311354945,0.15998673595732926,0.995579014861073,3.536430323067965e-05,0.13865903755868544,0.8613409624413145,0.8339055164319249,0.8613409624413145,0.0,0.006778169014084507,0.006778169014084507,0.8613409624413145,0.13865903755868544,0.0,0.0,0.12540575484154928,0.000244140625,0.0,0.0,0.0,0.000579833984375,0.0024047852493822575,2.375,1065
libero_spatial/pick_up_the_black_bowl_on_the_stove_and_place_it_on_the_plate/right-16x32,primary_canonical,5,2,mixed,68160,0.0006325994858719374,0.040661574529370234,0.15310087875581124,0.9968592709918537,3.645386494381327e-05,0.17108274647887323,0.8289172535211268,0.7898767605633803,0.8289172535211268,0.0,0.010211267605633803,0.010211267605633803,0.8289172535211268,0.17108274647887323,0.0,0.0,0.12557310005868544,0.000244140625,0.0,0.0,0.0,0.00054931640625,0.0019287109607830644,2.25,1065
libero_spatial/pick_up_the_black_bowl_on_the_stove_and_place_it_on_the_plate/right-16x32,primary_canonical,5,3,mixed,68160,0.0005731390115800598,0.039658497644702036,0.15031719162990229,0.9974260612491501,3.664510350831798e-05,0.18132335680751174,0.8186766431924882,0.7647740610328638,0.8186766431924882,0.0,0.012822769953051644,0.012822769953051644,0.8186766431924882,0.18132335680751174,0.0,0.0,0.12497570055751174,0.000244140625,0.0,0.0,0.0,0.000396728515625,0.001678466796875,1.625,1064
libero_spatial/pick_up_the_black_bowl_on_the_stove_and_place_it_on_the_plate/right-16x32,primary_canonical,5,4,mixed,68160,0.0005327744103373496,0.0391497983619081,0.14866835097192038,0.9976594298562044,3.700760048879704e-05,0.19295774647887323,0.8070422535211268,0.7424735915492958,0.8070422535211268,0.0,0.014818075117370893,0.014818075117370893,0.8070422535211268,0.19295774647887323,0.0,0.0,0.12524345290492958,0.000244140625,0.0,0.0,0.0,0.00042724609375,0.00159454345703125,1.75,1066
libero_spatial/pick_up_the_black_bowl_on_the_stove_and_place_it_on_the_plate/right-16x32,primary_canonical,5,5,mixed,68160,0.0005154448495784276,0.0388607683316083,0.1478203388446933,0.9977977536032807,3.721389412320276e-05,0.19862089201877933,0.8013791079812207,0.7356073943661972,0.8013791079812207,0.0,0.013556338028169013,0.013556338028169013,0.8013791079812207,0.19862089201877933,0.0,0.0,0.1248862969483568,0.000244140625,0.0,0.0,0.0,0.000274658203125,0.0014907836448401213,1.125,1064
libero_spatial/pick_up_the_black_bowl_on_the_stove_and_place_it_on_the_plate/right-16x32,primary_canonical,5,6,mixed,68160,0.0005193947626391487,0.03895975838244801,0.14806735168600307,0.9977603298887401,3.737815668885137e-05,0.20052816901408452,0.7994718309859155,0.743075117370892,0.7994718309859155,0.0,0.011487676056338028,0.011487676056338028,0.7994718309859155,0.20052816901408452,0.0,0.0,0.12489317414906104,0.000244140625,0.0,0.0,0.0,0.000274658203125,0.001434326171875,1.125,1066
libero_spatial/pick_up_the_black_bowl_on_the_stove_and_place_it_on_the_plate/right-16x32,primary_canonical,5,7,mixed,68160,0.0005171583292070129,0.03899003149757922,0.14830827444372044,0.9976967838448538,3.7424609135014354e-05,0.2036238262910798,0.7963761737089202,0.7433685446009389,0.7963761737089202,0.0,0.01131161971830986,0.01131161971830986,0.7963761737089202,0.2036238262910798,0.0,0.0,0.12515313233568076,0.000244140625,0.0,0.0,0.0,0.00030517578125,0.00164794921875,1.25,1065
libero_spatial/pick_up_the_black_bowl_on_the_stove_and_place_it_on_the_plate/right-16x32,primary_canonical,5,8,mixed,68160,0.0005318919257938582,0.039287562213593245,0.14905143701974216,0.9975760741815181,3.731116442613199e-05,0.19722711267605633,0.8027728873239437,0.7567341549295775,0.8027728873239437,0.0,0.010211267605633803,0.010211267605633803,0.8027728873239437,0.19722711267605633,0.0,0.0,0.12507885856807513,0.000244140625,0.0,0.0,0.0,0.00030517578125,0.0015991211403161287,1.25,1065
libero_spatial/pick_up_the_black_bowl_on_the_stove_and_place_it_on_the_plate/right-16x32,primary_canonical,5,9,mixed,68160,0.0005917119308256767,0.03993606746476581,0.15087048705195039,0.9973308459859989,3.6823525675025905e-05,0.18497652582159624,0.8150234741784037,0.7765111502347418,0.8150234741784037,0.0,0.008876173708920188,0.008876173708920188,0.8150234741784037,0.18497652582159624,0.0,0.0,0.12443377714201878,0.000244140625,0.0,0.0,0.0,0.000396728515625,0.00177001953125,1.625,1066
libero_spatial/pick_up_the_black_bowl_on_the_stove_and_place_it_on_the_plate/right-16x32,primary_canonical,5,10,mixed,68160,0.000924470391072018,0.04373856307195386,0.1600464064190645,0.9960355015217978,3.5145640932898006e-05,0.13330399061032863,0.8666960093896714,0.8432071596244132,0.8666960093896714,0.0,0.005545774647887324,0.005545774647887324,0.8666960093896714,0.13330399061032863,0.0,0.0,0.125008711120892,0.000244140625,0.0,0.0,0.0,0.000579833984375,0.0027114867698401213,2.375,1064
libero_spatial/pick_up_the_black_bowl_on_the_stove_and_place_it_on_the_plate/right-16x32,primary_canonical,12,0,state,68160,0.003076419024400308,0.07690870705904536,0.23644779993334847,0.9735422227181879,3.2904002588119865e-05,0.0443075117370892,0.9556924882629108,0.9392605633802817,0.9556924882629108,0.0,0.0030809859154929575,0.0030809859154929575,0.9556924882629108,0.0443075117370892,0.0,0.0,0.12481660798122066,0.0002442301718841696,0.0,0.0,0.00030517578125,0.001983642578125,0.00927734375,8.125,1064
libero_spatial/pick_up_the_black_bowl_on_the_stove_and_place_it_on_the_plate/right-16x32,primary_canonical,12,1,mixed,68160,0.0007506146677223169,0.04130881672174158,0.1544763551631444,0.9971271089982119,3.649695938181989e-05,0.17599765258215963,0.8240023474178404,0.8118691314553991,0.8240023474178404,0.0,0.000528169014084507,0.000528169014084507,0.8240023474178404,0.17599765258215963,0.0,0.0,0.1248881308685446,0.000244140625,0.0,0.0,0.0,0.00054931640625,0.00225830078125,2.25,1065
libero_spatial/pick_up_the_black_bowl_on_the_stove_and_place_it_on_the_plate/right-16x32,primary_canonical,12,2,mixed,68160,0.0006495507110452428,0.04010487050517624,0.15088412549014382,0.9977512188072146,3.705058299319845e-05,0.19264964788732394,0.807350352112676,0.7833773474178404,0.807350352112676,0.0,0.0012764084507042254,0.0012764084507042254,0.807350352112676,0.19264964788732394,0.0,0.0,0.12532552083333334,0.000244140625,0.0,0.0,0.0,0.000518798828125,0.0019165038829669356,2.125,1065
libero_spatial/pick_up_the_black_bowl_on_the_stove_and_place_it_on_the_plate/right-16x32,primary_canonical,12,3,mixed,68160,0.0006024906892731715,0.03944123988979859,0.14921881313055335,0.9979826296229317,3.74223144961075e-05,0.20506161971830986,0.7949383802816902,0.7656983568075117,0.7949383802816902,0.0,0.0015111502347417841,0.0015111502347417841,0.7949383802816902,0.20506161971830986,0.0,0.0,0.1255212918133803,0.000244140625,0.0,0.0,0.0,0.000518798828125,0.001678466796875,2.125,1064
libero_spatial/pick_up_the_black_bowl_on_the_stove_and_place_it_on_the_plate/right-16x32,primary_canonical,12,4,mixed,68160,0.0005799275608689572,0.03913270430945455,0.14848184719891616,0.9980765605992484,3.759536384976526e-05,0.2063086854460094,0.7936913145539906,0.7603433098591549,0.7936913145539906,0.0,0.0019366197183098592,0.0019366197183098592,0.7936913145539906,0.2063086854460094,0.0,0.0,0.12499037191901409,0.000244140625,0.0,0.0,0.0,0.00030517578125,0.001739501953125,1.25,1066
libero_spatial/pick_up_the_black_bowl_on_the_stove_and_place_it_on_the_plate/right-16x32,primary_canonical,12,5,mixed,68160,0.0005653802218011847,0.0390102292450381,0.14816496495349865,0.9981042625312584,3.770684972055641e-05,0.21428990610328638,0.7857100938967136,0.7520393192488263,0.7857100938967136,0.0,0.0016578638497652582,0.0016578638497652582,0.7857100938967136,0.21428990610328638,0.0,0.0,0.12506968896713616,0.000244140625,0.0,0.0,0.0,0.00030517578125,0.0017044066917151213,1.25,1064
libero_spatial/pick_up_the_black_bowl_on_the_stove_and_place_it_on_the_plate/right-16x32,primary_canonical,12,6,mixed,68160,0.000573120654468805,0.039102275830479295,0.14842239120196848,0.9980515617588667,3.763039906819662e-05,0.21354166666666666,0.7864583333333334,0.7530223004694836,0.7864583333333334,0.0,0.0018339201877934272,0.0018339201877934272,0.7864583333333334,0.21354166666666666,0.0,0.0,0.12463184052230047,0.000244140625,0.0,0.0,0.0,0.000518798828125,0.00167083740234375,2.125,1066
libero_spatial/pick_up_the_black_bowl_on_the_stove_and_place_it_on_the_plate/right-16x32,primary_canonical,12,7,mixed,68160,0.0005932481076236062,0.03926162898820331,0.148909416556918,0.9979584440711379,3.7933515271110716e-05,0.21041666666666667,0.7895833333333333,0.7579958920187794,0.7895833333333333,0.0,0.0018045774647887324,0.0018045774647887324,0.7895833333333333,0.21041666666666667,0.0,0.0,0.12479735181924882,0.000244140625,0.0,0.0,0.0,0.000518798828125,0.001922607421875,2.125,1064
libero_spatial/pick_up_the_black_bowl_on_the_stove_and_place_it_on_the_plate/right-16x32,primary_canonical,12,8,mixed,68160,0.0006078970824049113,0.039553519593717903,0.1497379634301987,0.9978042738503413,3.7516338724485585e-05,0.2060005868544601,0.7939994131455399,0.7672975352112676,0.7939994131455399,0.0,0.001613849765258216,0.001613849765258216,0.7939994131455399,0.2060005868544601,0.0,0.0,0.1250871112089202,0.000244140625,0.0,0.0,0.0,0.000518798828125,0.00177001953125,2.125,1065
libero_spatial/pick_up_the_black_bowl_on_the_stove_and_place_it_on_the_plate/right-16x32,primary_canonical,12,9,mixed,68160,0.0006372702513502237,0.040052872420476636,0.15118698245482826,0.9975336945427695,3.748298251013241e-05,0.20267018779342724,0.7973298122065727,0.7796948356807512,0.7973298122065727,0.0,0.00090962441314554,0.00090962441314554,0.7973298122065727,0.20267018779342724,0.0,0.0,0.12506281176643191,0.000244140625,0.0,0.0,0.0,0.00054931640625,0.00189208984375,2.25,1066
libero_spatial/pick_up_the_black_bowl_on_the_stove_and_place_it_on_the_plate/right-16x32,primary_canonical,12,10,mixed,68160,0.0007406883956121167,0.04145589300164594,0.15517855272606504,0.9968447423194635,3.674131044199769e-05,0.1786238262910798,0.8213761737089202,0.81274941314554,0.8213761737089202,0.0,0.00038145539906103286,0.00038145539906103286,0.8213761737089202,0.1786238262910798,0.0,0.0,0.12481294014084507,0.000244140625,0.0,0.0,0.0,0.00054931640625,0.0022842406760901213,2.25,1064
libero_spatial/pick_up_the_black_bowl_on_the_stove_and_place_it_on_the_plate/right-16x32,primary_canonical,13,0,state,68160,0.0030047277889341255,0.0726511019496291,0.229401064590669,0.9756515730137416,3.319111228548865e-05,0.042693661971830985,0.957306338028169,0.9492370892018779,0.957306338028169,0.0,0.0014671361502347417,0.0014671361502347417,0.957306338028169,0.042693661971830985,0.0,0.0,0.12694854019953053,0.0002442301718841696,0.0,0.0,0.00018310546875,0.0020751953125,0.00836181640625,8.5,1064
libero_spatial/pick_up_the_black_bowl_on_the_stove_and_place_it_on_the_plate/right-16x32,primary_canonical,13,1,mixed,68160,0.0007343592218390094,0.04144591926968713,0.1550128721855056,0.9969113016509814,3.694133579451154e-05,0.19445422535211268,0.8055457746478873,0.7972417840375586,0.8055457746478873,0.0,0.0003374413145539906,0.0003374413145539906,0.8055457746478873,0.19445422535211268,0.0,0.0,0.12470244644953052,0.000244140625,0.0,0.0,0.0,0.00054931640625,0.002349853515625,2.25,1065
libero_spatial/pick_up_the_black_bowl_on_the_stove_and_place_it_on_the_plate/right-16x32,primary_canonical,13,2,mixed,68160,0.0006668883310237401,0.04043873039209787,0.1520114522584727,0.9974965534527117,3.734407290606432e-05,0.2025968309859155,0.7974031690140845,0.7828491784037559,0.7974031690140845,0.0,0.0008509389671361502,0.0008509389671361502,0.7974031690140845,0.2025968309859155,0.0,0.0,0.12532827171361502,0.000244140625,0.0,0.0,0.0,0.00054931640625,0.002166748046875,2.25,1065
libero_spatial/pick_up_the_black_bowl_on_the_stove_and_place_it_on_the_plate/right-16x32,primary_canonical,13,3,mixed,68160,0.0006217499853859485,0.03985024394003998,0.15031511817179935,0.9977597007711588,3.759715478744865e-05,0.21734154929577465,0.7826584507042254,0.7605487089201878,0.7826584507042254,0.0,0.0012617370892018778,0.0012617370892018778,0.7826584507042254,0.21734154929577465,0.0,0.0,0.1245818661971831,0.000244140625,0.0,0.0,0.0,0.00054931640625,0.001983642578125,2.25,1064
libero_spatial/pick_up_the_black_bowl_on_the_stove_and_place_it_on_the_plate/right-16x32,primary_canonical,13,4,mixed,68160,0.0005877042600246663,0.03942223759324338,0.14913653879658156,0.9979301439878037,3.7718826616314095e-05,0.22263791079812206,0.7773620892018779,0.7478139671361502,0.7773620892018779,0.0,0.0012764084507042254,0.0012764084507042254,0.7773620892018779,0.22263791079812206,0.0,0.0,0.12569138791079812,0.000244140625,0.0,0.0,0.0,0.000518798828125,0.0019073486328125,2.125,1066
libero_spatial/pick_up_the_black_bowl_on_the_stove_and_place_it_on_the_plate/right-16x32,primary_canonical,13,5,mixed,68160,0.0005742717796648053,0.03931833455260371,0.14872774831565894,0.9979942143759187,3.76526738556338e-05,0.22607100938967137,0.7739289906103286,0.7403169014084507,0.7739289906103286,0.0,0.0015991784037558685,0.0015991784037558685,0.7739289906103286,0.22607100938967137,0.0,0.0,0.12472720437206573,0.000244140625,0.0,0.0,0.0,0.000518798828125,0.001708984375,2.125,1064
libero_spatial/pick_up_the_black_bowl_on_the_stove_and_place_it_on_the_plate/right-16x32,primary_canonical,13,6,mixed,68160,0.0005837283783675359,0.0393227111565675,0.14878982803631277,0.9979995604621972,3.800918238823403e-05,0.2235181924882629,0.7764818075117371,0.7420334507042253,0.7764818075117371,0.0,0.0019366197183098592,0.0019366197183098592,0.7764818075117371,0.2235181924882629,0.0,0.0,0.12537136883802816,0.000244140625,0.0,0.0,0.0,0.0004119873046875,0.001678466796875,1.6875,1066
libero_spatial/pick_up_the_black_bowl_on_the_stove_and_place_it_on_the_plate/right-16x32,primary_canonical,13,7,mixed,68160,0.0005953318636182329,0.03943465505967118,0.14916552691392496,0.9979509956094091,3.8004928911235974e-05,0.220143779342723,0.779856220657277,0.7484008215962441,0.779856220657277,0.0,0.00181924882629108,0.00181924882629108,0.779856220657277,0.220143779342723,0.0,0.0,0.1253025968309859,0.000244140625,0.0,0.0,0.0,0.000518798828125,0.0018310546875,2.125,1064
libero_spatial/pick_up_the_black_bowl_on_the_stove_and_place_it_on_the_plate/right-16x32,primary_canonical,13,8,mixed,68160,0.0006193022213071724,0.039690957942479094,0.14992082488368935,0.9978347385310931,3.7440671607362274e-05,0.21227992957746478,0.7877200704225352,0.761443661971831,0.7877200704225352,0.0,0.0013937793427230046,0.0013937793427230046,0.7877200704225352,0.21227992957746478,0.0,0.0,0.12481431558098592,0.000244140625,0.0,0.0,0.0,0.00054931640625,0.001983642578125,2.25,1065
libero_spatial/pick_up_the_black_bowl_on_the_stove_and_place_it_on_the_plate/right-16x32,primary_canonical,13,9,mixed,68160,0.000669825468824503,0.04032790895918725,0.15169821636217862,0.9975371101844899,3.758484209087533e-05,0.1996919014084507,0.8003080985915493,0.7814847417840376,0.8003080985915493,0.0,0.0010269953051643193,0.0010269953051643193,0.8003080985915493,0.1996919014084507,0.0,0.0,0.12496423855633802,0.000244140625,0.0,0.0,0.0,0.00054931640625,0.00194549560546875,2.25,1066
libero_spatial/pick_up_the_black_bowl_on_the_stove_and_place_it_on_the_plate/right-16x32,primary_canonical,13,10,mixed,68160,0.0007779694498984467,0.04189974959467498,0.15602732421086987,0.9967048007750036,3.668467203776042e-05,0.1744131455399061,0.8255868544600939,0.816299882629108,0.8255868544600939,0.0,0.00045481220657277,0.00045481220657277,0.8255868544600939,0.1744131455399061,0.0,0.0,0.12519210313967136,0.000244140625,0.0,0.0,0.0,0.00054931640625,0.0023757934104651213,2.25,1064
libero_spatial/pick_up_the_black_bowl_on_the_stove_and_place_it_on_the_plate/right-16x32,primary_canonical,14,0,state,68160,0.002866610674790933,0.07572093480069872,0.23040819839692453,0.9754561350239275,3.4702775623876724e-05,0.060152582159624414,0.9398474178403756,0.9388204225352113,0.9398474178403756,0.0,0.00029342723004694836,0.00029342723004694836,0.9398474178403756,0.060152582159624414,0.0,0.0,0.12481202318075117,0.00024419435313050177,0.0,0.0,0.0,0.00201416015625,0.0089111328125,8.25,1064
libero_spatial/pick_up_the_black_bowl_on_the_stove_and_place_it_on_the_plate/right-16x32,primary_canonical,14,1,mixed,68160,0.0007421856195154325,0.04114206699138516,0.15414749333556269,0.9971367771881567,3.982429773035184e-05,0.2702904929577465,0.7297095070422536,0.7274207746478873,0.7297095070422536,0.0,0.00011737089201877934,0.00011737089201877934,0.7297095070422536,0.2702904929577465,0.0,0.0,0.12494956719483569,0.000244140625,0.0,0.0,0.0,0.00054931640625,0.00243377685546875,2.25,1066
libero_spatial/pick_up_the_black_bowl_on_the_stove_and_place_it_on_the_plate/right-16x32,primary_canonical,14,2,mixed,68160,0.0006365601445587588,0.03988455785831935,0.15069999023222588,0.9976791610232961,4.0763084877264894e-05,0.29495305164319247,0.7050469483568075,0.7002347417840376,0.7050469483568075,0.0,0.0003961267605633803,0.0003961267605633803,0.7050469483568075,0.29495305164319247,0.0,0.0,0.12460479019953051,0.000244140625,0.0,0.0,0.0,0.00054931640625,0.0018859863048419356,2.25,1065
libero_spatial/pick_up_the_black_bowl_on_the_stove_and_place_it_on_the_plate/right-16x32,primary_canonical,14,3,mixed,68160,0.0005847241397195019,0.03924561487117284,0.148815437101982,0.9979538832681839,4.1652789138292486e-05,0.3132335680751174,0.6867664319248826,0.6799295774647888,0.6867664319248826,0.0,0.0004107981220657277,0.0004107981220657277,0.6867664319248826,0.3132335680751174,0.0,0.0,0.12488996478873239,0.000244140625,0.0,0.0,0.0,0.00054931640625,0.001708984375,2.25,1064
libero_spatial/pick_up_the_black_bowl_on_the_stove_and_place_it_on_the_plate/right-16x32,primary_canonical,14,4,mixed,68160,0.0005550151699585534,0.03899790266869773,0.1479962232527039,0.9980534325489346,4.206470480547265e-05,0.32925469483568076,0.6707453051643193,0.6631161971830986,0.6707453051643193,0.0,0.000528169014084507,0.000528169014084507,0.6707453051643193,0.32925469483568076,0.0,0.0,0.1254218016431925,0.000244140625,0.0,0.0,0.0,0.00054931640625,0.00176239013671875,2.25,1066
libero_spatial/pick_up_the_black_bowl_on_the_stove_and_place_it_on_the_plate/right-16x32,primary_canonical,14,5,mixed,68160,0.0005567492453704977,0.03894224793698307,0.14783760840903984,0.9980637969825189,4.2385898285628486e-05,0.3272887323943662,0.6727112676056338,0.6647593896713615,0.6727112676056338,0.0,0.0004254694835680751,0.0004254694835680751,0.6727112676056338,0.3272887323943662,0.0,0.0,0.12451676203051643,0.000244140625,0.0,0.0,0.0,0.00054931640625,0.001739501953125,2.25,1064
libero_spatial/pick_up_the_black_bowl_on_the_stove_and_place_it_on_the_plate/right-16x32,primary_canonical,14,6,mixed,68160,0.0005616980539241307,0.03907473747719062,0.14820365771441393,0.9979935496512083,4.2275587717692056e-05,0.3268926056338028,0.6731073943661972,0.6657130281690141,0.6731073943661972,0.0,0.0004107981220657277,0.0004107981220657277,0.6731073943661972,0.3268926056338028,0.0,0.0,0.12530351379107982,0.000244140625,0.0,0.0,0.0,0.00054931640625,0.001678466796875,2.25,1066
libero_spatial/pick_up_the_black_bowl_on_the_stove_and_place_it_on_the_plate/right-16x32,primary_canonical,14,7,mixed,68160,0.0005806228924245342,0.03926968820777857,0.14882384555440553,0.997887531679316,4.217731001231592e-05,0.31965962441314555,0.6803403755868545,0.6740463615023474,0.6803403755868545,0.0,0.00038145539906103286,0.00038145539906103286,0.6803403755868545,0.31965962441314555,0.0,0.0,0.1246084580399061,0.000244140625,0.0,0.0,0.0,0.00054931640625,0.001708984375,2.25,1064
libero_spatial/pick_up_the_black_bowl_on_the_stove_and_place_it_on_the_plate/right-16x32,primary_canonical,14,8,mixed,68160,0.0006017698368556063,0.03966623360002545,0.14992856307768485,0.997702791554932,4.180720154668244e-05,0.31382042253521125,0.6861795774647887,0.6815287558685446,0.6861795774647887,0.0,0.0002640845070422535,0.0002640845070422535,0.6861795774647887,0.31382042253521125,0.0,0.0,0.12488033670774648,0.000244140625,0.0,0.0,0.0,0.00054931640625,0.001739501953125,2.25,1065
libero_spatial/pick_up_the_black_bowl_on_the_stove_and_place_it_on_the_plate/right-16x32,primary_canonical,14,9,mixed,68160,0.0006432175076623478,0.040234421116645346,0.15145526671073806,0.9974341302410538,4.136338480201685e-05,0.3056924882629108,0.6943075117370892,0.6907863849765258,0.6943075117370892,0.0,0.00014671361502347418,0.00014671361502347418,0.6943075117370892,0.3056924882629108,0.0,0.0,0.12479185005868544,0.000244140625,0.0,0.0,0.0,0.00054931640625,0.002166748046875,2.25,1065
libero_spatial/pick_up_the_black_bowl_on_the_stove_and_place_it_on_the_plate/right-16x32,primary_canonical,14,10,mixed,68160,0.0007507655542221427,0.04161028436651812,0.15525519903836676,0.9967777806635894,3.9867280234753246e-05,0.2650088028169014,0.7349911971830986,0.7328638497652582,0.7349911971830986,0.0,0.00010269953051643192,0.00010269953051643192,0.7349911971830986,0.2650088028169014,0.0,0.0,0.12514258729460093,0.000244140625,0.0,0.0,0.0,0.000579833984375,0.002288818359375,2.375,1064
libero_spatial/pick_up_the_black_bowl_on_the_stove_and_place_it_on_the_plate/right-16x32,primary_canonical,15,0,state,68160,0.0020827575468681226,0.06171703786357468,0.20478058309062547,0.9834846045314706,3.288609321128594e-05,0.06968896713615023,0.9303110328638498,0.922975352112676,0.9303110328638498,0.0,0.0007335680751173709,0.0007335680751173709,0.9303110328638498,0.06968896713615023,0.0,0.0,0.12604074970657278,0.000244140625,0.0,0.0,0.0,0.00146484375,0.006129455752670765,6.0,1064
libero_spatial/pick_up_the_black_bowl_on_the_stove_and_place_it_on_the_plate/right-16x32,primary_canonical,15,1,mixed,68160,0.0007001254480209709,0.04115697475666172,0.15360967609244333,0.9969854212335437,4.239602827690017e-05,0.3100205399061033,0.6899794600938968,0.6899647887323944,0.6899794600938968,0.0,0.0,0.0,0.6899794600938968,0.3100205399061033,0.0,0.0,0.12494314847417841,0.000244140625,0.0,0.0,0.0,0.00054931640625,0.002227783203125,2.25,1066
libero_spatial/pick_up_the_black_bowl_on_the_stove_and_place_it_on_the_plate/right-16x32,primary_canonical,15,2,mixed,68160,0.0006332652669557384,0.040374589302170444,0.15108327820827144,0.9974404877051711,4.361358606759371e-05,0.33537265258215965,0.6646273474178404,0.664568661971831,0.6646273474178404,0.0,1.4671361502347417e-05,1.4671361502347417e-05,0.6646273474178404,0.33537265258215965,0.0,0.0,0.12494910871478873,0.000244140625,0.0,0.0,0.0,0.00054931640625,0.0017944335704669356,2.25,1065
libero_spatial/pick_up_the_black_bowl_on_the_stove_and_place_it_on_the_plate/right-16x32,primary_canonical,15,3,mixed,68160,0.0005917181991075686,0.03977487277536885,0.1494970939528774,0.9976702648516692,4.419519308027527e-05,0.35054284037558686,0.6494571596244132,0.6493397887323944,0.6494571596244132,0.0,0.0,0.0,0.6494571596244132,0.35054284037558686,0.0,0.0,0.12472399501173709,0.000244140625,0.0,0.0,0.0,0.00054931640625,0.001678466796875,2.25,1064
libero_spatial/pick_up_the_black_bowl_on_the_stove_and_place_it_on_the_plate/right-16x32,primary_canonical,15,4,mixed,68160,0.0005576908308575411,0.0393911491537318,0.14850634498775286,0.9978013581303363,4.4556011056676155e-05,0.3614143192488263,0.6385856807511737,0.6384536384976526,0.6385856807511737,0.0,0.0,0.0,0.6385856807511737,0.3614143192488263,0.0,0.0,0.12472903829225353,0.000244140625,0.0,0.0,0.0,0.00054931640625,0.001678466796875,2.25,1066
libero_spatial/pick_up_the_black_bowl_on_the_stove_and_place_it_on_the_plate/right-16x32,primary_canonical,15,5,mixed,68160,0.0005491556695929156,0.03938469148017991,0.14819433051095882,0.997823178037966,4.482884921938041e-05,0.3634242957746479,0.6365757042253521,0.6364289906103286,0.6365757042253521,0.0,0.0,0.0,0.6365757042253521,0.3634242957746479,0.0,0.0,0.12515588321596244,0.00024413972953115832,0.0,0.0,0.0,0.00054931640625,0.001678466796875,2.25,1064
libero_spatial/pick_up_the_black_bowl_on_the_stove_and_place_it_on_the_plate/right-16x32,primary_canonical,15,6,mixed,68160,0.0005531176714829995,0.03946906613631987,0.1484454226605769,0.9977741468374228,4.492281748095589e-05,0.3638644366197183,0.6361355633802817,0.6359301643192489,0.6361355633802817,0.0,0.0,0.0,0.6361355633802817,0.3638644366197183,0.0,0.0,0.124458535064554,0.000244140625,0.0,0.0,0.0,0.00054931640625,0.001739501953125,2.25,1066
libero_spatial/pick_up_the_black_bowl_on_the_stove_and_place_it_on_the_plate/right-16x32,primary_canonical,15,7,mixed,68160,0.0005736377877248844,0.039754037454094684,0.14917979844858947,0.9976511275107173,4.440562825807383e-05,0.3558098591549296,0.6441901408450704,0.6440287558685446,0.6441901408450704,0.0,1.4671361502347417e-05,1.4671361502347417e-05,0.6441901408450704,0.3558098591549296,0.0,0.0,0.12552908597417842,0.00024413614765579153,0.0,0.0,0.0,0.00054931640625,0.001708984375,2.25,1064
libero_spatial/pick_up_the_black_bowl_on_the_stove_and_place_it_on_the_plate/right-16x32,primary_canonical,15,8,mixed,68160,0.0005908652650358532,0.040067078585915725,0.15002507223209866,0.9975005684691556,4.4336453290052815e-05,0.3506455399061033,0.6493544600938967,0.6492517605633803,0.6493544600938967,0.0,1.4671361502347417e-05,1.4671361502347417e-05,0.6493544600938967,0.3506455399061033,0.0,0.0,0.12539108348004696,0.000244140625,0.0,0.0,0.0,0.00054931640625,0.001739501953125,2.25,1065
libero_spatial/pick_up_the_black_bowl_on_the_stove_and_place_it_on_the_plate/right-16x32,primary_canonical,15,9,mixed,68160,0.000623819413879108,0.04065997208787802,0.15141070191289338,0.9972281047549676,4.3827099419535605e-05,0.3416226525821596,0.6583773474178404,0.6583333333333333,0.6583773474178404,0.0,1.4671361502347417e-05,1.4671361502347417e-05,0.6583773474178404,0.3416226525821596,0.0,0.0,0.12467172828638498,0.000244140625,0.0,0.0,0.0,0.00054931640625,0.001800537109375,2.25,1065
libero_spatial/pick_up_the_black_bowl_on_the_stove_and_place_it_on_the_plate/right-16x32,primary_canonical,15,10,mixed,68160,0.0007044127289678009,0.0419440981367944,0.1547692594393878,0.9966209831144748,4.245812344439153e-05,0.3066901408450704,0.6933098591549296,0.6933098591549296,0.6933098591549296,0.0,0.0,0.0,0.6933098591549296,0.3066901408450704,0.0,0.0,0.12480331205985916,0.0002441388340623166,0.0,0.0,0.0,0.00054931640625,0.0022842406760901213,2.25,1064
POOLED_PRIMARY,primary_pooled,2,0,state,549290,0.006120277958561777,0.21616500129179544,0.41125522727350305,0.8727033404580266,4.920348288762072e-05,0.02674361448415227,0.9732563855158477,0.9672668353692949,0.9732563855158477,0.0,0.000946676618908045,0.000946676618908045,0.9732563855158477,0.02674361448415227,0.0,0.0,0.12542270476433215,0.0002457945933969875,0.0,0.0,0.00030517578125,0.00384521484375,0.01949462853372097,16.25,8585
POOLED_PRIMARY,primary_pooled,2,1,mixed,549290,0.0006520118984919737,0.0410923211313127,0.1522244040406849,0.9970706902791194,3.6863140107659574e-05,0.18277958819567078,0.8172204118043292,0.7354512188461468,0.8172204118043292,0.0,0.017713775965337072,0.017713775965337072,0.8172204118043292,0.18277958819567078,0.0,0.0,0.12521732600265797,0.000244140625,0.0,0.0,0.0,0.000396728515625,0.0020751953125,1.625,8580
POOLED_PRIMARY,primary_pooled,2,2,mixed,549290,0.00044123248831374936,0.03785876230165802,0.14506031109922154,0.9981137924530159,3.83355720002078e-05,0.23352509603306085,0.7664749039669392,0.64630340985636,0.7664749039669392,0.0,0.02378525005006463,0.02378525005006463,0.7664749039669392,0.23352509603306085,0.0,0.0,0.12498748384277886,0.000244140625,0.0,0.0,0.0,0.000274658203125,0.001373291015625,1.125,8590
POOLED_PRIMARY,primary_pooled,2,3,mixed,549290,0.00038975218026480774,0.03721629780656478,0.1431035911486305,0.9983958700450257,3.8886140133296365e-05,0.25223288244825137,0.7477671175517486,0.599497533179195,0.7477671175517486,0.0,0.02923592273662364,0.02923592273662364,0.7477671175517486,0.25223288244825137,0.0,0.0,0.12514495985727028,0.000244140625,0.0,0.0,0.0,0.000274658203125,0.001129150390625,1.125,8576
POOLED_PRIMARY,primary_pooled,2,4,mixed,549290,0.0003739243638485306,0.03700366914082412,0.14235979417126113,0.9985061928512954,3.927063083841399e-05,0.25795481439676676,0.7420451856032333,0.5799814305740137,0.7420451856032333,0.0,0.03166087130659579,0.03166087130659579,0.7420451856032333,0.25795481439676676,0.0,0.0,0.12496478408490962,0.000244140625,0.0,0.0,0.0,0.000274658203125,0.001129150390625,1.125,8586
POOLED_PRIMARY,primary_pooled,2,5,mixed,549290,0.00036315173488517564,0.036906238123873544,0.14204752060436826,0.9985151191380307,3.941507528201889e-05,0.2625862477015784,0.7374137522984217,0.5705911267272297,0.7374137522984217,0.0,0.03263849696881429,0.03263849696881429,0.7374137522984217,0.2625862477015784,0.0,0.0,0.1250527385352,0.000244140625,0.0,0.0,0.0,0.000274658203125,0.0010986328125,1.125,8580
POOLED_PRIMARY,primary_pooled,2,6,mixed,549290,0.0003678876292115447,0.0369939088383022,0.1421988375450084,0.9985048143018455,3.935695443252952e-05,0.2588996704837153,0.7411003295162847,0.5757377705765625,0.7411003295162847,0.0,0.033282965282455536,0.033282965282455536,0.7411003295162847,0.2588996704837153,0.0,0.0,0.12514490296564657,0.000244140625,0.0,0.0,0.0,0.000274658203125,0.0010986328125,1.125,8584
POOLED_PRIMARY,primary_pooled,2,7,mixed,549290,0.00037475223697864516,0.03716435236504525,0.1425279806450607,0.9984516036443407,3.930990355963067e-05,0.2553478126308507,0.7446521873691493,0.5842123468477489,0.7446521873691493,0.0,0.03110560905896703,0.03110560905896703,0.7446521873691493,0.2553478126308507,0.0,0.0,0.12501621411276376,0.000244140625,0.0,0.0,0.0,0.000274658203125,0.001129150390625,1.125,8582
POOLED_PRIMARY,primary_pooled,2,8,mixed,549290,0.0003838283399436659,0.037278409181216464,0.14290724087652143,0.9983913500410688,3.899867332066949e-05,0.25164667115731215,0.7483533288426878,0.5936008301625735,0.7483533288426878,0.0,0.03038831946694824,0.03038831946694824,0.7483533288426878,0.25164667115731215,0.0,0.0,0.12523257295781828,0.000244140625,0.0,0.0,0.0,0.000274658203125,0.001190185546875,1.125,8584
POOLED_PRIMARY,primary_pooled,2,9,mixed,549290,0.00041164089914651187,0.037614657178364624,0.14387086631017781,0.9982544799671061,3.885468376004244e-05,0.24095832802344846,0.7590416719765516,0.6197108995248412,0.7590416719765516,0.0,0.026739973420233393,0.026739973420233393,0.7590416719765516,0.24095832802344846,0.0,0.0,0.12513949826139198,0.000244140625,0.0,0.0,0.0,0.000274658203125,0.00133514404296875,1.125,8586
POOLED_PRIMARY,primary_pooled,2,10,mixed,549290,0.000578359024583155,0.03932373839135307,0.14860296023163497,0.9977411267489564,3.72024689195726e-05,0.18675016839920625,0.8132498316007938,0.7187696845018114,0.8132498316007938,0.0,0.019814669846529156,0.019814669846529156,0.8132498316007938,0.18675016839920625,0.0,0.0,0.1251656684083089,0.000244140625,0.0,0.0,0.0,0.00030517578125,0.00177001953125,1.25,8580
POOLED_PRIMARY,primary_pooled,3,0,state,549290,0.005387552839817847,0.18265363869669396,0.36436964273691486,0.8981840501841429,4.520037270193008e-05,0.026270276174698248,0.9737297238253018,0.96089497351126,0.9737297238253018,0.0,0.0018387372790329335,0.0018387372790329335,0.9737297238253018,0.026270276174698248,0.0,0.0,0.12488678566877241,0.0002449031616559843,0.0,0.0,0.00030517578125,0.003509521484375,0.016815185546875,15.0,8574
POOLED_PRIMARY,primary_pooled,3,1,mixed,549290,0.0005963289995309285,0.04058571711162791,0.15160367164583344,0.9970130943811889,3.6365470350788064e-05,0.17952993864807296,0.820470061351927,0.7220994374556245,0.820470061351927,0.0,0.024258588359518652,0.024258588359518652,0.820470061351927,0.17952993864807296,0.0,0.0,0.12496239463671285,0.000244140625,0.0,0.0,0.0,0.00030517578125,0.00189208984375,1.25,8582
POOLED_PRIMARY,primary_pooled,3,2,mixed,549290,0.00044038828106510224,0.03782744057376554,0.14487230656163452,0.9981563960904298,3.7688318663798523e-05,0.22120555626354022,0.7787944437364598,0.6271841832183364,0.7787944437364598,0.0,0.03482859691601886,0.03482859691601886,0.7787944437364598,0.22120555626354022,0.0,0.0,0.12496119991261447,0.000244140625,0.0,0.0,0.0,0.000274658203125,0.001373291015625,1.125,8591
POOLED_PRIMARY,primary_pooled,3,3,mixed,549290,0.000392294746933257,0.03719366827429358,0.14291681461451944,0.9984357368338624,3.85109484863059e-05,0.23702051739518287,0.7629794826048172,0.5845018114292997,0.7629794826048172,0.0,0.03974767427042182,0.03974767427042182,0.7629794826048172,0.23702051739518287,0.0,0.0,0.12524895774545322,0.000244140625,0.0,0.0,0.0,0.000274658203125,0.001190185546875,1.125,8576
POOLED_PRIMARY,primary_pooled,3,4,mixed,549290,0.00037659332548181516,0.03690569526444436,0.14204644905285757,0.9985644108635501,3.900297908320784e-05,0.24175572102168252,0.7582442789783175,0.5678657903839502,0.7582442789783175,0.0,0.042134391669245756,0.042134391669245756,0.7582442789783175,0.24175572102168252,0.0,0.0,0.1250240082652151,0.000244140625,0.0,0.0,0.0,0.000274658203125,0.00115966796875,1.125,8587
POOLED_PRIMARY,primary_pooled,3,5,mixed,549290,0.0003722133927113581,0.03681100976836291,0.14170794655844435,0.9986154566493004,3.910894945509914e-05,0.24282437328187295,0.757175626718127,0.5613592091609169,0.757175626718127,0.0,0.04310109413970762,0.04310109413970762,0.757175626718127,0.24282437328187295,0.0,0.0,0.12507737260827614,0.000244140625,0.0,0.0,0.0,0.000274658203125,0.00115966796875,1.125,8580
POOLED_PRIMARY,primary_pooled,3,6,mixed,549290,0.0003741153174723279,0.03688143754279317,0.14185893876125175,0.9985863492200175,3.898312396208344e-05,0.2396566476724499,0.7603433523275501,0.5650730943581714,0.7603433523275501,0.0,0.043661817983214696,0.043661817983214696,0.7603433523275501,0.2396566476724499,0.0,0.0,0.12512311347375704,0.000244140625,0.0,0.0,0.0,0.000274658203125,0.001129150390625,1.125,8584
POOLED_PRIMARY,primary_pooled,3,7,mixed,549290,0.0003818445223571281,0.0370486854159176,0.14228948718041487,0.9985208185847525,3.877873219229952e-05,0.23651805057437783,0.7634819494256222,0.5719146534617415,0.7634819494256222,0.0,0.04249849806113346,0.04249849806113346,0.7634819494256222,0.23651805057437783,0.0,0.0,0.1250646857761838,0.000244140625,0.0,0.0,0.0,0.000274658203125,0.00115966796875,1.125,8584
POOLED_PRIMARY,primary_pooled,3,8,mixed,549290,0.00039820475325604986,0.03725781808026825,0.14284147299276395,0.9984448835039132,3.847466201975291e-05,0.2290119973056127,0.7709880026943873,0.5854575907080048,0.7709880026943873,0.0,0.04136612718236268,0.04136612718236268,0.7709880026943873,0.2290119973056127,0.0,0.0,0.12505706229860364,0.000244140625,0.0,0.0,0.0,0.000274658203125,0.001190185546875,1.125,8580
POOLED_PRIMARY,primary_pooled,3,9,mixed,549290,0.00041406612684101294,0.03748473859970086,0.14356036766194058,0.998317998296653,3.820603799558649e-05,0.2232117824828415,0.7767882175171585,0.6009739845982996,0.7767882175171585,0.0,0.0398933168271769,0.0398933168271769,0.7767882175171585,0.2232117824828415,0.0,0.0,0.12505319366818984,0.000244140625,0.0,0.0,0.0,0.000274658203125,0.001312255859375,1.125,8587
POOLED_PRIMARY,primary_pooled,3,10,mixed,549290,0.0004831933387517864,0.03832248720454046,0.1464000208338904,0.9978467948269107,3.722719233027664e-05,0.20017113000418724,0.7998288699958128,0.6580913542937247,0.7998288699958128,0.0,0.03428789892406561,0.03428789892406561,0.7998288699958128,0.20017113000418724,0.0,0.0,0.12511617269566166,0.000244140625,0.0,0.0,0.0,0.000274658203125,0.0015869140625,1.125,8581
POOLED_PRIMARY,primary_pooled,4,0,state,549290,0.004049876348722612,0.2700517233530657,0.42173559246519154,0.8489943557668308,5.549226826943823e-05,0.025796937865244226,0.9742030621347558,0.9475868848877642,0.9742030621347558,0.0,0.0037502958364434087,0.0037502958364434087,0.9742030621347558,0.025796937865244226,0.0,0.0,0.12540961969087366,0.00022498525973586357,0.0,0.0,0.000152587890625,0.00252532958984375,0.012725830078125,11.625,8574
POOLED_PRIMARY,primary_pooled,4,1,mixed,549290,0.0006302035723637275,0.04051344830425271,0.15196694894231005,0.997026255691385,3.6444481093366695e-05,0.17109905514391305,0.8289009448560869,0.7350343170274354,0.8289009448560869,0.0,0.022723879917711954,0.022723879917711954,0.8289009448560869,0.17109905514391305,0.0,0.0,0.12498378588723626,0.000244140625,0.0,0.0,0.0,0.000396728515625,0.001953125,1.625,8583
POOLED_PRIMARY,primary_pooled,4,2,mixed,549290,0.0004320572694730072,0.03764273280576901,0.14447003555735372,0.9982480446410428,3.79621443269024e-05,0.22091427115003004,0.77908572884997,0.6277449070618435,0.77908572884997,0.0,0.03464654372007501,0.03464654372007501,0.77908572884997,0.22091427115003004,0.0,0.0,0.12498105508929709,0.000244140625,0.0,0.0,0.0,0.000274658203125,0.001373291015625,1.125,8591
POOLED_PRIMARY,primary_pooled,4,3,mixed,549290,0.00039380620847978185,0.037037361038208844,0.14244810174963787,0.9986010238090134,3.847559262004346e-05,0.2318265397149047,0.7681734602850953,0.5838664457754555,0.7681734602850953,0.0,0.04211436581769193,0.04211436581769193,0.7681734602850953,0.2318265397149047,0.0,0.0,0.12511913106009576,0.000244140625,0.0,0.0,0.0,0.000274658203125,0.001190185546875,1.125,8576
POOLED_PRIMARY,primary_pooled,4,4,mixed,549290,0.0003732992782444155,0.036726261361079475,0.1415020158257919,0.9987412233876471,3.8822421792507146e-05,0.23976223852609732,0.7602377614739027,0.5581987656793315,0.7602377614739027,0.0,0.04584463580258152,0.04584463580258152,0.7602377614739027,0.23976223852609732,0.0,0.0,0.1250364675308125,0.000244140625,0.0,0.0,0.0,0.000274658203125,0.001129150390625,1.125,8590
POOLED_PRIMARY,primary_pooled,4,5,mixed,549290,0.00036780629196823966,0.036632467185622575,0.14119818249796398,0.9987786437597281,3.887907729377782e-05,0.24155728303810373,0.7584427169618962,0.5502849132516522,0.7584427169618962,0.0,0.047537730524859365,0.047537730524859365,0.7584427169618962,0.24155728303810373,0.0,0.0,0.12492353765770359,0.000244140625,0.0,0.0,0.0,0.000274658203125,0.001129150390625,1.125,8575
POOLED_PRIMARY,primary_pooled,4,6,mixed,549290,0.00036852465983431453,0.03670245955023331,0.14134643362456037,0.9987570811415919,3.883997124724004e-05,0.2407817364233829,0.759218263576617,0.5517977753099456,0.759218263576617,0.0,0.04757414116404814,0.04757414116404814,0.759218263576617,0.2407817364233829,0.0,0.0,0.1250038686304138,0.000244140625,0.0,0.0,0.0,0.000274658203125,0.0010986328125,1.125,8585
POOLED_PRIMARY,primary_pooled,4,7,mixed,549290,0.0003757190612327391,0.03681769275628823,0.14164992010238145,0.9987038573604093,3.876505792385113e-05,0.23729359718909865,0.7627064028109013,0.5600957599810664,0.7627064028109013,0.0,0.04639989805021027,0.04639989805021027,0.7627064028109013,0.23729359718909865,0.0,0.0,0.12491119217535364,0.000244140625,0.0,0.0,0.0,0.000274658203125,0.00115966796875,1.125,8585
POOLED_PRIMARY,primary_pooled,4,8,mixed,549290,0.0003932535152445373,0.03704133050680339,0.1423137636251883,0.9986095479102911,3.8354475686706787e-05,0.2294889766789856,0.7705110233210144,0.5771159132698575,0.7705110233210144,0.0,0.04436636385151741,0.04436636385151741,0.7705110233210144,0.2294889766789856,0.0,0.0,0.12504238425968067,0.000244140625,0.0,0.0,0.0,0.000274658203125,0.001220703125,1.125,8580
POOLED_PRIMARY,primary_pooled,4,9,mixed,549290,0.00042151192921345055,0.037437646002574064,0.14344097597820524,0.9984515710402343,3.7841062117457166e-05,0.21971089952484116,0.7802891004751589,0.5998288699958128,0.7802891004751589,0.0,0.04106573940905533,0.04106573940905533,0.7802891004751589,0.21971089952484116,0.0,0.0,0.1252392861694187,0.000244140625,0.0,0.0,0.0,0.000274658203125,0.0013427734375,1.125,8588
POOLED_PRIMARY,primary_pooled,4,10,mixed,549290,0.0005450538124534911,0.03925111306683969,0.14832824291455718,0.9977799903078176,3.645163421500298e-05,0.1765806768737825,0.8234193231262175,0.6945857379526298,0.8234193231262175,0.0,0.030714194687687744,0.030714194687687744,0.8234193231262175,0.1765806768737825,0.0,0.0,0.12522659933732636,0.000244140625,0.0,0.0,0.0,0.00030517578125,0.001708984375,1.25,8581
POOLED_PRIMARY,primary_pooled,5,0,state,549290,0.004136586037787043,0.26271158717123044,0.41862032024531676,0.8321950676285846,5.643318155574092e-05,0.02803619217535364,0.9719638078246463,0.9483697136303227,0.9719638078246463,0.0,0.0038595277540097216,0.0038595277540097216,0.9719638078246463,0.02803619217535364,0.0,0.0,0.12503982413661271,0.0002157744002929492,0.0,0.0,0.000152587890625,0.002410888671875,0.013397216796875,12.5,8574
POOLED_PRIMARY,primary_pooled,5,1,mixed,549290,0.0006512626402520754,0.041247051624935,0.1532001122773973,0.996790766096616,3.693929654636198e-05,0.186757450527044,0.813242549472956,0.7668608567423401,0.813242549472956,0.0,0.008183291157676274,0.008183291157676274,0.813242549472956,0.186757450527044,0.0,0.0,0.1251111093411495,0.000244140625,0.0,0.0,0.0,0.000518798828125,0.002044677734375,2.125,8586
POOLED_PRIMARY,primary_pooled,5,2,mixed,549290,0.000488686852831112,0.03875136115432109,0.14725141870597655,0.9977674804554786,3.816814728524905e-05,0.2288809190045331,0.7711190809954669,0.6983232900653571,0.7711190809954669,0.0,0.011518505707367692,0.011518505707367692,0.7711190809954669,0.2288809190045331,0.0,0.0,0.1252548744743214,0.00024413962495192657,0.0,0.0,0.0,0.000274658203125,0.00152587890625,1.125,8580
POOLED_PRIMARY,primary_pooled,5,3,mixed,549290,0.0004407620212534306,0.038062630712950185,0.14524609102986924,0.9980919117644682,3.855715904103195e-05,0.2443426969360447,0.7556573030639553,0.6605618161626827,0.7556573030639553,0.0,0.014527845036319613,0.014527845036319613,0.7556573030639553,0.2443426969360447,0.0,0.0,0.12498611844380927,0.00024413751373932713,0.0,0.0,0.0,0.000274658203125,0.001373291015625,1.125,8578
POOLED_PRIMARY,primary_pooled,5,4,mixed,549290,0.00041758315701967256,0.03773566105071077,0.14418340294527224,0.9982309894635426,3.900956273302454e-05,0.2557628939176027,0.7442371060823972,0.6355859382111453,0.7442371060823972,0.0,0.015956962624478873,0.015956962624478873,0.7442371060823972,0.2557628939176027,0.0,0.0,0.12512703899579458,0.00024413018005345536,0.0,0.0,0.0,0.000274658203125,0.0013427734375,1.125,8591
POOLED_PRIMARY,primary_pooled,5,5,mixed,549290,0.0004084842751818683,0.03754168767063931,0.1436492544348265,0.9983078743290799,3.916542439213433e-05,0.25937664985708825,0.7406233501429118,0.6273990059895501,0.7406233501429118,0.0,0.016259170929745673,0.016259170929745673,0.7406233501429118,0.25937664985708825,0.0,0.0,0.1250034703890477,0.0002441272910256877,0.0,0.0,0.0,0.000274658203125,0.001220703125,1.125,8575
POOLED_PRIMARY,primary_pooled,5,6,mixed,549290,0.0004104189792963559,0.03762257033653671,0.14378497801476536,0.9982858183273086,3.921391283413873e-05,0.2596624733747201,0.7403375266252799,0.628352964736296,0.7403375266252799,0.0,0.015951501028600556,0.015951501028600556,0.7403375266252799,0.2596624733747201,0.0,0.0,0.12513500382311712,0.0002441311801015288,0.0,0.0,0.0,0.000274658203125,0.0013427734375,1.125,8586
POOLED_PRIMARY,primary_pooled,5,7,mixed,549290,0.0004176241589906829,0.0377157214810824,0.1440712550264194,0.9982507324259551,3.910478258812655e-05,0.2553969669937556,0.7446030330062444,0.6364525114238381,0.7446030330062444,0.0,0.015527317082051375,0.015527317082051375,0.7446030330062444,0.2553969669937556,0.0,0.0,0.12489918804274609,0.00024413729150642193,0.0,0.0,0.0,0.000274658203125,0.0013427734375,1.125,8585
POOLED_PRIMARY,primary_pooled,5,8,mixed,549290,0.00043514786248569174,0.03797405645508719,0.14478163364733124,0.9981656988148574,3.873766077350634e-05,0.24720275264432268,0.7527972473556773,0.6507145587940796,0.7527972473556773,0.0,0.014688051848750204,0.014688051848750204,0.7527972473556773,0.24720275264432268,0.0,0.0,0.12496137058748566,0.00024413940271902137,0.0,0.0,0.0,0.000274658203125,0.0013427734375,1.125,8580
POOLED_PRIMARY,primary_pooled,5,9,mixed,549290,0.0004743966936650608,0.03844750321419895,0.14610674018000794,0.9979867045175858,3.8307015071888966e-05,0.2355021937410111,0.7644978062589889,0.6760217735622349,0.7644978062589889,0.0,0.012940341167689199,0.012940341167689199,0.7644978062589889,0.2355021937410111,0.0,0.0,0.12494185676054544,0.0002441404027670948,0.0,0.0,0.0,0.000274658203125,0.0015121459728106856,1.125,8590
POOLED_PRIMARY,primary_pooled,5,10,mixed,549290,0.000682441916852323,0.041111347045909546,0.15265149651593918,0.9971240260113217,3.6648345060000754e-05,0.17818638606200732,0.8218136139379927,0.7674707349487521,0.8218136139379927,0.0,0.009521382147863605,0.009521382147863605,0.8218136139379927,0.17818638606200732,0.0,0.0,0.12499835014291176,0.000244140625,0.0,0.0,0.0,0.000518798828125,0.002166748046875,2.125,8576
POOLED_PRIMARY,primary_pooled,12,0,state,549290,0.0023342588770845093,0.06613555143166348,0.21143657732453486,0.9821741917329131,3.230398344393302e-05,0.051339001256167055,0.9486609987438329,0.9093921243787435,0.9486609987438329,0.0,0.008192393817473467,0.008192393817473467,0.9486609987438329,0.051339001256167055,0.0,0.0,0.12517067487119737,0.00024421173952966557,0.0,0.0,0.0,0.001617431640625,0.00750732421875,6.625,8575
POOLED_PRIMARY,primary_pooled,12,1,mixed,549290,0.0005205873585460891,0.03837629973581308,0.14633369492330794,0.9982711210745714,3.8915023466194715e-05,0.254776165595587,0.745223834404413,0.6833566968268128,0.745223834404413,0.0,0.003784885943672741,0.003784885943672741,0.745223834404413,0.254776165595587,0.0,0.0,0.12511224717362412,0.000244140625,0.0,0.0,0.0,0.000274658203125,0.0016677856910973787,1.125,8588
POOLED_PRIMARY,primary_pooled,12,2,mixed,549290,0.0004458450433777297,0.03741872425965152,0.14347406790230413,0.9986666168418091,3.980506625154034e-05,0.28245189244297186,0.7175481075570281,0.6290538695406798,0.7175481075570281,0.0,0.005787471099055144,0.005787471099055144,0.7175481075570281,0.28245189244297186,0.0,0.0,0.12514666660598228,0.000244140625,0.0,0.0,0.0,0.000274658203125,0.00140380859375,1.125,8580
POOLED_PRIMARY,primary_pooled,12,3,mixed,549290,0.0004163641817555105,0.03701157540977614,0.14231043129833298,0.9988068349142789,4.024193447450345e-05,0.2962788326749076,0.7037211673250924,0.6005425185239127,0.7037211673250924,0.0,0.0071911012397822644,0.0071911012397822644,0.7037211673250924,0.2962788326749076,0.0,0.0,0.12500068269948478,0.000244140625,0.0,0.0,0.0,0.000274658203125,0.0013427734375,1.125,8579
POOLED_PRIMARY,primary_pooled,12,4,mixed,549290,0.00040298664979379633,0.036832539581102705,0.14179911032967701,0.998866707549693,4.0484307236742545e-05,0.3015620164211983,0.6984379835788017,0.5866573212692748,0.6984379835788017,0.0,0.00782282582970744,0.00782282582970744,0.6984379835788017,0.3015620164211983,0.0,0.0,0.12506889575634,0.000244140625,0.0,0.0,0.0,0.000274658203125,0.001312255859375,1.125,8591
POOLED_PRIMARY,primary_pooled,12,5,mixed,549290,0.0004008479914305569,0.03679509494776424,0.14168389395776465,0.998880146166948,4.054336563130075e-05,0.3025177956999035,0.6974822043000964,0.5830198984143167,0.6974822043000964,0.0,0.008217881264905606,0.008217881264905606,0.6974822043000964,0.3025177956999035,0.0,0.0,0.12516509949207158,0.000244140625,0.0,0.0,0.0,0.000274658203125,0.001312255859375,1.125,8575
POOLED_PRIMARY,primary_pooled,12,6,mixed,549290,0.0004069988426643656,0.03686122990472289,0.14188001005194986,0.9988513653503709,4.044659709064059e-05,0.2989513735913634,0.7010486264086366,0.5882357224781081,0.7010486264086366,0.0,0.007831928489504633,0.007831928489504633,0.7010486264086366,0.2989513735913634,0.0,0.0,0.12482790283820933,0.000244140625,0.0,0.0,0.0,0.000274658203125,0.0013427734375,1.125,8589
POOLED_PRIMARY,primary_pooled,12,7,mixed,549290,0.00042055093857311826,0.03703461746187763,0.14235667363236448,0.9987838937827189,4.033671680857334e-05,0.291348832128748,0.7086511678712519,0.5985981903912323,0.7086511678712519,0.0,0.007391359755320505,0.007391359755320505,0.7086511678712519,0.291348832128748,0.0,0.0,0.12502178949188952,0.000244140625,0.0,0.0,0.0,0.000274658203125,0.001373291015625,1.125,8574
POOLED_PRIMARY,primary_pooled,12,8,mixed,549290,0.00043650392767325205,0.03728589537441942,0.14308619897923627,0.9986742257826662,4.003275775247934e-05,0.28320741320613885,0.7167925867938612,0.6140545067268656,0.7167925867938612,0.0,0.006867046551002203,0.006867046551002203,0.7167925867938612,0.28320741320613885,0.0,0.0,0.12527558302536002,0.000244140625,0.0,0.0,0.0,0.000274658203125,0.001373291015625,1.125,8582
POOLED_PRIMARY,primary_pooled,12,9,mixed,549290,0.0004689213749048488,0.03771622778319868,0.14433436936906266,0.9984887959856033,3.952444165049285e-05,0.2693422418030548,0.7306577581969451,0.6402719874747401,0.7306577581969451,0.0,0.006191629194050502,0.006191629194050502,0.7306577581969451,0.2693422418030548,0.0,0.0,0.12515241265997926,0.000244140625,0.0,0.0,0.0,0.000274658203125,0.001495361328125,1.125,8591
POOLED_PRIMARY,primary_pooled,12,10,mixed,549290,0.0005601890400206972,0.038945281920752244,0.14780341346320008,0.9979844699232957,3.8471641041197783e-05,0.2363323563145151,0.7636676436854849,0.703063955287735,0.7636676436854849,0.0,0.003721167325092392,0.003721167325092392,0.7636676436854849,0.2363323563145151,0.0,0.0,0.12496614948387919,0.000244140625,0.0,0.0,0.0,0.000274658203125,0.00174713134765625,1.125,8576
POOLED_PRIMARY,primary_pooled,13,0,state,549290,0.0021717841222980744,0.061418454675581206,0.20346462604842372,0.9843002629915103,3.267552908232246e-05,0.06124269511551275,0.9387573048844873,0.916783484134064,0.9387573048844873,0.0,0.003914143712792878,0.003914143712792878,0.9387573048844873,0.06124269511551275,0.0,0.0,0.12545740865480892,0.0002441495143162082,0.0,0.0,0.0,0.00146484375,0.00653076171875,6.0,8577
POOLED_PRIMARY,primary_pooled,13,1,mixed,549290,0.0005188371633011479,0.038620424137811,0.14692041351641152,0.9980648319877783,3.9867472029233195e-05,0.2719710899524841,0.7280289100475159,0.6771031695461414,0.7280289100475159,0.0,0.0031768282692202663,0.0031768282692202663,0.7280289100475159,0.2719710899524841,0.0,0.0,0.12476577718509349,0.000244140625,0.0,0.0,0.0,0.000274658203125,0.001678466796875,1.125,8588
POOLED_PRIMARY,primary_pooled,13,2,mixed,549290,0.0004521326789646919,0.03768793703434206,0.14421792660486293,0.9984759001779705,4.089797990022489e-05,0.3018187114274791,0.6981812885725209,0.6290829980520308,0.6981812885725209,0.0,0.0045258424511642305,0.0045258424511642305,0.6981812885725209,0.3018187114274791,0.0,0.0,0.1250715127710317,0.000244140625,0.0,0.0,0.0,0.000274658203125,0.00140380859375,1.125,8580
POOLED_PRIMARY,primary_pooled,13,3,mixed,549290,0.00042884517061940187,0.037329163676597006,0.14312101204162775,0.9986413865085163,4.1264053053323667e-05,0.3141255074732837,0.6858744925267163,0.6049482058657539,0.6858744925267163,0.0,0.0055162118370988,0.0055162118370988,0.6858744925267163,0.3141255074732837,0.0,0.0,0.12499726920206085,0.000244140625,0.0,0.0,0.0,0.000274658203125,0.001373291015625,1.125,8582
POOLED_PRIMARY,primary_pooled,13,4,mixed,549290,0.00041451087044255423,0.03714227602603332,0.14254553121095812,0.9987298661427985,4.141108789922986e-05,0.3196180523949098,0.6803819476050902,0.5921316608713066,0.6803819476050902,0.0,0.006129731107429591,0.006129731107429591,0.6803819476050902,0.3196180523949098,0.0,0.0,0.1251644167925868,0.000244140625,0.0,0.0,0.0,0.000274658203125,0.001373291015625,1.125,8586
POOLED_PRIMARY,primary_pooled,13,5,mixed,549290,0.0004118874109966104,0.03709272419957752,0.1423613239114641,0.9987619240082914,4.1431324983160076e-05,0.31928671557829197,0.680713284421708,0.5880354639625699,0.680713284421708,0.0,0.00643193941269639,0.00643193941269639,0.680713284421708,0.31928671557829197,0.0,0.0,0.12497257823736095,0.000244140625,0.0,0.0,0.0,0.000274658203125,0.0013427734375,1.125,8576
POOLED_PRIMARY,primary_pooled,13,6,mixed,549290,0.00041895858424909884,0.037174696695642044,0.1425484130717146,0.998743898479892,4.1346765362729614e-05,0.3164175572102168,0.6835824427897832,0.5924010996013035,0.6835824427897832,0.0,0.0063190664312111995,0.0063190664312111995,0.6835824427897832,0.3164175572102168,0.0,0.0,0.12497917766571393,0.000244140625,0.0,0.0,0.0,0.000274658203125,0.0013427734375,1.125,8590
POOLED_PRIMARY,primary_pooled,13,7,mixed,549290,0.00042847854188404007,0.037338087661138414,0.1429748211807373,0.9986882552510237,4.105719588724763e-05,0.31134373463926157,0.6886562653607384,0.6005880318228987,0.6886562653607384,0.0,0.006058730361011487,0.006058730361011487,0.6886562653607384,0.31134373463926157,0.0,0.0,0.12534317027435415,0.000244140625,0.0,0.0,0.0,0.000274658203125,0.00140380859375,1.125,8574
POOLED_PRIMARY,primary_pooled,13,8,mixed,549290,0.00044745906541000655,0.03761727763766635,0.14377416382824873,0.9985843480379895,4.06091465712414e-05,0.3009539587467458,0.6990460412532542,0.6183582442789783,0.6990460412532542,0.0,0.0053796719401409095,0.0053796719401409095,0.6990460412532542,0.3009539587467458,0.0,0.0,0.1253495421362122,0.000244140625,0.0,0.0,0.0,0.000274658203125,0.00140380859375,1.125,8583
POOLED_PRIMARY,primary_pooled,13,9,mixed,549290,0.0004905343027511936,0.03818628143475555,0.14536950296241796,0.9983621699362003,3.9931530664158504e-05,0.28201860583662547,0.7179813941633746,0.6504778896393526,0.7179813941633746,0.0,0.0044238926614356714,0.0044238926614356714,0.7179813941633746,0.28201860583662547,0.0,0.0,0.12480946995212001,0.000244140625,0.0,0.0,0.0,0.000274658203125,0.001617431640625,1.125,8591
POOLED_PRIMARY,primary_pooled,13,10,mixed,549290,0.000596832412619444,0.039514403556839425,0.14915742705213775,0.9978016375876843,3.843770190970602e-05,0.23581350470607512,0.7641864952939249,0.7185639643903948,0.7641864952939249,0.0,0.0027362595350361374,0.0027362595350361374,0.7641864952939249,0.23581350470607512,0.0,0.0,0.1251346624733747,0.000244140625,0.0,0.0,0.0,0.000518798828125,0.001922607421875,2.125,8576
POOLED_PRIMARY,primary_pooled,14,0,state,549290,0.002111017034489978,0.061247654798374664,0.20178291492892386,0.985307226360466,3.2582538501050786e-05,0.06998124852081779,0.9300187514791822,0.9199512097434871,0.9300187514791822,0.0,0.002421307506053269,0.002421307506053269,0.9300187514791822,0.06998124852081779,0.0,0.0,0.12531574851171512,0.0002441495143162082,0.0,0.0,0.0,0.001434326171875,0.006591796875,5.875,8579
POOLED_PRIMARY,primary_pooled,14,1,mixed,549290,0.0004949667380455054,0.038113708279416667,0.1454795614752752,0.9983283348895732,4.2092384538805206e-05,0.3343898487137942,0.6656101512862058,0.6277776766371134,0.6656101512862058,0.0,0.0023867173988239366,0.0023867173988239366,0.6656101512862058,0.3343898487137942,0.0,0.0,0.12484764423164449,0.000244140625,0.0,0.0,0.0,0.00048828125,0.001678466796875,2.0,8584
POOLED_PRIMARY,primary_pooled,14,2,mixed,549290,0.0004340964786111674,0.03728730060863726,0.14317000161883336,0.9986466125146191,4.314994926600561e-05,0.36252252908299804,0.6374774709170019,0.5877023066139926,0.6374774709170019,0.0,0.0033497788053669284,0.0033497788053669284,0.6374774709170019,0.36252252908299804,0.0,0.0,0.12484076034517286,0.000244140625,0.0,0.0,0.0,0.000274658203125,0.001373291015625,1.125,8581
POOLED_PRIMARY,primary_pooled,14,3,mixed,549290,0.0004087558715711418,0.03697199884061982,0.14217786614800115,0.9987743010318711,4.3868171291736404e-05,0.3787198019261228,0.6212801980738771,0.5663929800287644,0.6212801980738771,0.0,0.003788527007591618,0.003788527007591618,0.6212801980738771,0.3787198019261228,0.0,0.0,0.12506929399770614,0.0002441405138835474,0.0,0.0,0.0,0.000274658203125,0.0013427734375,1.125,8584
POOLED_PRIMARY,primary_pooled,14,4,mixed,549290,0.00039666384584958537,0.036841399451450964,0.14174688181899447,0.9988267161809744,4.427614923702288e-05,0.38880554898141234,0.6111944510185876,0.5541972364324855,0.6111944510185876,0.0,0.004092555844817856,0.004092555844817856,0.6111944510185876,0.38880554898141234,0.0,0.0,0.1252688698137596,0.000244140625,0.0,0.0,0.0,0.000274658203125,0.001190185546875,1.125,8586
POOLED_PRIMARY,primary_pooled,14,5,mixed,549290,0.0003944930748315439,0.036789861140613764,0.14160919953378737,0.9988362103037086,4.435093755440262e-05,0.39179486245881046,0.6082051375411895,0.5489322580057893,0.6082051375411895,0.0,0.004361994574814761,0.004361994574814761,0.6082051375411895,0.39179486245881046,0.0,0.0,0.12492928371170056,0.000244140625,0.0,0.0,0.0,0.000274658203125,0.001220703125,1.125,8578
POOLED_PRIMARY,primary_pooled,14,6,mixed,549290,0.0003989338160806877,0.036870278228574756,0.14180439113908694,0.9988012501972476,4.433955506278915e-05,0.3890622439876932,0.6109377560123068,0.5527553751206102,0.6109377560123068,0.0,0.00409983797265561,0.00409983797265561,0.6109377560123068,0.3890622439876932,0.0,0.0,0.12504204290993828,0.0002441405138835474,0.0,0.0,0.0,0.000274658203125,0.00128173828125,1.125,8590
POOLED_PRIMARY,primary_pooled,14,7,mixed,549290,0.00040999398664426465,0.037052941953867435,0.14228231905805747,0.9987322658612372,4.396723160923149e-05,0.3826903821296583,0.6173096178703417,0.5611498479855814,0.6173096178703417,0.0,0.00402519616231863,0.00402519616231863,0.6173096178703417,0.3826903821296583,0.0,0.0,0.12466809426714485,0.000244140625,0.0,0.0,0.0,0.000274658203125,0.001312255859375,1.125,8574
POOLED_PRIMARY,primary_pooled,14,8,mixed,549290,0.0004305342795945249,0.037358717375053904,0.1431087546190665,0.9986131916252706,4.344318558442347e-05,0.37027071310236853,0.6297292868976315,0.577023066139926,0.6297292868976315,0.0,0.0037794243477944256,0.0037794243477944256,0.6297292868976315,0.37027071310236853,0.0,0.0,0.12517556755083836,0.0002441405138835474,0.0,0.0,0.0,0.000274658203125,0.00140380859375,1.125,8586
POOLED_PRIMARY,primary_pooled,14,9,mixed,549290,0.0004667469926020977,0.03788151672882195,0.14449596755393362,0.9984025893549011,4.2898749690562906e-05,0.35481621729869467,0.6451837827013053,0.5996522783957472,0.6451837827013053,0.0,0.0031349560341531794,0.0031349560341531794,0.6451837827013053,0.35481621729869467,0.0,0.0,0.12493764678038922,0.00024413984718483177,0.0,0.0,0.0,0.000274658203125,0.00164794921875,1.125,8580
POOLED_PRIMARY,primary_pooled,14,10,mixed,549290,0.0005537923991937319,0.03910590847558254,0.14785876209609258,0.99789555019939,4.125777497375163e-05,0.3100347721604253,0.6899652278395747,0.6584918713248011,0.6899652278395747,0.0,0.0021318429245025397,0.0021318429245025397,0.6899652278395747,0.3100347721604253,0.0,0.0,0.12521334358899672,0.00024413829155449534,0.0,0.0,0.0,0.000518798828125,0.00177001953125,2.125,8578
POOLED_PRIMARY,primary_pooled,15,0,state,549290,0.0017272924773130427,0.05561993093410215,0.1907801804596971,0.9878918014925362,3.3235764346787445e-05,0.0870214276611626,0.9129785723388374,0.9030748784794917,0.9129785723388374,0.0,0.002057201114165559,0.002057201114165559,0.9129785723388374,0.0870214276611626,0.0,0.0,0.1256326348559049,0.0002441717376067287,0.0,0.0,0.0,0.001251220703125,0.0050048828125,5.125,8580
POOLED_PRIMARY,primary_pooled,15,1,mixed,549290,0.0005082100691115889,0.03864834842460694,0.1465699123340969,0.9978799103981968,4.5858041252551946e-05,0.39079356988111924,0.6092064301188808,0.6067396093138415,0.6092064301188808,0.0,0.00019843798357880172,0.00019843798357880172,0.6092064301188808,0.39079356988111924,0.0,0.0,0.12504722004769794,0.0002441404027670948,0.0,0.0,0.0,0.000518798828125,0.001678466796875,2.125,8584
POOLED_PRIMARY,primary_pooled,15,2,mixed,549290,0.00044353537679393514,0.037848238740223174,0.14424783832053012,0.9981791760197962,4.750946352019971e-05,0.4270476433213785,0.5729523566786215,0.5684665659305649,0.5729523566786215,0.0,0.0003113109650639917,0.0003113109650639917,0.5729523566786215,0.4270476433213785,0.0,0.0,0.12510024304101658,0.00024413906936966357,0.0,0.0,0.0,0.000518798828125,0.0015869140625,2.125,8582
POOLED_PRIMARY,primary_pooled,15,3,mixed,549290,0.00042116821824643804,0.03753150662566961,0.14332314078595884,0.9983143723266672,4.807962721332418e-05,0.44115676600702725,0.5588432339929728,0.5523876276648036,0.5588432339929728,0.0,0.0004478508620218828,0.0004478508620218828,0.5588432339929728,0.44115676600702725,0.0,0.0,0.12501604343789255,0.00024413484694446467,0.0,0.0,0.0,0.000518798828125,0.0013427734375,2.125,8584
POOLED_PRIMARY,primary_pooled,15,4,mixed,549290,0.00040820503953647834,0.037355161926361756,0.14283155154360666,0.9983815016553196,4.844329052835713e-05,0.44947659706166143,0.5505234029383386,0.5437382803255111,0.5505234029383386,0.0,0.0005006462888456006,0.0005006462888456006,0.5505234029383386,0.44947659706166143,0.0,0.0,0.12533207640772634,0.00024413040228636056,0.0,0.0,0.0,0.000518798828125,0.00115966796875,2.125,8586
POOLED_PRIMARY,primary_pooled,15,5,mixed,549290,0.0004061506352234248,0.037382768864569066,0.14272630517874138,0.9984042591169175,4.849347870484743e-05,0.44982249813395475,0.5501775018660453,0.5427806805148464,0.5501775018660453,0.0,0.0005042873527644777,0.0005042873527644777,0.5501775018660453,0.44982249813395475,0.0,0.0,0.12493110424366,0.00024412573539535126,0.0,0.0,0.0,0.00048828125,0.00115966796875,2.0,8580
POOLED_PRIMARY,primary_pooled,15,6,mixed,549290,0.00040826112556592944,0.037531361618698966,0.14294055681138876,0.9983793554448355,4.840881317654808e-05,0.4484024832055927,0.5515975167944073,0.5444082360865845,0.5515975167944073,0.0,0.0005224926723588633,0.0005224926723588633,0.5515975167944073,0.4484024832055927,0.0,0.0,0.12503834495439567,0.0002441271799092351,0.0,0.0,0.0,0.000518798828125,0.00140380859375,2.125,8585
POOLED_PRIMARY,primary_pooled,15,7,mixed,549290,0.00041973170474719356,0.03779718428597883,0.14345940519745162,0.9983145536857542,4.796612870176906e-05,0.44101840557810995,0.5589815944218901,0.5520417265925104,0.5589815944218901,0.0,0.0005224926723588633,0.0005224926723588633,0.5589815944218901,0.44101840557810995,0.0,0.0,0.12506229632798704,0.00024412795772440333,0.0,0.0,0.0,0.000518798828125,0.001373291015625,2.125,8575
POOLED_PRIMARY,primary_pooled,15,8,mixed,549290,0.0004380876704721948,0.038175655979533665,0.14429895247208863,0.9981983895087312,4.751709669963513e-05,0.4314023557683555,0.5685976442316445,0.562821096324346,0.5685976442316445,0.0,0.0004314660743869359,0.0004314660743869359,0.5685976442316445,0.4314023557683555,0.0,0.0,0.12520782510149467,0.00024412929112183456,0.0,0.0,0.0,0.000518798828125,0.001556396484375,2.125,8588
POOLED_PRIMARY,primary_pooled,15,9,mixed,549290,0.00046915102483326485,0.038824105317880525,0.14569721691043602,0.9979932844858019,4.6586788089777686e-05,0.41523967303246007,0.5847603269675399,0.5797720693986783,0.5847603269675399,0.0,0.0003495421362122012,0.0003495421362122012,0.5847603269675399,0.41523967303246007,0.0,0.0,0.12501695370387228,0.00024412573539535126,0.0,0.0,0.0,0.000518798828125,0.00164794921875,2.125,8580
POOLED_PRIMARY,primary_pooled,15,10,mixed,549290,0.0005523446629327746,0.040453988223718346,0.14925041474438167,0.9974633948614007,4.4619012941084315e-05,0.37022155873946366,0.6297784412605363,0.6262793788344955,0.6297784412605363,0.0,0.0002512334104025196,0.0002512334104025196,0.6297784412605363,0.37022155873946366,0.0,0.0,0.12515013699502994,0.0002441272910256877,0.0,0.0,0.0,0.000518798828125,0.001739501953125,2.125,8579
