source,run_id,suite,task,episode,init_state_id,noise_seed,length,checkpoint,global_row,failure,action_steps,primary_failure_reason,historical_a,historical_b,release_query,v82_first,alarm_group,front_entropy_q0,front_entropy_q4,front_entropy_q6,front_entropy_q8,front_entropy_q9,front_entropy_q10,front_entropy_q12,front_top1_probability_q0,front_top1_probability_q4,front_top1_probability_q6,front_top1_probability_q8,front_top1_probability_q9,front_top1_probability_q10,front_top1_probability_q12,front_top4_mass_q0,front_top4_mass_q4,front_top4_mass_q6,front_top4_mass_q8,front_top4_mass_q9,front_top4_mass_q10,front_top4_mass_q12,front_token_js_q0,front_token_js_q4,front_token_js_q6,front_token_js_q8,front_token_js_q9,front_token_js_q10,front_token_js_q12,front_token_top1_agreement_q0,front_token_top1_agreement_q4,front_token_top1_agreement_q6,front_token_top1_agreement_q8,front_token_top1_agreement_q9,front_token_top1_agreement_q10,front_token_top1_agreement_q12,front_mobility_q0,front_mobility_q4,front_mobility_q6,front_mobility_q8,front_mobility_q9,front_mobility_q10,front_mobility_q12,front_top1_switch_q0,front_top1_switch_q4,front_top1_switch_q6,front_top1_switch_q8,front_top1_switch_q9,front_top1_switch_q10,front_top1_switch_q12,front_top4_turnover_q0,front_top4_turnover_q4,front_top4_turnover_q6,front_top4_turnover_q8,front_top4_turnover_q9,front_top4_turnover_q10,front_top4_turnover_q12,front_lag1_similarity_q0,front_lag1_similarity_q4,front_lag1_similarity_q6,front_lag1_similarity_q8,front_lag1_similarity_q9,front_lag1_similarity_q10,front_lag1_similarity_q12,front_recurrence_excess_q0,front_recurrence_excess_q4,front_recurrence_excess_q6,front_recurrence_excess_q8,front_recurrence_excess_q9,front_recurrence_excess_q10,front_recurrence_excess_q12,front_flow_path_q0,front_flow_path_q4,front_flow_path_q6,front_flow_path_q8,front_flow_path_q9,front_flow_path_q10,front_flow_path_q12,front_flow_acceleration_q0,front_flow_acceleration_q4,front_flow_acceleration_q6,front_flow_acceleration_q8,front_flow_acceleration_q9,front_flow_acceleration_q10,front_flow_acceleration_q12,front_flow_efficiency_q0,front_flow_efficiency_q4,front_flow_efficiency_q6,front_flow_efficiency_q8,front_flow_efficiency_q9,front_flow_efficiency_q10,front_flow_efficiency_q12,front_flow_top4_turnover_q0,front_flow_top4_turnover_q4,front_flow_top4_turnover_q6,front_flow_top4_turnover_q8,front_flow_top4_turnover_q9,front_flow_top4_turnover_q10,front_flow_top4_turnover_q12,front_flow_entropy_change_q0,front_flow_entropy_change_q4,front_flow_entropy_change_q6,front_flow_entropy_change_q8,front_flow_entropy_change_q9,front_flow_entropy_change_q10,front_flow_entropy_change_q12,front_flow_curvature_q0,front_flow_curvature_q4,front_flow_curvature_q6,front_flow_curvature_q8,front_flow_curvature_q9,front_flow_curvature_q10,front_flow_curvature_q12,front_relative_mobility_q0,front_relative_mobility_q4,front_relative_mobility_q6,front_relative_mobility_q8,front_relative_mobility_q9,front_relative_mobility_q10,front_relative_mobility_q12,front_relative_acceleration_q0,front_relative_acceleration_q4,front_relative_acceleration_q6,front_relative_acceleration_q8,front_relative_acceleration_q9,front_relative_acceleration_q10,front_relative_acceleration_q12,back_entropy_q0,back_entropy_q4,back_entropy_q6,back_entropy_q8,back_entropy_q9,back_entropy_q10,back_entropy_q12,back_top1_probability_q0,back_top1_probability_q4,back_top1_probability_q6,back_top1_probability_q8,back_top1_probability_q9,back_top1_probability_q10,back_top1_probability_q12,back_top4_mass_q0,back_top4_mass_q4,back_top4_mass_q6,back_top4_mass_q8,back_top4_mass_q9,back_top4_mass_q10,back_top4_mass_q12,back_token_js_q0,back_token_js_q4,back_token_js_q6,back_token_js_q8,back_token_js_q9,back_token_js_q10,back_token_js_q12,back_token_top1_agreement_q0,back_token_top1_agreement_q4,back_token_top1_agreement_q6,back_token_top1_agreement_q8,back_token_top1_agreement_q9,back_token_top1_agreement_q10,back_token_top1_agreement_q12,back_mobility_q0,back_mobility_q4,back_mobility_q6,back_mobility_q8,back_mobility_q9,back_mobility_q10,back_mobility_q12,back_top1_switch_q0,back_top1_switch_q4,back_top1_switch_q6,back_top1_switch_q8,back_top1_switch_q9,back_top1_switch_q10,back_top1_switch_q12,back_top4_turnover_q0,back_top4_turnover_q4,back_top4_turnover_q6,back_top4_turnover_q8,back_top4_turnover_q9,back_top4_turnover_q10,back_top4_turnover_q12,back_lag1_similarity_q0,back_lag1_similarity_q4,back_lag1_similarity_q6,back_lag1_similarity_q8,back_lag1_similarity_q9,back_lag1_similarity_q10,back_lag1_similarity_q12,back_recurrence_excess_q0,back_recurrence_excess_q4,back_recurrence_excess_q6,back_recurrence_excess_q8,back_recurrence_excess_q9,back_recurrence_excess_q10,back_recurrence_excess_q12,back_flow_path_q0,back_flow_path_q4,back_flow_path_q6,back_flow_path_q8,back_flow_path_q9,back_flow_path_q10,back_flow_path_q12,back_flow_acceleration_q0,back_flow_acceleration_q4,back_flow_acceleration_q6,back_flow_acceleration_q8,back_flow_acceleration_q9,back_flow_acceleration_q10,back_flow_acceleration_q12,back_flow_efficiency_q0,back_flow_efficiency_q4,back_flow_efficiency_q6,back_flow_efficiency_q8,back_flow_efficiency_q9,back_flow_efficiency_q10,back_flow_efficiency_q12,back_flow_top4_turnover_q0,back_flow_top4_turnover_q4,back_flow_top4_turnover_q6,back_flow_top4_turnover_q8,back_flow_top4_turnover_q9,back_flow_top4_turnover_q10,back_flow_top4_turnover_q12,back_flow_entropy_change_q0,back_flow_entropy_change_q4,back_flow_entropy_change_q6,back_flow_entropy_change_q8,back_flow_entropy_change_q9,back_flow_entropy_change_q10,back_flow_entropy_change_q12,back_flow_curvature_q0,back_flow_curvature_q4,back_flow_curvature_q6,back_flow_curvature_q8,back_flow_curvature_q9,back_flow_curvature_q10,back_flow_curvature_q12,back_relative_mobility_q0,back_relative_mobility_q4,back_relative_mobility_q6,back_relative_mobility_q8,back_relative_mobility_q9,back_relative_mobility_q10,back_relative_mobility_q12,back_relative_acceleration_q0,back_relative_acceleration_q4,back_relative_acceleration_q6,back_relative_acceleration_q8,back_relative_acceleration_q9,back_relative_acceleration_q10,back_relative_acceleration_q12,front_back_path_ratio_q0,front_back_path_ratio_q4,front_back_path_ratio_q6,front_back_path_ratio_q8,front_back_path_ratio_q9,front_back_path_ratio_q10,front_back_path_ratio_q12,v7_relative_acceleration_q0,v7_relative_acceleration_q4,v7_relative_acceleration_q6,v7_relative_acceleration_q8,v7_relative_acceleration_q9,v7_relative_acceleration_q10,v7_relative_acceleration_q12,v7_relative_freeze_q0,v7_relative_freeze_q4,v7_relative_freeze_q6,v7_relative_freeze_q8,v7_relative_freeze_q9,v7_relative_freeze_q10,v7_relative_freeze_q12,v7_recurrence_excess_q0,v7_recurrence_excess_q4,v7_recurrence_excess_q6,v7_recurrence_excess_q8,v7_recurrence_excess_q9,v7_recurrence_excess_q10,v7_recurrence_excess_q12
cache_new/HiMoE-VLA/libero_spatial/pick_up_the_black_bowl_next_to_the_plate_and_place_it_on_the_plate/right-50x8b-20260903,right-50x8b-20260903,libero_spatial,libero_spatial/pick_up_the_black_bowl_next_to_the_plate_and_place_it_on_the_plate,0,0,1008,10,1029d0827030a7521361d1904eeb3e7e7f2792be5c99abdb5701abb7ee87c137,27600,False,95,,False,True,-1,-1,success_no_alarm,0.9950552,0.99686915,0.9969,0.99704784,0.9968692,,,0.045376264,0.041264065,0.040401638,0.040109165,0.039944764,,,0.16165149,0.15273103,0.15297389,0.15236014,0.15084901,,,0.0032950672,0.0015276703,0.0017191214,0.0017817747,0.0017171779,,,0.35,0.45000002,0.40000004,0.25,0.375,,,,0.0508108,0.06267146,0.058202576,0.054522168,,,,0.775,0.975,0.925,0.875,,,,0.66875005,0.80625004,0.8125,0.8125,,,,0.8959745,0.8718445,0.87854624,0.88597846,,,,-0.02917631,0.002581656,0.008306518,-0.0017365068,,,0.11401953,0.106725775,0.09978469,0.10200064,0.107401356,,,0.013688007,0.013069887,0.012989852,0.012711862,0.013448032,,,0.52438843,0.5060592,0.46755266,0.5092258,0.47466478,,,0.20069444,0.23055556,0.20694444,0.20625001,0.22708333,,,-0.0024744691,-0.00083745236,-0.0010355419,-0.00056847144,-0.0008842144,,,0.015424369,0.014142474,0.011557932,0.012641186,0.011000854,,,,,0.12599331,0.058266357,-0.004239727,,,,,,-0.040236108,0.015314413,,,0.99464864,0.993078,0.99412274,0.9941198,0.99479777,,,0.045461625,0.046811022,0.04460856,0.046000987,0.04349535,,,0.16670892,0.17017488,0.16598982,0.16631508,0.16203544,,,0.0031235144,0.0026661782,0.0026705465,0.0031937351,0.0018962636,,,0.375,0.42499998,0.5,0.525,0.47500002,,,,0.081544295,0.090069495,0.0928877,0.08741824,,,,0.95,0.95,0.95,1.0,,,,0.825,0.7625,0.88125,0.82500005,,,,0.83571863,0.81497866,0.8108758,0.81980765,,,,-0.010522887,0.010581031,0.0074635893,0.0037971437,,,0.10314156,0.098456725,0.087093845,0.08821754,0.082708076,,,0.009975089,0.009805743,0.008574297,0.008929013,0.008471147,,,0.5990836,0.61551845,0.64382184,0.6304198,0.6382127,,,0.15486111,0.14097223,0.12638889,0.14166667,0.14166667,,,-0.003322447,-0.004402911,-0.004117265,-0.004049022,-0.0033538854,,,0.020191256,0.012155915,0.011760853,0.013968929,0.011828756,,,,,0.120385334,0.15087,0.09160016,,,,,,-0.041323796,-0.093757525,,,1.1054664,1.0839866,1.1457145,1.1562399,1.2985594,,,,,,-0.04311352,-0.09575347,,,,,-0.12871756,-0.14385587,-0.087483704,,,,-0.013039887,0.0068879724,0.0017284155,0.0034309626,,
cache_new/HiMoE-VLA/libero_spatial/pick_up_the_black_bowl_next_to_the_plate_and_place_it_on_the_plate/right-50x8b-20260903,right-50x8b-20260903,libero_spatial,libero_spatial/pick_up_the_black_bowl_next_to_the_plate_and_place_it_on_the_plate,1,0,1009,10,1029d0827030a7521361d1904eeb3e7e7f2792be5c99abdb5701abb7ee87c137,27601,False,95,,False,True,-1,-1,success_no_alarm,0.9955504,0.99676794,0.99724853,0.99719954,0.9966144,,,0.043468375,0.041554578,0.04029084,0.03952045,0.040595714,,,0.15787025,0.15309337,0.1522774,0.15052795,0.15237921,,,0.0027886815,0.0016935305,0.001425805,0.001607281,0.00169826,,,0.325,0.45,0.4,0.3,0.3,,,,0.05286099,0.060638826,0.054991324,0.056131456,,,,0.825,0.95,0.95,0.975,,,,0.6625,0.78125,0.80625,0.8125,,,,0.8922785,0.8735765,0.88569427,0.88337713,,,,-0.021090671,0.0010640621,0.00029346347,0.00057700276,,,0.10859294,0.1082039,0.09994493,0.104111746,0.10599537,,,0.013315991,0.013184482,0.012622191,0.012972871,0.013601469,,,0.5240018,0.49462998,0.48152208,0.50754136,0.468368,,,0.2,0.2236111,0.20069444,0.23749998,0.22222222,,,-0.0018022922,-0.0012469258,-0.0005668376,-0.0007883685,-0.0012339756,,,0.013473878,0.013449125,0.011158106,0.00996403,0.010175291,,,,,0.17581421,0.07852825,0.10352521,,,,,,-0.007072874,0.03709959,,,0.99531084,0.99337447,0.99345076,0.994449,0.99487376,,,0.044896636,0.046879593,0.047905874,0.04479508,0.043071322,,,0.16322467,0.16998678,0.17215775,0.16478205,0.1618385,,,0.002621394,0.002743622,0.0030960834,0.0031711021,0.0020984462,,,0.375,0.375,0.525,0.425,0.4,,,,0.080579616,0.095852196,0.08705779,0.090876356,,,,0.975,0.9,1.0,0.95000005,,,,0.79999995,0.79999995,0.90625,0.82500005,,,,0.83466154,0.8057064,0.82167214,0.81922156,,,,-0.009374514,0.00579682,0.009370491,0.0056417137,,,0.09433126,0.09940243,0.08759289,0.0876829,0.08049746,,,0.009499522,0.009854097,0.0086419955,0.008871979,0.0082032485,,,0.58208764,0.6055233,0.64472115,0.62583566,0.64773357,,,0.13958333,0.14444444,0.1201389,0.15486111,0.123611115,,,-0.0026966364,-0.004233869,-0.00453004,-0.0038190982,-0.0030325183,,,0.0162214,0.011902491,0.01186715,0.012131848,0.011453275,,,,,0.22352372,0.12514897,0.17059557,,,,,,-0.045322664,-0.123780385,,,1.1511873,1.0885439,1.1410164,1.1873666,1.3167542,,,,,,-0.04874679,-0.12711444,,,,,-0.20562077,-0.12654568,-0.16520488,,,,-0.016918242,0.0014347434,0.005735278,-0.0032132268,,
cache_new/HiMoE-VLA/libero_spatial/pick_up_the_black_bowl_next_to_the_plate_and_place_it_on_the_plate/right-50x8b-20260903,right-50x8b-20260903,libero_spatial,libero_spatial/pick_up_the_black_bowl_next_to_the_plate_and_place_it_on_the_plate,2,0,1010,14,1029d0827030a7521361d1904eeb3e7e7f2792be5c99abdb5701abb7ee87c137,27602,False,140,,False,True,-1,-1,success_no_alarm,0.99464166,0.99718857,0.9972526,0.9948985,0.9950077,0.996471,0.99705946,0.046125025,0.040459517,0.040222004,0.045472533,0.045061633,0.042450435,0.040432245,0.16290972,0.1507999,0.15218973,0.16351853,0.16350599,0.15679526,0.152814,0.0036910055,0.0013456782,0.0013083924,0.0026672273,0.002976865,0.002219935,0.0016856364,0.375,0.525,0.425,0.375,0.325,0.325,0.275,,0.045389015,0.059439268,0.07596979,0.07193177,0.06985849,0.055285025,,0.775,0.9,0.975,0.84999996,0.85,0.9,,0.6875,0.79375,0.8875,0.725,0.71875,0.74375004,,0.9055699,0.8770462,0.8494222,0.85379356,0.8617667,0.88578224,,-0.029462919,0.0036015809,0.006275356,0.005692944,0.029172137,-0.010841221,0.11625746,0.105763786,0.10293053,0.11676491,0.11565705,0.105822906,0.10067973,0.013536395,0.013076073,0.012994872,0.013918119,0.013808334,0.013055473,0.012728454,0.551204,0.5074771,0.4644144,0.5267564,0.5468981,0.5049219,0.47995624,0.20972222,0.24930556,0.21944444,0.20555556,0.21458332,0.19444445,0.22569445,-0.0028183484,-0.0005798395,-0.00049009896,-0.002375063,-0.0024038702,-0.0013180751,-0.0009633264,0.014785576,0.013758214,0.0101716705,0.011701299,0.014364144,0.010287493,0.009288562,,,0.092705905,0.3405223,0.28794608,0.25997943,0.02749549,,,,0.057061486,0.04850038,-0.0061452244,-0.031990185,0.9943007,0.99361646,0.9938931,0.9924952,0.9936625,0.9952649,0.9943428,0.046707146,0.046198808,0.045226514,0.04955989,0.04661868,0.0429175,0.04436306,0.1692227,0.16830893,0.16681002,0.17375982,0.16907085,0.16165875,0.16495436,0.0033911369,0.0022705493,0.0024056416,0.004163494,0.0029509128,0.0021790373,0.0030103673,0.35000002,0.4,0.5,0.35,0.42499998,0.375,0.39999998,,0.07406554,0.09199357,0.10068664,0.09367264,0.08751668,0.08949496,,0.875,0.975,0.975,1.0,0.975,0.92499995,,0.75625,0.86875,0.8625,0.81875,0.80625,0.88125,,0.8467241,0.8126539,0.80050564,0.81346786,0.82009286,0.8178584,,-0.013935134,0.013366833,0.0043983757,0.0043739527,0.007849306,0.00626871,0.10610739,0.09761635,0.09433424,0.11124572,0.10648669,0.09086676,0.08364907,0.010074432,0.009858484,0.008807555,0.010454258,0.010318763,0.008955834,0.008584976,0.60928214,0.6191959,0.64146507,0.62486875,0.6254653,0.6259325,0.6376617,0.16111112,0.14305556,0.15,0.12847222,0.16041668,0.15625,0.15069444,-0.003680446,-0.0040113237,-0.0043650917,-0.003712452,-0.0039755683,-0.0028626684,-0.0038386355,0.020469332,0.011486601,0.009149684,0.011487312,0.014668122,0.012403156,0.0128236255,,,0.1386826,0.22919759,0.15607405,0.089928254,0.11349444,,,,0.13000162,0.117055744,-0.025515625,-0.06701461,1.0956584,1.0834638,1.091126,1.0496126,1.0861174,1.1645943,1.2035966,,,,0.13748741,0.12444195,-0.017216763,-0.059508227,,,-0.13866368,-0.24898578,-0.14815107,-0.098521724,-0.08568701,,-0.0148688555,0.010372043,-0.0015246868,-0.003023386,0.00502187,0.0044713616
cache_new/HiMoE-VLA/libero_spatial/pick_up_the_black_bowl_next_to_the_plate_and_place_it_on_the_plate/right-50x8b-20260903,right-50x8b-20260903,libero_spatial,libero_spatial/pick_up_the_black_bowl_next_to_the_plate_and_place_it_on_the_plate,3,0,1011,14,1029d0827030a7521361d1904eeb3e7e7f2792be5c99abdb5701abb7ee87c137,27603,False,137,,False,True,-1,-1,success_no_alarm,0.99486506,0.9967524,0.99696386,0.99454653,0.9948625,0.9958368,0.99675155,0.045763355,0.041690398,0.040628295,0.046123233,0.045132514,0.043931674,0.040864028,0.16253576,0.15420055,0.1529482,0.16420361,0.16407114,0.15950996,0.15427345,0.0034694234,0.0016332333,0.0016788947,0.0030903046,0.0030864868,0.0027051151,0.0019053787,0.45,0.47500002,0.32500002,0.375,0.3,0.425,0.325,,0.046319783,0.061991807,0.078017786,0.07575002,0.068752326,0.058341805,,0.725,1.0,0.975,0.975,0.85,0.95000005,,0.66875,0.83125,0.8375,0.75624996,0.71875,0.84375006,,0.90332395,0.87242115,0.84698427,0.84562534,0.86294866,0.8801672,,-0.03453593,0.0068181604,0.0019463748,0.012859017,0.014813885,-0.011368856,0.11655682,0.11252366,0.10334565,0.117461935,0.12153463,0.10357616,0.10334551,0.013607877,0.013483908,0.012777703,0.013742497,0.01381929,0.013108697,0.013148127,0.5371506,0.4860686,0.47962603,0.5330859,0.53959525,0.5087423,0.49600947,0.22430554,0.22777778,0.19583333,0.19791666,0.21527776,0.18819445,0.22013888,-0.0027297945,-0.0009373914,-0.00070963486,-0.002719768,-0.0026094927,-0.0020983946,-0.00086791045,0.014041684,0.013431072,0.011469977,0.01340466,0.0149672115,0.010848152,0.00994958,,,0.101036906,0.3219815,0.29975122,0.19965763,0.038833074,,,,0.039554656,0.04513048,-0.0064248256,-0.0036073169,0.9942228,0.992806,0.9939584,0.99315923,0.9935179,0.99464226,0.9939472,0.0464554,0.04694619,0.045994848,0.046864294,0.046424776,0.045287378,0.048010603,0.16908494,0.17087719,0.1683071,0.17136219,0.17033266,0.16510046,0.17095421,0.003387181,0.0028801935,0.0025941175,0.0036967327,0.0031330767,0.0025398743,0.003625119,0.375,0.45,0.57500005,0.35,0.275,0.39999998,0.37500003,,0.07968877,0.09172712,0.099069536,0.0953514,0.089490704,0.09885893,,0.975,0.95,1.0,0.975,0.95000005,0.925,,0.78125,0.79375,0.85625,0.85,0.8625,0.86875,,0.83912754,0.8132599,0.80174744,0.8088374,0.8174353,0.804354,,-0.013253197,0.012068301,0.008172333,0.0050943494,0.008480921,0.016562656,0.10987096,0.10426374,0.09104323,0.10988504,0.11197074,0.10027346,0.08801533,0.010088777,0.009872367,0.008651663,0.01023496,0.01053562,0.009754088,0.008993368,0.60243267,0.6066952,0.6484621,0.6122172,0.6158819,0.64205647,0.6262355,0.16319445,0.14444445,0.13958333,0.121527776,0.15625,0.15833333,0.13611111,-0.0035799392,-0.004477568,-0.0042256825,-0.0031337647,-0.0037832055,-0.0031490538,-0.0038485932,0.019458678,0.011087027,0.011345618,0.013825796,0.015687367,0.012979113,0.013510679,,,0.13016938,0.20233166,0.16683105,0.10650915,0.20470817,,,,0.090029866,0.118986696,0.041420996,-0.03965111,1.0608519,1.0792215,1.1351273,1.0689529,1.0854142,1.0329369,1.1741762,,,,0.09041684,0.11936944,0.04229396,-0.038905084,,,-0.13833301,-0.20975575,-0.14420378,-0.107550465,-0.19782856,,-0.016341269,0.011811793,0.0021786094,0.0001617074,0.0042137504,0.015447736
cache_new/HiMoE-VLA/libero_spatial/pick_up_the_black_bowl_next_to_the_plate_and_place_it_on_the_plate/right-50x8b-20260903,right-50x8b-20260903,libero_spatial,libero_spatial/pick_up_the_black_bowl_next_to_the_plate_and_place_it_on_the_plate,4,0,1012,10,1029d0827030a7521361d1904eeb3e7e7f2792be5c99abdb5701abb7ee87c137,27604,False,94,,False,True,-1,-1,success_no_alarm,0.994629,0.9964986,0.9969989,0.9969897,0.99554294,,,0.046752825,0.0424937,0.041176207,0.04008212,0.04377967,,,0.16417202,0.15517488,0.15389839,0.15196052,0.15915391,,,0.0035782023,0.001755788,0.0016251156,0.0018522876,0.0029881643,,,0.425,0.55,0.325,0.275,0.3,,,,0.051312305,0.062333703,0.057293274,0.062018164,,,,0.75,0.95000005,1.0,0.975,,,,0.69375,0.8,0.85625,0.825,,,,0.89468193,0.87319624,0.88112664,0.8749596,,,,-0.025081813,-0.0005669892,0.005436316,0.0011730641,,,0.113461964,0.1093968,0.103254184,0.10269994,0.11465895,,,0.013338167,0.013259782,0.013072219,0.012760369,0.013829885,,,0.5716846,0.50003386,0.4791087,0.4762778,0.5094823,,,0.19375,0.22569445,0.225,0.20763889,0.20277779,,,-0.002448792,-0.0008484076,-0.0011317662,-0.00070311665,-0.0020670595,,,0.014129042,0.013584303,0.0094248885,0.010715497,0.01177373,,,,,0.08900501,0.011664111,0.089107595,,,,,,-0.03231165,0.04603087,,,0.9942863,0.99302936,0.993979,0.9946265,0.9950219,,,0.04671392,0.04748539,0.04641536,0.045210414,0.04284499,,,0.16902292,0.17107023,0.16974205,0.16352287,0.15953058,,,0.0036338728,0.0028149774,0.0025296586,0.0028635627,0.0025106543,,,0.325,0.4,0.45,0.5,0.275,,,,0.08334273,0.09191381,0.089919575,0.08053368,,,,0.9,0.95,0.975,0.9,,,,0.78125,0.85625005,0.83125,0.85625,,,,0.8319133,0.8106547,0.8191415,0.8348674,,,,-0.0017320812,0.01990275,0.0075023174,0.00037391484,,,0.10660155,0.10012781,0.08968747,0.08406544,0.08447831,,,0.009993672,0.009698552,0.009034772,0.008611536,0.008690425,,,0.6188783,0.61568344,0.6412046,0.6173353,0.63926226,,,0.16736111,0.1423611,0.13333333,0.15,0.13472223,,,-0.0033024624,-0.0043354076,-0.004134394,-0.0037478805,-0.0031142961,,,0.0187237,0.012715184,0.012832046,0.012949016,0.011959447,,,,,0.12344772,0.10099954,-0.008637192,,,,,,-0.07107031,-0.062333338,,,1.0643556,1.0925716,1.1512666,1.2216667,1.357259,,,,,,-0.070016846,-0.06089767,,,,,-0.11671321,-0.1283823,0.022623245,,,,-0.004815519,0.017727554,-0.0032591224,-0.00919199,,
cache_new/HiMoE-VLA/libero_spatial/pick_up_the_black_bowl_next_to_the_plate_and_place_it_on_the_plate/right-50x8b-20260903,right-50x8b-20260903,libero_spatial,libero_spatial/pick_up_the_black_bowl_next_to_the_plate_and_place_it_on_the_plate,5,0,1013,11,1029d0827030a7521361d1904eeb3e7e7f2792be5c99abdb5701abb7ee87c137,27605,False,101,,False,True,-1,-1,success_no_alarm,0.99493307,0.9970247,0.9974232,0.9971789,0.9971242,0.9939187,,0.045922015,0.040719986,0.039973408,0.040262435,0.040036917,0.04732346,,0.16231287,0.15172185,0.15140058,0.15180832,0.15138754,0.1640738,,0.003376157,0.0015047966,0.0012698167,0.0016209364,0.0015514898,0.0045392066,,0.425,0.5,0.4,0.32500002,0.5,0.275,,,0.048882637,0.06001492,0.056948163,0.05216685,0.070027806,,,0.79999995,1.0,0.9,0.9,0.925,,,0.66875,0.8125,0.84375,0.80625004,0.76874995,,,0.8986729,0.8761613,0.88202834,0.89011085,0.86367047,,,-0.027835712,0.003881231,0.00134103,-0.010385543,-0.00401634,,0.11104591,0.10467417,0.102178,0.10307108,0.10161555,0.13008061,,0.013244296,0.013024338,0.012927187,0.013098116,0.013274128,0.0148072615,,0.54359573,0.4848484,0.43891472,0.48414764,0.44837937,0.5341021,,0.19652778,0.23194444,0.22222221,0.23541667,0.23888887,0.20138888,,-0.002879884,-0.0010447947,-0.00066347467,-0.0006259136,-0.00069513667,-0.003333402,,0.013089371,0.014302858,0.011823962,0.009058602,0.012033275,0.0139865065,,,,0.0833488,0.030061759,-0.048501395,0.22920594,,,,,-0.0023596073,0.01128846,0.117146105,,0.9944126,0.9932376,0.994323,0.99450386,0.99515545,0.99383736,,0.04607835,0.04678449,0.044447634,0.04416778,0.0436297,0.045537744,,0.16799119,0.16945823,0.16518131,0.16190608,0.16060284,0.16748494,,0.0032538257,0.0025602542,0.0023227632,0.0025697649,0.0013827061,0.003624844,,0.325,0.425,0.525,0.47499996,0.47500002,0.325,,,0.07729384,0.089424655,0.09368015,0.07552587,0.08142774,,,0.925,0.925,1.0,0.975,0.90000004,,,0.81874996,0.82500005,0.86875,0.80625,0.7625,,,0.8417795,0.81730235,0.81227565,0.8472594,0.8323344,,,-0.012684807,0.009778425,0.012641579,-0.021942005,-0.014132306,,0.10344049,0.097138,0.0934094,0.085672066,0.08215921,0.1021706,,0.009813045,0.009699091,0.008720305,0.008964496,0.008595249,0.009970063,,0.6165936,0.61332065,0.62708485,0.60955036,0.63317215,0.62959874,,0.16666669,0.1423611,0.16180556,0.17361112,0.16805556,0.15208334,,-0.003614353,-0.004338589,-0.0040154164,-0.0036766795,-0.003382572,-0.0037464187,,0.01858299,0.011831312,0.010757981,0.012387504,0.01239425,0.013468917,,,,0.10088219,0.14921428,-0.069715396,0.0093876645,,,,,-0.039844897,-0.08175674,0.06664718,,1.0735246,1.077582,1.0938728,1.2030885,1.2368126,1.2731706,,,,,-0.037917405,-0.07997968,0.068397634,,,,-0.12821127,-0.14748642,0.030548945,0.0031721592,,,-0.015624404,0.008292079,0.00632149,-0.023704886,-0.017571807,
cache_new/HiMoE-VLA/libero_spatial/pick_up_the_black_bowl_next_to_the_plate_and_place_it_on_the_plate/right-50x8b-20260903,right-50x8b-20260903,libero_spatial,libero_spatial/pick_up_the_black_bowl_next_to_the_plate_and_place_it_on_the_plate,6,0,1014,10,1029d0827030a7521361d1904eeb3e7e7f2792be5c99abdb5701abb7ee87c137,27606,False,92,,False,True,-1,-1,success_no_alarm,0.99533194,0.99688053,0.99684954,0.9972517,0.9956687,,,0.04432761,0.04103904,0.0409867,0.039279766,0.043244775,,,0.1594082,0.15287924,0.15375945,0.15021977,0.1576243,,,0.0029585832,0.0015378345,0.0018512558,0.001566504,0.0028434752,,,0.375,0.55,0.375,0.25,0.25,,,,0.049339022,0.062321853,0.057343505,0.06035612,,,,0.775,0.975,0.975,1.0,,,,0.68750006,0.83125,0.79375,0.8249999,,,,0.89688444,0.8717696,0.8790753,0.8765785,,,,-0.028819948,0.002949074,0.009318769,-0.00072829425,,,0.11195777,0.10808568,0.10683333,0.100512125,0.11593498,,,0.013479464,0.013284566,0.01328104,0.012905356,0.014243612,,,0.5305799,0.49907222,0.48874176,0.48142278,0.49811995,,,0.21180555,0.24930555,0.2111111,0.23472221,0.21388888,,,-0.0020242014,-0.0010381389,-0.0005589092,-0.00087019784,-0.002165038,,,0.0137441745,0.01325891,0.010694272,0.010934906,0.010390149,,,,,0.1648613,0.088303745,0.1356847,,,,,,-0.03099693,0.06525458,,,0.9950018,0.99304855,0.9938456,0.99479645,0.9946656,,,0.045057014,0.04737257,0.047204792,0.044885047,0.045753997,,,0.16508187,0.17092939,0.16968118,0.16334909,0.16389142,,,0.0028607252,0.0026697556,0.0028331047,0.0026092003,0.0024281028,,,0.35,0.4,0.575,0.525,0.475,,,,0.08042631,0.09381363,0.08395115,0.08718143,,,,0.95,0.925,0.95,1.0,,,,0.76250005,0.81875,0.88750005,0.8125,,,,0.83841336,0.8070218,0.82826334,0.82062316,,,,-0.01386252,0.013599694,-0.00043426454,0.0046681464,,,0.09946773,0.10034359,0.09021245,0.08487876,0.08755843,,,0.009960888,0.009988546,0.008952681,0.0089738965,0.00877422,,,0.5965942,0.60860234,0.63236135,0.6182869,0.6425446,,,0.15069444,0.14513889,0.13819444,0.15972222,0.13333334,,,-0.0029330782,-0.004429035,-0.004111469,-0.0036671346,-0.003034548,,,0.02004387,0.012177625,0.012150725,0.011481766,0.0112218615,,,,,0.15831362,0.048344243,0.08594854,,,,,,-0.024744505,-0.0472526,,,1.1255687,1.0771557,1.1842415,1.1841847,1.324087,,,,,,-0.014853575,-0.037355687,,,,,-0.15541022,-0.05154314,-0.10037404,,,,-0.018508673,0.007455528,-0.0030035377,-0.004727602,,
cache_new/HiMoE-VLA/libero_spatial/pick_up_the_black_bowl_next_to_the_plate_and_place_it_on_the_plate/right-50x8b-20260903,right-50x8b-20260903,libero_spatial,libero_spatial/pick_up_the_black_bowl_next_to_the_plate_and_place_it_on_the_plate,7,0,1015,10,1029d0827030a7521361d1904eeb3e7e7f2792be5c99abdb5701abb7ee87c137,27607,False,95,,False,True,-1,-1,success_no_alarm,0.9950802,0.9966652,0.997067,0.99694216,0.9967102,,,0.045697033,0.04219387,0.04069449,0.03996554,0.040525265,,,0.16132769,0.15417343,0.15303373,0.15228625,0.15264742,,,0.0032421653,0.0017254674,0.0016687305,0.0016975891,0.0017361304,,,0.45,0.47500002,0.35,0.3,0.32500002,,,,0.050598707,0.063049585,0.05954553,0.05276818,,,,0.8,0.975,0.975,0.9,,,,0.66875005,0.83750004,0.8,0.75625,,,,0.8979361,0.8715085,0.87671274,0.8892828,,,,-0.030987024,0.004427269,0.009672239,-0.00460656,,,0.10834419,0.110852905,0.106148206,0.10371711,0.10481021,,,0.013312256,0.013073226,0.013388371,0.012922516,0.013191328,,,0.52656126,0.50162935,0.44137096,0.499119,0.46321225,,,0.20277777,0.22083333,0.21944445,0.22638889,0.19930556,,,-0.0027310674,-0.0006839578,-0.00080039003,-0.00069202384,-0.0012316537,,,0.014584367,0.012575163,0.010813611,0.009323645,0.010267856,,,,,0.16755903,0.10951588,-0.0069953892,,,,,,-0.031736344,-0.011087911,,,0.99473244,0.9930458,0.993504,0.9936967,0.9950657,,,0.045312174,0.04745659,0.047281023,0.046355087,0.04453578,,,0.16653672,0.17127569,0.17149946,0.16708697,0.16269886,,,0.0031138149,0.0028466224,0.0030508002,0.0028126559,0.0018613854,,,0.35,0.42499998,0.4,0.4,0.52500004,,,,0.08255141,0.094645396,0.09372399,0.08721589,,,,0.975,0.9,0.975,1.0,,,,0.78749996,0.81874996,0.8875,0.89375,,,,0.83235395,0.80485785,0.80836123,0.8217958,,,,-0.0065006763,0.012306452,0.0046623796,-0.0006443411,,,0.10036892,0.10146594,0.092074595,0.08923247,0.08131974,,,0.009905351,0.009713961,0.008985531,0.009072915,0.008195956,,,0.60266525,0.6120246,0.6311855,0.63233083,0.65432405,,,0.15486112,0.15208334,0.12986112,0.14236112,0.15277778,,,-0.0031676625,-0.0043617897,-0.0045040883,-0.0041820165,-0.0031223623,,,0.019219995,0.011075824,0.011953268,0.011796731,0.010820238,,,,,0.16188249,0.15347634,0.07892052,,,,,,-0.022069387,-0.12399367,,,1.0794595,1.0925134,1.15285,1.1623248,1.2888654,,,,,,-0.028193453,-0.12984611,,,,,-0.15706536,-0.13859624,-0.07432261,,,,-0.0105448365,0.0067451,0.0015155673,-0.0035377145,,
cache_new/HiMoE-VLA/libero_spatial/pick_up_the_black_bowl_next_to_the_plate_and_place_it_on_the_plate/right-50x8b-20260903,right-50x8b-20260903,libero_spatial,libero_spatial/pick_up_the_black_bowl_next_to_the_plate_and_place_it_on_the_plate,8,1,1008,10,1029d0827030a7521361d1904eeb3e7e7f2792be5c99abdb5701abb7ee87c137,27608,False,94,,False,True,-1,-1,success_no_alarm,0.99588215,0.9964277,0.9966143,0.9969619,0.99421084,,,0.042551316,0.04234083,0.04207725,0.04038996,0.046245575,,,0.1561527,0.15661842,0.15582035,0.15250991,0.1624907,,,0.002381736,0.001647955,0.0021993658,0.0017565791,0.004229294,,,0.325,0.375,0.42499998,0.3,0.35000002,,,,0.049735956,0.06675257,0.055182636,0.06888425,,,,0.875,0.975,0.975,0.975,,,,0.61875,0.8375,0.8,0.8375,,,,0.8954749,0.86282617,0.88471556,0.86030096,,,,-0.021245852,0.0067416877,-0.009902164,-0.0058891475,,,0.10792675,0.11039309,0.10474963,0.09989682,0.12029951,,,0.013379311,0.013517678,0.01346261,0.012584815,0.014268291,,,0.5024966,0.511529,0.4798153,0.50882506,0.5478326,,,0.19722222,0.20694444,0.20555556,0.22152777,0.2236111,,,-0.0016040651,-0.0011735924,-0.0011827247,-0.00061734894,-0.0034278033,,,0.013099653,0.0132206045,0.009099524,0.011795801,0.011077977,,,,,0.3546039,0.17103069,0.3868186,,,,,,-0.04733625,0.07429738,,,0.995397,0.99434483,0.99297523,0.9942283,0.99429214,,,0.04524506,0.04604283,0.047040462,0.044645622,0.044505067,,,0.16197938,0.16607133,0.17135128,0.16599934,0.16301398,,,0.0023471504,0.00214839,0.0037670908,0.0033619686,0.003127436,,,0.47500002,0.45,0.325,0.32500002,0.275,,,,0.08101283,0.09494824,0.09010852,0.09350164,,,,0.975,0.975,1.0,1.0,,,,0.8375,0.83750004,0.85625,0.90624994,,,,0.8364927,0.805091,0.81942093,0.81389785,,,,0.0035571307,0.00896652,0.0054970533,0.013443857,,,0.090287805,0.093096636,0.1061271,0.08348106,0.09258992,,,0.009177359,0.009161301,0.010265988,0.008627074,0.009268381,,,0.59193486,0.6226465,0.60218835,0.6213512,0.6533701,,,0.17916666,0.16250001,0.16180556,0.13055556,0.14375,,,-0.0029632954,-0.0035152393,-0.003976583,-0.00371326,-0.0035567218,,,0.013619471,0.01244264,0.015095693,0.0132807,0.012767494,,,,,0.24454546,0.19438562,0.22966021,,,,,,-0.044556096,0.026757311,,,1.1953635,1.1857903,0.98702055,1.1966405,1.2992722,,,,,,-0.04285959,0.028843725,,,,,-0.24091107,-0.17924963,-0.21240395,,,,-8.225441e-05,0.0063425303,0.003991127,0.010120034,,
cache_new/HiMoE-VLA/libero_spatial/pick_up_the_black_bowl_next_to_the_plate_and_place_it_on_the_plate/right-50x8b-20260903,right-50x8b-20260903,libero_spatial,libero_spatial/pick_up_the_black_bowl_next_to_the_plate_and_place_it_on_the_plate,9,1,1009,10,1029d0827030a7521361d1904eeb3e7e7f2792be5c99abdb5701abb7ee87c137,27609,False,94,,False,True,-1,-1,success_no_alarm,0.9959122,0.9954145,0.9969958,0.99667364,0.9949813,,,0.042042118,0.044529907,0.04209207,0.04099174,0.044461917,,,0.15545844,0.15960363,0.15411666,0.15374884,0.16068798,,,0.0022990985,0.0027658078,0.0017587118,0.0018158788,0.0033415884,,,0.275,0.40000004,0.47500002,0.375,0.35,,,,0.05747934,0.06441374,0.05726071,0.07154489,,,,0.875,0.95,0.975,0.975,,,,0.70625,0.80625,0.8375,0.8125,,,,0.88287187,0.86674184,0.87973607,0.8577372,,,,-0.013888821,0.0074163973,-0.0061136186,0.0017378181,,,0.10292878,0.111315645,0.10411257,0.10399267,0.120770946,,,0.012869942,0.013278671,0.013294578,0.012779379,0.014609169,,,0.5175917,0.520381,0.47898978,0.5029198,0.52615464,,,0.17569444,0.21458334,0.2138889,0.21111111,0.23402779,,,-0.0013960176,-0.0024038358,-0.0007443753,-0.0010942053,-0.0028197244,,,0.01403085,0.011208094,0.007135003,0.010355717,0.012049991,,,,,0.26500526,0.15521477,0.36632437,,,,,,-0.024117824,0.10585444,,,0.9953875,0.99411577,0.99237716,0.9944617,0.9921728,,,0.04487455,0.04657766,0.048676647,0.04396036,0.049237065,,,0.16188414,0.1667183,0.17486997,0.16495489,0.17459185,,,0.0022619674,0.002508883,0.0039998866,0.0032289226,0.00435209,,,0.52500004,0.425,0.35000002,0.325,0.475,,,,0.08896766,0.09406539,0.089940205,0.10727115,,,,0.975,0.95,0.9,0.975,,,,0.82500005,0.76875,0.8,0.92499995,,,,0.8217822,0.8115531,0.8184351,0.7892483,,,,0.013354257,0.00055862963,0.007869929,0.019234508,,,0.08699343,0.0960778,0.10468191,0.0866414,0.107654706,,,0.008964414,0.009080558,0.009855347,0.008796984,0.010512812,,,0.59660137,0.6333439,0.61872387,0.6202353,0.6308485,,,0.15694445,0.15902779,0.14652777,0.13680556,0.13472223,,,-0.0029011925,-0.0036408557,-0.0046250434,-0.0031639647,-0.0052940045,,,0.01264995,0.011352759,0.012544626,0.011240625,0.016090693,,,,,0.16641362,0.11873436,0.29642573,,,,,,-0.013873344,0.16420996,,,1.1831788,1.158599,0.99456125,1.2002653,1.1218362,,,,,,-0.014830345,0.16335538,,,,,-0.16879159,-0.11332654,-0.3159986,,,,0.004556179,-0.004749298,0.0016890764,0.013251424,,
cache_new/HiMoE-VLA/libero_spatial/pick_up_the_black_bowl_next_to_the_plate_and_place_it_on_the_plate/right-50x8b-20260903,right-50x8b-20260903,libero_spatial,libero_spatial/pick_up_the_black_bowl_next_to_the_plate_and_place_it_on_the_plate,10,1,1010,10,1029d0827030a7521361d1904eeb3e7e7f2792be5c99abdb5701abb7ee87c137,27610,False,96,,False,True,-1,-1,success_no_alarm,0.99564326,0.9966327,0.99686533,0.99710655,0.99615955,,,0.042848084,0.041885763,0.041101072,0.04012154,0.04145962,,,0.15700564,0.15539715,0.15464634,0.15216318,0.15493447,,,0.0025331667,0.001478896,0.0019990748,0.0017018543,0.0021832853,,,0.35000002,0.39999998,0.375,0.275,0.425,,,,0.050696224,0.06739384,0.054828357,0.060319643,,,,0.85,1.0,0.875,0.925,,,,0.71874994,0.85625,0.75,0.86249995,,,,0.893606,0.8627776,0.88524616,0.8738899,,,,-0.019076303,0.0060859174,-0.011113137,-0.0012987107,,,0.109683655,0.10861704,0.105161175,0.10041323,0.10901671,,,0.013267232,0.01329841,0.012993792,0.013035582,0.0135575645,,,0.5287228,0.5106287,0.49287114,0.47504982,0.48886037,,,0.21388888,0.21458334,0.2,0.2326389,0.23055555,,,-0.0017846812,-0.0010184984,-0.00090624543,-0.0010082654,-0.0014332347,,,0.01236131,0.012803404,0.0092652645,0.009074428,0.010680468,,,,,0.32712305,0.123539776,0.2203516,,,,,,-0.003975733,0.035054296,,,0.99544394,0.99443775,0.99315655,0.9941478,0.99513966,,,0.045487434,0.045397196,0.046337575,0.044366293,0.042480372,,,0.16231695,0.16561198,0.1698732,0.16472235,0.15887187,,,0.0023192721,0.0020512887,0.003821953,0.0035177674,0.0021188606,,,0.525,0.45,0.35,0.275,0.425,,,,0.0846721,0.094885364,0.09174189,0.091025904,,,,1.0,0.875,0.92499995,1.0,,,,0.875,0.825,0.86875,0.91249996,,,,0.8309102,0.80646384,0.8150283,0.81753886,,,,0.00720419,0.010752618,0.0035339445,0.016775921,,,0.09157807,0.09259598,0.10263665,0.084184915,0.08540968,,,0.009343398,0.009152828,0.009698783,0.008490019,0.0084009245,,,0.58327687,0.61658424,0.6224107,0.6319603,0.6501085,,,0.16944444,0.14166667,0.14305556,0.1388889,0.14930555,,,-0.0029884907,-0.0033743512,-0.004061766,-0.003916888,-0.0031435678,,,0.013284335,0.011834515,0.014630991,0.012840652,0.012031844,,,,,0.21105482,0.17838678,0.17054838,,,,,,-0.072261885,-0.082950585,,,1.1977066,1.1730211,1.0245967,1.1927699,1.2763976,,,,,,-0.07352584,-0.08407526,,,,,-0.2020724,-0.1797493,-0.18272418,,,,0.002337575,0.010752559,0.00084871054,0.011766911,,
cache_new/HiMoE-VLA/libero_spatial/pick_up_the_black_bowl_next_to_the_plate_and_place_it_on_the_plate/right-50x8b-20260903,right-50x8b-20260903,libero_spatial,libero_spatial/pick_up_the_black_bowl_next_to_the_plate_and_place_it_on_the_plate,11,1,1011,10,1029d0827030a7521361d1904eeb3e7e7f2792be5c99abdb5701abb7ee87c137,27611,False,97,,False,True,-1,-1,success_no_alarm,0.99599326,0.99676234,0.9967914,0.9965128,0.99605876,,,0.04134913,0.04140368,0.041659825,0.041939974,0.0421333,,,0.15462226,0.15463318,0.15459411,0.15580152,0.15581745,,,0.0022588717,0.0013567023,0.002083845,0.0021723472,0.0022229103,,,0.35000002,0.40000004,0.325,0.275,0.35,,,,0.046898037,0.06313752,0.05977489,0.06249494,,,,0.72499996,0.825,0.975,0.925,,,,0.625,0.83124995,0.73749995,0.83750004,,,,0.9026482,0.8716016,0.8771533,0.8683129,,,,-0.02594696,-0.0032546073,-0.0076399893,0.0018374622,,,0.10954538,0.10943492,0.10683574,0.1076372,0.11425028,,,0.013438042,0.01334215,0.013133358,0.01268138,0.0134787075,,,0.50231194,0.4964611,0.4943217,0.50270134,0.49942118,,,0.22847223,0.22361112,0.21527778,0.21805556,0.22083333,,,-0.0015356502,-0.0008793129,-0.00086094515,-0.0012594977,-0.0016385819,,,0.012782986,0.01232218,0.009444602,0.0106437495,0.01129542,,,,,0.32320887,0.2696422,0.3155263,,,,,,-0.037315883,0.022632012,,,0.99538416,0.9946891,0.99327964,0.9930088,0.99498993,,,0.0446991,0.045419354,0.046434037,0.047827967,0.04394474,,,0.16154267,0.16379267,0.17079094,0.1700275,0.16148823,,,0.0021246737,0.0018102379,0.003731525,0.0043241084,0.0024521975,,,0.45,0.5,0.25,0.3,0.375,,,,0.07518656,0.09516784,0.09825739,0.09874466,,,,0.95,0.975,0.925,1.0,,,,0.8125,0.81875,0.8625,0.8625,,,,0.8458493,0.80973905,0.80699223,0.8087534,,,,0.0011215359,0.007513821,0.0047956705,0.025391325,,,0.09337874,0.09395935,0.1031443,0.08902105,0.08966559,,,0.009346172,0.009213152,0.009797135,0.008774759,0.008767411,,,0.5895592,0.61646235,0.6392083,0.6035,0.6288209,,,0.1736111,0.16319445,0.15486112,0.13333333,0.14097223,,,-0.0028880357,-0.0033236851,-0.003797377,-0.00458191,-0.0031062816,,,0.012256302,0.011316835,0.013936934,0.0116720265,0.012823451,,,,,0.2735729,0.30493075,0.31106773,,,,,,-0.04274704,-0.04427358,,,1.1731298,1.1647049,1.035789,1.2091208,1.274182,,,,,,-0.05773986,-0.058577612,,,,,-0.24236785,-0.30718303,-0.29558018,,,,-0.004287362,0.005223274,-0.0019394159,0.0169186,,
cache_new/HiMoE-VLA/libero_spatial/pick_up_the_black_bowl_next_to_the_plate_and_place_it_on_the_plate/right-50x8b-20260903,right-50x8b-20260903,libero_spatial,libero_spatial/pick_up_the_black_bowl_next_to_the_plate_and_place_it_on_the_plate,12,1,1012,9,1029d0827030a7521361d1904eeb3e7e7f2792be5c99abdb5701abb7ee87c137,27612,False,89,,False,True,8,-1,success_no_alarm,0.99596596,0.9953668,0.99695265,0.99670637,,,,0.04194625,0.044624902,0.04195933,0.040097196,,,,0.15526293,0.1600228,0.15467212,0.15204984,,,,0.0022879196,0.0027176356,0.0019392591,0.0020337636,,,,0.32500002,0.3,0.375,0.325,,,,,0.05707811,0.062233005,0.056408037,,,,,0.775,0.95,0.95,,,,,0.675,0.75624996,0.83125,,,,,0.88484246,0.8729191,0.8819669,,,,,-0.018824533,0.0029358417,-0.008230001,,,,0.1067527,0.10942938,0.10733923,0.102252096,,,,0.01305867,0.013294157,0.013637832,0.012796814,,,,0.5344813,0.5363259,0.46180704,0.48794138,,,,0.20347221,0.21111111,0.22222224,0.20972222,,,,-0.001106158,-0.0018177191,-0.0011082734,-0.001048647,,,,0.013018193,0.01141181,0.005455455,0.010351911,,,,,,0.24548343,0.15049213,,,,,,,-0.0238784,,,,0.9954555,0.99406016,0.9924482,0.9944491,,,,0.04505837,0.045933764,0.048892662,0.044494636,,,,0.1620687,0.16655621,0.17450914,0.16365813,,,,0.002232799,0.0025290048,0.004168533,0.0028988193,,,,0.47500002,0.4,0.45,0.425,,,,,0.08647259,0.0919392,0.08592891,,,,,0.975,0.875,0.975,,,,,0.85,0.79375,0.825,,,,,0.8265555,0.8166181,0.8222404,,,,,0.012109518,-0.0045874566,0.0051605552,,,,0.09039297,0.09486157,0.103931524,0.08326532,,,,0.009243597,0.009085755,0.009836143,0.008628873,,,,0.59888494,0.6443627,0.6112883,0.6373155,,,,0.1625,0.1388889,0.14583334,0.15555556,,,,-0.0027020709,-0.0037475019,-0.0048613306,-0.0037632557,,,,0.014224763,0.009843302,0.014219262,0.013141397,,,,,,0.16438298,0.089914754,,,,,,,-0.010531804,,,,1.1809846,1.1535692,1.032788,1.2280275,,,,,,,-0.01241521,,,,,,-0.15767914,-0.03959481,,,,,0.0049043894,-0.008395553,-0.0026889443,,,
cache_new/HiMoE-VLA/libero_spatial/pick_up_the_black_bowl_next_to_the_plate_and_place_it_on_the_plate/right-50x8b-20260903,right-50x8b-20260903,libero_spatial,libero_spatial/pick_up_the_black_bowl_next_to_the_plate_and_place_it_on_the_plate,13,1,1013,11,1029d0827030a7521361d1904eeb3e7e7f2792be5c99abdb5701abb7ee87c137,27613,False,101,,False,True,-1,-1,success_no_alarm,0.99599576,0.99587274,0.9969651,0.9968139,0.99499667,0.99549264,,0.042185,0.044405032,0.042182636,0.040540494,0.04498353,0.043014117,,0.15576547,0.15956752,0.15452547,0.1525344,0.16067274,0.15751651,,0.002205729,0.0024991487,0.0018580491,0.0017277722,0.0034031067,0.002358897,,0.35000002,0.3,0.325,0.375,0.25,0.375,,,0.05725562,0.06406699,0.053414777,0.06957469,0.076540805,,,0.9,0.92499995,0.925,0.9,0.975,,,0.68125,0.80625004,0.8249999,0.81875,0.875,,,0.8834752,0.8674444,0.8871316,0.8615919,0.850694,,,-0.015358582,0.0092304945,-0.017326355,-0.0008775145,0.021455243,,0.10381472,0.11276057,0.101431526,0.10387322,0.118859425,0.115362346,,0.013032424,0.013601956,0.013217006,0.013085486,0.014214901,0.013739147,,0.50174093,0.5126467,0.49062067,0.49861068,0.52193534,0.49775535,,0.20833334,0.21458334,0.21597221,0.23194443,0.19930556,0.21666667,,-0.0017813791,-0.002153085,-0.0010115504,-0.00083463173,-0.0029397167,-0.0018068841,,0.013094796,0.012562836,0.007278867,0.009134676,0.011014193,0.012330193,,,,0.25028634,0.07472967,0.32723305,0.42055184,,,,,0.011376141,0.0919794,0.060256816,,0.9953089,0.9944334,0.9924536,0.9934806,0.9931255,0.992409,,0.045352936,0.04559716,0.048298426,0.04540827,0.046968214,0.049562123,,0.1622377,0.1660349,0.17446291,0.16910884,0.17022365,0.17531303,,0.0021631117,0.002639693,0.0039733155,0.002927884,0.0041700117,0.0021356805,,0.475,0.375,0.375,0.425,0.375,0.625,,,0.086872675,0.09352183,0.09097472,0.106726915,0.10264749,,,0.975,0.975,1.0,1.0,0.975,,,0.8625,0.8,0.86875,0.90000004,0.8625,,,0.82684517,0.81245536,0.813477,0.7877266,0.7919136,,,0.0090830475,-0.0023112893,0.0074242055,0.029015347,0.019252598,,0.08883622,0.09652933,0.10049937,0.08854881,0.10245039,0.100901924,,0.00915506,0.009338227,0.0096085705,0.008884782,0.009936204,0.009407919,,0.58850044,0.6106242,0.62599385,0.6513894,0.6187729,0.63982505,,0.17152777,0.14791667,0.14722222,0.14166668,0.13472223,0.13055556,,-0.0031049405,-0.0034212852,-0.0048248703,-0.0040715174,-0.004334066,-0.0046687787,,0.013222783,0.012571317,0.013720309,0.012182223,0.013015969,0.013625955,,,,0.17378306,0.14376207,0.30226532,0.2606218,,,,,0.026855953,0.13822992,0.08401849,,1.168608,1.1681484,1.0092752,1.1730617,1.1601657,1.1433116,,,,,0.030502165,0.14234728,0.08771402,,,,-0.17603268,-0.14101505,-0.26827645,-0.20663866,,,0.00611341,-0.0067792535,0.00011628866,0.023225188,0.015935957,
cache_new/HiMoE-VLA/libero_spatial/pick_up_the_black_bowl_next_to_the_plate_and_place_it_on_the_plate/right-50x8b-20260903,right-50x8b-20260903,libero_spatial,libero_spatial/pick_up_the_black_bowl_next_to_the_plate_and_place_it_on_the_plate,14,1,1014,10,1029d0827030a7521361d1904eeb3e7e7f2792be5c99abdb5701abb7ee87c137,27614,False,91,,False,True,8,-1,success_no_alarm,0.9958244,0.99555266,0.996902,0.99661386,0.9943185,,,0.042447586,0.044244908,0.042213418,0.040933497,0.045992732,,,0.15587607,0.15941356,0.15497579,0.15347408,0.16475871,,,0.002329075,0.0026165098,0.0018401972,0.0018088104,0.004001039,,,0.32500002,0.275,0.35,0.32500002,0.325,,,,0.056858286,0.065600574,0.05728442,0.07670172,,,,0.85,0.95,1.0,0.9,,,,0.7062501,0.8,0.83124995,0.82500005,,,,0.88534606,0.8648211,0.8798024,0.8480387,,,,-0.018093497,0.009549037,-0.011634648,0.004115224,,,0.10782401,0.11215459,0.10543434,0.10353514,0.1294621,,,0.013092841,0.01355275,0.013370551,0.012774022,0.014926471,,,0.5191838,0.5178751,0.48719922,0.48797503,0.5281148,,,0.20555556,0.20347223,0.20972222,0.23958334,0.24027777,,,-0.0015154767,-0.0022268486,-0.00039316955,-0.0014194589,-0.003527949,,,0.013643438,0.012184745,0.0074462155,0.0118838865,0.012302409,,,,,0.2901364,0.1598217,0.44114888,,,,,,-0.029435718,0.123409465,,,0.9956202,0.9943286,0.9926753,0.99437046,0.99330354,,,0.044808358,0.04574918,0.047996804,0.044315524,0.0476545,,,0.16133869,0.16645867,0.17350705,0.16422337,0.17132711,,,0.0022314922,0.002581666,0.003877624,0.003167078,0.0040079183,,,0.47499996,0.4,0.375,0.375,0.375,,,,0.08682437,0.09611522,0.08583513,0.09842386,,,,0.92499995,0.95000005,0.95,0.925,,,,0.825,0.8125,0.83124995,0.88125,,,,0.8261438,0.8088267,0.825042,0.7996513,,,,0.011525646,0.0074727237,0.0057839304,0.009103522,,,0.08867903,0.0977914,0.10324417,0.08643786,0.107578784,,,0.009061182,0.009593059,0.009842297,0.008804823,0.01048164,,,0.5928751,0.59747815,0.6201165,0.61983174,0.62565213,,,0.17569445,0.14375001,0.16666667,0.15555556,0.14791667,,,-0.0026874528,-0.0035308553,-0.0045297826,-0.0034958054,-0.0039873663,,,0.013946901,0.013462219,0.013565407,0.011518456,0.012380639,,,,,0.21895316,0.103686675,0.24262652,,,,,,-0.0051452676,0.16819136,,,1.2158908,1.1468757,1.0212135,1.1977985,1.2034166,,,,,,-0.008038797,0.16628663,,,,,-0.2163035,-0.1128092,-0.25175285,,,,0.0066672564,-0.0009931326,-0.007822692,0.005591154,,
cache_new/HiMoE-VLA/libero_spatial/pick_up_the_black_bowl_next_to_the_plate_and_place_it_on_the_plate/right-50x8b-20260903,right-50x8b-20260903,libero_spatial,libero_spatial/pick_up_the_black_bowl_next_to_the_plate_and_place_it_on_the_plate,15,1,1015,10,1029d0827030a7521361d1904eeb3e7e7f2792be5c99abdb5701abb7ee87c137,27615,False,94,,False,True,-1,-1,success_no_alarm,0.99587536,0.99555767,0.9968977,0.99715877,0.9944604,,,0.042525273,0.044605024,0.040830012,0.039869897,0.046906196,,,0.15602729,0.15938856,0.15380321,0.15106507,0.16307718,,,0.0023615626,0.0026552745,0.002004492,0.0016725657,0.0039905994,,,0.325,0.375,0.35000002,0.275,0.325,,,,0.055957727,0.067322314,0.05525751,0.066570215,,,,0.875,0.975,0.95,1.0,,,,0.68125,0.89374995,0.78125,0.80625004,,,,0.88644075,0.86437404,0.88281167,0.86683935,,,,-0.017471,0.0044722557,-0.008763269,-0.00794816,,,0.10336128,0.113775134,0.10963708,0.09873814,0.12008376,,,0.013452794,0.013434911,0.013866769,0.012408596,0.014063016,,,0.49652153,0.5207071,0.44689605,0.5001501,0.5232872,,,0.22708333,0.20277777,0.22569445,0.2048611,0.2125,,,-0.0018889715,-0.0016963336,-0.0008913345,-0.000446209,-0.0032622702,,,0.012954512,0.01211201,0.009660237,0.00858426,0.010675815,,,,,0.32030147,0.12150007,0.30101705,,,,,,-0.05906252,0.06356903,,,0.99553424,0.9939113,0.9931366,0.9942543,0.99440324,,,0.044639707,0.04619959,0.04607664,0.043917254,0.044374466,,,0.16105847,0.1674859,0.17022894,0.16358474,0.16369769,,,0.0021942407,0.0025022272,0.0037880556,0.0032107097,0.003403227,,,0.55,0.47500002,0.325,0.275,0.375,,,,0.0847476,0.09585407,0.090123825,0.085177004,,,,1.0,0.9,0.92499995,0.95000005,,,,0.86875,0.79375,0.8,0.875,,,,0.82846266,0.80972594,0.8195591,0.8235133,,,,0.0064857006,0.007974431,0.00084605813,-0.0029132068,,,0.08752215,0.09871785,0.10363746,0.08618409,0.09251404,,,0.009319891,0.009407146,0.010072122,0.008533884,0.009206312,,,0.583758,0.6300868,0.6041602,0.63959694,0.6390764,,,0.17430556,0.1423611,0.14652778,0.15902779,0.15416667,,,-0.002806602,-0.0036979192,-0.0041837357,-0.0040186327,-0.0034783836,,,0.013544909,0.011335362,0.014440249,0.012868345,0.011897137,,,,,0.23532093,0.17467643,0.11209195,,,,,,-0.06271837,0.012990536,,,1.1809728,1.1525284,1.0578905,1.1456655,1.2980058,,,,,,-0.07183679,0.00400788,,,,,-0.23200475,-0.18074954,-0.06272648,,,,0.0023736358,0.0045167804,-0.004455745,-0.008258402,,
cache_new/HiMoE-VLA/libero_spatial/pick_up_the_black_bowl_next_to_the_plate_and_place_it_on_the_plate/right-50x8b-20260903,right-50x8b-20260903,libero_spatial,libero_spatial/pick_up_the_black_bowl_next_to_the_plate_and_place_it_on_the_plate,16,2,1008,10,1029d0827030a7521361d1904eeb3e7e7f2792be5c99abdb5701abb7ee87c137,27616,False,92,,False,True,-1,-1,success_no_alarm,0.9954331,0.995146,0.99743104,0.99712276,0.99353325,,,0.04405852,0.045623835,0.04096543,0.04017699,0.04804156,,,0.15878172,0.16268715,0.15227112,0.15116216,0.16623497,,,0.0029089318,0.0032507647,0.0014499684,0.0017280816,0.0048081875,,,0.275,0.3,0.475,0.375,0.3,,,,0.06254701,0.05877031,0.055107128,0.079642296,,,,0.92499995,0.975,0.95,0.975,,,,0.75625,0.88750005,0.79375,0.8,,,,0.87357235,0.8727897,0.8843339,0.8439978,,,,-0.011300862,0.0016262084,-0.013336852,0.0068775266,,,0.111178935,0.1154301,0.09931527,0.09780453,0.12375022,,,0.013491655,0.013483885,0.012950701,0.012717443,0.014299946,,,0.5032761,0.55148906,0.4891653,0.50140035,0.57867783,,,0.18888889,0.19305556,0.22430556,0.22638889,0.20347223,,,-0.0020110104,-0.002473747,-0.00056542736,-0.00045919366,-0.0040885434,,,0.014004463,0.014167266,0.0071128253,0.012552834,0.006642401,,,,,0.16524029,0.113779895,0.47199032,,,,,,-0.024037698,0.08990255,,,0.9953176,0.9944047,0.994003,0.995087,0.9929371,,,0.044697158,0.0446524,0.045293566,0.04324557,0.04693485,,,0.163021,0.16499647,0.16722539,0.16155885,0.17070821,,,0.0025343706,0.0025812876,0.0029152092,0.0020552957,0.00444257,,,0.42499998,0.4,0.4,0.45,0.25,,,,0.09580283,0.09221303,0.08645248,0.090320066,,,,1.0,1.0,0.975,0.975,,,,0.90625,0.8375,0.875,0.9,,,,0.8077251,0.8123959,0.823528,0.81354827,,,,0.024788156,0.012929603,0.0077508837,-0.005597517,,,0.09031222,0.09654883,0.09093584,0.07990855,0.10225145,,,0.009201845,0.009444134,0.009083697,0.00823697,0.009629394,,,0.56903315,0.61507225,0.617025,0.65581304,0.64864767,,,0.14791667,0.16527778,0.15069446,0.13680556,0.12708333,,,-0.00285646,-0.0033994261,-0.0037104567,-0.003347625,-0.0043348228,,,0.014893756,0.013334884,0.013545835,0.010230348,0.010116139,,,,,0.13911568,0.0782174,0.12219016,,,,,,-0.049013205,0.107054025,,,1.2310508,1.1955619,1.0921466,1.2239558,1.210254,,,,,,-0.043607567,0.112580165,,,,,-0.12513527,-0.060258016,-0.1310776,,,,0.02478826,0.0036386847,0.0077509284,-0.008168876,,
cache_new/HiMoE-VLA/libero_spatial/pick_up_the_black_bowl_next_to_the_plate_and_place_it_on_the_plate/right-50x8b-20260903,right-50x8b-20260903,libero_spatial,libero_spatial/pick_up_the_black_bowl_next_to_the_plate_and_place_it_on_the_plate,17,2,1009,9,1029d0827030a7521361d1904eeb3e7e7f2792be5c99abdb5701abb7ee87c137,27617,False,89,,False,True,-1,-1,success_no_alarm,0.9954115,0.9954692,0.997476,0.9968451,,,,0.043562382,0.044413075,0.04022972,0.041394383,,,,0.158021,0.16101879,0.15176058,0.15318188,,,,0.002895517,0.0029234644,0.001388588,0.0018359493,,,,0.32500002,0.275,0.35000002,0.35000002,,,,,0.060599342,0.056332495,0.052325767,,,,,0.87499994,0.9,0.925,,,,,0.7125,0.83125,0.7375,,,,,0.8756749,0.87868845,0.8912823,,,,,-0.012872532,-0.0006056726,-0.017355174,,,,0.10581032,0.11706121,0.09848177,0.09792687,,,,0.012865884,0.013745923,0.012759174,0.012511801,,,,0.52543914,0.5337391,0.49094552,0.5071608,,,,0.17847222,0.22847222,0.22430554,0.21388888,,,,-0.0018629848,-0.0023679086,-0.00044165144,-0.0008787281,,,,0.013932975,0.014062105,0.0075015123,0.010705342,,,,,,0.13182095,0.07086928,,,,,,,-0.040100776,,,,0.9952059,0.99409676,0.99406266,0.9956274,,,,0.04436924,0.045303047,0.04457941,0.042930663,,,,0.16321062,0.16666073,0.16717643,0.1592898,,,,0.002660107,0.0026844773,0.0024464016,0.0016969356,,,,0.42499998,0.40000004,0.325,0.575,,,,,0.09318879,0.0922083,0.08096057,,,,,0.975,1.0,1.0,,,,,0.8625,0.875,0.83125,,,,,0.81106937,0.8122246,0.83555245,,,,,0.020075336,0.010925889,-0.005445808,,,,0.08656612,0.10161357,0.09043555,0.07880762,,,,0.008873415,0.010136935,0.009109401,0.008189548,,,,0.58407724,0.59609604,0.6112895,0.6402588,,,,0.15138888,0.1375,0.14583333,0.15138888,,,,-0.0029967804,-0.003818978,-0.0035446484,-0.0031017931,,,,0.013915475,0.015063205,0.012654351,0.010239422,,,,,,0.1640234,0.03582771,,,,,,,-0.07214575,,,,1.2223064,1.1520234,1.0889719,1.2426066,,,,,,,-0.07083967,,,,,,-0.1484339,-0.038166508,,,,,0.020075321,0.0027536154,-0.010003686,,,
cache_new/HiMoE-VLA/libero_spatial/pick_up_the_black_bowl_next_to_the_plate_and_place_it_on_the_plate/right-50x8b-20260903,right-50x8b-20260903,libero_spatial,libero_spatial/pick_up_the_black_bowl_next_to_the_plate_and_place_it_on_the_plate,18,2,1010,9,1029d0827030a7521361d1904eeb3e7e7f2792be5c99abdb5701abb7ee87c137,27618,False,89,,False,True,-1,-1,success_no_alarm,0.9953075,0.9952186,0.99754184,0.9967505,,,,0.04408461,0.04424423,0.040611375,0.041523185,,,,0.15906522,0.16189794,0.15151876,0.15373003,,,,0.002997004,0.003025966,0.0013848732,0.002103296,,,,0.32500002,0.3,0.4,0.35000002,,,,,0.060269043,0.061471563,0.054043114,,,,,0.85,1.0,0.90000004,,,,,0.73125005,0.8937501,0.74375,,,,,0.87736326,0.86969024,0.8875753,,,,,-0.016232178,0.011722431,-0.016590819,,,,0.11241773,0.11494297,0.09757558,0.100817,,,,0.013230724,0.013394598,0.0126503175,0.013297591,,,,0.5220482,0.5389536,0.48525172,0.47286403,,,,0.20277777,0.20277777,0.2048611,0.22013888,,,,-0.002076398,-0.0025114627,-0.0003498643,-0.0011777887,,,,0.013355892,0.015348909,0.006552928,0.011873891,,,,,,0.19695961,0.07787247,,,,,,,0.020796696,,,,0.99528396,0.99412334,0.99441093,0.9954963,,,,0.045093536,0.044994272,0.043763902,0.04416033,,,,0.16380915,0.16701078,0.16440801,0.161311,,,,0.0026050212,0.0023786062,0.002622271,0.0018831585,,,,0.425,0.375,0.37500003,0.525,,,,,0.09019393,0.09187367,0.08779298,,,,,0.975,0.975,0.975,,,,,0.83124995,0.875,0.83124995,,,,,0.8160028,0.81385815,0.82384384,,,,,0.015659973,0.012220055,0.006770134,,,,0.09139357,0.10063261,0.0921537,0.07964613,,,,0.009264667,0.009772303,0.009064008,0.00842527,,,,0.5736892,0.61044586,0.61585987,0.62667406,,,,0.14513889,0.14444445,0.14652778,0.14444444,,,,-0.0028083734,-0.003788726,-0.0033535757,-0.0031453047,,,,0.015614871,0.012762878,0.012336664,0.011964856,,,,,,0.16466168,0.12343085,,,,,,,-0.045116235,,,,1.2300398,1.142204,1.0588353,1.2658117,,,,,,,-0.037816133,,,,,,-0.18226856,-0.11537451,,,,,0.015659988,0.0021461248,0.0029441118,,,
cache_new/HiMoE-VLA/libero_spatial/pick_up_the_black_bowl_next_to_the_plate_and_place_it_on_the_plate/right-50x8b-20260903,right-50x8b-20260903,libero_spatial,libero_spatial/pick_up_the_black_bowl_next_to_the_plate_and_place_it_on_the_plate,19,2,1011,9,1029d0827030a7521361d1904eeb3e7e7f2792be5c99abdb5701abb7ee87c137,27619,False,90,,False,True,-1,-1,success_no_alarm,0.9956722,0.9951868,0.9976436,0.9966869,,,,0.042262897,0.045330416,0.0403091,0.040863242,,,,0.15663314,0.16213551,0.15088949,0.15345317,,,,0.0026683623,0.00324404,0.0013815883,0.0021129958,,,,0.32500002,0.25,0.3,0.375,,,,,0.059743498,0.05802662,0.052757632,,,,,0.84999996,0.975,0.975,,,,,0.725,0.88750005,0.725,,,,,0.877884,0.87657,0.8882675,,,,,-0.017654598,0.0036102235,-0.019332245,,,,0.11382144,0.118870065,0.10016442,0.10321565,,,,0.013700444,0.0138447145,0.012915127,0.01268741,,,,0.49771616,0.5268795,0.48487252,0.4840882,,,,0.2361111,0.21111111,0.225,0.2111111,,,,-0.0018162399,-0.0024318518,-9.2595445e-05,-0.0010261345,,,,0.013620865,0.013998323,0.007914731,0.012154577,,,,,,0.17453153,0.08760226,,,,,,,-0.0211179,,,,0.9951678,0.9942658,0.9940555,0.9955611,,,,0.045146603,0.04430692,0.04511586,0.043426007,,,,0.16449153,0.16535324,0.16675642,0.15954638,,,,0.0025236735,0.002581494,0.0028827903,0.0018393028,,,,0.42499998,0.325,0.4,0.47500002,,,,,0.09355137,0.089674875,0.083919354,,,,,1.0,0.85,0.975,,,,,0.89374995,0.83124995,0.8249999,,,,,0.8119929,0.8139975,0.82838994,,,,,0.020506606,0.005360082,0.006704569,,,,0.09381488,0.0993547,0.09340492,0.0816605,,,,0.009451082,0.009562196,0.009349534,0.008200236,,,,0.5609578,0.62334824,0.6054448,0.6325066,,,,0.14791667,0.15138888,0.15694444,0.15555556,,,,-0.0027558329,-0.0035160133,-0.0037008945,-0.0031232222,,,,0.013795098,0.014568363,0.013381868,0.013549076,,,,,,0.11161554,0.044007316,,,,,,,-0.0426594,,,,1.2132558,1.1964211,1.0723678,1.2639605,,,,,,,-0.04214773,,,,,,-0.12097972,-0.07759823,,,,,0.02050662,0.00022280216,0.00383842,,,
cache_new/HiMoE-VLA/libero_spatial/pick_up_the_black_bowl_next_to_the_plate_and_place_it_on_the_plate/right-50x8b-20260903,right-50x8b-20260903,libero_spatial,libero_spatial/pick_up_the_black_bowl_next_to_the_plate_and_place_it_on_the_plate,20,2,1012,9,1029d0827030a7521361d1904eeb3e7e7f2792be5c99abdb5701abb7ee87c137,27620,False,90,,False,True,-1,-1,success_no_alarm,0.99567664,0.99538076,0.9973599,0.9969928,,,,0.043218963,0.0447476,0.041251976,0.040960133,,,,0.15664893,0.1619674,0.15232407,0.1526047,,,,0.0026794553,0.0029724105,0.0015202234,0.0018335587,,,,0.275,0.275,0.375,0.3,,,,,0.06001266,0.056268822,0.05243408,,,,,0.9,0.925,0.875,,,,,0.68125,0.7875,0.7625,,,,,0.8767019,0.88061666,0.8899576,,,,,-0.014366046,-0.0039809495,-0.017061248,,,,0.11146247,0.11479539,0.10156886,0.102627724,,,,0.013477754,0.013364372,0.01299128,0.012967381,,,,0.5265922,0.547697,0.48144868,0.46189868,,,,0.20625,0.20486112,0.20625,0.22916667,,,,-0.0013220478,-0.0017852831,-0.00077951135,-0.0006328102,,,,0.013069233,0.013384465,0.005828432,0.010170067,,,,,,0.15138024,0.091239356,,,,,,,-0.0022895453,,,,0.99539423,0.9942534,0.99388677,0.9953871,,,,0.044629086,0.044368077,0.045822714,0.043975808,,,,0.16330867,0.16519731,0.16808398,0.16128303,,,,0.002470978,0.002612468,0.0029001948,0.0018960227,,,,0.475,0.3,0.525,0.47500002,,,,,0.09461648,0.09194754,0.0855594,,,,,1.0,0.975,0.95,,,,,0.8875,0.89375,0.8,,,,,0.8102461,0.8100863,0.82663035,,,,,0.021340609,0.012697667,0.0020772219,,,,0.09083293,0.09830505,0.094531044,0.083184645,,,,0.009386281,0.009539973,0.009231207,0.008591531,,,,0.5703468,0.6230614,0.61692715,0.61699295,,,,0.14375,0.15069444,0.1375,0.16388889,,,,-0.0023942566,-0.003499417,-0.003903714,-0.003183141,,,,0.014842674,0.013405904,0.013561221,0.011545351,,,,,,0.1573967,0.087244555,,,,,,,-0.0107902475,,,,1.2271153,1.1677467,1.0744498,1.233734,,,,,,,-0.007979074,,,,,,-0.14004272,-0.080684304,,,,,0.021009445,0.0024103522,-0.0012431741,,,
cache_new/HiMoE-VLA/libero_spatial/pick_up_the_black_bowl_next_to_the_plate_and_place_it_on_the_plate/right-50x8b-20260903,right-50x8b-20260903,libero_spatial,libero_spatial/pick_up_the_black_bowl_next_to_the_plate_and_place_it_on_the_plate,21,2,1013,9,1029d0827030a7521361d1904eeb3e7e7f2792be5c99abdb5701abb7ee87c137,27621,False,88,,False,True,-1,-1,success_no_alarm,0.9956336,0.99549174,0.9974985,0.99692065,,,,0.043180004,0.04411251,0.040543877,0.040458184,,,,0.15777485,0.16048402,0.1519362,0.1520639,,,,0.0026829466,0.0029431218,0.001361707,0.0020288965,,,,0.3,0.25,0.325,0.37500003,,,,,0.06398335,0.055621285,0.054209363,,,,,0.9,0.9,0.975,,,,,0.7625,0.7875,0.825,,,,,0.8696861,0.8805906,0.88626903,,,,,-0.006630793,-0.0030005425,-0.012276843,,,,0.10868918,0.11679144,0.09656075,0.101228304,,,,0.013357848,0.013827225,0.01260427,0.013113555,,,,0.4951614,0.52165824,0.49373952,0.47926137,,,,0.21666667,0.20694444,0.22222224,0.22013889,,,,-0.0021051709,-0.0024204494,-0.0005821441,-0.00074967236,,,,0.013571983,0.015461523,0.007597577,0.010635552,,,,,,0.09103875,0.074551195,,,,,,,0.02409577,,,,0.9953265,0.994279,0.99398506,0.9952638,,,,0.044493563,0.044964522,0.044976257,0.044686697,,,,0.16352654,0.16590911,0.16770485,0.16140148,,,,0.002423115,0.0026508546,0.002506458,0.0018737854,,,,0.425,0.45000002,0.375,0.55,,,,,0.094793856,0.09313533,0.08736867,,,,,1.0,0.975,1.0,,,,,0.88125,0.86875004,0.79375005,,,,,0.8092653,0.81166816,0.8227747,,,,,0.023799196,0.011625737,0.011758581,,,,0.0893878,0.10123631,0.09281118,0.08056754,,,,0.009321788,0.010099591,0.009240432,0.008282467,,,,0.57074106,0.5961296,0.6212348,0.6557215,,,,0.14722222,0.15555555,0.15763889,0.1375,,,,-0.002892817,-0.0035977224,-0.003771012,-0.0034296266,,,,0.014780059,0.016258163,0.013876649,0.011457532,,,,,,0.15149567,0.08950658,,,,,,,-0.0483906,,,,1.2159287,1.1536517,1.0403999,1.2564403,,,,,,,-0.044954192,,,,,,-0.15305063,-0.0843793,,,,,0.023495317,0.00076270103,0.007804811,,,
cache_new/HiMoE-VLA/libero_spatial/pick_up_the_black_bowl_next_to_the_plate_and_place_it_on_the_plate/right-50x8b-20260903,right-50x8b-20260903,libero_spatial,libero_spatial/pick_up_the_black_bowl_next_to_the_plate_and_place_it_on_the_plate,22,2,1014,9,1029d0827030a7521361d1904eeb3e7e7f2792be5c99abdb5701abb7ee87c137,27622,False,87,,False,True,-1,-1,success_no_alarm,0.995386,0.9956186,0.9973568,0.99656355,,,,0.043665268,0.04372342,0.041072857,0.04074084,,,,0.15847601,0.1601972,0.1522308,0.15344118,,,,0.0028576464,0.0027064052,0.0014624372,0.0022382338,,,,0.3,0.3,0.375,0.35000002,,,,,0.06059414,0.05839196,0.05833787,,,,,0.9,0.925,0.975,,,,,0.7375,0.80625,0.7875,,,,,0.8759216,0.87588537,0.87979835,,,,,-0.013772607,0.0014670789,-0.01061286,,,,0.10953165,0.11620816,0.1021424,0.10214372,,,,0.013061271,0.013747299,0.012834496,0.013136029,,,,0.5242464,0.53179413,0.50348026,0.46821374,,,,0.19027777,0.21041666,0.22361112,0.23402777,,,,-0.0019013026,-0.0022054024,-0.00012764552,-0.0013822934,,,,0.013276592,0.01544675,0.00841021,0.012977479,,,,,,0.16124517,0.16638613,,,,,,,0.013172445,,,,0.9953897,0.99417365,0.99413085,0.9948895,,,,0.04438973,0.04490465,0.04456755,0.044799995,,,,0.16298698,0.16608721,0.1662057,0.16302022,,,,0.002569163,0.002707609,0.0027858266,0.0020509618,,,,0.425,0.42499998,0.375,0.55,,,,,0.09453426,0.092613205,0.09368504,,,,,1.0,0.9,0.9,,,,,0.88125,0.8625,0.81875,,,,,0.8104977,0.8113158,0.8107395,,,,,0.020028993,0.010753781,0.027725741,,,,0.08865765,0.10136826,0.09100351,0.081699096,,,,0.008951816,0.010060538,0.008953972,0.008415638,,,,0.58116883,0.5943841,0.62397146,0.6459346,,,,0.1375,0.1576389,0.14722222,0.14097223,,,,-0.0026282216,-0.0037998878,-0.0036006116,-0.003738129,,,,0.015126908,0.016004587,0.013022516,0.01322344,,,,,,0.14848751,0.1656538,,,,,,,-0.04343577,,,,1.235445,1.1463959,1.1224008,1.250243,,,,,,,-0.050509028,,,,,,-0.1603013,-0.16297778,,,,,0.019774854,-0.0018811822,0.022864938,,,
cache_new/HiMoE-VLA/libero_spatial/pick_up_the_black_bowl_next_to_the_plate_and_place_it_on_the_plate/right-50x8b-20260903,right-50x8b-20260903,libero_spatial,libero_spatial/pick_up_the_black_bowl_next_to_the_plate_and_place_it_on_the_plate,23,2,1015,10,1029d0827030a7521361d1904eeb3e7e7f2792be5c99abdb5701abb7ee87c137,27623,False,91,,False,True,-1,-1,success_no_alarm,0.99547386,0.9954029,0.99741685,0.996745,0.9934239,,,0.04375411,0.044964258,0.040555935,0.041121453,0.04760267,,,0.15814923,0.16175294,0.1522843,0.15324324,0.16662234,,,0.0028183141,0.002958119,0.0014998091,0.002050102,0.0046627764,,,0.325,0.35000002,0.35000002,0.375,0.275,,,,0.06259852,0.056974478,0.05386522,0.08187968,,,,0.87499994,0.975,0.9,0.92499995,,,,0.74999994,0.85,0.73749995,0.79375005,,,,0.87241495,0.87990403,0.8879527,0.8431918,,,,-0.010740355,-0.007001728,-0.015454069,0.010536298,,,0.10461664,0.12107514,0.10377722,0.09678604,0.12648848,,,0.0129759535,0.013985366,0.01303149,0.0125157535,0.014511114,,,0.50793236,0.5323223,0.46714744,0.49875796,0.558281,,,0.19513889,0.20833334,0.20138888,0.2,0.21944445,,,-0.0022533166,-0.0017666918,-0.00043374026,-0.0008655543,-0.0043635094,,,0.013567794,0.014395545,0.0077768695,0.010099618,0.007934615,,,,,0.120995015,0.074708335,0.48350996,,,,,,-0.0405546,0.103630245,,,0.9952722,0.99437594,0.9934186,0.99534655,0.99287987,,,0.044593036,0.044704422,0.04636004,0.04340506,0.047843184,,,0.16346128,0.16463996,0.17115104,0.16065788,0.17311482,,,0.0025773493,0.002663977,0.0030139615,0.0019486665,0.004576596,,,0.42499998,0.425,0.375,0.4,0.35,,,,0.095174,0.09290649,0.08630398,0.09062434,,,,1.0,0.95,0.975,1.0,,,,0.89374995,0.84375,0.81874996,0.85625005,,,,0.8094492,0.8102042,0.8279462,0.81432605,,,,0.023622364,0.008059964,0.007868111,-0.00719963,,,0.08692427,0.100522146,0.09360194,0.07981638,0.10721447,,,0.00898169,0.009995205,0.008959241,0.008145488,0.010040222,,,0.57473147,0.61004746,0.62438786,0.640554,0.6413387,,,0.14930555,0.16874999,0.12638889,0.14583333,0.14513889,,,-0.0027647242,-0.0033000547,-0.0041005136,-0.0030679125,-0.004242691,,,0.014609486,0.014666808,0.011638853,0.011676363,0.009769302,,,,,0.14739664,0.07922638,0.12713882,,,,,,-0.05354936,0.15542227,,,1.2035378,1.2044623,1.108708,1.2126087,1.1797706,,,,,,-0.050941765,0.15819326,,,,,-0.15819845,-0.07800454,-0.15432197,,,,0.023622334,0.00048834085,0.0034987926,-0.009752333,,
cache_new/HiMoE-VLA/libero_spatial/pick_up_the_black_bowl_next_to_the_plate_and_place_it_on_the_plate/right-50x8b-20260903,right-50x8b-20260903,libero_spatial,libero_spatial/pick_up_the_black_bowl_next_to_the_plate_and_place_it_on_the_plate,24,3,1008,11,1029d0827030a7521361d1904eeb3e7e7f2792be5c99abdb5701abb7ee87c137,27624,False,101,,False,True,-1,-1,success_no_alarm,0.9954698,0.9966811,0.997205,0.99687946,0.9963281,0.99416363,,0.04362037,0.042410843,0.040769797,0.039950896,0.040737137,0.046851244,,0.15878087,0.15580598,0.15287957,0.15295094,0.15353236,0.16532706,,0.002628084,0.00160293,0.0016029299,0.0016436211,0.0021779367,0.004170425,,0.4,0.45,0.35000002,0.4,0.275,0.275,,,0.05054746,0.066798404,0.053916596,0.055811606,0.078773,,,0.8,0.975,0.975,0.925,0.925,,,0.675,0.85,0.7375,0.80625004,0.8625,,,0.8976412,0.86453784,0.8846517,0.8809585,0.84502226,,,-0.018934354,0.012292668,-0.011580512,-0.009679392,0.014165372,,0.112461165,0.10943851,0.100780785,0.10022071,0.10938712,0.12316096,,0.013869284,0.013532596,0.0129142655,0.012662673,0.013531258,0.014246481,,0.49728897,0.50623286,0.4792169,0.5155103,0.48957682,0.5417713,,0.21597221,0.21875,0.21736112,0.22291666,0.22222224,0.21527779,,-0.0019432835,-0.0010434703,-0.0009015674,-0.0006499224,-0.001419476,-0.0035272266,,0.014362223,0.013514016,0.008228839,0.010566048,0.010565644,0.014841912,,,,0.3640408,0.15009955,0.1831496,0.5201614,,,,,-0.030567978,0.034520835,0.085345805,,0.9952931,0.99426425,0.99368924,0.9935199,0.99470276,0.99332225,,0.04320193,0.04576179,0.046652503,0.046167847,0.044234663,0.046781126,,0.16221055,0.16472797,0.169365,0.16897315,0.16407156,0.17025831,,0.0025206122,0.0023234857,0.0033525263,0.003544717,0.0027771757,0.003899913,,0.35,0.45,0.4,0.4,0.35000002,0.275,,,0.08806818,0.10108062,0.091772065,0.08721929,0.09883064,,,0.95,1.0,1.0,0.95,0.975,,,0.87499994,0.88750005,0.8875,0.79999995,0.8875,,,0.822177,0.79432094,0.81131196,0.8230852,0.80311924,,,0.01634404,0.022395253,0.0028077662,-0.007526666,-0.0030889064,,0.092725426,0.09095794,0.092298225,0.083906695,0.09129111,0.10524255,,0.009437818,0.009149658,0.009328771,0.008532729,0.009281198,0.010290567,,0.5560273,0.6317849,0.62011766,0.63838005,0.6036763,0.5875436,,0.16666666,0.17916667,0.15347223,0.14305556,0.15902777,0.13333334,,-0.0030429577,-0.003951611,-0.0043722116,-0.0040786373,-0.0032107097,-0.004161,,0.013711949,0.01095104,0.012829407,0.010806311,0.012167996,0.015347185,,,,0.2658428,0.16796508,0.11854922,0.23817316,,,,,-0.031696297,0.052040927,0.15480973,,1.2128407,1.2031771,1.0919038,1.1944305,1.1982232,1.1702582,,,,,-0.038482357,0.045598965,0.14883609,,,,-0.26775318,-0.17112657,-0.118947096,-0.27826086,,,0.01634413,0.020251513,0.0010602474,-0.011379302,-0.006267488,
cache_new/HiMoE-VLA/libero_spatial/pick_up_the_black_bowl_next_to_the_plate_and_place_it_on_the_plate/right-50x8b-20260903,right-50x8b-20260903,libero_spatial,libero_spatial/pick_up_the_black_bowl_next_to_the_plate_and_place_it_on_the_plate,25,3,1009,15,1029d0827030a7521361d1904eeb3e7e7f2792be5c99abdb5701abb7ee87c137,27625,False,148,,False,True,10,-1,success_no_alarm,0.99544036,0.99561113,0.9974707,0.99685603,0.99435437,0.9958006,0.9970156,0.043249402,0.044480957,0.039885696,0.04017958,0.045733467,0.043143764,0.040360224,0.15803844,0.15941864,0.15071943,0.15257624,0.16278544,0.15758473,0.1530638,0.0025777963,0.0027861707,0.0013468477,0.0017221483,0.00413847,0.0019010617,0.001590272,0.35,0.375,0.4,0.325,0.275,0.45,0.375,,0.056944124,0.062067002,0.05437916,0.071901865,0.0760269,0.062269367,,0.85,0.9,0.975,0.975,0.95,0.95,,0.65000004,0.83124995,0.76875,0.89374995,0.79999995,0.83124995,,0.886412,0.87331074,0.8860165,0.8571875,0.85407704,0.87381136,,-0.011740804,0.004736185,-0.018895954,-0.0022813827,0.01858224,0.01346685,0.10859524,0.1120862,0.10079488,0.10345172,0.119944826,0.11827804,0.10999167,0.013390642,0.013515911,0.013141674,0.012760137,0.014377618,0.014034674,0.013696352,0.5140179,0.5139157,0.4765891,0.5083587,0.53238076,0.48572785,0.48290232,0.18055555,0.21111111,0.22361112,0.23194444,0.20347223,0.21944445,0.21249999,-0.0018094983,-0.002301816,-0.00036240183,-0.0009793552,-0.0032759944,-0.0021889093,-0.0003401473,0.015363773,0.013148976,0.0049846657,0.007754279,0.011308068,0.0122764055,0.011297172,,,0.26504874,0.13776116,0.41270447,0.4557464,0.26967508,,,,-0.02199579,0.092813775,0.07284528,0.048839986,0.99527633,0.9935908,0.9933045,0.99392265,0.9941861,0.9942728,0.9922953,0.042762537,0.04777403,0.04715217,0.045482635,0.045169055,0.044744536,0.04731013,0.16129291,0.17037162,0.17019355,0.16747129,0.16606164,0.16590585,0.17315912,0.0025113595,0.0030187084,0.0030338601,0.0031764163,0.0033117495,0.0023868955,0.0033133836,0.3,0.35000002,0.375,0.375,0.25,0.39999998,0.42499998,,0.09357833,0.09741533,0.087671675,0.09453283,0.09349233,0.08252846,,0.95000005,1.0,0.975,1.0,1.0,0.775,,0.8375,0.875,0.79375005,0.89375,0.90625,0.75,,0.81061715,0.8017661,0.8226335,0.80865705,0.8095904,0.83104587,,0.024873734,0.015375346,-0.011460632,0.0053816736,0.018506303,-0.016565248,0.08893999,0.09548357,0.09641554,0.086437955,0.09839144,0.0920404,0.10858674,0.0089801345,0.00903665,0.009546023,0.008720632,0.0096341465,0.009165196,0.010000676,0.56846654,0.645634,0.6294356,0.6280295,0.6555791,0.60958034,0.60616916,0.14444445,0.14166667,0.14513889,0.14444444,0.14652777,0.16041666,0.12569445,-0.0030333095,-0.004297537,-0.004172093,-0.0038171033,-0.0036181023,-0.0037877117,-0.004273683,0.013740998,0.011930463,0.011188673,0.0101004895,0.012485348,0.010901878,0.011010652,,,0.20595022,0.10194208,0.17643115,0.16401884,0.039776005,,,,-0.03313827,0.066442214,0.016654797,0.10389181,1.2209945,1.1738794,1.0454215,1.1968321,1.2190574,1.2850666,1.0129383,,,,-0.035238214,0.064383775,0.014483322,0.10172278,,,-0.20002499,-0.122860506,-0.18006933,-0.1116206,-0.041589305,,0.02170068,0.010254741,-0.017619431,-0.0009485483,0.013038337,-0.016565204
cache_new/HiMoE-VLA/libero_spatial/pick_up_the_black_bowl_next_to_the_plate_and_place_it_on_the_plate/right-50x8b-20260903,right-50x8b-20260903,libero_spatial,libero_spatial/pick_up_the_black_bowl_next_to_the_plate_and_place_it_on_the_plate,26,3,1010,10,1029d0827030a7521361d1904eeb3e7e7f2792be5c99abdb5701abb7ee87c137,27626,False,97,,False,True,-1,-1,success_no_alarm,0.9952328,0.99694055,0.9972037,0.9968403,0.9948119,,,0.043856017,0.04173445,0.040252123,0.040112104,0.044333488,,,0.15946838,0.15434259,0.15251534,0.15261541,0.16112924,,,0.0028065676,0.0014044103,0.0015709412,0.001626801,0.0035916516,,,0.4,0.525,0.32500002,0.275,0.275,,,,0.050003525,0.06783988,0.05446511,0.07045475,,,,0.85,0.975,0.95000005,0.95,,,,0.6125,0.89375,0.78125,0.90000004,,,,0.89772606,0.8609612,0.88529557,0.8571544,,,,-0.015458554,0.0086943805,-0.0138308555,0.005456716,,,0.113593265,0.10817428,0.103962675,0.10041767,0.11551848,,,0.013662768,0.0133449435,0.013009453,0.012949945,0.013960716,,,0.5248352,0.50286275,0.49369407,0.48460948,0.52054954,,,0.20763889,0.24027777,0.21527778,0.20972222,0.1923611,,,-0.002096331,-0.0008454839,-0.0006682214,-0.0011208626,-0.002676652,,,0.014081176,0.013915285,0.008598883,0.008558685,0.010759692,,,,,0.3588146,0.1399939,0.3908463,,,,,,-0.008831772,0.06436164,,,0.99531716,0.9943572,0.99346435,0.9937856,0.99314344,,,0.043791875,0.046248455,0.04704862,0.046876464,0.047010794,,,0.16183062,0.1658534,0.17007929,0.16865283,0.17162547,,,0.0025135782,0.0022075004,0.0033721155,0.0037800753,0.004061233,,,0.3,0.425,0.47500002,0.4,0.32500002,,,,0.0851914,0.09715648,0.08974582,0.10218325,,,,1.0,0.975,0.925,0.975,,,,0.83124995,0.85625005,0.88125,0.875,,,,0.82751846,0.80217284,0.8172971,0.795316,,,,0.009130895,0.013700172,0.0012357831,0.010050163,,,0.09262998,0.092907384,0.095782034,0.08494474,0.10308506,,,0.009403086,0.009253875,0.009498259,0.008509336,0.009925887,,,0.54435796,0.62139434,0.62996507,0.62200034,0.637605,,,0.15902779,0.15486112,0.15625,0.14722222,0.14930557,,,-0.0029638286,-0.0037297704,-0.0045264456,-0.0039878995,-0.004544108,,,0.013842564,0.011490388,0.013283651,0.0105846375,0.013655673,,,,,0.22908589,0.14965355,0.27992606,,,,,,-0.04759732,0.10642571,,,1.2263122,1.1643238,1.0854089,1.182153,1.1206132,,,,,,-0.04071697,0.11326524,,,,,-0.22798145,-0.15370926,-0.28964835,,,,0.0070571303,0.010181129,-0.0012969971,0.010050178,,
cache_new/HiMoE-VLA/libero_spatial/pick_up_the_black_bowl_next_to_the_plate_and_place_it_on_the_plate/right-50x8b-20260903,right-50x8b-20260903,libero_spatial,libero_spatial/pick_up_the_black_bowl_next_to_the_plate_and_place_it_on_the_plate,27,3,1011,10,1029d0827030a7521361d1904eeb3e7e7f2792be5c99abdb5701abb7ee87c137,27627,False,98,,False,True,-1,-1,success_no_alarm,0.995571,0.99671304,0.9969762,0.99683267,0.996561,,,0.042359773,0.041770026,0.04080506,0.040963233,0.040762722,,,0.15695667,0.15554902,0.15338285,0.15402019,0.15315032,,,0.002509175,0.0016464586,0.0014145917,0.0019228177,0.0017447813,,,0.3,0.325,0.525,0.3,0.3,,,,0.049756113,0.07014074,0.055142045,0.053014018,,,,0.84999996,0.975,0.925,0.925,,,,0.61875004,0.86249995,0.80625,0.75624996,,,,0.89703465,0.85778165,0.8855852,0.88990986,,,,-0.018696502,0.018533215,-0.021165103,-0.010739684,,,0.11426547,0.11289591,0.11084845,0.10697619,0.10726439,,,0.013812708,0.0138613945,0.013547872,0.012848522,0.013018988,,,0.4981539,0.48683953,0.49396563,0.5081039,0.4956557,,,0.21874999,0.23333333,0.2138889,0.23125,0.22013889,,,-0.0019504724,-0.0009555356,-0.0005718423,-0.0011159094,-0.0013233032,,,0.014256234,0.014366902,0.008300047,0.010141924,0.011285918,,,,,0.39479294,0.14429918,0.114956155,,,,,,-0.038446397,-0.025123565,,,0.9952165,0.9935609,0.9934878,0.99289787,0.9951861,,,0.043778278,0.04675774,0.04720241,0.05022398,0.041734394,,,0.16220492,0.16874632,0.1710064,0.17336768,0.15788382,,,0.002479044,0.0029189927,0.0028136706,0.004489865,0.0018033929,,,0.325,0.52500004,0.45,0.47500002,0.4,,,,0.09227166,0.09445954,0.0984469,0.09488904,,,,0.975,0.875,1.0,1.0,,,,0.86875,0.76875,0.9187499,0.8875,,,,0.81222445,0.8116516,0.804165,0.8112656,,,,0.016546845,0.005252287,-0.00019210577,0.020645857,,,0.09610919,0.09913802,0.10803011,0.091575816,0.081958376,,,0.009584051,0.009594675,0.01037513,0.008853614,0.008246028,,,0.54452294,0.62150925,0.5950075,0.64407504,0.65877926,,,0.16041668,0.17291668,0.13194445,0.1375,0.13611111,,,-0.0029613175,-0.0040977276,-0.0029222602,-0.0048231846,-0.0030948794,,,0.013018571,0.013581022,0.013699309,0.012731694,0.012310083,,,,,0.16965103,0.21224236,0.17555687,,,,,,-0.037715405,-0.10876042,,,1.1889131,1.1387751,1.0260885,1.1681707,1.3087667,,,,,,-0.037502337,-0.108596474,,,,,-0.17836575,-0.21377477,-0.1863849,,,,0.012990534,-0.00037235022,-0.008221328,0.020560622,,
cache_new/HiMoE-VLA/libero_spatial/pick_up_the_black_bowl_next_to_the_plate_and_place_it_on_the_plate/right-50x8b-20260903,right-50x8b-20260903,libero_spatial,libero_spatial/pick_up_the_black_bowl_next_to_the_plate_and_place_it_on_the_plate,28,3,1012,22,1029d0827030a7521361d1904eeb3e7e7f2792be5c99abdb5701abb7ee87c137,27628,True,220,object_released_or_dropped_before_goal,False,True,7,11,failure_detected,0.9955673,0.9953647,0.9973344,0.99501115,0.99544686,0.99617755,0.9957309,0.043050975,0.04502242,0.040104184,0.046162065,0.04443065,0.04229021,0.042454056,0.15784708,0.16174263,0.15104775,0.16301864,0.16156805,0.15819292,0.15906887,0.0025584311,0.0028686877,0.0014682675,0.0029873387,0.0028862988,0.0020972942,0.0021209589,0.325,0.3,0.4,0.45000002,0.275,0.375,0.47500002,,0.05631794,0.058425896,0.06617954,0.07366912,0.0510246,0.051998407,,0.725,0.9,0.95,0.95000005,0.72499996,0.55,,0.6125,0.775,0.76874995,0.76874995,0.54375,0.56875,,0.88700974,0.87993574,0.8626319,0.8548773,0.89790946,0.895618,,-0.014836714,-0.0006879419,-0.015736222,0.0150318295,-0.022307605,0.0025711656,0.11032969,0.110736534,0.10753847,0.11420589,0.11785516,0.11355242,0.112571836,0.013581056,0.013549534,0.0135371,0.013858533,0.0141701475,0.013796126,0.014002189,0.52409863,0.52218837,0.4556731,0.52142173,0.5069591,0.46848702,0.50424635,0.20138888,0.21111111,0.21944444,0.20625001,0.20000002,0.18333334,0.20694444,-0.0014222277,-0.0018405584,-0.0007325257,-0.0023252913,-0.0024244566,-0.0016427438,-0.0021293862,0.013839888,0.013149246,0.005740342,0.013691265,0.01499518,0.011088118,0.0105223,,,0.21519257,0.3414154,0.44781235,0.07938553,0.08869189,,,,0.041037764,0.06430828,0.037137575,0.051017694,0.99530494,0.9929591,0.99354434,0.9929214,0.9937987,0.9928098,0.99321866,0.043546915,0.046905357,0.045663223,0.048620317,0.04628571,0.047769077,0.04525319,0.16213027,0.17192331,0.16886052,0.17362714,0.16950503,0.17375761,0.16804595,0.0024631356,0.003051402,0.0030831501,0.0036850036,0.0033726832,0.0018379787,0.002327682,0.375,0.375,0.375,0.475,0.35,0.5,0.275,,0.094028644,0.09576601,0.1042548,0.09291108,0.07181549,0.07011008,,0.95000005,0.925,0.95,0.95,0.875,0.8000001,,0.86875,0.8125,0.88750005,0.8,0.65,0.68125,,0.8075624,0.8054675,0.78949296,0.81139976,0.8491902,0.8529857,,0.022843868,0.014849633,0.0066574067,0.0015575141,-0.038713768,-0.025000483,0.09230609,0.096767426,0.103659466,0.103802875,0.11851999,0.14193708,0.13096912,0.009324754,0.009313716,0.010153056,0.010286272,0.011800787,0.013714369,0.012051186,0.564197,0.64903694,0.6003643,0.6039281,0.57653284,0.54121137,0.59953934,0.16875,0.14027777,0.15208334,0.12291667,0.17500001,0.1777778,0.15555555,-0.002738858,-0.004665081,-0.0032271515,-0.0034739291,-0.0035876438,-0.004227385,-0.00337927,0.014421527,0.01095614,0.011674458,0.017301653,0.017523192,0.015006,0.014738381,,,0.19589913,0.28177565,0.16968054,-0.09934922,-0.115076445,,,,0.08362852,0.2200959,0.3579756,0.24336657,1.195259,1.1443576,1.0374206,1.1002189,0.99439055,0.80001944,0.8595296,,,,0.07385052,0.21120667,0.3614846,0.23220351,,,-0.18988699,-0.2919454,-0.17037922,0.05083858,0.15263426,,0.017266989,0.011701405,-0.0007812381,-0.0050078034,-0.045057237,-0.027352571
cache_new/HiMoE-VLA/libero_spatial/pick_up_the_black_bowl_next_to_the_plate_and_place_it_on_the_plate/right-50x8b-20260903,right-50x8b-20260903,libero_spatial,libero_spatial/pick_up_the_black_bowl_next_to_the_plate_and_place_it_on_the_plate,29,3,1013,15,1029d0827030a7521361d1904eeb3e7e7f2792be5c99abdb5701abb7ee87c137,27629,False,142,,False,True,8,-1,success_no_alarm,0.99545294,0.9967283,0.9973737,0.9969604,0.9949658,0.994203,0.9967433,0.043210775,0.04242837,0.040023297,0.04017551,0.043848686,0.046513855,0.04142642,0.15855166,0.15591869,0.15132469,0.1523875,0.15943763,0.1651229,0.15405351,0.0025531857,0.0016096716,0.001520877,0.0015916306,0.0033711353,0.0040679574,0.0016828158,0.32500002,0.425,0.4,0.325,0.22500001,0.275,0.375,,0.04912221,0.06344509,0.05265355,0.06418558,0.08195607,0.07219723,,0.875,0.975,0.95000005,0.82500005,1.0,1.0,,0.6125,0.85625005,0.78125,0.82500005,0.88125,0.90625,,0.8987056,0.8701458,0.8897681,0.86864126,0.8422148,0.85430276,,-0.018241137,0.007940695,-0.020468563,-0.008065969,0.009148598,0.025174662,0.108531475,0.1094016,0.10103357,0.102060296,0.113559335,0.1317564,0.111025184,0.013417498,0.01378314,0.013290422,0.013101898,0.0137671335,0.014963666,0.0139237335,0.5059175,0.4738742,0.46394628,0.501873,0.5214888,0.5360725,0.46908033,0.19791667,0.23194444,0.22430556,0.23541668,0.21111111,0.21388888,0.225,-0.0022871802,-0.0013390053,-0.0006880682,-0.00074263825,-0.0028967038,-0.003097442,-0.0008625102,0.013291524,0.01387567,0.008409368,0.008122647,0.01060101,0.012564256,0.011579559,,,0.30472422,0.11574519,0.30802107,0.5372333,0.41550064,,,,-0.009034095,0.038395993,0.12099305,0.052086737,0.9952692,0.99337626,0.9933892,0.99377775,0.994261,0.99263716,0.99223816,0.043344855,0.0470305,0.04624059,0.045253217,0.04635717,0.04822696,0.046831466,0.1618163,0.170959,0.16942951,0.16665225,0.16679938,0.17355658,0.17330906,0.0024469518,0.002825331,0.0030369211,0.0034332552,0.002468536,0.00449413,0.0031404032,0.32500002,0.4,0.45,0.4,0.425,0.325,0.4,,0.0906047,0.100154996,0.09173732,0.091674015,0.10302529,0.10607402,,0.975,0.975,0.975,1.0,1.0,0.95,,0.84375,0.90625,0.8249999,0.85,0.875,0.88125,,0.81571084,0.7978357,0.814255,0.81331825,0.7943165,0.78610766,,0.012303919,0.015798256,-0.002515912,0.0067337453,0.0038456023,0.0285967,0.08947669,0.09544434,0.09327404,0.084481195,0.09401475,0.11857312,0.11292197,0.00919121,0.009470792,0.009297776,0.008564435,0.009144456,0.011449689,0.01023779,0.56045187,0.63257754,0.6355268,0.6373452,0.6638237,0.61449313,0.6234155,0.17430556,0.14027777,0.15208334,0.1375,0.14097223,0.15486111,0.14097223,-0.0030411005,-0.0043758578,-0.004321408,-0.003842402,-0.0035122642,-0.0045253276,-0.003880049,0.0133556565,0.011785831,0.012825502,0.011450935,0.014423658,0.013475525,0.01103698,,,0.2344695,0.14612304,0.14411241,0.26144195,0.28734517,,,,-0.052965906,0.01256028,0.23658013,0.12518384,1.2129581,1.1462346,1.0831907,1.208083,1.2078885,1.1111827,0.9832027,,,,-0.046843976,0.018685626,0.24350044,0.1316236,,,-0.24574319,-0.15039621,-0.15192541,-0.28161448,-0.29262507,,0.010250151,0.015798211,-0.012495041,-0.0028386116,-0.003952205,0.02301848
cache_new/HiMoE-VLA/libero_spatial/pick_up_the_black_bowl_next_to_the_plate_and_place_it_on_the_plate/right-50x8b-20260903,right-50x8b-20260903,libero_spatial,libero_spatial/pick_up_the_black_bowl_next_to_the_plate_and_place_it_on_the_plate,30,3,1014,14,1029d0827030a7521361d1904eeb3e7e7f2792be5c99abdb5701abb7ee87c137,27630,False,140,,False,True,10,-1,success_no_alarm,0.99542296,0.99579895,0.99725956,0.9969269,0.9944275,0.9951455,0.99713063,0.04331757,0.044253517,0.040367108,0.03968045,0.045373272,0.043134466,0.04057845,0.15853572,0.15886357,0.15214302,0.15208803,0.16289653,0.15861645,0.15264738,0.002608564,0.0026983046,0.0015994731,0.0017186399,0.0038653272,0.0024170615,0.0013790429,0.35000002,0.375,0.35000002,0.325,0.22500001,0.275,0.225,,0.056304544,0.063728355,0.05915708,0.06649971,0.07618271,0.06212874,,0.70000005,0.95,1.0,0.9,0.975,0.9,,0.63750005,0.84375,0.81875,0.75625,0.8,0.81249994,,0.8872668,0.8684166,0.87750256,0.86686265,0.85580516,0.8735466,,-0.01403065,0.0099677,-0.004905179,-0.008056492,0.010022953,0.0063285083,0.10944781,0.11149102,0.10513832,0.099098496,0.12455861,0.12324707,0.10782674,0.013100802,0.013469668,0.01324183,0.01274675,0.014696522,0.01448639,0.013568054,0.5260715,0.52022135,0.48486272,0.49559626,0.5259559,0.508699,0.4774956,0.18958333,0.22916667,0.20763889,0.21805555,0.2138889,0.22777778,0.20625,-0.001857447,-0.0020869235,-0.00018565527,-0.001177462,-0.0033402988,-0.0025906092,-0.00043224398,0.013668887,0.011977873,0.007558871,0.010103192,0.010237557,0.012926547,0.010809444,,,0.27910358,0.20733504,0.321189,0.43892622,0.24653056,,,,-0.04141476,0.098006696,0.0858939,0.022431217,0.99538463,0.9934826,0.99326146,0.99397045,0.994338,0.9939493,0.9921937,0.043550853,0.04796144,0.04652965,0.044928357,0.045264438,0.046600025,0.04709962,0.16155158,0.17016083,0.16968401,0.16690579,0.16486585,0.1703111,0.17089544,0.002455792,0.003183502,0.0032811882,0.0032741027,0.002966735,0.0027679233,0.0029364144,0.35,0.35000002,0.425,0.3,0.35000002,0.4,0.35,,0.09168584,0.09971677,0.096830904,0.09032242,0.0902306,0.09006491,,0.95000005,1.0,0.925,0.95,0.85,0.95,,0.8375,0.9250001,0.8125,0.8125,0.84999996,0.8125,,0.8144847,0.79710937,0.8038628,0.8176175,0.8127392,0.81628096,,0.01613228,0.019813985,0.0139153,-0.001459688,0.008360401,-0.0011197627,0.090089105,0.09886061,0.0960098,0.08192478,0.10070956,0.0966626,0.10640117,0.009184156,0.009579876,0.009311069,0.008449767,0.009958675,0.009672022,0.009903403,0.5617465,0.6371789,0.6243345,0.643938,0.63334584,0.60283405,0.60419524,0.15972222,0.15069444,0.13819444,0.13194445,0.16736111,0.15555556,0.13749999,-0.0027780703,-0.0043277023,-0.0043687546,-0.0040206276,-0.0034968026,-0.0036161244,-0.004571058,0.0141333565,0.012562528,0.01324839,0.012370665,0.01462969,0.010403682,0.0122546535,,,0.22755419,0.19844574,0.1287045,0.123039745,0.12693435,,,,-0.07175927,0.09134378,0.062269047,0.087157816,1.2148839,1.1277598,1.0950791,1.2096279,1.2368102,1.2750233,1.013398,,,,-0.07200575,0.09229943,0.06309283,0.08673381,,,-0.2461642,-0.18787563,-0.11926323,-0.060031787,-0.10750076,,0.0134574175,0.012985766,0.005635977,-0.008531928,-0.0011392236,-0.0020974278
cache_new/HiMoE-VLA/libero_spatial/pick_up_the_black_bowl_next_to_the_plate_and_place_it_on_the_plate/right-50x8b-20260903,right-50x8b-20260903,libero_spatial,libero_spatial/pick_up_the_black_bowl_next_to_the_plate_and_place_it_on_the_plate,31,3,1015,10,1029d0827030a7521361d1904eeb3e7e7f2792be5c99abdb5701abb7ee87c137,27631,False,99,,False,True,-1,-1,success_no_alarm,0.9954072,0.9957342,0.997362,0.9968203,0.9942163,,,0.043731853,0.04486026,0.040247492,0.04013543,0.045876622,,,0.15860729,0.15912095,0.15162489,0.15202126,0.16339503,,,0.002612485,0.0027463394,0.0016336117,0.0018842076,0.0041567176,,,0.4,0.35000002,0.325,0.3,0.22500001,,,,0.05578474,0.062272623,0.05746951,0.0746342,,,,0.82500005,0.975,0.9,0.95000005,,,,0.6125,0.80625,0.7875,0.79999995,,,,0.88834095,0.8709326,0.8805933,0.85487896,,,,-0.014940038,0.006004438,-0.0011175573,-0.0051807165,,,0.10616985,0.11518954,0.10994582,0.09646802,0.12380539,,,0.01337066,0.013735224,0.013929643,0.012402447,0.0142755,,,0.5038539,0.5138628,0.440475,0.51328313,0.53511435,,,0.19930556,0.22708333,0.24791667,0.20069444,0.20555556,,,-0.0023064422,-0.0015911147,-0.0005582729,-0.0008688908,-0.0036126506,,,0.014746369,0.0131800175,0.0057807807,0.009112418,0.009704493,,,,,0.26016122,0.17884374,0.43627855,,,,,,-0.079825684,0.058980435,,,0.99528956,0.9935283,0.99335486,0.994385,0.9941741,,,0.043243997,0.047179915,0.04648354,0.0441189,0.045151517,,,0.16138011,0.16957994,0.16994667,0.16376486,0.16593705,,,0.0024741942,0.002973838,0.00333096,0.0029896433,0.0033164446,,,0.3,0.32500002,0.39999998,0.35000002,0.25,,,,0.09272549,0.09932316,0.09467524,0.09268538,,,,0.95,1.0,1.0,1.0,,,,0.86875,0.9,0.86875,0.8875,,,,0.8107865,0.79884255,0.8073392,0.8111932,,,,0.021056443,0.020748734,0.009400114,0.0063929707,,,0.088439226,0.0979265,0.10178436,0.08061348,0.098906144,,,0.009018239,0.009392786,0.009871497,0.008156657,0.009738542,,,0.5588379,0.6455592,0.5818136,0.66431606,0.6291833,,,0.14930555,0.15138888,0.16805556,0.13611111,0.15347221,,,-0.0029469228,-0.004080151,-0.004430462,-0.0037220144,-0.003790463,,,0.013885846,0.011176048,0.012849803,0.012222084,0.012665508,,,,,0.2203036,0.17288992,0.15115547,,,,,,-0.10560332,0.07168192,,,1.2004837,1.1762857,1.0801837,1.1966735,1.2517462,,,,,,-0.09877951,0.07847742,,,,,-0.22295293,-0.17089403,-0.17033368,,,,0.017730594,0.013803124,0.007258892,0.0008533001,,
cache_new/HiMoE-VLA/libero_spatial/pick_up_the_black_bowl_next_to_the_plate_and_place_it_on_the_plate/right-50x8b-20260903,right-50x8b-20260903,libero_spatial,libero_spatial/pick_up_the_black_bowl_next_to_the_plate_and_place_it_on_the_plate,32,4,1008,10,1029d0827030a7521361d1904eeb3e7e7f2792be5c99abdb5701abb7ee87c137,27632,False,92,,False,True,-1,-1,success_no_alarm,0.99560547,0.99534005,0.9973149,0.9971688,0.99391896,,,0.0437213,0.045340247,0.040981837,0.039977472,0.04680208,,,0.15786594,0.16200599,0.1527007,0.15049666,0.16460021,,,0.0026742613,0.00320058,0.0015294072,0.001664517,0.00442262,,,0.35000002,0.3,0.45000002,0.35000002,0.275,,,,0.06271453,0.058043793,0.053698644,0.074577294,,,,0.825,0.975,0.90000004,0.975,,,,0.71875,0.8875,0.8125,0.7625,,,,0.87298465,0.873951,0.88783896,0.85478854,,,,-0.01517795,0.0025642663,-0.010233313,-0.002712369,,,0.11045569,0.11894083,0.100188814,0.09731331,0.121786475,,,0.013467965,0.013621074,0.012874394,0.012479922,0.014313116,,,0.50199693,0.55979496,0.49406284,0.5048436,0.563965,,,0.21527778,0.19375001,0.21805555,0.20625,0.22777776,,,-0.0018627096,-0.0022406932,-0.00068091374,-0.00043152168,-0.0037818642,,,0.014176159,0.014159555,0.007912556,0.012559858,0.009585762,,,,,0.1532059,0.091861606,0.41346034,,,,,,-0.037094858,0.09656006,,,0.9951935,0.9939219,0.9941227,0.995613,0.99323326,,,0.044530317,0.046173967,0.046272803,0.043111548,0.047179252,,,0.16337834,0.16954616,0.16816764,0.16045891,0.17093223,,,0.0023469096,0.0031994618,0.0026831701,0.0018743012,0.004172385,,,0.4,0.375,0.475,0.42499998,0.375,,,,0.090239346,0.08613889,0.08720438,0.08239418,,,,0.9,0.925,1.0,0.95000005,,,,0.76875,0.84375,0.89375,0.78749996,,,,0.81663084,0.82482064,0.8222044,0.8302574,,,,0.0076965094,-0.008035719,0.016504884,-0.02104175,,,0.09012728,0.09936169,0.09077706,0.079497434,0.09930158,,,0.009138867,0.009765461,0.008972208,0.0083769895,0.009632888,,,0.5865676,0.62339914,0.6188228,0.6276772,0.6395891,,,0.15555556,0.15069446,0.12986112,0.14375,0.14652778,,,-0.0031744386,-0.003956289,-0.0036458087,-0.0030384175,-0.0043252776,,,0.014367426,0.01371905,0.014276178,0.012636019,0.01067662,,,,,0.061238103,0.07336943,0.015533506,,,,,,-0.048064508,0.09169681,,,1.2255522,1.1970493,1.1036799,1.2241063,1.2264304,,,,,,-0.053667005,0.08602745,,,,,-0.032092094,-0.036007624,-0.018949838,,,,0.007696569,-0.0134782195,0.01360029,-0.021405697,,
cache_new/HiMoE-VLA/libero_spatial/pick_up_the_black_bowl_next_to_the_plate_and_place_it_on_the_plate/right-50x8b-20260903,right-50x8b-20260903,libero_spatial,libero_spatial/pick_up_the_black_bowl_next_to_the_plate_and_place_it_on_the_plate,33,4,1009,10,1029d0827030a7521361d1904eeb3e7e7f2792be5c99abdb5701abb7ee87c137,27633,False,91,,False,True,-1,-1,success_no_alarm,0.99544495,0.9955261,0.997385,0.9969098,0.993709,,,0.04390385,0.044124182,0.040736638,0.040896863,0.04785012,,,0.1584636,0.16088332,0.15216164,0.15272695,0.16550618,,,0.0027242396,0.0030113303,0.0014788443,0.0017197577,0.0047013867,,,0.39999998,0.3,0.45,0.32500002,0.3,,,,0.062157758,0.05542569,0.0507985,0.07786757,,,,0.75,0.875,0.9,0.975,,,,0.7062501,0.80625,0.75625,0.79375,,,,0.8734696,0.8812963,0.8936654,0.84771115,,,,-0.015258044,-0.0021980554,-0.019935042,0.002347976,,,0.10537269,0.115710914,0.10079965,0.098359205,0.12217252,,,0.012863742,0.013712412,0.0128550725,0.012544406,0.014138844,,,0.52688396,0.5366255,0.48501748,0.50521994,0.55907977,,,0.17986113,0.21111111,0.22569445,0.21805555,0.21875,,,-0.0018765714,-0.0022786842,-0.0005628476,-0.0008296787,-0.0040965923,,,0.014444967,0.013925156,0.0077480944,0.010577835,0.009999226,,,,,0.10414274,0.033347934,0.45172828,,,,,,-0.030429982,0.08626742,,,0.99518734,0.9938519,0.9945493,0.99541247,0.9931369,,,0.04428524,0.046926484,0.04538788,0.04343989,0.04744783,,,0.16303131,0.17004606,0.16541305,0.16056006,0.17185771,,,0.0024411045,0.003282358,0.0024923899,0.002014192,0.004308905,,,0.45000002,0.39999998,0.475,0.45,0.325,,,,0.08922899,0.08624317,0.08191158,0.0885407,,,,0.875,0.95,0.975,1.0,,,,0.75,0.85,0.8125,0.85,,,,0.81931573,0.8235754,0.8315439,0.8160257,,,,0.0024271607,-0.0012147874,-0.00065782666,-0.011475906,,,0.08696381,0.09995133,0.08832732,0.07975006,0.10608334,,,0.008819768,0.009863074,0.008910907,0.008217888,0.010047929,,,0.60107034,0.61910546,0.5931636,0.6379335,0.6426037,,,0.14375,0.14652778,0.14999999,0.12777779,0.15416667,,,-0.003068841,-0.0039712684,-0.0030513508,-0.0032217854,-0.004505567,,,0.013936292,0.014689796,0.012939213,0.01079741,0.011327258,,,,,0.065886475,0.014808428,0.09187724,,,,,,-0.08958231,0.111970745,,,1.2116843,1.1576726,1.1412058,1.2333434,1.1516654,,,,,,-0.09195426,0.10909911,,,,,-0.03703174,-0.057704534,-0.09808078,,,,0.002242744,-0.0070774555,-0.0027676225,-0.012767255,,
cache_new/HiMoE-VLA/libero_spatial/pick_up_the_black_bowl_next_to_the_plate_and_place_it_on_the_plate/right-50x8b-20260903,right-50x8b-20260903,libero_spatial,libero_spatial/pick_up_the_black_bowl_next_to_the_plate_and_place_it_on_the_plate,34,4,1010,10,1029d0827030a7521361d1904eeb3e7e7f2792be5c99abdb5701abb7ee87c137,27634,False,93,,False,True,-1,-1,success_no_alarm,0.9953133,0.9953292,0.9972014,0.99714327,0.9941864,,,0.044265546,0.04509713,0.041517902,0.039841108,0.04651039,,,0.15943137,0.1616325,0.15362757,0.1510764,0.16452138,,,0.0028960158,0.0030668806,0.0015792479,0.0015455049,0.004286616,,,0.35000002,0.325,0.375,0.425,0.3,,,,0.061298512,0.061072364,0.050920088,0.06989786,,,,0.84999996,0.92499995,0.95,0.875,,,,0.675,0.8375,0.75625,0.76250005,,,,0.875088,0.87131643,0.8925127,0.8604462,,,,-0.015548065,0.0051249117,-0.021298513,-0.0027832836,,,0.11211889,0.11853237,0.0989251,0.09844257,0.12015562,,,0.01312588,0.013684694,0.012547153,0.013037664,0.0143138,,,0.5262893,0.5442579,0.49495825,0.4650612,0.5420659,,,0.2013889,0.21666667,0.19375,0.23125,0.18125,,,-0.0021274772,-0.002377213,-0.0006666735,-0.000808886,-0.0032747216,,,0.0136835,0.015413188,0.007017739,0.009728733,0.00797197,,,,,0.19493067,0.029933963,0.33487022,,,,,,0.0077611366,0.09972489,,,0.9950789,0.99377525,0.9942908,0.99493206,0.99348557,,,0.044958673,0.046656534,0.045793932,0.04403651,0.0465296,,,0.16430977,0.17046155,0.16734172,0.16253132,0.16743553,,,0.0024621552,0.0028357015,0.0026893616,0.0024395394,0.0039368034,,,0.425,0.39999998,0.52500004,0.525,0.325,,,,0.08708338,0.08831399,0.08479683,0.08848271,,,,0.92499995,0.95,1.0,1.0,,,,0.7937499,0.80625,0.8125,0.88125,,,,0.82179797,0.82082,0.82817745,0.81783044,,,,0.001949966,-0.0030662268,-0.0018463582,0.0036855936,,,0.09114754,0.10109118,0.090545386,0.08355346,0.098410204,,,0.009076286,0.009916779,0.008829417,0.008518754,0.009330383,,,0.58881295,0.6139791,0.6204431,0.6336293,0.64497185,,,0.15347221,0.15763889,0.14791667,0.16458333,0.14652778,,,-0.0032366447,-0.004015657,-0.003413787,-0.003573937,-0.0041594347,,,0.014100648,0.013978319,0.013169116,0.009571683,0.009905618,,,,,0.09382932,0.054834172,0.096808925,,,,,,-0.04342309,0.04747674,,,1.2300813,1.1725292,1.092547,1.1781986,1.220967,,,,,,-0.052915305,0.038090643,,,,,-0.07762477,-0.040907763,-0.10606067,,,,0.001949966,-0.00995481,-0.007707238,-0.0011333823,,
cache_new/HiMoE-VLA/libero_spatial/pick_up_the_black_bowl_next_to_the_plate_and_place_it_on_the_plate/right-50x8b-20260903,right-50x8b-20260903,libero_spatial,libero_spatial/pick_up_the_black_bowl_next_to_the_plate_and_place_it_on_the_plate,35,4,1011,10,1029d0827030a7521361d1904eeb3e7e7f2792be5c99abdb5701abb7ee87c137,27635,False,91,,False,True,-1,-1,success_no_alarm,0.99574333,0.99541754,0.99722743,0.9969642,0.99336547,,,0.042287216,0.044899732,0.041142505,0.040185295,0.04848669,,,0.15620339,0.16141269,0.15365458,0.15183397,0.16673243,,,0.0025218332,0.0032017322,0.001639287,0.0017778878,0.00493033,,,0.3,0.22500001,0.32500002,0.275,0.35000002,,,,0.062205486,0.05665365,0.04999111,0.07607946,,,,0.87499994,1.0,0.92499995,0.975,,,,0.69375,0.8375,0.7125,0.79375005,,,,0.8740772,0.8775107,0.89550126,0.8533716,,,,-0.01765944,0.0008405298,-0.021295324,-0.0007429719,,,0.11296356,0.119255684,0.10311492,0.10104338,0.1264169,,,0.013374905,0.013802149,0.012936204,0.01260389,0.014629527,,,0.4996664,0.52194947,0.50514126,0.489339,0.54677814,,,0.20972222,0.2111111,0.20555556,0.22152777,0.20833334,,,-0.0017996952,-0.002169888,-0.0005671816,-0.0007354494,-0.0042344537,,,0.014098739,0.013856916,0.007621319,0.012132115,0.008903157,,,,,0.13075371,0.018042311,0.43086186,,,,,,-0.032950986,0.11235514,,,0.99526113,0.99439645,0.99399626,0.99493325,0.9928848,,,0.044413745,0.0454259,0.04681333,0.04455124,0.048271965,,,0.16299433,0.16688593,0.16772497,0.16421866,0.1734994,,,0.0022341406,0.003059451,0.0027523413,0.002511325,0.004295593,,,0.475,0.375,0.55,0.375,0.3,,,,0.086830504,0.08677873,0.08901989,0.087665096,,,,0.95000005,0.875,0.975,0.925,,,,0.78749996,0.81875,0.86875,0.79375005,,,,0.8235256,0.8221091,0.8192973,0.8176666,,,,0.007118091,-0.0025075227,0.010944232,-0.011253893,,,0.09378268,0.10343066,0.09422817,0.082245834,0.1031888,,,0.0091123395,0.010030986,0.009107792,0.008412495,0.009747828,,,0.57965946,0.60717034,0.6300662,0.6242329,0.6507412,,,0.16250001,0.15208334,0.14930557,0.13611111,0.13611111,,,-0.0029961271,-0.0034377268,-0.0036459288,-0.0033942324,-0.00396635,,,0.013413593,0.014243469,0.013002657,0.012967639,0.010001456,,,,,0.08195739,0.10755305,0.08707203,,,,,,-0.0670381,0.08044853,,,1.2045248,1.1530013,1.0943109,1.2285532,1.225103,,,,,,-0.075079724,0.07224663,,,,,-0.077655986,-0.10641092,-0.12359996,,,,0.0034630299,-0.012265086,0.007772088,-0.012248039,,
cache_new/HiMoE-VLA/libero_spatial/pick_up_the_black_bowl_next_to_the_plate_and_place_it_on_the_plate/right-50x8b-20260903,right-50x8b-20260903,libero_spatial,libero_spatial/pick_up_the_black_bowl_next_to_the_plate_and_place_it_on_the_plate,36,4,1012,9,1029d0827030a7521361d1904eeb3e7e7f2792be5c99abdb5701abb7ee87c137,27636,False,89,,False,True,-1,-1,success_no_alarm,0.99576974,0.9954717,0.9972875,0.9969296,,,,0.04288832,0.044299122,0.041099753,0.03986348,,,,0.15660788,0.16097492,0.15310748,0.15126532,,,,0.0024949007,0.0030238677,0.0015640445,0.001863518,,,,0.3,0.3,0.325,0.3,,,,,0.06215071,0.0560128,0.0527039,,,,,0.84999996,0.95,0.95000005,,,,,0.7,0.7875,0.71875,,,,,0.8734597,0.88091254,0.8897954,,,,,-0.01611419,-0.0027689785,-0.013167083,,,,0.11089708,0.11672363,0.10192636,0.10179275,,,,0.013403699,0.013796952,0.012974449,0.012865063,,,,0.5243893,0.54163134,0.48514417,0.4755292,,,,0.20347223,0.21041666,0.20763889,0.20416665,,,,-0.0012586722,-0.0016730129,-0.0009154121,-0.0006542908,,,,0.013863155,0.014313465,0.00622465,0.010982782,,,,,,0.12567888,0.07610807,,,,,,,-0.010050791,,,,0.99529946,0.99400824,0.9940311,0.9949955,,,,0.04452818,0.046334293,0.046600536,0.04410222,,,,0.16333997,0.16865341,0.16821125,0.16404252,,,,0.0022690704,0.0032360428,0.0029096887,0.0023436248,,,,0.4,0.4,0.5,0.425,,,,,0.08929822,0.08867745,0.09500555,,,,,0.84999996,0.925,0.95000005,,,,,0.78125,0.83125,0.86875,,,,,0.8198767,0.8183278,0.809336,,,,,0.0072751343,-0.0006889254,0.016278923,,,,0.090891145,0.1020853,0.09219322,0.0819168,,,,0.009069016,0.0101163685,0.00906358,0.008567802,,,,0.60148823,0.6226336,0.616184,0.6170734,,,,0.15486112,0.14236112,0.14513889,0.15069444,,,,-0.0027977622,-0.003829641,-0.0034339088,-0.0034290073,,,,0.014025893,0.015321012,0.011922223,0.013508482,,,,,,0.10140939,0.1694956,,,,,,,-0.043608755,,,,1.2201087,1.143393,1.1055732,1.2426358,,,,,,,-0.05139772,,,,,,-0.10985081,-0.16659364,,,,,0.0040160418,-0.006115079,0.011248052,,,
cache_new/HiMoE-VLA/libero_spatial/pick_up_the_black_bowl_next_to_the_plate_and_place_it_on_the_plate/right-50x8b-20260903,right-50x8b-20260903,libero_spatial,libero_spatial/pick_up_the_black_bowl_next_to_the_plate_and_place_it_on_the_plate,37,4,1013,9,1029d0827030a7521361d1904eeb3e7e7f2792be5c99abdb5701abb7ee87c137,27637,False,90,,False,True,-1,-1,success_no_alarm,0.9956604,0.9955654,0.99734604,0.9972247,,,,0.043326534,0.044102572,0.04106452,0.04025829,,,,0.15800372,0.15976664,0.15292917,0.15076494,,,,0.0025828527,0.0030181063,0.0014600983,0.0015912179,,,,0.32500002,0.25,0.375,0.35000002,,,,,0.06421594,0.056774586,0.050617978,,,,,0.875,0.9,0.875,,,,,0.73125005,0.775,0.81250006,,,,,0.8695574,0.8790039,0.89278316,,,,,-0.011415601,-0.000795871,-0.014992267,,,,0.10851477,0.11858874,0.10000979,0.100009695,,,,0.01336443,0.014112275,0.012975291,0.012960553,,,,0.49723434,0.5241077,0.48869503,0.47547004,,,,0.20694445,0.21944444,0.22777778,0.22152777,,,,-0.0021300223,-0.0023753038,-0.0007666986,-0.0005256134,,,,0.013298303,0.013693184,0.007598017,0.011320125,,,,,,0.10632843,0.007984253,,,,,,,0.012940481,,,,0.9950631,0.99397564,0.99450886,0.99509656,,,,0.044734273,0.046536263,0.045078203,0.04373055,,,,0.16384763,0.16974308,0.16521665,0.1628068,,,,0.0023649335,0.0031562774,0.0025170865,0.0018809398,,,,0.4,0.425,0.39999998,0.47500002,,,,,0.0893949,0.08895098,0.085058615,,,,,0.9,0.975,1.0,,,,,0.7875,0.89375,0.81875,,,,,0.8188667,0.8191533,0.82812077,,,,,0.0061874837,-0.00041754544,0.0005312264,,,,0.08821016,0.10129024,0.08784,0.08257638,,,,0.008950601,0.0100785,0.009022566,0.008403936,,,,0.59132653,0.6137635,0.60278416,0.6511211,,,,0.15833333,0.14722222,0.15416667,0.15347223,,,,-0.003217933,-0.0038351272,-0.0031923763,-0.0035442528,,,,0.013634963,0.014861662,0.013508784,0.011385991,,,,,,0.083382726,0.04227154,,,,,,,-0.056832887,,,,1.2301846,1.1707815,1.138545,1.2111175,,,,,,,-0.06873228,,,,,,-0.030111052,-0.04168987,,,,,0.0061874986,-0.005188465,-0.0016357303,,,
cache_new/HiMoE-VLA/libero_spatial/pick_up_the_black_bowl_next_to_the_plate_and_place_it_on_the_plate/right-50x8b-20260903,right-50x8b-20260903,libero_spatial,libero_spatial/pick_up_the_black_bowl_next_to_the_plate_and_place_it_on_the_plate,38,4,1014,10,1029d0827030a7521361d1904eeb3e7e7f2792be5c99abdb5701abb7ee87c137,27638,False,92,,False,True,-1,-1,success_no_alarm,0.99550503,0.995456,0.9973024,0.9971895,0.9941089,,,0.043511085,0.044283032,0.04104511,0.040371027,0.046650883,,,0.1580501,0.16094059,0.15275171,0.1509715,0.1646871,,,0.0026903073,0.0030484097,0.0014153828,0.0015461757,0.004378627,,,0.325,0.22500001,0.375,0.39999998,0.35,,,,0.061764196,0.05763486,0.05265074,0.07340796,,,,0.84999996,0.975,0.875,0.92499995,,,,0.68125,0.7937499,0.8125,0.775,,,,0.8739637,0.87891644,0.889519,0.8564584,,,,-0.016350478,0.0020756721,-0.015658334,-0.0013517439,,,0.10868968,0.115062796,0.103335366,0.09813647,0.12684116,,,0.013050592,0.013586785,0.013013603,0.0128031,0.014887825,,,0.52249527,0.54109067,0.495372,0.46849892,0.5254668,,,0.19861113,0.21041667,0.22083333,0.24027778,0.2361111,,,-0.0018473861,-0.0023625258,-0.00019487352,-0.00086570904,-0.0037593343,,,0.0129890675,0.013771465,0.00911446,0.011158862,0.011511349,,,,,0.14331633,0.06702438,0.3874938,,,,,,-0.015578504,0.13204229,,,0.99515224,0.9939753,0.99449635,0.9951279,0.9938046,,,0.044216257,0.046403546,0.04607644,0.04394155,0.04667215,,,0.16332664,0.1699655,0.16589895,0.1618317,0.16683015,,,0.0024349992,0.0030830815,0.0025416457,0.0021452943,0.0040955776,,,0.475,0.475,0.55,0.55,0.3,,,,0.08873886,0.089238465,0.0849688,0.08604242,,,,0.9,0.95,0.95,0.975,,,,0.76250005,0.88125,0.8375,0.875,,,,0.82213545,0.81928694,0.8289015,0.82515776,,,,0.0022311509,-0.00063690543,-0.002443254,-0.00798206,,,0.089404106,0.10032625,0.09026476,0.08119863,0.105382144,,,0.008940367,0.009924624,0.009089643,0.008420727,0.010492877,,,0.59496903,0.6211479,0.6111756,0.6402023,0.61525905,,,0.14861111,0.15,0.14583333,0.15902779,0.16597222,,,-0.0030849902,-0.0038225208,-0.003240308,-0.003447719,-0.0039824992,,,0.014096134,0.013693281,0.014953155,0.009544803,0.01108664,,,,,0.095670655,0.04692157,0.056238897,,,,,,-0.06202615,0.15725294,,,1.2157124,1.1468862,1.1448029,1.2085975,1.2036304,,,,,,-0.0697604,0.15024006,,,,,-0.06544176,-0.020679697,-0.085623704,,,,0.0022312403,-0.007809043,-0.0064276457,-0.008978426,,
cache_new/HiMoE-VLA/libero_spatial/pick_up_the_black_bowl_next_to_the_plate_and_place_it_on_the_plate/right-50x8b-20260903,right-50x8b-20260903,libero_spatial,libero_spatial/pick_up_the_black_bowl_next_to_the_plate_and_place_it_on_the_plate,39,4,1015,9,1029d0827030a7521361d1904eeb3e7e7f2792be5c99abdb5701abb7ee87c137,27639,False,90,,False,True,-1,-1,success_no_alarm,0.9955547,0.99507344,0.9971698,0.99691856,,,,0.04360644,0.04520067,0.04132466,0.040142365,,,,0.15775484,0.16243353,0.15425436,0.15178493,,,,0.0026789738,0.0035640998,0.001597564,0.0018212274,,,,0.32500002,0.22500001,0.425,0.275,,,,,0.06689691,0.05504817,0.05111019,,,,,0.95000005,0.975,0.95,,,,,0.71875,0.7687501,0.74375,,,,,0.86705816,0.88241154,0.8935772,,,,,-0.0130301565,-0.0073322654,-0.015350372,,,,0.10514315,0.12066864,0.10569844,0.09704224,,,,0.013213522,0.013736772,0.013412062,0.012626251,,,,0.50599,0.5403261,0.48347807,0.48950943,,,,0.20763887,0.20833333,0.23333333,0.2111111,,,,-0.0022219815,-0.002035793,-0.00074392813,-0.0006708355,,,,0.013905697,0.012918014,0.0074483673,0.0108695645,,,,,,0.07486853,0.012785212,,,,,,,-0.041321065,,,,0.9952704,0.9944078,0.9940812,0.99466115,,,,0.044389278,0.045631748,0.04631708,0.044822827,,,,0.16241512,0.16706666,0.1676636,0.16484119,,,,0.0023406667,0.003157223,0.0026670555,0.0026186595,,,,0.45,0.375,0.45000002,0.375,,,,,0.08890431,0.0868075,0.09248232,,,,,0.87499994,0.925,0.9,,,,,0.76874995,0.8312501,0.86875004,,,,,0.8218784,0.8216981,0.8112179,,,,,0.005790204,-0.0019528866,0.019333795,,,,0.08654189,0.100836,0.09794989,0.08112996,,,,0.008945275,0.00990714,0.009454811,0.008212416,,,,0.5897364,0.61445284,0.6190707,0.65813,,,,0.14861111,0.14444444,0.14861111,0.119444445,,,,-0.0029542663,-0.003266845,-0.0036048423,-0.0036812886,,,,0.013643895,0.013112455,0.012473596,0.012273481,,,,,,0.07337825,0.13590302,,,,,,,-0.11441411,,,,1.2149394,1.1966821,1.0791073,1.1961333,,,,,,,-0.12146785,,,,,,-0.07581557,-0.13793463,,,,,0.004122019,-0.012458622,0.01819539,,,
cache_new/HiMoE-VLA/libero_spatial/pick_up_the_black_bowl_next_to_the_plate_and_place_it_on_the_plate/right-50x8b-20260903,right-50x8b-20260903,libero_spatial,libero_spatial/pick_up_the_black_bowl_next_to_the_plate_and_place_it_on_the_plate,40,5,1008,10,1029d0827030a7521361d1904eeb3e7e7f2792be5c99abdb5701abb7ee87c137,27640,False,97,,False,True,-1,-1,success_no_alarm,0.99543834,0.99686414,0.9969918,0.99723977,0.9965375,,,0.044003583,0.04174731,0.041055284,0.039777186,0.040689133,,,0.15847036,0.15347074,0.15428391,0.15136191,0.15299708,,,0.0028358218,0.0014100514,0.00183263,0.0016928252,0.0021094359,,,0.3,0.47500002,0.525,0.3,0.375,,,,0.056648374,0.07223541,0.05586921,0.05439599,,,,0.775,0.95,0.95000005,0.90000004,,,,0.73125,0.9125,0.84375,0.8,,,,0.888739,0.85476065,0.88168323,0.8863554,,,,-0.013457194,0.020716086,-0.0042166263,-0.014114097,,,0.1123555,0.112208605,0.10135885,0.105318695,0.10676764,,,0.013793336,0.013251462,0.01272049,0.012879508,0.013335273,,,0.49915016,0.499481,0.48516384,0.5076817,0.4982439,,,0.20902777,0.22569443,0.20208333,0.22847222,0.24027777,,,-0.0018746281,-0.00080322777,-0.0009981873,-0.00046163582,-0.0012931376,,,0.012966476,0.008387221,0.008116765,0.012849126,0.012026472,,,,,0.40419278,0.15390964,0.12334168,,,,,,-0.008735122,0.023353126,,,0.9945255,0.9936317,0.993979,0.993502,0.9951997,,,0.04531406,0.04497438,0.04564212,0.047166497,0.0432869,,,0.16653307,0.16633014,0.16731659,0.17051634,0.15992206,,,0.0027587393,0.00247342,0.0033087567,0.004542492,0.0019136681,,,0.32500002,0.4,0.375,0.375,0.525,,,,0.08795597,0.09411198,0.09850625,0.09552382,,,,1.0,0.975,0.975,1.0,,,,0.86875,0.85625,0.87500006,0.93125,,,,0.81933594,0.80870104,0.8016956,0.80944383,,,,0.016141072,0.010642201,0.011210397,0.018159434,,,0.097117275,0.099711396,0.09094426,0.09053379,0.08624591,,,0.009498894,0.009529671,0.0090095615,0.008962898,0.008968279,,,0.589944,0.6048251,0.63559055,0.633184,0.6340499,,,0.15902777,0.14861111,0.14861111,0.13958332,0.15694445,,,-0.0034453284,-0.004154086,-0.0038146097,-0.004275317,-0.0030869339,,,0.014224046,0.012035191,0.012355964,0.013946805,0.012738919,,,,,0.21922308,0.2635679,0.23354486,,,,,,0.0057999915,0.0066247922,,,1.1569054,1.1253338,1.1145163,1.1633081,1.2379444,,,,,,0.008394671,0.008994892,,,,,-0.19027953,-0.24696743,-0.23242396,,,,0.010469079,0.0062842965,0.0064049363,0.015899599,,
cache_new/HiMoE-VLA/libero_spatial/pick_up_the_black_bowl_next_to_the_plate_and_place_it_on_the_plate/right-50x8b-20260903,right-50x8b-20260903,libero_spatial,libero_spatial/pick_up_the_black_bowl_next_to_the_plate_and_place_it_on_the_plate,41,5,1009,10,1029d0827030a7521361d1904eeb3e7e7f2792be5c99abdb5701abb7ee87c137,27641,False,95,,False,True,-1,-1,success_no_alarm,0.9955014,0.996767,0.99713236,0.9970885,0.99647284,,,0.042981647,0.041843075,0.040930048,0.039782695,0.040752564,,,0.15748891,0.15404737,0.15352656,0.15184852,0.15369795,,,0.002750467,0.0015403798,0.001632081,0.0017534663,0.0020569814,,,0.275,0.4,0.375,0.275,0.25,,,,0.055291664,0.06852618,0.054447517,0.056749057,,,,0.95000005,0.95,0.925,0.95000005,,,,0.70000005,0.83125,0.76875,0.825,,,,0.887909,0.8602879,0.8869592,0.88115406,,,,-0.0104880035,0.014935955,-0.01243107,-0.01101701,,,0.1074486,0.112111144,0.10129906,0.103552595,0.105772465,,,0.013325708,0.013755787,0.0130335465,0.012868604,0.013346189,,,0.5123731,0.48197246,0.4813099,0.5058092,0.4748058,,,0.2048611,0.24444443,0.23055556,0.24236111,0.21388888,,,-0.0016589102,-0.0011466943,-0.00071408914,-0.0008386734,-0.0013446808,,,0.012470696,0.0104164425,0.00841579,0.009658667,0.01063749,,,,,0.3731177,0.14880694,0.1894643,,,,,,-0.01872999,0.015735878,,,0.9945047,0.993539,0.99422747,0.99409294,0.99492216,,,0.045073263,0.045168426,0.0450404,0.04375224,0.041843303,,,0.16559584,0.16758238,0.16602956,0.16363348,0.15831243,,,0.0027745618,0.0022140185,0.0030419948,0.00330874,0.0022812467,,,0.4,0.55,0.325,0.325,0.32500002,,,,0.08830763,0.09406004,0.088305086,0.09073426,,,,0.975,0.95,0.9,0.975,,,,0.875,0.875,0.79375005,0.94375,,,,0.8196079,0.807294,0.8212149,0.81633806,,,,0.01457268,0.012401864,0.0035100281,0.016438723,,,0.09427343,0.09774093,0.08904041,0.085198835,0.08182594,,,0.009333313,0.009464871,0.009256204,0.008666173,0.008197896,,,0.60333467,0.61818695,0.6245547,0.6291983,0.65890855,,,0.14791667,0.15208334,0.16736111,0.15625,0.12916666,,,-0.0034934664,-0.0043366114,-0.0035125222,-0.003907325,-0.0032753237,,,0.014063882,0.011651366,0.011423063,0.012205159,0.010701261,,,,,0.2066907,0.1436472,0.17052816,,,,,,-0.028347993,-0.083547994,,,1.1397548,1.1470234,1.1376752,1.2154226,1.292652,,,,,,-0.030634688,-0.08618435,,,,,-0.18616623,-0.15540883,-0.15984209,,,,0.009667277,0.008965254,-0.00063729286,0.015829206,,
cache_new/HiMoE-VLA/libero_spatial/pick_up_the_black_bowl_next_to_the_plate_and_place_it_on_the_plate/right-50x8b-20260903,right-50x8b-20260903,libero_spatial,libero_spatial/pick_up_the_black_bowl_next_to_the_plate_and_place_it_on_the_plate,42,5,1010,10,1029d0827030a7521361d1904eeb3e7e7f2792be5c99abdb5701abb7ee87c137,27642,False,97,,False,True,-1,-1,success_no_alarm,0.9954211,0.99698114,0.99710625,0.99708843,0.9964534,,,0.043623436,0.041061047,0.040887594,0.040137462,0.041104443,,,0.15846744,0.15255907,0.15387395,0.15282206,0.15418606,,,0.0028865396,0.001311729,0.0016940463,0.0017512478,0.0021663452,,,0.275,0.475,0.375,0.3,0.275,,,,0.05510132,0.07302171,0.055352733,0.058508,,,,0.92499995,0.925,0.925,0.95000005,,,,0.63125,0.86875004,0.78125,0.88125,,,,0.89067197,0.85414696,0.8846011,0.8792311,,,,-0.012124658,0.018422827,-0.005473584,-0.006408483,,,0.11212297,0.11077643,0.10498753,0.09923343,0.10648573,,,0.013330466,0.013403665,0.013072018,0.012714349,0.013309083,,,0.5222008,0.49039194,0.4718252,0.4899697,0.48455617,,,0.20277777,0.24097222,0.2125,0.22777778,0.20208333,,,-0.0018211931,-0.00075600133,-0.00068397506,-0.001028181,-0.0011666098,,,0.01198169,0.009376226,0.009072658,0.009267229,0.0108412495,,,,,0.41380525,0.1457998,0.19894983,,,,,,-0.030467626,0.015717084,,,0.9946394,0.9937318,0.9943392,0.99380565,0.9951019,,,0.04540032,0.044802077,0.04463233,0.044664398,0.04221855,,,0.16578418,0.16668084,0.16541837,0.16523129,0.15870936,,,0.0027542675,0.0022781168,0.0031144512,0.0037074129,0.0020993578,,,0.3,0.45,0.42499998,0.35000002,0.3,,,,0.08524629,0.094690576,0.09293179,0.09160127,,,,0.975,0.95000005,0.975,1.0,,,,0.8125,0.85625005,0.89374995,0.9,,,,0.82267666,0.8082009,0.8102459,0.8154028,,,,0.013112992,0.015398577,0.01363045,0.014699325,,,0.096811205,0.098915145,0.09382863,0.085290626,0.083741285,,,0.009381276,0.009594403,0.0094769,0.008508606,0.008137324,,,0.5928754,0.60823053,0.6095113,0.64486146,0.6667313,,,0.16736111,0.1375,0.15208334,0.13819444,0.13680556,,,-0.003387009,-0.0040606996,-0.0034505911,-0.004129114,-0.003269115,,,0.013686927,0.01218482,0.012643207,0.013493637,0.009618502,,,,,0.22320427,0.20231393,0.18758526,,,,,,-0.058174476,-0.10258701,,,1.158161,1.1199138,1.1189286,1.1634741,1.2716037,,,,,,-0.06371094,-0.10832769,,,,,-0.21112141,-0.22186628,-0.17495517,,,,0.009673059,0.0084196925,0.012870908,0.010012209,,
cache_new/HiMoE-VLA/libero_spatial/pick_up_the_black_bowl_next_to_the_plate_and_place_it_on_the_plate/right-50x8b-20260903,right-50x8b-20260903,libero_spatial,libero_spatial/pick_up_the_black_bowl_next_to_the_plate_and_place_it_on_the_plate,43,5,1011,10,1029d0827030a7521361d1904eeb3e7e7f2792be5c99abdb5701abb7ee87c137,27643,False,96,,False,True,-1,-1,success_no_alarm,0.9956585,0.99689454,0.9972252,0.9969006,0.9952206,,,0.042420715,0.04144292,0.040709026,0.040362954,0.043437008,,,0.1570292,0.15292375,0.15355796,0.15315178,0.15868396,,,0.0026812782,0.0014281266,0.001659667,0.0019784197,0.0030973558,,,0.275,0.39999998,0.375,0.25,0.275,,,,0.056574676,0.06805251,0.05741959,0.06411508,,,,0.9,0.925,0.975,0.9,,,,0.75625,0.8625001,0.82500005,0.85,,,,0.8842081,0.85999763,0.87994766,0.86908126,,,,-0.005421385,0.014333978,-0.007274151,-0.009468958,,,0.11451454,0.108932756,0.10496017,0.105302185,0.115276754,,,0.013975371,0.01335928,0.013159685,0.012708389,0.013755091,,,0.49466604,0.4916829,0.47326416,0.4914579,0.511168,,,0.22291668,0.23125,0.21458334,0.22152779,0.22083335,,,-0.0017717653,-0.00081863743,-0.00045346667,-0.0009394036,-0.002517482,,,0.012416647,0.010092819,0.008816658,0.010827376,0.010985428,,,,,0.34254867,0.1782301,0.28311872,,,,,,-0.034198232,0.04231173,,,0.9944479,0.99401575,0.99361384,0.99354255,0.9939889,,,0.046155166,0.045081094,0.047443878,0.045143895,0.044756137,,,0.16619246,0.16691115,0.17134228,0.16684489,0.16458063,,,0.0027511548,0.002327235,0.0034275628,0.003757924,0.002802595,,,0.375,0.5,0.3,0.35,0.375,,,,0.08985149,0.09853039,0.09401555,0.10072271,,,,0.975,0.975,0.95,1.0,,,,0.8875,0.91875,0.85625,0.9125,,,,0.8138052,0.80016613,0.81178725,0.8033371,,,,0.03128779,0.02061133,0.0078840405,0.021462545,,,0.09935077,0.09427346,0.09441249,0.0879917,0.09245283,,,0.009711321,0.00918392,0.009306749,0.008674272,0.008865554,,,0.59061027,0.6332693,0.6192496,0.6094234,0.6624796,,,0.17222223,0.1423611,0.14583334,0.13680556,0.15,,,-0.0034347,-0.0039584558,-0.0042687124,-0.0042562094,-0.0039681382,,,0.012603238,0.012154924,0.013475923,0.012482312,0.010818579,,,,,0.25365806,0.20346007,0.27375922,,,,,,-0.017863974,0.0038159308,,,1.1526285,1.1554976,1.1117191,1.1967286,1.246871,,,,,,-0.025008988,-0.0031969934,,,,,-0.26709193,-0.19628555,-0.28290462,,,,0.025082827,0.018494487,0.0073268414,0.016583383,,
cache_new/HiMoE-VLA/libero_spatial/pick_up_the_black_bowl_next_to_the_plate_and_place_it_on_the_plate/right-50x8b-20260903,right-50x8b-20260903,libero_spatial,libero_spatial/pick_up_the_black_bowl_next_to_the_plate_and_place_it_on_the_plate,44,5,1012,10,1029d0827030a7521361d1904eeb3e7e7f2792be5c99abdb5701abb7ee87c137,27644,False,95,,False,True,-1,-1,success_no_alarm,0.99554414,0.9964409,0.9973248,0.9967177,0.99573493,,,0.04312261,0.042237543,0.04044219,0.04115546,0.04277274,,,0.15783674,0.15586792,0.15236945,0.1541977,0.15850389,,,0.0027802887,0.0017371108,0.0015313334,0.0019822894,0.0027286767,,,0.35000002,0.42499998,0.35000002,0.35000002,0.3,,,,0.05745737,0.0632944,0.056483142,0.06543107,,,,0.775,0.9,0.975,0.95000005,,,,0.65000004,0.8125,0.7937499,0.83125,,,,0.88601094,0.86873513,0.88256943,0.86516654,,,,-0.009324625,0.009384736,-0.0123561025,-0.0010919571,,,0.110024035,0.11176829,0.10452908,0.10463226,0.11383237,,,0.013484321,0.0133183915,0.013193657,0.01252361,0.013810547,,,0.5323554,0.51915264,0.45643958,0.49423578,0.50903624,,,0.2048611,0.21597223,0.22291666,0.19375001,0.20763889,,,-0.0013410347,-0.0007762953,-0.00074475363,-0.00089831697,-0.0019657617,,,0.012142677,0.010913042,0.0063606855,0.008469604,0.011821533,,,,,0.28880075,0.18480526,0.3257962,,,,,,-0.046520084,0.04934434,,,0.99457246,0.9940622,0.9935974,0.99337626,0.9932891,,,0.045048572,0.044525426,0.047040127,0.04629439,0.0490487,,,0.16587387,0.16456455,0.1714997,0.16738969,0.1725361,,,0.002840345,0.0023023146,0.003152167,0.0041476884,0.0036871363,,,0.325,0.475,0.325,0.325,0.475,,,,0.08719134,0.09935222,0.09373027,0.10611202,,,,1.0,0.975,0.95,1.0,,,,0.875,0.85625,0.84375,0.925,,,,0.82032686,0.80034125,0.8123323,0.7915588,,,,0.019632548,0.025748119,0.009013668,0.019747287,,,0.09754704,0.09531391,0.09265048,0.08851786,0.10004648,,,0.009639955,0.009257856,0.009110536,0.008753206,0.009976273,,,0.60538316,0.6252135,0.6201103,0.6161243,0.6222566,,,0.15763889,0.14305556,0.12222223,0.15902779,0.1423611,,,-0.003184637,-0.0036862588,-0.004174896,-0.004266098,-0.004429723,,,0.01351683,0.012883898,0.012003373,0.011535519,0.01398354,,,,,0.27961636,0.2108222,0.3435197,,,,,,0.0011784704,0.13199896,,,1.1279075,1.1726336,1.1282088,1.1820469,1.1377949,,,,,,0.0013061572,0.13209575,,,,,-0.29085153,-0.26268828,-0.3551823,,,,0.015106142,0.019141912,0.0027382374,0.015548527,,
cache_new/HiMoE-VLA/libero_spatial/pick_up_the_black_bowl_next_to_the_plate_and_place_it_on_the_plate/right-50x8b-20260903,right-50x8b-20260903,libero_spatial,libero_spatial/pick_up_the_black_bowl_next_to_the_plate_and_place_it_on_the_plate,45,5,1013,10,1029d0827030a7521361d1904eeb3e7e7f2792be5c99abdb5701abb7ee87c137,27645,False,95,,False,True,-1,-1,success_no_alarm,0.9955579,0.99693036,0.99709934,0.9968889,0.99550074,,,0.042901665,0.041396298,0.041259658,0.040515043,0.043614313,,,0.1578341,0.15336533,0.15466572,0.15355176,0.15866145,,,0.002685165,0.0014151764,0.0017465525,0.0017441276,0.0028415662,,,0.25,0.325,0.375,0.425,0.325,,,,0.05325996,0.07262334,0.054843422,0.062322095,,,,0.975,1.0,1.0,0.95,,,,0.70000005,0.875,0.74375,0.79999995,,,,0.89248616,0.8546838,0.885023,0.8720807,,,,-0.014931291,0.016645208,-0.010102645,-0.008398369,,,0.10848574,0.10926247,0.10247499,0.10520234,0.11440679,,,0.013435566,0.013476869,0.013124515,0.012960279,0.014039706,,,0.500148,0.476037,0.46242708,0.49967933,0.51124585,,,0.20763889,0.22847223,0.21736111,0.225,0.22013889,,,-0.0020820394,-0.0010318959,-0.0009741441,-0.0009128667,-0.0025989502,,,0.012231182,0.010445538,0.009518716,0.011357216,0.013514595,,,,,0.41879022,0.14104861,0.26729006,,,,,,-0.007916477,0.06981954,,,0.99458265,0.9935776,0.9943139,0.9933129,0.9941806,,,0.044949856,0.045396194,0.04514893,0.045564957,0.0468949,,,0.1654354,0.16745442,0.16665845,0.16789432,0.1683467,,,0.0027242051,0.0023272522,0.0030704578,0.004330093,0.002630681,,,0.275,0.5,0.375,0.275,0.5,,,,0.08725178,0.09204614,0.10202648,0.09740849,,,,0.975,0.95000005,1.0,1.0,,,,0.86249995,0.90000004,0.83124995,0.8937501,,,,0.8205915,0.81079996,0.79551196,0.8040173,,,,0.018452674,0.014295623,0.023055717,0.009499922,,,0.09600299,0.096863225,0.091742516,0.08979144,0.09506835,,,0.009538095,0.009422388,0.009310737,0.0090621505,0.009670219,,,0.5844415,0.6165703,0.61757576,0.6424233,0.6254861,,,0.16319445,0.14236112,0.15486112,0.1375,0.14861111,,,-0.0034826316,-0.004302765,-0.003605857,-0.004297124,-0.003963805,,,0.013732278,0.012785221,0.013687934,0.01335177,0.013503816,,,,,0.19627321,0.29794866,0.25121024,,,,,,-0.012778036,0.05198109,,,1.1300247,1.1280078,1.1169847,1.1716299,1.2034161,,,,,,-0.023893788,0.04105081,,,,,-0.18555744,-0.28794333,-0.25986677,,,,0.012340605,0.010909677,0.017383397,0.0077449083,,
cache_new/HiMoE-VLA/libero_spatial/pick_up_the_black_bowl_next_to_the_plate_and_place_it_on_the_plate/right-50x8b-20260903,right-50x8b-20260903,libero_spatial,libero_spatial/pick_up_the_black_bowl_next_to_the_plate_and_place_it_on_the_plate,46,5,1014,10,1029d0827030a7521361d1904eeb3e7e7f2792be5c99abdb5701abb7ee87c137,27646,False,95,,False,True,-1,-1,success_no_alarm,0.99547887,0.9967403,0.9972414,0.9968071,0.9944085,,,0.043499667,0.04140261,0.04079475,0.041024584,0.046243142,,,0.1582548,0.15391687,0.15284875,0.15396106,0.16316652,,,0.002762265,0.001581776,0.0016027923,0.0018592873,0.004116783,,,0.375,0.35,0.375,0.32500002,0.25,,,,0.05481221,0.066312805,0.060040582,0.0689991,,,,0.875,0.875,1.0,0.975,,,,0.70000005,0.8375,0.85,0.8000001,,,,0.887811,0.864673,0.87297106,0.8595101,,,,-0.0134958625,0.013371155,0.0014929473,-0.0054744184,,,0.11080837,0.10996896,0.10230232,0.101059675,0.12245647,,,0.013404164,0.013578416,0.012853521,0.01242581,0.014348451,,,0.5149878,0.49146065,0.48394862,0.5011784,0.53017324,,,0.19097221,0.23750001,0.20972222,0.21458334,0.21944444,,,-0.0016825751,-0.0011309235,-0.00014711395,-0.0013387989,-0.0033808523,,,0.012253221,0.010068824,0.007861592,0.011745191,0.011887152,,,,,0.32999715,0.23759007,0.37203687,,,,,,-0.045043938,0.09669098,,,0.9948367,0.9934366,0.99404085,0.99309546,0.99363804,,,0.044870995,0.04561175,0.046211686,0.047252048,0.046321686,,,0.16492647,0.16851263,0.16809621,0.17112395,0.16875312,,,0.002612107,0.0025301913,0.002926543,0.00445994,0.0031738537,,,0.35000002,0.45000002,0.35000002,0.35,0.35,,,,0.089324266,0.09535493,0.097423494,0.10114566,,,,0.975,0.975,0.95,0.975,,,,0.85625005,0.8375,0.84375,0.86249995,,,,0.8160516,0.8064944,0.80615276,0.8028173,,,,0.01793605,0.013062909,0.010584161,0.016610205,,,0.094098166,0.097337134,0.08740225,0.089455925,0.09531421,,,0.009330591,0.009572939,0.0088204,0.008765401,0.009401371,,,0.59455025,0.62380207,0.6300438,0.6401448,0.65610975,,,0.16388889,0.14861111,0.13541666,0.13402778,0.13680556,,,-0.003034978,-0.0043960484,-0.003716975,-0.004858286,-0.0041841147,,,0.013670494,0.012096493,0.011795666,0.014956657,0.013257642,,,,,0.21689643,0.23471785,0.27495593,,,,,,0.003507881,0.07369923,,,1.1775827,1.129774,1.170477,1.1297147,1.2847661,,,,,,0.008804075,0.07884723,,,,,-0.19566831,-0.2407957,-0.28277966,,,,0.014391899,0.010480225,0.0020601153,0.010779679,,
cache_new/HiMoE-VLA/libero_spatial/pick_up_the_black_bowl_next_to_the_plate_and_place_it_on_the_plate/right-50x8b-20260903,right-50x8b-20260903,libero_spatial,libero_spatial/pick_up_the_black_bowl_next_to_the_plate_and_place_it_on_the_plate,47,5,1015,10,1029d0827030a7521361d1904eeb3e7e7f2792be5c99abdb5701abb7ee87c137,27647,False,94,,False,True,-1,-1,success_no_alarm,0.9954145,0.9966975,0.99710304,0.9970225,0.99484175,,,0.04375536,0.041742045,0.04143863,0.04012975,0.045612387,,,0.15874043,0.15468092,0.15455681,0.1518992,0.16119054,,,0.0028468631,0.0016356582,0.0018106506,0.0018530958,0.003827887,,,0.3,0.35,0.35000002,0.22500001,0.3,,,,0.05598859,0.07005723,0.055071387,0.067779504,,,,0.84999996,0.925,0.9,0.975,,,,0.75,0.875,0.79999995,0.79375,,,,0.88628256,0.856983,0.88473654,0.8643769,,,,-0.011105135,0.01415959,-0.011455044,-0.009074628,,,0.105391875,0.11372517,0.10749303,0.0993713,0.12066282,,,0.013339659,0.013558794,0.013432097,0.012614707,0.014452243,,,0.50649726,0.49630335,0.45272887,0.5047692,0.51367795,,,0.20347221,0.21944444,0.21736111,0.21805556,0.22638887,,,-0.0021803272,-0.00057825726,-0.00075770397,-0.0006380556,-0.0030462597,,,0.012498991,0.010595313,0.00890718,0.009440284,0.010216192,,,,,0.38117644,0.14475052,0.34730285,,,,,,-0.04159183,0.09121165,,,0.9945576,0.9936796,0.9938494,0.9940681,0.99372673,,,0.04534161,0.04463172,0.04637375,0.043969467,0.044942178,,,0.16582617,0.16645256,0.169751,0.1642446,0.16543828,,,0.002729984,0.0023261514,0.0034491809,0.0034339777,0.0035028395,,,0.375,0.5,0.35,0.35000002,0.32500002,,,,0.08672885,0.09912021,0.09126841,0.09860679,,,,0.975,1.0,0.82500005,1.0,,,,0.85625005,0.925,0.85,0.9125,,,,0.82218534,0.79891664,0.81615305,0.80294955,,,,0.016273528,0.02399613,0.00755392,0.014672339,,,0.09264516,0.097502224,0.09513594,0.08347861,0.09283589,,,0.009284614,0.009395208,0.009245848,0.008380112,0.009049491,,,0.6055819,0.6193237,0.6158732,0.647388,0.6668461,,,0.15763888,0.14652777,0.12708333,0.1625,0.1375,,,-0.0033496888,-0.004167483,-0.0038715014,-0.003957699,-0.004033045,,,0.013441816,0.012233762,0.011874423,0.012891992,0.011228494,,,,,0.2649737,0.18161325,0.2585944,,,,,,-0.06601993,0.01081733,,,1.1375864,1.1663854,1.1298888,1.1903805,1.2997433,,,,,,-0.063419215,0.013428011,,,,,-0.25325006,-0.18361525,-0.26581463,,,,0.012337029,0.019130409,0.007349193,0.01259917,,
cache_new/HiMoE-VLA/libero_spatial/pick_up_the_black_bowl_next_to_the_plate_and_place_it_on_the_plate/right-50x8b-20260903,right-50x8b-20260903,libero_spatial,libero_spatial/pick_up_the_black_bowl_next_to_the_plate_and_place_it_on_the_plate,48,6,1008,9,1029d0827030a7521361d1904eeb3e7e7f2792be5c99abdb5701abb7ee87c137,27648,False,90,,False,True,-1,-1,success_no_alarm,0.99611855,0.9953035,0.9967863,0.9969101,,,,0.042159893,0.04495618,0.042095434,0.04043965,,,,0.15488616,0.16181725,0.15549108,0.15221727,,,,0.0022153945,0.0032983865,0.0013379391,0.0019165574,,,,0.275,0.3,0.425,0.5,,,,,0.062671766,0.06459119,0.051329423,,,,,0.85,1.0,0.875,,,,,0.71875,0.85625005,0.725,,,,,0.87685513,0.86780995,0.89214015,,,,,-0.019234464,-0.0020210743,-0.01944542,,,,0.1074879,0.11832549,0.10572643,0.10094578,,,,0.01332455,0.013780914,0.013274674,0.012863465,,,,0.47914046,0.5511591,0.5077936,0.52316034,,,,0.19722222,0.20972224,0.21666667,0.20694444,,,,-0.0014689725,-0.0022420003,-0.0010097101,-0.0006349771,,,,0.014709546,0.013032522,0.007821315,0.010642658,,,,,,0.21565449,-0.019475626,,,,,,,-0.02877951,,,,0.99569815,0.99343866,0.994372,0.9943849,,,,0.043473378,0.046980273,0.046093315,0.044976503,,,,0.16063224,0.17002098,0.16784583,0.16600609,,,,0.0020825206,0.004154482,0.0027145396,0.0024206901,,,,0.425,0.32500002,0.425,0.425,,,,,0.09457451,0.08785692,0.086079605,,,,,0.975,0.9,1.0,,,,,0.84375,0.80625004,0.79375005,,,,,0.811946,0.822235,0.82205117,,,,,0.00777705,-0.002786249,-0.008436471,,,,0.08548753,0.09990808,0.095769815,0.0849696,,,,0.008826476,0.009438695,0.009306784,0.008640967,,,,0.5733938,0.645848,0.60068667,0.6434165,,,,0.14652778,0.14027779,0.14791667,0.13333333,,,,-0.0027521525,-0.0043315897,-0.003207958,-0.003486759,,,,0.013610318,0.01263828,0.012463045,0.011450129,,,,,,0.04071404,0.025743213,,,,,,,-0.035303295,,,,1.2573519,1.1843435,1.103964,1.1880223,,,,,,,-0.039616246,,,,,,-0.07078328,-0.029014815,,,,,0.0075567365,-0.0027862787,-0.015330195,,,
cache_new/HiMoE-VLA/libero_spatial/pick_up_the_black_bowl_next_to_the_plate_and_place_it_on_the_plate/right-50x8b-20260903,right-50x8b-20260903,libero_spatial,libero_spatial/pick_up_the_black_bowl_next_to_the_plate_and_place_it_on_the_plate,49,6,1009,10,1029d0827030a7521361d1904eeb3e7e7f2792be5c99abdb5701abb7ee87c137,27649,False,91,,False,True,-1,-1,success_no_alarm,0.99613565,0.9955706,0.9966252,0.99676573,0.9934088,,,0.041494403,0.043694705,0.042328484,0.040839463,0.04896596,,,0.15405497,0.15975273,0.15548573,0.15288267,0.16946003,,,0.0021286465,0.0030313146,0.001334379,0.002044719,0.0050945734,,,0.275,0.32500002,0.525,0.35,0.3,,,,0.06357168,0.06000548,0.05304669,0.08087971,,,,0.85,0.82500005,0.92499995,0.9,,,,0.73125005,0.7625,0.75,0.83124995,,,,0.87409115,0.8756875,0.8910248,0.8407048,,,,-0.014531195,-0.012327552,-0.01692374,0.00879252,,,0.10275929,0.11462912,0.10372801,0.10497452,0.12572134,,,0.012983844,0.013636608,0.0131201465,0.012892506,0.014091054,,,0.50188553,0.5263243,0.5088854,0.5138094,0.5683765,,,0.19791667,0.20138888,0.22083333,0.20138888,0.19513889,,,-0.0012135439,-0.0021512965,-0.0010971805,-0.0009974478,-0.0042653764,,,0.0151346065,0.011538068,0.008878741,0.008939211,0.010480273,,,,,0.13660043,0.0057144198,0.4231022,,,,,,-0.03919656,0.046305116,,,0.9957112,0.99380016,0.99435776,0.9934565,0.99298716,,,0.04270217,0.04622833,0.045589443,0.046804223,0.04820044,,,0.16030087,0.16934629,0.16748592,0.16976938,0.17319739,,,0.0019257757,0.0038544235,0.0025988128,0.0030109005,0.0048241992,,,0.47500002,0.35000002,0.35,0.35,0.3,,,,0.09154324,0.08727286,0.0880236,0.0994346,,,,0.95,0.975,0.95,0.925,,,,0.83124995,0.7875,0.78125,0.8375,,,,0.8123371,0.82102996,0.82155627,0.79910445,,,,0.0039563477,-0.0016643256,-0.010168478,0.008569047,,,0.082345605,0.09651534,0.098530255,0.09040091,0.11586408,,,0.008734471,0.00934149,0.009630934,0.008896865,0.0103786215,,,0.57584804,0.6217091,0.61838174,0.63954055,0.63470066,,,0.14305556,0.13472222,0.13541666,0.12847222,0.15069444,,,-0.002624094,-0.0038615607,-0.002758017,-0.0044047683,-0.0045790384,,,0.013669423,0.01167474,0.013134473,0.010796189,0.011282929,,,,,0.04750001,0.055433456,0.17913763,,,,,,-0.04607046,0.108260825,,,1.2479025,1.1876777,1.0527529,1.1612109,1.085076,,,,,,-0.056709133,0.09734,,,,,-0.063019365,-0.08876555,-0.1460566,,,,0.00078731775,-0.0017751455,-0.011077821,0.004876375,,
cache_new/HiMoE-VLA/libero_spatial/pick_up_the_black_bowl_next_to_the_plate_and_place_it_on_the_plate/right-50x8b-20260903,right-50x8b-20260903,libero_spatial,libero_spatial/pick_up_the_black_bowl_next_to_the_plate_and_place_it_on_the_plate,50,6,1010,9,1029d0827030a7521361d1904eeb3e7e7f2792be5c99abdb5701abb7ee87c137,27650,False,90,,False,True,-1,-1,success_no_alarm,0.99579144,0.99543726,0.9966581,0.9967389,,,,0.0422479,0.04552369,0.042159393,0.040804304,,,,0.1564831,0.16098744,0.15592836,0.15345007,,,,0.0024980137,0.0031630876,0.0014180657,0.00206761,,,,0.32500002,0.3,0.475,0.35000002,,,,,0.06516951,0.066237256,0.054473255,,,,,0.85,1.0,0.95,,,,,0.73125,0.85,0.725,,,,,0.8725052,0.86403185,0.8873169,,,,,-0.011932701,0.00055392087,-0.015625,,,,0.10818524,0.11668405,0.10753026,0.10270582,,,,0.01310309,0.013807355,0.0134128425,0.012986639,,,,0.5121072,0.544273,0.489107,0.5036106,,,,0.20416667,0.21041666,0.22430556,0.20069444,,,,-0.0016889728,-0.0022266249,-0.0009749525,-0.0011945227,,,,0.013996849,0.013532832,0.008039504,0.010220848,,,,,,0.22177081,0.016512418,,,,,,,-0.025570653,,,,0.99565697,0.99375445,0.99452335,0.99445415,,,,0.043615233,0.04641635,0.04582672,0.04448748,,,,0.1609357,0.16862828,0.16627875,0.16509649,,,,0.0020825034,0.003957768,0.002716105,0.0024391268,,,,0.40000004,0.325,0.475,0.32500002,,,,,0.09427879,0.089682505,0.088498004,,,,,1.0,0.9,1.0,,,,,0.84375006,0.81875,0.81874996,,,,,0.8094858,0.8174062,0.8174405,,,,,0.01305677,0.0052284747,-0.0022539943,,,,0.085549,0.09827685,0.098311365,0.08562782,,,,0.008705175,0.009611803,0.009344733,0.008672121,,,,0.5786743,0.6303351,0.59793234,0.62845373,,,,0.16388889,0.1388889,0.15277778,0.12361111,,,,-0.002784124,-0.004084571,-0.002854912,-0.003530563,,,,0.013681123,0.012430364,0.012431,0.011589887,,,,,,0.058078773,0.048998743,,,,,,,-0.049212594,,,,1.2645997,1.1872994,1.0937724,1.1994445,,,,,,,-0.05021116,,,,,,-0.07420535,-0.05949051,,,,,0.013056815,0.0052284,-0.009973645,,,
cache_new/HiMoE-VLA/libero_spatial/pick_up_the_black_bowl_next_to_the_plate_and_place_it_on_the_plate/right-50x8b-20260903,right-50x8b-20260903,libero_spatial,libero_spatial/pick_up_the_black_bowl_next_to_the_plate_and_place_it_on_the_plate,51,6,1011,9,1029d0827030a7521361d1904eeb3e7e7f2792be5c99abdb5701abb7ee87c137,27651,False,89,,False,True,-1,-1,success_no_alarm,0.99612796,0.99562263,0.9968334,0.996821,,,,0.041050196,0.044128634,0.041978553,0.040209685,,,,0.15411614,0.15987992,0.15545255,0.15168281,,,,0.0021705586,0.003032364,0.0014053734,0.0020507728,,,,0.35000002,0.275,0.425,0.325,,,,,0.06556526,0.0613665,0.05075111,,,,,0.875,0.9,0.95,,,,,0.71875,0.8125,0.75,,,,,0.8710022,0.87301725,0.8939916,,,,,-0.014205873,-0.0062488616,-0.022304371,,,,0.10891162,0.11841515,0.10638413,0.109039746,,,,0.013517171,0.0141150635,0.0131672,0.013309177,,,,0.47992933,0.52269644,0.5013037,0.48198497,,,,0.21458332,0.20416668,0.20972222,0.22083333,,,,-0.0014734443,-0.001889711,-0.0007898647,-0.0008976979,,,,0.013925301,0.01169716,0.008635554,0.009850358,,,,,,0.12866725,-0.07064995,,,,,,,0.011390296,,,,0.9957589,0.9938309,0.99520284,0.9944837,,,,0.043151546,0.04629282,0.045593835,0.045196753,,,,0.15993752,0.16893438,0.16520086,0.16468431,,,,0.0017935382,0.004013903,0.0023285076,0.0025619394,,,,0.475,0.325,0.4,0.475,,,,,0.09163029,0.08192717,0.08492604,,,,,1.0,0.975,0.925,,,,,0.84375,0.79375,0.775,,,,,0.81255066,0.8317022,0.8234323,,,,,0.006440237,-0.0056344867,0.0020913184,,,,0.0862753,0.09924468,0.09441455,0.08810057,,,,0.008991795,0.0095342025,0.009044588,0.008701066,,,,0.5610516,0.6126427,0.6055484,0.6195829,,,,0.17013888,0.14583334,0.1423611,0.14305556,,,,-0.0025898353,-0.0038852254,-0.0022298067,-0.0034683743,,,,0.012685008,0.013219266,0.012351439,0.012295499,,,,,,-0.028549543,0.010994,,,,,,,-0.026446408,,,,1.2623731,1.1931638,1.1267769,1.2376736,,,,,,,-0.020827577,,,,,,0.056804243,-0.02734128,,,,,0.0042179227,-0.0056344867,-0.002218008,,,
cache_new/HiMoE-VLA/libero_spatial/pick_up_the_black_bowl_next_to_the_plate_and_place_it_on_the_plate/right-50x8b-20260903,right-50x8b-20260903,libero_spatial,libero_spatial/pick_up_the_black_bowl_next_to_the_plate_and_place_it_on_the_plate,52,6,1012,9,1029d0827030a7521361d1904eeb3e7e7f2792be5c99abdb5701abb7ee87c137,27652,False,90,,False,True,-1,-1,success_no_alarm,0.9960946,0.9952034,0.9968718,0.99677265,,,,0.041759424,0.04523473,0.04169383,0.040906116,,,,0.15474536,0.16178621,0.15460646,0.15308988,,,,0.0022021518,0.0032824953,0.001280428,0.002112566,,,,0.325,0.275,0.54999995,0.375,,,,,0.06610821,0.061577372,0.05395897,,,,,0.875,0.95,0.95,,,,,0.76250005,0.76874995,0.74375,,,,,0.87034523,0.87404156,0.88869107,,,,,-0.012124777,-0.006843537,-0.018188134,,,,0.106079556,0.11909574,0.11009885,0.10602343,,,,0.013109321,0.014010491,0.013674655,0.013221033,,,,0.5164415,0.5378261,0.48089114,0.49828142,,,,0.21041666,0.21597221,0.22291666,0.21527779,,,,-0.0010654841,-0.0018717559,-0.001159077,-0.0008448476,,,,0.014609607,0.01227672,0.0060561486,0.008428761,,,,,,0.15466765,0.014858555,,,,,,,-0.0047463104,,,,0.99577934,0.9935732,0.9945076,0.993958,,,,0.044043083,0.04734834,0.04623968,0.045796316,,,,0.1608868,0.17054439,0.1682747,0.16778988,,,,0.001922147,0.0041624615,0.0025088657,0.0027383938,,,,0.375,0.4,0.4,0.35,,,,,0.09399989,0.08628675,0.08887972,,,,,0.975,1.0,0.975,,,,,0.86875,0.80625004,0.80625,,,,,0.80979764,0.8233593,0.81650424,,,,,0.0061495155,0.00018750131,-0.0024958402,,,,0.08531885,0.10019459,0.099126495,0.08794955,,,,0.008836961,0.00968475,0.009372054,0.0087449495,,,,0.58397245,0.62684983,0.60192055,0.6253427,,,,0.15833333,0.13055556,0.14513889,0.14027777,,,,-0.0024119364,-0.00409544,-0.0026797992,-0.003973642,,,,0.014328983,0.011547353,0.0118416855,0.0116383415,,,,,,0.021853618,0.055972442,,,,,,,-0.033553027,,,,1.2433308,1.1886444,1.1106905,1.2055027,,,,,,,-0.031509567,,,,,,-0.054208294,-0.083627775,,,,,0.0032102466,0.00018745661,-0.009328723,,,
cache_new/HiMoE-VLA/libero_spatial/pick_up_the_black_bowl_next_to_the_plate_and_place_it_on_the_plate/right-50x8b-20260903,right-50x8b-20260903,libero_spatial,libero_spatial/pick_up_the_black_bowl_next_to_the_plate_and_place_it_on_the_plate,53,6,1013,9,1029d0827030a7521361d1904eeb3e7e7f2792be5c99abdb5701abb7ee87c137,27653,False,89,,False,True,-1,-1,success_no_alarm,0.99616337,0.99562955,0.996907,0.99693316,,,,0.041434206,0.04407086,0.04167244,0.04008736,,,,0.15424322,0.16001177,0.15502983,0.15134972,,,,0.0020824005,0.0030522104,0.0012738239,0.001956251,,,,0.32500002,0.25,0.375,0.32500002,,,,,0.06600177,0.05816436,0.050598115,,,,,0.92499995,0.925,0.9,,,,,0.75,0.75,0.69374996,,,,,0.86968756,0.8791945,0.89438844,,,,,-0.011654943,-0.013740212,-0.01940395,,,,0.102517396,0.11687129,0.10303053,0.10400328,,,,0.012955159,0.013978135,0.013160739,0.01314376,,,,0.484438,0.5228575,0.49323186,0.50679326,,,,0.19652778,0.21527778,0.2263889,0.2111111,,,,-0.0016574312,-0.0023252915,-0.0010484062,-0.0006861248,,,,0.013776761,0.012020527,0.0076409886,0.010079542,,,,,,0.07799528,-0.07017821,,,,,,,0.003141418,,,,0.9956936,0.99372387,0.9952169,0.99420667,,,,0.043653462,0.046321936,0.045825128,0.045775324,,,,0.16081521,0.16893095,0.1648572,0.16588876,,,,0.0018242544,0.003981278,0.002242155,0.002630062,,,,0.475,0.32500002,0.475,0.425,,,,,0.093625344,0.08152103,0.085486285,,,,,0.975,0.875,1.0,,,,,0.86875,0.76250005,0.8125,,,,,0.8075844,0.83265543,0.8236638,,,,,0.010396048,-0.0070080757,-0.0038225204,,,,0.08261249,0.099335566,0.092851415,0.086998865,,,,0.008527491,0.0097288005,0.0091729555,0.008652696,,,,0.5811132,0.6129729,0.611608,0.6501901,,,,0.14097223,0.14097223,0.13819444,0.14583334,,,,-0.002739649,-0.0040252367,-0.0022801976,-0.0036828364,,,,0.012997675,0.012545072,0.01279868,0.011833807,,,,,,-0.053062085,-0.0023850054,,,,,,,-0.03810959,,,,1.2409431,1.1765301,1.1096281,1.1954556,,,,,,,-0.038455475,,,,,,0.054134376,0.0030790865,,,,,0.0057626963,-0.0070080757,-0.0071144104,,,
cache_new/HiMoE-VLA/libero_spatial/pick_up_the_black_bowl_next_to_the_plate_and_place_it_on_the_plate/right-50x8b-20260903,right-50x8b-20260903,libero_spatial,libero_spatial/pick_up_the_black_bowl_next_to_the_plate_and_place_it_on_the_plate,54,6,1014,9,1029d0827030a7521361d1904eeb3e7e7f2792be5c99abdb5701abb7ee87c137,27654,False,89,,False,True,-1,-1,success_no_alarm,0.99597687,0.9957236,0.9967509,0.9969388,,,,0.041930865,0.044143014,0.04174926,0.0401512,,,,0.15538761,0.1599727,0.15609173,0.1509558,,,,0.0022377179,0.0029559862,0.0014015038,0.0018803207,,,,0.325,0.275,0.375,0.35,,,,,0.06412732,0.060547207,0.0511491,,,,,0.9,0.85,0.92499995,,,,,0.76874995,0.76875,0.73125005,,,,,0.8739395,0.8745276,0.89332426,,,,,-0.011445522,-0.010227203,-0.01809904,,,,0.10638506,0.113378555,0.104912855,0.10288865,,,,0.013064226,0.013889036,0.012930557,0.013112728,,,,0.50008464,0.5258212,0.50785863,0.489707,,,,0.19027777,0.21041667,0.19583333,0.23611112,,,,-0.001392234,-0.00201844,-0.0006363358,-0.0010696977,,,,0.013532846,0.011862285,0.00914648,0.010213276,,,,,,0.122208975,-0.054997057,,,,,,,0.003462238,,,,0.99575746,0.9939208,0.99528706,0.9940655,,,,0.043134876,0.046387516,0.045774538,0.046350818,,,,0.1603172,0.16860053,0.16480868,0.16733234,,,,0.002029825,0.003969411,0.0022549848,0.002587307,,,,0.40000004,0.325,0.45000002,0.42499998,,,,,0.09141504,0.08337956,0.08377194,,,,,0.975,0.9,1.0,,,,,0.83125,0.78125,0.775,,,,,0.81268716,0.8294676,0.82784414,,,,,0.0072128177,-0.0039035976,-0.0023894906,,,,0.084149,0.096650615,0.09173449,0.08683191,,,,0.008639654,0.009496257,0.00892139,0.00870005,,,,0.58496475,0.6192992,0.6167745,0.6366693,,,,0.15694445,0.14513889,0.13958333,0.12430556,,,,-0.0025967145,-0.0037674005,-0.0022582354,-0.0039392454,,,,0.012744385,0.011461252,0.012056061,0.012007408,,,,,,-0.014804516,-0.0071400385,,,,,,,-0.03677899,,,,1.2642462,1.1730764,1.1436577,1.1849174,,,,,,,-0.03375706,,,,,,0.034016132,-0.011730181,,,,,0.004139006,-0.0039035678,-0.008115172,,,
cache_new/HiMoE-VLA/libero_spatial/pick_up_the_black_bowl_next_to_the_plate_and_place_it_on_the_plate/right-50x8b-20260903,right-50x8b-20260903,libero_spatial,libero_spatial/pick_up_the_black_bowl_next_to_the_plate_and_place_it_on_the_plate,55,6,1015,9,1029d0827030a7521361d1904eeb3e7e7f2792be5c99abdb5701abb7ee87c137,27655,False,88,,False,True,-1,-1,success_no_alarm,0.9961144,0.995427,0.99704385,0.99666744,,,,0.041754987,0.04401782,0.04145095,0.039976627,,,,0.1542215,0.16092235,0.15460545,0.15284091,,,,0.0021750303,0.0033089118,0.0012696792,0.0020892625,,,,0.35,0.25,0.375,0.325,,,,,0.06705093,0.05665783,0.05207497,,,,,0.9,0.875,1.0,,,,,0.7625,0.75625,0.7625,,,,,0.86962754,0.8818948,0.8898045,,,,,-0.013551816,-0.013709307,-0.014409304,,,,0.10164959,0.12035252,0.10818055,0.09955446,,,,0.013130123,0.014111092,0.013581614,0.012822226,,,,0.48047915,0.52587235,0.47050637,0.5109222,,,,0.21597221,0.20486112,0.22777778,0.20416665,,,,-0.0017286148,-0.001682919,-0.00078277907,-0.00076410174,,,,0.014702114,0.012173634,0.007926351,0.009733325,,,,,,0.052704662,-0.040203422,,,,,,,-0.037166145,,,,0.9958447,0.9937543,0.99515504,0.9949796,,,,0.04288611,0.04635554,0.04566896,0.044436626,,,,0.15978834,0.1694673,0.16477036,0.16349094,,,,0.0018909147,0.0041327947,0.00219983,0.0023568845,,,,0.375,0.35,0.45,0.42499998,,,,,0.09360867,0.08007049,0.084017135,,,,,0.95,0.9,0.95,,,,,0.88750005,0.7875,0.81874996,,,,,0.81039625,0.8356519,0.8250883,,,,,0.010827258,-0.010570779,0.0063002557,,,,0.081183076,0.10103901,0.09600695,0.08267029,,,,0.008623941,0.0096580675,0.009296147,0.008505987,,,,0.5704709,0.62419087,0.5951452,0.642552,,,,0.13611111,0.14791667,0.16041666,0.14583334,,,,-0.0025108778,-0.0038039123,-0.0024197614,-0.00307603,,,,0.013744776,0.011817654,0.011417001,0.01219768,,,,,,-0.055898488,-0.0043706885,,,,,,,-0.06639696,,,,1.2521032,1.1911491,1.1267991,1.2042351,,,,,,,-0.07722966,,,,,,0.0459594,-0.026379708,,,,,0.0065236688,-0.010570765,-0.00068056583,,,
cache_new/HiMoE-VLA/libero_spatial/pick_up_the_black_bowl_next_to_the_plate_and_place_it_on_the_plate/right-50x8b-20260903,right-50x8b-20260903,libero_spatial,libero_spatial/pick_up_the_black_bowl_next_to_the_plate_and_place_it_on_the_plate,56,7,1008,10,1029d0827030a7521361d1904eeb3e7e7f2792be5c99abdb5701abb7ee87c137,27656,False,92,,False,True,-1,-1,success_no_alarm,0.99544936,0.9953964,0.99740446,0.9964703,0.99346703,,,0.043814152,0.044701464,0.040838163,0.041277293,0.04762305,,,0.15929511,0.16111091,0.15197863,0.15443489,0.16693583,,,0.0025897492,0.0032965117,0.001455042,0.0022106133,0.0046285694,,,0.325,0.35000002,0.4,0.425,0.25,,,,0.060866643,0.05347058,0.05829074,0.083289385,,,,0.79999995,0.975,0.975,0.975,,,,0.69374996,0.7875,0.81875,0.85625005,,,,0.8774869,0.886143,0.8771304,0.83930373,,,,-0.014328048,-0.0072022825,-0.010511503,0.01926215,,,0.11099865,0.11636401,0.09935503,0.10170378,0.12962452,,,0.0136233745,0.013965145,0.013107066,0.012798835,0.014805436,,,0.5008223,0.53353333,0.48926803,0.5287977,0.55498683,,,0.19097222,0.21458334,0.22222222,0.20208333,0.21944444,,,-0.0020161355,-0.0021371422,-0.00050843233,-0.0009792864,-0.004085173,,,0.01584964,0.013507331,0.006503481,0.011179935,0.010374584,,,,,0.07955452,0.16900885,0.5116973,,,,,,-0.032427743,0.109278515,,,0.99501663,0.99439883,0.9939395,0.9949267,0.9938665,,,0.043630302,0.044993773,0.045780826,0.0444805,0.04584217,,,0.16288891,0.16467126,0.1667979,0.16384575,0.16780548,,,0.0023911607,0.002672146,0.0027817162,0.002109075,0.0036425237,,,0.375,0.425,0.47500002,0.45000002,0.275,,,,0.083310865,0.08250193,0.08227402,0.09058825,,,,0.975,0.975,0.95,1.0,,,,0.84375,0.81875,0.8375,0.91875,,,,0.83022666,0.8306547,0.8289193,0.8157315,,,,0.016002625,-0.0037423372,3.324449e-05,0.003827706,,,0.0944806,0.090650864,0.091353655,0.08143435,0.10930831,,,0.009426413,0.009078482,0.0089641055,0.008320779,0.01041873,,,0.5796187,0.63222873,0.6332073,0.6439881,0.6121697,,,0.15069444,0.15625,0.15555555,0.1388889,0.16736111,,,-0.0033648235,-0.0036829743,-0.0040027415,-0.0030202905,-0.0037035088,,,0.014738889,0.012034832,0.013061613,0.011163006,0.012892074,,,,,0.1157881,0.11538282,0.21294808,,,,,,-0.048559066,0.17609808,,,1.1748302,1.2836503,1.0875868,1.2489052,1.1858615,,,,,,-0.042615425,0.18223387,,,,,-0.14064477,-0.12703796,-0.22276238,,,,0.012495339,-0.009465456,-0.007343352,0.0029034615,,
cache_new/HiMoE-VLA/libero_spatial/pick_up_the_black_bowl_next_to_the_plate_and_place_it_on_the_plate/right-50x8b-20260903,right-50x8b-20260903,libero_spatial,libero_spatial/pick_up_the_black_bowl_next_to_the_plate_and_place_it_on_the_plate,57,7,1009,10,1029d0827030a7521361d1904eeb3e7e7f2792be5c99abdb5701abb7ee87c137,27657,False,92,,False,True,-1,-1,success_no_alarm,0.9955462,0.99541163,0.9974394,0.9964596,0.99401,,,0.04350655,0.04440704,0.04090919,0.04122306,0.04684896,,,0.15807772,0.1603607,0.15221329,0.15421316,0.16591348,,,0.0024304416,0.0032470669,0.0014139039,0.0021459996,0.004201467,,,0.375,0.375,0.375,0.4,0.275,,,,0.061896924,0.054698333,0.05610009,0.077111825,,,,0.8,0.975,0.875,0.925,,,,0.69375,0.79375,0.7937499,0.84374994,,,,0.8746579,0.8839764,0.882666,0.84989566,,,,-0.011197075,-0.007618606,-0.013374686,0.0023411363,,,0.107125424,0.11372314,0.09893757,0.10364146,0.12469953,,,0.013242142,0.0137103535,0.012686136,0.01306415,0.014481827,,,0.514519,0.51992965,0.48777875,0.50607365,0.54223436,,,0.17986111,0.20694444,0.20555556,0.20694445,0.21875,,,-0.0017820671,-0.0022908433,-0.00043005982,-0.0012036894,-0.003561451,,,0.015819214,0.013067299,0.0074335774,0.009997088,0.011533828,,,,,0.09820792,0.13555132,0.43951666,,,,,,-0.0027347845,0.09560481,,,0.9950094,0.99462473,0.99338126,0.9947939,0.99333733,,,0.043309115,0.044384442,0.047394603,0.043885827,0.047991745,,,0.16196248,0.16258791,0.17041996,0.16468215,0.17046213,,,0.0023752695,0.0025866018,0.0029510846,0.0020740763,0.0048048683,,,0.35000002,0.4,0.5,0.35000002,0.3,,,,0.08412448,0.091315344,0.08457416,0.092311636,,,,0.92499995,0.925,1.0,0.975,,,,0.875,0.925,0.8562499,0.8625001,,,,0.82803786,0.8133035,0.82461655,0.8145946,,,,0.01710233,0.009275049,-0.00081944466,0.0006958395,,,0.09226853,0.0873698,0.090966836,0.081696026,0.10654527,,,0.00921855,0.008782125,0.008769486,0.0082361195,0.010464663,,,0.5928641,0.61875325,0.62328637,0.635641,0.6195898,,,0.14722222,0.15069444,0.12013889,0.12916666,0.15694445,,,-0.0033997875,-0.0034713666,-0.0039186245,-0.00315313,-0.0042418144,,,0.014412174,0.011722542,0.013178885,0.009928069,0.01441241,,,,,0.1938848,0.12018095,0.20787737,,,,,,-0.05492285,0.18439072,,,1.161018,1.3016298,1.0876224,1.268623,1.1703901,,,,,,-0.049266856,0.1902079,,,,,-0.24257693,-0.12364089,-0.21058816,,,,0.014054596,0.0041330457,-0.0062303543,-0.005998254,,
cache_new/HiMoE-VLA/libero_spatial/pick_up_the_black_bowl_next_to_the_plate_and_place_it_on_the_plate/right-50x8b-20260903,right-50x8b-20260903,libero_spatial,libero_spatial/pick_up_the_black_bowl_next_to_the_plate_and_place_it_on_the_plate,58,7,1010,10,1029d0827030a7521361d1904eeb3e7e7f2792be5c99abdb5701abb7ee87c137,27658,False,96,,False,True,-1,-1,success_no_alarm,0.9952014,0.9960793,0.9971397,0.9967573,0.99520403,,,0.044092458,0.042888287,0.04058159,0.04136,0.043469567,,,0.15958968,0.15724349,0.15371814,0.15336865,0.15951958,,,0.0028116412,0.0025180494,0.00168899,0.0017927471,0.0031373934,,,0.4,0.47500002,0.375,0.375,0.35000002,,,,0.055379294,0.067935064,0.057342988,0.063553974,,,,0.875,1.0,0.975,0.95,,,,0.68125,0.85,0.7875,0.8125,,,,0.8860707,0.86074233,0.879828,0.8700283,,,,-0.012224287,0.0087688565,-0.014532402,-0.003250748,,,0.113303065,0.114145875,0.10207811,0.097150065,0.11384298,,,0.013568974,0.013762699,0.01280534,0.012638926,0.013641478,,,0.52667916,0.5181029,0.49619845,0.48001063,0.5173164,,,0.21805555,0.21944444,0.20625,0.22152777,0.2111111,,,-0.0022187997,-0.001530766,-0.00067059475,-0.0012527216,-0.0022377865,,,0.014802675,0.014551839,0.007819469,0.011427701,0.01095203,,,,,0.32787377,0.16450132,0.26291922,,,,,,-0.032841615,0.041065816,,,0.99496394,0.9947217,0.9934466,0.9945978,0.9941904,,,0.044400163,0.045213867,0.047640488,0.04572639,0.044753432,,,0.1631353,0.1637999,0.17155784,0.16501555,0.16443646,,,0.0024546052,0.0023914014,0.0034845404,0.00246004,0.002198437,,,0.35000002,0.45000002,0.35,0.45,0.375,,,,0.08213539,0.09492282,0.0889831,0.086717464,,,,0.975,0.95000005,1.0,0.975,,,,0.8875,0.79375,0.9125,0.88750005,,,,0.8317243,0.81241816,0.81727844,0.82186043,,,,0.017677486,0.009012803,0.009169072,-0.0027311891,,,0.09535446,0.087784216,0.09726587,0.08120352,0.08966142,,,0.009713268,0.008971011,0.0093950955,0.008430758,0.008851102,,,0.5717477,0.6177091,0.6106121,0.6289021,0.6703697,,,0.14652778,0.13472223,0.12777779,0.12847222,0.13611111,,,-0.0034208726,-0.0035465918,-0.003774211,-0.0037035774,-0.0037038699,,,0.014761779,0.013375889,0.013108509,0.012579002,0.012933873,,,,,0.26146784,0.19304949,0.16432576,,,,,,-0.039663196,0.008723808,,,1.1882304,1.3003007,1.0494751,1.1963775,1.2696986,,,,,,-0.04553698,0.0031182969,,,,,-0.28631952,-0.2468394,-0.15729496,,,,0.016275704,0.0055567026,0.00495106,-0.003741026,,
cache_new/HiMoE-VLA/libero_spatial/pick_up_the_black_bowl_next_to_the_plate_and_place_it_on_the_plate/right-50x8b-20260903,right-50x8b-20260903,libero_spatial,libero_spatial/pick_up_the_black_bowl_next_to_the_plate_and_place_it_on_the_plate,59,7,1011,9,1029d0827030a7521361d1904eeb3e7e7f2792be5c99abdb5701abb7ee87c137,27659,False,90,,False,True,-1,-1,success_no_alarm,0.9955838,0.99544513,0.9971815,0.99635804,,,,0.042679727,0.044307902,0.041355588,0.041123983,,,,0.15707919,0.16087885,0.1531939,0.15359123,,,,0.0024568066,0.0032887557,0.0014463225,0.0022253008,,,,0.325,0.22500001,0.425,0.32500002,,,,,0.06731082,0.057588324,0.05668132,,,,,0.9,0.975,1.0,,,,,0.74375004,0.85625,0.85,,,,,0.86554134,0.8790804,0.8801109,,,,,-0.00456658,-0.002153322,-0.01776214,,,,0.11300418,0.11935428,0.10292928,0.11076488,,,,0.01359574,0.014404451,0.012990647,0.013149908,,,,0.49893284,0.51485777,0.5007569,0.47451472,,,,0.21875,0.20347223,0.2048611,0.20833333,,,,-0.0020211916,-0.0020637403,-0.00051828695,-0.001258999,,,,0.014767018,0.013340302,0.008393277,0.010485836,,,,,,0.0940551,0.08048473,,,,,,,-0.0043487186,,,,0.9948852,0.9947192,0.9947355,0.99476975,,,,0.044358,0.044113863,0.044123933,0.045017317,,,,0.16424379,0.16311018,0.1640422,0.16452657,,,,0.0023515876,0.0027922243,0.0024790096,0.0020681773,,,,0.375,0.35,0.39999998,0.57500005,,,,,0.0818955,0.08123768,0.08447791,,,,,0.9,0.975,0.95000005,,,,,0.8125,0.85,0.8125,,,,,0.83028555,0.83366704,0.82753694,,,,,0.011297256,-0.005822897,-0.0010338724,,,,0.09779569,0.093713686,0.09112234,0.087667264,,,,0.009701336,0.009391732,0.008699823,0.008472089,,,,0.5696127,0.60950756,0.6177538,0.6141548,,,,0.16944444,0.14861111,0.14583333,0.14861111,,,,-0.0033778253,-0.0032948782,-0.0033123342,-0.003240583,,,,0.014328144,0.013727825,0.012816383,0.011978605,,,,,,0.08051818,0.11930741,,,,,,,-0.029116733,,,,1.1555129,1.2736056,1.1295724,1.2634691,,,,,,,-0.02784405,,,,,,-0.072578415,-0.11957508,,,,,0.010201931,-0.009765625,-0.008170843,,,
cache_new/HiMoE-VLA/libero_spatial/pick_up_the_black_bowl_next_to_the_plate_and_place_it_on_the_plate/right-50x8b-20260903,right-50x8b-20260903,libero_spatial,libero_spatial/pick_up_the_black_bowl_next_to_the_plate_and_place_it_on_the_plate,60,7,1012,10,1029d0827030a7521361d1904eeb3e7e7f2792be5c99abdb5701abb7ee87c137,27660,False,93,,False,True,-1,-1,success_no_alarm,0.9955351,0.995227,0.9974884,0.9965373,0.99279946,,,0.043252606,0.044846483,0.04055322,0.04137335,0.049444504,,,0.15794507,0.1616903,0.15143937,0.1539194,0.16945016,,,0.0025092957,0.0032387257,0.0014391337,0.0022081712,0.0053474223,,,0.35000002,0.4,0.4,0.375,0.22500001,,,,0.063139424,0.054643355,0.05741793,0.08121919,,,,0.775,0.9,0.95,0.975,,,,0.69375,0.84375,0.85625,0.83125,,,,0.8726578,0.88424414,0.879617,0.8462901,,,,-0.010632396,-0.006226033,-0.010455623,0.001909852,,,0.109716356,0.115271136,0.10175581,0.1042241,0.1309067,,,0.013420843,0.013935519,0.013336189,0.012955598,0.014951354,,,0.52599895,0.5300381,0.46801212,0.48040563,0.5529325,,,0.19791666,0.20555556,0.21666665,0.19861111,0.22847222,,,-0.0015519543,-0.0018525111,-0.00067988184,-0.0010274416,-0.0047300905,,,0.015110876,0.012699088,0.0057867346,0.009254253,0.009847394,,,,,0.088434964,0.14506762,0.47860026,,,,,,-0.018824387,0.12043905,,,0.9950956,0.99444735,0.9934219,0.99498326,0.9936645,,,0.044141173,0.045055997,0.046729267,0.044033267,0.046519786,,,0.16282655,0.16409934,0.1701194,0.16359878,0.16931841,,,0.0022778758,0.0029167398,0.0029011925,0.0021602053,0.004034524,,,0.4,0.475,0.5,0.425,0.275,,,,0.08454729,0.090214625,0.083702914,0.09283825,,,,0.95,0.9,0.975,1.0,,,,0.85,0.90625,0.84375,0.9125,,,,0.8288363,0.817918,0.82715976,0.81158507,,,,0.015256837,0.007910371,-0.0067694634,0.0045219064,,,0.09484762,0.091373876,0.09239492,0.0822866,0.11028315,,,0.009619871,0.009133697,0.00889089,0.008315904,0.010583269,,,0.58080673,0.63554823,0.6139968,0.62139267,0.62449455,,,0.16111112,0.15555555,0.1375,0.13472223,0.15694445,,,-0.0030774057,-0.0035171655,-0.0039335187,-0.003074104,-0.0038445345,,,0.014793318,0.012103534,0.013159319,0.01091695,0.014273969,,,,,0.18757065,0.118041605,0.22211878,,,,,,-0.038030416,0.20312276,,,1.1567645,1.2615328,1.101314,1.2665987,1.1870054,,,,,,-0.030325845,0.21077876,,,,,-0.22499302,-0.12408963,-0.22881414,,,,0.0121792555,0.0017123818,-0.013194323,0.0030772686,,
cache_new/HiMoE-VLA/libero_spatial/pick_up_the_black_bowl_next_to_the_plate_and_place_it_on_the_plate/right-50x8b-20260903,right-50x8b-20260903,libero_spatial,libero_spatial/pick_up_the_black_bowl_next_to_the_plate_and_place_it_on_the_plate,61,7,1013,10,1029d0827030a7521361d1904eeb3e7e7f2792be5c99abdb5701abb7ee87c137,27661,False,93,,False,True,-1,-1,success_no_alarm,0.99552226,0.9955907,0.9974657,0.9969203,0.9936808,,,0.0431129,0.043872792,0.04037801,0.040352836,0.04727001,,,0.1584637,0.15952244,0.1513977,0.15193866,0.16592586,,,0.002456858,0.0030920245,0.0014854658,0.0018906913,0.0043227496,,,0.35,0.3,0.35000002,0.35000002,0.4,,,,0.060824607,0.052663855,0.052821808,0.07368626,,,,0.825,0.975,1.0,0.92499995,,,,0.73125005,0.775,0.75,0.77500004,,,,0.8751377,0.8879225,0.88902414,0.8568073,,,,-0.010591239,-0.012534484,-0.013456181,-0.0049913526,,,0.10810131,0.11771108,0.09900032,0.100770496,0.12618332,,,0.0133803915,0.014409382,0.013178147,0.012942749,0.014533637,,,0.50284296,0.5128691,0.4759675,0.47786635,0.5534806,,,0.19236112,0.23402776,0.23333333,0.21736111,0.22708333,,,-0.0022944552,-0.0023251195,-0.0005486419,-0.00087169406,-0.0039512496,,,0.014601975,0.013316168,0.008873646,0.011352185,0.010772409,,,,,0.034975443,0.04492697,0.36869702,,,,,,-0.012760187,0.10131404,,,0.9950571,0.9947399,0.9938649,0.99546033,0.99367166,,,0.043566138,0.04455626,0.046561632,0.04523329,0.048434936,,,0.16265893,0.16337593,0.16701423,0.16302839,0.16962662,,,0.00226496,0.002533167,0.0029527873,0.0017761681,0.003893945,,,0.45,0.45,0.47500002,0.52500004,0.375,,,,0.08388591,0.085005954,0.081185885,0.088682696,,,,1.0,0.975,1.0,1.0,,,,0.8625,0.79375005,0.85625,0.9250001,,,,0.82765234,0.8274613,0.83074677,0.8188804,,,,0.017466098,0.009709224,0.008206755,0.00064472854,,,0.09254929,0.09078184,0.094471,0.08376631,0.1018119,,,0.009357992,0.009351345,0.009633638,0.008633736,0.009863546,,,0.58651304,0.6178307,0.60055506,0.64150715,0.63016486,,,0.15069444,0.16180556,0.15138888,0.13611113,0.1423611,,,-0.0034185336,-0.0034382944,-0.0037376476,-0.0031381676,-0.003981536,,,0.014054745,0.0123286545,0.013986694,0.013929104,0.012515666,,,,,0.12012139,0.07765676,0.16847683,,,,,,0.0004245313,0.13360785,,,1.1680404,1.2966369,1.0479441,1.2029955,1.2393769,,,,,,0.006409446,0.13957791,,,,,-0.13311157,-0.05314155,-0.17103042,,,,0.015573442,0.00019699335,0.0056560636,-0.0051975846,,
cache_new/HiMoE-VLA/libero_spatial/pick_up_the_black_bowl_next_to_the_plate_and_place_it_on_the_plate/right-50x8b-20260903,right-50x8b-20260903,libero_spatial,libero_spatial/pick_up_the_black_bowl_next_to_the_plate_and_place_it_on_the_plate,62,7,1014,10,1029d0827030a7521361d1904eeb3e7e7f2792be5c99abdb5701abb7ee87c137,27662,False,97,,False,True,-1,-1,success_no_alarm,0.99542964,0.9958732,0.99719304,0.9968467,0.99536026,,,0.0435381,0.043130867,0.0408676,0.04006619,0.043056242,,,0.15881568,0.15871039,0.15318137,0.15210904,0.15870157,,,0.0025572102,0.0027207313,0.0017403611,0.0017642668,0.0030351155,,,0.35,0.40000004,0.35,0.35000002,0.325,,,,0.05811445,0.060624152,0.057274114,0.056784056,,,,0.875,0.975,0.95000005,0.925,,,,0.71875,0.84375,0.7875,0.75625,,,,0.8805895,0.8731614,0.87889516,0.8834576,,,,-0.010875061,-0.0027400851,-0.010077193,-0.01479663,,,0.10865069,0.11190062,0.10588394,0.09723143,0.11286014,,,0.013073845,0.013891094,0.013315152,0.012299027,0.013469944,,,0.529511,0.506449,0.4870576,0.49628907,0.51747507,,,0.18333334,0.21041666,0.21875,0.24444446,0.20972222,,,-0.0019519688,-0.0018748518,-0.00024748305,-0.0012608219,-0.002394841,,,0.015072567,0.0142101105,0.008840358,0.013260272,0.012371965,,,,,0.21427819,0.16218792,0.15134294,,,,,,-0.07835751,0.010866385,,,0.99497753,0.99450314,0.99366033,0.9950588,0.9948744,,,0.04368383,0.045633584,0.047108613,0.044896573,0.043321565,,,0.16355209,0.16544423,0.17101195,0.16375756,0.16240576,,,0.0023751664,0.0025209216,0.0036517938,0.0023501944,0.0022326272,,,0.32500002,0.5,0.325,0.425,0.39999998,,,,0.085018754,0.09391098,0.08502553,0.08005795,,,,0.975,0.9,1.0,0.975,,,,0.83124995,0.76875,0.8937501,0.825,,,,0.8266758,0.81387395,0.82305276,0.83407557,,,,0.019169137,0.007888079,0.006251499,-0.0065081567,,,0.09264463,0.08942814,0.094960175,0.0815965,0.08663006,,,0.009343295,0.00909485,0.009308604,0.008583011,0.008667669,,,0.5882793,0.6237691,0.6320089,0.62041086,0.6534951,,,0.15138888,0.15555555,0.14375,0.14513889,0.14861111,,,-0.003320727,-0.0037726285,-0.0039130524,-0.0034569027,-0.0032898905,,,0.014642535,0.013933674,0.013742508,0.01464187,0.014183426,,,,,0.2312149,0.13098323,0.06699736,,,,,,-0.03653031,-0.026616052,,,1.1727684,1.2512909,1.1150352,1.1916127,1.3027827,,,,,,-0.05267734,-0.042862207,,,,,-0.25580317,-0.18181352,-0.10058137,,,,0.01690209,0.005084574,-0.002269268,-0.0089408755,,
cache_new/HiMoE-VLA/libero_spatial/pick_up_the_black_bowl_next_to_the_plate_and_place_it_on_the_plate/right-50x8b-20260903,right-50x8b-20260903,libero_spatial,libero_spatial/pick_up_the_black_bowl_next_to_the_plate_and_place_it_on_the_plate,63,7,1015,10,1029d0827030a7521361d1904eeb3e7e7f2792be5c99abdb5701abb7ee87c137,27663,False,92,,False,True,-1,-1,success_no_alarm,0.9954974,0.99541426,0.997445,0.9966437,0.99349135,,,0.043629,0.04466022,0.040484395,0.040318377,0.04762272,,,0.15848726,0.16066746,0.1516281,0.15337634,0.16640142,,,0.0025236907,0.0033445465,0.0015126562,0.0020492938,0.004496108,,,0.4,0.3,0.35000002,0.275,0.25,,,,0.06404255,0.05369083,0.05380128,0.07724185,,,,0.9,0.95000005,0.95000005,0.95000005,,,,0.74375,0.81875,0.79375,0.76874995,,,,0.8703325,0.8870663,0.88712,0.84963024,,,,-0.008322254,-0.011095449,-0.010117352,0.002642855,,,0.10536061,0.12068551,0.10557064,0.097094685,0.1272814,,,0.013178841,0.014150465,0.01345351,0.012543287,0.014418898,,,0.50774133,0.5249199,0.46028733,0.50234705,0.5525031,,,0.18888888,0.19166668,0.22569445,0.2,0.21041666,,,-0.002325601,-0.0016997046,-0.00037072581,-0.0010917803,-0.0041772006,,,0.01544605,0.012905041,0.006218566,0.011364622,0.009765986,,,,,0.05411748,0.06439759,0.41440213,,,,,,-0.0634714,0.0737907,,,0.99502856,0.9945294,0.9944122,0.9952188,0.9934038,,,0.043840274,0.04476867,0.0455617,0.045148775,0.04807888,,,0.16296168,0.16364647,0.16551337,0.16297719,0.17153881,,,0.0024002586,0.0027567614,0.002731979,0.0018348485,0.003994263,,,0.375,0.375,0.425,0.5,0.325,,,,0.084828764,0.080979295,0.08315486,0.09014607,,,,0.975,1.0,0.925,0.95,,,,0.86875,0.7937499,0.83125,0.9,,,,0.8269098,0.8343463,0.8270037,0.81564695,,,,0.01743628,0.0035778135,0.011243105,-0.0012328178,,,0.09107365,0.092212126,0.098432496,0.082791954,0.103567615,,,0.009251973,0.009117363,0.009516557,0.008279737,0.009995833,,,0.5851314,0.62504315,0.57647264,0.667231,0.6307615,,,0.15069444,0.17430556,0.16805556,0.14791667,0.14791667,,,-0.003286176,-0.0035244233,-0.0033905348,-0.0033432397,-0.004279771,,,0.0146545265,0.012029641,0.01227287,0.014076165,0.0113986675,,,,,0.0738632,0.10279241,0.18299049,,,,,,-0.06639577,0.1219238,,,1.1568726,1.3087814,1.0725181,1.1727551,1.2289691,,,,,,-0.06404674,0.12431036,,,,,-0.1137971,-0.10587055,-0.17881036,,,,0.015784979,-0.0027967095,0.0075899363,-0.0057293773,,
cache_new/HiMoE-VLA/libero_spatial/pick_up_the_black_bowl_next_to_the_plate_and_place_it_on_the_plate/right-50x8b-20260903,right-50x8b-20260903,libero_spatial,libero_spatial/pick_up_the_black_bowl_next_to_the_plate_and_place_it_on_the_plate,64,8,1008,10,1029d0827030a7521361d1904eeb3e7e7f2792be5c99abdb5701abb7ee87c137,27664,False,98,,False,True,-1,-1,success_no_alarm,0.9956258,0.9965087,0.9969783,0.9972743,0.9971268,,,0.04369972,0.04209999,0.04009432,0.03960412,0.040423233,,,0.15809533,0.15598556,0.15216796,0.15156221,0.15100247,,,0.0027412488,0.0016604753,0.0016361226,0.0015854049,0.0017582303,,,0.32500002,0.45,0.39999998,0.35000002,0.425,,,,0.05894263,0.06425658,0.054899264,0.050434887,,,,0.79999995,0.95,0.95000005,0.925,,,,0.76875,0.86875,0.76250005,0.7875,,,,0.8772993,0.86999834,0.8870585,0.89484656,,,,-0.0009919256,0.0014268756,-0.007980764,-0.01660043,,,0.10927462,0.10675189,0.100439236,0.1036169,0.10190062,,,0.013419191,0.0131100435,0.012926047,0.012846902,0.01305443,,,0.50497663,0.5192332,0.4671609,0.4955223,0.46464625,,,0.20277777,0.20208333,0.21458334,0.21180555,0.22638889,,,-0.0019329474,-0.0012106718,-0.0010341832,-0.000307419,-0.0005789968,,,0.013604421,0.013831096,0.011926347,0.01153587,0.011070129,,,,,0.25274014,0.09990969,0.016094824,,,,,,-0.022121096,-0.0075891614,,,0.99560565,0.9939677,0.99369067,0.9948906,0.99589914,,,0.043702453,0.047199234,0.045406923,0.04322271,0.04285185,,,0.16110304,0.16504854,0.16786122,0.16100278,0.15774174,,,0.0025075758,0.002431869,0.0024982886,0.0028030765,0.0015624107,,,0.375,0.55,0.475,0.35000002,0.45000002,,,,0.092974976,0.104183495,0.09166449,0.07430205,,,,1.0,0.95,0.85,0.95,,,,0.90625,0.8875,0.84375,0.86875,,,,0.8168942,0.7901375,0.8174872,0.8462919,,,,0.016060725,0.031532302,0.00934872,-0.016083822,,,0.0888308,0.09135595,0.088551275,0.08590037,0.078128554,,,0.009181031,0.0091039315,0.008728398,0.008630884,0.008226527,,,0.5670949,0.61593676,0.6356386,0.61301345,0.6139693,,,0.17222223,0.16875,0.1375,0.14791667,0.14652778,,,-0.0026951574,-0.004230704,-0.004300478,-0.0033750047,-0.0027769697,,,0.0138075985,0.013026575,0.0108502135,0.012256007,0.011008352,,,,,0.3021301,0.17354245,-0.03627234,,,,,,-0.07476723,-0.12258707,,,1.2301434,1.168527,1.1342494,1.2062452,1.3042686,,,,,,-0.07743612,-0.12541905,,,,,-0.29859835,-0.1673963,0.026423518,,,,0.014896929,0.028801143,0.007885754,-0.019409299,,
cache_new/HiMoE-VLA/libero_spatial/pick_up_the_black_bowl_next_to_the_plate_and_place_it_on_the_plate/right-50x8b-20260903,right-50x8b-20260903,libero_spatial,libero_spatial/pick_up_the_black_bowl_next_to_the_plate_and_place_it_on_the_plate,65,8,1009,10,1029d0827030a7521361d1904eeb3e7e7f2792be5c99abdb5701abb7ee87c137,27665,False,99,,False,True,-1,-1,success_no_alarm,0.9955106,0.99668145,0.9970566,0.99715877,0.9970988,,,0.04355511,0.04202079,0.04037167,0.03990266,0.04031221,,,0.15808488,0.15456317,0.15240175,0.15144712,0.15110162,,,0.0027859814,0.0016129736,0.0015167322,0.0015711992,0.0017707848,,,0.4,0.40000004,0.375,0.3,0.325,,,,0.0591399,0.06554099,0.054885216,0.050397024,,,,0.84999996,0.975,0.975,0.975,,,,0.76250005,0.81874996,0.78125,0.83124995,,,,0.8791003,0.86501276,0.8860767,0.8934454,,,,-0.0012931675,0.005442187,-0.008081719,-0.017000407,,,0.103801236,0.10672463,0.10102244,0.10566333,0.09958663,,,0.012705769,0.0130371675,0.012907819,0.01304203,0.012954833,,,0.5329869,0.50100195,0.48272678,0.4966045,0.46254355,,,0.16875,0.23333333,0.23888889,0.23819445,0.23124999,,,-0.0018766918,-0.0013089599,-0.00087802304,-0.000751031,-0.00074974116,,,0.013585103,0.012519536,0.01298802,0.009487741,0.011948167,,,,,0.24104208,0.06473733,-0.016681382,,,,,,0.00055804395,-0.0073414957,,,0.99548036,0.9938289,0.9936134,0.9948592,0.99615383,,,0.043436535,0.047887787,0.045345753,0.043446697,0.04150128,,,0.16142696,0.16592968,0.1683704,0.16235083,0.15637839,,,0.0025538048,0.0024259184,0.002337743,0.0029835207,0.0014597715,,,0.425,0.6,0.45,0.3,0.4,,,,0.09762141,0.104366735,0.09313448,0.078686275,,,,0.95000005,0.975,0.92499995,0.975,,,,0.8875,0.88750005,0.8375,0.925,,,,0.81111443,0.78923976,0.8164367,0.8368236,,,,0.01726222,0.031881407,0.007958472,-0.006609872,,,0.08472726,0.09174927,0.08847882,0.08598873,0.076840945,,,0.008668578,0.009139044,0.009116752,0.0087452065,0.008153241,,,0.58413315,0.6104603,0.62138164,0.6175765,0.61474943,,,0.14027777,0.15138888,0.11666667,0.15277779,0.17152779,,,-0.0028154422,-0.0042421585,-0.0041355635,-0.003330117,-0.0026239567,,,0.013576295,0.012432171,0.011445848,0.013041432,0.011724526,,,,,0.25728717,0.14319688,-0.02687329,,,,,,-0.06957971,-0.14002232,,,1.2251221,1.1632204,1.1417698,1.2288043,1.2960099,,,,,,-0.06375275,-0.13384295,,,,,-0.23406842,-0.12880129,-0.0068678,,,,0.01582098,0.028476536,0.0056857467,-0.015630841,,
cache_new/HiMoE-VLA/libero_spatial/pick_up_the_black_bowl_next_to_the_plate_and_place_it_on_the_plate/right-50x8b-20260903,right-50x8b-20260903,libero_spatial,libero_spatial/pick_up_the_black_bowl_next_to_the_plate_and_place_it_on_the_plate,66,8,1010,10,1029d0827030a7521361d1904eeb3e7e7f2792be5c99abdb5701abb7ee87c137,27666,False,99,,False,True,-1,-1,success_no_alarm,0.99547136,0.9967851,0.9971032,0.9972374,0.99719274,,,0.043778412,0.041673258,0.04005945,0.039957684,0.040515833,,,0.15840511,0.15420292,0.15253279,0.15133767,0.15145472,,,0.0028525728,0.0014990179,0.0015710443,0.0015882426,0.0016534927,,,0.35000002,0.47500002,0.3,0.32500002,0.35000002,,,,0.05850838,0.066560805,0.05618836,0.050927244,,,,0.8,0.95000005,0.975,0.975,,,,0.74375004,0.875,0.74999994,0.80625,,,,0.87925696,0.8623429,0.8841984,0.8921879,,,,-0.0012666583,0.010719016,-0.0063818395,-0.013822436,,,0.111113615,0.106646195,0.10364412,0.100129694,0.101200856,,,0.013312816,0.01300733,0.013081123,0.012963657,0.013213536,,,0.52536243,0.51225066,0.4656302,0.4799485,0.47109812,,,0.21388888,0.22083333,0.20694444,0.21666665,0.20972224,,,-0.002022516,-0.001029832,-0.0006889453,-0.00085497735,-0.00048800078,,,0.013259599,0.013953409,0.010319158,0.009213275,0.011162132,,,,,0.25026357,0.08175764,-0.014558569,,,,,,-0.0062671336,0.013071572,,,0.99566007,0.9940705,0.99378824,0.9949285,0.9958234,,,0.043769646,0.04760795,0.045010626,0.04338233,0.04252615,,,0.16140985,0.16423213,0.16603023,0.16124824,0.15714382,,,0.0024762405,0.002329574,0.0023619067,0.002828547,0.0013707362,,,0.35,0.6,0.425,0.32500002,0.52500004,,,,0.09485566,0.107153356,0.089696914,0.07479142,,,,0.975,0.95,0.975,0.925,,,,0.9125,0.88125,0.83750004,0.875,,,,0.8149201,0.7855547,0.8208233,0.84476787,,,,0.017115206,0.037030235,0.007513657,-0.013807848,,,0.089694366,0.090200186,0.092086926,0.0843394,0.07721908,,,0.009109614,0.008935134,0.009032198,0.008545569,0.008034599,,,0.5759473,0.6187804,0.62900317,0.6089365,0.63660705,,,0.1625,0.15,0.1423611,0.14722222,0.14375,,,-0.0025709001,-0.0040802713,-0.004257224,-0.0034268228,-0.0028487723,,,0.014786538,0.012922968,0.011420044,0.01262208,0.010588418,,,,,0.3106477,0.13129273,-0.05070107,,,,,,-0.075925,-0.1374863,,,1.2388027,1.1823279,1.1255031,1.1872232,1.3105681,,,,,,-0.07180234,-0.13345817,,,,,-0.308953,-0.12001251,0.041355938,,,,0.015642643,0.033739865,0.0065612197,-0.016753018,,
cache_new/HiMoE-VLA/libero_spatial/pick_up_the_black_bowl_next_to_the_plate_and_place_it_on_the_plate/right-50x8b-20260903,right-50x8b-20260903,libero_spatial,libero_spatial/pick_up_the_black_bowl_next_to_the_plate_and_place_it_on_the_plate,67,8,1011,10,1029d0827030a7521361d1904eeb3e7e7f2792be5c99abdb5701abb7ee87c137,27667,False,99,,False,True,-1,-1,success_no_alarm,0.99582887,0.9967532,0.99689597,0.997254,0.9966793,,,0.04215407,0.041663546,0.04050192,0.04020061,0.04145944,,,0.15599558,0.1547729,0.15254422,0.1519768,0.15403748,,,0.0025199414,0.0014120463,0.001800366,0.0017053972,0.0021092468,,,0.375,0.425,0.35,0.3,0.35000002,,,,0.054964155,0.06361274,0.052025184,0.056064747,,,,0.9,1.0,0.975,0.92499995,,,,0.75,0.8625001,0.73749995,0.7875,,,,0.88450944,0.8728649,0.89270204,0.8820679,,,,-0.007089421,-0.0041326135,-0.00868912,-0.0081525,,,0.11178498,0.10878516,0.10392515,0.10360955,0.10740821,,,0.013322325,0.013244808,0.013029239,0.012790309,0.013223944,,,0.50450003,0.49727336,0.47703364,0.48496592,0.48345602,,,0.20902777,0.21319444,0.20902778,0.22430554,0.225,,,-0.0017749642,-0.0009437892,-0.0008976978,-0.0006353727,-0.0010332545,,,0.01337508,0.012927671,0.012745295,0.008613069,0.011055162,,,,,0.26207042,0.06059871,0.13840955,,,,,,-0.026030788,0.006989016,,,0.99561787,0.99405503,0.9933914,0.99463147,0.9950117,,,0.043863267,0.045672834,0.045905646,0.043415535,0.043528795,,,0.16164449,0.16354832,0.1694144,0.16249505,0.16191122,,,0.0024052118,0.0019967186,0.0026323837,0.0029419695,0.002000296,,,0.4,0.525,0.45,0.375,0.39999998,,,,0.0882269,0.100455455,0.090277344,0.083719194,,,,0.975,1.0,0.92499995,0.95,,,,0.88750005,0.83125,0.83125,0.81875,,,,0.8225803,0.79859376,0.8154359,0.8284911,,,,0.011163294,0.023919418,0.013154194,0.0006042123,,,0.09166017,0.09460721,0.09013948,0.085889265,0.08319312,,,0.0090486705,0.009194961,0.009089819,0.008467618,0.008394215,,,0.5632204,0.61041343,0.63440037,0.5965419,0.63990897,,,0.16180557,0.16805556,0.13125,0.17222223,0.14097223,,,-0.0025191675,-0.004190839,-0.0043677404,-0.003466534,-0.0033453722,,,0.013684347,0.013828569,0.011197403,0.012563869,0.011150623,,,,,0.28624067,0.17746115,0.10165402,,,,,,-0.08807176,-0.09671673,,,1.219559,1.1498612,1.1529372,1.2063154,1.2910708,,,,,,-0.08729197,-0.095998436,,,,,-0.26804528,-0.13868025,-0.11415788,,,,0.009692669,0.019320488,0.013154209,-0.004514456,,
cache_new/HiMoE-VLA/libero_spatial/pick_up_the_black_bowl_next_to_the_plate_and_place_it_on_the_plate/right-50x8b-20260903,right-50x8b-20260903,libero_spatial,libero_spatial/pick_up_the_black_bowl_next_to_the_plate_and_place_it_on_the_plate,68,8,1012,11,1029d0827030a7521361d1904eeb3e7e7f2792be5c99abdb5701abb7ee87c137,27668,False,101,,False,True,-1,-1,success_no_alarm,0.99580353,0.9962842,0.9968151,0.9972008,0.997023,0.99517274,,0.042916704,0.04249762,0.040718626,0.040429994,0.040181696,0.04452627,,0.15649813,0.15707451,0.15332307,0.15247537,0.15195394,0.16140501,,0.0025345082,0.0017332069,0.001837136,0.00156573,0.0018486243,0.0033393698,,0.325,0.37500003,0.275,0.35000002,0.3,0.25,,,0.059637897,0.061701417,0.050296046,0.05122404,0.070902646,,,0.8000001,0.975,0.875,0.875,0.92499995,,,0.73749995,0.7875,0.7125,0.69375,0.83124995,,,0.8771387,0.8755795,0.89423573,0.89218163,0.8604341,,,-0.0015702695,-0.009328604,-0.012201011,-0.021482468,0.011090681,,0.10994977,0.10856293,0.10152961,0.10426235,0.10124881,0.12767328,,0.013213143,0.013148211,0.012786788,0.013027273,0.012713233,0.015007546,,0.5335375,0.5195172,0.48130667,0.48074535,0.4935152,0.5140917,,0.19583333,0.21805556,0.20694445,0.21944444,0.1875,0.22986113,,-0.0013091492,-0.0010269601,-0.0013235612,-0.0005558479,-0.000696375,-0.0023418018,,0.013859649,0.0131896585,0.0106663145,0.0072524236,0.0106089115,0.015931789,,,,0.19345327,-0.011718182,0.014007545,0.32433954,,,,,0.0063571986,-0.017038828,0.14689125,,0.9956664,0.99427056,0.99388677,0.99446994,0.99465626,0.99267095,,0.04378953,0.045097172,0.045078162,0.045159843,0.045178965,0.048937224,,0.16135049,0.16247284,0.16716266,0.1667287,0.16551659,0.17350683,,0.0024118503,0.0022153428,0.0026197084,0.0026979262,0.0024822429,0.004198681,,0.3,0.52500004,0.4,0.35000002,0.52500004,0.3,,,0.0946019,0.09853977,0.08278848,0.082117,0.09795289,,,1.0,0.95,0.975,0.92499995,0.975,,,0.9,0.83124995,0.79999995,0.81875,0.9,,,0.81340736,0.8013294,0.82744914,0.8292416,0.80517656,,,0.019556224,0.01808779,0.005975619,-0.002279833,0.007912368,,0.088669136,0.09102035,0.08818742,0.08577946,0.081017405,0.117855325,,0.009000596,0.009110239,0.008797254,0.008628187,0.008175613,0.0114578195,,0.5732584,0.61224127,0.62209904,0.5962736,0.6403313,0.593037,,0.13541667,0.16736111,0.13611111,0.14166667,0.1388889,0.15625,,-0.0023280086,-0.0038720863,-0.0039692908,-0.003257764,-0.003347694,-0.0045987475,,0.014575258,0.0125828255,0.011159794,0.011562001,0.0118022375,0.018876847,,,,0.22298087,0.049665555,0.041758705,0.21551971,,,,,-0.05110082,-0.1048787,0.23162875,,1.2400005,1.1927325,1.1512936,1.21547,1.2497168,1.0833051,,,,,-0.044570096,-0.09844869,0.23906794,,,,-0.23441488,-0.02754561,0.0059923176,-0.20182577,,,0.019556224,0.01594448,0.005975604,-0.006511569,-0.0010182261,
cache_new/HiMoE-VLA/libero_spatial/pick_up_the_black_bowl_next_to_the_plate_and_place_it_on_the_plate/right-50x8b-20260903,right-50x8b-20260903,libero_spatial,libero_spatial/pick_up_the_black_bowl_next_to_the_plate_and_place_it_on_the_plate,69,8,1013,10,1029d0827030a7521361d1904eeb3e7e7f2792be5c99abdb5701abb7ee87c137,27669,False,100,,False,True,-1,-1,success_no_alarm,0.9957609,0.99675643,0.9971744,0.99721897,0.99725324,,,0.043298185,0.041644793,0.040452488,0.040098574,0.04013588,,,0.15736333,0.15465988,0.15194063,0.15145423,0.15146229,,,0.002556952,0.0015045903,0.0015727986,0.0016950438,0.0015789727,,,0.375,0.425,0.275,0.275,0.425,,,,0.057068326,0.063751444,0.053651612,0.05121116,,,,0.875,0.95,0.92499995,0.95,,,,0.7375,0.83125,0.80625,0.84375,,,,0.88199085,0.86922103,0.88737345,0.89257973,,,,-0.0026344955,0.0034836829,-0.007965401,-0.011755541,,,0.106511734,0.10461742,0.10230784,0.100536786,0.09983182,,,0.01311919,0.013207793,0.013183974,0.012835174,0.013128141,,,0.5047377,0.48564747,0.4513547,0.49364904,0.4437256,,,0.19444445,0.21041667,0.23680556,0.21944444,0.23750001,,,-0.0020919968,-0.0013558597,-0.00086866715,-0.0006212185,-0.0005644471,,,0.013435751,0.013629947,0.012618201,0.010314312,0.011463272,,,,,0.23427336,0.06513612,0.01954002,,,,,,-0.022148129,0.00025348936,,,0.9956334,0.99409974,0.99365443,0.99526495,0.9957321,,,0.04322521,0.045983136,0.045401566,0.04207271,0.042063154,,,0.16117524,0.16352382,0.16874544,0.15854415,0.15717083,,,0.0023847115,0.0021643674,0.002411455,0.00260951,0.0015925593,,,0.35,0.55,0.47500002,0.35000002,0.425,,,,0.095112205,0.10270772,0.089037895,0.07149897,,,,0.975,0.95,0.92499995,0.92499995,,,,0.91249996,0.84999996,0.81875,0.86249995,,,,0.8132236,0.792778,0.8207376,0.85180926,,,,0.016285539,0.027185977,0.010745257,-0.018068597,,,0.08623987,0.09034072,0.09210196,0.08217421,0.07903838,,,0.008792965,0.008970138,0.009099481,0.008490682,0.0082222065,,,0.5756157,0.6165313,0.6236532,0.60675293,0.63781744,,,0.16666667,0.14930555,0.13958333,0.15555556,0.16805556,,,-0.0026904107,-0.004157904,-0.0042774323,-0.0031038912,-0.0029419353,,,0.014118218,0.01290101,0.012139058,0.012959235,0.010331324,,,,,0.25980845,0.11682177,-0.10299332,,,,,,-0.09215334,-0.12402568,,,1.2350638,1.1580317,1.1108106,1.2234591,1.2630802,,,,,,-0.08514673,-0.11727737,,,,,-0.24912287,-0.10815741,0.12704931,,,,0.0136621,0.022087872,0.010291576,-0.023215234,,
cache_new/HiMoE-VLA/libero_spatial/pick_up_the_black_bowl_next_to_the_plate_and_place_it_on_the_plate/right-50x8b-20260903,right-50x8b-20260903,libero_spatial,libero_spatial/pick_up_the_black_bowl_next_to_the_plate_and_place_it_on_the_plate,70,8,1014,10,1029d0827030a7521361d1904eeb3e7e7f2792be5c99abdb5701abb7ee87c137,27670,False,98,,False,True,-1,-1,success_no_alarm,0.9955168,0.99672747,0.9968353,0.99724066,0.9971278,,,0.043659057,0.04162782,0.040708087,0.03990677,0.03997143,,,0.15801331,0.15454075,0.1534917,0.15173435,0.15094016,,,0.002745359,0.0015351515,0.0018153801,0.0015844933,0.0017711977,,,0.375,0.425,0.375,0.3,0.275,,,,0.058012158,0.06651819,0.055041827,0.0500359,,,,0.9,0.975,0.975,0.9,,,,0.72499996,0.79999995,0.80625,0.80625004,,,,0.880628,0.8653803,0.88521767,0.893552,,,,0.00042408705,0.0037836134,-0.008886069,-0.017048985,,,0.10797927,0.105528176,0.1076929,0.10276775,0.09918668,,,0.012919199,0.01299849,0.01327838,0.013078021,0.0128978295,,,0.53022206,0.5047177,0.48451698,0.478729,0.46947345,,,0.19652778,0.21388888,0.21458334,0.23750001,0.21458334,,,-0.0018724783,-0.0011918398,-0.0007130573,-0.0009841879,-0.00068227237,,,0.0132694645,0.013562764,0.012571744,0.010616171,0.011054668,,,,,0.2596484,0.070984595,-0.023686625,,,,,,-0.014369171,-0.027605822,,,0.9956402,0.99408823,0.993875,0.9952876,0.996055,,,0.043796293,0.04696139,0.044286303,0.043055534,0.041830007,,,0.16108984,0.16416267,0.16592538,0.16029742,0.15682116,,,0.0024992002,0.0023336671,0.0023174835,0.0026895506,0.0015814665,,,0.325,0.45000002,0.375,0.375,0.4,,,,0.094126604,0.103807375,0.09251273,0.07377705,,,,0.95,1.0,0.95,0.975,,,,0.85,0.86875,0.83125,0.86875,,,,0.8168468,0.79097533,0.8117473,0.84669775,,,,0.012667447,0.031194076,0.017935768,-0.017899707,,,0.087988764,0.09105535,0.091914445,0.08456847,0.07642886,,,0.008933403,0.009051117,0.008877077,0.008780256,0.008199399,,,0.58473843,0.6145048,0.6405643,0.58601797,0.6190836,,,0.15694444,0.17291667,0.13541666,0.1423611,0.14513889,,,-0.002558706,-0.0041579558,-0.00409047,-0.0030653155,-0.0027336471,,,0.0144516565,0.013079647,0.011449807,0.01415378,0.011103416,,,,,0.2598533,0.14440209,-0.08197696,,,,,,-0.06203518,-0.1299319,,,1.2271938,1.1589454,1.1716646,1.2152017,1.2977648,,,,,,-0.05115635,-0.119601004,,,,,-0.22885954,-0.1175479,0.06742579,,,,0.009177566,0.028062701,0.0118249655,-0.023166537,,
cache_new/HiMoE-VLA/libero_spatial/pick_up_the_black_bowl_next_to_the_plate_and_place_it_on_the_plate/right-50x8b-20260903,right-50x8b-20260903,libero_spatial,libero_spatial/pick_up_the_black_bowl_next_to_the_plate_and_place_it_on_the_plate,71,8,1015,11,1029d0827030a7521361d1904eeb3e7e7f2792be5c99abdb5701abb7ee87c137,27671,False,102,,False,True,-1,-1,success_no_alarm,0.99562377,0.9965905,0.9968783,0.9973252,0.9972923,0.99292445,,0.04358028,0.042101502,0.040683277,0.039381832,0.040077515,0.049523458,,0.15777914,0.15533233,0.15316883,0.15021443,0.15009677,0.16947943,,0.0026903932,0.0015855425,0.0017877254,0.0014056142,0.00148949,0.0052797124,,0.35000002,0.375,0.39999998,0.275,0.35,0.32500002,,,0.05909371,0.06399843,0.05466746,0.04806696,0.08230496,,,0.9,0.95000005,0.875,0.95,0.95,,,0.7625,0.81875,0.74375,0.76874995,0.825,,,0.8789947,0.87038696,0.8864647,0.8983586,0.8411696,,,-0.0012188852,-0.0012706816,-0.008396044,-0.022026956,0.0049025714,,0.103697054,0.11021143,0.10544422,0.100644976,0.09831001,0.12583354,,0.012984069,0.013188969,0.013399121,0.012534926,0.012783029,0.0140991,,0.5118388,0.50873315,0.46689045,0.5098876,0.45619807,0.5822874,,0.19791666,0.20833333,0.22916667,0.20972222,0.22152777,0.20277777,,-0.0022190406,-0.00074379053,-0.001138766,-0.00030244867,-0.00068892806,-0.0046728374,,0.01352233,0.01322614,0.012612117,0.009811988,0.01069761,0.007914291,,,,0.21953411,0.062449083,-0.060962357,0.46548605,,,,,-0.05188798,-0.03186165,0.06558666,,0.9956726,0.99416256,0.99406445,0.99515325,0.9960377,0.99282694,,0.043243714,0.04522223,0.04460689,0.043078013,0.04218407,0.050223917,,0.16053274,0.163091,0.1663137,0.1615019,0.15631786,0.17552127,,0.0024539689,0.0022088937,0.0021871722,0.0026394867,0.0016848452,0.004855036,,0.35,0.45,0.42499998,0.325,0.425,0.4,,,0.09529861,0.09679534,0.092901096,0.07616049,0.0866507,,,0.975,0.95,0.9,1.0,0.975,,,0.9125,0.84375,0.78749996,0.90625,0.8375,,,0.81415004,0.8018481,0.81150085,0.8417117,0.82391167,,,0.018260017,0.022888198,0.016402215,-0.017995775,-0.02138184,,0.08528966,0.09215258,0.089867406,0.083456576,0.077572055,0.10565864,,0.0088181645,0.0090651885,0.00911748,0.008585363,0.008305599,0.0096054,,0.5741241,0.6072047,0.60554165,0.61074656,0.61109155,0.6520847,,0.14791666,0.15416667,0.14375001,0.14722222,0.15069446,0.13125,,-0.0025536672,-0.0039649736,-0.003919072,-0.002916396,-0.0027988113,-0.0040490907,,0.01395518,0.012323052,0.011686182,0.01265392,0.011102826,0.010294274,,,,0.21170165,0.16981632,-0.030016065,0.09589185,,,,,-0.07829253,-0.11160241,0.03434881,,1.2158221,1.1959668,1.1733311,1.2059562,1.2673379,1.1909442,,,,,-0.069066316,-0.10219519,0.043200415,,,,-0.19266205,-0.12801258,0.013491888,-0.07095342,,,0.016021729,0.021575928,0.016260803,-0.019640028,-0.024629712,
cache_new/HiMoE-VLA/libero_spatial/pick_up_the_black_bowl_next_to_the_plate_and_place_it_on_the_plate/right-50x8b-20260903,right-50x8b-20260903,libero_spatial,libero_spatial/pick_up_the_black_bowl_next_to_the_plate_and_place_it_on_the_plate,72,9,1008,10,1029d0827030a7521361d1904eeb3e7e7f2792be5c99abdb5701abb7ee87c137,27672,False,92,,False,True,-1,-1,success_no_alarm,0.9954874,0.9963691,0.99687946,0.99732614,0.99452806,,,0.043511957,0.041995775,0.041679014,0.039302707,0.04591927,,,0.15810236,0.15640405,0.15427706,0.1498119,0.1641237,,,0.0026678122,0.0018841042,0.0013487912,0.0014430378,0.004042538,,,0.35000002,0.375,0.425,0.4,0.35000002,,,,0.051833652,0.061227962,0.0476916,0.072614595,,,,0.79999995,0.975,0.75,0.975,,,,0.70625,0.78125,0.66875005,0.8,,,,0.89357793,0.87360656,0.9000756,0.8545697,,,,-0.02236569,-0.004988104,-0.019912705,-0.0015219152,,,0.1114164,0.11132988,0.10577633,0.098951936,0.12575354,,,0.013436692,0.01351019,0.013367233,0.012791809,0.014939854,,,0.50833696,0.5275639,0.4994443,0.50255316,0.5470273,,,0.19930555,0.21666667,0.21805555,0.21805555,0.23472221,,,-0.0020508072,-0.0013143946,-0.0008224726,-0.00021109151,-0.0031694854,,,0.015016324,0.014582414,0.0074325446,0.010276883,0.009760719,,,,,0.22231989,-0.031035118,0.38201058,,,,,,-0.0391834,0.10944791,,,0.9955386,0.9948341,0.9939476,0.9938773,0.9932111,,,0.04246134,0.043287292,0.04775636,0.046622053,0.04727026,,,0.16038647,0.16209337,0.16893831,0.16860405,0.17113292,,,0.0023263232,0.002346686,0.003028563,0.0025530998,0.004511741,,,0.35000002,0.4,0.4,0.39999998,0.3,,,,0.08506795,0.087718606,0.092165396,0.10111239,,,,0.925,0.79999995,0.975,0.975,,,,0.81874996,0.80625,0.88125,0.8562499,,,,0.8245596,0.8208749,0.8110893,0.7969564,,,,0.014594138,0.008653879,0.021623775,0.014561892,,,0.086343676,0.08709346,0.093786724,0.0869352,0.10692116,,,0.008811767,0.008735309,0.009238568,0.008787202,0.010604679,,,0.57855767,0.6310825,0.60365605,0.6417061,0.5970712,,,0.16736111,0.13541667,0.12986112,0.14027777,0.14097223,,,-0.0026428401,-0.0034093324,-0.0036183947,-0.003970546,-0.004102319,,,0.0140619455,0.012444232,0.011835175,0.011927786,0.013472993,,,,,0.10190436,0.15442663,0.24929537,,,,,,-0.017802473,0.17012885,,,1.2903829,1.2782806,1.1278391,1.1382264,1.1761333,,,,,,-0.014897195,0.1731018,,,,,-0.1342799,-0.16567597,-0.24319912,,,,0.013217747,0.0046482086,0.009124517,0.012514591,,
cache_new/HiMoE-VLA/libero_spatial/pick_up_the_black_bowl_next_to_the_plate_and_place_it_on_the_plate/right-50x8b-20260903,right-50x8b-20260903,libero_spatial,libero_spatial/pick_up_the_black_bowl_next_to_the_plate_and_place_it_on_the_plate,73,9,1009,9,1029d0827030a7521361d1904eeb3e7e7f2792be5c99abdb5701abb7ee87c137,27673,False,90,,False,True,8,-1,success_no_alarm,0.99562126,0.9950676,0.9966708,0.99718016,,,,0.042937882,0.045216043,0.042079642,0.0393778,,,,0.15685624,0.16163248,0.15495095,0.15017554,,,,0.0024452321,0.0035047312,0.0013047636,0.0016241183,,,,0.3,0.275,0.59999996,0.3,,,,,0.062389374,0.059992597,0.050059002,,,,,0.875,0.84999996,0.92499995,,,,,0.74375004,0.7625,0.7125,,,,,0.87495106,0.8765429,0.8958752,,,,,-0.0145276785,-0.012448609,-0.020788595,,,,0.106654145,0.11557621,0.10382011,0.10410676,,,,0.013135217,0.013559207,0.01306415,0.01304344,,,,0.5199077,0.53116524,0.5108934,0.49442905,,,,0.18541667,0.20902778,0.21875,0.22222221,,,,-0.0017146671,-0.002758189,-0.0010081279,-0.00053648266,,,,0.014332581,0.014039964,0.008634261,0.008556307,,,,,,0.1741405,-0.014225111,,,,,,,-0.01540578,,,,0.9955142,0.99415916,0.99435043,0.99360335,,,,0.04261692,0.044925753,0.04611014,0.04720328,,,,0.15993296,0.1657077,0.16776279,0.16953322,,,,0.0021984198,0.0034171059,0.0025359874,0.00263345,,,,0.325,0.32500002,0.425,0.42499998,,,,,0.091068126,0.084745616,0.088287055,,,,,1.0,0.925,0.95,,,,,0.8625,0.76875,0.81875,,,,,0.8123591,0.8263585,0.8202703,,,,,0.02463618,0.004233137,-0.00015956163,,,,0.082743436,0.09234406,0.09305133,0.090355024,,,,0.00861954,0.008968904,0.009209625,0.008898863,,,,0.586519,0.6260952,0.6224262,0.6423601,,,,0.1659722,0.15069444,0.13125001,0.1388889,,,,-0.0026414644,-0.0036503319,-0.0030010627,-0.004198836,,,,0.0128637105,0.013277877,0.01278749,0.011123534,,,,,,0.056756932,0.10111144,,,,,,,-0.021125827,,,,1.288974,1.2515825,1.1157295,1.1521968,,,,,,,-0.019688882,,,,,,-0.053006403,-0.111684695,,,,,0.021301568,0.001917243,-0.005747199,,,
cache_new/HiMoE-VLA/libero_spatial/pick_up_the_black_bowl_next_to_the_plate_and_place_it_on_the_plate/right-50x8b-20260903,right-50x8b-20260903,libero_spatial,libero_spatial/pick_up_the_black_bowl_next_to_the_plate_and_place_it_on_the_plate,74,9,1010,10,1029d0827030a7521361d1904eeb3e7e7f2792be5c99abdb5701abb7ee87c137,27674,False,92,,False,True,-1,-1,success_no_alarm,0.9953499,0.99653566,0.9972683,0.99657035,0.99462557,,,0.04368272,0.04162494,0.0406777,0.039903115,0.045833103,,,0.1587925,0.15450013,0.15175116,0.15247065,0.16259257,,,0.002766857,0.0016503627,0.0013324184,0.0020826927,0.0039749146,,,0.375,0.375,0.425,0.275,0.25,,,,0.056056153,0.066616975,0.059226327,0.07258487,,,,0.84999996,1.0,0.975,0.92499995,,,,0.73749995,0.83124995,0.8375,0.8,,,,0.8858233,0.8663939,0.8781025,0.8584882,,,,-0.012111336,0.009024784,-0.0072951913,-0.0047107935,,,0.11176503,0.111883454,0.101147525,0.10023909,0.1196333,,,0.0134062525,0.013787069,0.0130705265,0.012869589,0.014120412,,,0.5310503,0.51628745,0.47305876,0.4942274,0.54230475,,,0.21180555,0.23680556,0.21597221,0.21527778,0.22291666,,,-0.0021224036,-0.0012963193,-0.0004330695,-0.0014876155,-0.0030550826,,,0.013302283,0.015939528,0.006256638,0.011672014,0.011376478,,,,,0.27459115,0.15243128,0.35176128,,,,,,-0.012720337,0.07589615,,,0.99552083,0.9948714,0.9940046,0.99418765,0.99340165,,,0.042910986,0.042372264,0.04704108,0.045834206,0.046695374,,,0.16082853,0.16119277,0.16795771,0.1674197,0.16940917,,,0.0023642113,0.0019143389,0.0029187864,0.0028691865,0.00394253,,,0.375,0.375,0.4,0.475,0.325,,,,0.08549911,0.10044191,0.09963334,0.091995075,,,,0.975,0.95000005,0.975,1.0,,,,0.8625,0.875,0.9375,0.8125,,,,0.82311904,0.79557335,0.8007597,0.8133145,,,,0.017802745,0.025322258,0.0140706,-0.005588472,,,0.08604449,0.087930866,0.088985756,0.08366442,0.096925706,,,0.008892357,0.008961467,0.008838953,0.008609934,0.009365277,,,0.57936287,0.607311,0.6359593,0.66088575,0.65843606,,,0.15416667,0.16527778,0.125,0.14930555,0.13402778,,,-0.0026496334,-0.0035349145,-0.003578701,-0.004153072,-0.0040898165,,,0.01303952,0.012140321,0.01082067,0.0134671,0.010074202,,,,,0.2409532,0.23215616,0.15186444,,,,,,-0.042070054,0.042210825,,,1.2989213,1.2724025,1.136671,1.198109,1.2342783,,,,,,-0.04219175,0.041900553,,,,,-0.20648177,-0.2284283,-0.12375896,,,,0.017802715,0.01986599,0.014070511,-0.005705416,,
cache_new/HiMoE-VLA/libero_spatial/pick_up_the_black_bowl_next_to_the_plate_and_place_it_on_the_plate/right-50x8b-20260903,right-50x8b-20260903,libero_spatial,libero_spatial/pick_up_the_black_bowl_next_to_the_plate_and_place_it_on_the_plate,75,9,1011,9,1029d0827030a7521361d1904eeb3e7e7f2792be5c99abdb5701abb7ee87c137,27675,False,90,,False,True,-1,-1,success_no_alarm,0.9957259,0.99584126,0.997141,0.9970728,,,,0.04215102,0.04338073,0.041727606,0.03946508,,,,0.15553193,0.15848824,0.15353452,0.14993948,,,,0.0024167518,0.0025856043,0.0013791977,0.0017807599,,,,0.42499998,0.35000002,0.425,0.22500001,,,,,0.059271,0.064451426,0.052185252,,,,,0.925,1.0,0.92499995,,,,,0.78125,0.8,0.76875,,,,,0.8803576,0.8677199,0.8918262,,,,,-0.01606153,0.0044775456,-0.016732723,,,,0.11227062,0.117409185,0.103117004,0.1057041,,,,0.013584282,0.014110617,0.013050216,0.013053044,,,,0.4941786,0.5205619,0.49550435,0.47258878,,,,0.23125,0.23194444,0.20625001,0.21944444,,,,-0.0018689525,-0.0018444108,-0.00042383405,-0.0006649881,,,,0.013388151,0.014644422,0.008260055,0.010109583,,,,,,0.24327075,0.02838153,,,,,,,-0.00014176319,,,,0.9955748,0.9943316,0.99403787,0.99478954,,,,0.042786032,0.04439061,0.047608607,0.044663787,,,,0.1604814,0.16386315,0.16962987,0.1647316,,,,0.0021809118,0.0027178419,0.0028763753,0.0023679947,,,,0.375,0.375,0.425,0.52500004,,,,,0.09032915,0.09631386,0.090082034,,,,,1.0,0.925,0.975,,,,,0.90625,0.8375,0.89374995,,,,,0.81637335,0.8046566,0.8133742,,,,,0.020918846,0.019209877,0.012235716,,,,0.087241165,0.09512456,0.094257884,0.08519681,,,,0.0088033695,0.009444391,0.008908903,0.008453099,,,,0.5676178,0.6089153,0.6302116,0.62503666,,,,0.16666666,0.16805555,0.14097223,0.12430556,,,,-0.0024996302,-0.0038167764,-0.0036038794,-0.003064404,,,,0.012732191,0.015571095,0.011279622,0.011394819,,,,,,0.20423225,0.13689788,,,,,,,-0.060914047,,,,1.2868997,1.2342678,1.0939881,1.2407049,,,,,,,-0.06425017,,,,,,-0.20126359,-0.13243327,,,,,0.020918846,0.01581788,0.007553637,,,
cache_new/HiMoE-VLA/libero_spatial/pick_up_the_black_bowl_next_to_the_plate_and_place_it_on_the_plate/right-50x8b-20260903,right-50x8b-20260903,libero_spatial,libero_spatial/pick_up_the_black_bowl_next_to_the_plate_and_place_it_on_the_plate,76,9,1012,10,1029d0827030a7521361d1904eeb3e7e7f2792be5c99abdb5701abb7ee87c137,27676,False,93,,False,True,-1,-1,success_no_alarm,0.9956324,0.99488854,0.99684507,0.99722844,0.9941627,,,0.04269876,0.04509164,0.041242763,0.040018413,0.04634396,,,0.15676525,0.16225755,0.15440124,0.15141426,0.16590258,,,0.0025032763,0.0033541261,0.0014235693,0.0016061632,0.0043487702,,,0.35,0.32500002,0.35000002,0.275,0.325,,,,0.06048269,0.059964523,0.054087497,0.07276204,,,,0.875,0.95000005,0.9,0.95,,,,0.66875,0.76875,0.7625,0.79999995,,,,0.87848115,0.87699246,0.88736534,0.85486096,,,,-0.01751396,-0.009232178,-0.016924843,-0.0035292953,,,0.10953315,0.11379995,0.10828872,0.10569972,0.12173194,,,0.013389286,0.013414787,0.013372567,0.013197349,0.014208345,,,0.5323127,0.5530049,0.48011613,0.47938696,0.5483263,,,0.22361112,0.20347223,0.21249999,0.22638889,0.20694445,,,-0.0014603047,-0.0022556728,-0.0011490849,-0.00043487534,-0.0037078601,,,0.013355257,0.014121953,0.006506258,0.0085040275,0.010435637,,,,,0.19311482,0.08459984,0.3759417,,,,,,0.0015405361,0.07274202,,,0.9956587,0.9940752,0.99411005,0.99345136,0.9933265,,,0.04238966,0.04451135,0.047667354,0.046748783,0.0461957,,,0.1601043,0.16539595,0.1687786,0.16971011,0.16975528,,,0.0022281213,0.0030931078,0.0029445323,0.0028981827,0.004695694,,,0.35,0.375,0.425,0.4,0.275,,,,0.09309861,0.08317856,0.093175724,0.10485128,,,,0.875,0.825,0.975,0.975,,,,0.85625,0.75625,0.86875,0.91249996,,,,0.80925035,0.8308491,0.8096733,0.79305905,,,,0.025848389,0.006783262,0.009622037,0.015667275,,,0.08542925,0.091827,0.09476591,0.09149384,0.105404966,,,0.008827489,0.008949448,0.009076106,0.009139295,0.009929934,,,0.58599687,0.64050686,0.5948481,0.6247976,0.61351854,,,0.14791667,0.14861111,0.12708333,0.13611111,0.13958333,,,-0.002250926,-0.0038066814,-0.0032648672,-0.004406866,-0.0041956543,,,0.013365276,0.011164736,0.0122046545,0.0113137895,0.011580345,,,,,0.04857299,0.16355383,0.2822366,,,,,,0.02057725,0.102959245,,,1.2821505,1.2392864,1.142697,1.1552659,1.1548976,,,,,,0.02272434,0.10569493,,,,,-0.0670302,-0.16738659,-0.29735228,,,,0.022366881,0.006522298,-0.0013815165,0.009181082,,
cache_new/HiMoE-VLA/libero_spatial/pick_up_the_black_bowl_next_to_the_plate_and_place_it_on_the_plate/right-50x8b-20260903,right-50x8b-20260903,libero_spatial,libero_spatial/pick_up_the_black_bowl_next_to_the_plate_and_place_it_on_the_plate,77,9,1013,22,1029d0827030a7521361d1904eeb3e7e7f2792be5c99abdb5701abb7ee87c137,27677,True,220,object_released_or_dropped_before_goal,False,True,9,20,failure_detected,0.99565864,0.99533033,0.9968778,0.9973188,0.9941002,0.9956295,0.99682903,0.042822096,0.044436403,0.041742135,0.039431065,0.04662513,0.041938443,0.040578134,0.15711914,0.15967494,0.154531,0.15019026,0.16509275,0.15621518,0.15282317,0.0024172505,0.0031790822,0.0013004984,0.001504401,0.0043410826,0.0019197392,0.001595483,0.375,0.3,0.4,0.25,0.325,0.4,0.3,,0.059725866,0.060872857,0.052250884,0.076137476,0.07954786,0.05469206,,0.925,0.875,0.92499995,0.92499995,0.975,0.875,,0.70000005,0.74375004,0.70000005,0.81250006,0.85,0.775,,0.87847936,0.87490445,0.89040923,0.84912074,0.8451643,0.88690114,,-0.014337763,-0.0098413825,-0.014371157,0.004244983,0.021324158,-0.008807719,0.10576065,0.11603816,0.10454141,0.102896504,0.12573747,0.1156907,0.11288322,0.013038529,0.013829559,0.013319432,0.013192272,0.014509359,0.013840884,0.014219012,0.5142306,0.53202957,0.49318266,0.49650422,0.54770523,0.50250125,0.46523106,0.2013889,0.22847223,0.22638889,0.22013889,0.21597221,0.22083333,0.23680556,-0.0021556476,-0.0026915458,-0.00097624236,-0.00038150913,-0.0038015388,-0.0017555989,-0.00067663135,0.014246678,0.015406497,0.007896066,0.008867733,0.009151438,0.012873368,0.013418444,,,0.16102995,0.0026123393,0.3714673,0.4126314,0.048510045,,,,-0.0015542015,0.0915386,0.04708374,0.07463239,0.99552256,0.9941995,0.99439436,0.99337757,0.9929974,0.99441713,0.9921442,0.04238723,0.044501312,0.04679383,0.04746122,0.04902158,0.045780797,0.051641673,0.16081329,0.16506335,0.16749614,0.17118856,0.17220694,0.16757616,0.17784439,0.0021489747,0.0031662695,0.00280772,0.0029087255,0.004571918,0.0023286107,0.0020295673,0.425,0.35,0.425,0.425,0.275,0.39999998,0.67499995,,0.09016992,0.08282414,0.09402038,0.1036257,0.09342205,0.07748243,,0.975,0.8,1.0,1.0,0.975,0.9,,0.82500005,0.75624996,0.88125,0.85,0.79375005,0.69375,,0.8157596,0.83206666,0.80678904,0.7925477,0.8130212,0.8415511,,0.019287258,-0.0012360811,0.017907694,0.017264217,0.010556862,-0.027064025,0.08251903,0.092264906,0.09402487,0.09019193,0.10782583,0.09179066,0.11547786,0.008554343,0.009140639,0.009210961,0.008892361,0.010173267,0.009308043,0.01128765,0.5950919,0.6245184,0.61622083,0.65568197,0.6270238,0.6025139,0.589586,0.15694445,0.1375,0.12708333,0.13958333,0.14513889,0.14513889,0.12847222,-0.0026561,-0.0038385666,-0.0030015446,-0.0044630873,-0.004517279,-0.0036169325,-0.004448761,0.012756169,0.013118755,0.01363342,0.011337509,0.011244307,0.012767897,0.015260242,,,0.01823307,0.14669865,0.24386626,0.1396559,-0.050094284,,,,-0.020565111,0.11408666,0.02514124,0.2185983,1.2816516,1.257663,1.1118486,1.1408615,1.1661165,1.2603755,0.97753125,,,,-0.019742562,0.11482822,0.02594368,0.21877399,,,-0.033900265,-0.15711251,-0.24785174,-0.14522752,0.024306362,,0.01785791,-0.005362153,0.0019193888,0.010347903,0.0038192272,-0.030447483
cache_new/HiMoE-VLA/libero_spatial/pick_up_the_black_bowl_next_to_the_plate_and_place_it_on_the_plate/right-50x8b-20260903,right-50x8b-20260903,libero_spatial,libero_spatial/pick_up_the_black_bowl_next_to_the_plate_and_place_it_on_the_plate,78,9,1014,10,1029d0827030a7521361d1904eeb3e7e7f2792be5c99abdb5701abb7ee87c137,27678,False,92,,False,True,-1,-1,success_no_alarm,0.9954985,0.9954971,0.99711204,0.9971661,0.9943201,,,0.04323205,0.04377716,0.04109837,0.039445817,0.046494037,,,0.15791124,0.15917018,0.15356058,0.14967546,0.16417845,,,0.0025209906,0.0029681968,0.0013525747,0.0015145824,0.0042279526,,,0.35000002,0.25,0.4,0.425,0.275,,,,0.060985547,0.06093514,0.053831875,0.07162841,,,,0.875,1.0,0.875,0.875,,,,0.75,0.7687501,0.7375,0.73749995,,,,0.8786863,0.87308526,0.88827014,0.85662425,,,,-0.014141083,-0.0006144345,-0.01140213,0.0011196584,,,0.10893226,0.111147165,0.10135871,0.10068108,0.12617156,,,0.01303501,0.013643138,0.0128914425,0.013156068,0.014799153,,,0.52722645,0.528585,0.49018648,0.48595834,0.5358114,,,0.19583333,0.22152779,0.19583334,0.23055556,0.22152777,,,-0.0018542826,-0.002407671,-0.00019337729,-0.0008966832,-0.003542963,,,0.013398159,0.01374927,0.0081029,0.009632785,0.010311439,,,,,0.1901999,0.061675824,0.34063217,,,,,,-0.0015479834,0.11342965,,,0.9955689,0.9945466,0.9943279,0.994086,0.99312353,,,0.042232588,0.043407917,0.04666952,0.045516066,0.047730677,,,0.160374,0.16225703,0.16745412,0.16685405,0.17156489,,,0.0022817454,0.0027083657,0.0028085283,0.0022834651,0.0044686254,,,0.35000002,0.325,0.375,0.475,0.32500002,,,,0.087940276,0.09658043,0.08998586,0.09606319,,,,0.975,0.925,0.95000005,1.0,,,,0.8375,0.88125,0.8125,0.8625,,,,0.8190723,0.8012519,0.8149469,0.80492467,,,,0.023593187,0.023370579,0.008951768,0.007568836,,,0.08386548,0.08997013,0.089120865,0.08348897,0.10550816,,,0.008655185,0.009272099,0.008492225,0.00831631,0.010238525,,,0.59196836,0.606691,0.6471665,0.6404208,0.60615873,,,0.15625,0.15833333,0.13194445,0.12708333,0.14791667,,,-0.0025574162,-0.0037730415,-0.0033889008,-0.003892363,-0.004145057,,,0.012792859,0.01331735,0.010479058,0.011198086,0.012193673,,,,,0.21176808,0.14006564,0.20482513,,,,,,-0.07373993,0.1344494,,,1.2988927,1.2353785,1.1373174,1.2059207,1.1958464,,,,,,-0.07056287,0.13737603,,,,,-0.20021796,-0.13498037,-0.187615,,,,0.023593187,0.019816816,0.007212341,0.003152907,,
cache_new/HiMoE-VLA/libero_spatial/pick_up_the_black_bowl_next_to_the_plate_and_place_it_on_the_plate/right-50x8b-20260903,right-50x8b-20260903,libero_spatial,libero_spatial/pick_up_the_black_bowl_next_to_the_plate_and_place_it_on_the_plate,79,9,1015,9,1029d0827030a7521361d1904eeb3e7e7f2792be5c99abdb5701abb7ee87c137,27679,False,89,,False,True,-1,-1,success_no_alarm,0.9955528,0.99528396,0.9971983,0.99700576,,,,0.043239333,0.04412879,0.041412205,0.039441362,,,,0.15731268,0.15943497,0.15278722,0.15067226,,,,0.002524671,0.0032613412,0.0013158908,0.0017569233,,,,0.32500002,0.32500002,0.375,0.325,,,,,0.061149277,0.05737821,0.0531554,,,,,0.9,0.925,0.95000005,,,,,0.74375,0.79999995,0.76875,,,,,0.8772397,0.88164127,0.8907987,,,,,-0.015892759,-0.008467093,-0.013171494,,,,0.1050854,0.116079405,0.10877627,0.097567275,,,,0.0131023545,0.013609877,0.013804957,0.012692618,,,,0.5048628,0.5375133,0.4524704,0.4956187,,,,0.19930555,0.21805556,0.2375,0.19722223,,,,-0.0022698443,-0.0019792623,-0.00054566655,-0.00053409213,,,,0.01448237,0.012826798,0.0065914695,0.009820455,,,,,,0.12701431,0.044103395,,,,,,,-0.041115917,,,,0.9956179,0.9944439,0.9939184,0.994725,,,,0.042148985,0.044065274,0.04665966,0.044823796,,,,0.15994121,0.16265327,0.1687257,0.16515699,,,,0.0022521298,0.0028591773,0.0030497683,0.0024527996,,,,0.3,0.425,0.42499998,0.425,,,,,0.08759056,0.08756837,0.091881305,,,,,0.975,0.8,0.95,,,,,0.8562499,0.79375005,0.825,,,,,0.819515,0.81871676,0.81345385,,,,,0.016569674,0.0045346916,0.018641338,,,,0.08170103,0.09098756,0.09586147,0.08163121,,,,0.00852414,0.008890174,0.009131411,0.008340156,,,,0.57836884,0.6295448,0.6199565,0.64665234,,,,0.15069446,0.14722222,0.13958333,0.12708333,,,,-0.0024875053,-0.0035788557,-0.0036890968,-0.003241202,,,,0.013105266,0.011575919,0.010593857,0.011479842,,,,,,0.0968946,0.14528474,,,,,,,-0.08666856,,,,1.2862188,1.2757722,1.1347235,1.1952202,,,,,,,-0.081924416,,,,,,-0.10004781,-0.13275057,,,,,0.015977442,-0.0018475652,0.012014806,,,
cache_new/HiMoE-VLA/libero_spatial/pick_up_the_black_bowl_next_to_the_plate_and_place_it_on_the_plate/right-50x8b-20260903,right-50x8b-20260903,libero_spatial,libero_spatial/pick_up_the_black_bowl_next_to_the_plate_and_place_it_on_the_plate,80,10,1008,10,1029d0827030a7521361d1904eeb3e7e7f2792be5c99abdb5701abb7ee87c137,27680,False,98,,False,True,-1,-1,success_no_alarm,0.99557567,0.9959427,0.9970426,0.99686897,0.9966202,,,0.043335505,0.04412194,0.040957917,0.04062458,0.040588807,,,0.1577651,0.15858251,0.15383248,0.15401441,0.15286052,,,0.0025754573,0.0024493597,0.001861179,0.00176707,0.0017978207,,,0.325,0.5,0.35,0.325,0.425,,,,0.057382964,0.06475079,0.0570572,0.053680144,,,,0.8,0.8000001,0.975,0.95000005,,,,0.6625,0.8125,0.8125,0.76250005,,,,0.886354,0.86811435,0.8812807,0.88761115,,,,-0.0138513595,0.0013293624,-0.0131157935,-0.014132649,,,0.11038581,0.11199725,0.10102348,0.105516024,0.107059404,,,0.013537673,0.013358487,0.012777068,0.012780475,0.013280213,,,0.5002834,0.528769,0.49988797,0.5205149,0.50263536,,,0.18819444,0.20416665,0.21666667,0.2236111,0.24722223,,,-0.0019301441,-0.0018099454,-0.0010632827,-0.0008129792,-0.0012831453,,,0.015271391,0.013850328,0.0071170665,0.012729298,0.010540338,,,,,0.2609651,0.1446833,0.08534184,,,,,,-0.022899307,0.013037664,,,0.99549496,0.9935824,0.99381983,0.9926934,0.99418736,,,0.043572053,0.046476055,0.046439856,0.047181472,0.04475368,,,0.1608948,0.16848865,0.16966921,0.17243102,0.16523467,,,0.0025590847,0.0029799952,0.0032496466,0.0043845945,0.0016608881,,,0.3,0.47500002,0.575,0.3,0.4,,,,0.08731414,0.091801144,0.10424535,0.096826,,,,0.975,0.95,1.0,0.975,,,,0.84375,0.8375,0.82500005,0.8625,,,,0.8182305,0.8169893,0.79403234,0.8026905,,,,0.0067750216,0.004865125,0.008298278,0.015708342,,,0.08858214,0.09869782,0.101974145,0.091922276,0.09334701,,,0.009013885,0.009593092,0.009983938,0.009036174,0.009225937,,,0.5673869,0.6144687,0.6243938,0.648325,0.6427059,,,0.16388889,0.15208334,0.15416667,0.114583336,0.16527778,,,-0.0027954748,-0.0041771834,-0.0040359683,-0.004926185,-0.0038727056,,,0.014094915,0.012913734,0.013149468,0.012808271,0.0138539355,,,,,0.09672172,0.22412437,0.14743187,,,,,,-0.03697907,-0.01626974,,,1.2461407,1.1347489,0.9906774,1.147883,1.146897,,,,,,-0.05699033,-0.036207482,,,,,-0.111736774,-0.20878565,-0.13696079,,,,-0.00060606,-0.0021816492,-7.081032e-05,0.009140193,,
cache_new/HiMoE-VLA/libero_spatial/pick_up_the_black_bowl_next_to_the_plate_and_place_it_on_the_plate/right-50x8b-20260903,right-50x8b-20260903,libero_spatial,libero_spatial/pick_up_the_black_bowl_next_to_the_plate_and_place_it_on_the_plate,81,10,1009,10,1029d0827030a7521361d1904eeb3e7e7f2792be5c99abdb5701abb7ee87c137,27681,False,94,,False,True,-1,-1,success_no_alarm,0.9955964,0.99575174,0.9974271,0.9964514,0.9949111,,,0.04272017,0.043828093,0.04051709,0.041052196,0.045266427,,,0.15624613,0.15821412,0.15180393,0.15444389,0.16118485,,,0.0024806433,0.0026569944,0.0015397778,0.0019867436,0.003515394,,,0.3,0.425,0.4,0.275,0.375,,,,0.060832404,0.059292264,0.059249714,0.0675167,,,,0.775,0.825,0.92499995,0.975,,,,0.6625,0.78125,0.8249999,0.80625,,,,0.8798866,0.87621045,0.87664384,0.86409837,,,,-0.008973822,-0.003886789,-0.0068523437,-0.0037813783,,,0.10693283,0.11260544,0.102059625,0.103695676,0.1155489,,,0.013259569,0.013352105,0.0129869785,0.012560896,0.013829336,,,0.50969803,0.5127572,0.48538077,0.52516794,0.53838164,,,0.19236112,0.23055555,0.24027777,0.22013888,0.23472221,,,-0.0017130848,-0.0022897255,-0.0005521675,-0.0015530204,-0.0029734941,,,0.015605096,0.011959473,0.0067726728,0.012480747,0.011639811,,,,,0.16299707,0.1809285,0.30731842,,,,,,-0.025570095,0.06672224,,,0.99551815,0.9934677,0.99287826,0.99306184,0.9930674,,,0.0434076,0.04705412,0.049235076,0.046159968,0.048395112,,,0.16148207,0.16897756,0.17443804,0.16969848,0.17126927,,,0.0024477774,0.002892645,0.0033247343,0.003576362,0.0035594732,,,0.35000002,0.47500002,0.5,0.375,0.47499996,,,,0.08872945,0.09694299,0.09682594,0.09938589,,,,1.0,0.92499995,0.975,0.975,,,,0.85625,0.78749996,0.88125,0.8875,,,,0.8169141,0.8054881,0.8064694,0.8021444,,,,0.008340925,0.0062927157,-0.0025104284,-2.2247434e-05,,,0.08615826,0.09559271,0.104597904,0.08815873,0.09593906,,,0.008902363,0.009201083,0.010138084,0.008786514,0.00948703,,,0.57961035,0.6307943,0.6242209,0.6544778,0.6553029,,,0.15694444,0.15416667,0.16180557,0.12222223,0.12916668,,,-0.0027970744,-0.0042376355,-0.0047591385,-0.004797456,-0.0048590945,,,0.014121093,0.011871361,0.01385195,0.014101961,0.013082512,,,,,0.15748039,0.15256822,0.18229868,,,,,,-0.023578983,0.052923903,,,1.241121,1.177971,0.975733,1.1762383,1.2043989,,,,,,-0.02548304,0.05122447,,,,,-0.1751099,-0.20624307,-0.20277464,,,,0.0013195872,0.0035588741,-0.011798918,-0.0044534206,,
cache_new/HiMoE-VLA/libero_spatial/pick_up_the_black_bowl_next_to_the_plate_and_place_it_on_the_plate/right-50x8b-20260903,right-50x8b-20260903,libero_spatial,libero_spatial/pick_up_the_black_bowl_next_to_the_plate_and_place_it_on_the_plate,82,10,1010,10,1029d0827030a7521361d1904eeb3e7e7f2792be5c99abdb5701abb7ee87c137,27682,False,97,,False,True,-1,-1,success_no_alarm,0.9952963,0.99616194,0.99690634,0.9965719,0.9947244,,,0.043197073,0.043620393,0.041389007,0.04169592,0.04573445,,,0.15861255,0.15780137,0.15472077,0.15586385,0.1609531,,,0.0028355638,0.0022127633,0.0019420625,0.0019577988,0.0036577443,,,0.32500002,0.575,0.325,0.32500002,0.32500002,,,,0.058572613,0.06744402,0.06117553,0.071951985,,,,0.79999995,0.875,1.0,0.95000005,,,,0.65,0.875,0.83125,0.85625,,,,0.8847341,0.8635596,0.87266195,0.855284,,,,-0.011592448,0.005957976,-0.0073726773,0.004272625,,,0.112306006,0.113717064,0.10173127,0.10284013,0.11534613,,,0.013469986,0.013649307,0.0129054235,0.01275978,0.013810186,,,0.52474785,0.52906877,0.50613034,0.490832,0.5268672,,,0.21249999,0.23888887,0.20902778,0.20972222,0.22152779,,,-0.0021362137,-0.0017042449,-0.0010239331,-0.0015698576,-0.0029284344,,,0.0135097075,0.012191038,0.0065575074,0.011967385,0.010073725,,,,,0.26848462,0.18397683,0.34105924,,,,,,-0.01921925,0.05721499,,,0.9954353,0.9938031,0.9936136,0.99265,0.99421453,,,0.043776575,0.045589566,0.04810693,0.04740671,0.045625143,,,0.16180213,0.16738546,0.17063417,0.17151916,0.16417645,,,0.0026026135,0.0027224682,0.0035951424,0.0039426335,0.0024416721,,,0.32500002,0.39999998,0.425,0.32500002,0.45,,,,0.08677577,0.09459243,0.09736824,0.09672451,,,,0.975,1.0,0.95,1.0,,,,0.83750004,0.8375,0.81874996,0.90000004,,,,0.82017565,0.81213284,0.8065171,0.80480474,,,,0.0053967237,0.0075948685,-0.0026393086,0.02256073,,,0.089168474,0.096487574,0.104147814,0.091464296,0.09580566,,,0.009146478,0.009456247,0.0097285295,0.008993068,0.009304995,,,0.56957865,0.60687804,0.6320062,0.6424482,0.6518389,,,0.16597223,0.14375001,0.15763888,0.121527776,0.16319445,,,-0.0028230264,-0.003949685,-0.0043959455,-0.00498447,-0.0035261945,,,0.013889598,0.012987948,0.011811956,0.014610957,0.012347175,,,,,0.12816156,0.15781045,0.14989892,,,,,,-0.011815326,0.021433728,,,1.2594811,1.1785669,0.976797,1.1243746,1.2039595,,,,,,-0.007859577,0.026237743,,,,,-0.13915524,-0.19557014,-0.10722899,,,,-0.0010868311,0.0011790991,-0.009609461,0.015468657,,
cache_new/HiMoE-VLA/libero_spatial/pick_up_the_black_bowl_next_to_the_plate_and_place_it_on_the_plate/right-50x8b-20260903,right-50x8b-20260903,libero_spatial,libero_spatial/pick_up_the_black_bowl_next_to_the_plate_and_place_it_on_the_plate,83,10,1011,10,1029d0827030a7521361d1904eeb3e7e7f2792be5c99abdb5701abb7ee87c137,27683,False,95,,False,True,-1,-1,success_no_alarm,0.9956193,0.9954512,0.997623,0.99645877,0.99521786,,,0.04204345,0.045593183,0.04025791,0.040734526,0.044548795,,,0.15593395,0.1613904,0.15093572,0.15387759,0.15842794,,,0.002487729,0.0028243507,0.001291091,0.0021107774,0.003211071,,,0.35,0.3,0.4,0.325,0.40000004,,,,0.060486324,0.05649225,0.05686574,0.061639614,,,,0.875,0.9,1.0,0.90000004,,,,0.66875,0.83750004,0.8375,0.71875,,,,0.8790014,0.87969875,0.8794441,0.87622875,,,,-0.013080016,-0.0028985143,-0.013091043,-0.010794252,,,0.112725765,0.11883269,0.10003738,0.105772436,0.11440371,,,0.0136286,0.013839995,0.012859683,0.012535709,0.013309607,,,0.49869627,0.52312523,0.4902801,0.5162212,0.5366091,,,0.2111111,0.23819445,0.22708333,0.22777778,0.21875,,,-0.0019449346,-0.0022777382,-0.00022134167,-0.0014398731,-0.00262461,,,0.015317083,0.013025278,0.0067009674,0.012889661,0.011845876,,,,,0.10674137,0.11979868,0.19795358,,,,,,-0.03409858,0.02459198,,,0.995503,0.99415165,0.9940774,0.9929943,0.9946743,,,0.043220468,0.04639953,0.045072008,0.046623506,0.04393425,,,0.16108708,0.1678912,0.166514,0.17139459,0.16329885,,,0.0023160558,0.003158702,0.002437149,0.0027087783,0.0024653713,,,0.32500002,0.375,0.39999998,0.4,0.325,,,,0.09099652,0.09035985,0.10135017,0.0872863,,,,0.975,0.875,1.0,0.875,,,,0.875,0.8125,0.9,0.75,,,,0.81420076,0.81701624,0.7984562,0.823623,,,,0.016711622,0.0017265081,0.011818647,0.0047991425,,,0.09051369,0.10188653,0.097504675,0.09167235,0.08958696,,,0.009157691,0.009796969,0.009350631,0.008883379,0.008967276,,,0.5600659,0.60094976,0.60868454,0.65832615,0.65186715,,,0.15208334,0.15138888,0.16388889,0.13125,0.14097223,,,-0.0026897397,-0.0028237486,-0.003644209,-0.004813932,-0.0032836474,,,0.014281046,0.014544005,0.010981824,0.014781553,0.0134385675,,,,,0.06837556,0.1766933,0.03000845,,,,,,0.013279637,0.022652477,,,1.2454002,1.1663238,1.0259752,1.1538095,1.277013,,,,,,0.014660841,0.024060754,,,,,-0.061822534,-0.21462491,-0.040356487,,,,0.007888794,-0.004357815,0.009941161,-0.0053153634,,
cache_new/HiMoE-VLA/libero_spatial/pick_up_the_black_bowl_next_to_the_plate_and_place_it_on_the_plate/right-50x8b-20260903,right-50x8b-20260903,libero_spatial,libero_spatial/pick_up_the_black_bowl_next_to_the_plate_and_place_it_on_the_plate,84,10,1012,10,1029d0827030a7521361d1904eeb3e7e7f2792be5c99abdb5701abb7ee87c137,27684,False,94,,False,True,-1,-1,success_no_alarm,0.9956152,0.9952856,0.9974724,0.9963533,0.9951022,,,0.042933434,0.044712033,0.040551156,0.04127883,0.044617683,,,0.15690693,0.16071753,0.15169206,0.15452191,0.16035941,,,0.0025333732,0.0028996277,0.0015622217,0.0022410029,0.0033362915,,,0.325,0.42499998,0.4,0.3,0.225,,,,0.06272087,0.06321593,0.059491593,0.06513563,,,,0.79999995,0.9,0.975,0.84999996,,,,0.6625,0.7625,0.88125,0.7875,,,,0.8772616,0.86955327,0.87531286,0.868995,,,,-0.010254815,0.0057121217,-0.010470793,-0.009178191,,,0.110027574,0.113102615,0.102656536,0.104422465,0.119191214,,,0.013400974,0.013593175,0.012979867,0.012603633,0.014009133,,,0.5257776,0.5392777,0.4646278,0.49882528,0.5244837,,,0.19305556,0.23055556,0.23124999,0.20277777,0.21458334,,,-0.0014627813,-0.0020185432,-0.00078510086,-0.0014610614,-0.0027450495,,,0.0148735475,0.012480803,0.00511417,0.012062312,0.0118686,,,,,0.22009134,0.16736355,0.25615838,,,,,,-0.024336291,0.08081583,,,0.99564075,0.9936222,0.9942446,0.9934895,0.994623,,,0.044003733,0.04626655,0.046737254,0.045973677,0.044112504,,,0.16108564,0.16882841,0.16806488,0.16925377,0.16309163,,,0.0024027007,0.0029285036,0.0030937786,0.0027294678,0.002743777,,,0.325,0.425,0.375,0.375,0.35000002,,,,0.090590954,0.09635695,0.09888484,0.08591246,,,,1.0,0.95,1.0,0.975,,,,0.80625,0.79375,0.91249996,0.8375,,,,0.8125199,0.8068919,0.80300915,0.82521665,,,,0.015419155,0.021044642,0.01612264,0.0006814897,,,0.08854572,0.09544692,0.101264976,0.09041132,0.09313518,,,0.008959822,0.009190663,0.009736569,0.008774195,0.009294499,,,0.5801856,0.629581,0.59608144,0.67178714,0.64601696,,,0.15625,0.15069443,0.1638889,0.14027777,0.14305556,,,-0.0024290315,-0.003976841,-0.0033118525,-0.0047144056,-0.0034917293,,,0.014232248,0.011622394,0.014235131,0.01441572,0.013293771,,,,,0.1396286,0.16709384,0.026980063,,,,,,-0.0012857621,0.055834584,,,1.2426075,1.1849792,1.0137417,1.1549711,1.2797658,,,,,,9.166775e-05,0.05769941,,,,,-0.08716704,-0.21051806,-0.07368022,,,,0.010127485,0.017244816,0.009572804,-0.004508853,,
cache_new/HiMoE-VLA/libero_spatial/pick_up_the_black_bowl_next_to_the_plate_and_place_it_on_the_plate/right-50x8b-20260903,right-50x8b-20260903,libero_spatial,libero_spatial/pick_up_the_black_bowl_next_to_the_plate_and_place_it_on_the_plate,85,10,1013,10,1029d0827030a7521361d1904eeb3e7e7f2792be5c99abdb5701abb7ee87c137,27685,False,98,,False,True,-1,-1,success_no_alarm,0.99564826,0.99580306,0.9973693,0.99643177,0.995076,,,0.042251926,0.044759594,0.04047526,0.041813977,0.04517337,,,0.15674211,0.15989628,0.15152514,0.15543249,0.1598303,,,0.0024232185,0.0026154262,0.0015368371,0.0018357085,0.0032360083,,,0.325,0.375,0.375,0.47500002,0.47500002,,,,0.06197246,0.057987805,0.062088545,0.06303241,,,,0.9,0.85,0.95000005,0.725,,,,0.7125,0.79375,0.85625,0.75624996,,,,0.878417,0.8791225,0.86825204,0.8730861,,,,-0.009754196,-0.002870828,-0.00081703067,-0.010642722,,,0.10671463,0.11385458,0.098719925,0.10768196,0.11861561,,,0.0133355,0.013642121,0.012763029,0.013094258,0.014121159,,,0.5007814,0.5196552,0.4931812,0.49205303,0.52720124,,,0.19444445,0.2326389,0.20833334,0.2326389,0.24027778,,,-0.0021285433,-0.002325704,-0.00083736633,-0.0013720603,-0.003069615,,,0.014244745,0.012399325,0.0073550018,0.012647655,0.013147717,,,,,0.1231486,0.20189044,0.21243912,,,,,,0.026856948,0.1007345,,,0.99558055,0.99368376,0.9933927,0.99353564,0.9941168,,,0.043453604,0.04626812,0.047642864,0.046109244,0.04590758,,,0.16091773,0.16888842,0.17061825,0.16842282,0.16551192,,,0.0023211297,0.0030103328,0.003292126,0.0026898258,0.0025748382,,,0.425,0.45000002,0.4,0.35000002,0.40000004,,,,0.09139097,0.098804295,0.09386268,0.09034519,,,,0.95,0.975,1.0,0.95,,,,0.83125,0.825,0.86875004,0.80625,,,,0.8113247,0.80381835,0.810223,0.81993675,,,,0.010792807,0.01183179,0.0010987371,-0.008979425,,,0.085019186,0.09757456,0.105295084,0.096721984,0.10212937,,,0.008844486,0.009626569,0.009875683,0.009362982,0.01026023,,,0.5748479,0.6016892,0.6293271,0.6488435,0.62060475,,,0.16041666,0.13541667,0.15277778,0.14583334,0.16875,,,-0.002759995,-0.0037363577,-0.004131109,-0.0042446693,-0.003603191,,,0.013684039,0.013191715,0.012999508,0.014188757,0.015646575,,,,,0.14949417,0.10025755,0.061917964,,,,,,0.05878137,0.1485957,,,1.2551829,1.166847,0.9375549,1.1133143,1.1614251,,,,,,0.058635186,0.1501466,,,,,-0.19798481,-0.106720015,-0.027318053,,,,0.0055169463,0.0028823018,-0.004159808,-0.012241125,,
cache_new/HiMoE-VLA/libero_spatial/pick_up_the_black_bowl_next_to_the_plate_and_place_it_on_the_plate/right-50x8b-20260903,right-50x8b-20260903,libero_spatial,libero_spatial/pick_up_the_black_bowl_next_to_the_plate_and_place_it_on_the_plate,86,10,1014,10,1029d0827030a7521361d1904eeb3e7e7f2792be5c99abdb5701abb7ee87c137,27686,False,92,,False,True,-1,-1,success_no_alarm,0.9954915,0.9957166,0.9976588,0.99665356,0.99489963,,,0.04280804,0.044825554,0.040274184,0.039843205,0.044791624,,,0.15773135,0.1594851,0.15076041,0.15212941,0.16130176,,,0.0025342847,0.002716363,0.001266291,0.0019646953,0.003625807,,,0.3,0.47499996,0.425,0.25,0.275,,,,0.060392126,0.05514846,0.05818541,0.066135615,,,,0.8,0.92499995,1.0,0.975,,,,0.63125,0.7875,0.85625005,0.76874995,,,,0.88180155,0.8824289,0.87926424,0.8681419,,,,-0.0129005015,-0.00563854,-0.008913338,-0.009072021,,,0.10856835,0.11374333,0.101718485,0.102854624,0.121644765,,,0.013135089,0.013783859,0.013174938,0.01282471,0.014255259,,,0.52101123,0.5258118,0.48904675,0.487652,0.5323077,,,0.19097222,0.23402777,0.24513888,0.25,0.22569445,,,-0.0018172376,-0.0022549331,0.00013111958,-0.0015376452,-0.0030081314,,,0.013686858,0.010857569,0.007302589,0.0128626125,0.011088705,,,,,0.0914101,0.15535279,0.27797562,,,,,,-0.01918757,0.0851696,,,0.99557954,0.99339795,0.99436545,0.9946295,0.99445724,,,0.042802773,0.046451755,0.045181453,0.044346295,0.04492334,,,0.16082832,0.16923589,0.16727282,0.16457859,0.16480687,,,0.002436547,0.0032025406,0.0027584124,0.0021309853,0.0031990323,,,0.375,0.45000002,0.325,0.35000002,0.3,,,,0.08992463,0.08761757,0.091978334,0.08243298,,,,0.975,0.975,0.95,0.95000005,,,,0.85625005,0.83125,0.91875005,0.85,,,,0.8134349,0.82246673,0.81329775,0.83055687,,,,0.008383572,4.4867396e-05,0.009882778,-0.0040682703,,,0.087059826,0.09789234,0.09530817,0.08784088,0.0955391,,,0.008938409,0.009457443,0.009550357,0.008870365,0.00953624,,,0.5731353,0.6197866,0.5924829,0.6464884,0.63124907,,,0.15347223,0.15069444,0.14652778,0.1423611,0.15069443,,,-0.0026841334,-0.004162978,-0.0033667325,-0.003635696,-0.0034062713,,,0.014165608,0.012799249,0.012292392,0.013349069,0.014323488,,,,,0.05004026,0.099839315,-0.012709577,,,,,,0.008635765,0.080078244,,,1.2470545,1.1619227,1.0672588,1.1709198,1.2732458,,,,,,0.013639822,0.08602318,,,,,-0.016392265,-0.10551326,0.05714948,,,,0.0042542815,-0.002326429,0.009653449,-0.011441052,,
cache_new/HiMoE-VLA/libero_spatial/pick_up_the_black_bowl_next_to_the_plate_and_place_it_on_the_plate/right-50x8b-20260903,right-50x8b-20260903,libero_spatial,libero_spatial/pick_up_the_black_bowl_next_to_the_plate_and_place_it_on_the_plate,87,10,1015,10,1029d0827030a7521361d1904eeb3e7e7f2792be5c99abdb5701abb7ee87c137,27687,False,94,,False,True,-1,-1,success_no_alarm,0.9955264,0.99584067,0.99783134,0.9961923,0.9949132,,,0.042903677,0.044602685,0.039553456,0.041109793,0.045115538,,,0.1570603,0.15943342,0.14913242,0.15513287,0.16084784,,,0.0025553526,0.0025784154,0.0011966553,0.0022389218,0.0035496016,,,0.325,0.35000002,0.35000002,0.35,0.3,,,,0.06185464,0.05225999,0.061239365,0.063026376,,,,0.725,0.925,0.95,0.75,,,,0.71875,0.81875,0.85625005,0.75,,,,0.8781953,0.888485,0.8709186,0.8728814,,,,-0.008529976,-0.0107745975,0.0006110966,-0.010350987,,,0.10482831,0.11836125,0.101972885,0.10011953,0.11754471,,,0.013095912,0.01375737,0.013269516,0.012233516,0.013644317,,,0.5038186,0.52641964,0.44641757,0.53205335,0.52934116,,,0.2048611,0.23125,0.24652778,0.20208333,0.22847223,,,-0.002263825,-0.0015476546,-0.00019705773,-0.0015687569,-0.0031622108,,,0.015234723,0.01206567,0.006436178,0.011773149,0.01032527,,,,,0.015851872,0.18463203,0.20851871,,,,,,-0.06806051,0.038584784,,,0.99564415,0.9936516,0.9941156,0.99370104,0.99446654,,,0.043070827,0.04595746,0.04592219,0.04615716,0.044542544,,,0.16027313,0.16773859,0.16841161,0.16804305,0.16450216,,,0.0024231323,0.003157309,0.0027710188,0.0023141126,0.00282994,,,0.325,0.45,0.325,0.4,0.375,,,,0.09047401,0.08854261,0.09197357,0.084384516,,,,0.975,1.0,1.0,1.0,,,,0.84999996,0.84999996,0.86249995,0.84375,,,,0.81283903,0.82397455,0.81149834,0.8261325,,,,0.01286149,0.0030272305,0.012063891,0.00072313845,,,0.08477648,0.10123494,0.10437599,0.090431616,0.09068276,,,0.008819928,0.009849633,0.009832181,0.008674719,0.009151747,,,0.5710143,0.6002065,0.59830177,0.6744293,0.6512166,,,0.16597223,0.16597222,0.15277778,0.13194443,0.16180556,,,-0.0026663675,-0.0037792847,-0.0035791995,-0.0042584282,-0.00354783,,,0.014116118,0.013809452,0.012569992,0.014433047,0.012575122,,,,,0.04981454,0.09274481,0.0052378946,,,,,,-0.05407288,-0.0007887846,,,1.2365259,1.1691738,0.97697645,1.1071297,1.296219,,,,,,-0.0554995,-0.0019676362,,,,,-0.06695982,-0.09625828,0.025679518,,,,0.0070896745,-0.005815983,0.0056090355,-0.008189261,,
cache_new/HiMoE-VLA/libero_spatial/pick_up_the_black_bowl_next_to_the_plate_and_place_it_on_the_plate/right-50x8b-20260903,right-50x8b-20260903,libero_spatial,libero_spatial/pick_up_the_black_bowl_next_to_the_plate_and_place_it_on_the_plate,88,11,1008,10,1029d0827030a7521361d1904eeb3e7e7f2792be5c99abdb5701abb7ee87c137,27688,False,93,,False,True,-1,-1,success_no_alarm,0.9958077,0.9967443,0.9969208,0.9967564,0.994158,,,0.04315547,0.042252336,0.04168374,0.039920356,0.04618098,,,0.15700062,0.15422371,0.1555679,0.15225188,0.16387811,,,0.0026236812,0.0014980377,0.0016692637,0.0019450721,0.0041032825,,,0.35,0.425,0.425,0.25,0.275,,,,0.055946894,0.06799043,0.06082776,0.07318717,,,,0.75,0.92499995,0.975,0.92499995,,,,0.65,0.84375,0.8375,0.85,,,,0.88892305,0.8615154,0.8720999,0.85747766,,,,-0.010081112,0.009864762,0.011228308,-0.0036366284,,,0.10887349,0.10617462,0.103064924,0.09805079,0.12293628,,,0.013279314,0.013122413,0.012928951,0.012278609,0.014254671,,,0.5017043,0.50520754,0.49933773,0.51016456,0.54724944,,,0.20833334,0.21319444,0.20416667,0.21319446,0.21388888,,,-0.00170937,-0.001060875,-0.000999976,-0.00074115925,-0.0033589932,,,0.013703193,0.013444774,0.008630719,0.0132537875,0.010118902,,,,,0.30376363,0.20303929,0.3814989,,,,,,-0.06408452,0.08283168,,,0.9952738,0.99452955,0.9937247,0.99459386,0.9938746,,,0.043984026,0.044457473,0.046694316,0.04481523,0.04570141,,,0.1621407,0.16416258,0.16844614,0.1652883,0.16652396,,,0.0024017722,0.0023778665,0.0029595979,0.0027643975,0.0036366933,,,0.35000002,0.375,0.5,0.47500002,0.375,,,,0.08110843,0.094870925,0.09040922,0.08638402,,,,0.85,0.95000005,0.92499995,0.95000005,,,,0.82500005,0.83124995,0.88125,0.85,,,,0.8319517,0.8094488,0.81577176,0.8252932,,,,0.004115507,0.017317772,0.014395788,-0.015051439,,,0.09142985,0.09372962,0.102166295,0.080563985,0.09793985,,,0.009141546,0.009270588,0.010105306,0.008454004,0.009531623,,,0.5882442,0.6101408,0.61128867,0.638672,0.643801,,,0.15763889,0.16180556,0.17222223,0.12847222,0.14444444,,,-0.0027517052,-0.0037788888,-0.0037671595,-0.0037029926,-0.003624173,,,0.01352538,0.013175045,0.01332101,0.013283844,0.012018115,,,,,0.23283657,0.18512493,0.13593048,,,,,,-0.098167,0.022146752,,,1.1907871,1.1327754,1.0087957,1.2170548,1.2552223,,,,,,-0.09817795,0.02179679,,,,,-0.2589144,-0.18243128,-0.13134567,,,,0.0013494492,0.013631463,0.014395773,-0.01932013,,
cache_new/HiMoE-VLA/libero_spatial/pick_up_the_black_bowl_next_to_the_plate_and_place_it_on_the_plate/right-50x8b-20260903,right-50x8b-20260903,libero_spatial,libero_spatial/pick_up_the_black_bowl_next_to_the_plate_and_place_it_on_the_plate,89,11,1009,12,1029d0827030a7521361d1904eeb3e7e7f2792be5c99abdb5701abb7ee87c137,27689,False,111,,False,True,11,-1,success_no_alarm,0.99564326,0.9966626,0.9971976,0.99688286,0.9955358,0.9944863,,0.043084856,0.041652277,0.040892135,0.04054976,0.042824965,0.04603914,,0.15691778,0.15508118,0.15194818,0.15272932,0.15856393,0.16445485,,0.00269385,0.0016164135,0.0014316352,0.0016767792,0.0028573368,0.0038100006,,0.375,0.47499996,0.47500002,0.425,0.35000002,0.325,,,0.055123143,0.07063343,0.0542053,0.060353085,0.06365955,,,0.9,0.95,0.92499995,0.975,0.775,,,0.69375,0.85625005,0.7125,0.84999996,0.71875,,,0.8885124,0.8567829,0.8857973,0.87599987,0.8738755,,,-0.009594038,0.020232081,0.0009571463,-0.0034907758,-0.01627253,,0.10540208,0.107659884,0.10290444,0.10432296,0.10808527,0.120642744,,0.012875665,0.013316391,0.013070333,0.01281061,0.013448839,0.013899905,,0.5253682,0.49979782,0.49321538,0.50703895,0.51705515,0.5554585,,0.18611111,0.21597221,0.22708334,0.22500001,0.21388888,0.20555556,,-0.0017107631,-0.0013804359,-0.0006131525,-0.0009330746,-0.002403853,-0.0033327658,,0.013534876,0.013288205,0.007452373,0.008306567,0.011555711,0.011040963,,,,0.34959543,0.082826786,0.18614443,0.23490536,,,,,-0.015907286,0.030349374,0.06315844,,0.99521685,0.9947322,0.99323213,0.9937501,0.993723,0.9919312,,0.044002637,0.043841325,0.049416803,0.045399584,0.045242723,0.04870157,,0.16282533,0.16296962,0.17350392,0.16723523,0.16663319,0.17522305,,0.0024464016,0.0022925115,0.0036511745,0.0027661175,0.0026865066,0.0046900525,,0.35,0.32500002,0.525,0.375,0.45,0.42499998,,,0.07837457,0.10112707,0.088008724,0.09319985,0.09572273,,,0.92499995,0.975,0.975,0.95,1.0,,,0.83124995,0.89375,0.84375,0.85625005,0.8625,,,0.836212,0.7972448,0.8207123,0.80908525,0.8052418,,,0.0021972358,0.02960074,0.008314699,-0.00044503808,-0.00091579556,,0.08939943,0.08832316,0.09891075,0.088949166,0.09543583,0.12179662,,0.00901357,0.00888977,0.009490137,0.008737527,0.009265682,0.011492278,,0.5960804,0.59852463,0.6103319,0.63710827,0.6737434,0.6116886,,0.14722222,0.14166667,0.15277778,0.14166667,0.1423611,0.14305556,,-0.0027650855,-0.0036491966,-0.004260784,-0.004017618,-0.0040355213,-0.0050101127,,0.013233052,0.013129678,0.011943467,0.010944182,0.012495927,0.01578265,,,,0.32257074,0.1847251,0.24279168,0.26881176,,,,,-0.011009638,0.04792025,0.2632023,,1.1790018,1.2189316,1.0403767,1.172838,1.1325439,0.9905262,,,,,-0.012843178,0.045847114,0.26120502,,,,-0.34430465,-0.18276478,-0.23744853,-0.25969827,,,-0.0010826588,0.024532735,0.008314729,-0.006285548,-0.0049459934,
cache_new/HiMoE-VLA/libero_spatial/pick_up_the_black_bowl_next_to_the_plate_and_place_it_on_the_plate/right-50x8b-20260903,right-50x8b-20260903,libero_spatial,libero_spatial/pick_up_the_black_bowl_next_to_the_plate_and_place_it_on_the_plate,90,11,1010,10,1029d0827030a7521361d1904eeb3e7e7f2792be5c99abdb5701abb7ee87c137,27690,False,93,,False,True,-1,-1,success_no_alarm,0.99566257,0.99696714,0.9969307,0.9965351,0.99421895,,,0.043131426,0.04191646,0.041537244,0.04094778,0.04621157,,,0.157367,0.15258414,0.15562657,0.15425812,0.16376069,,,0.002702759,0.001242609,0.0016324249,0.0021182415,0.004044912,,,0.35,0.5,0.35000002,0.275,0.32500002,,,,0.052597724,0.07123083,0.06278616,0.075124785,,,,0.79999995,0.975,0.95,0.9,,,,0.675,0.85,0.86875,0.82500005,,,,0.8953928,0.85257626,0.8689072,0.8519063,,,,-0.011804819,0.017247006,0.008954376,0.005104184,,,0.11076407,0.10613963,0.10329229,0.098753095,0.12242207,,,0.013144826,0.013275004,0.012674669,0.012812268,0.014296586,,,0.52359116,0.5082794,0.51412714,0.47677544,0.5317962,,,0.20763889,0.23958334,0.19236112,0.22152779,0.20555556,,,-0.0017549626,-0.0008927963,-0.000765512,-0.0013891383,-0.003121227,,,0.013235513,0.012401012,0.008512375,0.011254626,0.008366287,,,,,0.34755653,0.23365822,0.40360653,,,,,,-0.015062309,0.09121829,,,0.99538827,0.9946713,0.99332416,0.99404025,0.9934387,,,0.043926377,0.044115752,0.04738773,0.04494392,0.04694711,,,0.16222125,0.16363332,0.17097025,0.16647975,0.16950372,,,0.0023601868,0.002121664,0.0031636897,0.003109051,0.0038208007,,,0.35,0.45,0.45,0.525,0.3,,,,0.07762929,0.09734874,0.09322341,0.08829309,,,,0.9,0.975,0.92499995,0.975,,,,0.80625,0.8562499,0.9,0.80625,,,,0.83832973,0.80351806,0.81066227,0.8213706,,,,-0.00037775934,0.020518735,0.013057724,-0.0045371503,,,0.093999684,0.095043324,0.104479976,0.08190084,0.09521839,,,0.009318364,0.009592376,0.009959525,0.008597484,0.009188363,,,0.5846965,0.614166,0.6129818,0.6310935,0.6611788,,,0.17083333,0.16111112,0.15347221,0.13055556,0.15,,,-0.0026149617,-0.0036712103,-0.004123955,-0.004174174,-0.0039283587,,,0.013527138,0.013528108,0.0128665455,0.013844925,0.010522962,,,,,0.2722387,0.2294382,0.1703655,,,,,,-0.10705716,-0.04073741,,,1.1783452,1.11675,0.9886324,1.205764,1.2856977,,,,,,-0.11699055,-0.05052232,,,,,-0.2980996,-0.23016381,-0.15881024,,,,-0.0054882765,0.01682651,0.013057649,-0.004537225,,
cache_new/HiMoE-VLA/libero_spatial/pick_up_the_black_bowl_next_to_the_plate_and_place_it_on_the_plate/right-50x8b-20260903,right-50x8b-20260903,libero_spatial,libero_spatial/pick_up_the_black_bowl_next_to_the_plate_and_place_it_on_the_plate,91,11,1011,10,1029d0827030a7521361d1904eeb3e7e7f2792be5c99abdb5701abb7ee87c137,27691,False,94,,False,True,-1,-1,success_no_alarm,0.9958825,0.99693763,0.99690664,0.99655116,0.9947136,,,0.041802924,0.041999936,0.041564252,0.041030504,0.044534564,,,0.1555799,0.1536534,0.15498,0.15391399,0.16239256,,,0.0025514143,0.0012515694,0.0016805629,0.0021053085,0.0034310538,,,0.325,0.55,0.4,0.35,0.3,,,,0.049785756,0.066545166,0.061627693,0.06815247,,,,0.775,0.95,1.0,0.95,,,,0.6375,0.79375005,0.86875004,0.80625,,,,0.8977711,0.8640698,0.87218946,0.86202,,,,-0.014932185,0.0042265058,0.01044333,-0.0038739294,,,0.11208005,0.10714947,0.107604235,0.10704416,0.11880821,,,0.013545523,0.01315584,0.013293218,0.012956235,0.013927093,,,0.4993881,0.49759454,0.5033962,0.49626482,0.5326447,,,0.22708333,0.22291666,0.21597221,0.22638889,0.19166668,,,-0.0016888869,-0.00084766804,-0.0007416408,-0.0011420852,-0.0028233705,,,0.013531578,0.012325162,0.008666842,0.011343914,0.01086123,,,,,0.27573007,0.20686586,0.29897177,,,,,,-0.011396759,0.05898583,,,0.99532557,0.9944115,0.9934291,0.9938054,0.9943092,,,0.04377677,0.043833017,0.04629814,0.046148896,0.045147307,,,0.1617266,0.16393453,0.17050378,0.16811182,0.16499774,,,0.0023553194,0.0022855634,0.0029281077,0.003311543,0.003283613,,,0.35,0.45000002,0.4,0.575,0.375,,,,0.082444616,0.09754721,0.09095208,0.090206265,,,,0.9,0.975,1.0,1.0,,,,0.80625,0.8875,0.87499994,0.83750004,,,,0.8289936,0.80464065,0.81491965,0.81821173,,,,0.008764088,0.022936553,0.009184286,0.0041712075,,,0.09587317,0.09772043,0.10356766,0.087744236,0.096857876,,,0.009492954,0.009479487,0.010036418,0.008972173,0.009478441,,,0.57559997,0.59478617,0.62725234,0.6146008,0.6292759,,,0.17083333,0.16874999,0.16805556,0.1423611,0.15555556,,,-0.0025982624,-0.00374076,-0.004045032,-0.0042724446,-0.0032496809,,,0.012777764,0.014302285,0.014004292,0.013120604,0.014711911,,,,,0.23727645,0.16619806,0.15508986,,,,,,-0.039091155,0.015533254,,,1.169045,1.0964899,1.0389752,1.2199566,1.2266241,,,,,,-0.04559125,0.009300834,,,,,-0.24156128,-0.17083678,-0.14633153,,,,0.005348623,0.022936583,0.009184241,0.00344491,,
cache_new/HiMoE-VLA/libero_spatial/pick_up_the_black_bowl_next_to_the_plate_and_place_it_on_the_plate/right-50x8b-20260903,right-50x8b-20260903,libero_spatial,libero_spatial/pick_up_the_black_bowl_next_to_the_plate_and_place_it_on_the_plate,92,11,1012,10,1029d0827030a7521361d1904eeb3e7e7f2792be5c99abdb5701abb7ee87c137,27692,False,93,,False,True,-1,-1,success_no_alarm,0.99585885,0.99635494,0.9970437,0.9967621,0.9963485,,,0.042516537,0.04281474,0.04149646,0.040227976,0.04093827,,,0.15590179,0.15652275,0.1533302,0.15251434,0.15530281,,,0.0025622149,0.0017660728,0.0015770121,0.0019572487,0.0019289057,,,0.325,0.57500005,0.525,0.3,0.25,,,,0.056767322,0.07125606,0.0598363,0.053365692,,,,0.775,0.95,0.975,0.95,,,,0.6375,0.85,0.8125,0.725,,,,0.887148,0.85547316,0.87561756,0.88896763,,,,-0.007652983,0.023758307,0.0042880625,-0.011803895,,,0.10911564,0.10963416,0.11102137,0.104378015,0.10547574,,,0.013297206,0.013286163,0.013617672,0.013010452,0.013552306,,,0.5348559,0.511958,0.47743043,0.48418856,0.5001711,,,0.20208332,0.21875,0.23263888,0.20902778,0.20416668,,,-0.0011986503,-0.0010584329,-0.0009862517,-0.0009059014,-0.0015879502,,,0.013258789,0.012588671,0.00613936,0.0092726145,0.009872522,,,,,0.35215154,0.17979163,0.054069463,,,,,,-0.005788833,0.033814162,,,0.9953142,0.9945946,0.99262935,0.99423444,0.9934969,,,0.044080947,0.04380709,0.049830522,0.045062125,0.045738358,,,0.16254966,0.16327475,0.17783502,0.16633028,0.1675129,,,0.002369078,0.00252756,0.003589192,0.002685165,0.0028470007,,,0.35,0.35000002,0.5,0.4,0.3,,,,0.083347194,0.10199845,0.086891115,0.08817177,,,,0.9,1.0,0.92499995,0.92499995,,,,0.81875,0.85625,0.85,0.80625,,,,0.8272342,0.7938106,0.8234703,0.8227244,,,,0.012088239,0.022271663,0.0015480071,-0.008335516,,,0.09358147,0.09311189,0.10575187,0.086088695,0.089709595,,,0.009268499,0.009179041,0.0101046,0.008719139,0.008862328,,,0.59625185,0.60975224,0.5800379,0.6259264,0.6532657,,,0.15277778,0.15,0.13541667,0.13611111,0.14513889,,,-0.0024610716,-0.0036703334,-0.004740633,-0.0039447146,-0.0042230682,,,0.013989173,0.013574284,0.011227075,0.012234414,0.009143864,,,,,0.3099852,0.14876421,0.16236345,,,,,,-0.03348188,-0.017310333,,,1.1659962,1.1774454,1.0498289,1.2124474,1.1757464,,,,,,-0.03072215,-0.014433213,,,,,-0.2977013,-0.15292221,-0.116519466,,,,0.009611547,0.016922712,0.0015479922,-0.012537062,,
cache_new/HiMoE-VLA/libero_spatial/pick_up_the_black_bowl_next_to_the_plate_and_place_it_on_the_plate/right-50x8b-20260903,right-50x8b-20260903,libero_spatial,libero_spatial/pick_up_the_black_bowl_next_to_the_plate_and_place_it_on_the_plate,93,11,1013,10,1029d0827030a7521361d1904eeb3e7e7f2792be5c99abdb5701abb7ee87c137,27693,False,91,,False,True,-1,-1,success_no_alarm,0.99584365,0.99686694,0.9968073,0.9969194,0.99366903,,,0.042563364,0.04151549,0.041502252,0.03943687,0.04745947,,,0.15643764,0.15317744,0.15584873,0.15054554,0.16598241,,,0.0025269755,0.001396396,0.0017552893,0.0018717559,0.0045126183,,,0.35,0.52500004,0.375,0.225,0.275,,,,0.054659173,0.068121895,0.059432648,0.07599182,,,,0.825,0.9,0.90000004,0.975,,,,0.65625006,0.85625,0.85625005,0.7875,,,,0.8904279,0.86095095,0.87509847,0.8546345,,,,-0.0073221177,0.0071001053,0.0066700876,-0.0056618005,,,0.10740169,0.104920715,0.10507471,0.101542994,0.12477763,,,0.013353125,0.013331988,0.013036388,0.012910537,0.014454285,,,0.49946898,0.48337254,0.5026521,0.4854577,0.5507951,,,0.21666665,0.21666667,0.20833333,0.22430556,0.21319444,,,-0.0019702676,-0.0012920884,-0.001076921,-0.0007425351,-0.0040647928,,,0.013050939,0.012771042,0.009995128,0.011153614,0.01004602,,,,,0.28926808,0.16427355,0.39931625,,,,,,-0.011145883,0.09849993,,,0.9953095,0.99464214,0.9935163,0.99474,0.9929733,,,0.043333046,0.04378119,0.046568856,0.04473304,0.04829084,,,0.16188817,0.16334578,0.16948938,0.16407984,0.17212732,,,0.0023108276,0.002300526,0.0028637347,0.0023584669,0.004544091,,,0.4,0.35,0.375,0.5,0.35,,,,0.07968376,0.0956476,0.088035166,0.08958656,,,,0.9,1.0,0.92499995,0.925,,,,0.86249995,0.85,0.8937501,0.78125,,,,0.83472186,0.81040365,0.8203839,0.8206105,,,,0.0012239963,0.01714918,0.008855745,-0.015554786,,,0.09170776,0.092521295,0.100895256,0.08225519,0.1036102,,,0.009261719,0.009227777,0.009939831,0.008362159,0.009671861,,,0.5827325,0.6041901,0.6269429,0.6572605,0.6401276,,,0.16527778,0.16458334,0.14375,0.14999999,0.13680555,,,-0.0027249104,-0.0036941185,-0.0038849849,-0.0037103537,-0.004036708,,,0.01355264,0.013332176,0.014460393,0.012493031,0.011229882,,,,,0.25352678,0.16940843,0.17695577,,,,,,-0.09922545,0.046795473,,,1.1711298,1.134017,1.0414237,1.2344873,1.2042987,,,,,,-0.1028435,0.042660587,,,,,-0.26548272,-0.1424367,-0.1779165,,,,-0.0036242008,0.012886107,0.008449793,-0.018541098,,
cache_new/HiMoE-VLA/libero_spatial/pick_up_the_black_bowl_next_to_the_plate_and_place_it_on_the_plate/right-50x8b-20260903,right-50x8b-20260903,libero_spatial,libero_spatial/pick_up_the_black_bowl_next_to_the_plate_and_place_it_on_the_plate,94,11,1014,10,1029d0827030a7521361d1904eeb3e7e7f2792be5c99abdb5701abb7ee87c137,27694,False,91,,False,True,-1,-1,success_no_alarm,0.9957104,0.99679816,0.99649525,0.9967462,0.99386245,,,0.042976767,0.042029046,0.042477246,0.039561033,0.04690702,,,0.15688345,0.15342435,0.15807664,0.15147845,0.16586614,,,0.0026169913,0.0013114709,0.0019849548,0.0018621766,0.0044181487,,,0.375,0.52500004,0.375,0.22500001,0.3,,,,0.049647093,0.070011586,0.061166514,0.07549474,,,,0.8,0.975,0.975,0.975,,,,0.6,0.85625,0.85625,0.76250005,,,,0.8991438,0.85720426,0.8721018,0.8522876,,,,-0.016783357,0.008139223,0.00918442,-0.0071255863,,,0.1087886,0.106254205,0.110600926,0.10192549,0.13342842,,,0.01307584,0.013095782,0.013246825,0.012899178,0.015532727,,,0.51998323,0.5003252,0.5225905,0.48407146,0.5180306,,,0.19375,0.21736111,0.19513889,0.23472223,0.22569445,,,-0.0016441025,-0.0012080233,-0.0008672913,-0.0012751998,-0.0038328741,,,0.013457688,0.011386063,0.008488368,0.012386924,0.011412695,,,,,0.36711127,0.24441919,0.44279093,,,,,,-0.022710511,0.15892395,,,0.9954594,0.9944744,0.99340904,0.99464756,0.99343795,,,0.043665417,0.04418874,0.046898637,0.045238037,0.047107466,,,0.16108668,0.16406195,0.17088771,0.16496389,0.17023656,,,0.0023446223,0.0023211124,0.0033267117,0.0024964141,0.0041124146,,,0.4,0.4,0.375,0.55,0.275,,,,0.07628949,0.10306953,0.087124996,0.09110558,,,,0.92499995,1.0,1.0,0.925,,,,0.80625004,0.88750005,0.81875,0.8874999,,,,0.8398533,0.7924797,0.8217379,0.8138548,,,,-0.0052489936,0.031071872,0.005183369,-0.010020614,,,0.09069967,0.09753717,0.10651937,0.08266724,0.10378094,,,0.008996978,0.00954206,0.01003886,0.008474162,0.010218503,,,0.60084736,0.60888135,0.62965757,0.64232635,0.6363442,,,0.15277778,0.17777778,0.15555555,0.14305556,0.15,,,-0.0024236827,-0.003764872,-0.003790601,-0.0038866359,-0.004134996,,,0.0134406015,0.014172428,0.013187979,0.012607848,0.0131039955,,,,,0.3388755,0.1711605,0.21095169,,,,,,-0.10342166,0.08391283,,,1.1994376,1.0893714,1.0383174,1.2329612,1.2856737,,,,,,-0.10311974,0.08405859,,,,,-0.30801326,-0.16739649,-0.24336267,,,,-0.008495212,0.027079344,0.0051833987,-0.013645947,,
cache_new/HiMoE-VLA/libero_spatial/pick_up_the_black_bowl_next_to_the_plate_and_place_it_on_the_plate/right-50x8b-20260903,right-50x8b-20260903,libero_spatial,libero_spatial/pick_up_the_black_bowl_next_to_the_plate_and_place_it_on_the_plate,95,11,1015,9,1029d0827030a7521361d1904eeb3e7e7f2792be5c99abdb5701abb7ee87c137,27695,False,90,,False,True,-1,-1,success_no_alarm,0.9957175,0.99673176,0.997104,0.99655014,,,,0.043237675,0.041950077,0.041425083,0.040448748,,,,0.15714598,0.15477711,0.15351158,0.15323935,,,,0.0026434078,0.0015746388,0.0015948467,0.0021863293,,,,0.32500002,0.47500002,0.45000002,0.25,,,,,0.05485643,0.06931785,0.06490759,,,,,0.8,1.0,1.0,,,,,0.7,0.8125,0.80625,,,,,0.8897218,0.85928535,0.86620986,,,,,-0.010006666,0.014551431,0.012758985,,,,0.10364975,0.10993339,0.11201881,0.09890866,,,,0.013074119,0.013355152,0.013775534,0.012568453,,,,0.5042616,0.496737,0.4594019,0.49641478,,,,0.20555556,0.2125,0.22638889,0.20069444,,,,-0.0020703615,-0.0007226883,-0.0005204195,-0.0010563862,,,,0.014076986,0.012881399,0.0068015764,0.010941379,,,,,,0.33637723,0.27176955,,,,,,,-0.05242468,,,,0.99535006,0.9946632,0.99278575,0.99489725,,,,0.04347618,0.043725267,0.049732152,0.043661293,,,,0.16162743,0.16355993,0.17626962,0.16242649,,,,0.0023552165,0.0023831464,0.0035186103,0.0024183856,,,,0.4,0.32500002,0.47500002,0.375,,,,,0.079722054,0.1030649,0.09149876,,,,,0.82500005,0.975,1.0,,,,,0.79999995,0.88750005,0.89374995,,,,,0.83394414,0.79465216,0.81417364,,,,,0.0032414198,0.022419497,0.01892069,,,,0.089122154,0.09188014,0.10726624,0.08158657,,,,0.00906072,0.009067881,0.009992054,0.008207917,,,,0.59691924,0.6067409,0.60076976,0.65614593,,,,0.15625,0.15069446,0.13472223,0.15972222,,,,-0.002576197,-0.003630313,-0.004361463,-0.0035493607,,,,0.013694571,0.012534946,0.011770818,0.012296222,,,,,,0.33149883,0.21241926,,,,,,,-0.11066173,,,,1.1630077,1.196487,1.0443063,1.2123154,,,,,,,-0.09930587,,,,,,-0.3214172,-0.18931514,,,,,-0.00044852495,0.01627022,0.01892072,,,
cache_new/HiMoE-VLA/libero_spatial/pick_up_the_black_bowl_next_to_the_plate_and_place_it_on_the_plate/right-50x8b-20260903,right-50x8b-20260903,libero_spatial,libero_spatial/pick_up_the_black_bowl_next_to_the_plate_and_place_it_on_the_plate,96,12,1008,22,1029d0827030a7521361d1904eeb3e7e7f2792be5c99abdb5701abb7ee87c137,27696,True,220,object_released_or_dropped_before_goal,False,True,10,-1,failure_missed,0.99565554,0.99692726,0.99698526,0.996942,0.9954052,0.99370706,0.9962179,0.04380528,0.041029714,0.041804586,0.040345848,0.043235824,0.04809901,0.042027704,0.15766142,0.15375648,0.15389282,0.15187109,0.15889484,0.16768569,0.15657604,0.0026582154,0.0014451703,0.0017111414,0.0017062742,0.0030527264,0.0045256545,0.0019449001,0.3,0.425,0.5,0.425,0.25,0.375,0.32500002,,0.05723255,0.073068455,0.055260852,0.06058918,0.08359862,0.060614645,,0.8,1.0,0.9,0.92499995,0.975,0.95000005,,0.66875,0.8875,0.7624999,0.75625,0.7875,0.7625,,0.8834778,0.84986484,0.8828034,0.875322,0.84034455,0.87504935,,-0.006752357,0.0283795,0.007158503,-0.009675279,0.01904416,-0.004500404,0.109414004,0.10470689,0.103238106,0.09839781,0.11263454,0.12083563,0.114926726,0.013570331,0.013097297,0.012846401,0.012762708,0.013877141,0.014251204,0.014003277,0.4976936,0.51104116,0.5026686,0.503692,0.51579165,0.5419707,0.48338315,0.19930556,0.20625,0.20277777,0.21458334,0.21597221,0.20694445,0.2013889,-0.0018336275,-0.000862063,-0.000979424,-0.00067327765,-0.00236342,-0.0039872285,-0.0014458237,0.013960358,0.013185957,0.0074785776,0.010169927,0.00900071,0.012362251,0.011730921,,,0.39903116,0.11978688,0.20967968,0.5216292,0.21211438,,,,-0.021961756,0.05920347,0.08483158,0.07034758,0.99435264,0.99518263,0.9925839,0.99380195,0.9937063,0.9934533,0.99250185,0.04562301,0.044535853,0.051054902,0.045504056,0.047576405,0.047627203,0.046847045,0.16527629,0.16220407,0.1771615,0.16642095,0.17058435,0.17132238,0.17003664,0.0028966006,0.0021769907,0.004084468,0.0027813208,0.00328124,0.0038603055,0.0029147274,0.4,0.425,0.47500002,0.39999998,0.5,0.325,0.52500004,,0.08790715,0.10401072,0.08893252,0.09032729,0.101887695,0.090398304,,0.975,1.0,0.975,0.875,1.0,0.875,,0.93125,0.91875,0.82500005,0.7624999,0.8375,0.8,,0.82144856,0.795956,0.81894255,0.81864554,0.7981467,0.8179207,,0.02258633,0.02566573,0.013917655,0.0018873513,0.0049163103,-0.009964719,0.09765855,0.0863227,0.10234981,0.08639735,0.09147419,0.104130425,0.1110661,0.009562455,0.008895882,0.00970282,0.008677573,0.009223577,0.010298418,0.010689139,0.5880983,0.60011446,0.61630416,0.64981586,0.6213131,0.60322964,0.5770563,0.16388889,0.16388889,0.13958333,0.13819444,0.13958333,0.1388889,0.15555556,-0.0035103722,-0.0033389227,-0.004969817,-0.004188655,-0.0037019094,-0.004373605,-0.0034368497,0.015017948,0.012625471,0.012282394,0.011655813,0.011394334,0.010403545,0.010787171,,,0.3051747,0.15106411,0.16597882,0.28185397,0.16782327,,,,-0.02663901,0.03425381,0.14404675,0.18183252,1.120373,1.2129705,1.008679,1.1388985,1.2313259,1.1604258,1.0347596,,,,-0.028339194,0.032681804,0.14290917,0.18014714,,,-0.33086142,-0.14029428,-0.17977136,-0.34375608,-0.14933452,,0.02113092,0.022375166,0.013917625,-0.009514451,0.0017784238,-0.0115789175
cache_new/HiMoE-VLA/libero_spatial/pick_up_the_black_bowl_next_to_the_plate_and_place_it_on_the_plate/right-50x8b-20260903,right-50x8b-20260903,libero_spatial,libero_spatial/pick_up_the_black_bowl_next_to_the_plate_and_place_it_on_the_plate,97,12,1009,11,1029d0827030a7521361d1904eeb3e7e7f2792be5c99abdb5701abb7ee87c137,27697,False,106,,False,True,-1,-1,success_no_alarm,0.99571896,0.99698687,0.9972562,0.99692696,0.99608135,0.99486774,,0.042865135,0.040973216,0.041094422,0.04015205,0.042143345,0.046140924,,0.15665558,0.15318269,0.15194023,0.15152384,0.15665388,0.16505972,,0.0024892425,0.0015139461,0.0013768416,0.0017078221,0.00217847,0.0033516323,,0.35000002,0.45000002,0.45,0.35,0.375,0.275,,,0.05546645,0.06873587,0.053429335,0.056873962,0.06700794,,,0.825,0.925,0.925,0.92499995,0.95,,,0.64374995,0.85,0.73125005,0.7625,0.6875,,,0.8864502,0.8606701,0.8878634,0.8816706,0.8638382,,,-0.0061011463,0.018344551,0.0006522089,-0.0024639666,0.008188009,,0.104736835,0.10694207,0.102276295,0.1024377,0.10612712,0.11658655,,0.013003387,0.01334869,0.01305013,0.012819108,0.013564348,0.01350233,,0.51791817,0.49094993,0.49129364,0.50995165,0.50247765,0.55419326,,0.18958333,0.23194444,0.23333333,0.22916667,0.225,0.19444445,,-0.0016043745,-0.0010494209,-0.0005838295,-0.00092925667,-0.0017482897,-0.0029363288,,0.013798653,0.012718482,0.0066963863,0.008374167,0.009148759,0.010603958,,,,0.35453266,0.097167015,0.15984693,0.31695575,,,,,-0.032468792,0.02107862,0.016789492,,0.9941555,0.9948766,0.99267346,0.993677,0.9935858,0.99142164,,0.045982163,0.04473804,0.049623344,0.044415858,0.048025284,0.051148117,,0.16624305,0.16416633,0.17557074,0.16543281,0.17012362,0.17781547,,0.0030050701,0.0023890971,0.003369897,0.0026229762,0.003312403,0.0053942357,,0.39999998,0.39999998,0.5,0.375,0.475,0.275,,,0.087821394,0.103919856,0.08926683,0.09340944,0.09940763,,,0.95000005,0.975,1.0,1.0,0.9,,,0.8625,0.83124995,0.9,0.85,0.83125,,,0.82052064,0.7923597,0.81746215,0.8133131,0.804255,,,0.023108155,0.026700705,0.014837369,0.0058959275,0.00779821,,0.09577213,0.08566183,0.0978512,0.08890517,0.096010625,0.12527396,,0.009425134,0.008872109,0.0096445205,0.008854379,0.009431411,0.01167441,,0.59812415,0.5872236,0.6274646,0.650093,0.63085175,0.60363,,0.15,0.13680556,0.13125001,0.14513889,0.15277778,0.16458334,,-0.0037413104,-0.0035513728,-0.004832489,-0.004176822,-0.0040873396,-0.0056569222,,0.014428923,0.01177215,0.010859292,0.011812556,0.013196219,0.018045006,,,,0.2993437,0.14620763,0.19392145,0.25350615,,,,,-0.01584294,0.046388548,0.26026076,,1.0936044,1.2484215,1.0452226,1.1522131,1.1053685,0.93065274,,,,,-0.01982725,0.04330636,0.25665987,,,,-0.30261755,-0.115478694,-0.18478057,-0.26060128,,,0.019983768,0.0256325,0.013530314,-0.002129078,0.0030136108,
cache_new/HiMoE-VLA/libero_spatial/pick_up_the_black_bowl_next_to_the_plate_and_place_it_on_the_plate/right-50x8b-20260903,right-50x8b-20260903,libero_spatial,libero_spatial/pick_up_the_black_bowl_next_to_the_plate_and_place_it_on_the_plate,98,12,1010,10,1029d0827030a7521361d1904eeb3e7e7f2792be5c99abdb5701abb7ee87c137,27698,False,96,,False,True,-1,-1,success_no_alarm,0.9955136,0.9972513,0.99701476,0.9964307,0.99649143,,,0.043830335,0.040612787,0.041588858,0.040934008,0.04032591,,,0.15831463,0.15204762,0.15425926,0.15474325,0.15251766,,,0.0027221758,0.0012527216,0.0017060679,0.001986675,0.00184374,,,0.35000002,0.4,0.47500002,0.4,0.325,,,,0.05239699,0.07458473,0.060346294,0.054084707,,,,0.775,1.0,0.975,0.87499994,,,,0.66875,0.875,0.81874996,0.8125,,,,0.8931025,0.84674233,0.87258476,0.88556683,,,,-0.008732289,0.029439762,0.009667024,-0.003923103,,,0.1102909,0.105322376,0.09983095,0.10004131,0.106700666,,,0.013175996,0.013224822,0.012580489,0.012983132,0.013769925,,,0.5257822,0.5075861,0.5025276,0.49239922,0.4764759,,,0.19166666,0.2236111,0.20347223,0.21388888,0.21666667,,,-0.0018971406,-0.0005760731,-0.00073015236,-0.0015914242,-0.0012519993,,,0.012961902,0.013351192,0.007721589,0.010463021,0.010510922,,,,,0.43234152,0.22537524,0.11444621,,,,,,-0.0023124393,0.05449349,,,0.9942949,0.99535596,0.992758,0.9936452,0.9941142,,,0.045959417,0.043184932,0.05029336,0.045840524,0.04624696,,,0.16629016,0.16069618,0.1750197,0.16865638,0.16587703,,,0.0030327076,0.002082882,0.00404658,0.0030896165,0.0021388622,,,0.425,0.35000002,0.425,0.325,0.6,,,,0.08270512,0.10315689,0.08883139,0.08919744,,,,1.0,1.0,1.0,0.95,,,,0.875,0.89375,0.825,0.8125,,,,0.8294921,0.79537743,0.8210124,0.8220463,,,,0.020262897,0.028639317,0.012971044,0.0019775033,,,0.097848594,0.085391246,0.098302364,0.085560925,0.08880973,,,0.009456797,0.008947484,0.009532399,0.0087265875,0.00901303,,,0.58647597,0.59613764,0.6168915,0.6457969,0.6233153,,,0.15,0.15694445,0.13333334,0.13333333,0.13263889,,,-0.0035864403,-0.0031826766,-0.0046366183,-0.004265548,-0.003572974,,,0.014429765,0.011981616,0.012074719,0.013351175,0.011768341,,,,,0.32182547,0.17213607,0.17756718,,,,,,-0.020570833,0.011818117,,,1.1271588,1.2334095,1.0155498,1.1692406,1.2014525,,,,,,-0.031188032,0.0011088657,,,,,-0.32036713,-0.1777984,-0.19862372,,,,0.016266406,0.026557028,0.012971044,-0.0032496452,,
cache_new/HiMoE-VLA/libero_spatial/pick_up_the_black_bowl_next_to_the_plate_and_place_it_on_the_plate/right-50x8b-20260903,right-50x8b-20260903,libero_spatial,libero_spatial/pick_up_the_black_bowl_next_to_the_plate_and_place_it_on_the_plate,99,12,1011,11,1029d0827030a7521361d1904eeb3e7e7f2792be5c99abdb5701abb7ee87c137,27699,False,106,,False,True,-1,-1,success_no_alarm,0.99582344,0.99701166,0.9971498,0.9969836,0.9955203,0.9952632,,0.0422555,0.04135387,0.04089687,0.040372737,0.043600693,0.044012252,,0.15587434,0.15417205,0.1526323,0.15179993,0.15901728,0.1613809,,0.0024667815,0.001487564,0.0015299921,0.0016841744,0.0027716036,0.0026786127,,0.375,0.35000002,0.5,0.47500002,0.425,0.275,,,0.051249586,0.06981106,0.055389844,0.058606304,0.06019758,,,0.79999995,0.925,0.92499995,0.925,0.85,,,0.65625,0.86875,0.78125,0.78125,0.73125005,,,0.89261276,0.85577124,0.88463223,0.8794439,0.8746972,,,-0.013040826,0.02330859,0.0039877594,-0.015167043,0.0023675412,,0.11088617,0.10941185,0.105592534,0.1043721,0.108640775,0.11105866,,0.013468422,0.013652072,0.013153505,0.012856074,0.013278702,0.013433394,,0.5038876,0.48869696,0.48884493,0.48275495,0.51245403,0.53552383,,0.20902777,0.23194446,0.20763889,0.21180555,0.20486112,0.19166666,,-0.0017840104,-0.0006650569,-0.0005241515,-0.00086214906,-0.002350418,-0.002546289,,0.013654604,0.012498204,0.008183022,0.009407518,0.010343539,0.0082052965,,,,0.36017528,0.12113583,0.16759467,0.20505364,,,,,-0.02931339,0.0008139508,0.013112167,,0.99413955,0.99484056,0.99316514,0.9937464,0.9933847,0.9923983,,0.045740165,0.045241926,0.049382377,0.04503132,0.04659798,0.04961349,,0.16635436,0.16441867,0.17280063,0.16700721,0.17002752,0.17648317,,0.0029611457,0.0026217208,0.003566043,0.0026367176,0.0027580857,0.0042754197,,0.42499998,0.45000002,0.6,0.35000002,0.3,0.32500002,,,0.08911954,0.10100463,0.08910738,0.0976803,0.09446494,,,0.95,1.0,0.925,0.9,0.975,,,0.89375,0.8625,0.84375,0.88125,0.775,,,0.81934136,0.7965951,0.8195149,0.80284405,0.80867374,,,0.022803023,0.029585183,0.014279351,0.008021027,0.0049961805,,0.09935187,0.08904694,0.10382119,0.09168562,0.10045263,0.12047537,,0.009662577,0.009054789,0.009584557,0.008822393,0.009603783,0.011378793,,0.5858573,0.5892675,0.6250528,0.62855697,0.6534207,0.57457054,,0.14652778,0.14791667,0.15694445,0.14027777,0.14722222,0.13402778,,-0.0037321094,-0.0035388353,-0.004582237,-0.004282488,-0.004459235,-0.00464759,,0.014155927,0.011822511,0.011440227,0.012738624,0.01336771,0.012721931,,,,0.25409514,0.12893197,0.22013636,0.18495217,,,,,-0.0012202011,0.0836449,0.2522135,,1.1160955,1.2286986,1.0170615,1.1383693,1.0815125,0.9218371,,,,,-0.0015261489,0.08333782,0.25293216,,,,-0.26692176,-0.14923686,-0.22280392,-0.21713445,,,0.020926416,0.02952391,0.0107399225,0.0008931756,0.0023047924,
cache_new/HiMoE-VLA/libero_spatial/pick_up_the_black_bowl_next_to_the_plate_and_place_it_on_the_plate/right-50x8b-20260903,right-50x8b-20260903,libero_spatial,libero_spatial/pick_up_the_black_bowl_next_to_the_plate_and_place_it_on_the_plate,100,12,1012,22,1029d0827030a7521361d1904eeb3e7e7f2792be5c99abdb5701abb7ee87c137,27700,True,220,object_released_or_dropped_before_goal,False,True,10,20,failure_detected,0.995744,0.9965783,0.99713886,0.99693245,0.9939533,0.99567664,0.99618584,0.043031625,0.041767042,0.040538818,0.041273773,0.047328923,0.043057375,0.041227665,0.15683396,0.15649459,0.15165356,0.15318024,0.16617152,0.1588458,0.15599272,0.0025619739,0.0017444544,0.0013487051,0.0018823156,0.0044834157,0.0019674643,0.0017132052,0.35000002,0.35000002,0.5,0.35,0.275,0.375,0.40000004,,0.056170963,0.065516554,0.060545467,0.074680254,0.07121283,0.04723315,,0.79999995,0.92499995,0.95,0.925,1.0,0.77500004,,0.6687499,0.81875,0.83125,0.79375005,0.73125,0.61875,,0.8858082,0.86620116,0.8749509,0.8502974,0.861972,0.9019409,,-0.009453416,0.015035406,0.0046616048,-0.0040331185,0.006172538,-0.0040409565,0.10788849,0.11013951,0.106662996,0.10659468,0.12797984,0.11886666,0.122531734,0.013227472,0.013404928,0.013309036,0.012890568,0.014295902,0.014290815,0.01461922,0.53209573,0.506011,0.4690392,0.4800694,0.5401202,0.49027032,0.47431946,0.20763889,0.20763889,0.23472223,0.19583333,0.20694444,0.20694444,0.21875,-0.0013195713,-0.00074012735,-0.00093255873,-0.0007535592,-0.0038395813,-0.001916162,-0.0016317025,0.013397496,0.012512947,0.0067106253,0.008211065,0.012750793,0.012204734,0.009925882,,,0.3048039,0.22028507,0.42708576,0.37934238,-0.029521506,,,,-0.02840446,0.0727209,0.07280636,0.096236706,0.9945114,0.9947122,0.9942496,0.9922718,0.9918275,0.99361914,0.9935381,0.045003384,0.045471348,0.045291595,0.047524445,0.049259707,0.046110388,0.045652006,0.1643535,0.1653723,0.1664066,0.17328784,0.17575453,0.16910663,0.16766825,0.0028185034,0.0024626711,0.0027180999,0.0035883666,0.0049083675,0.0023964578,0.002316761,0.4,0.475,0.4,0.475,0.425,0.475,0.35000002,,0.09122493,0.09716393,0.1007315,0.10231132,0.09555118,0.06852471,,0.925,0.925,1.0,1.0,0.95,0.92499995,,0.85,0.86875,0.90625,0.88750005,0.81875,0.70000005,,0.8150316,0.80172896,0.79765916,0.7942405,0.80549663,0.85786474,,0.029159442,0.031468198,0.021896482,0.0072895885,0.010351479,-0.024802893,0.0966798,0.08659816,0.1011829,0.096935526,0.12496411,0.103590295,0.11730761,0.009428789,0.008758606,0.00964787,0.009314548,0.011308944,0.010069977,0.010713503,0.59889233,0.6035128,0.5817847,0.62727785,0.6063571,0.60685605,0.5801263,0.15902779,0.12569445,0.14722222,0.14652777,0.15625,0.14930557,0.17083333,-0.0032195495,-0.0036322908,-0.0035269344,-0.00519035,-0.0053347126,-0.0036593783,-0.0036333916,0.015232148,0.012047056,0.010831738,0.011657137,0.014964777,0.010280217,0.012256743,,,0.22339784,0.2587411,0.27250737,0.20118597,-0.12684663,,,,0.027319914,0.2215935,0.105366565,0.16647513,1.1159363,1.2718459,1.0541602,1.0996451,1.0241328,1.147469,1.0445335,,,,0.026602533,0.22061895,0.10458338,0.1665299,,,-0.22436038,-0.2771588,-0.25303683,-0.13900994,0.12260491,,0.023625135,0.031468213,0.012539983,0.004466355,0.005814433,-0.024802864
cache_new/HiMoE-VLA/libero_spatial/pick_up_the_black_bowl_next_to_the_plate_and_place_it_on_the_plate/right-50x8b-20260903,right-50x8b-20260903,libero_spatial,libero_spatial/pick_up_the_black_bowl_next_to_the_plate_and_place_it_on_the_plate,101,12,1013,10,1029d0827030a7521361d1904eeb3e7e7f2792be5c99abdb5701abb7ee87c137,27701,False,93,,False,True,-1,-1,success_no_alarm,0.9957551,0.9970494,0.9970423,0.99668837,0.9950536,,,0.04315853,0.040768065,0.041347995,0.040461674,0.044730365,,,0.15727086,0.15359059,0.15356466,0.15212691,0.15994585,,,0.0024949694,0.0014855518,0.0017309365,0.0018862712,0.0035106991,,,0.32500002,0.3,0.425,0.35,0.275,,,,0.054416,0.0718294,0.059200086,0.065483876,,,,0.875,0.92499995,0.95,0.875,,,,0.675,0.85,0.79999995,0.775,,,,0.8878749,0.853815,0.8784259,0.8697624,,,,-0.0069116503,0.020336986,0.0043039173,-0.012435406,,,0.106339484,0.10599774,0.103525616,0.103193074,0.122553006,,,0.013238236,0.013615111,0.013280309,0.013117265,0.014882367,,,0.5021552,0.4761803,0.48935422,0.5077017,0.5195992,,,0.19722222,0.25277776,0.2236111,0.22847223,0.2576389,,,-0.002024425,-0.0010141128,-0.0009231169,-0.0011681062,-0.0029561925,,,0.012343692,0.013853059,0.00796464,0.010721812,0.012758356,,,,,0.38144106,0.18486677,0.28419024,,,,,,-0.004216578,0.117261276,,,0.9942791,0.9950527,0.9928498,0.9942963,0.99371624,,,0.045477618,0.04425727,0.05111546,0.04482699,0.046013523,,,0.16593379,0.16293079,0.17592332,0.16575742,0.16812547,,,0.0029222087,0.0023521208,0.0038259602,0.0029724278,0.0031533192,,,0.39999998,0.42499998,0.5,0.35000002,0.325,,,,0.08663671,0.10101725,0.092763245,0.08979591,,,,0.9,0.925,0.975,0.95,,,,0.88125,0.86249995,0.90625,0.84999996,,,,0.824915,0.7991847,0.81132925,0.81424177,,,,0.024015903,0.020975783,0.028523192,0.005278304,,,0.095869415,0.083501935,0.10257012,0.0860929,0.095535226,,,0.009367142,0.008988012,0.009852016,0.008716357,0.009674407,,,0.5939457,0.5820931,0.6176677,0.66868895,0.64128673,,,0.13611111,0.13958335,0.15833333,0.15555556,0.14166667,,,-0.0036495235,-0.0034945328,-0.004701851,-0.003968603,-0.004168223,,,0.01423035,0.0105343945,0.012527488,0.0140620265,0.011795515,,,,,0.28104118,0.19487439,0.16157421,,,,,,-0.033862032,0.07072963,,,1.1092118,1.2694046,1.0093156,1.1986247,1.2828044,,,,,,-0.040683262,0.06359925,,,,,-0.2740127,-0.19601026,-0.1481291,,,,0.019741714,0.020975828,0.026734054,-0.0025107265,,
cache_new/HiMoE-VLA/libero_spatial/pick_up_the_black_bowl_next_to_the_plate_and_place_it_on_the_plate/right-50x8b-20260903,right-50x8b-20260903,libero_spatial,libero_spatial/pick_up_the_black_bowl_next_to_the_plate_and_place_it_on_the_plate,102,12,1014,22,1029d0827030a7521361d1904eeb3e7e7f2792be5c99abdb5701abb7ee87c137,27702,True,220,object_released_or_dropped_before_goal,False,True,11,-1,failure_missed,0.9956595,0.99709797,0.9972399,0.996791,0.99563384,0.99424845,0.9963034,0.043431394,0.04086032,0.04092043,0.03991329,0.043157786,0.046756186,0.04211746,0.15713611,0.15304863,0.15303645,0.15175211,0.15816376,0.16533718,0.1566877,0.0025687157,0.0013545526,0.0015329845,0.0017363024,0.0027688863,0.0042023617,0.0020583742,0.32500002,0.5,0.45000002,0.425,0.35000002,0.275,0.25,,0.05374161,0.06888602,0.05727736,0.057974763,0.07386013,0.06495956,,0.8,0.95,1.0,0.925,0.925,0.92499995,,0.64375,0.83125,0.80625,0.7125,0.775,0.79375,,0.89015496,0.8584381,0.88016,0.8829138,0.85743326,0.86614823,,-0.008451834,0.0225818,0.011775643,-0.008780375,0.0001821965,0.003869757,0.108135134,0.10598716,0.10238012,0.10177161,0.115663275,0.12467158,0.1149428,0.013089716,0.013268932,0.012844649,0.012950096,0.014133957,0.014359513,0.014099573,0.52065986,0.4937406,0.49814677,0.49718133,0.51584494,0.5507771,0.50555134,0.18958333,0.2361111,0.19513889,0.24722221,0.20069444,0.22013888,0.21597221,-0.0016899359,-0.0008694067,-0.00017186225,-0.001311729,-0.002237649,-0.0034132882,-0.0011162879,0.012690871,0.012754094,0.007937811,0.010874122,0.009923229,0.012282113,0.012230873,,,0.36396724,0.1791462,0.18609335,0.41905248,0.29768962,,,,-0.0106035825,0.0745543,0.08923857,0.07436476,0.99445814,0.99507266,0.9923097,0.9940989,0.9935754,0.99322736,0.9907135,0.045118056,0.043817822,0.05133509,0.04435063,0.047055528,0.046793655,0.051919114,0.16557987,0.16256659,0.17745435,0.16471788,0.16982478,0.17098272,0.1745386,0.0028619117,0.0022893816,0.0035407615,0.002537432,0.0037222893,0.0036806867,0.004753394,0.4,0.39999998,0.475,0.375,0.375,0.35000002,0.4,,0.08764782,0.106818154,0.0865644,0.09156198,0.09154937,0.09960136,,1.0,0.975,0.975,0.92499995,0.9,0.975,,0.8875,0.8875,0.84375,0.84375,0.7875,0.89374995,,0.8209103,0.78758776,0.82298523,0.81762016,0.8144145,0.8049533,,0.022732064,0.031055108,0.017440945,-0.00041927397,-0.006030485,-0.003987372,0.09517047,0.08582321,0.09850447,0.086307615,0.100706495,0.10763906,0.11712977,0.009358905,0.008946662,0.009138176,0.008677504,0.009815338,0.010312254,0.010756931,0.5873167,0.597901,0.6611773,0.646039,0.6049583,0.6052672,0.6130051,0.14652778,0.13472223,0.13611111,0.12361111,0.15694445,0.14097223,0.14583333,-0.0033591653,-0.0034198235,-0.005194323,-0.0039060356,-0.0037997502,-0.0041262764,-0.0052075656,0.015375127,0.0114841,0.011311879,0.011701751,0.012515385,0.011457475,0.013898221,,,0.3327435,0.12558472,0.17935888,0.17939281,0.2616136,,,,-0.018609518,0.104780875,0.1539942,0.19643173,1.1362257,1.2349476,1.0393449,1.179173,1.1485186,1.1582373,0.9813286,,,,-0.010248125,0.112964176,0.16235076,0.20456827,,,-0.36016876,-0.10453883,-0.12708598,-0.21785566,-0.27797693,,0.020934641,0.026614547,0.017440975,-0.008677781,-0.013886213,-0.0066675544
cache_new/HiMoE-VLA/libero_spatial/pick_up_the_black_bowl_next_to_the_plate_and_place_it_on_the_plate/right-50x8b-20260903,right-50x8b-20260903,libero_spatial,libero_spatial/pick_up_the_black_bowl_next_to_the_plate_and_place_it_on_the_plate,103,12,1015,12,1029d0827030a7521361d1904eeb3e7e7f2792be5c99abdb5701abb7ee87c137,27703,False,120,,False,True,10,-1,success_no_alarm,0.99559176,0.9969229,0.9972797,0.99672085,0.994806,0.9949606,,0.043701857,0.041212782,0.040864486,0.04097186,0.04533018,0.045874957,,0.15766723,0.15465382,0.1523839,0.15281168,0.16233036,0.16177471,,0.0026411377,0.0015608629,0.0015531065,0.0018664072,0.0036432287,0.003173269,,0.275,0.375,0.4,0.425,0.3,0.35,,,0.053806867,0.067284726,0.05787348,0.07419332,0.07627221,,,0.72499996,0.95,0.95,0.95,0.975,,,0.7,0.8375,0.775,0.8625,0.70000005,,,0.89016694,0.86109126,0.87885135,0.85361004,0.85379344,,,-0.013637364,0.017454252,0.0100324005,0.0070083886,0.013050944,,0.10344647,0.10939212,0.10818231,0.09698412,0.121154875,0.118231714,,0.012945343,0.01327985,0.013411939,0.012477559,0.014407932,0.014134395,,0.51305366,0.50078744,0.4594032,0.51926327,0.5272751,0.52269,,0.18333334,0.20416667,0.21736111,0.19791666,0.21875,0.20625,,-0.0022083088,-0.00044314767,-0.00055383577,-0.0009445287,-0.0033215526,-0.0030284768,,0.013758715,0.01239212,0.0072925193,0.008316109,0.012908624,0.013955262,,,,0.34178367,0.18647838,0.424501,0.43874797,,,,,-0.054282557,0.08516581,0.06935347,,0.99427855,0.9949758,0.99256915,0.9936714,0.9934783,0.99373454,,0.045650948,0.0441591,0.050726853,0.046123322,0.046325162,0.04587239,,0.16552359,0.16345732,0.17626521,0.16876768,0.16918674,0.16860619,,0.0029115803,0.0023276992,0.003775501,0.0026651293,0.003156621,0.0028414286,,0.375,0.45,0.47500002,0.4,0.275,0.375,,,0.08767089,0.10194444,0.090658054,0.09553201,0.100545034,,,0.925,1.0,1.0,0.9,0.975,,,0.875,0.8375,0.85,0.83125,0.90625,,,0.8219373,0.79811794,0.8170099,0.8108831,0.8011405,,,0.020997643,0.022468522,0.018597215,0.0038163662,0.0069789737,,0.09347,0.08611896,0.106426895,0.086506575,0.1047664,0.099840686,,0.009212771,0.008765969,0.00970204,0.008445056,0.010382872,0.009933007,,0.6002257,0.6037496,0.6214863,0.6643752,0.6091466,0.5892785,,0.14722222,0.14375001,0.15,0.12777779,0.15069444,0.13194445,,-0.003535774,-0.003414406,-0.00505003,-0.0040985015,-0.0044939755,-0.004132571,,0.014918557,0.011541718,0.011914668,0.011221635,0.012692878,0.014829135,,,,0.28171325,0.16529793,0.21489291,0.26342985,,,,,-0.042653646,0.16290921,0.11960845,,1.1067344,1.2702444,1.0164942,1.1211184,1.1564287,1.1842037,,,,,-0.043253735,0.16332257,0.119028285,,,,-0.28288144,-0.13753939,-0.21792221,-0.2571645,,,0.018895268,0.022468507,0.016873777,-0.00058460236,0.006441891,
cache_new/HiMoE-VLA/libero_spatial/pick_up_the_black_bowl_next_to_the_plate_and_place_it_on_the_plate/right-50x8b-20260903,right-50x8b-20260903,libero_spatial,libero_spatial/pick_up_the_black_bowl_next_to_the_plate_and_place_it_on_the_plate,104,13,1008,9,1029d0827030a7521361d1904eeb3e7e7f2792be5c99abdb5701abb7ee87c137,27704,False,89,,False,True,-1,-1,success_no_alarm,0.9959414,0.99536127,0.99729544,0.9969826,,,,0.04284439,0.044981934,0.04092557,0.039573837,,,,0.15682146,0.16099496,0.15237108,0.15074298,,,,0.0023886499,0.0031635521,0.0014044447,0.0017172124,,,,0.35,0.35000002,0.325,0.275,,,,,0.05955302,0.05980856,0.056141857,,,,,0.79999995,0.9,0.975,,,,,0.70000005,0.8125,0.83124995,,,,,0.88118196,0.87594885,0.882373,,,,,-0.014571071,-0.0010713637,-0.011213139,,,,0.108969405,0.11452833,0.10113077,0.099228635,,,,0.013427261,0.013686093,0.013232344,0.01254907,,,,0.49345914,0.5388104,0.48499292,0.5094198,,,,0.20208333,0.23680556,0.23333332,0.21597221,,,,-0.0016094652,-0.002186725,-0.0005802866,-0.0005682135,,,,0.015494527,0.013207205,0.0066398936,0.011522395,,,,,,0.24826038,0.18613587,,,,,,,-0.05023584,,,,0.99512464,0.9935535,0.9944912,0.99470794,,,,0.044124883,0.04642818,0.044963755,0.04454943,,,,0.16325709,0.16805065,0.16401139,0.16395226,,,,0.0024420675,0.0036859836,0.00288138,0.0025688189,,,,0.375,0.4,0.325,0.425,,,,,0.08896236,0.09191817,0.09259255,,,,,1.0,0.925,0.975,,,,,0.8875,0.825,0.90625,,,,,0.81819296,0.81227154,0.8123407,,,,,0.01609081,0.021998033,0.013703898,,,,0.09203717,0.097834796,0.09100717,0.08262912,,,,0.009379879,0.009510997,0.009191619,0.00841328,,,,0.5734805,0.6312494,0.61260045,0.65117145,,,,0.14375,0.13333333,0.16319445,0.13472222,,,,-0.0031648248,-0.004020593,-0.0034268745,-0.0036072328,,,,0.01484169,0.014351551,0.012930499,0.013563931,,,,,,0.25839424,0.262771,,,,,,,-0.07076249,,,,1.1839716,1.1706299,1.1112396,1.2008919,,,,,,,-0.06629756,,,,,,-0.27054185,-0.23933062,,,,,0.0148406625,0.017981708,0.010580242,,,
cache_new/HiMoE-VLA/libero_spatial/pick_up_the_black_bowl_next_to_the_plate_and_place_it_on_the_plate/right-50x8b-20260903,right-50x8b-20260903,libero_spatial,libero_spatial/pick_up_the_black_bowl_next_to_the_plate_and_place_it_on_the_plate,105,13,1009,14,1029d0827030a7521361d1904eeb3e7e7f2792be5c99abdb5701abb7ee87c137,27705,False,139,,False,True,10,-1,success_no_alarm,0.99585074,0.995233,0.99732184,0.9969499,0.9942548,0.99619555,0.9953857,0.042686608,0.044553988,0.040827416,0.03965164,0.046267997,0.04222823,0.04447002,0.15654886,0.16079429,0.15224469,0.151541,0.16429582,0.15579791,0.16157681,0.0023559043,0.0033438588,0.0014019853,0.001624531,0.00410416,0.001857361,0.003187578,0.4,0.4,0.35000002,0.35000002,0.275,0.35000002,0.3,,0.059511065,0.05949535,0.055181287,0.07434096,0.07687041,0.06734392,,0.875,0.9,0.975,0.95,0.975,0.95,,0.68125,0.76250005,0.8375,0.8625,0.8625001,0.80625,,0.88029146,0.877864,0.8836796,0.85363483,0.848745,0.86362207,,-0.014320642,-0.002710119,-0.015801206,-0.006924689,0.026910454,-0.0005480498,0.1048198,0.11323087,0.099457145,0.102323316,0.120397046,0.11423372,0.11791448,0.0129965,0.013624076,0.01283668,0.012573271,0.014173838,0.013913625,0.013807444,0.5171076,0.5314936,0.48691776,0.51118445,0.5442976,0.4879941,0.53592956,0.19097222,0.22361112,0.2125,0.22430556,0.20694445,0.22916666,0.20069444,-0.0015261224,-0.0025397884,-0.00043509892,-0.00081523217,-0.0035807476,-0.0019427848,-0.0020649268,0.015196641,0.011686121,0.006875698,0.009166928,0.010675687,0.011792904,0.008622818,,,0.2512372,0.17870396,0.4643901,0.49909553,0.37608588,,,,-0.037042804,0.07812606,0.064105794,0.055554405,0.99496615,0.99351263,0.9943024,0.99400556,0.9933395,0.9950019,0.9927911,0.044120435,0.04607971,0.045399435,0.0452964,0.047644563,0.044374302,0.048335686,0.16399027,0.16822934,0.16395408,0.16812027,0.17097506,0.16350253,0.17304035,0.002531,0.003706484,0.0028187097,0.0031086209,0.0037440278,0.0021193938,0.0047689583,0.375,0.375,0.325,0.3,0.3,0.5,0.325,,0.0888218,0.0958377,0.088014804,0.09634292,0.09309827,0.09446629,,0.975,0.92499995,0.975,0.9,0.95,0.95,,0.89374995,0.87499994,0.8125,0.86875,0.88125,0.86875,,0.8194059,0.80426526,0.8211202,0.8067008,0.80995154,0.8096633,,0.014038324,0.029667452,-0.007225752,0.009437785,0.028743789,-0.0010939091,0.08987259,0.09734438,0.08931356,0.0852281,0.1076452,0.08517325,0.10955452,0.009264385,0.009481973,0.008893269,0.008645607,0.010178012,0.008847417,0.010241022,0.5807493,0.6309192,0.6062089,0.63337874,0.6661662,0.6046144,0.5979639,0.1423611,0.13125001,0.15625,0.13611111,0.15625,0.16180556,0.14305556,-0.0033226875,-0.0041586095,-0.0033469028,-0.003772904,-0.00413166,-0.0034024017,-0.0035017217,0.014436846,0.014302156,0.012815598,0.012379091,0.0113122305,0.011110156,0.010825692,,,0.2851478,0.20096806,0.29242125,0.25773895,0.27119634,,,,-0.026560873,0.1361776,-0.0037874025,0.14268333,1.1663156,1.1631988,1.1135727,1.2005819,1.1184618,1.3411925,1.0763087,,,,-0.019819649,0.14335868,0.0032545952,0.14953047,,,-0.27162278,-0.21306887,-0.30390567,-0.2607131,-0.2696559,,0.012668371,0.023117363,-0.01001972,0.0031651258,0.024187565,-0.0016225576
cache_new/HiMoE-VLA/libero_spatial/pick_up_the_black_bowl_next_to_the_plate_and_place_it_on_the_plate/right-50x8b-20260903,right-50x8b-20260903,libero_spatial,libero_spatial/pick_up_the_black_bowl_next_to_the_plate_and_place_it_on_the_plate,106,13,1010,9,1029d0827030a7521361d1904eeb3e7e7f2792be5c99abdb5701abb7ee87c137,27706,False,90,,False,True,-1,-1,success_no_alarm,0.99570227,0.995549,0.99720204,0.9967437,,,,0.04322239,0.044381358,0.04172197,0.040306825,,,,0.15806168,0.1602985,0.15323286,0.15257558,,,,0.0025552667,0.003000203,0.0013596432,0.0018308758,,,,0.39999998,0.35000002,0.425,0.4,,,,,0.058787476,0.059698425,0.05548473,,,,,0.79999995,0.92499995,0.95,,,,,0.6875,0.825,0.7875,,,,,0.8812226,0.87639636,0.8841911,,,,,-0.009621486,-0.0005276352,-0.016606107,,,,0.1106599,0.115474954,0.10198785,0.10073681,,,,0.013385636,0.013733865,0.0130934715,0.013002813,,,,0.5157867,0.54099697,0.47737676,0.4842322,,,,0.21319443,0.23125,0.22569445,0.2097222,,,,-0.0018065057,-0.002052269,-0.00051568996,-0.0011928717,,,,0.013816629,0.014107073,0.0067589516,0.00979311,,,,,,0.22843604,0.15533036,,,,,,,-0.013267743,,,,0.9951221,0.9940629,0.9937867,0.99414456,,,,0.044251837,0.04473455,0.04720635,0.046977557,,,,0.16406266,0.1657361,0.16815871,0.16826546,,,,0.002469929,0.0031622276,0.0028554795,0.0027114612,,,,0.425,0.325,0.425,0.6,,,,,0.08514094,0.10263529,0.087606125,,,,,0.975,1.0,0.975,,,,,0.86249995,0.90624994,0.88125,,,,,0.82742745,0.79356724,0.81993455,,,,,0.011595279,0.03570719,-0.00087438524,,,,0.09276351,0.09636316,0.09418394,0.08359763,,,,0.009493924,0.009580411,0.009062398,0.0084071355,,,,0.56740063,0.6074361,0.6246792,0.65113163,,,,0.1701389,0.1388889,0.14583333,0.13402778,,,,-0.003249939,-0.0036632991,-0.0037786309,-0.0037690513,,,,0.0142592415,0.015020447,0.012476455,0.0125565175,,,,,,0.3841734,0.22373378,,,,,,,-0.05246851,,,,1.1929249,1.198331,1.0828582,1.20502,,,,,,,-0.050968796,,,,,,-0.38137227,-0.23559697,,,,,0.0067258477,0.03129345,-0.0021455884,,,
cache_new/HiMoE-VLA/libero_spatial/pick_up_the_black_bowl_next_to_the_plate_and_place_it_on_the_plate/right-50x8b-20260903,right-50x8b-20260903,libero_spatial,libero_spatial/pick_up_the_black_bowl_next_to_the_plate_and_place_it_on_the_plate,107,13,1011,9,1029d0827030a7521361d1904eeb3e7e7f2792be5c99abdb5701abb7ee87c137,27707,False,90,,False,True,-1,-1,success_no_alarm,0.9959529,0.9952865,0.9975218,0.9962543,,,,0.041579254,0.04569163,0.040388376,0.040367212,,,,0.15525979,0.16224706,0.15125684,0.15390046,,,,0.0023277164,0.003365838,0.0014293821,0.0023393943,,,,0.325,0.375,0.35000002,0.3,,,,,0.06326171,0.059187263,0.058976438,,,,,0.85,0.9,0.975,,,,,0.73125005,0.8625,0.80625,,,,,0.8743942,0.8747189,0.8745394,,,,,-0.008972749,0.0030937344,-0.009706631,,,,0.11089587,0.11740804,0.09884143,0.105368525,,,,0.013495896,0.013659514,0.012661509,0.012630718,,,,0.49674472,0.5313091,0.4847822,0.50650406,,,,0.21805555,0.21597223,0.21388888,0.21736111,,,,-0.0016799094,-0.002198179,-0.00022713748,-0.0015606394,,,,0.014577074,0.012572869,0.0073013445,0.013165062,,,,,,0.19137971,0.1964856,,,,,,,-0.03592595,,,,0.9950721,0.9938226,0.99415874,0.9949,,,,0.04432848,0.044743516,0.04490433,0.044423036,,,,0.16383204,0.16688602,0.16650473,0.16344126,,,,0.0024149804,0.003690782,0.0027030513,0.0023466516,,,,0.3,0.22500001,0.425,0.3,,,,,0.087118484,0.09764402,0.085285574,,,,,1.0,1.0,0.975,,,,,0.85625005,0.93125,0.86875,,,,,0.8230731,0.8016697,0.82530534,,,,,0.009815559,0.026094124,0.006161511,,,,0.09435212,0.09718764,0.09522121,0.088209346,,,,0.009522749,0.009483036,0.009287585,0.008969624,,,,0.56545305,0.61901355,0.62060064,0.63951766,,,,0.17083333,0.14097223,0.1486111,0.15902779,,,,-0.0031968823,-0.0038951316,-0.0035520091,-0.0037201568,,,,0.013673406,0.014147248,0.013027513,0.015357009,,,,,,0.31462657,0.1819315,,,,,,,0.0016524437,,,,1.1753405,1.2080553,1.0380191,1.1945279,,,,,,,-0.00063868886,,,,,,-0.33704507,-0.20975256,,,,,0.0050527453,0.023038983,-0.0018191338,,,
cache_new/HiMoE-VLA/libero_spatial/pick_up_the_black_bowl_next_to_the_plate_and_place_it_on_the_plate/right-50x8b-20260903,right-50x8b-20260903,libero_spatial,libero_spatial/pick_up_the_black_bowl_next_to_the_plate_and_place_it_on_the_plate,108,13,1012,22,1029d0827030a7521361d1904eeb3e7e7f2792be5c99abdb5701abb7ee87c137,27708,True,220,object_released_or_dropped_before_goal,False,True,10,20,failure_detected,0.9959619,0.9949484,0.9970554,0.99716324,0.99432915,0.9960243,0.9962157,0.042344544,0.045858108,0.041605063,0.03948459,0.04546109,0.042117354,0.041698366,0.15592307,0.16262335,0.15367442,0.15097573,0.16468683,0.15570411,0.15608542,0.002333134,0.0034926063,0.0013811756,0.0016381692,0.004070004,0.002070757,0.0017474813,0.325,0.275,0.375,0.275,0.3,0.3,0.425,,0.060924355,0.06765265,0.052254166,0.071709886,0.07941341,0.052341435,,0.725,0.975,0.875,0.95,1.0,0.95000005,,0.67499995,0.86249995,0.79375005,0.81875,0.85,0.75625,,0.8788129,0.8604655,0.88982636,0.85665345,0.84565055,0.8921497,,-0.013258308,0.012525693,-0.016778901,-0.009129316,0.03349848,-0.021421596,0.10835599,0.11310554,0.10625236,0.10363632,0.11977941,0.11266881,0.11519152,0.013345054,0.013414526,0.013491251,0.012924897,0.014132292,0.013882736,0.014388448,0.5274546,0.5513255,0.4758266,0.48347116,0.54613066,0.47903645,0.4897011,0.20416667,0.19375,0.21875,0.21319443,0.19444446,0.22361112,0.23333333,-0.0011515786,-0.002126875,-0.00093799335,-0.00047463772,-0.0034116714,-0.001608657,-0.0013877624,0.014272788,0.012450932,0.005637029,0.008097336,0.010214506,0.011994224,0.013194118,,,0.37942788,0.11820257,0.4318931,0.53653383,0.12375712,,,,-0.02360854,0.063437276,0.046494476,0.083994135,0.9952866,0.9935112,0.9944063,0.9944952,0.99332017,0.9935006,0.993633,0.043341517,0.04571188,0.046038818,0.04586999,0.047115713,0.045740053,0.04655047,0.16278118,0.168501,0.16646191,0.16637042,0.17073424,0.16695891,0.16926816,0.0023515015,0.003790188,0.0027842273,0.0026387642,0.004456724,0.0023804808,0.0023391533,0.375,0.42499998,0.52500004,0.45,0.325,0.325,0.35000002,,0.090219334,0.09893528,0.08761492,0.09601705,0.10026262,0.082858466,,1.0,1.0,0.95,0.975,0.975,0.92499995,,0.875,0.91875,0.88125,0.89375,0.88125,0.84375,,0.8177036,0.799758,0.8210392,0.806301,0.79948866,0.8277541,,0.014627397,0.030888364,-0.00083363056,0.01545009,0.02249457,-0.008623257,0.09134172,0.09757304,0.09567352,0.08420333,0.11419263,0.09670834,0.10840095,0.009487339,0.009430211,0.009192695,0.008463796,0.010829964,0.009410698,0.010556137,0.5769939,0.63814425,0.5947235,0.6253635,0.6221669,0.6042987,0.5863703,0.14444444,0.13958333,0.15277778,0.14305556,0.15,0.13958335,0.15347223,-0.00280459,-0.004051705,-0.0032329126,-0.0035189886,-0.0038965591,-0.003767985,-0.0030774404,0.014807849,0.012652896,0.012049567,0.011320852,0.01209478,0.010948347,0.012119816,,,0.32623488,0.20577851,0.29474205,0.3404851,0.15041462,,,,-0.05655029,0.18989745,0.049098924,0.16363105,1.1862706,1.1591884,1.1105723,1.2307864,1.0489242,1.1650372,1.062643,,,,-0.05444313,0.19207574,0.051606186,0.16646649,,,-0.32563055,-0.20456874,-0.26094192,-0.34070385,-0.14954193,,0.0125261545,0.030888379,-0.010757923,0.011955023,0.018682957,-0.008623362
cache_new/HiMoE-VLA/libero_spatial/pick_up_the_black_bowl_next_to_the_plate_and_place_it_on_the_plate/right-50x8b-20260903,right-50x8b-20260903,libero_spatial,libero_spatial/pick_up_the_black_bowl_next_to_the_plate_and_place_it_on_the_plate,109,13,1013,10,1029d0827030a7521361d1904eeb3e7e7f2792be5c99abdb5701abb7ee87c137,27709,False,95,,False,True,-1,-1,success_no_alarm,0.9959267,0.9952636,0.99729204,0.9965818,0.99368495,,,0.042532545,0.045535635,0.041741613,0.040503502,0.047430232,,,0.15668958,0.16199724,0.15283895,0.15323178,0.16641553,,,0.0023454477,0.0033345027,0.0012602545,0.0020293782,0.0043494413,,,0.35,0.32500002,0.375,0.275,0.375,,,,0.06257386,0.055344716,0.05696235,0.08105699,,,,0.79999995,0.92499995,0.975,0.975,,,,0.68125,0.71875,0.84375,0.83124995,,,,0.87460065,0.88562846,0.879056,0.8460346,,,,-0.009974122,-0.009986699,-0.010800332,0.0071665794,,,0.106614426,0.116470635,0.09892932,0.10662364,0.12879074,,,0.013321109,0.013896575,0.012985829,0.013208547,0.015088081,,,0.49405056,0.5352503,0.48310667,0.49561808,0.517687,,,0.20902777,0.22638889,0.21875,0.22430557,0.23402777,,,-0.0019578678,-0.0025946852,-0.0006990923,-0.0010943944,-0.004216292,,,0.013706185,0.014075544,0.008037258,0.011107552,0.011164934,,,,,0.12561022,0.15943395,0.49377063,,,,,,0.010448777,0.14119345,,,0.9951532,0.9939989,0.9939879,0.99435073,0.9927834,,,0.04373756,0.04527071,0.045947105,0.045988012,0.046463866,,,0.16295996,0.16677535,0.16666585,0.16645633,0.17099026,,,0.0023751147,0.00360369,0.0027485406,0.002757587,0.0037494279,,,0.4,0.325,0.325,0.475,0.375,,,,0.08739,0.087732315,0.08864623,0.099024035,,,,0.975,1.0,1.0,1.0,,,,0.875,0.83124995,0.85625,0.9250001,,,,0.82522196,0.8191117,0.8174626,0.79991114,,,,0.010530874,0.010142162,0.005521491,0.019753128,,,0.09006964,0.09700925,0.09148918,0.0887595,0.11059155,,,0.009260215,0.009641398,0.008877174,0.008819904,0.010359576,,,0.56771266,0.60927755,0.6239908,0.64605016,0.6411188,,,0.15069444,0.12708333,0.14583334,0.14791667,0.14722222,,,-0.0032573515,-0.003616331,-0.0038620597,-0.0036674784,-0.004320565,,,0.01407447,0.014699183,0.013516065,0.012235675,0.011659183,,,,,0.20581159,0.21746542,0.32750317,,,,,,0.0060521695,0.1669771,,,1.1836889,1.2006137,1.0813227,1.2012646,1.1645621,,,,,,0.007409354,0.16830969,,,,,-0.20581463,-0.22527546,-0.3314954,,,,0.00794512,0.0016964674,0.0030276775,0.009604514,,
cache_new/HiMoE-VLA/libero_spatial/pick_up_the_black_bowl_next_to_the_plate_and_place_it_on_the_plate/right-50x8b-20260903,right-50x8b-20260903,libero_spatial,libero_spatial/pick_up_the_black_bowl_next_to_the_plate_and_place_it_on_the_plate,110,13,1014,14,1029d0827030a7521361d1904eeb3e7e7f2792be5c99abdb5701abb7ee87c137,27710,False,131,,False,True,10,-1,success_no_alarm,0.9958503,0.9951781,0.9972312,0.9968742,0.99376225,0.99619216,0.9958669,0.042818543,0.04500652,0.04092094,0.039801702,0.047880746,0.041785236,0.043640614,0.15684316,0.16134529,0.15304075,0.15159345,0.16639453,0.15464407,0.15803301,0.002401497,0.003355089,0.0014087444,0.0016888352,0.004288215,0.001683263,0.0026328652,0.35000002,0.35000002,0.42499998,0.325,0.32500002,0.42499998,0.3,,0.060173042,0.058111407,0.058752224,0.08081358,0.07046909,0.063648365,,0.875,0.975,1.0,1.0,1.0,0.95,,0.7125,0.79375,0.875,0.80625,0.77500004,0.76250005,,0.8790264,0.87770396,0.87722856,0.84400094,0.8608448,0.87056476,,-0.014077082,-0.0019594878,-0.010924488,0.0057607144,0.007696554,0.0033287406,0.10627503,0.112293795,0.10180094,0.103145346,0.1296823,0.117821425,0.11577163,0.012768354,0.013563185,0.012810984,0.013238856,0.015037006,0.014195785,0.013853526,0.5219067,0.5344259,0.48834974,0.48759025,0.5273851,0.48982784,0.5028633,0.18125,0.22291666,0.19791667,0.25902778,0.22916667,0.21875,0.22638889,-0.001575619,-0.0025575883,-0.00013815367,-0.0011656984,-0.0040149866,-0.0015303532,-0.0017642153,0.013310214,0.01316918,0.0077297725,0.010466529,0.011058025,0.013511654,0.010989881,,,0.21702321,0.22728136,0.5353634,0.39678377,0.3002059,,,,0.014221769,0.14011833,0.0853211,0.059886757,0.99514544,0.9937422,0.9941711,0.99418205,0.99379677,0.9944598,0.9933106,0.044156633,0.045568146,0.046046466,0.045265757,0.046474382,0.045292698,0.04814177,0.16388315,0.16783923,0.1658081,0.16723567,0.16930445,0.16710606,0.17189191,0.0024568066,0.0036359197,0.0029196292,0.002895259,0.0037577865,0.0018789105,0.0028923354,0.35,0.35,0.35000002,0.35000002,0.275,0.55,0.52500004,,0.08779217,0.092864454,0.08686347,0.0900124,0.090059236,0.107596144,,0.975,0.875,0.925,0.875,0.975,1.0,,0.8875,0.82500005,0.81875,0.81875,0.84375,0.86875004,,0.8225628,0.81054264,0.82187384,0.8160617,0.8122047,0.78773177,,0.009840429,0.02556859,-0.0015470833,0.0028859973,0.019318342,0.043292403,0.08930391,0.094551474,0.09124361,0.086826526,0.1140507,0.09373903,0.10030859,0.009105621,0.0092718955,0.008729108,0.008791438,0.011075534,0.009335022,0.009775651,0.5793735,0.62401795,0.6187042,0.6301134,0.6057397,0.5907916,0.6312897,0.14652778,0.13333334,0.15208334,0.13125,0.15972221,0.14027777,0.14027777,-0.003057181,-0.003936442,-0.0034692513,-0.003850279,-0.003617225,-0.0032431455,-0.0043407218,0.015080595,0.014542656,0.01162831,0.012844497,0.010466715,0.012789384,0.013826021,,,0.2622674,0.19356787,0.2290465,0.229689,0.40880033,,,,-0.01110144,0.21888027,0.048878133,0.09509118,1.1900378,1.1876472,1.1157049,1.1879474,1.1370584,1.2569089,1.1541547,,,,0.002169281,0.23312941,0.062164128,0.108285576,,,-0.2542819,-0.1959166,-0.20877585,-0.24813241,-0.43728393,,0.0067902803,0.015876353,-0.006503105,-0.004820049,0.011332929,0.043292463
cache_new/HiMoE-VLA/libero_spatial/pick_up_the_black_bowl_next_to_the_plate_and_place_it_on_the_plate/right-50x8b-20260903,right-50x8b-20260903,libero_spatial,libero_spatial/pick_up_the_black_bowl_next_to_the_plate_and_place_it_on_the_plate,111,13,1015,10,1029d0827030a7521361d1904eeb3e7e7f2792be5c99abdb5701abb7ee87c137,27711,False,92,,False,True,-1,-1,success_no_alarm,0.9958608,0.9953593,0.99718165,0.9967334,0.9940765,,,0.042993296,0.04453876,0.041171033,0.040274203,0.04606162,,,0.1569106,0.16045201,0.153031,0.15229848,0.16356035,,,0.0024022365,0.0031904674,0.0014967306,0.0019452269,0.004312276,,,0.32500002,0.32500002,0.375,0.25,0.275,,,,0.059606865,0.060248226,0.057563975,0.07792654,,,,0.9,0.975,0.975,0.975,,,,0.68125,0.825,0.84375,0.8312501,,,,0.878849,0.87587065,0.8789487,0.8482619,,,,-0.012168631,-0.0016892999,-0.007873371,-0.0018720627,,,0.103282094,0.11740008,0.109081,0.09787728,0.12439238,,,0.013013902,0.013776624,0.013710668,0.012360895,0.0144392345,,,0.50186217,0.5295981,0.44452518,0.51661587,0.5385568,,,0.21458334,0.21111111,0.22083333,0.21875,0.22500001,,,-0.0020000893,-0.0017983194,-0.00047919527,-0.001011,-0.0038728085,,,0.014319727,0.01303675,0.0075983386,0.01036512,0.009855782,,,,,0.2597709,0.21134739,0.5056175,,,,,,-0.07206631,0.07990686,,,0.99509513,0.9934796,0.9939888,0.99456775,0.9934325,,,0.043666277,0.0465147,0.045123212,0.044222068,0.047611196,,,0.16288528,0.16867991,0.16597341,0.16386652,0.1708282,,,0.0024524382,0.0037386448,0.0030849734,0.003317167,0.0040160874,,,0.3,0.4,0.425,0.375,0.35000002,,,,0.08892394,0.09582276,0.091652885,0.0987982,,,,0.975,0.9,0.975,1.0,,,,0.875,0.825,0.90000004,0.90625,,,,0.8201207,0.8075664,0.8139808,0.8014252,,,,0.011539131,0.023702264,0.0026656091,0.010364324,,,0.088795,0.09922681,0.09960907,0.08513242,0.10207321,,,0.009346141,0.009552567,0.009682091,0.008698234,0.0099349655,,,0.57389647,0.62946385,0.5935414,0.65431774,0.6442609,,,0.14583333,0.13125,0.16458334,0.16527778,0.13402778,,,-0.0031725469,-0.0040371036,-0.003296701,-0.0036413027,-0.004257121,,,0.015076025,0.013406759,0.011995839,0.014823368,0.010353044,,,,,0.2894796,0.24745676,0.321885,,,,,,-0.039727096,0.09283185,,,1.1631521,1.1831487,1.0950911,1.1497062,1.2186586,,,,,,-0.051399972,0.08154035,,,,,-0.32253152,-0.24036108,-0.31543577,,,,0.01121372,0.017044544,-0.0011211634,0.00911659,,
cache_new/HiMoE-VLA/libero_spatial/pick_up_the_black_bowl_next_to_the_plate_and_place_it_on_the_plate/right-50x8b-20260903,right-50x8b-20260903,libero_spatial,libero_spatial/pick_up_the_black_bowl_next_to_the_plate_and_place_it_on_the_plate,112,14,1008,10,1029d0827030a7521361d1904eeb3e7e7f2792be5c99abdb5701abb7ee87c137,27712,False,92,,False,True,-1,-1,success_no_alarm,0.99620825,0.99623096,0.99663615,0.9966872,0.9956848,,,0.042370386,0.043233044,0.042423002,0.04130251,0.041607745,,,0.15436158,0.15662037,0.15680069,0.15466161,0.1553721,,,0.0024249726,0.0019457429,0.0017590385,0.0018940794,0.0017481004,,,0.3,0.475,0.5,0.3,0.35,,,,0.055208266,0.06299541,0.061074477,0.07090045,,,,0.725,0.95000005,0.875,0.975,,,,0.68125,0.80625004,0.79375,0.79999995,,,,0.8868255,0.8689538,0.87526774,0.85807705,,,,-0.012973204,-0.0026476234,0.0015747994,0.014203593,,,0.10675885,0.108372755,0.105194554,0.10483709,0.11563326,,,0.013246389,0.012922232,0.013254985,0.013006978,0.01419322,,,0.49336973,0.5255581,0.5085188,0.5016887,0.52164036,,,0.20972222,0.21805556,0.20138888,0.20486112,0.23194444,,,-0.0013543118,-0.0015370949,-0.0012015568,-0.0008153182,-0.0022992017,,,0.012570485,0.013142148,0.007762153,0.0121132,0.012701608,,,,,0.2429516,0.22666377,0.3721148,,,,,,-0.013611425,0.07265292,,,0.99533814,0.9937488,0.99282444,0.9937223,0.9939993,,,0.04394426,0.046047784,0.04746187,0.045240488,0.046999652,,,0.16212863,0.16862875,0.1720709,0.16795062,0.1712589,,,0.002165709,0.0029940116,0.0029947339,0.003609778,0.0016879925,,,0.425,0.525,0.45,0.275,0.375,,,,0.08139483,0.09985788,0.08922026,0.096252665,,,,0.975,0.95,0.95,1.0,,,,0.79375,0.9,0.83125,0.84375,,,,0.834226,0.7971791,0.8173488,0.8071866,,,,-0.014564574,0.011247933,0.0012744367,0.0015885234,,,0.086657025,0.10196042,0.111384146,0.09287284,0.09362111,,,0.008778455,0.009826323,0.010288997,0.009250807,0.009270641,,,0.6008708,0.6027693,0.62559116,0.64962,0.65365213,,,0.14861111,0.14930555,0.14444445,0.15,0.14375,,,-0.003043852,-0.004059805,-0.004110867,-0.0041629085,-0.0044020335,,,0.012752883,0.013056137,0.012134044,0.015035847,0.01233835,,,,,0.24891935,0.13639626,0.20694645,,,,,,-0.023581276,-0.021820445,,,1.23197,1.0628904,0.94443023,1.128824,1.2351195,,,,,,-0.02586911,-0.02372733,,,,,-0.23268907,-0.106057055,-0.1906983,,,,-0.015426993,0.00917989,-0.0018521547,-0.010305166,,
cache_new/HiMoE-VLA/libero_spatial/pick_up_the_black_bowl_next_to_the_plate_and_place_it_on_the_plate/right-50x8b-20260903,right-50x8b-20260903,libero_spatial,libero_spatial/pick_up_the_black_bowl_next_to_the_plate_and_place_it_on_the_plate,113,14,1009,9,1029d0827030a7521361d1904eeb3e7e7f2792be5c99abdb5701abb7ee87c137,27713,False,90,,False,True,-1,-1,success_no_alarm,0.99608886,0.99590635,0.99719465,0.9966637,,,,0.042178646,0.04423811,0.041454293,0.040226586,,,,0.15473536,0.15750535,0.15386808,0.15243013,,,,0.0024862844,0.002352671,0.0014458754,0.0019627349,,,,0.275,0.5,0.57500005,0.39999998,,,,,0.056958936,0.0641059,0.06580979,,,,,0.775,1.0,0.95,,,,,0.69375,0.8125,0.84999996,,,,,0.88320863,0.86734086,0.8645482,,,,,-0.0115510225,0.0038270503,0.014624715,,,,0.10219626,0.1101536,0.10916942,0.10348807,,,,0.012817392,0.012931749,0.013461623,0.012608749,,,,0.5148506,0.5209741,0.48328093,0.50488913,,,,0.19097222,0.21319444,0.23124999,0.22013888,,,,-0.0013173699,-0.0021065294,-0.0006710075,-0.0011130889,,,,0.013591694,0.011095987,0.007048823,0.011191702,,,,,,0.2435923,0.28583238,,,,,,,-0.044696387,,,,0.99526715,0.9937037,0.9942393,0.994887,,,,0.0436964,0.046172045,0.04493267,0.042577572,,,,0.16172417,0.16838014,0.16511808,0.16152975,,,,0.002283087,0.0030945526,0.0029631064,0.0019756507,,,,0.32500002,0.475,0.375,0.35,,,,,0.08349159,0.09608782,0.086547166,,,,,1.0,1.0,1.0,,,,,0.79375005,0.90625,0.90625,,,,,0.8286757,0.8037421,0.8264855,,,,,-0.0078980625,0.018106177,-0.0013127625,,,,0.084058404,0.10036294,0.11515958,0.08423162,,,,0.008534892,0.009575904,0.011003689,0.008398229,,,,0.60935295,0.6128451,0.5563546,0.65469563,,,,0.15347221,0.15694445,0.16666667,0.15277778,,,,-0.0031269542,-0.0042138156,-0.003193649,-0.0035448032,,,,0.012113967,0.010948509,0.012234396,0.010910058,,,,,,0.2067596,0.10102616,,,,,,,-0.11414102,,,,1.2157768,1.0975525,0.94798386,1.228613,,,,,,,-0.11581422,,,,,,-0.21919146,-0.12933466,,,,,-0.008726239,0.015011728,-0.001978755,,,
cache_new/HiMoE-VLA/libero_spatial/pick_up_the_black_bowl_next_to_the_plate_and_place_it_on_the_plate/right-50x8b-20260903,right-50x8b-20260903,libero_spatial,libero_spatial/pick_up_the_black_bowl_next_to_the_plate_and_place_it_on_the_plate,114,14,1010,9,1029d0827030a7521361d1904eeb3e7e7f2792be5c99abdb5701abb7ee87c137,27714,False,89,,False,True,-1,-1,success_no_alarm,0.9960937,0.9963199,0.99678725,0.9965673,,,,0.042324632,0.04361976,0.04223655,0.040544562,,,,0.15532774,0.15611361,0.15572515,0.15311357,,,,0.002501694,0.0018726331,0.0017165933,0.0021098831,,,,0.25,0.55,0.47500002,0.325,,,,,0.05240335,0.06831682,0.062474005,,,,,0.8,0.975,0.975,,,,,0.68125,0.8562499,0.8625,,,,,0.892061,0.85865897,0.8693286,,,,,-0.016520351,0.010038197,0.0104985535,,,,0.108851895,0.11064959,0.10621701,0.10409839,,,,0.013163749,0.013101901,0.013150519,0.013041704,,,,0.5105331,0.53747845,0.500962,0.46924686,,,,0.22986111,0.23749998,0.20208333,0.21458334,,,,-0.0013843055,-0.0015144964,-0.00096332637,-0.0013037489,,,,0.012739552,0.012357106,0.0060880454,0.011747206,,,,,,0.34198406,0.26788333,,,,,,,-0.0069476645,,,,0.99535966,0.9937509,0.9934093,0.9947677,,,,0.043918326,0.045673512,0.046874024,0.042972255,,,,0.16169631,0.16835684,0.16947836,0.16156785,,,,0.0022136746,0.002966632,0.0034228158,0.0018028426,,,,0.37500003,0.45000002,0.4,0.375,,,,,0.08051407,0.09787361,0.08888756,,,,,0.95,1.0,1.0,,,,,0.7875,0.91875,0.9125,,,,,0.83394754,0.79997665,0.81944305,,,,,-0.011998296,0.013904303,0.009655729,,,,0.08769791,0.1006206,0.11503842,0.082146026,,,,0.0088001415,0.009646127,0.010421784,0.00824119,,,,0.59992564,0.60455793,0.60152096,0.6550476,,,,0.14166667,0.14583333,0.15555556,0.15,,,,-0.0029652216,-0.0041339127,-0.0037206039,-0.003758354,,,,0.012038078,0.011664225,0.01129405,0.01213818,,,,,,0.21699181,0.1194052,,,,,,,-0.13149728,,,,1.2412143,1.0996714,0.92331773,1.2672359,,,,,,,-0.13036157,,,,,,-0.1869643,-0.12258476,,,,,-0.014211357,0.008679807,0.009655654,,,
cache_new/HiMoE-VLA/libero_spatial/pick_up_the_black_bowl_next_to_the_plate_and_place_it_on_the_plate/right-50x8b-20260903,right-50x8b-20260903,libero_spatial,libero_spatial/pick_up_the_black_bowl_next_to_the_plate_and_place_it_on_the_plate,115,14,1011,13,1029d0827030a7521361d1904eeb3e7e7f2792be5c99abdb5701abb7ee87c137,27715,False,130,,False,True,-1,11,success_alarm,0.99630713,0.9961297,0.9963678,0.9945719,0.99659646,0.99732125,0.9964919,0.041326743,0.043984506,0.04117728,0.046972584,0.04275402,0.041028377,0.041360132,0.15367508,0.1579088,0.15555163,0.16858284,0.15666303,0.15268387,0.15445402,0.002357177,0.0020143813,0.0016760053,0.0034092292,0.002077946,0.0015587304,0.002068556,0.3,0.5,0.35,0.32500002,0.375,0.375,0.4,,0.051808007,0.057798255,0.076686986,0.07488948,0.06235618,0.05911784,,0.775,0.95,0.9,0.875,0.9,0.975,,0.65,0.7875,0.74375,0.825,0.79999995,0.83124995,,0.89501303,0.8790493,0.8436842,0.84790564,0.8705052,0.8751055,,-0.022646368,-0.008204475,0.018389821,0.03883177,0.011957511,-0.005140513,0.10725045,0.11424123,0.10882615,0.12931755,0.107199095,0.10015209,0.10457799,0.013051111,0.013286712,0.013451515,0.014146146,0.013157693,0.01287671,0.013001294,0.49277833,0.52528566,0.5036498,0.53376234,0.48747486,0.4939114,0.50448895,0.22638889,0.20694445,0.19583333,0.20069444,0.20833333,0.2097222,0.20763889,-0.0012550605,-0.0016145215,-0.0010533594,-0.0028576981,-0.0013105593,-0.0007318378,-0.0012888724,0.01283597,0.01108296,0.010336084,0.013899532,0.009641201,0.007176378,0.012420335,,,0.15686318,0.44393614,0.41322392,0.22415745,0.18503304,,,,0.061251827,-0.011707615,-0.033317067,-0.022567483,0.9951703,0.9936589,0.9917772,0.993465,0.9941644,0.99417233,0.9946308,0.043924548,0.04658095,0.048669145,0.04706563,0.045175523,0.044710945,0.044744976,0.16217653,0.16975978,0.17644615,0.169927,0.16526084,0.16605395,0.16366075,0.0022296174,0.0031258706,0.002562834,0.003606889,0.0030646794,0.0029000575,0.0018148986,0.35000002,0.45000002,0.4,0.375,0.4,0.3,0.40000004,,0.08201176,0.096770726,0.09332983,0.09546162,0.091383204,0.08623603,,0.975,0.95,0.92499995,0.92499995,1.0,1.0,,0.7875,0.85,0.81875,0.84375,0.8625,0.81874996,,0.83099735,0.80457425,0.8118538,0.80431515,0.81297946,0.82661074,,-0.011547521,-0.00083617866,0.003759101,0.0233718,-0.007738173,0.0014445037,0.08898088,0.10218913,0.12608193,0.11724393,0.104287826,0.09762943,0.089596875,0.008764331,0.009476197,0.011261989,0.011005239,0.009982803,0.009651935,0.008703842,0.60225445,0.6016957,0.6399936,0.5890589,0.60905796,0.6174264,0.6657922,0.14722222,0.14097223,0.16250001,0.14722222,0.16527778,0.15138888,0.1513889,-0.0030934692,-0.004058653,-0.0045930375,-0.0033925984,-0.0033283115,-0.0033724592,-0.003974106,0.011847784,0.011626857,0.009190762,0.013851734,0.015484935,0.01525971,0.014178782,,,0.21479806,0.17853874,0.19980279,0.16027224,0.10122244,,,,0.14200078,0.044768497,0.0111274645,-0.09226933,1.2053201,1.1179391,0.8631384,1.1029786,1.0279157,1.0258392,1.1672058,,,,0.14216447,0.044656947,0.010951415,-0.09244245,,,-0.2444554,-0.15898785,-0.20052582,-0.15748283,-0.10108613,,-0.011547506,-0.00083625317,0.0006312728,0.019738972,-0.011343002,-0.005439818
cache_new/HiMoE-VLA/libero_spatial/pick_up_the_black_bowl_next_to_the_plate_and_place_it_on_the_plate/right-50x8b-20260903,right-50x8b-20260903,libero_spatial,libero_spatial/pick_up_the_black_bowl_next_to_the_plate_and_place_it_on_the_plate,116,14,1012,9,1029d0827030a7521361d1904eeb3e7e7f2792be5c99abdb5701abb7ee87c137,27716,False,89,,False,True,-1,-1,success_no_alarm,0.9962982,0.99572873,0.99704087,0.9965958,,,,0.041518956,0.044111013,0.041907206,0.040402457,,,,0.15365116,0.15855847,0.15425928,0.153148,,,,0.0023099505,0.0023565406,0.0016074702,0.0021446066,,,,0.25,0.6,0.425,0.25,,,,,0.05668822,0.06542186,0.06432168,,,,,0.75,1.0,0.975,,,,,0.70000005,0.83125,0.85625,,,,,0.88594466,0.86605203,0.8664323,,,,,-0.015738383,0.003788948,0.014156148,,,,0.105372064,0.108689904,0.10967327,0.106259294,,,,0.013046105,0.012921337,0.013535163,0.012788964,,,,0.52729213,0.52925974,0.4737251,0.4845049,,,,0.22083333,0.20416667,0.22361112,0.19513889,,,,-0.000805326,-0.0015935397,-0.0011337097,-0.0009439784,,,,0.012398077,0.012002828,0.0052711302,0.011540575,,,,,,0.2868454,0.28103566,,,,,,,-0.026218057,,,,0.9953768,0.99367774,0.99421155,0.9950098,,,,0.043942794,0.046643097,0.044522062,0.0430509,,,,0.16155083,0.16911983,0.16453311,0.16128293,,,,0.0021729148,0.0030295947,0.0030911816,0.0018983446,,,,0.375,0.42499998,0.4,0.375,,,,,0.08303836,0.09530069,0.08750112,,,,,0.975,0.975,0.92499995,,,,,0.7875,0.9,0.85,,,,,0.83007646,0.80705744,0.82477903,,,,,-0.00886859,0.014329031,0.0034086108,,,,0.08591023,0.09885339,0.11073494,0.08206174,,,,0.008927751,0.009382773,0.010500701,0.008090388,,,,0.6021145,0.63295114,0.5673782,0.65719736,,,,0.15416667,0.16319445,0.19166666,0.15208334,,,,-0.0027132842,-0.004099275,-0.0030269634,-0.003395299,,,,0.012432019,0.011435671,0.011787792,0.011923747,,,,,,0.2108069,0.124500215,,,,,,,-0.13128316,,,,1.2265369,1.0995061,0.99041253,1.2948701,,,,,,,-0.12486008,,,,,,-0.19983035,-0.15634236,,,,,-0.009221077,0.012940228,0.002878189,,,
cache_new/HiMoE-VLA/libero_spatial/pick_up_the_black_bowl_next_to_the_plate_and_place_it_on_the_plate/right-50x8b-20260903,right-50x8b-20260903,libero_spatial,libero_spatial/pick_up_the_black_bowl_next_to_the_plate_and_place_it_on_the_plate,117,14,1013,9,1029d0827030a7521361d1904eeb3e7e7f2792be5c99abdb5701abb7ee87c137,27717,False,89,,False,True,-1,-1,success_no_alarm,0.99627036,0.9959848,0.9970009,0.99678624,,,,0.04182674,0.044176817,0.041541085,0.040428214,,,,0.15421194,0.15758124,0.1541686,0.15210739,,,,0.002311997,0.0022398676,0.0016798922,0.0019288543,,,,0.3,0.525,0.5,0.275,,,,,0.05669205,0.06620679,0.06173385,,,,,0.825,0.95,0.95000005,,,,,0.75,0.81875,0.8625,,,,,0.8844409,0.8635578,0.8715123,,,,,-0.012600005,0.0068029314,0.009261876,,,,0.104210734,0.1110839,0.10502022,0.10510292,,,,0.013102826,0.013147823,0.013303601,0.013047535,,,,0.48505843,0.5198934,0.48954728,0.47336316,,,,0.2284722,0.2111111,0.22777778,0.2111111,,,,-0.0015583003,-0.0021200818,-0.0009839815,-0.00088027597,,,,0.012428271,0.012089627,0.0072641904,0.011615684,,,,,,0.2726761,0.21474795,,,,,,,0.007906222,,,,0.995337,0.9936069,0.9941069,0.9945925,,,,0.043611344,0.046586826,0.045406207,0.043327373,,,,0.1615295,0.16974255,0.16606155,0.16225526,,,,0.0021203915,0.0031675422,0.0032072873,0.0019091107,,,,0.425,0.5,0.375,0.35000002,,,,,0.08437575,0.094367504,0.08883224,,,,,0.975,0.975,0.975,,,,,0.80625,0.90000004,0.9,,,,,0.82779205,0.8069589,0.82032484,,,,,-0.0077608526,0.010723501,0.00763011,,,,0.08528689,0.10019787,0.109086245,0.08526342,,,,0.008627441,0.009397743,0.010372005,0.00831178,,,,0.60208404,0.6123798,0.60077953,0.667263,,,,0.16458333,0.14236112,0.16180557,0.14652777,,,,-0.0030711973,-0.004100032,-0.0034077158,-0.0038815453,,,,0.012668362,0.010800132,0.011625742,0.011155609,,,,,,0.16996138,0.10764682,,,,,,,-0.087773696,,,,1.2218845,1.1086454,0.9627265,1.2326847,,,,,,,-0.0737848,,,,,,-0.16064844,-0.13237017,,,,,-0.009879649,0.008562446,0.005317569,,,
cache_new/HiMoE-VLA/libero_spatial/pick_up_the_black_bowl_next_to_the_plate_and_place_it_on_the_plate/right-50x8b-20260903,right-50x8b-20260903,libero_spatial,libero_spatial/pick_up_the_black_bowl_next_to_the_plate_and_place_it_on_the_plate,118,14,1014,9,1029d0827030a7521361d1904eeb3e7e7f2792be5c99abdb5701abb7ee87c137,27718,False,90,,False,True,-1,-1,success_no_alarm,0.996117,0.99597704,0.99686503,0.9967235,,,,0.042107023,0.04412718,0.04205576,0.040414985,,,,0.15454736,0.15798287,0.15555435,0.1525351,,,,0.002392468,0.0022093062,0.0017084928,0.0018965215,,,,0.32500002,0.525,0.47500002,0.32500002,,,,,0.055013932,0.066339,0.06511845,,,,,0.8,0.975,0.975,,,,,0.68125004,0.825,0.86875004,,,,,0.88775826,0.86227417,0.8655612,,,,,-0.01811558,0.0053813457,0.011972591,,,,0.10632211,0.1115578,0.111332595,0.10455023,,,,0.012908806,0.013406244,0.013471968,0.012896591,,,,0.5089598,0.5242666,0.50747854,0.47538096,,,,0.18402779,0.2361111,0.22152779,0.23958331,,,,-0.001308272,-0.0019850582,-0.0005376522,-0.0012756297,,,,0.012641588,0.011240902,0.007168524,0.011930672,,,,,,0.3017214,0.2934199,,,,,,,-0.033429213,,,,0.9954587,0.99347305,0.9938891,0.9947219,,,,0.043468736,0.046711847,0.04584228,0.042934667,,,,0.16094223,0.16989261,0.16668993,0.16178545,,,,0.0022251974,0.0033728033,0.0032952907,0.0021331008,,,,0.375,0.525,0.375,0.3,,,,,0.08395362,0.09702803,0.08952102,,,,,0.975,0.975,0.925,,,,,0.7875,0.9125,0.89374995,,,,,0.82730657,0.8028197,0.82184213,,,,,-0.00521937,0.01277858,0.004418656,,,,0.085117415,0.10029566,0.11357188,0.085339054,,,,0.008416604,0.009661946,0.0106258355,0.008371407,,,,0.61036086,0.60958797,0.5904663,0.6559541,,,,0.15763889,0.12986112,0.1736111,0.16736111,,,,-0.0027864804,-0.0042570005,-0.003403124,-0.0038241544,,,,0.012261784,0.010924367,0.011735663,0.0101145,,,,,,0.21134423,0.13048239,,,,,,,-0.09947581,,,,1.2491229,1.1122893,0.9802831,1.2251159,,,,,,,-0.09667772,,,,,,-0.18780422,-0.1425847,,,,,-0.005708337,0.0113940835,0.0009267926,,,
cache_new/HiMoE-VLA/libero_spatial/pick_up_the_black_bowl_next_to_the_plate_and_place_it_on_the_plate/right-50x8b-20260903,right-50x8b-20260903,libero_spatial,libero_spatial/pick_up_the_black_bowl_next_to_the_plate_and_place_it_on_the_plate,119,14,1015,13,1029d0827030a7521361d1904eeb3e7e7f2792be5c99abdb5701abb7ee87c137,27719,False,127,,False,True,-1,-1,success_no_alarm,0.9961293,0.9958271,0.9966886,0.9946884,0.9969615,0.9973531,0.9962585,0.042264514,0.04447908,0.041918732,0.046171714,0.040745538,0.040486887,0.041540615,0.15482391,0.15748788,0.15460809,0.16596346,0.15374523,0.15194315,0.15524928,0.0024362719,0.002427346,0.0015711647,0.0033513228,0.0017129816,0.0014568307,0.0023327898,0.3,0.575,0.4,0.32500002,0.275,0.325,0.325,,0.0556184,0.059710216,0.07772349,0.07194818,0.057929847,0.056295745,,0.75,0.975,0.875,0.95000005,0.92499995,0.95000005,,0.6875,0.7687501,0.78749996,0.79375,0.71875,0.78125,,0.88724965,0.87683535,0.84613377,0.85315895,0.8793667,0.8821348,,-0.017720759,-0.0062593967,0.013574511,0.03386408,0.0019608438,-0.015529662,0.10101153,0.1126621,0.108471476,0.1214506,0.10099465,0.09957577,0.10183366,0.012955156,0.013275331,0.013761002,0.013989562,0.012904485,0.012999281,0.012972668,0.49500045,0.5197894,0.47896484,0.54534423,0.4594511,0.50908226,0.50047076,0.21875001,0.21875,0.21944444,0.2013889,0.20625001,0.23888889,0.18958333,-0.0016817322,-0.0015323655,-0.00093163,-0.0024803854,-0.0010823556,-0.0006130149,-0.0013230453,0.012896945,0.01172624,0.008887521,0.01172003,0.009029308,0.0071767494,0.012777872,,,0.21193264,0.47746164,0.40131187,0.16869408,0.15356374,,,,0.052358493,-0.027391443,-0.021885626,-0.022562508,0.9953295,0.9935246,0.992603,0.99310106,0.9927495,0.99502426,0.99487793,0.043539807,0.046284296,0.04957527,0.047519766,0.047428586,0.044200838,0.04467915,0.1616488,0.16915828,0.17532736,0.17153654,0.1716829,0.16310251,0.16308472,0.0022035965,0.003121399,0.0023528947,0.0041299914,0.0035630679,0.0024597817,0.0019551846,0.375,0.47500002,0.525,0.32500002,0.35,0.5,0.525,,0.0861794,0.09808694,0.09724061,0.1035587,0.09289999,0.08920453,,0.975,0.925,0.9,1.0,0.92499995,1.0,,0.825,0.86875004,0.74375,0.8375,0.85625,0.9125,,0.82364386,0.8009822,0.8039477,0.79455054,0.81082237,0.81993985,,-0.002653122,0.0022113174,0.0041163564,0.0152211785,0.008339182,0.0036672354,0.08354759,0.10052666,0.118635155,0.11503029,0.09875675,0.088246346,0.08096523,0.008604985,0.009427337,0.011316901,0.010980278,0.009362979,0.009214324,0.008211364,0.608839,0.6136065,0.6027615,0.6016465,0.62338215,0.586992,0.67916846,0.14097223,0.14027777,0.14027777,0.14375001,0.1388889,0.14444445,0.13472222,-0.0029722732,-0.0040793256,-0.0041138763,-0.0035004658,-0.004534185,-0.0026094413,-0.0037179207,0.011743336,0.010607772,0.013881452,0.015738973,0.014085551,0.013640168,0.012062517,,,0.21640034,0.20309642,0.26769164,0.16278361,0.12239073,,,,0.145773,-0.013392596,-0.02904266,-0.14430684,1.2090298,1.1207186,0.9143283,1.0558141,1.0226606,1.1283841,1.2577455,,,,0.15260746,-0.006729846,-0.0227341,-0.13797428,,,-0.21290791,-0.17657393,-0.27130744,-0.17955661,-0.11528668,,-0.003308773,0.0022112727,-0.004826486,0.015221238,-0.001477778,0.0036672354
cache_new/HiMoE-VLA/libero_spatial/pick_up_the_black_bowl_next_to_the_plate_and_place_it_on_the_plate/right-50x8b-20260903,right-50x8b-20260903,libero_spatial,libero_spatial/pick_up_the_black_bowl_next_to_the_plate_and_place_it_on_the_plate,120,15,1008,22,1029d0827030a7521361d1904eeb3e7e7f2792be5c99abdb5701abb7ee87c137,27720,True,220,object_released_or_dropped_before_goal,False,True,11,21,failure_detected,0.9957002,0.9968726,0.99708116,0.9970746,0.99535924,0.9958212,0.9968814,0.04397893,0.041138455,0.0410538,0.041546732,0.04347395,0.04261071,0.040802337,0.15839392,0.154438,0.15238051,0.15299858,0.15949008,0.15801911,0.15333307,0.0026542943,0.0015248326,0.0014021401,0.0016801157,0.0030602766,0.0020668188,0.0014970058,0.35000002,0.35000002,0.525,0.45,0.35000002,0.325,0.3,,0.054759838,0.06788807,0.05520898,0.0585934,0.06953442,0.05687207,,0.75,0.875,0.92499995,0.95000005,0.925,0.85,,0.69374996,0.86249995,0.69374996,0.6625,0.83750004,0.8125,,0.8885379,0.85997456,0.8839525,0.87883747,0.8643635,0.8832459,,-0.010459572,0.022103593,-0.0006213337,-0.0203294,0.001332581,0.006446302,0.10996277,0.10560521,0.102665335,0.10482321,0.11487609,0.11377004,0.10758057,0.013574066,0.013211865,0.012801784,0.013264127,0.013996804,0.013703188,0.013750147,0.49701703,0.5129031,0.49809602,0.48698714,0.5130816,0.50246227,0.46830463,0.18750001,0.21180555,0.19305554,0.21041666,0.23680556,0.19583334,0.21597221,-0.0017185882,-0.00088820443,-0.00077727553,-0.00050435634,-0.0023360401,-0.0020177178,-0.00087931287,0.01358464,0.011958361,0.0074878563,0.010352643,0.009765342,0.009909825,0.012975208,,,0.2657002,0.053553745,0.11117482,0.27027592,0.08227548,,,,0.01476142,0.06498639,0.04610581,0.051263638,0.99435496,0.99461186,0.99337864,0.9917592,0.9930047,0.994416,0.9921357,0.046349302,0.045013625,0.048501097,0.047952008,0.04568725,0.04557012,0.050641526,0.16732161,0.16584456,0.17232221,0.1748324,0.16991173,0.16770928,0.17846714,0.002951635,0.0024510452,0.0033938885,0.0032416321,0.0037477254,0.0023087123,0.002331328,0.325,0.45,0.45000002,0.375,0.35,0.52500004,0.425,,0.088390455,0.10311645,0.09821391,0.09580653,0.09504729,0.09021825,,1.0,1.0,0.925,0.975,0.9,0.95000005,,0.8375,0.90625,0.84375,0.7875,0.8125,0.78125,,0.819658,0.79158545,0.8025146,0.80611557,0.8063083,0.81494695,,0.017760381,0.030596301,0.0032619983,0.0036382824,0.012846053,0.0056357533,0.09876402,0.08761808,0.101949014,0.0983976,0.10313151,0.1029801,0.11266594,0.009653582,0.008921403,0.0094187455,0.009472289,0.01003144,0.009963452,0.010788871,0.59404594,0.6269986,0.61587554,0.6475178,0.6233781,0.58404434,0.5985101,0.14305556,0.13263889,0.15833333,0.15138888,0.14444445,0.16041668,0.13402778,-0.0035021342,-0.0037570987,-0.004231478,-0.0054665715,-0.004601069,-0.0030752046,-0.004736144,0.012082063,0.011988072,0.012497267,0.011526958,0.013895959,0.008700632,0.0140039455,,,0.2443937,0.19303751,0.16995512,0.15813944,0.11009448,,,,0.026744355,0.08456206,0.07714824,0.15585439,1.113389,1.2052901,1.0070263,1.0653025,1.1138797,1.104777,0.95486337,,,,0.029403327,0.08675688,0.07995625,0.15954779,,,-0.24686751,-0.20916536,-0.1511463,-0.11214505,-0.09972747,,0.017760336,0.029834628,0.0014617443,-0.007452905,0.0076536536,-0.00057286024
cache_new/HiMoE-VLA/libero_spatial/pick_up_the_black_bowl_next_to_the_plate_and_place_it_on_the_plate/right-50x8b-20260903,right-50x8b-20260903,libero_spatial,libero_spatial/pick_up_the_black_bowl_next_to_the_plate_and_place_it_on_the_plate,121,15,1009,22,1029d0827030a7521361d1904eeb3e7e7f2792be5c99abdb5701abb7ee87c137,27721,True,220,object_released_or_dropped_before_goal,False,True,10,21,failure_detected,0.9957333,0.99679047,0.9969909,0.99689823,0.9951038,0.9958846,0.99640477,0.042887256,0.040539894,0.041303962,0.040839277,0.045039713,0.04273071,0.04077339,0.1573775,0.15349326,0.15178277,0.15267444,0.16186704,0.15830696,0.15449755,0.002620276,0.0016776565,0.0013521792,0.0017950173,0.0031899512,0.0019317091,0.0014096042,0.35000002,0.35000002,0.45,0.275,0.45,0.35000002,0.4,,0.054334097,0.064125635,0.05892449,0.0644185,0.068244725,0.036195837,,0.875,0.95000005,0.975,0.825,0.95,0.6,,0.6625,0.8249999,0.76250005,0.7875,0.775,0.50625,,0.88796806,0.87097335,0.8775776,0.8692786,0.8670535,0.92250925,,-0.011432633,0.0059715062,0.00075002015,-0.0074288845,-0.0014445037,-0.018834427,0.105355576,0.10884929,0.10114907,0.10820031,0.11193709,0.12281078,0.118712425,0.013136003,0.01344263,0.012872038,0.013247715,0.013308746,0.0142484605,0.014169676,0.5184985,0.5009124,0.4980144,0.48928657,0.5293254,0.4812578,0.4583606,0.18125,0.22569443,0.22291666,0.21736111,0.20277777,0.20972222,0.20833331,-0.0015076343,-0.0011837739,-0.00074408296,-0.0008813251,-0.002677426,-0.0019990748,-0.0011622416,0.013980742,0.013420839,0.008049935,0.00879134,0.009968807,0.009846842,0.010849672,,,0.20178518,0.11263442,0.1997292,0.25785804,-0.3737077,,,,0.0028064714,0.0052679162,0.07409355,0.07013131,0.99440855,0.9943054,0.9940639,0.9921781,0.9925687,0.9934882,0.9934299,0.04532038,0.046908446,0.046423554,0.048139006,0.04847792,0.04639595,0.046003856,0.16650632,0.16784547,0.16844568,0.17238055,0.1741179,0.17097521,0.17017642,0.00284934,0.0025686298,0.0030145464,0.003592425,0.0036575547,0.0021523973,0.0013251092,0.275,0.5,0.47500002,0.475,0.45000002,0.55,0.625,,0.08722506,0.09576467,0.09973808,0.098630846,0.097724676,0.054595273,,1.0,0.9,1.0,0.95,0.775,0.72499996,,0.78125,0.8375,0.85,0.84375,0.78749996,0.5125,,0.82167006,0.80353016,0.8012384,0.8024832,0.8010311,0.88374513,,0.010579169,0.025400504,0.009925172,0.013044268,0.007565215,-0.03307934,0.095225126,0.08766949,0.093406335,0.101723135,0.11763227,0.10954909,0.11150628,0.009412626,0.008950558,0.009316416,0.009776853,0.010948961,0.010307888,0.010300942,0.60484195,0.612649,0.612429,0.6410594,0.62067854,0.6020364,0.6157812,0.14166667,0.13055556,0.13611111,0.14930555,0.14930555,0.15486111,0.16805555,-0.003331837,-0.0038860857,-0.0035927864,-0.0051981416,-0.004689141,-0.0033615902,-0.0038498144,0.012102363,0.011131708,0.012261497,0.011587428,0.01349828,0.009465363,0.009309765,,,0.16885793,0.20661908,0.1954792,0.18140654,-0.39650026,,,,0.06516293,0.1785528,0.11645292,0.117128916,1.1063842,1.2415868,1.082893,1.0636746,0.9515849,1.121057,1.0646254,,,,0.062406402,0.1756333,0.11529817,0.11462414,,,-0.16013044,-0.22847915,-0.16625547,-0.17008232,0.4040735,,0.007573247,0.021520197,0.005164206,0.0059070587,0.005573809,-0.033079326
cache_new/HiMoE-VLA/libero_spatial/pick_up_the_black_bowl_next_to_the_plate_and_place_it_on_the_plate/right-50x8b-20260903,right-50x8b-20260903,libero_spatial,libero_spatial/pick_up_the_black_bowl_next_to_the_plate_and_place_it_on_the_plate,122,15,1010,10,1029d0827030a7521361d1904eeb3e7e7f2792be5c99abdb5701abb7ee87c137,27722,False,91,,False,True,-1,-1,success_no_alarm,0.9955401,0.99719125,0.9971035,0.9969201,0.99475414,,,0.043808125,0.040296834,0.041191306,0.040288553,0.044432454,,,0.15863024,0.15232435,0.15254894,0.15273738,0.16192946,,,0.0027821807,0.0012989333,0.0014195619,0.0018248907,0.0037603835,,,0.35000002,0.375,0.525,0.325,0.3,,,,0.05247336,0.06938158,0.055849567,0.0670259,,,,0.825,1.0,0.92499995,0.92499995,,,,0.65,0.84375,0.75,0.78124994,,,,0.8924875,0.8572982,0.883443,0.8659036,,,,-0.010973752,0.022825792,0.003965482,-0.0046014637,,,0.111815065,0.107546635,0.10215867,0.09934897,0.12111439,,,0.013291687,0.013622651,0.012988549,0.012957784,0.01446135,,,0.52311933,0.50594836,0.4875338,0.48106435,0.53543925,,,0.19027777,0.23402777,0.2,0.2125,0.22847223,,,-0.0018018452,-0.0006782996,-0.000551428,-0.001003192,-0.002792276,,,0.013636976,0.014168935,0.0074541485,0.009328945,0.008527024,,,,,0.29073995,0.07307876,0.24538887,,,,,,-0.02364136,0.08195249,,,0.9944953,0.9948971,0.99358404,0.9935102,0.99360776,,,0.045342118,0.04506338,0.04808976,0.04529314,0.047159202,,,0.16675447,0.16411111,0.17091998,0.16830184,0.16917944,,,0.002872248,0.002205282,0.003369828,0.003460566,0.0032552015,,,0.3,0.5,0.525,0.375,0.47500002,,,,0.08386408,0.099311635,0.10383738,0.097650826,,,,0.975,0.95,0.95000005,0.90000004,,,,0.78749996,0.9125,0.9375,0.875,,,,0.8272784,0.79919815,0.78875536,0.8031676,,,,0.007924959,0.02285266,0.038554996,0.014275208,,,0.09944995,0.08584364,0.09947897,0.08686222,0.105613455,,,0.009529054,0.008985126,0.0093536535,0.008967442,0.010268524,,,0.58304375,0.6114131,0.6159489,0.6430425,0.641603,,,0.13402778,0.14097223,0.14930555,0.13263889,0.14722222,,,-0.0033680566,-0.0035418451,-0.003980212,-0.0041064983,-0.0042104623,,,0.013117713,0.011766579,0.012205021,0.012058994,0.012340514,,,,,0.21783642,0.2607994,0.20150799,,,,,,-0.02573416,0.10985333,,,1.124335,1.2528201,1.0269374,1.1437535,1.1467705,,,,,,-0.022270305,0.113212556,,,,,-0.19678906,-0.2613171,-0.21036153,,,,0.0051569343,0.022816062,0.038555026,0.006746173,,
cache_new/HiMoE-VLA/libero_spatial/pick_up_the_black_bowl_next_to_the_plate_and_place_it_on_the_plate/right-50x8b-20260903,right-50x8b-20260903,libero_spatial,libero_spatial/pick_up_the_black_bowl_next_to_the_plate_and_place_it_on_the_plate,123,15,1011,10,1029d0827030a7521361d1904eeb3e7e7f2792be5c99abdb5701abb7ee87c137,27723,False,95,,False,True,-1,-1,success_no_alarm,0.9958939,0.9971467,0.9970368,0.99676967,0.99671113,,,0.042383637,0.040484894,0.040963665,0.040818002,0.040844373,,,0.15648904,0.1522578,0.15294077,0.15446006,0.15371045,,,0.00247514,0.001373763,0.0014752328,0.0019474283,0.0017706475,,,0.37500003,0.4,0.5,0.35000002,0.375,,,,0.0499238,0.07302209,0.057174332,0.049272098,,,,0.75,0.975,0.92499995,0.9,,,,0.65625,0.875,0.7625,0.69375,,,,0.894522,0.8508524,0.8804058,0.8964721,,,,-0.014019668,0.030532584,-0.001889512,-0.022636682,,,0.11305732,0.10737623,0.107832775,0.10613278,0.1061714,,,0.013664199,0.0134249,0.0133374045,0.013024934,0.013222158,,,0.50107723,0.49744773,0.49269944,0.49850956,0.49140966,,,0.21458332,0.23333333,0.22222222,0.2125,0.22152777,,,-0.0016078142,-0.0006075459,-0.000583348,-0.0010016785,-0.0011349308,,,0.013543936,0.010997151,0.0077178506,0.0091136405,0.008966459,,,,,0.34023747,0.095228985,-0.057258625,,,,,,-0.018974341,-0.004458028,,,0.99455446,0.9936475,0.99358386,0.9938252,0.99408376,,,0.044756975,0.047414016,0.048998415,0.04588617,0.04546828,,,0.16555664,0.17025138,0.17235483,0.16731471,0.16745143,,,0.0026891895,0.0027846915,0.0033529736,0.0027204559,0.002709002,,,0.3,0.45,0.475,0.375,0.375,,,,0.091815315,0.10177153,0.094274156,0.08223699,,,,0.95000005,0.95,1.0,0.975,,,,0.8625,0.86875,0.91875005,0.8125,,,,0.81444484,0.79436594,0.8084494,0.8318696,,,,0.014365658,0.028677687,0.013191447,-0.0038903505,,,0.101006776,0.095277555,0.1052784,0.08764109,0.08830257,,,0.009788033,0.009493129,0.009990189,0.008842451,0.008896887,,,0.57159877,0.62031424,0.59476906,0.6029776,0.63208354,,,0.14930557,0.13472222,0.15208334,0.110416666,0.13194445,,,-0.0033067965,-0.004390201,-0.0042140223,-0.0038663074,-0.0039126743,,,0.011860784,0.012170862,0.012280748,0.012320592,0.012892498,,,,,0.21273349,0.13411164,-0.007528495,,,,,,-0.06441271,-0.058405247,,,1.1193043,1.1269835,1.024263,1.2109934,1.2023592,,,,,,-0.06348025,-0.05734281,,,,,-0.19755065,-0.14392246,-0.0008196123,,,,0.012276173,0.028677642,0.012527347,-0.015166402,,
cache_new/HiMoE-VLA/libero_spatial/pick_up_the_black_bowl_next_to_the_plate_and_place_it_on_the_plate/right-50x8b-20260903,right-50x8b-20260903,libero_spatial,libero_spatial/pick_up_the_black_bowl_next_to_the_plate_and_place_it_on_the_plate,124,15,1012,11,1029d0827030a7521361d1904eeb3e7e7f2792be5c99abdb5701abb7ee87c137,27724,False,107,,False,True,-1,-1,success_no_alarm,0.99591905,0.99665576,0.997099,0.99692017,0.99570096,0.9955666,,0.042755425,0.041346055,0.04047469,0.04150463,0.04319556,0.04560238,,0.15652734,0.15487778,0.15176164,0.1537261,0.15865242,0.16177726,,0.0024878667,0.0017383662,0.0013757924,0.0018472828,0.0025813049,0.0028069462,,0.35000002,0.375,0.47500002,0.325,0.45,0.32500002,,,0.05360611,0.070137724,0.060288787,0.059408337,0.06648141,,,0.79999995,0.975,0.90000004,0.875,0.875,,,0.65625,0.8625,0.78749996,0.70625,0.7125,,,0.89017886,0.8575709,0.875808,0.87591803,0.8702202,,,-0.011709675,0.025706172,0.005579561,-0.011872366,-0.003129691,,0.1088244,0.11033126,0.1081699,0.10854678,0.113077186,0.119132526,,0.013274545,0.01355023,0.013343909,0.013111182,0.013594509,0.014185268,,0.5325061,0.50700927,0.47149456,0.48077065,0.51192874,0.50260854,,0.1951389,0.21944444,0.21736112,0.21180555,0.21111111,0.21805555,,-0.0010856233,-0.0006949303,-0.00092753686,-0.0007825899,-0.002225129,-0.0020872846,,0.013015384,0.010862753,0.007574963,0.008155348,0.010469978,0.010113815,,,,0.31702757,0.15760821,0.14432405,0.2557999,,,,,-0.013827423,0.02139999,0.062712125,,0.9947059,0.99372554,0.9941776,0.99220824,0.9925375,0.9932553,,0.045127448,0.047775906,0.0464211,0.047690064,0.047752343,0.04814023,,0.16563086,0.17051578,0.16747302,0.17271492,0.1724975,0.17156853,,0.0026239909,0.0027587393,0.0028700293,0.0032753064,0.0041519534,0.0031919293,,0.3,0.47500002,0.45,0.45,0.35000002,0.525,,,0.0920155,0.0968267,0.09912017,0.09879399,0.096637346,,,0.975,0.875,1.0,1.0,0.95,,,0.83125,0.78749996,0.87500006,0.81875,0.84375,,,0.8138652,0.80217195,0.8031038,0.8038449,0.8077092,,,0.018140033,0.028570697,0.011748567,0.006987363,0.0018657297,,0.09807033,0.09256324,0.103231244,0.1018022,0.10860321,0.11791423,,0.009599443,0.009262472,0.009801511,0.0096983835,0.010137994,0.010848381,,0.59564775,0.62234646,0.56774324,0.6241637,0.626558,0.602634,,0.15486112,0.12291667,0.16805555,0.15,0.14444444,0.18402778,,-0.0030057062,-0.004354463,-0.0034700767,-0.0050774952,-0.004987445,-0.003926639,,0.013611374,0.011114886,0.011973516,0.011468346,0.01503612,0.011236385,,,,0.16759804,0.19080348,0.18686303,0.16355248,,,,,0.037383366,0.08139135,0.14939445,,1.1096567,1.1919554,1.0478407,1.0662518,1.0411956,1.0103321,,,,,0.035062756,0.07939363,0.14711934,,,,-0.17714545,-0.17981035,-0.16724226,-0.13944787,,,0.014889836,0.028570652,0.007006407,-0.0017824769,-0.0013262033,
cache_new/HiMoE-VLA/libero_spatial/pick_up_the_black_bowl_next_to_the_plate_and_place_it_on_the_plate/right-50x8b-20260903,right-50x8b-20260903,libero_spatial,libero_spatial/pick_up_the_black_bowl_next_to_the_plate_and_place_it_on_the_plate,125,15,1013,22,1029d0827030a7521361d1904eeb3e7e7f2792be5c99abdb5701abb7ee87c137,27725,True,220,object_released_or_dropped_before_goal,False,True,-1,17,failure_detected,0.99584836,0.99704266,0.9970942,0.9970866,0.99571604,0.99438506,0.9969212,0.042797763,0.040381663,0.040737785,0.04098413,0.043365505,0.047141396,0.040267278,0.15700501,0.15285814,0.152035,0.15263061,0.15865932,0.16589737,0.15217246,0.0024817956,0.0014988976,0.0014363991,0.0017398453,0.002699182,0.004002466,0.0010067177,0.375,0.35000002,0.5,0.35,0.39999998,0.3,0.45,,0.053938627,0.06874482,0.05451671,0.05933833,0.06575353,0.042838246,,0.85,0.875,0.84999996,0.82500005,0.9,0.85,,0.66875,0.85,0.7375,0.79375,0.70000005,0.64375,,0.8884104,0.86011195,0.8872391,0.8785542,0.87056386,0.9084457,,-0.007923871,0.020623982,-0.0029956996,-0.016060218,-0.0087284,-0.03446421,0.10721922,0.10421246,0.10458449,0.103058875,0.1132598,0.12628055,0.10938569,0.01345195,0.013427739,0.0134413745,0.013266856,0.013812471,0.014045885,0.01364398,0.4937865,0.4819805,0.4795599,0.48661885,0.5046698,0.5320295,0.48466843,0.19305557,0.23611112,0.23194444,0.20416667,0.21180555,0.19027779,0.22083333,-0.0018781538,-0.0011132953,-0.0008324132,-0.00068736303,-0.0023055822,-0.0029497948,-0.00097386894,0.012816828,0.01349823,0.008716509,0.008091275,0.009738037,0.009564586,0.012187398,,,0.27684468,0.041615155,0.12029801,0.22009027,-0.19838196,,,,-0.00082345493,0.03768972,0.054609098,0.027557114,0.9944763,0.9943606,0.9935026,0.9918513,0.9940716,0.9925595,0.99337614,0.044985294,0.045697,0.048482593,0.04791701,0.04538116,0.047796868,0.047332488,0.16663474,0.16754293,0.1718982,0.17410675,0.1681617,0.17360243,0.17082019,0.0026761703,0.0027150728,0.0033671453,0.0031737164,0.0029871324,0.0040764012,0.0010344584,0.3,0.45,0.425,0.425,0.47500002,0.3,0.625,,0.089877784,0.100477874,0.09485224,0.102834985,0.080466464,0.07818806,,1.0,1.0,0.95,1.0,0.92499995,0.85,,0.83124995,0.86875,0.8562499,0.86875004,0.675,0.79375005,,0.8179812,0.7968998,0.807269,0.7948772,0.83410764,0.83864987,,0.017765328,0.024441063,-0.0015054941,0.019730762,-0.023649305,-0.028088868,0.09739691,0.08710374,0.105158836,0.096178144,0.10103256,0.12852512,0.11293295,0.009551432,0.008907029,0.010002091,0.009237713,0.009929445,0.012225191,0.010164862,0.5888946,0.623499,0.608963,0.65286446,0.6216774,0.5917743,0.62587124,0.14027779,0.13750002,0.15763889,0.13263889,0.14097223,0.15555556,0.14722222,-0.0033711523,-0.0038331836,-0.004117385,-0.0054528993,-0.0035830177,-0.0043986626,-0.004033251,0.012144604,0.010861192,0.01338698,0.012200047,0.013238624,0.015977023,0.012816108,,,0.21681121,0.15685318,0.23894586,-0.00802035,-0.03782294,,,,0.01746152,0.08966092,0.29729408,0.11279117,1.1008483,1.1964178,0.9945383,1.0715415,1.1210227,0.9825359,0.96858966,,,,0.017757716,0.08996795,0.29796204,0.113400206,,,-0.21570191,-0.16035816,-0.24826403,0.016935097,-0.009052131,,0.016180217,0.024441063,-0.00602746,0.015653372,-0.027069509,-0.03144759
cache_new/HiMoE-VLA/libero_spatial/pick_up_the_black_bowl_next_to_the_plate_and_place_it_on_the_plate/right-50x8b-20260903,right-50x8b-20260903,libero_spatial,libero_spatial/pick_up_the_black_bowl_next_to_the_plate_and_place_it_on_the_plate,126,15,1014,22,1029d0827030a7521361d1904eeb3e7e7f2792be5c99abdb5701abb7ee87c137,27726,True,220,object_released_or_dropped_before_goal,False,True,-1,18,failure_detected,0.9956899,0.9969474,0.99721366,0.9970372,0.9949483,0.995973,0.9968545,0.04325637,0.04063631,0.04078781,0.040736407,0.04561199,0.042769387,0.04090298,0.1576415,0.15333204,0.15220228,0.15251091,0.16193023,0.15713835,0.15448877,0.0026038862,0.0015018384,0.0012805485,0.001591923,0.003364187,0.0019827536,0.0014387725,0.35000002,0.325,0.575,0.45,0.45,0.35,0.275,,0.05294452,0.06424017,0.05810587,0.060911566,0.06827943,0.057253346,,0.75,0.925,0.95000005,0.79999995,0.95,0.9,,0.6625,0.79999995,0.75,0.73125,0.75,0.83125,,0.8907252,0.8672625,0.8778597,0.87558436,0.8669528,0.8819218,,-0.00935553,0.017113537,0.004386753,-0.0152374655,0.00013680756,0.0031430125,0.11022473,0.10799332,0.10472458,0.10279827,0.11955632,0.11894953,0.108116,0.013213567,0.013721179,0.013100386,0.013164368,0.014083605,0.014230914,0.01375084,0.51686525,0.49707523,0.49268618,0.48206997,0.52452826,0.48521486,0.4762282,0.18402778,0.23402777,0.21666667,0.23055555,0.22569445,0.20625,0.21666667,-0.0015408958,-0.0010000446,-0.00016986727,-0.0010820116,-0.0029619024,-0.0017858678,-0.00086065277,0.012945221,0.012491336,0.008915674,0.008861998,0.011863162,0.012646913,0.011844514,,,0.23194271,0.12493628,0.1730506,0.28400093,0.107885264,,,,-0.0115974415,0.054872643,0.06594679,0.033855096,0.9945234,0.9943912,0.9938855,0.9920006,0.9926326,0.994367,0.9920855,0.045378994,0.04632487,0.04725319,0.047709752,0.04718259,0.045501083,0.04905094,0.1670834,0.16709195,0.16908407,0.17369825,0.1720678,0.1666388,0.17649393,0.0028605359,0.0025652247,0.0030265162,0.0029939085,0.004143389,0.0023012827,0.0024332795,0.35,0.45,0.475,0.45000002,0.3,0.475,0.475,,0.08632661,0.09529938,0.099212915,0.0974437,0.09293355,0.08972412,,1.0,0.95,0.975,1.0,0.85,0.925,,0.79375,0.80625004,0.88124996,0.85,0.78124994,0.6875,,0.8227607,0.8036604,0.8003324,0.8049675,0.8080354,0.81819785,,0.008745015,0.02005449,0.0118967295,0.0055003315,0.009425372,-0.0007857233,0.09680859,0.087562986,0.100329556,0.095642574,0.110806815,0.09821665,0.11502367,0.009323119,0.0090033,0.00951985,0.0093823,0.010767819,0.0097387135,0.010866671,0.5927274,0.6177671,0.62179685,0.6459161,0.61493915,0.58229417,0.6075367,0.1388889,0.13055556,0.15486111,0.14722222,0.14930555,0.16527778,0.15902779,-0.0032900283,-0.0039402945,-0.003763135,-0.0055119065,-0.004875966,-0.0032661052,-0.0044961423,0.012230967,0.011188077,0.011234181,0.011800822,0.016401988,0.009925282,0.01278824,,,0.17673205,0.21689197,0.1980709,0.14756669,0.1164073,,,,0.028299777,0.16646849,0.06541838,0.17541821,1.1385843,1.2333215,1.0438058,1.0748171,1.0789618,1.2110933,0.93994564,,,,0.03129737,0.16903447,0.06858142,0.17817277,,,-0.18319976,-0.21592452,-0.19162545,-0.08291385,-0.11221067,,0.0075404644,0.02005452,0.00017380714,0.0014662743,0.006409526,-0.009926677
cache_new/HiMoE-VLA/libero_spatial/pick_up_the_black_bowl_next_to_the_plate_and_place_it_on_the_plate/right-50x8b-20260903,right-50x8b-20260903,libero_spatial,libero_spatial/pick_up_the_black_bowl_next_to_the_plate_and_place_it_on_the_plate,127,15,1015,9,1029d0827030a7521361d1904eeb3e7e7f2792be5c99abdb5701abb7ee87c137,27727,False,89,,False,True,-1,-1,success_no_alarm,0.9957354,0.9969615,0.99711627,0.9968579,,,,0.04339058,0.040924236,0.040831663,0.040519286,,,,0.15779535,0.15345612,0.1524997,0.15295765,,,,0.002606827,0.0015699781,0.0014733409,0.0018584273,,,,0.35000002,0.425,0.45000002,0.35000002,,,,,0.051842477,0.06839664,0.06026112,,,,,0.775,0.975,0.975,,,,,0.65,0.86875,0.78749996,,,,,0.89308,0.860456,0.8760134,,,,,-0.01572448,0.02048792,0.007093355,,,,0.10413788,0.10943469,0.110921875,0.09891939,,,,0.013089359,0.013544926,0.013658647,0.012740173,,,,0.50713146,0.5003512,0.45750132,0.5039305,,,,0.19722222,0.2236111,0.225,0.20347223,,,,-0.0019582117,-0.00040204384,-0.0006136513,-0.0006338764,,,,0.013739398,0.011807618,0.008312447,0.009339241,,,,,,0.28566876,0.14550546,,,,,,,-0.04703466,,,,0.9945198,0.9939779,0.9937202,0.99387765,,,,0.04527288,0.04700537,0.047281437,0.045373697,,,,0.16586551,0.16961682,0.17020187,0.16562632,,,,0.0027916054,0.0026773573,0.0034018168,0.0031184582,,,,0.32500002,0.475,0.4,0.4,,,,,0.088687025,0.09966864,0.09435162,,,,,1.0,0.95000005,0.9,,,,,0.80625,0.875,0.8375,,,,,0.8206626,0.7988376,0.80968595,,,,,0.01257579,0.024132743,0.017271146,,,,0.0939004,0.09156577,0.106975704,0.089486815,,,,0.009378818,0.009093281,0.009857829,0.008974651,,,,0.5982498,0.6183495,0.59054077,0.6572274,,,,0.13749999,0.14027777,0.15763889,0.14444445,,,,-0.0032838883,-0.004111744,-0.0038479744,-0.004249898,,,,0.012407955,0.011338687,0.01201447,0.013447092,,,,,,0.20250028,0.1432671,,,,,,,-0.026684288,,,,1.1090249,1.1951483,1.0368885,1.1054075,,,,,,,-0.027715845,,,,,,-0.20962885,-0.13967644,,,,,0.012293994,0.023060083,0.016385138,,,
cache_new/HiMoE-VLA/libero_spatial/pick_up_the_black_bowl_next_to_the_plate_and_place_it_on_the_plate/right-50x8b-20260903,right-50x8b-20260903,libero_spatial,libero_spatial/pick_up_the_black_bowl_next_to_the_plate_and_place_it_on_the_plate,128,16,1008,12,1029d0827030a7521361d1904eeb3e7e7f2792be5c99abdb5701abb7ee87c137,27728,False,119,,False,True,10,-1,success_no_alarm,0.99570185,0.9967154,0.99726975,0.99712205,0.99666286,0.99410146,,0.043838654,0.041465275,0.040172912,0.040067095,0.040313963,0.04764663,,0.15886451,0.15547296,0.1518583,0.15220776,0.15236908,0.16550592,,0.002706044,0.0016372576,0.0015785084,0.0015229752,0.0019953772,0.0042759357,,0.35,0.375,0.275,0.35,0.325,0.25,,,0.048726328,0.069642834,0.052392133,0.051731713,0.07742793,,,0.75,0.925,0.875,0.85,0.925,,,0.63125,0.91249996,0.75,0.7375,0.78125,,,0.89945793,0.86121327,0.889619,0.8910366,0.8499273,,,-0.017599031,0.015716523,-0.012569994,-0.015083447,0.010210618,,0.11107591,0.10621796,0.10148469,0.10192339,0.10691541,0.12043011,,0.013622139,0.013343871,0.013198944,0.012819521,0.013485249,0.014093662,,0.5018242,0.48801666,0.47179618,0.5090937,0.4946931,0.54783666,,0.19236112,0.21597221,0.22083335,0.23124999,0.2375,0.22083333,,-0.0018119919,-0.0009879027,-0.00087484135,-0.00058639207,-0.0010988143,-0.0035709448,,0.015002473,0.015117368,0.010162246,0.011278228,0.008952528,0.011917076,,,,0.41829354,0.13237947,0.12328763,0.5127473,,,,,-0.03715176,0.011982058,0.054501675,,0.99524236,0.9940408,0.9940721,0.99409556,0.9950302,0.9932437,,0.043869816,0.045447066,0.045992777,0.04492472,0.043625906,0.047950618,,0.16143584,0.16589478,0.16967376,0.16534622,0.16149627,0.17287934,,0.0027345927,0.0024115064,0.0030054827,0.002998896,0.0018645327,0.004511569,,0.375,0.35,0.375,0.35000002,0.55,0.275,,,0.07858579,0.0970543,0.09051615,0.08704866,0.09916413,,,0.975,0.975,0.95,0.9,0.87499994,,,0.80625,0.9125,0.9125,0.90625,0.84375,,,0.8384725,0.80158854,0.8139557,0.82199955,0.8002629,,,-0.010116398,0.024063095,0.0014810413,0.0072098374,0.008110404,,0.09609804,0.08939438,0.08892951,0.08391423,0.08559723,0.10620684,,0.0096626,0.008861961,0.009039068,0.008392401,0.00867004,0.010247645,,0.57878625,0.6244718,0.6242624,0.6410265,0.63920724,0.6188316,,0.18263888,0.14861111,0.12986112,0.14722222,0.16458333,0.12916666,,-0.0028729874,-0.004153054,-0.003745077,-0.0037661965,-0.0028591945,-0.0045374013,,0.016206315,0.011486636,0.013583713,0.010572502,0.011812567,0.011145466,,,,0.28190917,0.21394296,0.17118567,0.29867354,,,,,-0.05389359,-0.021672938,0.14549676,,1.1558603,1.188195,1.1411812,1.2146139,1.2490522,1.1339204,,,,,-0.057705887,-0.025159096,0.14201534,,,,-0.28413123,-0.20917362,-0.14422172,-0.35651153,,,-0.010116398,0.016278207,-0.00054365396,0.0020445585,0.0024962425,
cache_new/HiMoE-VLA/libero_spatial/pick_up_the_black_bowl_next_to_the_plate_and_place_it_on_the_plate/right-50x8b-20260903,right-50x8b-20260903,libero_spatial,libero_spatial/pick_up_the_black_bowl_next_to_the_plate_and_place_it_on_the_plate,129,16,1009,10,1029d0827030a7521361d1904eeb3e7e7f2792be5c99abdb5701abb7ee87c137,27729,False,100,,False,True,-1,-1,success_no_alarm,0.99577177,0.9969436,0.9971021,0.9972043,0.9965106,,,0.042856026,0.04119017,0.040273644,0.03997895,0.04036102,,,0.15731439,0.15414211,0.1520729,0.15141529,0.15223765,,,0.0025615785,0.0014629188,0.0015952422,0.0014629704,0.00210849,,,0.35000002,0.47500002,0.375,0.25,0.2,,,,0.046692345,0.07056768,0.052876227,0.05529304,,,,0.75,1.0,0.92499995,0.95,,,,0.58125,0.825,0.71875,0.81875,,,,0.9028338,0.8580713,0.8890599,0.8828082,,,,-0.014874607,0.01956001,-0.0075081587,-0.004872933,,,0.10770504,0.10424918,0.100877926,0.104205854,0.101912305,,,0.01323876,0.012990564,0.012647728,0.01291823,0.01270844,,,0.5123098,0.48184168,0.4888001,0.50222886,0.4806617,,,0.19375,0.22083333,0.21527778,0.23541667,0.22916666,,,-0.0015520575,-0.0010316035,-0.00095049647,-0.00077381876,-0.0013289271,,,0.014581493,0.012560579,0.0135416165,0.008190561,0.012658913,,,,,0.4929999,0.20035954,0.24944876,,,,,,-0.0066770376,-0.023907937,,,0.99528885,0.9937934,0.9941555,0.9949949,0.9955522,,,0.044363797,0.045497738,0.04637874,0.045460504,0.042983405,,,0.16180597,0.16706178,0.16862434,0.16379853,0.15937796,,,0.0026318333,0.0020128335,0.002588253,0.0027107047,0.0018885415,,,0.375,0.40000004,0.47500002,0.5,0.375,,,,0.081527755,0.09670452,0.09404591,0.0844267,,,,0.975,0.975,0.95,1.0,,,,0.84375,0.9,0.825,0.85,,,,0.83264506,0.7998647,0.8128312,0.83086956,,,,-0.0027601868,0.020345777,0.015757114,0.0021619499,,,0.09330683,0.09008059,0.08488174,0.08483784,0.08574609,,,0.00946246,0.008814848,0.008750863,0.008707029,0.008690208,,,0.5756394,0.62950206,0.62894917,0.60900915,0.6306938,,,0.16041668,0.14444445,0.1326389,0.13333333,0.16597223,,,-0.0028021135,-0.0045153704,-0.0036267187,-0.0029199386,-0.0029705188,,,0.015603637,0.012616016,0.011294029,0.01263039,0.014557913,,,,,0.28274795,0.2541964,0.1468417,,,,,,-0.020246662,-0.0223825,,,1.1543103,1.157288,1.1884526,1.2282945,1.1885359,,,,,,-0.00867104,-0.010604743,,,,,-0.2655863,-0.2633443,-0.14985223,,,,-0.0050166845,0.018486142,0.009015024,0.0021619797,,
cache_new/HiMoE-VLA/libero_spatial/pick_up_the_black_bowl_next_to_the_plate_and_place_it_on_the_plate/right-50x8b-20260903,right-50x8b-20260903,libero_spatial,libero_spatial/pick_up_the_black_bowl_next_to_the_plate_and_place_it_on_the_plate,130,16,1010,11,1029d0827030a7521361d1904eeb3e7e7f2792be5c99abdb5701abb7ee87c137,27730,False,101,,False,True,-1,-1,success_no_alarm,0.9955209,0.99702036,0.99726224,0.99679685,0.9964886,0.99431276,,0.043562938,0.04078423,0.040294256,0.04088024,0.040709067,0.046654418,,0.15853757,0.1537605,0.15196213,0.15365466,0.15350807,0.16357702,,0.0028665035,0.0013966883,0.0016399922,0.0018795126,0.0019854363,0.004099843,,0.375,0.425,0.35000002,0.3,0.4,0.225,,,0.047760982,0.06991956,0.057402775,0.058432475,0.07187753,,,0.85,0.975,0.95,0.95,0.92499995,,,0.65000004,0.88750005,0.7875,0.81875,0.7875,,,0.9019523,0.8592099,0.88217306,0.87721825,0.85787016,,,-0.013572499,0.019104332,-0.008907229,0.00030368567,-1.5258789e-05,,0.11203273,0.10299423,0.10353167,0.10314874,0.10478636,0.12822567,,0.013472605,0.012909088,0.013025386,0.012855484,0.012940985,0.014792822,,0.5248492,0.49040717,0.48340923,0.49997658,0.49696583,0.54721636,,0.19861111,0.21458334,0.22222222,0.21736111,0.22638887,0.22986111,,-0.0019309351,-0.00073300727,-0.0006241938,-0.0014048747,-0.0011652685,-0.0033601113,,0.013585942,0.014081067,0.009494031,0.01050546,0.011217749,0.012623194,,,,0.41591936,0.2162792,0.23853457,0.43510947,,,,,-0.020830773,-0.01307159,0.115885556,,0.99515074,0.9939781,0.99409086,0.9933779,0.99419355,0.99389315,,0.04468144,0.044602036,0.04667666,0.047314376,0.045017198,0.04596623,,0.16311985,0.16660327,0.16862954,0.17044276,0.16530216,0.16844144,,0.0028073932,0.0020292234,0.0030448497,0.0040851384,0.0019000127,0.003521637,,0.32500002,0.4,0.45000002,0.42499998,0.54999995,0.3,,,0.07667684,0.10269402,0.10007012,0.095233366,0.082757965,,,0.975,0.975,0.975,0.975,0.95,,,0.83124995,0.93125,0.84375,0.91875005,0.79375,,,0.8417505,0.7909894,0.80325294,0.80593395,0.8320931,,,-0.0132192075,0.027399212,0.0066739023,0.015009165,-0.018764213,,0.09758188,0.08825796,0.09347881,0.08861765,0.09094296,0.1044112,,0.0096781375,0.008638775,0.00947109,0.008667473,0.008822944,0.010308184,,0.5864371,0.6319784,0.6126888,0.645814,0.66726696,0.6254729,,0.16944444,0.125,0.14861111,0.12569445,0.14027777,0.16111112,,-0.0029804595,-0.004352537,-0.003828901,-0.0045111566,-0.003837191,-0.0035703597,,0.017209357,0.012053703,0.013502726,0.014784146,0.014111825,0.0125570465,,,,0.33826977,0.3124284,0.26460648,0.11832222,,,,,-0.024109535,-0.006294065,0.14874274,,1.1480894,1.1669682,1.1075417,1.1639751,1.1522207,1.2280835,,,,,-0.021415222,-0.003636886,0.15194564,,,,-0.34615326,-0.31169376,-0.25351766,-0.07610486,,,-0.014606416,0.023799121,0.000680089,0.014661193,-0.019239783,
cache_new/HiMoE-VLA/libero_spatial/pick_up_the_black_bowl_next_to_the_plate_and_place_it_on_the_plate/right-50x8b-20260903,right-50x8b-20260903,libero_spatial,libero_spatial/pick_up_the_black_bowl_next_to_the_plate_and_place_it_on_the_plate,131,16,1011,11,1029d0827030a7521361d1904eeb3e7e7f2792be5c99abdb5701abb7ee87c137,27731,False,101,,False,True,-1,-1,success_no_alarm,0.99558604,0.99688745,0.99726987,0.9966201,0.99623096,0.99429935,,0.04314252,0.041440368,0.04042198,0.04146236,0.041662283,0.04675488,,0.15802538,0.15524974,0.15188728,0.15505159,0.15530491,0.16323912,,0.0028360114,0.0014085895,0.0015769606,0.0020262995,0.0020750738,0.0039497535,,0.325,0.35000002,0.4,0.325,0.3,0.325,,,0.046602838,0.0663598,0.058455773,0.058635034,0.07650242,,,0.82500005,0.925,1.0,0.875,0.92499995,,,0.66875,0.82500005,0.88750005,0.825,0.8,,,0.9030012,0.86531985,0.8781276,0.87785196,0.8510358,,,-0.019083932,0.0121288,-0.00959155,-0.0034588277,0.0042868704,,0.112787895,0.1071827,0.10491667,0.1070939,0.11069898,0.12904587,,0.0134634115,0.0131455595,0.013161621,0.012806259,0.013187179,0.015311724,,0.51241744,0.48564318,0.47457793,0.5104629,0.49863702,0.520477,,0.21527778,0.19444445,0.24583334,0.22777778,0.22013889,0.24513888,,-0.0020016546,-0.0008055324,-0.0005903476,-0.0013179719,-0.0015449374,-0.0036467374,,0.014513915,0.013288826,0.009868087,0.010959161,0.010789692,0.013177158,,,,0.35654467,0.22750837,0.23465794,0.4800311,,,,,-0.034592975,-0.0057285987,0.14009112,,0.99500287,0.9940754,0.9948347,0.99254,0.9949689,0.9931887,,0.04452254,0.04477085,0.044202354,0.048511937,0.043510936,0.04786696,,0.16320968,0.16568539,0.16443223,0.17359214,0.16153367,0.17031677,,0.0028846306,0.002273886,0.002527371,0.004648261,0.0017097828,0.0037112308,,0.325,0.325,0.45000002,0.325,0.425,0.275,,,0.07772658,0.0927148,0.103620924,0.09842912,0.092593744,,,0.92499995,1.0,0.925,0.95000005,1.0,,,0.81875,0.90625,0.88125,0.93125,0.85625005,,,0.83872676,0.811473,0.79535747,0.80602676,0.8167972,,,-0.008942038,0.019273728,0.009584144,0.021048993,0.0022328794,,0.10277557,0.09111686,0.09685467,0.0928979,0.08861672,0.11291735,,0.0098374495,0.008759993,0.009763727,0.009096429,0.008749532,0.011607176,,0.5797976,0.62443393,0.6027628,0.6347946,0.6388287,0.59200495,,0.16597222,0.15069444,0.17083333,0.13194445,0.15347223,0.16250001,,-0.00298997,-0.0041129994,-0.0029712582,-0.005169489,-0.00276782,-0.003524561,,0.017754553,0.011559214,0.013253524,0.013494979,0.013910252,0.013237127,,,,0.2378557,0.3471463,0.29863933,0.2359314,,,,,-0.0031712565,-0.04330205,0.23551223,,1.0974194,1.1763213,1.0832381,1.152813,1.2491884,1.1428348,,,,,-0.008256512,-0.04713822,0.23548506,,,,-0.2241967,-0.35558963,-0.2877603,-0.28804505,,,-0.012155533,0.013638616,0.0044290423,0.01961857,-0.0063952804,
cache_new/HiMoE-VLA/libero_spatial/pick_up_the_black_bowl_next_to_the_plate_and_place_it_on_the_plate/right-50x8b-20260903,right-50x8b-20260903,libero_spatial,libero_spatial/pick_up_the_black_bowl_next_to_the_plate_and_place_it_on_the_plate,132,16,1012,10,1029d0827030a7521361d1904eeb3e7e7f2792be5c99abdb5701abb7ee87c137,27732,False,96,,False,True,-1,-1,success_no_alarm,0.995483,0.99636084,0.9974968,0.9968685,0.9952166,,,0.043890055,0.04218158,0.039651155,0.04081492,0.044131905,,,0.15921807,0.15719141,0.15046695,0.1529898,0.15962198,,,0.0029197321,0.0017557365,0.0013787161,0.00192667,0.0033403845,,,0.42499998,0.375,0.35,0.3,0.25,,,,0.049990356,0.06590709,0.05472012,0.067103535,,,,0.75,0.95,0.925,0.975,,,,0.625,0.8875,0.7375,0.76875,,,,0.8967103,0.86456376,0.8876158,0.8654543,,,,-0.016847491,0.014790431,-0.018288657,-0.006966725,,,0.110447004,0.10926969,0.10315015,0.1031814,0.11764012,,,0.013247999,0.013528095,0.013216535,0.012729055,0.013860573,,,0.54679996,0.49463588,0.4514132,0.49190181,0.52887666,,,0.17847222,0.21736112,0.23472223,0.2013889,0.21944445,,,-0.0015975469,-0.00088438636,-0.00080842164,-0.0009982218,-0.0026133452,,,0.014392414,0.013613364,0.008089712,0.009146232,0.011468129,,,,,0.31208873,0.12205687,0.32587874,,,,,,-0.03876825,0.044265803,,,0.99489766,0.9941871,0.99377847,0.9928368,0.99498004,,,0.0446659,0.04552847,0.04641831,0.047694102,0.044352498,,,0.16364984,0.16601886,0.16869035,0.17254698,0.16188051,,,0.0030820668,0.0024511311,0.0026852167,0.0044008982,0.0024701525,,,0.32500002,0.4,0.45000002,0.32500002,0.425,,,,0.08004245,0.0988423,0.09603702,0.09946577,,,,0.95,0.975,0.95,1.0,,,,0.85,0.8625,0.875,0.9125,,,,0.8344872,0.80094683,0.8041893,0.8009364,,,,-0.0050817877,0.022786915,0.005691722,0.027260229,,,0.10034129,0.08979377,0.09259461,0.08998749,0.09116162,,,0.009739452,0.008866869,0.009337267,0.00874416,0.00915041,,,0.6073966,0.62499744,0.6136694,0.64655817,0.63810545,,,0.175,0.14791667,0.14166667,0.125,0.16388889,,,-0.0029222087,-0.0038678725,-0.004088664,-0.0048094084,-0.0032030735,,,0.018804092,0.011259848,0.012646316,0.013075021,0.011896953,,,,,0.26857972,0.24237838,0.27747133,,,,,,0.0038400842,0.049101427,,,1.1007134,1.2168962,1.1139973,1.1466194,1.2904567,,,,,,0.013115801,0.058528494,,,,,-0.2730614,-0.24868242,-0.2858004,,,,-0.0070471168,0.016313136,0.0006734133,0.021199584,,
cache_new/HiMoE-VLA/libero_spatial/pick_up_the_black_bowl_next_to_the_plate_and_place_it_on_the_plate/right-50x8b-20260903,right-50x8b-20260903,libero_spatial,libero_spatial/pick_up_the_black_bowl_next_to_the_plate_and_place_it_on_the_plate,133,16,1013,11,1029d0827030a7521361d1904eeb3e7e7f2792be5c99abdb5701abb7ee87c137,27733,False,101,,False,True,-1,-1,success_no_alarm,0.9956338,0.99687815,0.99763834,0.99670506,0.9964862,0.9948232,,0.043327942,0.0413429,0.039278112,0.041070268,0.040775917,0.045983292,,0.15858474,0.1552009,0.14958836,0.1542368,0.1541567,0.16159034,,0.0027314113,0.0014456173,0.0013410691,0.001875144,0.0019408414,0.0034945498,,0.4,0.40000004,0.3,0.3,0.35000002,0.3,,,0.04586537,0.06620462,0.06044777,0.058613606,0.06885305,,,0.775,0.95,0.95,0.92499995,0.9,,,0.5625,0.875,0.74375,0.82500005,0.76874995,,,0.9046469,0.8669358,0.8744021,0.8769647,0.86533594,,,-0.0206538,0.014278933,-0.00029052794,0.0001988411,-0.0036363006,,0.107704386,0.10321069,0.09941313,0.105903655,0.10544644,0.13090634,,0.013332088,0.013084204,0.013185758,0.013275643,0.01302954,0.014984312,,0.51044637,0.46767706,0.45015264,0.5017621,0.49628797,0.5179161,,0.19999999,0.21041666,0.24375,0.23333333,0.22291668,0.22916666,,-0.0021868797,-0.0011552419,-0.00054877944,-0.00112585,-0.0013821041,-0.0025874274,,0.013615984,0.0140446955,0.012053454,0.009159899,0.0116644725,0.014621658,,,,0.36563975,0.26985842,0.2445172,0.39562133,,,,,0.006779707,-0.012857701,0.12301321,,0.99505013,0.99418116,0.9943473,0.99370533,0.9951331,0.9935891,,0.043807678,0.044300176,0.04491021,0.04703727,0.042725265,0.046594597,,0.1625452,0.16597927,0.1664473,0.16834451,0.15962723,0.16853504,,0.002827842,0.0022000019,0.0023373303,0.003795932,0.0016651533,0.0034214917,,0.3,0.275,0.375,0.35000002,0.35000002,0.35000002,,,0.076510936,0.09294413,0.099327065,0.089134715,0.084439605,,,0.925,0.95000005,0.92499995,0.975,0.9,,,0.77500004,0.93125,0.85625005,0.85625,0.88125,,,0.84192824,0.8102093,0.80854726,0.82085276,0.82982653,,,-0.01113306,0.015441313,0.0044762343,0.00067687035,-0.019344524,,0.09607551,0.087361194,0.08957213,0.088554785,0.08659676,0.11508742,,0.009573305,0.0087352665,0.009345577,0.008918897,0.008608406,0.011259269,,0.5960164,0.61892545,0.6196403,0.6338301,0.63940185,0.6031369,,0.1638889,0.1513889,0.14305556,0.13680556,0.16944444,0.15138888,,-0.0030455205,-0.0041140313,-0.0034248626,-0.0041320724,-0.0032340994,-0.0034068732,,0.017102716,0.010990533,0.014043553,0.013315531,0.013103776,0.014112856,,,,0.23778915,0.30348998,0.19684327,0.13960308,,,,,-0.009996441,-0.04534299,0.21853489,,1.1210389,1.1814249,1.1098667,1.1959112,1.217672,1.1374514,,,,,-0.013533504,-0.0489666,0.21948582,,,,-0.22781463,-0.29858387,-0.20585313,-0.13041353,,,-0.015083075,0.011474431,0.0007619858,-0.003914237,-0.02318865,
cache_new/HiMoE-VLA/libero_spatial/pick_up_the_black_bowl_next_to_the_plate_and_place_it_on_the_plate/right-50x8b-20260903,right-50x8b-20260903,libero_spatial,libero_spatial/pick_up_the_black_bowl_next_to_the_plate_and_place_it_on_the_plate,134,16,1014,10,1029d0827030a7521361d1904eeb3e7e7f2792be5c99abdb5701abb7ee87c137,27734,False,99,,False,True,-1,-1,success_no_alarm,0.9956473,0.9970838,0.9970424,0.99720275,0.9965574,,,0.043461673,0.040739615,0.040337667,0.03981757,0.04049442,,,0.15827206,0.15329504,0.15211153,0.15171714,0.15330915,,,0.0026839958,0.00130098,0.0018396468,0.0016232755,0.0019557523,,,0.375,0.5,0.35,0.25,0.3,,,,0.04594969,0.07183582,0.054375257,0.056618683,,,,0.84999996,0.975,0.95000005,0.95,,,,0.66875,0.8874999,0.75625,0.80625,,,,0.9059635,0.8566824,0.88627857,0.8800251,,,,-0.014694676,0.020037219,-0.006888002,0.00040338933,,,0.110102236,0.10395496,0.10476228,0.1008882,0.10379019,,,0.013489579,0.01304758,0.013191179,0.012798658,0.012925261,,,0.51984376,0.4810923,0.47296226,0.49090934,0.5064704,,,0.20902778,0.22916666,0.20555556,0.22083333,0.22708334,,,-0.0016927391,-0.000830917,-0.00059726136,-0.0010757172,-0.00133603,,,0.013368828,0.013123576,0.012408872,0.010382237,0.011524034,,,,,0.48240215,0.20162171,0.24325001,,,,,,-0.03247853,-0.022950713,,,0.99544597,0.9938365,0.993883,0.9943124,0.99464905,,,0.04360816,0.046141483,0.046155423,0.04619105,0.04304923,,,0.16152665,0.16734031,0.16836959,0.16627035,0.16154313,,,0.0025701087,0.0019588652,0.0025654482,0.0034985226,0.0015974436,,,0.3,0.47500002,0.54999995,0.375,0.375,,,,0.080843344,0.10722652,0.09746056,0.09089351,,,,0.925,0.975,1.0,0.975,,,,0.82500005,0.925,0.82500005,0.89374995,,,,0.833246,0.78433657,0.80929416,0.8155863,,,,-0.0067430288,0.032736465,0.0105109215,0.0055830926,,,0.093634926,0.09152474,0.08999873,0.086761445,0.08720199,,,0.009482318,0.008982446,0.008923497,0.008746595,0.0085835885,,,0.58028233,0.6207783,0.6301377,0.617455,0.6590466,,,0.16041666,0.13333334,0.15277778,0.14791666,0.14930555,,,-0.0025248257,-0.0045054466,-0.00389281,-0.0037383698,-0.003682286,,,0.016707903,0.012068295,0.012771051,0.014014531,0.0131160505,,,,,0.37189847,0.27511814,0.2082524,,,,,,-0.02633727,-0.04554165,,,1.1758672,1.1358126,1.1640418,1.162823,1.1902273,,,,,,-0.023320975,-0.042133432,,,,,-0.34798566,-0.31094158,-0.19943415,,,,-0.009546876,0.027421415,0.005969703,0.0030325055,,
cache_new/HiMoE-VLA/libero_spatial/pick_up_the_black_bowl_next_to_the_plate_and_place_it_on_the_plate/right-50x8b-20260903,right-50x8b-20260903,libero_spatial,libero_spatial/pick_up_the_black_bowl_next_to_the_plate_and_place_it_on_the_plate,135,16,1015,11,1029d0827030a7521361d1904eeb3e7e7f2792be5c99abdb5701abb7ee87c137,27735,False,102,,False,True,-1,-1,success_no_alarm,0.99558693,0.9969502,0.99718636,0.99681103,0.9964814,0.9940969,,0.043796577,0.041426443,0.04041029,0.04054971,0.040762465,0.046794362,,0.15863125,0.15499021,0.15247154,0.15299237,0.15456069,0.1630881,,0.0027737361,0.0014819917,0.0017498545,0.0017974939,0.0018477472,0.0042973994,,0.4,0.40000004,0.275,0.325,0.32500002,0.275,,,0.047420323,0.06931857,0.058549233,0.057889238,0.07464834,,,0.875,1.0,0.95,0.875,0.85,,,0.6625,0.85,0.82500005,0.80625004,0.79375005,,,0.90220356,0.86282516,0.87898314,0.8795622,0.85541874,,,-0.013012633,0.013191581,-0.006894991,-0.006520927,-0.0036738962,,0.106046796,0.10981834,0.10749393,0.10326046,0.10276584,0.126255,,0.013387365,0.013456091,0.013511697,0.012679668,0.012586944,0.0151496865,,0.5051513,0.47839224,0.4450732,0.5121653,0.5033914,0.533962,,0.21388888,0.21319444,0.22847223,0.19791667,0.2125,0.2423611,,-0.00222291,-0.0004274285,-0.00091264315,-0.00093536207,-0.0013965163,-0.0038777273,,0.014366618,0.013077254,0.010361623,0.009676473,0.010021308,0.0143846385,,,,0.43694872,0.2611617,0.25908312,0.49527413,,,,,-0.05162502,-0.059153087,0.12287821,,0.99520123,0.9936537,0.99479955,0.99330723,0.99489903,0.99321556,,0.043726437,0.0456414,0.044698972,0.048774067,0.044116877,0.047406092,,0.16229898,0.16793773,0.16596153,0.17146862,0.16244254,0.17058156,,0.0028389003,0.0022666282,0.0027625747,0.0037300456,0.0017962899,0.0036426785,,0.375,0.35000002,0.32500002,0.425,0.47500002,0.275,,,0.080216266,0.09324383,0.101169005,0.09438534,0.090077296,,,0.975,0.975,0.95,0.975,1.0,,,0.81875,0.9375,0.8375,0.9,0.85625005,,,0.8339083,0.8091589,0.80020475,0.81117576,0.8213122,,,-0.008095235,0.018622667,0.011631295,0.013121292,-0.009844929,,0.09387738,0.0926915,0.091645546,0.088084765,0.087841645,0.11248556,,0.009673219,0.008880959,0.009445355,0.008569305,0.008782787,0.011060382,,0.58620536,0.63309574,0.5809219,0.6502121,0.64348495,0.60732794,,0.17222223,0.13194445,0.14444445,0.12013888,0.14513889,0.16944444,,-0.0027624026,-0.0045845243,-0.0030029546,-0.0044190083,-0.0030458816,-0.0042618676,,0.01616553,0.011382753,0.012647745,0.0134876855,0.013069912,0.0136602465,,,,0.24433988,0.3239774,0.2560867,0.20249292,,,,,-0.057954922,-0.03378403,0.19271332,,1.1296309,1.1847725,1.1729313,1.1722851,1.1698989,1.1224108,,,,,-0.06648738,-0.041880187,0.18869555,,,,-0.24420081,-0.3442536,-0.26417786,-0.1699758,,,-0.01039809,0.0142685175,0.006945193,0.008351624,-0.01702863,
cache_new/HiMoE-VLA/libero_spatial/pick_up_the_black_bowl_next_to_the_plate_and_place_it_on_the_plate/right-50x8b-20260903,right-50x8b-20260903,libero_spatial,libero_spatial/pick_up_the_black_bowl_next_to_the_plate_and_place_it_on_the_plate,136,17,1008,10,1029d0827030a7521361d1904eeb3e7e7f2792be5c99abdb5701abb7ee87c137,27736,False,93,,False,True,-1,-1,success_no_alarm,0.9957565,0.9953084,0.99694526,0.99706036,0.99484384,,,0.043369763,0.044771314,0.04194195,0.039572038,0.045011736,,,0.15768668,0.1604934,0.1544599,0.15095937,0.16043618,,,0.002485287,0.0031073652,0.0018663557,0.001635899,0.003808504,,,0.35,0.25,0.35,0.35000002,0.275,,,,0.058014095,0.06544947,0.05200528,0.0665964,,,,0.79999995,0.975,0.875,0.9,,,,0.64375,0.85,0.775,0.7875,,,,0.88454574,0.8660983,0.89038754,0.86553186,,,,-0.018311635,0.005139619,-0.018446386,-0.0043620914,,,0.11120694,0.11320522,0.09997733,0.09794929,0.12163964,,,0.013724541,0.013594646,0.012967915,0.012656041,0.014688654,,,0.49501985,0.54014623,0.49256754,0.50288427,0.5231434,,,0.21458334,0.21319444,0.21249999,0.20208333,0.23333333,,,-0.0016676814,-0.0023100022,-0.0009792005,-0.00044467836,-0.002885198,,,0.014441122,0.013811555,0.007303445,0.010776282,0.009963837,,,,,0.33589655,0.10861773,0.34472927,,,,,,-0.038176943,0.108172104,,,0.9952219,0.9939165,0.9930328,0.9943907,0.992993,,,0.04345587,0.045606017,0.04735128,0.04492628,0.046887033,,,0.16202857,0.16581355,0.17173256,0.16605699,0.17178057,,,0.0022855806,0.0030829094,0.0036122203,0.0028423746,0.004072188,,,0.39999998,0.45,0.4,0.39999998,0.32500002,,,,0.08355345,0.10198067,0.086000316,0.100277916,,,,1.0,1.0,0.95,1.0,,,,0.9,0.8375,0.83750004,0.88125,,,,0.8270254,0.797212,0.8241884,0.7983598,,,,0.016321793,0.023132294,-0.0018217415,0.01720737,,,0.09197612,0.09486368,0.0926931,0.082707375,0.099663734,,,0.009457932,0.009403211,0.00903048,0.008529937,0.009823175,,,0.5664176,0.6312277,0.62810624,0.6363741,0.63142544,,,0.15555556,0.15486112,0.14375001,0.12222222,0.15,,,-0.0030550484,-0.00413092,-0.0045228517,-0.0034353533,-0.00426928,,,0.013666343,0.014106575,0.014026372,0.012576483,0.011238204,,,,,0.36643314,0.19587372,0.34593076,,,,,,-0.03551138,0.10545514,,,1.2090849,1.1933463,1.0785844,1.1842872,1.2205005,,,,,,-0.0327638,0.108398646,,,,,-0.37478644,-0.1920088,-0.36207497,,,,0.014367104,0.016488194,-0.008001685,0.013830066,,
cache_new/HiMoE-VLA/libero_spatial/pick_up_the_black_bowl_next_to_the_plate_and_place_it_on_the_plate/right-50x8b-20260903,right-50x8b-20260903,libero_spatial,libero_spatial/pick_up_the_black_bowl_next_to_the_plate_and_place_it_on_the_plate,137,17,1009,13,1029d0827030a7521361d1904eeb3e7e7f2792be5c99abdb5701abb7ee87c137,27737,False,128,,False,True,7,-1,success_no_alarm,0.9957,0.9952578,0.9970617,0.99464893,0.9966371,0.99740577,0.996248,0.042838417,0.045211654,0.042041644,0.046081312,0.04288869,0.040581286,0.041124128,0.15688086,0.16080718,0.15373258,0.16616671,0.15592897,0.15175158,0.15530688,0.0023939812,0.0032804315,0.0012830249,0.0032761663,0.0019025926,0.001472653,0.002374272,0.375,0.32500002,0.45000002,0.3,0.40000004,0.325,0.3,,0.060688794,0.057225607,0.075859085,0.06498325,0.06399267,0.061725244,,0.82500005,0.925,0.925,0.8,0.92499995,0.95,,0.6875,0.78125,0.74375,0.65625,0.8125,0.85625,,0.8809163,0.8803046,0.8472484,0.86849314,0.86896485,0.8699451,,-0.016769096,-0.009452432,0.01801762,0.023083538,0.030770808,-0.001172483,0.107682295,0.11287384,0.102114856,0.116229,0.108193725,0.10264865,0.10769426,0.013320915,0.013467414,0.0130587295,0.01360166,0.013351706,0.013141321,0.0130213015,0.51288575,0.53114146,0.49587062,0.55316895,0.4928008,0.4852999,0.49460214,0.18402778,0.21944445,0.20624998,0.18611112,0.22569445,0.2125,0.19722222,-0.0015605534,-0.0025785875,-0.0007303243,-0.002753253,-0.0012995525,-0.0006534825,-0.0011897243,0.015112305,0.013154609,0.0069548087,0.013496686,0.010283399,0.0068102353,0.012216819,,,0.19124824,0.47435144,0.31486934,0.30233017,0.2707412,,,,0.03268592,0.012144097,-0.004546743,-0.010766215,0.99520415,0.994138,0.99469525,0.993865,0.9936076,0.99379176,0.99519396,0.043213837,0.045268174,0.04501105,0.045654822,0.04651197,0.046066795,0.04248625,0.16180566,0.16530356,0.1646664,0.16797552,0.16940731,0.16922033,0.15853152,0.0022766204,0.0030521073,0.002551913,0.0032065995,0.0026648883,0.0030381596,0.001997028,0.45,0.375,0.4,0.3,0.4,0.375,0.35000002,,0.083261624,0.09213954,0.093747206,0.0887448,0.09552358,0.08854852,,0.95,0.975,0.975,0.95000005,1.0,1.0,,0.9375,0.84375,0.81875,0.80625,0.88125,0.86875,,0.8285667,0.81165266,0.8142674,0.82128644,0.8082238,0.82523125,,0.018786386,0.018081248,0.012093201,0.0015401691,0.021393627,-0.0014966726,0.08907399,0.09532522,0.09166902,0.10630015,0.11817765,0.10095955,0.08798276,0.009134255,0.009419935,0.008990971,0.01017284,0.010945944,0.009934432,0.008582354,0.5810097,0.61443377,0.6095051,0.61935323,0.6166686,0.6137774,0.66196483,0.16041666,0.14513889,0.16041668,0.15902779,0.15347223,0.14513889,0.15555555,-0.003083924,-0.003837552,-0.003110203,-0.003582347,-0.0035780305,-0.0033121794,-0.003372786,0.013654612,0.014613942,0.011170451,0.014307744,0.013221344,0.014249569,0.013860671,,,0.24069211,0.25557882,0.19997655,0.27478898,0.19993663,,,,0.11146909,0.1847397,0.08736535,-0.05874151,1.2089083,1.1840922,1.1139516,1.0934038,0.9155176,1.0167305,1.2240382,,,,0.11090239,0.18414989,0.087187655,-0.059110913,,,-0.23588139,-0.22560287,-0.15640996,-0.27263787,-0.20738074,,0.015934467,0.014921486,0.012093246,-0.0029646158,0.021393597,-0.00654763
cache_new/HiMoE-VLA/libero_spatial/pick_up_the_black_bowl_next_to_the_plate_and_place_it_on_the_plate/right-50x8b-20260903,right-50x8b-20260903,libero_spatial,libero_spatial/pick_up_the_black_bowl_next_to_the_plate_and_place_it_on_the_plate,138,17,1010,10,1029d0827030a7521361d1904eeb3e7e7f2792be5c99abdb5701abb7ee87c137,27738,False,93,,False,True,-1,-1,success_no_alarm,0.9955418,0.9956412,0.9970248,0.99692154,0.99525595,,,0.043645747,0.044149727,0.041773215,0.03995554,0.043795556,,,0.15853167,0.15937538,0.15389854,0.1519785,0.16010746,,,0.0026493927,0.0027314113,0.0017926956,0.0016401813,0.0032611005,,,0.45,0.32500002,0.4,0.425,0.32500002,,,,0.05728806,0.06557887,0.054697555,0.06945746,,,,0.875,0.925,0.975,1.0,,,,0.64374995,0.79375,0.75624996,0.8375,,,,0.88543177,0.8661778,0.8850408,0.8615026,,,,-0.014116615,0.0036269128,-0.014348447,-7.6815486e-05,,,0.11240976,0.113738745,0.09936388,0.098550595,0.11915937,,,0.013521213,0.013638059,0.012746615,0.012829115,0.014469437,,,0.5192257,0.53546906,0.48915294,0.4812629,0.505846,,,0.21180555,0.23055555,0.2,0.21875,0.21944445,,,-0.0018405583,-0.002053748,-0.00074298226,-0.00097079045,-0.0023898021,,,0.013756132,0.014700367,0.0059869774,0.008873156,0.010667782,,,,,0.30980554,0.1313113,0.36421594,,,,,,-0.013415396,0.1047285,,,0.9951757,0.99409556,0.9931501,0.99469936,0.9922237,,,0.044090055,0.044943146,0.04793546,0.04464353,0.049097974,,,0.16315535,0.16523099,0.1728314,0.1642605,0.174932,,,0.0023274412,0.002738497,0.0035079643,0.0025678556,0.004884462,,,0.4,0.375,0.425,0.47500002,0.35000002,,,,0.08156919,0.10216838,0.087373324,0.102698,,,,0.975,1.0,0.975,1.0,,,,0.89375,0.89375,0.88125,0.9,,,,0.8312073,0.79559135,0.8222831,0.7955357,,,,0.012703046,0.02290681,0.002084747,0.014767915,,,0.09181437,0.09562495,0.09154838,0.081671044,0.10634013,,,0.009403753,0.009628579,0.0088612465,0.008395023,0.01018166,,,0.5683784,0.6025865,0.6437012,0.63258123,0.6281888,,,0.15763888,0.15972222,0.13958333,0.1388889,0.15694445,,,-0.003126851,-0.0039337594,-0.0043163174,-0.0033602659,-0.004894145,,,0.013152478,0.015854977,0.012737289,0.012390161,0.0142741855,,,,,0.36695415,0.20962696,0.37029862,,,,,,-0.054019682,0.13836658,,,1.2243156,1.1894253,1.0853701,1.2066773,1.1205494,,,,,,-0.05208473,0.14086436,,,,,-0.36397386,-0.2116296,-0.37432277,,,,0.010566831,0.017565966,-0.00143224,0.0087429285,,
cache_new/HiMoE-VLA/libero_spatial/pick_up_the_black_bowl_next_to_the_plate_and_place_it_on_the_plate/right-50x8b-20260903,right-50x8b-20260903,libero_spatial,libero_spatial/pick_up_the_black_bowl_next_to_the_plate_and_place_it_on_the_plate,139,17,1011,22,1029d0827030a7521361d1904eeb3e7e7f2792be5c99abdb5701abb7ee87c137,27739,True,220,object_released_or_dropped_before_goal,False,True,9,20,failure_detected,0.9958466,0.9952614,0.9969526,0.9968631,0.99416995,0.9960033,0.99664605,0.04189906,0.045267344,0.04170144,0.04009243,0.047073573,0.041437976,0.041054375,0.1557159,0.1617659,0.1547735,0.15123118,0.16482416,0.15523228,0.15463582,0.0023812202,0.003325749,0.001457897,0.0019459665,0.0039435625,0.001609276,0.0016877688,0.3,0.3,0.3,0.275,0.375,0.35000002,0.325,,0.063084975,0.06075618,0.05227597,0.07739501,0.06919242,0.048535448,,0.9,0.95,0.9,0.95,0.875,0.825,,0.71875,0.84375,0.81875,0.88124996,0.7375,0.64374995,,0.87393135,0.87362885,0.8908374,0.8504071,0.8642936,0.89785016,,-0.0127646625,-0.0015750825,-0.020367578,0.005366996,0.007791862,-0.020845309,0.113534614,0.1178267,0.10746735,0.10761314,0.12425531,0.11353095,0.112698294,0.013706065,0.013976503,0.013384171,0.013183025,0.014431462,0.014126115,0.0141833555,0.49363205,0.527464,0.5025595,0.4827251,0.524801,0.47799122,0.47226256,0.23055556,0.22222221,0.21666667,0.23333335,0.23333332,0.22708333,0.21805556,-0.001686995,-0.0023100367,-0.00062878575,-0.00085305114,-0.0035771704,-0.002146034,-0.00087551214,0.0140393935,0.012853693,0.008469903,0.010497455,0.011791921,0.014625808,0.013113607,,,0.2084682,0.055035055,0.43064094,0.32628736,-0.01918399,,,,-0.0044042715,0.082075946,0.06313964,0.068908036,0.9950669,0.9938478,0.9947647,0.99449277,0.99358547,0.99490875,0.99200225,0.043904103,0.045613468,0.044758342,0.04601632,0.045805745,0.044746123,0.049240485,0.16325225,0.16629931,0.1636989,0.16636638,0.16776276,0.16439794,0.1763998,0.0022571175,0.0034359212,0.0027435706,0.0025168285,0.0036204583,0.0018217434,0.0021503335,0.4,0.375,0.35000002,0.6,0.4,0.525,0.55,,0.085275985,0.08895458,0.08998911,0.09675185,0.08557327,0.06995658,,1.0,0.975,1.0,0.875,0.9,0.725,,0.86875004,0.84375,0.9,0.89374995,0.8125,0.60625,,0.82470965,0.81781375,0.81240857,0.8071347,0.8254708,0.852979,,0.014658436,0.011169702,0.009092197,0.014086455,0.009745806,-0.035897464,0.09527928,0.09713014,0.09734279,0.0851352,0.11256449,0.08602115,0.1085684,0.00949019,0.0093632415,0.009273223,0.008428725,0.011013288,0.008941179,0.01058251,0.56809103,0.6352221,0.61150247,0.6254188,0.5971725,0.5915837,0.6283686,0.16597222,0.16041668,0.15833333,0.14027779,0.16597222,0.15347223,0.13125001,-0.0031314772,-0.0039185733,-0.0028416524,-0.003421165,-0.0040256497,-0.0034382944,-0.00466202,0.012477666,0.013469081,0.012879866,0.011574664,0.012859001,0.012361765,0.010455143,,,0.20939249,0.21934332,0.29178008,0.16844389,-0.032132093,,,,-0.070289135,0.19637153,-0.012122538,0.15700522,1.1915982,1.2130806,1.1040094,1.2640264,1.1038588,1.3198028,1.0380396,,,,-0.08060838,0.18684864,-0.02158641,0.14694871,,,-0.22928843,-0.2446146,-0.32892364,-0.17467913,0.008561256,,0.014104664,0.011169732,0.0034101605,0.011582851,0.0038774014,-0.042218626
cache_new/HiMoE-VLA/libero_spatial/pick_up_the_black_bowl_next_to_the_plate_and_place_it_on_the_plate/right-50x8b-20260903,right-50x8b-20260903,libero_spatial,libero_spatial/pick_up_the_black_bowl_next_to_the_plate_and_place_it_on_the_plate,140,17,1012,10,1029d0827030a7521361d1904eeb3e7e7f2792be5c99abdb5701abb7ee87c137,27740,False,92,,False,True,-1,-1,success_no_alarm,0.99581784,0.9950447,0.9967773,0.9970745,0.99344945,,,0.042466424,0.04584681,0.04185711,0.04007791,0.04824937,,,0.15655087,0.16289198,0.15526871,0.15179501,0.16866314,,,0.0023997773,0.0032689432,0.0014203188,0.0016899016,0.0051534427,,,0.35,0.35000002,0.47500002,0.325,0.3,,,,0.0627756,0.06209192,0.055312328,0.0818941,,,,0.775,0.975,0.92499995,0.975,,,,0.65625,0.85,0.7875,0.82500005,,,,0.8763717,0.8699405,0.8850471,0.8390846,,,,-0.014614001,2.8699636e-05,-0.014341921,0.0068955123,,,0.10992032,0.11516727,0.112414,0.10644063,0.12954414,,,0.01353133,0.013671972,0.013833716,0.0130059,0.014484113,,,0.52226233,0.55082023,0.48577386,0.48722202,0.5542504,,,0.20208332,0.21319444,0.22013889,0.22222221,0.20555556,,,-0.001179113,-0.0020905868,-0.0012293321,-0.0006100052,-0.0044862535,,,0.013885898,0.01327115,0.007018024,0.0086555015,0.012525978,,,,,0.2669708,0.14738947,0.53330106,,,,,,-0.023353806,0.081518464,,,0.9953778,0.9939702,0.9940909,0.9937098,0.99364996,,,0.043711197,0.045112714,0.045851387,0.046775855,0.04645989,,,0.16239356,0.16632578,0.16712207,0.1692201,0.16806993,,,0.0021334277,0.003349448,0.002813653,0.0028907016,0.004391904,,,0.4,0.35,0.4,0.5,0.35,,,,0.087182686,0.09142201,0.093434796,0.09806394,,,,0.95000005,0.975,1.0,0.95,,,,0.85625,0.83124995,0.91875,0.82500005,,,,0.8216437,0.8136794,0.80803925,0.8044497,,,,0.024932012,0.010789558,0.00088232756,0.006543115,,,0.09088319,0.0983301,0.10444917,0.08781825,0.11358775,,,0.009332852,0.009698474,0.009910356,0.008781486,0.010446576,,,0.57685006,0.62810165,0.5840023,0.62197286,0.61064863,,,0.14513889,0.1701389,0.14236112,0.1388889,0.17152777,,,-0.0026730404,-0.0037942468,-0.0030082173,-0.004147654,-0.004168292,,,0.013281484,0.013167267,0.011965488,0.010641184,0.012486685,,,,,0.22857538,0.25058657,0.29932818,,,,,,-0.046006866,0.12759823,,,1.2094681,1.171231,1.0762556,1.2120559,1.1404763,,,,,,-0.049374875,0.12425382,,,,,-0.23768096,-0.23767897,-0.29000002,,,,0.02148974,0.010030627,-0.002393663,0.004678488,,
cache_new/HiMoE-VLA/libero_spatial/pick_up_the_black_bowl_next_to_the_plate_and_place_it_on_the_plate/right-50x8b-20260903,right-50x8b-20260903,libero_spatial,libero_spatial/pick_up_the_black_bowl_next_to_the_plate_and_place_it_on_the_plate,141,17,1013,10,1029d0827030a7521361d1904eeb3e7e7f2792be5c99abdb5701abb7ee87c137,27741,False,91,,False,True,-1,-1,success_no_alarm,0.9957306,0.99536145,0.997221,0.9968018,0.994154,,,0.042809308,0.04508199,0.041039504,0.039781265,0.04592167,,,0.15746623,0.16065271,0.15336466,0.15107983,0.16364089,,,0.002412865,0.0031916713,0.001541171,0.0019130146,0.0042134547,,,0.35000002,0.32500002,0.35000002,0.22500001,0.275,,,,0.061438203,0.05699675,0.052510336,0.07575855,,,,0.82500005,0.925,0.925,0.9,,,,0.6875,0.8125,0.78125,0.8375,,,,0.8769077,0.88088834,0.8891947,0.8527932,,,,-0.01485692,-0.008094564,-0.014231071,0.00041654706,,,0.10778573,0.11460145,0.09796901,0.10326329,0.12362495,,,0.0134470835,0.013830038,0.012930084,0.013032984,0.014536355,,,0.49936256,0.52999496,0.49008918,0.49363047,0.5440043,,,0.20069444,0.21944444,0.21458332,0.23055555,0.23333333,,,-0.0020199534,-0.0025910046,-0.0008167456,-0.000945853,-0.0037197266,,,0.0127158435,0.013965207,0.006710713,0.011217914,0.009971296,,,,,0.14431286,0.07104073,0.42662936,,,,,,0.0069394195,0.11438231,,,0.9952495,0.9940152,0.9935893,0.9948763,0.992916,,,0.043592047,0.04501547,0.045849014,0.04452291,0.049281657,,,0.16231358,0.16526765,0.16892609,0.16467297,0.17284939,,,0.0022013434,0.0030939162,0.0029072978,0.0025475617,0.004637598,,,0.425,0.3,0.325,0.35,0.325,,,,0.08591013,0.09393478,0.089904405,0.09548797,,,,1.0,0.95,0.95,0.975,,,,0.89375,0.81875,0.89375,0.90625,,,,0.8230158,0.80753493,0.8168942,0.8082802,,,,0.019273177,0.020735845,0.011580259,0.0019938648,,,0.08913521,0.0953041,0.09491956,0.0856363,0.10508143,,,0.00919619,0.009534644,0.009255899,0.00867384,0.009986378,,,0.5729046,0.6177123,0.60884225,0.6605407,0.6431071,,,0.15486111,0.14444445,0.14583334,0.14513889,0.1513889,,,-0.003047842,-0.0039043846,-0.0040674414,-0.0034621311,-0.00456798,,,0.013230281,0.014149351,0.011629403,0.012379832,0.011045887,,,,,0.25829828,0.214454,0.27555037,,,,,,-0.02327387,0.11745179,,,1.2092385,1.2024817,1.0321267,1.2058355,1.1764681,,,,,,-0.031830534,0.109079875,,,,,-0.2664424,-0.2321273,-0.26092827,,,,0.019273162,0.01905638,0.0041127205,-0.005074203,,
cache_new/HiMoE-VLA/libero_spatial/pick_up_the_black_bowl_next_to_the_plate_and_place_it_on_the_plate/right-50x8b-20260903,right-50x8b-20260903,libero_spatial,libero_spatial/pick_up_the_black_bowl_next_to_the_plate_and_place_it_on_the_plate,142,17,1014,9,1029d0827030a7521361d1904eeb3e7e7f2792be5c99abdb5701abb7ee87c137,27742,False,90,,False,True,-1,-1,success_no_alarm,0.99570465,0.9951706,0.99706745,0.99668294,,,,0.042920478,0.04528208,0.0417982,0.039495096,,,,0.15741746,0.16172117,0.15470126,0.1509842,,,,0.002464477,0.0033896747,0.0013666258,0.0019110197,,,,0.375,0.25,0.45,0.3,,,,,0.061699696,0.059477445,0.05674585,,,,,0.875,0.975,0.975,,,,,0.6625,0.85,0.80625004,,,,,0.877867,0.8754607,0.88182527,,,,,-0.016274855,-0.0024382472,-0.012636825,,,,0.108564675,0.11208433,0.1028492,0.1028119,,,,0.01320506,0.013651234,0.012980974,0.012897647,,,,0.52090836,0.5366549,0.5001408,0.4921516,,,,0.18263888,0.2013889,0.19722222,0.23888889,,,,-0.0016151922,-0.0026285485,-0.00029489867,-0.0015040055,,,,0.013273513,0.013285095,0.007875249,0.01212446,,,,,,0.2063296,0.16655074,,,,,,,-0.008676573,,,,0.995255,0.9940082,0.9941014,0.9946414,,,,0.04344493,0.044902377,0.046248958,0.04504338,,,,0.16279177,0.16509913,0.16779071,0.16524503,,,,0.0022731978,0.003187303,0.0028022337,0.0027100164,,,,0.4,0.35000002,0.475,0.45,,,,,0.08564786,0.09369687,0.08830861,,,,,0.975,1.0,1.0,,,,,0.8875,0.84375,0.89375,,,,,0.8230531,0.8091766,0.8212437,,,,,0.018293008,0.016363218,0.0046662986,,,,0.08934712,0.09307815,0.09254402,0.085159704,,,,0.00916592,0.009312954,0.008726518,0.008824337,,,,0.5731842,0.62101436,0.6192924,0.6390672,,,,0.14652777,0.15902777,0.15416667,0.13541666,,,,-0.002905836,-0.0038386872,-0.0036373641,-0.003750959,,,,0.013962513,0.013711236,0.010507893,0.013062287,,,,,,0.2550928,0.19573638,,,,,,,-0.0021583266,,,,1.2150887,1.2041959,1.1113544,1.2072835,,,,,,,0.0016186244,,,,,,-0.24436873,-0.21384062,,,,,0.016636372,0.0132395625,-0.0052295923,,,
cache_new/HiMoE-VLA/libero_spatial/pick_up_the_black_bowl_next_to_the_plate_and_place_it_on_the_plate/right-50x8b-20260903,right-50x8b-20260903,libero_spatial,libero_spatial/pick_up_the_black_bowl_next_to_the_plate_and_place_it_on_the_plate,143,17,1015,9,1029d0827030a7521361d1904eeb3e7e7f2792be5c99abdb5701abb7ee87c137,27743,False,89,,False,True,-1,-1,success_no_alarm,0.99567324,0.9954281,0.997239,0.9964912,,,,0.043266363,0.04442085,0.041176148,0.040329948,,,,0.15776935,0.16005498,0.1529186,0.15271467,,,,0.0024998882,0.0030516945,0.0016311521,0.002167996,,,,0.375,0.32500002,0.325,0.25,,,,,0.059427127,0.062241558,0.060305532,,,,,0.92499995,0.9,0.975,,,,,0.64374995,0.81875,0.8375,,,,,0.8804352,0.8728691,0.8751442,,,,,-0.014426276,0.0014010817,-0.0023910105,,,,0.10488114,0.11729321,0.10634435,0.096777216,,,,0.013258874,0.013903837,0.0137028815,0.012401607,,,,0.5040854,0.5237531,0.44786268,0.5094658,,,,0.19930555,0.2111111,0.23333333,0.19652778,,,,-0.0020688137,-0.0018000221,-0.00055799773,-0.0011827075,,,,0.014425414,0.01396464,0.0071813627,0.01114847,,,,,,0.27331948,0.2398628,,,,,,,-0.07429616,,,,0.9951525,0.9939366,0.99322826,0.99520093,,,,0.043577068,0.04525548,0.047426753,0.0440271,,,,0.16235213,0.16612019,0.17126976,0.1616759,,,,0.0022617094,0.0031251826,0.0032568872,0.0024437874,,,,0.45,0.35000002,0.425,0.325,,,,,0.085531324,0.10127357,0.09390624,,,,,1.0,0.95,1.0,,,,,0.93125004,0.91249996,0.93125,,,,,0.8242097,0.7949233,0.8104353,,,,,0.021249846,0.02796492,0.014052913,,,,0.08757707,0.09800023,0.09753318,0.08031426,,,,0.008970166,0.00974687,0.009397807,0.008304434,,,,0.5818087,0.6149597,0.6025926,0.66201216,,,,0.13819446,0.16041668,0.13819444,0.15902779,,,,-0.0030897371,-0.0038723785,-0.004325054,-0.0033192309,,,,0.013481832,0.013890497,0.012562157,0.013074772,,,,,,0.3369983,0.25693145,,,,,,,-0.09902024,,,,1.1975868,1.1968666,1.0903403,1.2049817,,,,,,,-0.10414501,,,,,,-0.34320053,-0.23631321,,,,,0.018651247,0.019233108,0.011978745,,,
cache_new/HiMoE-VLA/libero_spatial/pick_up_the_black_bowl_next_to_the_plate_and_place_it_on_the_plate/right-50x8b-20260903,right-50x8b-20260903,libero_spatial,libero_spatial/pick_up_the_black_bowl_next_to_the_plate_and_place_it_on_the_plate,144,18,1008,10,1029d0827030a7521361d1904eeb3e7e7f2792be5c99abdb5701abb7ee87c137,27744,False,93,,False,True,-1,-1,success_no_alarm,0.9957795,0.9968631,0.99738,0.9969362,0.99499744,,,0.042858995,0.041931085,0.040172257,0.04048864,0.04465504,,,0.15685536,0.1539747,0.1513942,0.15251389,0.16021535,,,0.0025041362,0.0013873496,0.0014658254,0.0018395437,0.0035935603,,,0.35,0.5,0.35000002,0.275,0.275,,,,0.052790064,0.06767732,0.05932773,0.06504318,,,,0.85,0.82500005,0.95,0.925,,,,0.65,0.8375,0.8875,0.78125,,,,0.8942094,0.86027956,0.8767738,0.8669847,,,,-0.017291501,0.019863293,0.00042319298,-0.009218574,,,0.111319214,0.10884671,0.10045349,0.101386406,0.11842439,,,0.013641317,0.013349459,0.012981043,0.012535544,0.014211203,,,0.49513263,0.5073923,0.48556107,0.52145755,0.5430854,,,0.20277777,0.21944445,0.21527776,0.21388888,0.2423611,,,-0.0016488836,-0.0010013517,-0.0006253977,-0.000735673,-0.0028424948,,,0.0142992595,0.01259903,0.0057411357,0.012323142,0.011586833,,,,,0.3518071,0.22225419,0.312112,,,,,,-0.045785174,0.074640766,,,0.995401,0.9939587,0.9943672,0.99311376,0.99419117,,,0.04431991,0.044484384,0.04647792,0.04747508,0.044041656,,,0.16253045,0.16477007,0.16599229,0.17229462,0.16389471,,,0.0022852884,0.0017533803,0.0026298382,0.0041718693,0.0032176406,,,0.35000002,0.40000004,0.45,0.325,0.275,,,,0.08511375,0.09412613,0.100348026,0.09795515,,,,1.0,0.975,0.975,0.95,,,,0.8875,0.85625005,0.875,0.83750004,,,,0.8221505,0.80967546,0.7983716,0.80654496,,,,0.0148591995,0.019000083,0.009816974,0.017429978,,,0.08754386,0.09169181,0.08624588,0.08932342,0.093270525,,,0.008983877,0.009201351,0.008602964,0.008773411,0.009556182,,,0.57030267,0.60686535,0.61979264,0.6697111,0.63662964,,,0.15,0.15833333,0.15972222,0.14722222,0.15625,,,-0.0027215737,-0.004217685,-0.0035569454,-0.0049886494,-0.0036379832,,,0.013557833,0.0124724405,0.011176123,0.014780091,0.012665797,,,,,0.20982087,0.27113533,0.24922964,,,,,,-0.013709273,0.07185958,,,1.2715822,1.187093,1.1647338,1.1350485,1.2696872,,,,,,-0.0110579105,0.07440465,,,,,-0.23217976,-0.2373487,-0.26728073,,,,0.008921862,0.0092436075,0.005346477,0.012005389,,
cache_new/HiMoE-VLA/libero_spatial/pick_up_the_black_bowl_next_to_the_plate_and_place_it_on_the_plate/right-50x8b-20260903,right-50x8b-20260903,libero_spatial,libero_spatial/pick_up_the_black_bowl_next_to_the_plate_and_place_it_on_the_plate,145,18,1009,10,1029d0827030a7521361d1904eeb3e7e7f2792be5c99abdb5701abb7ee87c137,27745,False,93,,False,True,-1,-1,success_no_alarm,0.99570036,0.996782,0.9974539,0.9967618,0.99431896,,,0.04272868,0.041461468,0.04001423,0.040078536,0.04640317,,,0.15694064,0.15391913,0.1511022,0.15201117,0.16393784,,,0.0024854245,0.0015141868,0.0014525483,0.0019072016,0.0041993177,,,0.35,0.45000002,0.35,0.325,0.39999998,,,,0.053574212,0.067131385,0.056213163,0.073508345,,,,0.875,0.875,0.925,1.0,,,,0.65,0.8,0.78125,0.86875,,,,0.8913692,0.86356443,0.8827982,0.8545228,,,,-0.011114061,0.012279168,-0.0090984255,-0.0073064715,,,0.10686264,0.109545484,0.09978497,0.10226492,0.119445786,,,0.013200978,0.013311458,0.012866316,0.012668677,0.0139202215,,,0.51072466,0.49058056,0.48345307,0.5176753,0.5421312,,,0.18819445,0.24097222,0.23472223,0.2298611,0.20694445,,,-0.0015702016,-0.0013060707,-0.0004648691,-0.0011641334,-0.0033832083,,,0.015187392,0.011813622,0.006880028,0.01059469,0.011322426,,,,,0.35794675,0.18663627,0.44962946,,,,,,-0.01833856,0.07307485,,,0.9953622,0.9939726,0.99411553,0.9943913,0.9934788,,,0.043690927,0.04536093,0.046175648,0.04350826,0.0465874,,,0.16211653,0.166522,0.16813527,0.16258664,0.16902867,,,0.00237054,0.0017277548,0.0028993697,0.0034009225,0.0037533836,,,0.35000002,0.475,0.5,0.3,0.375,,,,0.085091166,0.095507585,0.09040796,0.09489211,,,,0.95,1.0,0.975,1.0,,,,0.8875,0.86875,0.86875004,0.85625,,,,0.8254034,0.8061029,0.8195024,0.811478,,,,0.008490503,0.01883334,-0.004557267,0.0029181093,,,0.084968425,0.09034752,0.088868216,0.08455559,0.092602015,,,0.008776229,0.00893659,0.00910131,0.008575056,0.008702154,,,0.5795815,0.6209286,0.617662,0.6500162,0.6893782,,,0.14861111,0.13958333,0.15694445,0.16666667,0.12222223,,,-0.002759668,-0.0041779056,-0.00373892,-0.0038844002,-0.004217118,,,0.0142368,0.011048563,0.011701404,0.012169776,0.012130758,,,,,0.21010906,0.15460907,0.20439544,,,,,,-0.03666786,-0.021541283,,,1.2576747,1.2124902,1.1228421,1.2094401,1.2898833,,,,,,-0.031506617,-0.016793463,,,,,-0.19031546,-0.18596421,-0.20351437,,,,0.005710244,0.010987997,-0.00887692,-0.002225995,,
cache_new/HiMoE-VLA/libero_spatial/pick_up_the_black_bowl_next_to_the_plate_and_place_it_on_the_plate/right-50x8b-20260903,right-50x8b-20260903,libero_spatial,libero_spatial/pick_up_the_black_bowl_next_to_the_plate_and_place_it_on_the_plate,146,18,1010,10,1029d0827030a7521361d1904eeb3e7e7f2792be5c99abdb5701abb7ee87c137,27746,False,95,,False,True,-1,-1,success_no_alarm,0.99555326,0.9969679,0.99737865,0.99628055,0.9956155,,,0.043193914,0.041361272,0.040168986,0.041635938,0.042438403,,,0.15803874,0.15314113,0.1511546,0.1551891,0.15735634,,,0.0026912189,0.0012670306,0.0014858785,0.0022163233,0.002681416,,,0.375,0.525,0.3,0.325,0.3,,,,0.051982615,0.069725856,0.059568066,0.06537815,,,,0.82500005,0.9,1.0,0.92499995,,,,0.6625,0.84375,0.86875,0.84375,,,,0.89500296,0.85879236,0.8758159,0.86467046,,,,-0.0144082755,0.019383773,-0.004117757,0.0050298274,,,0.11198856,0.10851168,0.1009467,0.09965283,0.11353217,,,0.013392663,0.013317515,0.013011106,0.012539255,0.013765877,,,0.52249753,0.50635165,0.4729372,0.5159923,0.5197252,,,0.20347221,0.22777778,0.22152777,0.21319446,0.22152779,,,-0.0018177705,-0.0009529043,-0.00045537567,-0.001817633,-0.0020756586,,,0.013364341,0.013477493,0.005753679,0.01147395,0.0116214845,,,,,0.3613116,0.20894648,0.30029085,,,,,,-0.02899307,0.06176551,,,0.99540603,0.9939669,0.9939151,0.99367183,0.99442416,,,0.044385802,0.044824097,0.04646521,0.04567751,0.044145226,,,0.16246288,0.16468912,0.16925855,0.16807616,0.1632729,,,0.002354735,0.0015712506,0.0030646792,0.003727294,0.0024724398,,,0.375,0.52500004,0.35,0.35000002,0.32500002,,,,0.08233384,0.09854064,0.09283563,0.09515862,,,,1.0,0.95000005,0.92499995,0.95,,,,0.8625,0.89375,0.81875,0.9,,,,0.8285019,0.80048835,0.81596094,0.8116913,,,,0.005061984,0.025039837,-0.005774185,0.014379606,,,0.08704895,0.089476004,0.08975679,0.085945345,0.09168481,,,0.008999307,0.0088737225,0.008875257,0.008689733,0.009147057,,,0.5697451,0.6154836,0.624768,0.6544836,0.63608336,,,0.15277778,0.1513889,0.14375001,0.123611115,0.1423611,,,-0.0027010047,-0.0042074868,-0.0037771692,-0.0043285796,-0.0032685304,,,0.013218071,0.011549895,0.011491717,0.015253061,0.011922919,,,,,0.24849463,0.18574005,0.21053995,,,,,,-0.014827322,0.036442984,,,1.286501,1.2127461,1.1246693,1.1594907,1.2382877,,,,,,-0.021038597,0.030251337,,,,,-0.24221107,-0.23406607,-0.20246342,,,,0.0015442371,0.015633106,-0.008588374,0.010887325,,
cache_new/HiMoE-VLA/libero_spatial/pick_up_the_black_bowl_next_to_the_plate_and_place_it_on_the_plate/right-50x8b-20260903,right-50x8b-20260903,libero_spatial,libero_spatial/pick_up_the_black_bowl_next_to_the_plate_and_place_it_on_the_plate,147,18,1011,10,1029d0827030a7521361d1904eeb3e7e7f2792be5c99abdb5701abb7ee87c137,27747,False,92,,False,True,-1,-1,success_no_alarm,0.9958738,0.9966633,0.9973053,0.99639815,0.99436283,,,0.04168963,0.0417146,0.041430365,0.040646974,0.04539485,,,0.15546536,0.15571886,0.15308785,0.15320142,0.16324499,,,0.002396733,0.0015260538,0.001367864,0.0022067782,0.004220798,,,0.375,0.39999998,0.425,0.325,0.275,,,,0.053697683,0.059168015,0.056405373,0.07136585,,,,0.9,0.95,0.975,0.95,,,,0.65,0.79999995,0.81875,0.8,,,,0.889639,0.87610704,0.8810512,0.8592541,,,,-0.010306075,0.0019613951,-0.01271458,-0.003423214,,,0.11337482,0.11341493,0.10242135,0.106426105,0.12087787,,,0.013790861,0.0138110425,0.012971298,0.012800192,0.014035956,,,0.4901823,0.4928907,0.48541456,0.51083475,0.5465417,,,0.23402777,0.22986111,0.21458334,0.23333333,0.21388888,,,-0.0016413337,-0.0011271915,-0.00037550693,-0.0015430283,-0.0034741012,,,0.014044588,0.0136708245,0.007267676,0.012081847,0.010585386,,,,,0.21163288,0.1636799,0.39470658,,,,,,-0.020713622,0.0693098,,,0.9953513,0.9944479,0.9941605,0.9942875,0.9935512,,,0.044310488,0.045281064,0.04488633,0.045379147,0.046409193,,,0.16260786,0.16506146,0.16598244,0.16555429,0.16936699,,,0.0021932775,0.0023459122,0.002701968,0.0029235159,0.0036416124,,,0.4,0.425,0.375,0.35000002,0.275,,,,0.09224174,0.089346476,0.09099708,0.09273028,,,,0.975,1.0,1.0,0.975,,,,0.9125,0.86875,0.90625,0.86875004,,,,0.81104326,0.8148755,0.8132164,0.81310964,,,,0.022200167,0.0112570375,0.006472379,0.0046978593,,,0.09113124,0.09049068,0.09571809,0.08705374,0.09673062,,,0.009282591,0.008839758,0.009018843,0.008852549,0.009476337,,,0.554821,0.6229298,0.6104871,0.6413094,0.6539607,,,0.16458333,0.14583334,0.15763888,0.14930555,0.15138888,,,-0.0027569337,-0.0032317087,-0.0037699456,-0.003963994,-0.004319551,,,0.013434319,0.011776019,0.011934432,0.014869031,0.012286458,,,,,0.11457121,0.13551766,0.15338814,,,,,,0.009755673,0.07779308,,,1.2440829,1.2533327,1.0700313,1.2225335,1.249634,,,,,,-8.803994e-05,0.06800435,,,,,-0.08215386,-0.12086492,-0.16165529,,,,0.022200227,0.009199142,-0.0064305663,0.0045565367,,
cache_new/HiMoE-VLA/libero_spatial/pick_up_the_black_bowl_next_to_the_plate_and_place_it_on_the_plate/right-50x8b-20260903,right-50x8b-20260903,libero_spatial,libero_spatial/pick_up_the_black_bowl_next_to_the_plate_and_place_it_on_the_plate,148,18,1012,10,1029d0827030a7521361d1904eeb3e7e7f2792be5c99abdb5701abb7ee87c137,27748,False,94,,False,True,-1,-1,success_no_alarm,0.9958961,0.99629205,0.9973992,0.99642885,0.9946543,,,0.04218223,0.04243318,0.040473744,0.041728616,0.045189485,,,0.15590242,0.15716481,0.15158391,0.15454806,0.16189203,,,0.0024034232,0.0017702174,0.0015122262,0.0021298504,0.0038307589,,,0.35000002,0.42499998,0.4,0.3,0.25,,,,0.05469297,0.062851034,0.058964513,0.069740966,,,,0.75,0.875,0.95,0.95000005,,,,0.625,0.81875,0.86249995,0.8125,,,,0.88971275,0.87060165,0.8759631,0.8593083,,,,-0.011860654,0.0070008785,-0.008367702,0.0006662458,,,0.11031422,0.112158865,0.10424314,0.10359901,0.12023783,,,0.013404467,0.013508385,0.013199882,0.012521002,0.013867821,,,0.52183956,0.52090794,0.4539747,0.50679624,0.538939,,,0.19930556,0.23055556,0.22291666,0.2125,0.21875,,,-0.0011246634,-0.0010344585,-0.0008314501,-0.0014499685,-0.003146543,,,0.0140941255,0.013034996,0.00571699,0.011694753,0.011897571,,,,,0.2922833,0.23236543,0.39753854,,,,,,-0.042152986,0.05915121,,,0.9954617,0.99434817,0.99427253,0.9937346,0.9944905,,,0.04414501,0.045099653,0.044109367,0.045203235,0.044764083,,,0.16282743,0.16507353,0.16503762,0.1679429,0.16416071,,,0.0021931399,0.0022529038,0.0027757483,0.0034803785,0.002801666,,,0.32500002,0.425,0.375,0.275,0.39999998,,,,0.08651263,0.094624214,0.0926197,0.09158996,,,,0.975,0.975,0.95,0.975,,,,0.83750004,0.88125,0.85625,0.85,,,,0.82265604,0.80888045,0.81276226,0.8166598,,,,0.011650264,0.019286796,-0.0009805709,0.0054323375,,,0.08811955,0.09063478,0.096060716,0.0877093,0.09296981,,,0.009018662,0.009027067,0.009185356,0.008742178,0.00925457,,,0.58069825,0.61239576,0.6031349,0.6539145,0.64728534,,,0.15208334,0.1375,0.15555556,0.13402778,0.16041666,,,-0.0024337952,-0.0034907144,-0.0036881163,-0.0043351664,-0.0036833007,,,0.013299673,0.0123360045,0.011273623,0.014988436,0.012981803,,,,,0.20982784,0.19021472,0.18003967,,,,,,-0.01674199,0.040374998,,,1.2518699,1.2374816,1.0851797,1.1811633,1.2932997,,,,,,-0.025604846,0.031353287,,,,,-0.16102348,-0.22632036,-0.21037847,,,,0.0057821274,0.016281188,-0.012146056,0.001721859,,
cache_new/HiMoE-VLA/libero_spatial/pick_up_the_black_bowl_next_to_the_plate_and_place_it_on_the_plate/right-50x8b-20260903,right-50x8b-20260903,libero_spatial,libero_spatial/pick_up_the_black_bowl_next_to_the_plate_and_place_it_on_the_plate,149,18,1013,10,1029d0827030a7521361d1904eeb3e7e7f2792be5c99abdb5701abb7ee87c137,27749,False,95,,False,True,-1,-1,success_no_alarm,0.99581134,0.9967112,0.997256,0.996613,0.99459386,,,0.04237552,0.041766174,0.0407454,0.040974893,0.045477033,,,0.15681985,0.15437631,0.15270792,0.15315896,0.1612713,,,0.002422926,0.0015035927,0.0017244357,0.0019811369,0.0038773487,,,0.325,0.47500002,0.35000002,0.3,0.35000002,,,,0.0532034,0.07182242,0.05754999,0.06866854,,,,0.925,0.875,0.925,0.925,,,,0.6875,0.83125,0.83124995,0.84999996,,,,0.89276934,0.85393846,0.87833846,0.86211383,,,,-0.0131454915,0.018653542,-0.005084589,-0.0033566356,,,0.107859604,0.10816547,0.09940446,0.10463002,0.12010558,,,0.013407985,0.013667374,0.012673015,0.012853537,0.014109808,,,0.49403733,0.48696125,0.4774307,0.5134007,0.5372731,,,0.2048611,0.22777778,0.2013889,0.24930555,0.22986111,,,-0.0019417014,-0.0014790508,-0.0008254823,-0.001308014,-0.0033210192,,,0.013470435,0.014395207,0.007891787,0.011493282,0.012088474,,,,,0.39620015,0.18186373,0.3565868,,,,,,0.005259066,0.096216515,,,0.99530625,0.9938266,0.9933983,0.9935965,0.99428,,,0.044539984,0.046049073,0.048020568,0.04521054,0.044360213,,,0.16311008,0.16697526,0.17349851,0.16735029,0.16433513,,,0.0022863373,0.0018262838,0.0035589745,0.003702305,0.0027440004,,,0.325,0.47500002,0.375,0.32500002,0.45,,,,0.08755356,0.09703059,0.0922895,0.0958325,,,,1.0,1.0,0.975,0.95000005,,,,0.8625,0.86249995,0.85625,0.85625,,,,0.82091665,0.8014873,0.8163036,0.809278,,,,0.010730833,0.019807935,-0.0073575974,0.014738902,,,0.08504248,0.08843176,0.09505009,0.09006797,0.09226574,,,0.008932133,0.008812008,0.008993889,0.008985391,0.009193491,,,0.5657077,0.6179726,0.6403484,0.6618992,0.6552855,,,0.15555556,0.12916668,0.14375,0.15555556,0.14722222,,,-0.0027709156,-0.0041462267,-0.0044918084,-0.0043905107,-0.0036564888,,,0.014063511,0.0115784155,0.013415394,0.01516162,0.013336919,,,,,0.21430755,0.1625621,0.20337006,,,,,,0.037931927,0.060630977,,,1.2683027,1.2231518,1.0458113,1.1616786,1.3017354,,,,,,0.026995152,0.049890894,,,,,-0.17795491,-0.21332996,-0.22239324,,,,0.007019758,0.01274848,-0.010557175,0.010397017,,
cache_new/HiMoE-VLA/libero_spatial/pick_up_the_black_bowl_next_to_the_plate_and_place_it_on_the_plate/right-50x8b-20260903,right-50x8b-20260903,libero_spatial,libero_spatial/pick_up_the_black_bowl_next_to_the_plate_and_place_it_on_the_plate,150,18,1014,10,1029d0827030a7521361d1904eeb3e7e7f2792be5c99abdb5701abb7ee87c137,27750,False,95,,False,True,-1,-1,success_no_alarm,0.99569106,0.9966213,0.99733174,0.9966142,0.9954585,,,0.042736046,0.041888654,0.040703997,0.041230787,0.04268884,,,0.15746962,0.15446936,0.15199432,0.15493011,0.15816213,,,0.0024803167,0.001588277,0.0016445324,0.0019511088,0.002899576,,,0.35000002,0.4,0.3,0.3,0.3,,,,0.051594455,0.06760514,0.06015182,0.06255871,,,,0.84999996,0.85,1.0,0.95,,,,0.63750005,0.86249995,0.84999996,0.825,,,,0.89476264,0.8593623,0.873631,0.8710535,,,,-0.019056126,0.01615803,-0.004551992,-0.004516557,,,0.10872379,0.10871256,0.103473306,0.10185443,0.115316585,,,0.013204829,0.013438885,0.013111695,0.012446062,0.013742523,,,0.5170232,0.5054458,0.4823603,0.5056355,0.5240968,,,0.18472221,0.23055556,0.22013888,0.21875,0.21944444,,,-0.0015995936,-0.0014020713,-0.00017762367,-0.0015775796,-0.0024097522,,,0.013550351,0.012647455,0.007864453,0.0133366715,0.012114645,,,,,0.3538257,0.24337423,0.2818463,,,,,,-0.046113636,0.052211184,,,0.9954707,0.9939705,0.99354124,0.99314845,0.99460447,,,0.044149633,0.045988083,0.0473292,0.046990525,0.044318244,,,0.16208339,0.16679607,0.17288706,0.16979885,0.16386971,,,0.002315884,0.002001001,0.003390741,0.0039655073,0.0024172505,,,0.375,0.425,0.325,0.35,0.5,,,,0.086588964,0.09619918,0.09560904,0.094161466,,,,0.95,1.0,0.975,0.95,,,,0.84375,0.90625,0.86249995,0.825,,,,0.8212899,0.80388427,0.80923843,0.81240773,,,,0.008790404,0.02066049,-0.007251665,0.016004965,,,0.085100874,0.088378035,0.093438014,0.08888246,0.089390226,,,0.008786616,0.008821275,0.009098542,0.008943338,0.009017576,,,0.5851753,0.6238662,0.6505343,0.6447039,0.6584629,,,0.14444444,0.14097223,0.15625,0.14305556,0.14791667,,,-0.0025317566,-0.0039807106,-0.0044252854,-0.004750866,-0.0034135287,,,0.013876388,0.011860877,0.011529265,0.016006494,0.013257981,,,,,0.21044946,0.20154169,0.19084276,,,,,,0.010903895,0.01895416,,,1.2775872,1.2300857,1.1074005,1.1459452,1.2900357,,,,,,0.005701352,0.013968091,,,,,-0.19043058,-0.22352067,-0.21470279,,,,0.008790374,0.010447621,-0.009854794,0.012113094,,
cache_new/HiMoE-VLA/libero_spatial/pick_up_the_black_bowl_next_to_the_plate_and_place_it_on_the_plate/right-50x8b-20260903,right-50x8b-20260903,libero_spatial,libero_spatial/pick_up_the_black_bowl_next_to_the_plate_and_place_it_on_the_plate,151,18,1015,10,1029d0827030a7521361d1904eeb3e7e7f2792be5c99abdb5701abb7ee87c137,27751,False,96,,False,True,-1,-1,success_no_alarm,0.99576426,0.996711,0.99726355,0.99630666,0.9943372,,,0.042741552,0.042025015,0.04064782,0.041892316,0.046578236,,,0.15705624,0.15482076,0.15285009,0.155569,0.16232416,,,0.0024551898,0.0015460036,0.0017729693,0.001993348,0.003796104,,,0.3,0.42499998,0.32500002,0.425,0.4,,,,0.05383366,0.07034832,0.058840044,0.06880662,,,,0.825,0.95,1.0,0.9,,,,0.6625,0.84999996,0.80625004,0.8125,,,,0.8917378,0.858037,0.87639356,0.8612827,,,,-0.010782227,0.014242664,-0.0026617646,-0.0022452623,,,0.10503676,0.11228353,0.106429726,0.10323017,0.1209301,,,0.013441203,0.0135825025,0.013408359,0.0125402035,0.014355661,,,0.49282527,0.49966067,0.45409524,0.52536994,0.5252368,,,0.19791667,0.21180555,0.22152779,0.20208333,0.21875,,,-0.001962305,-0.00068493816,-0.00064507255,-0.0012664974,-0.0036462215,,,0.013867729,0.013405073,0.008047033,0.010712551,0.0095291175,,,,,0.38509056,0.20611538,0.35986483,,,,,,-0.042997062,0.08959688,,,0.99536896,0.99384236,0.9935513,0.99329305,0.99329317,,,0.043953657,0.04592142,0.04779363,0.045508444,0.04648821,,,0.16239218,0.16594486,0.17180276,0.16927138,0.1681852,,,0.0023219893,0.0018431381,0.0036328582,0.0038167592,0.0028748622,,,0.375,0.575,0.425,0.375,0.35,,,,0.0863301,0.09815776,0.0960886,0.09921876,,,,1.0,0.975,0.95,0.975,,,,0.86249995,0.86875,0.825,0.85625005,,,,0.82199985,0.8012014,0.80798256,0.8036617,,,,0.012939453,0.022852004,0.0072722435,0.0128721595,,,0.083724014,0.090863824,0.09842107,0.09181477,0.101183504,,,0.008796487,0.008853577,0.009508867,0.00877149,0.010046103,,,0.5769266,0.6202524,0.6130375,0.6582456,0.6285285,,,0.14791667,0.14722222,0.14652778,0.14444445,0.15208334,,,-0.0026768239,-0.004057862,-0.0043434217,-0.004411854,-0.0039590923,,,0.013189916,0.0105762,0.012643425,0.014461707,0.011274796,,,,,0.24394582,0.2207223,0.25568813,,,,,,0.00078080967,0.13653637,,,1.2545595,1.2357341,1.0813714,1.1243308,1.1951562,,,,,,0.00023076257,0.13590883,,,,,-0.21620277,-0.24711657,-0.28536022,,,,0.0068824887,0.016002476,-0.002506435,0.011801481,,
cache_new/HiMoE-VLA/libero_spatial/pick_up_the_black_bowl_next_to_the_plate_and_place_it_on_the_plate/right-50x8b-20260903,right-50x8b-20260903,libero_spatial,libero_spatial/pick_up_the_black_bowl_next_to_the_plate_and_place_it_on_the_plate,152,19,1008,10,1029d0827030a7521361d1904eeb3e7e7f2792be5c99abdb5701abb7ee87c137,27752,False,97,,False,True,-1,-1,success_no_alarm,0.99576336,0.99703294,0.996912,0.9969836,0.99645394,,,0.043337766,0.04055482,0.040948853,0.03995893,0.04062168,,,0.1580958,0.15259941,0.15414488,0.15229103,0.15279028,,,0.0024810217,0.0015122262,0.001900907,0.0016615759,0.002127735,,,0.35000002,0.52500004,0.32500002,0.32500002,0.32500002,,,,0.049312904,0.07228626,0.05492284,0.05428341,,,,0.8,0.92499995,0.875,0.82500005,,,,0.64375,0.8625,0.7687501,0.775,,,,0.89687103,0.85558105,0.8832334,0.8863872,,,,-0.020422682,0.014923349,0.008020207,-0.010057837,,,0.11278537,0.10334654,0.103500664,0.09968188,0.107260734,,,0.0138938725,0.012872241,0.013067013,0.012531561,0.013393093,,,0.4890183,0.49833828,0.49052587,0.50862765,0.4994988,,,0.20069444,0.20486112,0.2173611,0.20416667,0.21388888,,,-0.0017078738,-0.0006895128,-0.0011634799,-0.0005911732,-0.0012359017,,,0.015131166,0.013282037,0.011695009,0.010670481,0.009226573,,,,,0.43128312,0.16669853,0.15184689,,,,,,-0.039204963,0.02617507,,,0.9945685,0.993697,0.9935249,0.99410677,0.9944282,,,0.04552433,0.04666007,0.048591506,0.04515037,0.044886827,,,0.16518146,0.16952136,0.17182426,0.16734701,0.16579148,,,0.0027312564,0.002716225,0.003572716,0.0033263336,0.0022307867,,,0.47500002,0.45,0.47500002,0.40000004,0.4,,,,0.08473779,0.09731022,0.090335235,0.092102654,,,,0.975,0.925,0.92499995,0.975,,,,0.8125,0.8625,0.89374995,0.8125,,,,0.8271378,0.8066163,0.812015,0.8116555,,,,-0.0035831481,0.014472306,-0.0011101961,0.016330555,,,0.099073246,0.09042981,0.088904336,0.0827487,0.087253794,,,0.009656417,0.008950386,0.009142883,0.008388548,0.008716791,,,0.6102859,0.62310725,0.6256888,0.63687587,0.63529116,,,0.15277778,0.14305556,0.14583333,0.13125,0.15,,,-0.003661545,-0.0041061547,-0.00411809,-0.0037542093,-0.003241357,,,0.01634103,0.012456084,0.013524357,0.012037854,0.011514002,,,,,0.21978241,0.1478834,0.1679077,,,,,,-0.04714653,-0.009224929,,,1.1384039,1.142837,1.1641802,1.2046337,1.229296,,,,,,-0.052945845,-0.014562145,,,,,-0.2526452,-0.14496008,-0.15243962,,,,-0.010203123,0.009646416,-0.0033957362,0.0074214935,,
cache_new/HiMoE-VLA/libero_spatial/pick_up_the_black_bowl_next_to_the_plate_and_place_it_on_the_plate/right-50x8b-20260903,right-50x8b-20260903,libero_spatial,libero_spatial/pick_up_the_black_bowl_next_to_the_plate_and_place_it_on_the_plate,153,19,1009,10,1029d0827030a7521361d1904eeb3e7e7f2792be5c99abdb5701abb7ee87c137,27753,False,96,,False,True,-1,-1,success_no_alarm,0.9958042,0.997025,0.9970278,0.9970199,0.99656075,,,0.04238637,0.04102556,0.04097309,0.03992671,0.040853936,,,0.15645044,0.15311971,0.15313712,0.15190428,0.15330988,,,0.0024389203,0.001592886,0.0017221139,0.0016811304,0.002023032,,,0.35,0.525,0.325,0.35000002,0.35,,,,0.050177854,0.068560764,0.05274041,0.052924626,,,,0.775,0.95,0.925,0.9,,,,0.6875,0.8375,0.775,0.78125,,,,0.8942806,0.8602029,0.88998103,0.888793,,,,-0.014049038,0.012920871,-0.007782832,-0.0066688657,,,0.10914604,0.1053229,0.10387403,0.1043358,0.10525513,,,0.013599454,0.013203979,0.0130552165,0.012798831,0.0134475175,,,0.49432757,0.48451573,0.48927003,0.5075375,0.4690404,,,0.2048611,0.23680556,0.22847222,0.23125,0.22152779,,,-0.0015017525,-0.0009149821,-0.00087702554,-0.0008791753,-0.0011623447,,,0.01438471,0.012370952,0.010742081,0.00983979,0.010442569,,,,,0.4189026,0.15774788,0.16380511,,,,,,-0.01723907,0.03109499,,,0.99471736,0.99311936,0.99320114,0.99421567,0.9948402,,,0.04515902,0.04848428,0.047398727,0.044025064,0.042695455,,,0.16437796,0.17056453,0.17188728,0.1645029,0.16095445,,,0.0026424276,0.0024917708,0.0038596517,0.00335674,0.0019827709,,,0.425,0.525,0.35000002,0.35000002,0.425,,,,0.09435757,0.09704987,0.08516353,0.08825441,,,,1.0,0.92499995,0.82500005,0.975,,,,0.8875,0.86875,0.85,0.85625005,,,,0.811735,0.8046885,0.8255633,0.82283396,,,,0.011043921,0.010453269,-0.019337878,0.0031205267,,,0.09742782,0.091318905,0.09604467,0.08576004,0.0833451,,,0.009641669,0.009237753,0.009499305,0.008575002,0.008359953,,,0.6078617,0.6282381,0.6236672,0.61643153,0.64954793,,,0.17430554,0.14305556,0.14375,0.15277778,0.13680556,,,-0.0034383973,-0.0046865786,-0.0042793406,-0.0036738934,-0.0031115273,,,0.016472122,0.010760597,0.013523564,0.012266815,0.011529511,,,,,0.20600991,0.07639839,0.1123575,,,,,,-0.03803776,-0.06400063,,,1.120276,1.1533526,1.0815179,1.2166015,1.2628832,,,,,,-0.041912757,-0.06731113,,,,,-0.22278172,-0.1002506,-0.11295755,,,,0.0061572194,0.007752657,-0.021593451,0.0011569858,,
cache_new/HiMoE-VLA/libero_spatial/pick_up_the_black_bowl_next_to_the_plate_and_place_it_on_the_plate/right-50x8b-20260903,right-50x8b-20260903,libero_spatial,libero_spatial/pick_up_the_black_bowl_next_to_the_plate_and_place_it_on_the_plate,154,19,1010,10,1029d0827030a7521361d1904eeb3e7e7f2792be5c99abdb5701abb7ee87c137,27754,False,100,,False,True,-1,-1,success_no_alarm,0.99555624,0.9972605,0.99689573,0.99702674,0.99675417,,,0.042803496,0.040643964,0.04092441,0.039932486,0.040202424,,,0.15821363,0.15171847,0.1538749,0.15275739,0.15168718,,,0.0027499683,0.0013665226,0.0017241605,0.0015235944,0.0019181569,,,0.375,0.425,0.375,0.3,0.3,,,,0.04979781,0.06924512,0.05430654,0.05182132,,,,0.85,0.92499995,0.825,0.95000005,,,,0.72499996,0.78125,0.725,0.75625,,,,0.8951427,0.8630909,0.8860096,0.8918688,,,,-0.016647592,0.009955987,-0.0013846457,-0.014489293,,,0.11354103,0.10348785,0.105874114,0.10202369,0.104138345,,,0.0136409905,0.012905321,0.0131178545,0.0131209055,0.013286962,,,0.5102682,0.5071872,0.51369727,0.4715805,0.4793715,,,0.21944444,0.23194444,0.21597221,0.2236111,0.225,,,-0.0018354333,-0.0005006243,-0.00092519785,-0.0010006123,-0.000816952,,,0.014365418,0.01345612,0.009738289,0.009243576,0.0099533675,,,,,0.39589572,0.1505103,0.11620785,,,,,,0.0098139,0.023994125,,,0.99437654,0.99378014,0.9945692,0.99451673,0.9947773,,,0.046062168,0.04562328,0.04606193,0.046424896,0.043990932,,,0.16696826,0.16734806,0.1672334,0.1668541,0.16321062,,,0.002879007,0.0024960875,0.002455018,0.002873194,0.0019528631,,,0.5,0.375,0.55,0.475,0.5,,,,0.08761233,0.09155096,0.0967871,0.08545177,,,,0.95,1.0,0.925,0.975,,,,0.8625,0.79999995,0.86875,0.84375,,,,0.8208978,0.8147284,0.8052258,0.8247453,,,,0.005668089,0.0072406083,0.009880915,-0.000273481,,,0.09883019,0.090749055,0.08745897,0.082471944,0.0863338,,,0.009651883,0.009205697,0.008949148,0.008132701,0.008486347,,,0.61745733,0.62294763,0.6247958,0.6395348,0.65739214,,,0.15625,0.13541667,0.12569444,0.12777779,0.14027777,,,-0.003850657,-0.004016947,-0.0032770776,-0.0033938885,-0.003107864,,,0.016491275,0.012106874,0.010086456,0.011794348,0.012204915,,,,,0.15182608,0.20842704,0.08143763,,,,,,-0.09047625,-0.04773932,,,1.1488496,1.1403738,1.2105576,1.2370715,1.2062292,,,,,,-0.0928637,-0.050298154,,,,,-0.14452139,-0.2103252,-0.054308407,,,,-0.00015962124,0.004108906,0.0045738816,-0.0033467412,,
cache_new/HiMoE-VLA/libero_spatial/pick_up_the_black_bowl_next_to_the_plate_and_place_it_on_the_plate/right-50x8b-20260903,right-50x8b-20260903,libero_spatial,libero_spatial/pick_up_the_black_bowl_next_to_the_plate_and_place_it_on_the_plate,155,19,1011,10,1029d0827030a7521361d1904eeb3e7e7f2792be5c99abdb5701abb7ee87c137,27755,False,98,,False,True,-1,-1,success_no_alarm,0.99549913,0.9971283,0.9969522,0.9969191,0.9965745,,,0.04310447,0.041124523,0.040722176,0.040653385,0.040760227,,,0.15860459,0.15278636,0.1527339,0.15303424,0.1530486,,,0.0028316258,0.001402983,0.0017976487,0.0017579034,0.0019985416,,,0.375,0.40000004,0.35,0.3,0.325,,,,0.045000814,0.06948557,0.054533575,0.052271526,,,,0.875,0.92499995,0.95,0.87499994,,,,0.68125,0.7875,0.7125,0.7375001,,,,0.9047179,0.8637372,0.8860348,0.89037645,,,,-0.02783303,0.0066760033,-0.0031036437,-0.016231954,,,0.11449009,0.107611015,0.10516039,0.10680019,0.10940305,,,0.013841293,0.013185083,0.013039067,0.01302848,0.013410218,,,0.4961623,0.4847263,0.50420076,0.4867618,0.47977304,,,0.22569443,0.22430554,0.2236111,0.2361111,0.22708333,,,-0.0020840857,-0.00059320254,-0.0008444864,-0.0010070272,-0.0011637034,,,0.015137142,0.013266361,0.011687768,0.009021944,0.010118906,,,,,0.3190363,0.07389196,0.03982193,,,,,,-0.009067701,0.02006927,,,0.99416226,0.9937562,0.9940184,0.9940899,0.9946978,,,0.04708294,0.046284538,0.046091266,0.04615673,0.04370656,,,0.16782066,0.16859157,0.16831286,0.16767526,0.16267106,,,0.0028996447,0.0029457016,0.003024246,0.0033005707,0.0017750331,,,0.5,0.325,0.45000002,0.375,0.4,,,,0.08707551,0.093319,0.09663382,0.08651317,,,,1.0,0.925,0.975,0.975,,,,0.89374995,0.76874995,0.90625,0.8249999,,,,0.8224086,0.8157891,0.8059777,0.82702416,,,,0.0024494529,-0.00036382675,0.011491209,-0.004876137,,,0.10317288,0.096929386,0.0893894,0.086440906,0.08647245,,,0.009891994,0.009466825,0.009245101,0.008666537,0.008545435,,,0.61599416,0.60920507,0.6151751,0.6038492,0.6447919,,,0.16388889,0.15138888,0.13194445,0.14791667,0.14513889,,,-0.0039018907,-0.0040885266,-0.0034681675,-0.0036728098,-0.003305111,,,0.017731503,0.01326089,0.012249608,0.01209725,0.01174812,,,,,0.11044216,0.14480825,0.03603465,,,,,,-0.031116774,-0.04619793,,,1.1096917,1.1102002,1.1764302,1.2355283,1.2651781,,,,,,-0.036171082,-0.050243124,,,,,-0.114832595,-0.14338148,-0.038711745,,,,-0.0042431355,-0.0049642324,0.0037555695,-0.008067012,,
cache_new/HiMoE-VLA/libero_spatial/pick_up_the_black_bowl_next_to_the_plate_and_place_it_on_the_plate/right-50x8b-20260903,right-50x8b-20260903,libero_spatial,libero_spatial/pick_up_the_black_bowl_next_to_the_plate_and_place_it_on_the_plate,156,19,1012,10,1029d0827030a7521361d1904eeb3e7e7f2792be5c99abdb5701abb7ee87c137,27756,False,97,,False,True,-1,-1,success_no_alarm,0.99549884,0.99667484,0.9970274,0.99690604,0.99627817,,,0.043655016,0.041702427,0.040872872,0.04051928,0.041226234,,,0.15888378,0.15520301,0.1538082,0.15332462,0.15530872,,,0.0027928606,0.0017572672,0.0018172547,0.0017447297,0.002217854,,,0.47500002,0.45,0.325,0.35,0.32500002,,,,0.04927797,0.07079701,0.054726787,0.053262383,,,,0.79999995,1.0,0.875,0.95,,,,0.71875,0.86875,0.73749995,0.6875,,,,0.89801264,0.8573531,0.88664234,0.888293,,,,-0.023013413,0.008504063,0.0013794452,-0.0124257505,,,0.11101688,0.108143434,0.106891386,0.10378213,0.10742778,,,0.0134080015,0.013419467,0.013274356,0.012827858,0.013398334,,,0.53389865,0.491993,0.469705,0.4843397,0.49404246,,,0.20208333,0.22152777,0.2236111,0.20347221,0.19652778,,,-0.0015413429,-0.00063650776,-0.0011772041,-0.0008399461,-0.0013743993,,,0.013929152,0.01230401,0.0102063455,0.007568366,0.010182699,,,,,0.3453071,0.09229101,0.06606024,,,,,,-0.02526233,0.017573465,,,0.9942249,0.99345523,0.9936736,0.9941684,0.9942132,,,0.046064027,0.046454526,0.047847174,0.045087986,0.0458285,,,0.16744548,0.17032441,0.17084576,0.16672187,0.16710761,,,0.0030859534,0.0028732454,0.003532799,0.0031978108,0.002076725,,,0.45000002,0.425,0.40000004,0.375,0.625,,,,0.08591891,0.10020842,0.08984416,0.089619204,,,,0.975,0.9,0.975,1.0,,,,0.82500005,0.875,0.875,0.7624999,,,,0.8246202,0.8021085,0.81446874,0.8171577,,,,0.0023051351,0.017462611,-0.0043115765,0.0039182007,,,0.10116301,0.09360566,0.09333368,0.08499527,0.08750468,,,0.009818241,0.009130555,0.009407421,0.008418607,0.0086066555,,,0.62862056,0.6290107,0.61176527,0.62009144,0.6447315,,,0.15486111,0.14513889,0.13402778,0.14513889,0.14097223,,,-0.0037002754,-0.00437959,-0.003920757,-0.0037477254,-0.0033432567,,,0.01836359,0.013177078,0.013603261,0.011734184,0.010072818,,,,,0.19700399,0.08843586,0.087728366,,,,,,-0.042269833,-0.02054774,,,1.0974059,1.1553087,1.1452607,1.2210342,1.2276804,,,,,,-0.037080947,-0.01498946,,,,,-0.20531884,-0.09812267,-0.08747685,,,,-0.004876256,0.013837993,-0.0043115616,-0.0009338856,,
cache_new/HiMoE-VLA/libero_spatial/pick_up_the_black_bowl_next_to_the_plate_and_place_it_on_the_plate/right-50x8b-20260903,right-50x8b-20260903,libero_spatial,libero_spatial/pick_up_the_black_bowl_next_to_the_plate_and_place_it_on_the_plate,157,19,1013,10,1029d0827030a7521361d1904eeb3e7e7f2792be5c99abdb5701abb7ee87c137,27757,False,100,,False,True,-1,-1,success_no_alarm,0.995512,0.9972087,0.9970685,0.9970681,0.996742,,,0.04250625,0.04101208,0.04031915,0.04043749,0.040397584,,,0.15842889,0.15233395,0.15249594,0.1526793,0.15293103,,,0.0026582326,0.0014394775,0.0016906755,0.0016065587,0.0019106241,,,0.42499998,0.4,0.375,0.325,0.3,,,,0.05075369,0.069618665,0.052022986,0.052997515,,,,0.825,0.9,0.95,0.90000004,,,,0.725,0.79375,0.7,0.76250005,,,,0.8923512,0.86366934,0.89013326,0.88945127,,,,-0.01575756,0.008429468,-0.0075365156,-0.0155848265,,,0.10878037,0.10216973,0.10095593,0.10289797,0.10312478,,,0.013396847,0.013126324,0.01302488,0.012968369,0.013171103,,,0.5077231,0.4711725,0.49288404,0.49546707,0.47145113,,,0.20277777,0.23750001,0.22708334,0.22430556,0.19861111,,,-0.0022386122,-0.00086907996,-0.0010337017,-0.0006976648,-0.00099547,,,0.014095656,0.013166496,0.010528989,0.008810969,0.010611987,,,,,0.3507625,0.06039213,0.087370865,,,,,,-0.006563295,0.008258909,,,0.99445975,0.9932058,0.99449563,0.9943861,0.9947176,,,0.04539782,0.04704792,0.045440197,0.04615049,0.044400997,,,0.16570616,0.17097345,0.16712633,0.16687348,0.16364667,,,0.0028104717,0.0031444794,0.0027189425,0.0028946055,0.0017474125,,,0.45000002,0.39999998,0.525,0.4,0.5,,,,0.09159483,0.088788256,0.09547866,0.08277456,,,,1.0,0.9,0.975,1.0,,,,0.8875,0.76875,0.84375,0.78125,,,,0.81305856,0.82072204,0.8060066,0.830111,,,,0.0034787953,0.0014051646,0.007325977,-0.0062244385,,,0.09696772,0.09172977,0.08528332,0.084741265,0.0844921,,,0.009608559,0.009430891,0.008887322,0.008353766,0.008441668,,,0.62196076,0.62805706,0.6321855,0.6344405,0.6438006,,,0.15902779,0.13055556,0.13125,0.12708333,0.13333333,,,-0.0037959837,-0.004513771,-0.0033417605,-0.0034420954,-0.0031449609,,,0.017372843,0.011481516,0.011554643,0.011953273,0.010894014,,,,,0.09806824,0.17261346,0.02670649,,,,,,-0.05402439,-0.043487437,,,1.1218204,1.1138122,1.1837711,1.2142605,1.2205257,,,,,,-0.05406273,-0.04359524,,,,,-0.09532347,-0.1756464,0.007180566,,,,0.0016948581,-0.0038827658,0.0013896823,-0.008853972,,
cache_new/HiMoE-VLA/libero_spatial/pick_up_the_black_bowl_next_to_the_plate_and_place_it_on_the_plate/right-50x8b-20260903,right-50x8b-20260903,libero_spatial,libero_spatial/pick_up_the_black_bowl_next_to_the_plate_and_place_it_on_the_plate,158,19,1014,10,1029d0827030a7521361d1904eeb3e7e7f2792be5c99abdb5701abb7ee87c137,27758,False,98,,False,True,-1,-1,success_no_alarm,0.9956053,0.9971199,0.9968029,0.99703,0.9965703,,,0.043434896,0.040998302,0.041255794,0.04020764,0.040778972,,,0.15849608,0.15238269,0.15369275,0.1522431,0.15376219,,,0.0025907638,0.0014724638,0.0019522267,0.0016597186,0.0020587528,,,0.32500002,0.5,0.3,0.4,0.325,,,,0.050517105,0.07124015,0.053461533,0.052842304,,,,0.79999995,0.9,0.975,0.92499995,,,,0.73125005,0.81875,0.71875,0.70624995,,,,0.8925041,0.85833216,0.8884388,0.8892126,,,,-0.015531823,0.013020977,-0.0036619306,-0.010550275,,,0.112091996,0.10544983,0.10632043,0.100712426,0.105591245,,,0.013716109,0.013126907,0.013028113,0.012739094,0.01308738,,,0.5105932,0.49145198,0.5070186,0.48840964,0.4848916,,,0.20833333,0.22569446,0.21666667,0.22083333,0.20625,,,-0.0016899359,-0.0007755386,-0.0007536796,-0.0011084969,-0.001202967,,,0.013902021,0.012648304,0.010829691,0.010019441,0.010222146,,,,,0.44071913,0.1550177,0.1477674,,,,,,-0.028863681,-0.0017749683,,,0.99469787,0.9934026,0.99375415,0.99423826,0.99468356,,,0.045379415,0.04605104,0.046283748,0.04645501,0.044036113,,,0.16488804,0.16825803,0.16876352,0.16758111,0.16286382,,,0.0026802635,0.002770348,0.003130617,0.0033421388,0.0017472922,,,0.47500002,0.325,0.45,0.3,0.55,,,,0.09395166,0.09732543,0.09578735,0.088066444,,,,0.975,0.925,1.0,0.975,,,,0.875,0.8,0.9,0.8125,,,,0.81001186,0.8061586,0.80274105,0.8220335,,,,0.016871333,0.01232183,0.0055211186,0.0016497523,,,0.096240714,0.09337823,0.08701946,0.08420746,0.08470769,,,0.009538161,0.009250862,0.008865068,0.00843697,0.0083641,,,0.61602116,0.6204318,0.6321104,0.62166816,0.64462554,,,0.16736111,0.13611111,0.12152778,0.13194445,0.12430556,,,-0.0035009133,-0.0043937266,-0.003786542,-0.0037831021,-0.0030871746,,,0.016285652,0.011604538,0.012066857,0.012118306,0.011765067,,,,,0.20636484,0.1886209,0.106795385,,,,,,-0.0530719,-0.062251635,,,1.1647046,1.1292764,1.2218007,1.1960036,1.2465367,,,,,,-0.055551227,-0.06422576,,,,,-0.22693071,-0.19345918,-0.09402616,,,,0.008845389,0.008942008,0.000101566315,-0.0054348707,,
cache_new/HiMoE-VLA/libero_spatial/pick_up_the_black_bowl_next_to_the_plate_and_place_it_on_the_plate/right-50x8b-20260903,right-50x8b-20260903,libero_spatial,libero_spatial/pick_up_the_black_bowl_next_to_the_plate_and_place_it_on_the_plate,159,19,1015,10,1029d0827030a7521361d1904eeb3e7e7f2792be5c99abdb5701abb7ee87c137,27759,False,99,,False,True,-1,-1,success_no_alarm,0.99559045,0.99703574,0.996915,0.9970092,0.99659693,,,0.04352721,0.04144959,0.041167885,0.039758556,0.040755,,,0.15843269,0.15312095,0.15366371,0.15166265,0.15318176,,,0.0026621367,0.0015580424,0.0019803802,0.0016261132,0.001971609,,,0.375,0.47500002,0.3,0.35,0.32500002,,,,0.048914317,0.07047395,0.05438868,0.05201864,,,,0.825,0.975,0.9,0.92499995,,,,0.61875,0.84999996,0.71875,0.74375,,,,0.8987341,0.86064494,0.8858013,0.89177346,,,,-0.022765368,0.008740604,-0.0015487075,-0.016690448,,,0.105957784,0.10858186,0.10847721,0.1021664,0.10401511,,,0.013289717,0.013286042,0.013535666,0.012892342,0.013131498,,,0.49585402,0.49572515,0.45764393,0.5005569,0.47389638,,,0.20555556,0.22222222,0.21805555,0.22222224,0.20486112,,,-0.0021469453,-0.00031653405,-0.00110989,-0.00068411254,-0.001297076,,,0.01464379,0.01236902,0.011180899,0.0092819445,0.009775426,,,,,0.41195267,0.15142822,0.114862815,,,,,,-0.033737015,-0.014094475,,,0.9945049,0.9932879,0.9938833,0.9942892,0.9945787,,,0.04620263,0.046891734,0.047870275,0.0451795,0.04407455,,,0.16661909,0.17035756,0.16982566,0.16496924,0.16399415,,,0.002902792,0.0027312909,0.0031239789,0.003083408,0.0018392511,,,0.45000002,0.4,0.45000002,0.39999998,0.425,,,,0.08989089,0.098237224,0.09652585,0.08450122,,,,1.0,0.875,0.975,0.975,,,,0.84375,0.83125,0.90000004,0.82500005,,,,0.81684613,0.80612427,0.8059458,0.8284986,,,,0.0070138276,0.015313894,0.0061576515,-0.002805397,,,0.095865384,0.09454812,0.08822197,0.084829226,0.08412503,,,0.009533203,0.009206988,0.009112513,0.008549739,0.008279516,,,0.62125415,0.63416386,0.5919306,0.6419883,0.6516468,,,0.17083333,0.14027777,0.14166668,0.14444445,0.12152778,,,-0.0036516045,-0.004533996,-0.0037433743,-0.0037050738,-0.0033519077,,,0.016557949,0.01130154,0.012663063,0.012014569,0.011097537,,,,,0.20163286,0.18486758,0.05039043,,,,,,-0.043344524,-0.075763404,,,1.1052768,1.1484296,1.2295941,1.2043774,1.2364348,,,,,,-0.04784601,-0.07996218,,,,,-0.19288373,-0.19089341,-0.013643,,,,-0.002219081,0.012794316,0.00039082766,-0.010104954,,
cache_new/HiMoE-VLA/libero_spatial/pick_up_the_black_bowl_next_to_the_plate_and_place_it_on_the_plate/right-50x8b-20260903,right-50x8b-20260903,libero_spatial,libero_spatial/pick_up_the_black_bowl_next_to_the_plate_and_place_it_on_the_plate,160,20,1008,10,1029d0827030a7521361d1904eeb3e7e7f2792be5c99abdb5701abb7ee87c137,27760,False,91,,False,True,-1,-1,success_no_alarm,0.99588335,0.9965675,0.996665,0.9964057,0.994015,,,0.0433732,0.043069445,0.042377762,0.04171073,0.04707081,,,0.15628074,0.15534355,0.15675537,0.15515164,0.16498615,,,0.002387102,0.0014591869,0.0018255786,0.0022862686,0.0043756342,,,0.275,0.52500004,0.55,0.45,0.325,,,,0.05010698,0.06943149,0.06821085,0.07594103,,,,0.725,1.0,0.975,0.9,,,,0.675,0.85,0.9125,0.78125,,,,0.89507645,0.85869265,0.85750866,0.85230505,,,,-0.019775167,0.009789214,0.01875779,0.0059619695,,,0.10936546,0.10937232,0.10601667,0.10184995,0.12606442,,,0.013443386,0.012956276,0.013328235,0.012551677,0.014587291,,,0.4967332,0.51434,0.5042378,0.52767503,0.5519931,,,0.21111111,0.21180555,0.20833333,0.21736112,0.21805555,,,-0.0017020262,-0.0011716319,-0.0012389802,-0.0010137174,-0.003526229,,,0.014054657,0.013100978,0.006262553,0.013322581,0.00969543,,,,,0.33867416,0.33325866,0.42929286,,,,,,-0.051076025,0.09577483,,,0.9955872,0.9939854,0.99304247,0.9937519,0.99343413,,,0.044631273,0.04503993,0.047350228,0.04607765,0.045377206,,,0.16179153,0.16601315,0.17201129,0.16822308,0.16790721,,,0.002363248,0.002918236,0.0034660525,0.0029408345,0.0038328741,,,0.45,0.425,0.425,0.5,0.275,,,,0.078122266,0.1000406,0.09596269,0.0937884,,,,0.9,1.0,0.975,0.975,,,,0.79999995,0.86875,0.88125,0.85,,,,0.8391486,0.7964283,0.8069453,0.8064751,,,,-0.018793881,0.013515174,0.013091907,0.003574565,,,0.09207235,0.10057901,0.11352985,0.08538921,0.104978286,,,0.009364822,0.009651555,0.010553116,0.008553905,0.010273639,,,0.5689919,0.58877313,0.611471,0.6597918,0.61853504,,,0.17708334,0.15486112,0.16527778,0.13055556,0.17083333,,,-0.002768766,-0.003601162,-0.00404314,-0.004383769,-0.003577841,,,0.014995994,0.0133520095,0.01083922,0.011852378,0.01141731,,,,,0.26283303,0.22154728,0.19267142,,,,,,-0.11269745,0.070455395,,,1.1878209,1.0874269,0.933822,1.1927731,1.2008618,,,,,,-0.11326233,0.06993101,,,,,-0.25266072,-0.22277035,-0.17905398,,,,-0.025249302,0.0105724335,0.0072042346,0.0035604239,,
cache_new/HiMoE-VLA/libero_spatial/pick_up_the_black_bowl_next_to_the_plate_and_place_it_on_the_plate/right-50x8b-20260903,right-50x8b-20260903,libero_spatial,libero_spatial/pick_up_the_black_bowl_next_to_the_plate_and_place_it_on_the_plate,161,20,1009,9,1029d0827030a7521361d1904eeb3e7e7f2792be5c99abdb5701abb7ee87c137,27761,False,89,,False,True,-1,-1,success_no_alarm,0.9958232,0.99584293,0.9969865,0.9965659,,,,0.042875506,0.04477946,0.041763954,0.04127977,,,,0.1559771,0.15862632,0.15485954,0.15425035,,,,0.0023826477,0.0023373303,0.0015727986,0.0021722612,,,,0.35000002,0.52500004,0.55,0.425,,,,,0.056412145,0.06491406,0.06727312,,,,,0.75,0.975,0.95,,,,,0.71875,0.8375,0.875,,,,,0.8834741,0.8653878,0.8615478,,,,,-0.015021548,0.0052312016,0.016557783,,,,0.10431587,0.11138154,0.11138752,0.10428799,,,,0.012913933,0.013082458,0.013530624,0.012768241,,,,0.5207244,0.5215251,0.49072242,0.5081758,,,,0.19236112,0.21458334,0.22916666,0.21527778,,,,-0.0015963773,-0.002141545,-0.00085637043,-0.0011582515,,,,0.014491615,0.011240321,0.00707059,0.011693219,,,,,,0.23798186,0.28800166,,,,,,,-0.03455165,,,,0.9956099,0.9936954,0.9940015,0.99481833,,,,0.043914024,0.045596763,0.044833146,0.042983606,,,,0.16136463,0.16805688,0.16605893,0.16111068,,,,0.002377385,0.0030712145,0.003123463,0.0020876285,,,,0.425,0.425,0.375,0.45,,,,,0.08275425,0.0944199,0.09002463,,,,,1.0,0.95,0.975,,,,,0.8562499,0.875,0.86875,,,,,0.83011806,0.809181,0.8194681,,,,,-0.010594651,0.011120468,0.011158735,,,,0.08817744,0.10187819,0.11655502,0.083721526,,,,0.009089911,0.00965673,0.010900579,0.008312638,,,,0.56979,0.5955141,0.5605655,0.6653986,,,,0.15763889,0.15069444,0.18680555,0.15763889,,,,-0.0026855264,-0.0041564936,-0.0033535757,-0.0036279224,,,,0.014067334,0.011343084,0.011347393,0.010971695,,,,,,0.19365433,0.14130744,,,,,,,-0.11793268,,,,1.1830221,1.0932815,0.9556647,1.2456533,,,,,,,-0.11981788,,,,,,-0.20651196,-0.15588027,,,,,-0.014993548,0.0069940686,0.010047257,,,
cache_new/HiMoE-VLA/libero_spatial/pick_up_the_black_bowl_next_to_the_plate_and_place_it_on_the_plate/right-50x8b-20260903,right-50x8b-20260903,libero_spatial,libero_spatial/pick_up_the_black_bowl_next_to_the_plate_and_place_it_on_the_plate,162,20,1010,10,1029d0827030a7521361d1904eeb3e7e7f2792be5c99abdb5701abb7ee87c137,27762,False,91,,False,True,-1,-1,success_no_alarm,0.9957119,0.9966272,0.9967927,0.99632627,0.99380195,,,0.043040164,0.043094657,0.04251618,0.041725162,0.04815374,,,0.15711187,0.15500179,0.15634638,0.15534748,0.16610451,,,0.0025014016,0.0013499435,0.0017727627,0.0023698695,0.004691016,,,0.35,0.55,0.425,0.375,0.3,,,,0.04900154,0.07118323,0.06746929,0.07906456,,,,0.75,1.0,0.975,0.92499995,,,,0.71875,0.86875,0.87499994,0.8,,,,0.89602625,0.85449374,0.85983074,0.8475499,,,,-0.020295724,0.016039371,0.018176079,0.012278423,,,0.11082287,0.10952478,0.10578433,0.10414483,0.12822226,,,0.013315616,0.013198401,0.013087738,0.012971024,0.015065743,,,0.5175492,0.52585965,0.50142634,0.4864295,0.51638645,,,0.225,0.23472223,0.1972222,0.21527778,0.20902778,,,-0.0017890839,-0.0011486377,-0.0009682795,-0.0015478955,-0.0035602646,,,0.013475616,0.011685815,0.006303167,0.012697777,0.008976534,,,,,0.37377676,0.33371717,0.4762224,,,,,,-0.0130039565,0.13302985,,,0.99560326,0.9937174,0.993767,0.99450445,0.99265045,,,0.044697985,0.044972286,0.045928426,0.043544993,0.047734085,,,0.16173272,0.16712868,0.1680192,0.1631257,0.17225109,,,0.0024076025,0.0028881049,0.0035265042,0.0025122021,0.0043587973,,,0.45000002,0.425,0.35000002,0.3,0.325,,,,0.080225274,0.095057294,0.09491838,0.09772991,,,,0.95,1.0,1.0,1.0,,,,0.82500005,0.9,0.90625,0.85,,,,0.83484113,0.80642897,0.80943596,0.80113876,,,,-0.013194919,0.009608924,0.018056482,0.0055479705,,,0.09255052,0.100052685,0.11000686,0.08522746,0.11419678,,,0.009291171,0.009690898,0.010106365,0.008640507,0.01109815,,,0.5704777,0.59791976,0.59830976,0.643383,0.60618335,,,0.16736111,0.15625,0.15486112,0.14097223,0.15555555,,,-0.0027417128,-0.0039839437,-0.0035134163,-0.0038441736,-0.0042866333,,,0.01434434,0.012180289,0.011561451,0.0130378455,0.0114861755,,,,,0.20516893,0.20177226,0.22846946,,,,,,-0.09066842,0.15865399,,,1.1974311,1.094671,0.96161574,1.2219633,1.1228185,,,,,,-0.08604383,0.16427334,,,,,-0.19662306,-0.21316765,-0.2236027,,,,-0.018945158,0.007114947,0.014901221,0.0012463927,,
cache_new/HiMoE-VLA/libero_spatial/pick_up_the_black_bowl_next_to_the_plate_and_place_it_on_the_plate/right-50x8b-20260903,right-50x8b-20260903,libero_spatial,libero_spatial/pick_up_the_black_bowl_next_to_the_plate_and_place_it_on_the_plate,163,20,1011,9,1029d0827030a7521361d1904eeb3e7e7f2792be5c99abdb5701abb7ee87c137,27763,False,90,,False,True,-1,-1,success_no_alarm,0.9960695,0.9959809,0.9968455,0.9964571,,,,0.041306015,0.044679336,0.041608468,0.042034388,,,,0.15433535,0.15924034,0.15549406,0.15535283,,,,0.0022114045,0.002090518,0.0017479284,0.002269827,,,,0.32500002,0.52500004,0.45,0.47500002,,,,,0.050957855,0.06543896,0.07044286,,,,,0.725,1.0,0.975,,,,,0.64375,0.85,0.875,,,,,0.89502966,0.86425465,0.8550689,,,,,-0.024809033,0.00791204,0.021494403,,,,0.11066372,0.11673048,0.11056248,0.11286573,,,,0.0134972,0.013245858,0.013573401,0.013202233,,,,0.48888975,0.52186024,0.50181746,0.4863217,,,,0.22986111,0.20347221,0.21944444,0.23472221,,,,-0.0015900313,-0.001710849,-0.00079997734,-0.0011710816,,,,0.013308676,0.0109480675,0.0062064407,0.012093551,,,,,,0.2727051,0.35438845,,,,,,,0.003093087,,,,0.9957234,0.99344355,0.9936864,0.9946145,,,,0.043925975,0.045998644,0.046490002,0.043382112,,,,0.16083127,0.16939642,0.1688113,0.1624766,,,,0.0022498597,0.00325601,0.0031763478,0.0024223584,,,,0.475,0.375,0.375,0.45000002,,,,,0.08036916,0.09450598,0.09354137,,,,,0.95,1.0,0.975,,,,,0.7875,0.875,0.8125,,,,,0.83273125,0.80784214,0.81436557,,,,,-0.015862688,0.0057067126,0.01674977,,,,0.09420717,0.10605921,0.11518076,0.09081717,,,,0.009356552,0.009887042,0.010676198,0.008920101,,,,0.5574675,0.58351886,0.60245925,0.63171834,,,,0.15763889,0.15833333,0.16180557,0.16736111,,,,-0.0025922945,-0.0041868314,-0.003504198,-0.0036933792,,,,0.013505986,0.012180062,0.010830871,0.012896841,,,,,,0.20469299,0.18874879,,,,,,,-0.045644432,,,,1.1746848,1.1006162,0.9599041,1.2427797,,,,,,,-0.050313823,,,,,,-0.1878193,-0.1797329,,,,,-0.02120316,0.0028759837,0.011681497,,,
cache_new/HiMoE-VLA/libero_spatial/pick_up_the_black_bowl_next_to_the_plate_and_place_it_on_the_plate/right-50x8b-20260903,right-50x8b-20260903,libero_spatial,libero_spatial/pick_up_the_black_bowl_next_to_the_plate_and_place_it_on_the_plate,164,20,1012,9,1029d0827030a7521361d1904eeb3e7e7f2792be5c99abdb5701abb7ee87c137,27764,False,89,,False,True,-1,-1,success_no_alarm,0.9960546,0.99582595,0.9969363,0.99650174,,,,0.04243552,0.044475257,0.04201783,0.04101014,,,,0.15464509,0.15863843,0.1545732,0.15446037,,,,0.0022104415,0.0022256274,0.0016608709,0.0023161592,,,,0.325,0.57500005,0.475,0.3,,,,,0.054488778,0.06640488,0.06644875,,,,,0.775,0.975,0.975,,,,,0.74375,0.825,0.84375,,,,,0.8885006,0.863215,0.86238545,,,,,-0.020873234,0.009571001,0.017096639,,,,0.10941854,0.11026215,0.11180188,0.1066962,,,,0.013388112,0.013096971,0.013841482,0.013064221,,,,0.52308834,0.5231299,0.47358477,0.480135,,,,0.22291668,0.2138889,0.22986111,0.2048611,,,,-0.0010873775,-0.0014948732,-0.0011767568,-0.0010894757,,,,0.013670556,0.011498944,0.005006993,0.010705274,,,,,,0.28807393,0.29807884,,,,,,,-0.00898933,,,,0.9956508,0.99358755,0.9940136,0.99486935,,,,0.044316962,0.046169322,0.0444253,0.043918043,,,,0.16165808,0.16918194,0.16564518,0.16213691,,,,0.002330984,0.0030637162,0.00303699,0.0020665606,,,,0.425,0.4,0.45000002,0.45,,,,,0.08268762,0.092832,0.0894168,,,,,0.95,0.975,0.975,,,,,0.8125,0.9,0.86249995,,,,,0.82914543,0.8090778,0.8204427,,,,,-0.008974299,0.011754781,0.0104391575,,,,0.09158066,0.100649916,0.11378151,0.08558345,,,,0.009381201,0.009499199,0.010675302,0.008448692,,,,0.5773505,0.61469305,0.57860345,0.65879786,,,,0.15972222,0.14444444,0.1875,0.1513889,,,,-0.0025301226,-0.0039049005,-0.0032893403,-0.003481445,,,,0.01504795,0.011416577,0.010986762,0.013217536,,,,,,0.18451549,0.1457559,,,,,,,-0.08891757,,,,1.1947778,1.0955017,0.98260146,1.2466921,,,,,,,-0.080413796,,,,,,-0.17909174,-0.16210967,,,,,-0.015811682,0.011401117,0.00667578,,,
cache_new/HiMoE-VLA/libero_spatial/pick_up_the_black_bowl_next_to_the_plate_and_place_it_on_the_plate/right-50x8b-20260903,right-50x8b-20260903,libero_spatial,libero_spatial/pick_up_the_black_bowl_next_to_the_plate_and_place_it_on_the_plate,165,20,1013,9,1029d0827030a7521361d1904eeb3e7e7f2792be5c99abdb5701abb7ee87c137,27765,False,90,,False,True,-1,-1,success_no_alarm,0.99599457,0.99599326,0.9968134,0.99677116,,,,0.04259616,0.04434201,0.04175425,0.041284665,,,,0.15568072,0.15832838,0.15526006,0.1535967,,,,0.002237821,0.0021935354,0.0018272297,0.002061281,,,,0.35,0.57500005,0.47500002,0.5,,,,,0.056775168,0.0671682,0.06768857,,,,,0.775,0.95,0.95,,,,,0.7875,0.8125,0.85625005,,,,,0.883016,0.86031985,0.86044455,,,,,-0.014107853,0.007891476,0.016465753,,,,0.10624294,0.11195935,0.10576343,0.10822452,,,,0.013229711,0.013192289,0.013298417,0.0134841055,,,,0.49342382,0.5202021,0.4999467,0.47371075,,,,0.22500001,0.21666667,0.22361112,0.23541667,,,,-0.0018745593,-0.002058512,-0.0011710299,-0.0008010092,,,,0.013242584,0.011623354,0.0070182746,0.011284562,,,,,,0.27528024,0.29409897,,,,,,,0.028554134,,,,0.99565196,0.993394,0.9937998,0.994705,,,,0.04444876,0.04595212,0.04624316,0.043947857,,,,0.16144451,0.16991168,0.16810492,0.16317995,,,,0.002270154,0.00319487,0.0033086194,0.0022629648,,,,0.5,0.475,0.35,0.675,,,,,0.085247315,0.09462415,0.09215231,,,,,0.9,1.0,0.975,,,,,0.87499994,0.9,0.85,,,,,0.8262055,0.80717087,0.8147325,,,,,-0.007954627,0.009100005,0.017337233,,,,0.08979233,0.10223395,0.10980292,0.08762744,,,,0.009312418,0.009618605,0.010223513,0.008779323,,,,0.5684613,0.6002849,0.6091136,0.6467458,,,,0.1625,0.14930555,0.15347221,0.14583333,,,,-0.0026544146,-0.004247043,-0.0035795611,-0.0036589138,,,,0.015007499,0.011445917,0.011652155,0.011660677,,,,,,0.18747026,0.15697505,,,,,,,-0.0507923,,,,1.1832073,1.0951289,0.9632115,1.2350528,,,,,,,-0.060221225,,,,,,-0.18137676,-0.1539762,,,,,-0.011287332,0.0036883354,0.012837708,,,
cache_new/HiMoE-VLA/libero_spatial/pick_up_the_black_bowl_next_to_the_plate_and_place_it_on_the_plate/right-50x8b-20260903,right-50x8b-20260903,libero_spatial,libero_spatial/pick_up_the_black_bowl_next_to_the_plate_and_place_it_on_the_plate,166,20,1014,9,1029d0827030a7521361d1904eeb3e7e7f2792be5c99abdb5701abb7ee87c137,27766,False,89,,False,True,-1,-1,success_no_alarm,0.99579763,0.9959313,0.9967593,0.99670815,,,,0.04308565,0.044462577,0.042363353,0.040826865,,,,0.15599352,0.15867378,0.15590963,0.15339996,,,,0.0023786922,0.002203545,0.0017935039,0.0020749364,,,,0.375,0.52500004,0.55,0.325,,,,,0.054765046,0.06730677,0.06558756,,,,,0.8,0.975,0.975,,,,,0.725,0.825,0.86875,,,,,0.8863406,0.85921943,0.86426455,,,,,-0.018147096,0.011001915,0.013358325,,,,0.108082704,0.11162757,0.11280487,0.10470437,,,,0.012984836,0.013204975,0.013730681,0.01293035,,,,0.5171176,0.5266988,0.5094255,0.46901456,,,,0.19236112,0.22430554,0.22847223,0.22986111,,,,-0.0016484022,-0.0019873283,-0.0006199287,-0.0012881672,,,,0.012521379,0.011460102,0.006988663,0.012296561,,,,,,0.2900019,0.27242202,,,,,,,-0.028491998,,,,0.9957357,0.99328434,0.9936771,0.9949851,,,,0.044411846,0.046220224,0.045794714,0.042957023,,,,0.16078171,0.17036591,0.16826558,0.16130115,,,,0.0023131496,0.0032865368,0.0033908272,0.0021316563,,,,0.5,0.47500002,0.35000002,0.425,,,,,0.08309447,0.09536515,0.09001921,,,,,0.95,0.975,0.975,,,,,0.84375,0.88124996,0.86875,,,,,0.82973456,0.80647814,0.8187077,,,,,-0.011597738,0.009106368,0.016137749,,,,0.08989229,0.100701906,0.11246301,0.08364841,,,,0.009038635,0.009533729,0.010515604,0.0083370535,,,,0.58453107,0.6021861,0.60177374,0.65349936,,,,0.15555555,0.12986112,0.17222223,0.15138888,,,,-0.0025718973,-0.004372298,-0.0035867498,-0.003654184,,,,0.013809932,0.0109955,0.011656533,0.011062426,,,,,,0.20810318,0.143356,,,,,,,-0.115130216,,,,1.2023579,1.1084951,1.0030397,1.2517197,,,,,,,-0.11217173,,,,,,-0.1947517,-0.15700361,,,,,-0.017781138,0.006635785,0.01295495,,,
cache_new/HiMoE-VLA/libero_spatial/pick_up_the_black_bowl_next_to_the_plate_and_place_it_on_the_plate/right-50x8b-20260903,right-50x8b-20260903,libero_spatial,libero_spatial/pick_up_the_black_bowl_next_to_the_plate_and_place_it_on_the_plate,167,20,1015,22,1029d0827030a7521361d1904eeb3e7e7f2792be5c99abdb5701abb7ee87c137,27767,True,220,object_released_outside_goal,False,True,7,11,failure_detected,0.9958778,0.995828,0.9967488,0.9949094,0.9965813,0.9946903,0.9964832,0.04300484,0.04498046,0.042555936,0.04486194,0.04219666,0.046335407,0.04169677,0.15585712,0.15823464,0.1567769,0.16346407,0.15591672,0.16417588,0.15543768,0.002347718,0.002336866,0.0018667341,0.0032496466,0.001990424,0.0037947972,0.0021366437,0.4,0.55,0.425,0.3,0.375,0.3,0.3,,0.05361438,0.066902,0.083664745,0.066824004,0.075772785,0.07103406,,0.725,0.975,0.95000005,0.92499995,0.975,0.95,,0.7125,0.86875,0.81875,0.7625,0.8375,0.84375,,0.88910174,0.86123204,0.8319473,0.86516047,0.84669197,0.85529494,,-0.023079634,0.0050028563,0.03388889,0.04943019,0.03191778,0.07221021,0.1038368,0.11455785,0.11395116,0.11327766,0.10540886,0.12737232,0.110421225,0.013325315,0.013403593,0.013757109,0.013256299,0.013238132,0.01471683,0.013552545,0.4922853,0.5160052,0.4817078,0.5528811,0.46904758,0.5254862,0.4916321,0.21875,0.21388888,0.22083333,0.17777777,0.21666667,0.20416668,0.21875,-0.001973587,-0.0015076171,-0.0011127621,-0.002485562,-0.0014040491,-0.0027925854,-0.0012377248,0.014626321,0.010554252,0.0066847154,0.012614518,0.009130127,0.007390839,0.011486063,,,0.29530582,0.52765065,0.30151278,0.42304176,0.3678742,,,,-0.0052964734,-0.007104599,0.09969849,0.015144717,0.99571615,0.9936418,0.99327797,0.9927671,0.9942392,0.9918543,0.9942773,0.04387844,0.04574848,0.04610729,0.047342293,0.045527097,0.04894188,0.04420709,0.16032887,0.16856748,0.16967021,0.1721978,0.16645275,0.17591344,0.16517137,0.0022800427,0.003109154,0.0034729145,0.0038516547,0.002311808,0.0051732897,0.0028022681,0.475,0.425,0.3,0.375,0.5,0.275,0.4,,0.08140891,0.09826018,0.10200092,0.10014926,0.10838865,0.100990444,,0.95,1.0,0.9,0.95,1.0,1.0,,0.8,0.8875,0.85625,0.89375,0.9375,0.925,,0.83165157,0.80005056,0.79670703,0.79729915,0.78420496,0.7948791,,-0.0117545575,0.011672288,0.021992952,0.06965782,0.045400143,0.12300986,0.0885339,0.10304065,0.11818786,0.116209574,0.10243104,0.15226832,0.10153774,0.009169738,0.009687748,0.01096,0.01065989,0.0102107255,0.013776739,0.009816332,0.57421356,0.58890617,0.5741992,0.6226791,0.62383544,0.5791362,0.6343589,0.16597223,0.13333333,0.1798611,0.13958333,0.16527778,0.15208334,0.16666666,-0.0026083232,-0.0037752255,-0.0038754228,-0.0039109546,-0.0033802504,-0.003387714,-0.0032348216,0.014456377,0.011287067,0.0108935665,0.012490573,0.00992323,0.010959067,0.011212254,,,0.23516427,0.27289352,0.25483242,0.3336855,0.26355457,,,,0.10750736,0.064508095,0.36329073,0.02506107,1.1728479,1.1117734,0.9641529,0.9747704,1.0290716,0.83649915,1.0874895,,,,0.10890155,0.065852106,0.36539504,0.026460903,,,-0.23587134,-0.27324474,-0.29572403,-0.34818012,-0.2733692,,-0.01820445,0.00986892,0.018469632,0.0696578,0.045400202,0.1230098
cache_new/HiMoE-VLA/libero_spatial/pick_up_the_black_bowl_next_to_the_plate_and_place_it_on_the_plate/right-50x8b-20260903,right-50x8b-20260903,libero_spatial,libero_spatial/pick_up_the_black_bowl_next_to_the_plate_and_place_it_on_the_plate,168,21,1008,11,1029d0827030a7521361d1904eeb3e7e7f2792be5c99abdb5701abb7ee87c137,27768,False,101,,False,True,-1,-1,success_no_alarm,0.99579227,0.99551123,0.99701536,0.9973147,0.9943013,0.99506706,,0.042800277,0.044737794,0.041163612,0.04005152,0.045904964,0.043819238,,0.1559689,0.16162576,0.15371159,0.15109876,0.16346213,0.16012123,,0.0021660528,0.0027712253,0.0013678984,0.0015033691,0.00424706,0.0028219428,,0.25,0.375,0.5,0.32500002,0.3,0.45,,,0.0527601,0.06058817,0.05057166,0.07247119,0.08282223,,,0.725,0.95,0.85,0.95,1.0,,,0.58125,0.8,0.73125,0.79375005,0.8375,,,0.89261484,0.875433,0.8941956,0.85438985,0.83975923,,,-0.026343688,-0.006530106,-0.023194626,-0.0013371259,0.03242877,,0.10936451,0.11557316,0.106393486,0.10077489,0.1265176,0.1149321,,0.013317846,0.013738828,0.01368488,0.012836771,0.014748864,0.013863518,,0.5016327,0.523853,0.49483222,0.50075704,0.54284155,0.5193927,,0.19722222,0.2125,0.23472221,0.22638889,0.21527778,0.20763889,,-0.0017806224,-0.0020678677,-0.00084685977,-0.00027326326,-0.0034882382,-0.0025804103,,0.014504414,0.0139391925,0.0062367003,0.009348275,0.010455158,0.011385471,,,,0.24591437,0.061008424,0.41056067,0.5390104,,,,,-0.04536528,0.08769795,0.029795635,,0.99566936,0.993535,0.99414146,0.99344945,0.99336183,0.99394214,,0.043102268,0.04614361,0.044426274,0.046116434,0.04714168,0.04598362,,0.16106622,0.16897835,0.16623192,0.16867974,0.16973056,0.16875178,,0.001806093,0.0029522025,0.0027563488,0.0031754188,0.0044702073,0.0028135157,,0.45,0.47500002,0.35000002,0.475,0.3,0.45,,,0.082547545,0.087364025,0.09010303,0.099866435,0.09991759,,,0.8,1.0,1.0,0.95000005,0.92499995,,,0.76874995,0.85,0.875,0.84375,0.84375,,,0.8294848,0.818089,0.8167741,0.8017615,0.79817545,,,0.00078615546,0.0011775792,-0.006354004,0.011345372,0.014389932,,0.08875203,0.09835828,0.10026363,0.08752133,0.10518477,0.0950185,,0.008953709,0.009500508,0.009850731,0.008650486,0.010404035,0.0092341285,,0.5612906,0.6363936,0.60563993,0.64876145,0.6125823,0.6123609,,0.15416667,0.15,0.15138888,0.15763889,0.14652778,0.14652778,,-0.002768955,-0.0043438175,-0.0031004173,-0.0043006325,-0.0045115002,-0.0036264434,,0.015151238,0.012638899,0.012865203,0.01029002,0.012320557,0.009342253,,,,0.11975381,0.15815648,0.2596614,0.26074177,,,,,-0.064848535,0.11942808,0.00065666717,,1.232248,1.1750221,1.0611373,1.1514324,1.2028128,1.209576,,,,,-0.06547356,0.1191047,-0.00018282417,,,,-0.09115976,-0.17711753,-0.25999242,-0.24059969,,,-0.0011359453,-0.0010514259,-0.012525439,0.0068460703,0.013858438,
cache_new/HiMoE-VLA/libero_spatial/pick_up_the_black_bowl_next_to_the_plate_and_place_it_on_the_plate/right-50x8b-20260903,right-50x8b-20260903,libero_spatial,libero_spatial/pick_up_the_black_bowl_next_to_the_plate_and_place_it_on_the_plate,169,21,1009,10,1029d0827030a7521361d1904eeb3e7e7f2792be5c99abdb5701abb7ee87c137,27769,False,93,,False,True,-1,-1,success_no_alarm,0.9958955,0.9953297,0.9974222,0.996365,0.99498355,,,0.041863307,0.045397796,0.040487796,0.041145597,0.044506773,,,0.15542157,0.16175105,0.15221532,0.15469313,0.16088,,,0.0020164622,0.0030798651,0.0013561692,0.0021089888,0.0033533862,,,0.35000002,0.3,0.375,0.3,0.39999998,,,,0.059634842,0.05890732,0.05716831,0.06960889,,,,0.79999995,0.95,0.95,0.92499995,,,,0.6125001,0.775,0.825,0.8125,,,,0.8806924,0.8755311,0.87927306,0.85977674,,,,-0.016346037,-0.0006160587,-0.015726015,-0.0012603849,,,0.10402851,0.11634281,0.10031538,0.10387473,0.117723905,,,0.013099075,0.014099047,0.012754571,0.012697664,0.013931273,,,0.51168096,0.51344115,0.47763172,0.52455986,0.53137934,,,0.19375001,0.23055556,0.20347223,0.22777778,0.21666667,,,-0.0014943401,-0.0024441485,-0.00053204555,-0.0015990087,-0.002785345,,,0.01421855,0.011733681,0.0061669727,0.012159048,0.0128580835,,,,,0.1642108,0.14404266,0.339688,,,,,,-0.020711089,0.0703217,,,0.99563056,0.99337316,0.99374163,0.9935387,0.9947765,,,0.042934656,0.046882734,0.04571823,0.04574898,0.043684773,,,0.16151139,0.16927096,0.16919877,0.16887388,0.16263291,,,0.0017186054,0.0032674812,0.0030259315,0.003385169,0.0028601917,,,0.375,0.425,0.375,0.47500002,0.32500002,,,,0.08560607,0.09766503,0.09380184,0.09188846,,,,0.79999995,1.0,1.0,0.95,,,,0.775,0.89375,0.8875,0.875,,,,0.82341415,0.802581,0.8090831,0.8153211,,,,0.0034757107,0.0147805065,-0.002964884,0.009053022,,,0.0850187,0.10050868,0.09978256,0.08800796,0.09151378,,,0.008776017,0.009846516,0.009508909,0.008868068,0.009188739,,,0.56659436,0.6241914,0.6092211,0.6695453,0.6480435,,,0.13472222,0.1513889,0.16180556,0.12569445,0.15069446,,,-0.0027901432,-0.0042452714,-0.0033137617,-0.0045475652,-0.0034103473,,,0.014151657,0.012250802,0.014173183,0.014058582,0.01481298,,,,,0.20570171,0.16415,0.1469879,,,,,,-0.030747093,0.003946474,,,1.2235956,1.15754,1.0053399,1.180288,1.2864063,,,,,,-0.032482374,0.0030392667,,,,,-0.18998711,-0.22039345,-0.17947578,,,,-0.0014671087,0.009377301,-0.012046695,0.008493245,,
cache_new/HiMoE-VLA/libero_spatial/pick_up_the_black_bowl_next_to_the_plate_and_place_it_on_the_plate/right-50x8b-20260903,right-50x8b-20260903,libero_spatial,libero_spatial/pick_up_the_black_bowl_next_to_the_plate_and_place_it_on_the_plate,170,21,1010,10,1029d0827030a7521361d1904eeb3e7e7f2792be5c99abdb5701abb7ee87c137,27770,False,94,,False,True,-1,-1,success_no_alarm,0.9955113,0.995922,0.9971072,0.99697995,0.99421215,,,0.043058448,0.044226624,0.041127197,0.04005822,0.04601132,,,0.1576625,0.16027689,0.15360186,0.15216559,0.16341451,,,0.002362044,0.0023038108,0.0013961552,0.0016735287,0.004221555,,,0.35000002,0.45000002,0.35000002,0.425,0.3,,,,0.05228349,0.061197452,0.053762518,0.07640798,,,,0.79999995,0.95,0.975,0.95,,,,0.59375,0.825,0.8125,0.8625001,,,,0.8927452,0.87396455,0.88867027,0.85054106,,,,-0.022815987,-0.0010930449,-0.021574453,0.005066201,,,0.11089705,0.113970675,0.103725195,0.0995551,0.12323864,,,0.013400596,0.01381888,0.013285032,0.012846794,0.0145139,,,0.52237105,0.5166892,0.48050737,0.489245,0.52878076,,,0.22013889,0.22083333,0.20625,0.20486112,0.22013889,,,-0.00199321,-0.001813041,-0.0006217173,-0.00095397054,-0.0033913087,,,0.013527199,0.01426734,0.0056956117,0.0087323245,0.0097794775,,,,,0.23498091,0.10443844,0.44367462,,,,,,-0.032720156,0.084925264,,,0.9956654,0.9933584,0.9941509,0.9940072,0.99320614,,,0.043496106,0.04774051,0.04482915,0.045801014,0.047322534,,,0.16136453,0.17100543,0.16603395,0.16762413,0.1715678,,,0.0018246328,0.002908588,0.0028301983,0.0027640709,0.00438542,,,0.5,0.5,0.4,0.425,0.3,,,,0.08527521,0.087949365,0.09063695,0.09852138,,,,0.95,0.95,0.975,0.95,,,,0.77500004,0.84375,0.8375,0.84375,,,,0.8255624,0.82033116,0.8158004,0.80175054,,,,0.0025957972,0.003957078,-0.0019498467,0.015578806,,,0.08872317,0.09718256,0.0977294,0.082323074,0.10470699,,,0.009137878,0.009555756,0.00936497,0.0083258245,0.010212972,,,0.5604881,0.6306251,0.6187595,0.63851,0.63631773,,,0.16805556,0.14513889,0.15208334,0.11736111,0.13819444,,,-0.0027600809,-0.0045042085,-0.0033802502,-0.0038666343,-0.004529524,,,0.015409153,0.01448512,0.012167482,0.011267538,0.0107129915,,,,,0.12923142,0.16530184,0.25072652,,,,,,-0.07450534,0.12963706,,,1.2499222,1.1727482,1.061351,1.2093219,1.1769859,,,,,,-0.08689868,0.1173979,,,,,-0.1543661,-0.17343281,-0.28299695,,,,-0.00316298,0.0005803704,-0.009146988,0.008503795,,
cache_new/HiMoE-VLA/libero_spatial/pick_up_the_black_bowl_next_to_the_plate_and_place_it_on_the_plate/right-50x8b-20260903,right-50x8b-20260903,libero_spatial,libero_spatial/pick_up_the_black_bowl_next_to_the_plate_and_place_it_on_the_plate,171,21,1011,10,1029d0827030a7521361d1904eeb3e7e7f2792be5c99abdb5701abb7ee87c137,27771,False,94,,False,True,-1,-1,success_no_alarm,0.99582344,0.99591017,0.9971127,0.99696845,0.9939567,,,0.041115053,0.044419885,0.041367725,0.040203005,0.046226166,,,0.1545465,0.16048071,0.15366429,0.15211067,0.16359219,,,0.0020661135,0.0024070004,0.0013822934,0.0017817746,0.004439096,,,0.32500002,0.325,0.35,0.45000002,0.25,,,,0.054484602,0.059980333,0.052856486,0.07739431,,,,0.875,0.95,0.975,1.0,,,,0.56875,0.81875,0.81874996,0.85625,,,,0.889917,0.8754288,0.89065206,0.8521632,,,,-0.021109834,-0.0015250444,-0.026394963,-0.00037756562,,,0.1108751,0.118596345,0.10703087,0.10580876,0.12742169,,,0.0133359665,0.014306695,0.01351475,0.012898533,0.014986331,,,0.49792248,0.50687957,0.49189067,0.48544326,0.53451717,,,0.21944445,0.23472221,0.22291668,0.20694444,0.22847223,,,-0.0018080536,-0.0017173155,-0.0004492359,-0.00079818873,-0.003832702,,,0.01358638,0.012981988,0.0074404934,0.009109672,0.009868428,,,,,0.21106654,0.08319419,0.45063788,,,,,,-0.02910149,0.11702488,,,0.99577504,0.9931654,0.9943476,0.9939024,0.9928281,,,0.042647347,0.047529195,0.044673298,0.04633928,0.047315024,,,0.16026756,0.17042856,0.1649091,0.16817978,0.17176828,,,0.001737833,0.0031745418,0.0026745538,0.0030020948,0.004697775,,,0.475,0.375,0.42499998,0.45,0.275,,,,0.08564374,0.0847007,0.08988468,0.10003041,,,,0.875,0.95000005,0.95000005,0.9,,,,0.81874996,0.80625,0.875,0.85625005,,,,0.8246002,0.8256902,0.81604445,0.800339,,,,0.0035461783,0.00019741058,-0.0021815598,0.011629596,,,0.0902332,0.10249939,0.10031983,0.086500324,0.107299164,,,0.008989322,0.010071361,0.009782601,0.008381881,0.01033064,,,0.55185944,0.62037843,0.6079575,0.6201649,0.6445013,,,0.16458334,0.15347221,0.15277778,0.14652778,0.15347223,,,-0.002576283,-0.004530281,-0.0029299653,-0.003938128,-0.0048624827,,,0.013673579,0.013810782,0.012856649,0.011085667,0.011007898,,,,,0.1016922,0.16196287,0.27309874,,,,,,-0.0684486,0.14059411,,,1.2287617,1.1570444,1.0668964,1.2232181,1.1875367,,,,,,-0.06839645,0.14064543,,,,,-0.09051798,-0.17754519,-0.278499,,,,-0.0014404058,-0.0026586652,-0.006537199,0.0059387684,,
cache_new/HiMoE-VLA/libero_spatial/pick_up_the_black_bowl_next_to_the_plate_and_place_it_on_the_plate/right-50x8b-20260903,right-50x8b-20260903,libero_spatial,libero_spatial/pick_up_the_black_bowl_next_to_the_plate_and_place_it_on_the_plate,172,21,1012,11,1029d0827030a7521361d1904eeb3e7e7f2792be5c99abdb5701abb7ee87c137,27772,False,103,,False,True,-1,-1,success_no_alarm,0.99586356,0.99518085,0.9971049,0.99709535,0.9943627,0.9955374,,0.042132266,0.045891546,0.04123479,0.040372986,0.045765728,0.0428279,,0.15547433,0.16303945,0.15335156,0.15223224,0.16439298,0.1571575,,0.0020039245,0.0030959803,0.0012852091,0.0017834946,0.0041484623,0.0025426776,,0.325,0.4,0.47500002,0.275,0.325,0.45,,,0.060782723,0.062935196,0.055202622,0.07282337,0.08184886,,,0.79999995,0.92499995,0.84999996,0.95,0.95,,,0.5875,0.84375,0.76875,0.8125,0.81875,,,0.877921,0.8681781,0.88645375,0.85597366,0.840019,,,-0.015681803,0.0009665936,-0.015799671,-0.00438191,0.03222686,,0.1080968,0.117558114,0.112042755,0.106841475,0.12157448,0.11387837,,0.013097204,0.014007691,0.01399407,0.013180096,0.014251163,0.0136080915,,0.5274042,0.52790827,0.47022533,0.48143405,0.5388622,0.5150376,,0.19652778,0.20972222,0.24305555,0.22569445,0.20347221,0.21458334,,-0.001271141,-0.0020054723,-0.0009976885,-0.00057789613,-0.0035545547,-0.0021385183,,0.014212857,0.013305827,0.0066341506,0.007752763,0.012188804,0.012086918,,,,0.25023806,0.11725013,0.38654754,0.5042412,,,,,-0.010689754,0.06398684,0.020951202,,0.99571896,0.9933316,0.99421936,0.9932152,0.9936171,0.9937494,,0.043807223,0.04660058,0.04496833,0.04666024,0.045457788,0.046422403,,0.16174771,0.16966343,0.16604649,0.17029172,0.16796261,0.16927359,,0.0017330176,0.0034726048,0.0023673412,0.0033832428,0.004336405,0.002706147,,0.45,0.42499998,0.35,0.375,0.25,0.575,,,0.08840164,0.08424379,0.0930427,0.10314566,0.09985096,,,0.77500004,0.92499995,0.975,1.0,0.975,,,0.775,0.79999995,0.875,0.84999996,0.86875,,,0.81857336,0.82810086,0.8105618,0.7930424,0.7978913,,,0.0076783597,-0.009907678,-0.005041048,0.01713188,0.01712823,,0.08754845,0.10167132,0.10266716,0.090253025,0.114509135,0.097483575,,0.0088472525,0.009900935,0.010111708,0.008902755,0.011110282,0.009218279,,0.5696954,0.63277644,0.58582115,0.62129956,0.5935061,0.610066,,0.14444445,0.14930555,0.15416667,0.12986112,0.14583334,0.15972221,,-0.0024871961,-0.004320376,-0.0028498215,-0.004481816,-0.004088234,-0.003836142,,0.016013432,0.012205066,0.012058655,0.010824032,0.013170775,0.009583291,,,,0.05130188,0.15524733,0.25841653,0.22546808,,,,,-0.041831627,0.17935978,-0.007401853,,1.2347083,1.1562563,1.0913203,1.1837994,1.061701,1.1681801,,,,,-0.042985085,0.17852515,-0.008157413,,,,-0.0434293,-0.1473566,-0.264659,-0.20115156,,,0.0033495426,-0.011119664,-0.0075269938,0.015050292,0.014143348,
cache_new/HiMoE-VLA/libero_spatial/pick_up_the_black_bowl_next_to_the_plate_and_place_it_on_the_plate/right-50x8b-20260903,right-50x8b-20260903,libero_spatial,libero_spatial/pick_up_the_black_bowl_next_to_the_plate_and_place_it_on_the_plate,173,21,1013,10,1029d0827030a7521361d1904eeb3e7e7f2792be5c99abdb5701abb7ee87c137,27773,False,92,,False,True,-1,-1,success_no_alarm,0.99591714,0.9955839,0.99717367,0.9971118,0.99447095,,,0.042003214,0.045638107,0.041430097,0.039713554,0.046066515,,,0.15576689,0.16198277,0.15379795,0.15116079,0.16311552,,,0.0019469641,0.002843286,0.0012132688,0.0016474733,0.004070778,,,0.37500003,0.35000002,0.39999998,0.35000002,0.3,,,,0.057090655,0.059215836,0.050386842,0.07617874,,,,0.775,0.925,0.95,0.9,,,,0.625,0.80625,0.775,0.81875,,,,0.88641316,0.8757918,0.8949003,0.8527005,,,,-0.019383937,-0.006979674,-0.026058123,-0.0025006682,,,0.104972735,0.11723149,0.10330157,0.10362646,0.12560056,,,0.013288505,0.014258625,0.013374771,0.013189179,0.014809305,,,0.49696565,0.5052758,0.49284458,0.5062258,0.53082407,,,0.21319444,0.21944444,0.21736112,0.22152779,0.23958333,,,-0.0019232131,-0.0024253165,-0.0008135296,-0.0005511872,-0.0035435995,,,0.01302526,0.012998899,0.007795451,0.008801425,0.011382867,,,,,0.17049669,0.009548401,0.4093404,,,,,,0.005406602,0.11643933,,,0.99569,0.99335134,0.9943648,0.9938778,0.9930396,,,0.04305502,0.04709432,0.04500923,0.046603136,0.047196805,,,0.16101849,0.16999371,0.16467449,0.16896766,0.17075296,,,0.0015977188,0.0032418729,0.0024601773,0.0028724715,0.0047076126,,,0.425,0.425,0.475,0.5,0.275,,,,0.08664715,0.08255106,0.0912808,0.10105802,,,,0.9,0.975,0.95000005,1.0,,,,0.8249999,0.75,0.85625,0.89375,,,,0.82262295,0.8296902,0.8126632,0.7973846,,,,0.0072817653,-0.0040887296,0.005139783,0.014171571,,,0.08521499,0.101491734,0.0975646,0.08526159,0.10860674,,,0.008815013,0.009857078,0.009499326,0.008516782,0.010474093,,,0.57085043,0.62970406,0.6061969,0.6463707,0.6305513,,,0.15208334,0.15277779,0.13819444,0.12083334,0.13819444,,,-0.0027419194,-0.004296488,-0.0030330345,-0.0038949081,-0.0046224636,,,0.014038475,0.012178529,0.013093272,0.010460082,0.012089132,,,,,0.03326161,0.13349189,0.23873721,,,,,,-0.043343116,0.16340879,,,1.2318577,1.1550841,1.0588018,1.2153944,1.1564711,,,,,,-0.044457298,0.16240904,,,,,0.025344055,-0.12338992,-0.2198777,,,,0.0015332103,-0.006607175,0.00318259,0.008170009,,
cache_new/HiMoE-VLA/libero_spatial/pick_up_the_black_bowl_next_to_the_plate_and_place_it_on_the_plate/right-50x8b-20260903,right-50x8b-20260903,libero_spatial,libero_spatial/pick_up_the_black_bowl_next_to_the_plate_and_place_it_on_the_plate,174,21,1014,22,1029d0827030a7521361d1904eeb3e7e7f2792be5c99abdb5701abb7ee87c137,27774,False,213,,False,True,10,17,success_alarm,0.9957149,0.99540657,0.99695706,0.997217,0.9939909,0.9955924,0.99610084,0.042246073,0.045843937,0.041700013,0.039277148,0.047022857,0.04302284,0.041463234,0.15630493,0.16225602,0.15487377,0.15063201,0.16566867,0.15759473,0.15718687,0.0021440731,0.003003419,0.0013520587,0.0016202829,0.0044779815,0.0024182652,0.002062158,0.3,0.35,0.47500002,0.275,0.275,0.375,0.22500001,,0.05639358,0.06403463,0.05412751,0.07638278,0.078465186,0.0433081,,0.85,0.875,0.92499995,0.975,0.9,0.8,,0.6125,0.86249995,0.80625,0.79375,0.8125,0.575,,0.8875854,0.866566,0.8868749,0.85071373,0.8476999,0.90808165,,-0.021314323,0.0007365495,-0.015678167,-0.0024193823,0.021863028,-0.03950472,0.106175676,0.11442932,0.107666366,0.10285699,0.12714636,0.11812192,0.11662805,0.012815667,0.014094445,0.013407361,0.013086974,0.014572894,0.014069051,0.014326788,0.5253779,0.5161914,0.5044174,0.49084583,0.52872086,0.49764186,0.48825133,0.18819445,0.22430556,0.20902777,0.23750001,0.22013888,0.2263889,0.21805555,-0.0017043825,-0.0023443643,-0.00043451416,-0.0009071913,-0.0038919845,-0.0020582196,-0.0012525839,0.013249884,0.011462618,0.008526222,0.008237769,0.010643041,0.012247192,0.012713743,,,0.2688042,0.0988837,0.4336904,0.45943075,-0.12552187,,,,-0.019032022,0.08635005,0.052226856,0.07278106,0.99571323,0.9934455,0.9944022,0.99321085,0.9932626,0.99385893,0.99231416,0.043227173,0.046190586,0.04405993,0.04722429,0.04612568,0.046597764,0.0484935,0.16130143,0.16895802,0.1645498,0.17173794,0.16933718,0.16946888,0.17285457,0.0018166872,0.0032485458,0.0023983154,0.0031873027,0.0046523544,0.0026345165,0.003015647,0.4,0.42499998,0.32500002,0.4,0.325,0.47500002,0.4,,0.086743936,0.0833427,0.09211663,0.10350856,0.09735528,0.06227891,,0.84999996,0.975,1.0,1.0,0.975,0.8,,0.77500004,0.78125,0.85625005,0.85625,0.88124996,0.6,,0.82367253,0.8292321,0.8121026,0.7917198,0.8021402,0.8682831,,0.0039794743,-0.0060930997,-0.0016556084,0.021464005,0.012800023,-0.060908496,0.08692402,0.09946259,0.09972951,0.08863326,0.117683016,0.09617816,0.11631723,0.008935894,0.009945376,0.009664245,0.008777296,0.011312529,0.009365725,0.010993144,0.57286906,0.62168956,0.61658376,0.628796,0.59741664,0.58985347,0.6067486,0.15833333,0.15347221,0.14861111,0.12847224,0.15625,0.14097223,0.15486111,-0.0026965847,-0.004215845,-0.0028436298,-0.004506238,-0.004485875,-0.003695718,-0.0040226053,0.014493975,0.011540596,0.012453722,0.010054134,0.012754502,0.010889659,0.011789072,,,0.059526905,0.16241589,0.27827877,0.2174257,-0.23041932,,,,-0.03510525,0.21848485,0.02927382,0.1901311,1.2214769,1.150476,1.0795839,1.1604785,1.0804138,1.2281574,1.0026722,,,,-0.041663665,0.2120789,0.023224715,0.18343964,,,-0.037968237,-0.16782995,-0.29135272,-0.21365452,0.21349224,,0.0012258291,-0.0060931444,-0.004600942,0.015753448,0.008710742,-0.065567374
cache_new/HiMoE-VLA/libero_spatial/pick_up_the_black_bowl_next_to_the_plate_and_place_it_on_the_plate/right-50x8b-20260903,right-50x8b-20260903,libero_spatial,libero_spatial/pick_up_the_black_bowl_next_to_the_plate_and_place_it_on_the_plate,175,21,1015,10,1029d0827030a7521361d1904eeb3e7e7f2792be5c99abdb5701abb7ee87c137,27775,False,91,,False,True,-1,-1,success_no_alarm,0.9958776,0.9953909,0.9973836,0.99650365,0.9945351,,,0.041718144,0.045469686,0.040450096,0.040817384,0.04655625,,,0.1551645,0.1609954,0.15202546,0.15378466,0.16398475,,,0.0020287933,0.0030847325,0.0013449731,0.0021456555,0.003925401,,,0.325,0.275,0.4,0.35000002,0.3,,,,0.059044015,0.055642106,0.054360315,0.07770852,,,,0.825,0.9,0.975,0.95,,,,0.7125,0.7875,0.78749996,0.8125,,,,0.88089275,0.8834421,0.8865408,0.8481859,,,,-0.016710028,-0.0071843415,-0.014900282,0.008476734,,,0.10328563,0.12223288,0.10773411,0.09829462,0.12678096,,,0.013036334,0.014252046,0.013879871,0.0125610195,0.014918629,,,0.49661914,0.52179253,0.4415678,0.5157009,0.52284855,,,0.21388888,0.22013888,0.23124999,0.20138888,0.22152779,,,-0.0019750316,-0.001797511,-0.0004570267,-0.0010198056,-0.0034227816,,,0.013843136,0.011076736,0.006561681,0.00999633,0.010716338,,,,,0.12289516,0.10579845,0.44658363,,,,,,-0.06427033,0.10535979,,,0.99575955,0.9936566,0.99334496,0.9947189,0.9927492,,,0.04264413,0.046552777,0.04600835,0.045141764,0.04811766,,,0.16035855,0.16900322,0.16955805,0.16584074,0.17244193,,,0.0017582646,0.003310219,0.0027408015,0.0023688546,0.004689554,,,0.45,0.35000002,0.35000002,0.55,0.3,,,,0.08572916,0.09001209,0.089396045,0.10035586,,,,0.875,0.925,0.975,1.0,,,,0.80625,0.81875,0.8875,0.90625,,,,0.8235984,0.8131865,0.8150811,0.79803026,,,,0.006467238,0.005787879,0.0019405335,0.015956014,,,0.084972695,0.10512356,0.10090376,0.082277656,0.10653684,,,0.008783995,0.010183457,0.009579306,0.008355519,0.010234324,,,0.5685997,0.6192818,0.59650445,0.64805686,0.6279171,,,0.16111112,0.16597223,0.15416667,0.13055556,0.13263889,,,-0.002708761,-0.0038271644,-0.0041895835,-0.0031683333,-0.0049256347,,,0.014732884,0.012786323,0.011393592,0.012702126,0.012426993,,,,,0.15422003,0.15062329,0.26554865,,,,,,-0.049320735,0.15344079,,,1.2155156,1.1627544,1.0676917,1.1946697,1.1900198,,,,,,-0.050138086,0.15268688,,,,,-0.16293907,-0.16300412,-0.25124252,,,,0.0033178926,0.0028791428,0.0011776686,0.011346161,,
cache_new/HiMoE-VLA/libero_spatial/pick_up_the_black_bowl_next_to_the_plate_and_place_it_on_the_plate/right-50x8b-20260903,right-50x8b-20260903,libero_spatial,libero_spatial/pick_up_the_black_bowl_next_to_the_plate_and_place_it_on_the_plate,176,22,1008,10,1029d0827030a7521361d1904eeb3e7e7f2792be5c99abdb5701abb7ee87c137,27776,False,95,,False,True,-1,-1,success_no_alarm,0.9959004,0.9965217,0.99700445,0.996948,0.9963448,,,0.04274535,0.04274573,0.041018363,0.040584333,0.041148253,,,0.15650472,0.15634453,0.15398826,0.15289524,0.15340826,,,0.0024875056,0.001748324,0.0018855662,0.0017851111,0.001996254,,,0.35,0.525,0.4,0.3,0.3,,,,0.05575116,0.07066877,0.056257207,0.059483804,,,,0.8249999,0.92499995,0.975,0.92499995,,,,0.6875,0.86875004,0.82500005,0.85625,,,,0.88807034,0.85882056,0.8816411,0.87554955,,,,-0.013617188,0.010086402,-0.0012558103,-2.515316e-05,,,0.109305486,0.10732606,0.10000191,0.10115349,0.1095493,,,0.013425177,0.012935378,0.012601616,0.012626693,0.013516522,,,0.49879563,0.52636474,0.49324653,0.5169937,0.50834084,,,0.1888889,0.20555554,0.19444445,0.21527778,0.22152777,,,-0.0016233099,-0.0012572447,-0.0010536861,-0.00072884525,-0.0014419542,,,0.015414505,0.013832701,0.009764828,0.011896439,0.01084293,,,,,0.37859973,0.15562779,0.21222788,,,,,,-0.020171076,0.046284977,,,0.99562985,0.99308276,0.99372065,0.99357426,0.9947764,,,0.043400705,0.047505498,0.047118172,0.046107512,0.04487285,,,0.16141027,0.16814107,0.16985926,0.16829157,0.16229397,,,0.0020722877,0.003126937,0.0036267187,0.004014436,0.0024043517,,,0.3,0.4,0.37500003,0.25,0.425,,,,0.08965661,0.09776133,0.092896104,0.098805875,,,,0.975,0.95,0.975,1.0,,,,0.86875,0.8625,0.90625,0.94374996,,,,0.81949383,0.80578387,0.81355506,0.80809647,,,,0.0044013113,0.014025584,0.0047922283,0.023401707,,,0.08663882,0.09575271,0.09026709,0.088299274,0.08284857,,,0.0089023,0.009332162,0.009034006,0.00879197,0.008485916,,,0.57968444,0.6251844,0.6105354,0.6454376,0.6230405,,,0.14444445,0.15069444,0.12430556,0.14652778,0.13958333,,,-0.0028838222,-0.004736471,-0.0040249443,-0.004475384,-0.0030725044,,,0.014206978,0.012975244,0.014041936,0.0146522485,0.0114384005,,,,,0.21893765,0.16728152,0.22827281,,,,,,-0.001767741,-0.038272243,,,1.2616224,1.1208671,1.1078446,1.1455756,1.3222835,,,,,,-0.0073794536,-0.042810444,,,,,-0.2212239,-0.18189043,-0.23009305,,,,5.77569e-05,0.009046316,7.349253e-05,0.017730892,,
cache_new/HiMoE-VLA/libero_spatial/pick_up_the_black_bowl_next_to_the_plate_and_place_it_on_the_plate/right-50x8b-20260903,right-50x8b-20260903,libero_spatial,libero_spatial/pick_up_the_black_bowl_next_to_the_plate_and_place_it_on_the_plate,177,22,1009,10,1029d0827030a7521361d1904eeb3e7e7f2792be5c99abdb5701abb7ee87c137,27777,False,96,,False,True,-1,-1,success_no_alarm,0.9958951,0.9966925,0.9972136,0.99668103,0.9964088,,,0.042361293,0.042180806,0.04037916,0.04063893,0.04114922,,,0.15523158,0.15493068,0.15227056,0.1540994,0.1539317,,,0.0024541751,0.0016793245,0.001655505,0.0019504209,0.0019999174,,,0.325,0.425,0.45000002,0.35,0.35000002,,,,0.05416529,0.06940529,0.060329296,0.056642145,,,,0.875,0.95,1.0,0.95000005,,,,0.68125,0.85625,0.85625005,0.825,,,,0.8901216,0.8573146,0.87391436,0.88195914,,,,-0.012820065,0.012761846,-0.0016899854,-0.0068386346,,,0.106386386,0.1084034,0.10111605,0.10593591,0.10595326,,,0.013275259,0.013204067,0.012734273,0.012925447,0.013213042,,,0.512159,0.49860647,0.499479,0.52105254,0.483878,,,0.19166666,0.23402777,0.2347222,0.24722224,0.23055556,,,-0.0014459441,-0.0012785706,-0.00065776485,-0.0013186597,-0.0014126827,,,0.015379628,0.0123773,0.0095371455,0.011784948,0.011820206,,,,,0.38075364,0.24215916,0.18008591,,,,,,0.008996051,0.029475655,,,0.99567914,0.9929635,0.99361384,0.99249274,0.99513495,,,0.04289887,0.04779536,0.04690352,0.050778158,0.04293084,,,0.16073501,0.16813257,0.17009777,0.17459485,0.16007859,,,0.00200819,0.0030894964,0.0036380521,0.004838904,0.0017353394,,,0.35000002,0.475,0.3,0.35,0.325,,,,0.09153337,0.09690183,0.101303145,0.098167025,,,,0.975,1.0,1.0,1.0,,,,0.875,0.86249995,0.89375,0.9375,,,,0.8198321,0.8064108,0.8000785,0.81132483,,,,0.0073622316,0.012605205,0.009277448,0.020692721,,,0.08446393,0.09652248,0.09239954,0.09295253,0.081485935,,,0.008843492,0.009417156,0.009217833,0.009206658,0.008296241,,,0.5813471,0.6274746,0.5994062,0.644848,0.6520585,,,0.15694445,0.15277779,0.14583333,0.14722222,0.15347221,,,-0.0028573715,-0.0048697228,-0.003879069,-0.005359805,-0.0032252937,,,0.013512479,0.011738276,0.014034524,0.014855518,0.012371905,,,,,0.20930101,0.25545806,0.22452813,,,,,,0.029922588,-0.07415872,,,1.2595481,1.1230897,1.094335,1.1396775,1.3002644,,,,,,0.021405738,-0.08271871,,,,,-0.2338839,-0.25927722,-0.22591218,,,,0.0024136305,0.0031656027,0.003604889,0.016312242,,
cache_new/HiMoE-VLA/libero_spatial/pick_up_the_black_bowl_next_to_the_plate_and_place_it_on_the_plate/right-50x8b-20260903,right-50x8b-20260903,libero_spatial,libero_spatial/pick_up_the_black_bowl_next_to_the_plate_and_place_it_on_the_plate,178,22,1010,10,1029d0827030a7521361d1904eeb3e7e7f2792be5c99abdb5701abb7ee87c137,27778,False,93,,False,True,-1,-1,success_no_alarm,0.9955988,0.9967346,0.9970293,0.9969562,0.9946473,,,0.043054722,0.041936673,0.04103927,0.040176045,0.04549761,,,0.15774226,0.15457983,0.15426794,0.15230486,0.16212878,,,0.0027642427,0.0016189587,0.0017726079,0.001850602,0.0038819578,,,0.35000002,0.47500002,0.275,0.325,0.35000002,,,,0.054544885,0.07137265,0.0576486,0.0715911,,,,0.9,0.92499995,0.975,0.975,,,,0.6875,0.84375,0.83125,0.85625,,,,0.8888602,0.85567784,0.87968004,0.85557306,,,,-0.012075067,0.012791365,7.8976154e-07,0.0067525953,,,0.11141144,0.1103215,0.10420731,0.098312795,0.11564028,,,0.013254605,0.013496586,0.012970134,0.012803208,0.013936506,,,0.5242508,0.51214457,0.49169827,0.48207968,0.5404224,,,0.21597221,0.24375,0.2138889,0.24375,0.22083333,,,-0.0018572407,-0.0010379325,-0.0008366956,-0.0011737472,-0.0029266116,,,0.014748393,0.014207735,0.009030432,0.010972005,0.010305551,,,,,0.38068023,0.1740172,0.3875779,,,,,,-0.023242658,0.060819678,,,0.9954838,0.9933437,0.9934651,0.994436,0.99473345,,,0.04351845,0.04695826,0.048191905,0.045129083,0.044304304,,,0.16213621,0.16640669,0.17067906,0.16526526,0.16351113,,,0.002182133,0.0028902544,0.0037000175,0.003518696,0.002912062,,,0.375,0.39999998,0.425,0.275,0.35,,,,0.09052491,0.10246846,0.08903242,0.09170514,,,,0.975,1.0,0.95,0.95,,,,0.8375,0.93125004,0.87500006,0.90625,,,,0.8202706,0.79506373,0.81902486,0.81460935,,,,0.007368967,0.024398908,0.012589693,0.010148868,,,0.08768959,0.096968606,0.0945481,0.08243402,0.086852476,,,0.008914692,0.009676524,0.0092167165,0.008683608,0.00865661,,,0.5855116,0.61021584,0.61416864,0.6330805,0.6659367,,,0.15625,0.16597223,0.15694445,0.1375,0.14305556,,,-0.0029751277,-0.0045190332,-0.004307753,-0.0038460307,-0.003378066,,,0.014210497,0.013085938,0.0130937155,0.014008936,0.010772856,,,,,0.25917107,0.11965852,0.14931007,,,,,,-0.025997018,-0.02864589,,,1.2705207,1.1377033,1.1021619,1.1926241,1.3314564,,,,,,-0.024262514,-0.027376415,,,,,-0.27273592,-0.11457895,-0.1545226,,,,0.0039902925,0.019043565,0.00970149,0.009910464,,
cache_new/HiMoE-VLA/libero_spatial/pick_up_the_black_bowl_next_to_the_plate_and_place_it_on_the_plate/right-50x8b-20260903,right-50x8b-20260903,libero_spatial,libero_spatial/pick_up_the_black_bowl_next_to_the_plate_and_place_it_on_the_plate,179,22,1011,11,1029d0827030a7521361d1904eeb3e7e7f2792be5c99abdb5701abb7ee87c137,27779,False,107,,False,True,-1,-1,success_no_alarm,0.9959163,0.9966411,0.9971292,0.99653786,0.99551105,0.9949962,,0.041583393,0.0418179,0.04049249,0.040835597,0.04382263,0.044952102,,0.15494817,0.15509975,0.15376449,0.15484932,0.15773985,0.1610137,,0.0024949694,0.0016536132,0.0017970123,0.0019345984,0.0026433216,0.0026760157,,0.32500002,0.425,0.325,0.35,0.425,0.375,,,0.05469122,0.06685532,0.057352915,0.056725606,0.076822124,,,0.925,0.975,1.0,0.85,0.875,,,0.71250004,0.825,0.75625,0.7,0.825,,,0.88791895,0.86459565,0.8803545,0.88347197,0.85280484,,,-0.013565853,0.004635021,-0.0070305765,-0.016240582,0.0107498765,,0.11149046,0.11076859,0.104680866,0.10819093,0.11130914,0.11898278,,0.013496954,0.0132601075,0.01294576,0.0128813535,0.013392316,0.014284957,,0.49934465,0.4968865,0.4966666,0.4956027,0.5000253,0.48869222,,0.21736112,0.22083333,0.21805555,0.22777776,0.21874999,0.20555556,,-0.0016376188,-0.0011119194,-0.0006375913,-0.0012464614,-0.002080629,-0.002802354,,0.015157003,0.013590947,0.010037259,0.00954574,0.01005303,0.0114605995,,,,0.31243128,0.15714535,0.14790723,0.43221778,,,,,-0.012937329,0.02598657,0.09058434,,0.9954684,0.9936616,0.9937428,0.99343586,0.9941957,0.99328166,,0.0432762,0.04614999,0.047186665,0.04636863,0.04487358,0.04737597,,0.1622543,0.16759467,0.16960296,0.16887292,0.16535918,0.17138201,,0.0019574205,0.002674915,0.0037102848,0.0035646327,0.0022348631,0.0032598109,,0.325,0.4,0.375,0.32500002,0.5,0.425,,,0.090494044,0.0959952,0.0920704,0.08753596,0.09629547,,,1.0,1.0,1.0,1.0,0.925,,,0.925,0.85625,0.84375,0.80625,0.825,,,0.8152658,0.8059431,0.81399834,0.8216901,0.8043017,,,0.013435587,0.016233534,0.003872633,-0.00051529706,0.011059046,,0.08847697,0.09528206,0.09351734,0.09065181,0.09542462,0.09836058,,0.008942205,0.009175398,0.009420512,0.008933263,0.009327488,0.0093363,,0.5862343,0.6262047,0.5992161,0.6164286,0.6334852,0.6230557,,0.15277778,0.15208334,0.14444445,0.13055556,0.15694444,0.13472223,,-0.0028465707,-0.0042400775,-0.0039113844,-0.0043194992,-0.0033432222,-0.0037729896,,0.014249926,0.012616946,0.014042648,0.013408404,0.0119521655,0.007824698,,,,0.1934197,0.15154755,0.10310337,0.1949789,,,,,0.0014549759,0.043690115,0.04457482,,1.260107,1.1625334,1.1193738,1.1934779,1.1664615,1.2096591,,,,,0.0054842965,0.048668288,0.049612552,,,,-0.19620414,-0.13140476,-0.12960207,-0.1793628,,,0.008995771,0.0106057525,0.0014938116,-0.011774659,0.0028000474,
cache_new/HiMoE-VLA/libero_spatial/pick_up_the_black_bowl_next_to_the_plate_and_place_it_on_the_plate/right-50x8b-20260903,right-50x8b-20260903,libero_spatial,libero_spatial/pick_up_the_black_bowl_next_to_the_plate_and_place_it_on_the_plate,180,22,1012,10,1029d0827030a7521361d1904eeb3e7e7f2792be5c99abdb5701abb7ee87c137,27780,False,97,,False,True,-1,-1,success_no_alarm,0.9959182,0.996289,0.99718773,0.9965273,0.9964737,,,0.04237993,0.04261516,0.041040584,0.042039685,0.04092537,,,0.15547583,0.15725395,0.15349647,0.15535045,0.15376958,,,0.0024999743,0.00181354,0.0017363025,0.0021139937,0.0019829082,,,0.325,0.39999998,0.375,0.375,0.25,,,,0.05841226,0.067865305,0.057291694,0.05457335,,,,0.79999995,0.975,0.925,0.925,,,,0.70625,0.87499994,0.8375,0.79375,,,,0.8822733,0.8628175,0.8816469,0.88479567,,,,-0.007585481,0.0057472587,-0.0075570047,-0.0064917356,,,0.10947369,0.10889314,0.10450411,0.10321998,0.10853633,,,0.013460026,0.013043832,0.013130099,0.01252299,0.013573962,,,0.52480227,0.52997124,0.46925795,0.503625,0.48693088,,,0.21666667,0.2048611,0.22083333,0.21736111,0.21180555,,,-0.001181968,-0.0010377949,-0.0010620789,-0.0012706595,-0.0013364945,,,0.0153777795,0.013108794,0.008882668,0.010490099,0.011710094,,,,,0.32832327,0.15938891,0.1127386,,,,,,-0.03942486,0.03987069,,,0.99551475,0.9932826,0.9938302,0.99329144,0.99455076,,,0.043767348,0.046605624,0.04756343,0.04644114,0.04496172,,,0.16195677,0.16889086,0.16939862,0.1698587,0.16422033,,,0.0021109667,0.002920936,0.003525077,0.0040173945,0.0019916967,,,0.35000002,0.375,0.40000004,0.325,0.55,,,,0.09282017,0.09770569,0.09137954,0.09254677,,,,0.95,0.95,0.9,0.925,,,,0.9125,0.9,0.85,0.81875,,,,0.8139277,0.80282116,0.8163111,0.81908226,,,,0.013275936,0.021138653,0.0009518117,0.009168029,,,0.08733389,0.09337588,0.09452264,0.08768417,0.086027175,,,0.008931349,0.0088940095,0.009319875,0.008831127,0.008580484,,,0.59271836,0.6567966,0.6081841,0.63303703,0.64739835,,,0.16805556,0.15208334,0.14166667,0.12083334,0.14583333,,,-0.0027697464,-0.004438752,-0.003956203,-0.0044140895,-0.0035024956,,,0.014009234,0.012042863,0.013319256,0.013787822,0.011929899,,,,,0.21428892,0.14255199,0.15936677,,,,,,0.0143319145,-0.0147905685,,,1.2535076,1.1661806,1.1055987,1.1771792,1.2616518,,,,,,0.016637743,-0.012154476,,,,,-0.23274308,-0.12804434,-0.16068128,,,,0.008249462,0.015079141,-0.0065664053,0.006631434,,
cache_new/HiMoE-VLA/libero_spatial/pick_up_the_black_bowl_next_to_the_plate_and_place_it_on_the_plate/right-50x8b-20260903,right-50x8b-20260903,libero_spatial,libero_spatial/pick_up_the_black_bowl_next_to_the_plate_and_place_it_on_the_plate,181,22,1013,10,1029d0827030a7521361d1904eeb3e7e7f2792be5c99abdb5701abb7ee87c137,27781,False,94,,False,True,-1,-1,success_no_alarm,0.99590063,0.9966072,0.99723566,0.9973081,0.9954424,,,0.04192111,0.04216288,0.040507108,0.03992459,0.043488912,,,0.15573987,0.15590495,0.15324694,0.15062329,0.15807529,,,0.0024494973,0.0017728832,0.0016826438,0.0016053721,0.0029091039,,,0.375,0.475,0.275,0.3,0.35000002,,,,0.05651948,0.06993967,0.053682372,0.06245626,,,,0.875,0.95,0.95000005,0.95,,,,0.75,0.86875004,0.79999995,0.79999995,,,,0.8864255,0.8587141,0.88838184,0.87269115,,,,-0.011926845,0.013103023,-0.006507814,-0.0063902736,,,0.10769786,0.106501415,0.101444095,0.100229524,0.11343439,,,0.013569536,0.013174545,0.013010699,0.012836093,0.013629312,,,0.49380362,0.4935155,0.48603386,0.49688402,0.516234,,,0.21944445,0.22222222,0.22291666,0.23750001,0.22638889,,,-0.0018886962,-0.0014890258,-0.0008473069,-0.0005948192,-0.0025126322,,,0.014765995,0.014199898,0.0110481875,0.0094934795,0.010681477,,,,,0.35791433,0.09586513,0.24482046,,,,,,-0.008059847,0.050341967,,,0.9956408,0.9931642,0.99372214,0.99352145,0.994889,,,0.0430288,0.047539037,0.046896238,0.045586113,0.043736648,,,0.16079159,0.16757134,0.17011747,0.16747409,0.16178194,,,0.0019397063,0.0030725733,0.0036234166,0.003672225,0.0023520864,,,0.375,0.425,0.35000002,0.375,0.35000002,,,,0.09268589,0.096893616,0.08914919,0.094181255,,,,1.0,0.975,0.92499995,1.0,,,,0.86875,0.86875,0.8625,0.85625,,,,0.8162399,0.8051117,0.8184599,0.81201434,,,,0.011769682,0.016018733,0.0056646764,0.018982977,,,0.084150895,0.09419082,0.09077291,0.0859123,0.08591234,,,0.008784537,0.009284641,0.0091842115,0.008627877,0.008640064,,,0.5876577,0.6255619,0.6113725,0.65512264,0.64535415,,,0.15555555,0.15,0.1388889,0.13819444,0.14305556,,,-0.0028980968,-0.0047987457,-0.0040207137,-0.0044452697,-0.0030126027,,,0.013434744,0.011798755,0.014777148,0.0130036445,0.0118420925,,,,,0.20386359,0.12117687,0.17545578,,,,,,-0.015564125,-0.014353293,,,1.2798183,1.1306984,1.1175591,1.1666492,1.3203504,,,,,,-0.016528495,-0.015116891,,,,,-0.21860625,-0.10922377,-0.17865953,,,,0.010268986,0.009566128,0.0022950768,0.012668014,,
cache_new/HiMoE-VLA/libero_spatial/pick_up_the_black_bowl_next_to_the_plate_and_place_it_on_the_plate/right-50x8b-20260903,right-50x8b-20260903,libero_spatial,libero_spatial/pick_up_the_black_bowl_next_to_the_plate_and_place_it_on_the_plate,182,22,1014,10,1029d0827030a7521361d1904eeb3e7e7f2792be5c99abdb5701abb7ee87c137,27782,False,96,,False,True,-1,-1,success_no_alarm,0.995794,0.99651504,0.9969205,0.9972265,0.9955005,,,0.04267916,0.042606935,0.041763835,0.039221957,0.043203674,,,0.15652962,0.15579617,0.15514746,0.15056305,0.15812486,,,0.0025097257,0.0017837352,0.0019361979,0.0015463992,0.0030268258,,,0.325,0.5,0.39999998,0.275,0.32500002,,,,0.05673282,0.069853425,0.054760236,0.059486363,,,,0.825,0.925,0.975,0.975,,,,0.7125,0.86875,0.78125,0.80625004,,,,0.88588345,0.8591315,0.8834131,0.87768734,,,,-0.012934253,0.0069809854,-0.0050430745,-0.012284815,,,0.10912685,0.11035587,0.107560486,0.09854829,0.114803866,,,0.013272464,0.013569846,0.0132204965,0.012557421,0.013969488,,,0.5138343,0.50747955,0.50316525,0.48588282,0.5113687,,,0.20347223,0.25069445,0.21805558,0.23541667,0.22152779,,,-0.001560519,-0.0014385146,-0.000608251,-0.0009542974,-0.0023405463,,,0.014333449,0.013949804,0.009922855,0.011996809,0.0112478975,,,,,0.35719594,0.11856627,0.19950368,,,,,,-0.05077179,0.053342983,,,0.99567527,0.99319303,0.9934446,0.99471176,0.9945854,,,0.04285198,0.04796151,0.047010005,0.043699622,0.04478941,,,0.16111663,0.16869295,0.16986072,0.16254796,0.16501266,,,0.001988601,0.0030937614,0.0036548031,0.0029923262,0.0021564045,,,0.37500003,0.45,0.39999998,0.375,0.375,,,,0.0929703,0.10134941,0.08558113,0.0858564,,,,0.95,1.0,0.975,1.0,,,,0.86875,0.9,0.85,0.84375,,,,0.81354547,0.7978784,0.8270788,0.8273434,,,,0.013228327,0.020258144,0.005901858,0.00079739094,,,0.08540944,0.095962055,0.093682855,0.08177328,0.08591008,,,0.008808444,0.009568221,0.009293834,0.008603325,0.00868129,,,0.5867458,0.61834234,0.6226877,0.6182255,0.6618119,,,0.15763888,0.14930557,0.13819444,0.13680556,0.14027777,,,-0.002728023,-0.0047443993,-0.004183684,-0.0036692326,-0.0036360915,,,0.014376702,0.011334501,0.013619641,0.013309618,0.012398224,,,,,0.2469812,0.07830392,0.07891544,,,,,,-0.04821895,-0.038948152,,,1.2776908,1.1499949,1.1481341,1.2051405,1.3363259,,,,,,-0.046422064,-0.037400734,,,,,-0.23437014,-0.058217116,-0.09239672,,,,0.008547664,0.01587677,-0.00014984608,-0.0024677515,,
cache_new/HiMoE-VLA/libero_spatial/pick_up_the_black_bowl_next_to_the_plate_and_place_it_on_the_plate/right-50x8b-20260903,right-50x8b-20260903,libero_spatial,libero_spatial/pick_up_the_black_bowl_next_to_the_plate_and_place_it_on_the_plate,183,22,1015,10,1029d0827030a7521361d1904eeb3e7e7f2792be5c99abdb5701abb7ee87c137,27783,False,97,,False,True,-1,-1,success_no_alarm,0.99576753,0.9965446,0.99705464,0.996722,0.99614894,,,0.042632658,0.042409062,0.041302662,0.040525425,0.041871212,,,0.15625839,0.15589574,0.15425557,0.15317999,0.15573704,,,0.002568217,0.0017851626,0.0019278051,0.0019337386,0.002125482,,,0.35000002,0.42499998,0.35000002,0.275,0.325,,,,0.056891337,0.06900879,0.057403557,0.05845263,,,,0.875,0.925,0.875,0.95000005,,,,0.7125,0.85625005,0.81875,0.85,,,,0.8863769,0.8602362,0.87861145,0.8779985,,,,-0.010752514,0.006935939,-0.0020317286,-0.0035272539,,,0.104768634,0.11156982,0.10837944,0.10002377,0.10891689,,,0.013325336,0.0134652555,0.013387274,0.012488965,0.013337713,,,0.4978113,0.5042367,0.46424767,0.51463294,0.49343878,,,0.21388888,0.21041667,0.22569445,0.23194444,0.22152779,,,-0.002036137,-0.0008059107,-0.0008687532,-0.0010806702,-0.001788396,,,0.015541936,0.013584987,0.00954331,0.011614248,0.01013954,,,,,0.34719884,0.16169608,0.18308146,,,,,,-0.05289922,0.012569319,,,0.9956409,0.9932637,0.9936456,0.9935105,0.9947868,,,0.04314673,0.04641666,0.047625117,0.046494786,0.044143233,,,0.16114146,0.16759542,0.16958815,0.16898377,0.16228282,,,0.0020254913,0.0030340147,0.0036978335,0.0037781838,0.002295521,,,0.35000002,0.35000002,0.37500003,0.325,0.35000002,,,,0.09206466,0.09772859,0.09433766,0.09509877,,,,0.975,1.0,1.0,0.975,,,,0.91875005,0.8875,0.86875004,0.84375,,,,0.8149353,0.80141085,0.81220585,0.81500876,,,,0.011726454,0.019618928,0.0085847825,0.02096738,,,0.08390369,0.09505351,0.09606832,0.08916057,0.08261332,,,0.008872305,0.009166219,0.009647392,0.008976017,0.008478513,,,0.5815872,0.6417479,0.59461,0.66184866,0.6488272,,,0.15625,0.15902779,0.14375,0.1423611,0.15416667,,,-0.0028610863,-0.0045134956,-0.0040301555,-0.004568375,-0.0034339947,,,0.013533522,0.011521092,0.012487543,0.016198743,0.011784697,,,,,0.21127787,0.1759746,0.18270266,,,,,,-0.0037996778,-0.061117,,,1.2486773,1.173758,1.1281496,1.1218386,1.3183938,,,,,,-0.0020782475,-0.059099462,,,,,-0.21399978,-0.1755269,-0.17021263,,,,0.007246375,0.013088405,0.0038589835,0.016265154,,
cache_new/HiMoE-VLA/libero_spatial/pick_up_the_black_bowl_next_to_the_plate_and_place_it_on_the_plate/right-50x8b-20260903,right-50x8b-20260903,libero_spatial,libero_spatial/pick_up_the_black_bowl_next_to_the_plate_and_place_it_on_the_plate,184,23,1008,10,1029d0827030a7521361d1904eeb3e7e7f2792be5c99abdb5701abb7ee87c137,27784,False,95,,False,True,-1,-1,success_no_alarm,0.9955073,0.9970083,0.9970423,0.9970553,0.99656516,,,0.04318288,0.041204814,0.04073672,0.040173378,0.04046037,,,0.15762529,0.15286925,0.1531407,0.15194029,0.15281148,,,0.0025916751,0.0014565554,0.00172134,0.0017491153,0.001943662,,,0.3,0.5,0.45,0.25,0.275,,,,0.04269677,0.06996751,0.059341412,0.05408173,,,,0.775,0.92499995,1.0,0.84999996,,,,0.675,0.825,0.8625001,0.76874995,,,,0.91148615,0.8570768,0.87501216,0.8872048,,,,-0.03218873,0.01787126,-0.0009997934,-0.0107651055,,,0.111538105,0.10516541,0.10230225,0.10582739,0.107053354,,,0.013435949,0.013151479,0.013159505,0.012847789,0.013466882,,,0.506038,0.5064945,0.48658958,0.5164566,0.49854833,,,0.20416667,0.22013888,0.22291666,0.22847223,0.23888889,,,-0.002048898,-0.00068376865,-0.000857024,-0.0006655557,-0.0012781406,,,0.014599832,0.011627125,0.00824045,0.012473264,0.011265891,,,,,0.3932487,0.22816378,0.13453594,,,,,,-0.018574577,0.025595035,,,0.9953783,0.9942595,0.99318326,0.9928267,0.9940253,,,0.044399276,0.046098348,0.048075035,0.05046088,0.044846542,,,0.16315392,0.16474196,0.17337161,0.17540312,0.1649765,,,0.0023506416,0.0020632413,0.0036266157,0.004547204,0.002110038,,,0.425,0.5,0.3,0.4,0.475,,,,0.077359594,0.100796044,0.100670874,0.10088874,,,,0.9,0.95,1.0,0.975,,,,0.8125,0.86249995,0.9,0.9125,,,,0.84518766,0.797295,0.80000514,0.79723734,,,,-0.0042420924,0.019678026,0.0061319172,0.023607388,,,0.08908004,0.08707731,0.09166485,0.092711374,0.0872199,,,0.008992524,0.008582493,0.009100454,0.008957777,0.009042047,,,0.57414067,0.6351235,0.620358,0.65050596,0.64684737,,,0.15138888,0.15138888,0.12777779,0.15,0.14930557,,,-0.002819071,-0.0038790517,-0.0043148384,-0.0050316793,-0.0039815186,,,0.015230832,0.010019618,0.012283928,0.012957483,0.0132668745,,,,,0.25320113,0.25183284,0.25330877,,,,,,0.00883401,0.018430742,,,1.2521111,1.2077246,1.1160467,1.1414715,1.227396,,,,,,0.007381665,0.01674513,,,,,-0.24876168,-0.22178829,-0.2567681,,,,-0.010989606,0.013240397,0.0061318874,0.016161442,,
cache_new/HiMoE-VLA/libero_spatial/pick_up_the_black_bowl_next_to_the_plate_and_place_it_on_the_plate/right-50x8b-20260903,right-50x8b-20260903,libero_spatial,libero_spatial/pick_up_the_black_bowl_next_to_the_plate_and_place_it_on_the_plate,185,23,1009,10,1029d0827030a7521361d1904eeb3e7e7f2792be5c99abdb5701abb7ee87c137,27785,False,95,,False,True,-1,-1,success_no_alarm,0.9956211,0.99707335,0.99714124,0.9967816,0.9964626,,,0.042397536,0.04068824,0.040933535,0.040402085,0.040980086,,,0.15673745,0.15207866,0.15244022,0.15312222,0.15380757,,,0.0023774367,0.0014426593,0.0016209192,0.0019561993,0.0019388292,,,0.25,0.475,0.375,0.32500002,0.3,,,,0.04449209,0.067772955,0.061591417,0.05536536,,,,0.77500004,0.975,1.0,0.975,,,,0.6625,0.83124995,0.82500005,0.81875,,,,0.9074354,0.86119545,0.87230015,0.88463044,,,,-0.024191424,0.012782574,-0.0010876209,-0.010679051,,,0.107002564,0.10531621,0.101585686,0.10546019,0.10562444,,,0.0130715715,0.01320119,0.012959453,0.012921528,0.013177222,,,0.519487,0.48552975,0.48400906,0.520026,0.48435512,,,0.18055555,0.23333332,0.23680556,0.24513888,0.22638889,,,-0.0017448328,-0.0008678932,-0.00069288374,-0.0012414224,-0.0014303109,,,0.015156277,0.010367055,0.007910096,0.010345565,0.012497473,,,,,0.36592266,0.26714706,0.16042899,,,,,,-0.0094654625,0.00902973,,,0.995351,0.99426013,0.99333954,0.99297637,0.9941027,,,0.044472456,0.04553473,0.046804287,0.0507425,0.044540383,,,0.16364649,0.1646698,0.17213379,0.17416468,0.16433173,,,0.0021717797,0.0022658198,0.0034809462,0.0044449777,0.0020454929,,,0.425,0.45,0.375,0.4,0.47500002,,,,0.08021426,0.10060209,0.09725609,0.10126586,,,,0.95,0.92499995,0.975,1.0,,,,0.78125,0.8875,0.875,0.93125,,,,0.8382438,0.7967901,0.8062326,0.7998299,,,,0.00066138804,0.02424696,-0.0013789237,0.017770737,,,0.08554015,0.08820976,0.09141024,0.09083021,0.086748615,,,0.008804163,0.008713091,0.009319945,0.009060135,0.00868375,,,0.58464766,0.62107444,0.618778,0.64683056,0.6591003,,,0.14375,0.16319445,0.13333334,0.13194445,0.15208334,,,-0.0027871164,-0.0037804884,-0.004147929,-0.004836754,-0.0040549724,,,0.014125784,0.0100928545,0.011231803,0.013220085,0.013887833,,,,,0.23751554,0.20499228,0.24498564,,,,,,0.016909657,-0.025569234,,,1.2509046,1.1939292,1.1113162,1.1610695,1.2175922,,,,,,0.024555111,-0.017875403,,,,,-0.23420365,-0.16522525,-0.26671582,,,,-0.0059505105,0.017752528,-0.0013788939,0.0110762715,,
cache_new/HiMoE-VLA/libero_spatial/pick_up_the_black_bowl_next_to_the_plate_and_place_it_on_the_plate/right-50x8b-20260903,right-50x8b-20260903,libero_spatial,libero_spatial/pick_up_the_black_bowl_next_to_the_plate_and_place_it_on_the_plate,186,23,1010,10,1029d0827030a7521361d1904eeb3e7e7f2792be5c99abdb5701abb7ee87c137,27786,False,97,,False,True,-1,-1,success_no_alarm,0.99526596,0.9973092,0.9970684,0.99684656,0.9965152,,,0.04326106,0.040676054,0.04119418,0.040552177,0.04056857,,,0.15885663,0.15095037,0.15341422,0.15368122,0.15283597,,,0.0027817679,0.001289268,0.0017475329,0.0019740341,0.001988601,,,0.35000002,0.525,0.35000002,0.275,0.35000002,,,,0.04341381,0.0714685,0.059574574,0.05735994,,,,0.75,0.95,0.975,0.95,,,,0.6625,0.86875,0.8375,0.82500005,,,,0.9104273,0.8545583,0.87587583,0.8813758,,,,-0.027366638,0.016773239,-0.004088253,-0.0030045211,,,0.111490786,0.1022826,0.10357167,0.103270605,0.105983324,,,0.01323518,0.012806338,0.013132364,0.013036276,0.013248109,,,0.5311688,0.5023451,0.48974216,0.50496304,0.4968626,,,0.20069444,0.21527776,0.20763889,0.22222221,0.22152779,,,-0.002245096,-0.0005067813,-0.0007281058,-0.0013804188,-0.001188383,,,0.013278805,0.010888422,0.00825837,0.010168841,0.0121937,,,,,0.394858,0.2122428,0.17164072,,,,,,-0.000935758,0.015330395,,,0.99528575,0.99438316,0.9931444,0.9931931,0.9940897,,,0.044951044,0.044890463,0.048817888,0.049816348,0.045007028,,,0.16351162,0.16240856,0.17333443,0.17263165,0.1655507,,,0.0023728446,0.0019516075,0.0037008775,0.004490072,0.0019384508,,,0.55,0.45,0.39999998,0.4,0.40000004,,,,0.07893991,0.10533216,0.10062301,0.10242072,,,,0.92499995,1.0,0.975,0.975,,,,0.7312499,0.88124996,0.93749994,0.9125,,,,0.8419905,0.79032695,0.80174047,0.79597044,,,,-0.00078879297,0.026315615,0.012481064,0.023207918,,,0.08891333,0.085452825,0.09056954,0.090649605,0.08818255,,,0.008994579,0.008455279,0.009026057,0.008960402,0.008768552,,,0.5783093,0.62911046,0.64276755,0.6342075,0.66162896,,,0.15069444,0.15069446,0.14027777,0.14722224,0.13958333,,,-0.0029203342,-0.0037620002,-0.0044983095,-0.0046032527,-0.004119191,,,0.014613826,0.009988119,0.011455197,0.014273646,0.014220663,,,,,0.28552115,0.2388975,0.25475934,,,,,,0.009223508,-0.012248549,,,1.2539266,1.1969482,1.1435596,1.1392285,1.2018627,,,,,,0.007906569,-0.013736828,,,,,-0.29139104,-0.26479584,-0.25934386,,,,-0.0074643493,0.019268095,0.012481034,0.017641187,,
cache_new/HiMoE-VLA/libero_spatial/pick_up_the_black_bowl_next_to_the_plate_and_place_it_on_the_plate/right-50x8b-20260903,right-50x8b-20260903,libero_spatial,libero_spatial/pick_up_the_black_bowl_next_to_the_plate_and_place_it_on_the_plate,187,23,1011,10,1029d0827030a7521361d1904eeb3e7e7f2792be5c99abdb5701abb7ee87c137,27787,False,96,,False,True,-1,-1,success_no_alarm,0.99569786,0.997261,0.9970988,0.9969538,0.99655247,,,0.041715756,0.040454324,0.041165877,0.040742256,0.040628746,,,0.15547635,0.15128109,0.1531025,0.1532233,0.15288296,,,0.0023710905,0.0012879092,0.0018805787,0.0018697437,0.0018157584,,,0.32500002,0.40000004,0.35000002,0.3,0.3,,,,0.04250617,0.06890583,0.06149008,0.053400345,,,,0.77500004,0.9,0.975,0.9,,,,0.65,0.86249995,0.875,0.76874995,,,,0.91184723,0.8603968,0.8734367,0.88855594,,,,-0.030313313,0.010205612,-0.003364563,-0.013065368,,,0.11330709,0.10470877,0.106469765,0.104300186,0.10798577,,,0.013566021,0.013174506,0.013301765,0.01269459,0.013207503,,,0.49286774,0.4917745,0.48143148,0.4992458,0.49397475,,,0.22222222,0.22083333,0.23680556,0.225,0.23680556,,,-0.0018989808,-0.00039803662,-0.00059739896,-0.0010246038,-0.0013061394,,,0.01401655,0.011305194,0.009916036,0.011711773,0.011722214,,,,,0.38205314,0.2654795,0.123623095,,,,,,-0.03374019,0.0043490534,,,0.9953944,0.99466085,0.99357367,0.99288243,0.9946544,,,0.04494326,0.04404196,0.04856699,0.049345076,0.043703575,,,0.16350187,0.16193157,0.17093965,0.17457768,0.16197377,,,0.0021194797,0.00195718,0.0037308885,0.0044663036,0.0017430786,,,0.45,0.4,0.375,0.4,0.42499998,,,,0.07607815,0.100036666,0.1009818,0.09737925,,,,0.9,1.0,1.0,1.0,,,,0.76875,0.86875,0.89375,0.90625,,,,0.84651804,0.7994626,0.7990188,0.80465376,,,,-0.0034968704,0.020830333,0.0068134964,0.028130576,,,0.09003664,0.08823061,0.09418705,0.09247402,0.08649294,,,0.0090573365,0.008613528,0.009348355,0.009120159,0.008737267,,,0.5570248,0.62235403,0.6161841,0.61827475,0.6478787,,,0.15138888,0.15347221,0.15208334,0.12222223,0.14722222,,,-0.0026927497,-0.0034762337,-0.0040296223,-0.0049457224,-0.0035840152,,,0.014453232,0.010864563,0.013584281,0.014599755,0.013311537,,,,,0.24999219,0.25815886,0.22150064,,,,,,0.028684907,-0.014169379,,,1.2584554,1.1867623,1.1304077,1.1278863,1.2484924,,,,,,0.029673811,-0.013215942,,,,,-0.24377792,-0.25403148,-0.25062048,,,,-0.010475218,0.015541077,0.006813526,0.017824352,,
cache_new/HiMoE-VLA/libero_spatial/pick_up_the_black_bowl_next_to_the_plate_and_place_it_on_the_plate/right-50x8b-20260903,right-50x8b-20260903,libero_spatial,libero_spatial/pick_up_the_black_bowl_next_to_the_plate_and_place_it_on_the_plate,188,23,1012,10,1029d0827030a7521361d1904eeb3e7e7f2792be5c99abdb5701abb7ee87c137,27788,False,94,,False,True,-1,-1,success_no_alarm,0.99566984,0.9966607,0.9970603,0.9967187,0.99561,,,0.04248271,0.041247558,0.040577985,0.040486135,0.04320529,,,0.15623075,0.1551048,0.15308869,0.15383527,0.15841898,,,0.0024070865,0.0016361226,0.0016496405,0.0020505837,0.0028749998,,,0.375,0.39999998,0.3,0.3,0.35000002,,,,0.046541873,0.06630555,0.06112305,0.061197747,,,,0.70000005,0.92499995,0.975,0.95,,,,0.58125,0.8125,0.84999996,0.7687501,,,,0.903739,0.86543834,0.8737605,0.8747544,,,,-0.02397424,0.008355901,-0.003040582,-0.006412655,,,0.110839374,0.10821345,0.10626823,0.1021816,0.115950875,,,0.013454022,0.013215483,0.013422846,0.012546495,0.013762508,,,0.52695227,0.5139376,0.46530858,0.49365383,0.52264655,,,0.21527779,0.20486112,0.21597221,0.21319443,0.21458334,,,-0.0014494354,-0.00058847305,-0.0009965019,-0.0011992522,-0.0023016436,,,0.0138033,0.011091225,0.0073248716,0.010493234,0.011805621,,,,,0.35125598,0.26412857,0.2626468,,,,,,-0.040776093,0.04983396,,,0.9954792,0.9942522,0.99345577,0.9930602,0.9934102,,,0.044462122,0.044790484,0.04750023,0.04971741,0.04628919,,,0.16313235,0.16387643,0.17127436,0.17301801,0.16792879,,,0.0021771456,0.0023308808,0.0035296686,0.0043598977,0.0029083472,,,0.425,0.425,0.325,0.35,0.275,,,,0.082812704,0.0983556,0.0989129,0.10289276,,,,0.875,0.9,1.0,0.975,,,,0.79999995,0.86875,0.90625,0.9,,,,0.832667,0.80223715,0.80239856,0.79838246,,,,0.004251048,0.019437611,0.0027862191,0.018348917,,,0.08914238,0.087895274,0.09768166,0.08929245,0.09624516,,,0.009127294,0.008670463,0.009706563,0.008650061,0.009624528,,,0.5787604,0.61614066,0.5964905,0.6549345,0.63504004,,,0.15,0.14305556,0.14097223,0.12777779,0.14791667,,,-0.002452748,-0.0036235368,-0.0040702787,-0.0049009724,-0.0044355877,,,0.015939903,0.009892643,0.012887083,0.012332922,0.0142897265,,,,,0.21672897,0.2222493,0.26332766,,,,,,-0.0236527,0.08296106,,,1.243397,1.2311634,1.0879036,1.1443475,1.2047449,,,,,,-0.015704095,0.09104437,,,,,-0.22529188,-0.19607767,-0.25547606,,,,-0.003329277,0.015177429,0.0027861595,0.0077539086,,
cache_new/HiMoE-VLA/libero_spatial/pick_up_the_black_bowl_next_to_the_plate_and_place_it_on_the_plate/right-50x8b-20260903,right-50x8b-20260903,libero_spatial,libero_spatial/pick_up_the_black_bowl_next_to_the_plate_and_place_it_on_the_plate,189,23,1013,10,1029d0827030a7521361d1904eeb3e7e7f2792be5c99abdb5701abb7ee87c137,27789,False,96,,False,True,-1,-1,success_no_alarm,0.9956506,0.99726313,0.9971267,0.9969084,0.99643713,,,0.042488802,0.040695354,0.040507924,0.04069834,0.04097791,,,0.1569829,0.15163705,0.15256116,0.15328255,0.15381888,,,0.002349627,0.0012983487,0.0016406457,0.00195546,0.0019599313,,,0.35,0.575,0.375,0.25,0.35000002,,,,0.04339971,0.068355635,0.05913502,0.05709581,,,,0.70000005,0.9,0.95,0.92499995,,,,0.61875,0.8,0.8375,0.81875,,,,0.9088897,0.86125565,0.8781162,0.88192314,,,,-0.02587232,0.011765987,-0.007425204,-0.0047236234,,,0.10580581,0.103649914,0.10265325,0.102850296,0.10789746,,,0.013052904,0.013466654,0.013263261,0.012949126,0.013560035,,,0.5148372,0.47446793,0.4760545,0.5093942,0.49679592,,,0.20277777,0.23958333,0.22916666,0.24236111,0.2361111,,,-0.002179089,-0.0008562844,-0.0008607216,-0.0010719163,-0.0015150125,,,0.013848036,0.011135544,0.009557581,0.010598305,0.012145632,,,,,0.35090652,0.20131564,0.16557091,,,,,,-0.010656363,0.034799214,,,0.9953475,0.9943649,0.9932945,0.9932637,0.99374366,,,0.04482227,0.045164715,0.04785692,0.049634166,0.044967417,,,0.16356018,0.163279,0.17268375,0.17317373,0.16689129,,,0.0020900192,0.0020481758,0.0034512102,0.0042018285,0.0021788997,,,0.5,0.45,0.275,0.425,0.3,,,,0.0802795,0.099820994,0.09696019,0.10250135,,,,0.85,0.875,0.975,0.975,,,,0.76250005,0.84374994,0.87500006,0.89374995,,,,0.83899176,0.7989676,0.8071142,0.79928935,,,,-0.00067828596,0.017795607,0.004078701,0.018946975,,,0.085886896,0.08569674,0.09477403,0.089811385,0.08845126,,,0.008861193,0.008600764,0.009542944,0.009161394,0.008839573,,,0.58698714,0.62493765,0.6263419,0.64206976,0.6469959,,,0.15069444,0.14722222,0.12291667,0.14444445,0.14444444,,,-0.0028711816,-0.0037477599,-0.004327324,-0.00443287,-0.0041706823,,,0.014413616,0.009715513,0.013463896,0.013287245,0.01297266,,,,,0.21180385,0.18147272,0.23856492,,,,,,0.025889067,-0.009928418,,,1.2319202,1.2094965,1.0831369,1.1451811,1.2198522,,,,,,0.030076448,-0.0056833895,,,,,-0.22488737,-0.15130426,-0.2326824,,,,-0.00521487,0.01177752,0.0040588975,0.012072146,,
cache_new/HiMoE-VLA/libero_spatial/pick_up_the_black_bowl_next_to_the_plate_and_place_it_on_the_plate/right-50x8b-20260903,right-50x8b-20260903,libero_spatial,libero_spatial/pick_up_the_black_bowl_next_to_the_plate_and_place_it_on_the_plate,190,23,1014,19,1029d0827030a7521361d1904eeb3e7e7f2792be5c99abdb5701abb7ee87c137,27790,False,190,,False,True,10,-1,success_no_alarm,0.99549526,0.9971542,0.99700975,0.9973484,0.9964254,0.9954423,0.9966308,0.042710707,0.040619534,0.040873166,0.04051677,0.04130996,0.043474495,0.04087375,0.1575524,0.15173262,0.1529473,0.15112956,0.15503332,0.15919079,0.15546583,0.0024764815,0.0013605376,0.0016436555,0.0015565634,0.002149233,0.0023048944,0.0016686274,0.32500002,0.425,0.4,0.375,0.325,0.4,0.25,,0.04331223,0.06860179,0.055559732,0.05355966,0.074451804,0.058803245,,0.875,1.0,0.95,0.875,0.92499995,0.92499995,,0.61875,0.85,0.7875,0.75625,0.84999996,0.76250005,,0.9098555,0.86093986,0.8847926,0.8844869,0.8550575,0.87826777,,-0.02781257,0.011976868,-0.0003145188,-0.01249516,0.021511331,0.0013675839,0.10902886,0.10332925,0.10594077,0.10077092,0.10653947,0.1181664,0.113550365,0.013160741,0.013212006,0.013362894,0.012778234,0.013291562,0.014047338,0.014284554,0.52389663,0.49081856,0.4814551,0.4805382,0.49900824,0.50369984,0.47938168,0.19444445,0.22083332,0.22152777,0.21944445,0.20000002,0.21458334,0.22222222,-0.0018879911,-0.00079058704,-0.00044703452,-0.00081253203,-0.0014255298,-0.0022417423,-0.00073269766,0.014267937,0.010517034,0.010513343,0.0076418957,0.009668669,0.01279548,0.012169719,,,0.38170716,0.1655285,0.12848695,0.44644928,0.22290975,,,,-0.03614945,0.0033841897,0.0572525,0.0767329,0.99536496,0.9946589,0.99339676,0.9934015,0.9941318,0.99312395,0.9929577,0.04473234,0.045279972,0.047106333,0.0474182,0.04610824,0.046220403,0.049238436,0.16347608,0.16283059,0.17161241,0.1702117,0.16711864,0.171038,0.17345071,0.0022527664,0.0020125927,0.003040722,0.0031464912,0.0028691692,0.0025871694,0.0025572442,0.525,0.45,0.47500002,0.425,0.425,0.5,0.475,,0.07873942,0.1023459,0.092317246,0.08684674,0.09600717,0.09713296,,0.95,1.0,0.975,0.975,1.0,1.0,,0.7125,0.8125,0.81875,0.76874995,0.83125,0.875,,0.8403718,0.79649264,0.813382,0.82480013,0.8027679,0.80354875,,0.00853841,0.028707132,0.004261777,-0.009077296,0.007966876,0.016957879,0.08665018,0.08685735,0.091719516,0.09352632,0.09041261,0.103020824,0.11268671,0.008857367,0.008698293,0.009271986,0.009104135,0.009048064,0.009739637,0.0109659275,0.59194,0.62331843,0.62523574,0.62499785,0.6423738,0.6130784,0.59933347,0.14722222,0.15763888,0.14027777,0.14375,0.13611111,0.14930555,0.14583334,-0.0027896445,-0.0037362543,-0.0040860157,-0.0043400163,-0.003719125,-0.004560137,-0.0036851412,0.014882563,0.0111433035,0.012418756,0.01077146,0.010579572,0.009841211,0.0112972185,,,0.2743448,0.17327936,0.1056608,0.21270174,0.22394654,,,,0.0076967957,0.0014069846,0.074455075,0.19393459,1.2582647,1.1896431,1.1550515,1.0774605,1.1783696,1.1470147,1.0076642,,,,0.010445448,0.0042675147,0.077920586,0.19650969,,,-0.26512164,-0.16253655,-0.08035064,-0.21131533,-0.21698563,,0.0020008683,0.021381319,0.004261732,-0.015012443,0.0013898015,0.014687359
cache_new/HiMoE-VLA/libero_spatial/pick_up_the_black_bowl_next_to_the_plate_and_place_it_on_the_plate/right-50x8b-20260903,right-50x8b-20260903,libero_spatial,libero_spatial/pick_up_the_black_bowl_next_to_the_plate_and_place_it_on_the_plate,191,23,1015,10,1029d0827030a7521361d1904eeb3e7e7f2792be5c99abdb5701abb7ee87c137,27791,False,92,,False,True,-1,-1,success_no_alarm,0.9955641,0.99696565,0.9969437,0.99704707,0.9949526,,,0.042804778,0.041038238,0.04195071,0.03976408,0.04525623,,,0.15716033,0.15298572,0.15493105,0.15103087,0.16152442,,,0.0024802822,0.0014983816,0.0019341513,0.0016057161,0.0034294545,,,0.3,0.375,0.375,0.35000002,0.32500002,,,,0.046420865,0.0649117,0.0517397,0.06885572,,,,0.875,0.92499995,0.92499995,1.0,,,,0.63125,0.82500005,0.825,0.81875,,,,0.90473765,0.8670881,0.89179087,0.8624727,,,,-0.026431963,0.0052585006,-0.012109354,-0.0014332235,,,0.105471894,0.1071768,0.110118985,0.09949325,0.119802244,,,0.01309689,0.013084472,0.014050592,0.01274641,0.014125559,,,0.50372297,0.5062082,0.44766405,0.50259435,0.52874357,,,0.19652778,0.2048611,0.22847222,0.21875,0.22222222,,,-0.002256378,-0.00039595563,-0.00086398923,-0.00056604645,-0.0030496996,,,0.014339958,0.010633994,0.008511672,0.008681715,0.010603021,,,,,0.30541933,0.081096165,0.3608941,,,,,,-0.041093715,0.05930254,,,0.9955063,0.99429685,0.99310946,0.99471915,0.9938857,,,0.044136003,0.045505367,0.047806177,0.044419155,0.046598777,,,0.16250753,0.16369118,0.17194967,0.16392767,0.16715148,,,0.002229239,0.0021941718,0.0040798928,0.0026093896,0.0030757892,,,0.47500002,0.47500002,0.35000002,0.375,0.375,,,,0.08255955,0.098656476,0.08873165,0.094273984,,,,0.95,1.0,0.95,0.975,,,,0.79375,0.85625,0.85625,0.85625005,,,,0.83331513,0.8024394,0.81974053,0.8086871,,,,0.0057054013,0.0155953765,0.004338667,0.011976227,,,0.08519678,0.08960584,0.0985132,0.084952876,0.09867818,,,0.008856576,0.008649171,0.009710308,0.008359209,0.009619044,,,0.5703905,0.63126427,0.60314965,0.6533792,0.629266,,,0.14097223,0.15,0.13958333,0.15069443,0.15902779,,,-0.002661122,-0.0038077817,-0.0044077435,-0.0032394135,-0.0038684919,,,0.0150187835,0.009829616,0.01284381,0.011715924,0.013199255,,,,,0.21035314,0.107719794,0.16701186,,,,,,-0.046485264,0.09355169,,,1.2379799,1.1960918,1.1178094,1.1711581,1.2140703,,,,,,-0.032947045,0.10743412,,,,,-0.18578668,-0.11486024,-0.16662769,,,,-0.0023504496,0.0074678063,0.0037992,0.006375432,,
cache_new/HiMoE-VLA/libero_spatial/pick_up_the_black_bowl_next_to_the_plate_and_place_it_on_the_plate/right-50x8b-20260903,right-50x8b-20260903,libero_spatial,libero_spatial/pick_up_the_black_bowl_next_to_the_plate_and_place_it_on_the_plate,192,24,1008,10,1029d0827030a7521361d1904eeb3e7e7f2792be5c99abdb5701abb7ee87c137,27792,False,96,,False,True,-1,-1,success_no_alarm,0.9958302,0.99614716,0.997167,0.99694455,0.99571866,,,0.0430513,0.042164877,0.040591903,0.03997799,0.043052703,,,0.15634048,0.15647675,0.15285155,0.15157607,0.15804166,,,0.0025446038,0.0017550141,0.0017251752,0.0018401283,0.0028994381,,,0.35000002,0.4,0.32500002,0.32500002,0.35000002,,,,0.055788804,0.067549616,0.054753065,0.05335737,,,,0.8,0.975,0.9,0.85,,,,0.74375,0.81874996,0.775,0.73125,,,,0.8870015,0.86066586,0.8845952,0.88920194,,,,-0.015385091,0.008999467,-0.006531745,-0.021253914,,,0.109900445,0.10992225,0.100054786,0.09656299,0.10717684,,,0.013500361,0.013262672,0.012796836,0.012285326,0.0133805005,,,0.50147855,0.5286583,0.48082343,0.5125866,0.5099297,,,0.20902777,0.20763889,0.2138889,0.20833334,0.21249999,,,-0.0016983115,-0.0015362522,-0.00075577776,-0.00072795094,-0.001893787,,,0.013643099,0.01533106,0.0086262645,0.012711779,0.009520819,,,,,0.3602353,0.15786059,0.12924929,,,,,,-0.050369434,0.033655707,,,0.995402,0.993844,0.9936024,0.9943681,0.9948201,,,0.04412657,0.044854086,0.046598565,0.044734836,0.044822793,,,0.16161388,0.16485912,0.16956975,0.16615328,0.16354105,,,0.002540459,0.002248226,0.0037899474,0.0030533285,0.0021494909,,,0.375,0.4,0.325,0.35,0.45000002,,,,0.087391615,0.10037945,0.088555776,0.082977444,,,,0.95,0.95000005,0.975,0.92499995,,,,0.82500005,0.825,0.8937501,0.85,,,,0.82239175,0.79680085,0.81812495,0.8288079,,,,0.018052787,0.026216358,0.014995247,-0.005564481,,,0.08717529,0.09297187,0.0933855,0.08614352,0.08568243,,,0.008877237,0.009300878,0.009161703,0.0087894965,0.00853921,,,0.5749794,0.58654636,0.61764693,0.64405906,0.6451355,,,0.14583334,0.14861111,0.1423611,0.14097223,0.12638888,,,-0.002852728,-0.0041190535,-0.0039507854,-0.0039434936,-0.003362622,,,0.013275923,0.013985319,0.013204971,0.015033502,0.012847189,,,,,0.3060029,0.18267605,0.11930456,,,,,,-0.017523656,-0.04731427,,,1.2606835,1.1823174,1.0714167,1.1209548,1.2508614,,,,,,-0.014111316,-0.043000266,,,,,-0.32092112,-0.16431098,-0.118812166,,,,0.012014508,0.022618473,0.008570135,-0.008971393,,
cache_new/HiMoE-VLA/libero_spatial/pick_up_the_black_bowl_next_to_the_plate_and_place_it_on_the_plate/right-50x8b-20260903,right-50x8b-20260903,libero_spatial,libero_spatial/pick_up_the_black_bowl_next_to_the_plate_and_place_it_on_the_plate,193,24,1009,10,1029d0827030a7521361d1904eeb3e7e7f2792be5c99abdb5701abb7ee87c137,27793,False,95,,False,True,-1,-1,success_no_alarm,0.99568456,0.9953375,0.9971104,0.9969581,0.9939505,,,0.04308276,0.044666298,0.040929914,0.04013229,0.046937015,,,0.15700428,0.16013592,0.15340781,0.1518698,0.16592732,,,0.002587995,0.0029436206,0.0017256223,0.0017090432,0.004393125,,,0.375,0.45000002,0.42499998,0.325,0.3,,,,0.05838341,0.06408553,0.052677937,0.07037991,,,,0.72499996,0.9,0.9,0.95000005,,,,0.70000005,0.80625,0.75625,0.76874995,,,,0.88140315,0.8664292,0.8891244,0.86005586,,,,-0.015172526,0.0049216896,-0.014680341,-0.0045671314,,,0.10472483,0.112203225,0.10364477,0.10041394,0.11932324,,,0.012956954,0.013355662,0.013227595,0.012818258,0.014199028,,,0.5268923,0.5324454,0.48174328,0.49410322,0.53979385,,,0.19305557,0.21736112,0.225,0.23125,0.20347221,,,-0.0016662197,-0.0024913063,-0.00067394844,-0.00082448486,-0.0035993387,,,0.014088222,0.012645071,0.006827355,0.009988414,0.010951861,,,,,0.2957551,0.10828144,0.38686037,,,,,,-0.019700455,0.07950807,,,0.99540377,0.9937401,0.99301946,0.9945501,0.9944787,,,0.043760285,0.045671225,0.046991084,0.045217577,0.04477276,,,0.16175905,0.16698661,0.17094451,0.16578496,0.16486159,,,0.0024859058,0.002949176,0.004143939,0.0028731076,0.0032367823,,,0.275,0.375,0.375,0.4,0.35,,,,0.08970539,0.096956305,0.08626736,0.08753022,,,,0.95,0.92499995,0.925,0.975,,,,0.84375,0.81874996,0.84375,0.86249995,,,,0.818631,0.8025705,0.8218007,0.82176965,,,,0.02082026,0.01772657,0.0017078072,0.005740091,,,0.08397791,0.09836024,0.09966616,0.0870319,0.0952851,,,0.00861753,0.00954563,0.00960763,0.008942359,0.009467156,,,0.5853939,0.6122898,0.60475683,0.6273671,0.64915895,,,0.15277779,0.14722222,0.1513889,0.14861111,0.1625,,,-0.002855875,-0.0042524254,-0.004120928,-0.0036721565,-0.0034297123,,,0.0130702,0.013113844,0.01166837,0.012556011,0.012881189,,,,,0.25371388,0.13966519,0.15254098,,,,,,0.005691318,0.06301479,,,1.2470522,1.1407377,1.0399194,1.1537602,1.252276,,,,,,7.879425e-05,0.05710791,,,,,-0.27554652,-0.13392086,-0.10460688,,,,0.019661248,0.016534388,0.00064253807,0.0029866695,,
cache_new/HiMoE-VLA/libero_spatial/pick_up_the_black_bowl_next_to_the_plate_and_place_it_on_the_plate/right-50x8b-20260903,right-50x8b-20260903,libero_spatial,libero_spatial/pick_up_the_black_bowl_next_to_the_plate_and_place_it_on_the_plate,194,24,1010,10,1029d0827030a7521361d1904eeb3e7e7f2792be5c99abdb5701abb7ee87c137,27794,False,99,,False,True,-1,-1,success_no_alarm,0.99562603,0.99609363,0.99722475,0.9970346,0.99639827,,,0.043406986,0.04164856,0.040226065,0.040721864,0.041644968,,,0.15776205,0.15587355,0.1526927,0.15274335,0.15629557,,,0.0026360126,0.0017410836,0.0015182457,0.0016363116,0.0021536527,,,0.4,0.32500002,0.375,0.325,0.35000002,,,,0.055863407,0.06603485,0.055997234,0.058180753,,,,0.9,1.0,0.92499995,1.0,,,,0.7375,0.84375,0.7875,0.8125,,,,0.88420445,0.8662976,0.88237417,0.8794737,,,,-0.010106221,0.005458772,-0.010602906,-0.00516136,,,0.11015965,0.111137815,0.10103644,0.097232565,0.1068943,,,0.013127863,0.013589249,0.012670459,0.012674814,0.013413944,,,0.52717984,0.50890416,0.473759,0.48235232,0.48539028,,,0.20625,0.22152777,0.21041667,0.21666667,0.19375,,,-0.001818063,-0.0016338696,-0.0005224489,-0.0009821241,-0.0009199524,,,0.012880245,0.017415643,0.009116443,0.008426135,0.009128787,,,,,0.32958707,0.16906315,0.20357378,,,,,,-0.019548027,0.038053762,,,0.99541897,0.9938948,0.9929089,0.9939177,0.9953425,,,0.044170648,0.044340998,0.046174802,0.045266256,0.04235404,,,0.16163585,0.16479386,0.1708098,0.16568428,0.15894334,,,0.0026086671,0.0019942936,0.0036496266,0.0029971243,0.0016924298,,,0.32500002,0.45,0.35,0.375,0.35,,,,0.085025996,0.10611847,0.089290716,0.083369315,,,,1.0,0.9,0.975,0.975,,,,0.82500005,0.88125,0.86875,0.8875,,,,0.82851857,0.7832689,0.81661177,0.8275394,,,,0.012159511,0.033037066,0.007711962,0.007785991,,,0.08712235,0.092171974,0.09232965,0.08667314,0.077566005,,,0.008781799,0.009253984,0.008916367,0.00860317,0.008064492,,,0.5802443,0.6089933,0.64858985,0.64532954,0.6476313,,,0.14791666,0.16111112,0.125,0.14027777,0.15625,,,-0.0028361487,-0.0041174367,-0.0047055143,-0.0043021636,-0.0030318478,,,0.013803341,0.012790607,0.0120118875,0.011825147,0.0105778435,,,,,0.35622782,0.18236586,0.115838155,,,,,,-0.037081696,-0.10139507,,,1.2644247,1.2057658,1.0943011,1.1218305,1.3781075,,,,,,-0.026022894,-0.090682924,,,,,-0.35589957,-0.18984038,-0.12231356,,,,0.009191096,0.028867424,0.007711947,0.00047332048,,
cache_new/HiMoE-VLA/libero_spatial/pick_up_the_black_bowl_next_to_the_plate_and_place_it_on_the_plate/right-50x8b-20260903,right-50x8b-20260903,libero_spatial,libero_spatial/pick_up_the_black_bowl_next_to_the_plate_and_place_it_on_the_plate,195,24,1011,10,1029d0827030a7521361d1904eeb3e7e7f2792be5c99abdb5701abb7ee87c137,27795,False,96,,False,True,-1,-1,success_no_alarm,0.99593186,0.9964409,0.99722874,0.9968953,0.99480426,,,0.041896075,0.041689,0.040738136,0.040162675,0.045213223,,,0.15521017,0.15565076,0.15290555,0.15175655,0.16096732,,,0.002441053,0.0016651704,0.001782841,0.0018961087,0.0037237853,,,0.35,0.425,0.325,0.3,0.425,,,,0.054054834,0.06730247,0.056101732,0.060071856,,,,0.85,1.0,1.0,0.9,,,,0.6875,0.85,0.8125,0.8,,,,0.8884235,0.86132187,0.88192993,0.8789282,,,,-0.015696108,0.010450989,-0.0061229914,-0.015344694,,,0.11062566,0.11342141,0.10339191,0.10112308,0.115288764,,,0.013402593,0.013750223,0.01290789,0.012423916,0.013861546,,,0.4995116,0.49595493,0.48173228,0.48608646,0.529109,,,0.23958334,0.22430556,0.21041667,0.21319443,0.21319443,,,-0.0016316511,-0.0011194523,-0.0004134291,-0.0009735938,-0.002818572,,,0.013353063,0.013688268,0.008187261,0.011546896,0.01165138,,,,,0.36191237,0.18103161,0.24494824,,,,,,-0.033636555,0.07288684,,,0.99549794,0.9936094,0.993528,0.99455893,0.9942629,,,0.043668434,0.046252392,0.047828533,0.044916175,0.04514262,,,0.16151299,0.16808292,0.17152932,0.16634849,0.16612883,,,0.0024305964,0.0027336986,0.0039040407,0.0029572588,0.0028437332,,,0.45000002,0.45,0.375,0.35,0.375,,,,0.09091618,0.0971643,0.08708725,0.085712016,,,,1.0,0.9,0.975,1.0,,,,0.89375,0.85625,0.875,0.83124995,,,,0.81710076,0.80339825,0.8194974,0.8238746,,,,0.020951241,0.016770259,0.0058161467,-0.00035452843,,,0.08962788,0.098972544,0.09788774,0.086948365,0.091602355,,,0.008941736,0.009587311,0.009360211,0.008765876,0.009183735,,,0.57268,0.6165719,0.6294578,0.62336385,0.65396327,,,0.15347223,0.14166668,0.16180557,0.15486111,0.122222215,,,-0.0026982012,-0.0044373414,-0.003936356,-0.003818445,-0.0034896827,,,0.01308755,0.013655444,0.012120789,0.014965428,0.014599312,,,,,0.26635,0.15811299,0.14151141,,,,,,-0.011327715,0.03515793,,,1.2342774,1.1459886,1.0562294,1.1630245,1.2585787,,,,,,-0.00823728,0.038330108,,,,,-0.2571053,-0.14711347,-0.15321282,,,,0.020951211,0.015630305,-0.0007429123,-0.0057748556,,
cache_new/HiMoE-VLA/libero_spatial/pick_up_the_black_bowl_next_to_the_plate_and_place_it_on_the_plate/right-50x8b-20260903,right-50x8b-20260903,libero_spatial,libero_spatial/pick_up_the_black_bowl_next_to_the_plate_and_place_it_on_the_plate,196,24,1012,10,1029d0827030a7521361d1904eeb3e7e7f2792be5c99abdb5701abb7ee87c137,27796,False,93,,False,True,-1,-1,success_no_alarm,0.9959179,0.99544,0.99708337,0.99699116,0.994187,,,0.042335205,0.044631116,0.041544817,0.039947,0.046677813,,,0.15608637,0.16002874,0.15369323,0.15135136,0.16426656,,,0.0024182824,0.00275726,0.0019075973,0.0017925063,0.004361893,,,0.35,0.35000002,0.3,0.425,0.3,,,,0.056549504,0.061703183,0.05338882,0.07033354,,,,0.82500005,0.95,0.9,0.95000005,,,,0.675,0.80625004,0.8125,0.77500004,,,,0.8859468,0.8729811,0.88805676,0.8616983,,,,-0.01886259,0.0008148849,-0.015992269,-0.006270826,,,0.10866992,0.10923802,0.1024542,0.100944676,0.121332556,,,0.013148185,0.01314717,0.013027888,0.012514339,0.014398126,,,0.53320247,0.53999317,0.47462797,0.48762637,0.53851676,,,0.19791667,0.19305556,0.21388888,0.19722222,0.20416667,,,-0.0011655437,-0.0017709741,-0.0009790284,-0.0006520378,-0.0035038027,,,0.013529772,0.012243692,0.0061540557,0.008892723,0.010538836,,,,,0.3016739,0.1611872,0.42461178,,,,,,-0.031914,0.10592061,,,0.9955666,0.9938213,0.9927834,0.99443567,0.9934063,,,0.043959826,0.046189692,0.04788342,0.044362586,0.04719833,,,0.16126408,0.16628812,0.17451692,0.16461243,0.16967033,,,0.0024049538,0.0028827733,0.0039417734,0.0028910628,0.0039750524,,,0.325,0.475,0.32500002,0.35000002,0.3,,,,0.08690522,0.101753555,0.085418776,0.097435184,,,,1.0,1.0,0.95,1.0,,,,0.875,0.82500005,0.79375,0.9125,,,,0.8226169,0.79322857,0.8247689,0.80359095,,,,0.02462922,0.025126562,-0.00015255809,0.0115388185,,,0.08610279,0.09691183,0.093940295,0.086586624,0.099455684,,,0.008739898,0.0093919635,0.008824702,0.008719511,0.009701884,,,0.5857015,0.6320711,0.6251463,0.62417597,0.6547686,,,0.13541667,0.14236112,0.14236112,0.16111112,0.14513889,,,-0.0024618974,-0.003977529,-0.0046259724,-0.0037479834,-0.004437049,,,0.01389835,0.013055102,0.012079853,0.01406453,0.012378033,,,,,0.33018646,0.15508921,0.28477687,,,,,,0.0039592506,0.110620685,,,1.2620952,1.1271898,1.090631,1.165823,1.219966,,,,,,0.0034248524,0.110181734,,,,,-0.33824903,-0.14054488,-0.29406434,,,,0.022855222,0.019434512,-0.00015258789,0.0048752427,,
cache_new/HiMoE-VLA/libero_spatial/pick_up_the_black_bowl_next_to_the_plate_and_place_it_on_the_plate/right-50x8b-20260903,right-50x8b-20260903,libero_spatial,libero_spatial/pick_up_the_black_bowl_next_to_the_plate_and_place_it_on_the_plate,197,24,1013,10,1029d0827030a7521361d1904eeb3e7e7f2792be5c99abdb5701abb7ee87c137,27797,False,97,,False,True,-1,-1,success_no_alarm,0.99587065,0.99620485,0.997368,0.99722415,0.99647164,,,0.042480763,0.041970316,0.040301986,0.040112883,0.04154478,,,0.1563544,0.15613493,0.1516657,0.1510728,0.1556971,,,0.0024403478,0.0017288384,0.0014892322,0.001532159,0.0021804133,,,0.375,0.35,0.3,0.325,0.425,,,,0.0567652,0.067142874,0.054545626,0.05568065,,,,0.75,0.95,0.925,0.92499995,,,,0.69375,0.8312501,0.8125,0.775,,,,0.88397926,0.8630344,0.8847054,0.8840714,,,,-0.010363713,0.0075249076,-0.01096724,-0.008270338,,,0.1061663,0.10941285,0.10083701,0.09818214,0.10404814,,,0.01327885,0.013695263,0.01273796,0.012817065,0.01322614,,,0.49728054,0.4939723,0.4680279,0.49472073,0.46764967,,,0.21458334,0.21805555,0.20763889,0.22638889,0.19999999,,,-0.0019381412,-0.0018469216,-0.00048323686,-0.00056052586,-0.0011756045,,,0.012724819,0.015906107,0.009716396,0.008255306,0.009719518,,,,,0.33228165,0.12752198,0.14817394,,,,,,0.0021707874,0.033562444,,,0.9955036,0.9937621,0.99272597,0.9942767,0.9957081,,,0.043809332,0.045328133,0.04803692,0.04417199,0.04251065,,,0.16110934,0.16703403,0.173307,0.16493253,0.15861228,,,0.002372879,0.002330726,0.0039538466,0.0027431748,0.0018244608,,,0.325,0.325,0.4,0.375,0.45000002,,,,0.08952546,0.10484949,0.088947505,0.07842486,,,,0.975,0.975,0.975,1.0,,,,0.8625001,0.86875,0.91249996,0.84375,,,,0.8198327,0.78979033,0.8167662,0.83786505,,,,0.018561885,0.01866147,0.0075005293,-0.010253474,,,0.08365458,0.09395512,0.10014929,0.085690334,0.07853167,,,0.008719134,0.0094850175,0.009631906,0.008591862,0.008109719,,,0.5819967,0.5894886,0.61840266,0.6494606,0.6417681,,,0.13541667,0.15972222,0.13541667,0.14861111,0.13472222,,,-0.0027641053,-0.0042232405,-0.0045027467,-0.0041091647,-0.0027744756,,,0.013043283,0.013542456,0.015212965,0.011885317,0.01095232,,,,,0.33255804,0.17235766,0.045507245,,,,,,-0.038067844,-0.09561222,,,1.2691033,1.1645224,1.0068669,1.1457785,1.3249196,,,,,,-0.03510912,-0.09286147,,,,,-0.32184362,-0.1726219,-0.038960226,,,,0.01778841,0.015406787,0.007153809,-0.011536241,,
cache_new/HiMoE-VLA/libero_spatial/pick_up_the_black_bowl_next_to_the_plate_and_place_it_on_the_plate/right-50x8b-20260903,right-50x8b-20260903,libero_spatial,libero_spatial/pick_up_the_black_bowl_next_to_the_plate_and_place_it_on_the_plate,198,24,1014,10,1029d0827030a7521361d1904eeb3e7e7f2792be5c99abdb5701abb7ee87c137,27798,False,96,,False,True,-1,-1,success_no_alarm,0.9957009,0.99619,0.99715173,0.99716,0.9955517,,,0.043105114,0.042071193,0.04076225,0.03966388,0.0438302,,,0.1566189,0.15599917,0.15319805,0.150917,0.1590586,,,0.0025658952,0.0017244873,0.0017577659,0.0015027155,0.003037076,,,0.4,0.375,0.35000002,0.32500002,0.375,,,,0.055514745,0.06488284,0.056540214,0.0568796,,,,0.84999996,0.95,0.975,0.92499995,,,,0.70625,0.84375,0.83750004,0.7375,,,,0.8849716,0.86586577,0.879425,0.8844646,,,,-0.014308095,0.004191667,-0.0011570752,-0.01716876,,,0.10773796,0.10983212,0.10673659,0.09907197,0.112193316,,,0.012968108,0.013560728,0.013327356,0.01279065,0.013781929,,,0.52184683,0.51103795,0.47948474,0.47079968,0.5026127,,,0.19097222,0.22152777,0.20555556,0.24097222,0.20416668,,,-0.0016581535,-0.0016637258,-0.000204195,-0.001017415,-0.0020868203,,,0.013425056,0.0146317035,0.0085852705,0.011648457,0.010793617,,,,,0.31734827,0.18277475,0.18555242,,,,,,-0.023222532,0.049958512,,,0.9954806,0.99363005,0.9936646,0.99432576,0.99524117,,,0.043990053,0.046389535,0.04661954,0.045844764,0.044403367,,,0.1615537,0.16857605,0.16933629,0.16742927,0.16224787,,,0.0025484215,0.0024758796,0.003756187,0.0028273088,0.0022779102,,,0.375,0.35,0.40000004,0.375,0.45,,,,0.090665415,0.09768881,0.086202025,0.081079155,,,,0.975,0.975,1.0,0.975,,,,0.86875,0.8874999,0.92499995,0.8625001,,,,0.8177242,0.80029285,0.82337916,0.83195704,,,,0.018167362,0.020101547,0.003715217,-0.0007099211,,,0.08483821,0.094993584,0.09595144,0.087948725,0.08406321,,,0.008605778,0.009522388,0.009251055,0.008805855,0.008480135,,,0.5942292,0.5937941,0.6166841,0.6348075,0.64477956,,,0.13472223,0.13402778,0.14166667,0.15,0.12847222,,,-0.0027263034,-0.0043681874,-0.0038885793,-0.004196342,-0.0029487114,,,0.013042582,0.012919985,0.013255165,0.014006811,0.011526226,,,,,0.25819984,0.13423151,0.072360866,,,,,,-0.013775788,-0.051331557,,,1.2699226,1.1562057,1.1124022,1.1264743,1.3346304,,,,,,-0.0075317426,-0.045222186,,,,,-0.23145166,-0.10998021,-0.07023799,,,,0.016379833,0.017323375,-0.00065779686,-0.0010489225,,
cache_new/HiMoE-VLA/libero_spatial/pick_up_the_black_bowl_next_to_the_plate_and_place_it_on_the_plate/right-50x8b-20260903,right-50x8b-20260903,libero_spatial,libero_spatial/pick_up_the_black_bowl_next_to_the_plate_and_place_it_on_the_plate,199,24,1015,10,1029d0827030a7521361d1904eeb3e7e7f2792be5c99abdb5701abb7ee87c137,27799,False,95,,False,True,-1,-1,success_no_alarm,0.99575937,0.9963051,0.997254,0.996968,0.9946431,,,0.042898674,0.04211195,0.040480398,0.040003445,0.046151303,,,0.15664959,0.1563132,0.1526801,0.15197843,0.16235787,,,0.0025382575,0.001732708,0.0016909678,0.0017465526,0.00373137,,,0.4,0.45000002,0.325,0.32500002,0.325,,,,0.05556009,0.06786871,0.05955781,0.06457356,,,,0.8249999,1.0,0.975,0.9,,,,0.70624995,0.88125,0.82500005,0.79375005,,,,0.8863301,0.8607767,0.8748628,0.871124,,,,-0.013918951,0.010679364,-5.1498413e-05,-0.011483982,,,0.10215129,0.11232367,0.10790385,0.09761968,0.11927129,,,0.012867716,0.013334213,0.013607219,0.012595798,0.014077185,,,0.5049525,0.515393,0.44386262,0.49072623,0.5212072,,,0.20347223,0.18958333,0.23819444,0.21875,0.21319444,,,-0.0020534387,-0.00097192556,-0.0005169455,-0.00071950664,-0.0030727452,,,0.013085552,0.013593233,0.008602101,0.011026593,0.010385296,,,,,0.36507973,0.23602651,0.31252283,,,,,,-0.04365685,0.06636257,,,0.9953645,0.99389863,0.99348575,0.995142,0.99453926,,,0.043940987,0.04529546,0.047069076,0.04356675,0.045517333,,,0.16164646,0.1660786,0.17041513,0.1619799,0.1648496,,,0.0025184795,0.0024529714,0.0038224005,0.0023836966,0.0029019148,,,0.35000002,0.39999998,0.425,0.5,0.35,,,,0.09112487,0.099945664,0.08602262,0.083710164,,,,1.0,0.95,1.0,0.975,,,,0.8875,0.85625,0.89375,0.90625,,,,0.8175212,0.7980004,0.8238344,0.828521,,,,0.022696689,0.025428548,0.011371508,-0.0077222735,,,0.082831234,0.09526874,0.099248216,0.08324115,0.08822877,,,0.008525336,0.009321622,0.009514364,0.008461311,0.008821964,,,0.59014815,0.6012539,0.59983623,0.65250427,0.647954,,,0.13472223,0.15416667,0.14375,0.15833333,0.12152778,,,-0.0028742086,-0.0041583683,-0.004070898,-0.003366595,-0.0034313633,,,0.0129203405,0.012633707,0.012596837,0.012873668,0.010935936,,,,,0.2848612,0.13553154,0.10261531,,,,,,-0.04476226,-0.0030346112,,,1.233246,1.1790192,1.087212,1.1727334,1.3518413,,,,,,-0.049295414,-0.0075550443,,,,,-0.24236932,-0.10576916,-0.07660523,,,,0.019514978,0.024529755,0.007812023,-0.010792315,,
cache_new/HiMoE-VLA/libero_spatial/pick_up_the_black_bowl_next_to_the_plate_and_place_it_on_the_plate/right-50x8b-20260903,right-50x8b-20260903,libero_spatial,libero_spatial/pick_up_the_black_bowl_next_to_the_plate_and_place_it_on_the_plate,200,25,1008,13,1029d0827030a7521361d1904eeb3e7e7f2792be5c99abdb5701abb7ee87c137,27800,False,128,,False,True,10,-1,success_no_alarm,0.9958958,0.99541557,0.9972871,0.9967505,0.9938246,0.99651396,0.9955164,0.042741995,0.045124497,0.040856753,0.040389977,0.047688913,0.040606633,0.04287654,0.15644684,0.1613489,0.15186852,0.15273975,0.1672036,0.15323241,0.1600605,0.002203992,0.0030698043,0.0012756984,0.0020184915,0.004382221,0.0014064225,0.0020878867,0.325,0.3,0.4,0.425,0.35000002,0.35000002,0.425,,0.05887315,0.057948403,0.05285742,0.08201361,0.0697456,0.050966814,,0.9,0.95,0.85,0.95,0.875,0.925,,0.7,0.81875,0.78749996,0.86249995,0.78749996,0.65,,0.8837793,0.8779684,0.8884003,0.8402387,0.8620057,0.89116573,,-0.023580328,-0.0024707913,-0.016091391,0.017180145,0.022235692,-0.0071101338,0.108228445,0.11674519,0.10129434,0.10220383,0.12762576,0.11004564,0.11923168,0.013126162,0.013648258,0.013158128,0.012914365,0.014629126,0.013706962,0.014207457,0.50047517,0.54558045,0.49446642,0.52029604,0.5399828,0.48346537,0.50895214,0.18402779,0.20833334,0.22083333,0.21666667,0.21805555,0.20972222,0.20347223,-0.001627231,-0.0021894767,-0.00067026797,-0.00080733816,-0.0037582682,-0.0013000685,-0.002121836,0.014453325,0.011537657,0.0071119647,0.011050061,0.012569321,0.011007238,0.010801203,,,0.15825795,0.067676686,0.49841073,0.33710784,0.024895003,,,,-0.023448711,0.098108545,0.035526708,0.07130526,0.9965572,0.99326503,0.99503005,0.9946789,0.9934287,0.9933634,0.9937725,0.041625053,0.048383113,0.044548146,0.045322545,0.045958027,0.04697366,0.047490895,0.1555559,0.17304201,0.16356009,0.16502659,0.16855955,0.17092153,0.1715767,0.0016026547,0.0033061258,0.002293062,0.0024019957,0.0043670693,0.0014966102,0.002411455,0.45000002,0.425,0.425,0.625,0.3,0.55,0.4,,0.08987249,0.09088317,0.08594955,0.09286126,0.090102896,0.07727957,,0.95,0.975,1.0,0.975,0.925,0.9,,0.83124995,0.83125,0.89375,0.8625,0.83124995,0.79999995,,0.8187847,0.81538147,0.82187504,0.8120662,0.8188217,0.8388987,,0.0053690225,0.015468314,0.002642855,-0.00093501806,-0.0016570389,-0.019177675,0.08357117,0.100604214,0.087386265,0.08354002,0.1176924,0.09218588,0.11155826,0.008767466,0.009723024,0.008723723,0.00850788,0.011107792,0.00881125,0.010874059,0.5526193,0.61587185,0.6164897,0.6467107,0.5771705,0.62857854,0.57235914,0.16319445,0.14583334,0.15277778,0.15277779,0.14583334,0.1326389,0.1451389,-0.0019820828,-0.0042752307,-0.0030106422,-0.0033450283,-0.003910903,-0.0043403087,-0.0026549133,0.014757246,0.012840204,0.011313948,0.01050926,0.013100661,0.00911152,0.012820219,,,0.19969764,0.14444892,0.21644674,0.18857017,0.037769537,,,,-0.045910824,0.22036916,-0.010013764,0.20013277,1.2950451,1.1604403,1.1591563,1.2234116,1.084401,1.1937364,1.068784,,,,-0.03642474,0.23022926,-0.0013882016,0.20896249,,,-0.17479216,-0.12591533,-0.2108053,-0.20414537,-0.026271699,,0.0034450889,0.0151003,-0.0031992197,-0.0052474737,-0.00501889,-0.020354867
cache_new/HiMoE-VLA/libero_spatial/pick_up_the_black_bowl_next_to_the_plate_and_place_it_on_the_plate/right-50x8b-20260903,right-50x8b-20260903,libero_spatial,libero_spatial/pick_up_the_black_bowl_next_to_the_plate_and_place_it_on_the_plate,201,25,1009,9,1029d0827030a7521361d1904eeb3e7e7f2792be5c99abdb5701abb7ee87c137,27801,False,88,,False,True,-1,-1,success_no_alarm,0.9959411,0.99575126,0.99739695,0.996585,,,,0.042095035,0.0439166,0.040607616,0.040185343,,,,0.15592591,0.1592193,0.15244438,0.1524712,,,,0.0021036575,0.0027469755,0.0012440365,0.0018733898,,,,0.3,0.39999998,0.4,0.25,,,,,0.058725335,0.05668851,0.053615253,,,,,0.775,0.95,0.95,,,,,0.6875,0.80625,0.78125,,,,,0.8834942,0.87951994,0.8877844,,,,,-0.020503744,-0.002048552,-0.014022529,,,,0.10434343,0.113553196,0.09908907,0.10607809,,,,0.013008383,0.013528372,0.012656154,0.013068722,,,,0.5098547,0.51605135,0.4931289,0.50415325,,,,0.18819444,0.20763889,0.2125,0.22708334,,,,-0.0014172402,-0.0020376332,-0.00061783043,-0.0012895088,,,,0.015055005,0.009958194,0.0068591647,0.011200173,,,,,,0.12743984,0.09068632,,,,,,,0.00615224,,,,0.99655724,0.99376655,0.9944451,0.99484634,,,,0.041767992,0.046898905,0.04688749,0.0433404,,,,0.15585065,0.16971752,0.16691633,0.16253936,,,,0.0015330533,0.0032766992,0.0024447679,0.0019152849,,,,0.525,0.375,0.45,0.45000002,,,,,0.08904531,0.09356072,0.08697227,,,,,0.875,1.0,1.0,,,,,0.84375,0.85,0.89374995,,,,,0.820786,0.81091857,0.82146317,,,,,0.0069098175,0.02397883,0.00013528764,,,,0.08033198,0.09717622,0.087071165,0.0833573,,,,0.0086211655,0.009398229,0.008607543,0.0083777625,,,,0.551788,0.5997107,0.6118802,0.6624718,,,,0.16041666,0.13472223,0.15208334,0.14652778,,,,-0.0020097548,-0.0036554397,-0.003343291,-0.0034637994,,,,0.014497471,0.0127078965,0.01325953,0.013048815,,,,,,0.21430755,0.13992564,,,,,,,-0.041448608,,,,1.2989028,1.1685287,1.138024,1.2725711,,,,,,,-0.039416276,,,,,,-0.2269814,-0.14011681,,,,,0.003391862,0.02211529,-0.0034049153,,,
cache_new/HiMoE-VLA/libero_spatial/pick_up_the_black_bowl_next_to_the_plate_and_place_it_on_the_plate/right-50x8b-20260903,right-50x8b-20260903,libero_spatial,libero_spatial/pick_up_the_black_bowl_next_to_the_plate_and_place_it_on_the_plate,202,25,1010,10,1029d0827030a7521361d1904eeb3e7e7f2792be5c99abdb5701abb7ee87c137,27802,False,91,,False,True,-1,-1,success_no_alarm,0.9956467,0.99554783,0.99721926,0.9967293,0.99315315,,,0.042844217,0.045061305,0.041146383,0.040437445,0.049256507,,,0.1576074,0.16038707,0.15242288,0.15263182,0.1694088,,,0.0023758372,0.0030177452,0.001339057,0.0019396375,0.0051754564,,,0.35000002,0.425,0.4,0.4,0.325,,,,0.05947054,0.06079424,0.054104805,0.08564371,,,,0.875,0.92499995,0.95,0.975,,,,0.68125,0.8375,0.74375,0.89374995,,,,0.88184637,0.87403786,0.88758063,0.83542913,,,,-0.01715444,0.0010026991,-0.016780198,0.0119215995,,,0.10977209,0.114656225,0.1011427,0.10141473,0.13289952,,,0.013311529,0.013630687,0.013028354,0.012885893,0.014986736,,,0.5231604,0.5370291,0.478051,0.5001136,0.5439619,,,0.21666667,0.20972222,0.21597221,0.19791667,0.23541667,,,-0.0018089307,-0.0021600162,-0.00053448766,-0.0012658611,-0.004509557,,,0.013953111,0.011567952,0.006268001,0.009408959,0.0097421445,,,,,0.1942608,0.073330946,0.51960945,,,,,,-0.015049169,0.13127485,,,0.9965668,0.99352026,0.99422306,0.99435484,0.9938155,,,0.042172212,0.047202013,0.046472684,0.046099294,0.045713186,,,0.15654069,0.1716153,0.16706067,0.16591652,0.16900314,,,0.0016356239,0.003106299,0.0025998445,0.0023751664,0.004172815,,,0.5,0.45,0.42499998,0.6,0.275,,,,0.08989458,0.093241975,0.0883752,0.09166369,,,,0.925,1.0,1.0,1.0,,,,0.83750004,0.84999996,0.8875,0.8125,,,,0.81742513,0.81061924,0.81812906,0.8136191,,,,0.011806324,0.01659125,0.0034446418,0.004076287,,,0.08359055,0.09608869,0.09181761,0.08365562,0.11829916,,,0.008996684,0.009453233,0.0088672675,0.008512229,0.011085095,,,0.5472042,0.6247396,0.63680696,0.6296504,0.5891028,,,0.17152777,0.123611115,0.1513889,0.15972222,0.1611111,,,-0.0020238059,-0.004173262,-0.0035529037,-0.003630416,-0.0037584403,,,0.0146802245,0.012033131,0.0112903705,0.009816851,0.012313021,,,,,0.22069392,0.16681561,0.20323445,,,,,,-0.03456904,0.22947411,,,1.3132117,1.1932333,1.101561,1.2122884,1.123419,,,,,,-0.03326847,0.23082918,,,,,-0.21596713,-0.15511756,-0.20510371,,,,0.010186493,0.01659131,-0.005134225,-0.003250897,,
cache_new/HiMoE-VLA/libero_spatial/pick_up_the_black_bowl_next_to_the_plate_and_place_it_on_the_plate/right-50x8b-20260903,right-50x8b-20260903,libero_spatial,libero_spatial/pick_up_the_black_bowl_next_to_the_plate_and_place_it_on_the_plate,203,25,1011,10,1029d0827030a7521361d1904eeb3e7e7f2792be5c99abdb5701abb7ee87c137,27803,False,91,,False,True,-1,-1,success_no_alarm,0.99601257,0.9954816,0.99707365,0.9968732,0.99373263,,,0.040899664,0.04480697,0.041810535,0.040128447,0.047357157,,,0.15421754,0.16086084,0.15401302,0.15127838,0.16555583,,,0.0020643421,0.0030856957,0.0013852515,0.0019315371,0.0045766816,,,0.325,0.375,0.45000002,0.325,0.275,,,,0.0593502,0.06142825,0.05289182,0.07887837,,,,0.92499995,0.925,0.925,0.975,,,,0.65625,0.83125,0.83125,0.84375,,,,0.8821207,0.8726533,0.8901719,0.84839547,,,,-0.020204917,0.0010919124,-0.024117097,0.0006417781,,,0.1100657,0.118488416,0.10446382,0.10638866,0.12917277,,,0.013411689,0.014070758,0.013161616,0.012962909,0.014980784,,,0.49558938,0.5189665,0.49524856,0.4856296,0.5335206,,,0.22916666,0.21458334,0.21180555,0.21458334,0.22916666,,,-0.0015720418,-0.0021248113,-0.0004727287,-0.000804638,-0.003903903,,,0.013669735,0.0130183995,0.0076561505,0.010259922,0.009812295,,,,,0.20431572,0.05271934,0.43837905,,,,,,-0.01243905,0.12685885,,,0.9965991,0.99306643,0.9939951,0.9945817,0.99292374,,,0.041225716,0.048600417,0.046184164,0.04608378,0.046995353,,,0.15537749,0.17231786,0.16705951,0.16596587,0.17207271,,,0.001488785,0.0035489309,0.002642909,0.002572293,0.004769509,,,0.55,0.525,0.4,0.575,0.275,,,,0.092507474,0.08786163,0.08755641,0.0986105,,,,0.975,0.975,1.0,1.0,,,,0.8625001,0.85,0.85,0.86875,,,,0.81437814,0.82087284,0.81971717,0.80159044,,,,0.010338441,0.0050157458,0.0026805103,0.011535704,,,0.08594334,0.10262902,0.09838222,0.0850823,0.10886289,,,0.008949349,0.009717216,0.009236087,0.00835512,0.010315389,,,0.53837705,0.6229065,0.61755294,0.6195695,0.6459998,,,0.16736111,0.13611111,0.14097223,0.14583333,0.14652777,,,-0.0018870626,-0.0042645503,-0.0035513558,-0.0033338321,-0.00458633,,,0.013946042,0.014260929,0.012451749,0.01210854,0.010545733,,,,,0.14654955,0.14016801,0.26180962,,,,,,-0.059396137,0.15175252,,,1.2806774,1.1545312,1.0618161,1.2504206,1.1865638,,,,,,-0.05970891,0.15105349,,,,,-0.15772963,-0.13066152,-0.2638411,,,,0.007796824,0.0050157905,-7.599592e-05,0.006534457,,
cache_new/HiMoE-VLA/libero_spatial/pick_up_the_black_bowl_next_to_the_plate_and_place_it_on_the_plate/right-50x8b-20260903,right-50x8b-20260903,libero_spatial,libero_spatial/pick_up_the_black_bowl_next_to_the_plate_and_place_it_on_the_plate,204,25,1012,9,1029d0827030a7521361d1904eeb3e7e7f2792be5c99abdb5701abb7ee87c137,27804,False,88,,False,True,-1,-1,success_no_alarm,0.9959416,0.9951464,0.9973092,0.9966393,,,,0.042243883,0.045508146,0.0411272,0.04053405,,,,0.1557309,0.1625107,0.15265341,0.15264378,,,,0.002101026,0.003358271,0.001354587,0.0020769485,,,,0.35,0.3,0.375,0.325,,,,,0.061896954,0.06041171,0.055341642,,,,,0.925,1.0,1.0,,,,,0.65625,0.8375,0.83124995,,,,,0.87771195,0.8722657,0.88351953,,,,,-0.016694844,0.0036766976,-0.015883684,,,,0.10719789,0.11964534,0.10357839,0.106700286,,,,0.013168606,0.014177041,0.013372039,0.013125781,,,,0.5263313,0.53377485,0.470769,0.48860842,,,,0.19444445,0.21249999,0.22708333,0.20763889,,,,-0.0011576668,-0.0019409446,-0.0008415283,-0.00089914247,,,,0.014018663,0.011430835,0.0055872556,0.010155851,,,,,,0.20750251,0.12217209,,,,,,,-0.007565898,,,,0.996596,0.9930666,0.9939306,0.9947769,,,,0.042159766,0.04811122,0.04685285,0.045129597,,,,0.15632732,0.17279916,0.16881788,0.16479868,,,,0.001540139,0.0039909775,0.0024923899,0.0022992876,,,,0.525,0.45,0.45,0.45,,,,,0.09466529,0.095372126,0.0855829,,,,,0.975,1.0,0.95,,,,,0.86249995,0.84375,0.9,,,,,0.8078455,0.80701065,0.82222635,,,,,0.019572854,0.019210488,-0.0011651218,,,,0.08272955,0.10466759,0.093092844,0.08302605,,,,0.008742245,0.010063892,0.008767123,0.008265069,,,,0.55841863,0.62006485,0.60829175,0.6361933,,,,0.1513889,0.1486111,0.13819444,0.124305554,,,,-0.0017143745,-0.004473458,-0.0035981182,-0.0030912333,,,,0.014629481,0.013712147,0.011539013,0.01148156,,,,,,0.22143516,0.11288487,,,,,,,-0.05582509,,,,1.295763,1.1430982,1.1126354,1.2851423,,,,,,,-0.04825564,,,,,,-0.20959449,-0.11130124,,,,,0.017504811,0.019210458,-0.0069928765,,,
cache_new/HiMoE-VLA/libero_spatial/pick_up_the_black_bowl_next_to_the_plate_and_place_it_on_the_plate/right-50x8b-20260903,right-50x8b-20260903,libero_spatial,libero_spatial/pick_up_the_black_bowl_next_to_the_plate_and_place_it_on_the_plate,205,25,1013,9,1029d0827030a7521361d1904eeb3e7e7f2792be5c99abdb5701abb7ee87c137,27805,False,89,,False,True,-1,-1,success_no_alarm,0.9960079,0.995574,0.9972806,0.99665785,,,,0.041945543,0.04475665,0.04151971,0.040485583,,,,0.15632589,0.16089132,0.15293401,0.15248409,,,,0.002002738,0.0029624356,0.0012649323,0.0020932353,,,,0.325,0.3,0.4,0.275,,,,,0.059186384,0.0573501,0.055663057,,,,,0.875,1.0,0.975,,,,,0.70624995,0.79999995,0.85625005,,,,,0.8825433,0.8796915,0.8816835,,,,,-0.01925835,-0.0053804666,-0.011936322,,,,0.10426145,0.11734149,0.10073808,0.103712894,,,,0.012894107,0.014151745,0.013237165,0.013039397,,,,0.49934107,0.5126726,0.48185968,0.49894857,,,,0.18819444,0.23402777,0.22152779,0.20416667,,,,-0.001797064,-0.002459524,-0.0007103055,-0.00095510564,,,,0.013451625,0.011282507,0.007848799,0.010204957,,,,,,0.12651446,0.10035589,,,,,,,-0.0022477468,,,,0.9966343,0.9932657,0.99380785,0.9947103,,,,0.04194394,0.047806025,0.04650047,0.045744874,,,,0.15589686,0.17192848,0.16780654,0.16584694,,,,0.0014428485,0.003400458,0.0025664626,0.0023157806,,,,0.575,0.45000002,0.4,0.5,,,,,0.09161946,0.088781,0.089628994,,,,,0.9,1.0,1.0,,,,,0.825,0.9,0.87500006,,,,,0.814639,0.81468403,0.81454366,,,,,0.0118804425,0.009599939,0.010940269,,,,0.080270514,0.10291911,0.09340433,0.08444451,,,,0.008600321,0.010048124,0.009043922,0.008406806,,,,0.5509368,0.61818355,0.6142955,0.6557447,,,,0.14583333,0.12222223,0.14791667,0.14652778,,,,-0.0019295766,-0.004311622,-0.0037915292,-0.0033513743,,,,0.013441479,0.013479941,0.012662308,0.011558994,,,,,,0.15119861,0.16025375,,,,,,,-0.046214107,,,,1.298876,1.1401331,1.0785161,1.2281781,,,,,,,-0.03918101,,,,,,-0.14318988,-0.15874992,,,,,0.008791566,0.009599924,0.010940313,,,
cache_new/HiMoE-VLA/libero_spatial/pick_up_the_black_bowl_next_to_the_plate_and_place_it_on_the_plate/right-50x8b-20260903,right-50x8b-20260903,libero_spatial,libero_spatial/pick_up_the_black_bowl_next_to_the_plate_and_place_it_on_the_plate,206,25,1014,10,1029d0827030a7521361d1904eeb3e7e7f2792be5c99abdb5701abb7ee87c137,27806,False,91,,False,True,-1,-1,success_no_alarm,0.99586236,0.99560124,0.9975603,0.9966135,0.994341,,,0.042291626,0.04467705,0.039758004,0.039513,0.04597424,,,0.15607238,0.16017279,0.15098757,0.15112764,0.16416495,,,0.0021373315,0.003029887,0.0012830249,0.0020008462,0.004236208,,,0.3,0.425,0.375,0.225,0.275,,,,0.059717204,0.05887646,0.055511236,0.073869616,,,,0.85,1.0,0.95,0.90000004,,,,0.66249996,0.8125,0.8375,0.75,,,,0.8802948,0.87643254,0.8848459,0.85663015,,,,-0.017076507,0.004170224,-0.013411194,-0.004362896,,,0.10646327,0.11434228,0.09925102,0.10304952,0.1303964,,,0.01296852,0.013890779,0.012799483,0.01281812,0.015033226,,,0.52365285,0.53113407,0.48626095,0.49879575,0.5269275,,,0.18333334,0.22222221,0.21875,0.24930555,0.23680556,,,-0.0015077202,-0.0021916437,5.4690478e-05,-0.0015897732,-0.0034865355,,,0.013711367,0.011860717,0.007648577,0.012637701,0.012974283,,,,,0.16824855,0.11668498,0.39610195,,,,,,-0.018862534,0.1376927,,,0.99660045,0.9935119,0.99434537,0.9950004,0.9934055,,,0.041749656,0.046843693,0.044905435,0.04485517,0.046455592,,,0.1562602,0.1713103,0.16641134,0.16427316,0.1700347,,,0.0016091729,0.0033429815,0.0024535905,0.0025150054,0.003988106,,,0.52500004,0.35000002,0.35,0.45,0.275,,,,0.091745295,0.09687284,0.08929519,0.086606175,,,,0.875,0.9,1.0,0.975,,,,0.84375,0.88125,0.93125,0.8375,,,,0.81560504,0.8037802,0.8180593,0.8220288,,,,0.012380585,0.029679328,0.004269764,-0.0039485693,,,0.08117241,0.09943783,0.09348442,0.08471957,0.10479522,,,0.008532109,0.009883395,0.009178061,0.008734547,0.010434441,,,0.56564695,0.6035907,0.6253861,0.6433392,0.6295929,,,0.1486111,0.1388889,0.1465278,0.14375,0.1423611,,,-0.0019153364,-0.0040115295,-0.0033673514,-0.0035622767,-0.0042147962,,,0.013796755,0.014020223,0.011647266,0.013133234,0.014381171,,,,,0.25153884,0.16981173,0.14276482,,,,,,-0.04269498,0.13497019,,,1.3115697,1.1498871,1.0616852,1.2163602,1.2442971,,,,,,-0.04027926,0.13754673,,,,,-0.24565938,-0.1808607,-0.14998929,,,,0.011231065,0.028987348,0.0022171736,-0.012755334,,
cache_new/HiMoE-VLA/libero_spatial/pick_up_the_black_bowl_next_to_the_plate_and_place_it_on_the_plate/right-50x8b-20260903,right-50x8b-20260903,libero_spatial,libero_spatial/pick_up_the_black_bowl_next_to_the_plate_and_place_it_on_the_plate,207,25,1015,9,1029d0827030a7521361d1904eeb3e7e7f2792be5c99abdb5701abb7ee87c137,27807,False,87,,False,True,-1,-1,success_no_alarm,0.99598545,0.9954443,0.99739313,0.9961631,,,,0.041823283,0.044518016,0.040568694,0.04076763,,,,0.15542203,0.16043627,0.15204522,0.1540671,,,,0.0020616592,0.0031679375,0.0013327796,0.0023671004,,,,0.375,0.275,0.475,0.275,,,,,0.06355216,0.057068266,0.05750379,,,,,0.84999996,0.975,1.0,,,,,0.7375,0.825,0.83125,,,,,0.8761085,0.8802711,0.8791091,,,,,-0.016614184,-0.0022436976,-0.009893402,,,,0.10305694,0.11878245,0.105584234,0.10356703,,,,0.013132492,0.014054745,0.013675397,0.013087221,,,,0.49112427,0.5292703,0.4706409,0.49804133,,,,0.21458334,0.20833333,0.25486112,0.19097222,,,,-0.0018356054,-0.0017338775,-0.0005787388,-0.0012679937,,,,0.014337903,0.00984762,0.006888888,0.010717556,,,,,,0.10912211,0.13375193,,,,,,,-0.013116213,,,,0.99659765,0.9935434,0.9946087,0.9947291,,,,0.041468292,0.047552183,0.046003982,0.043838173,,,,0.15562913,0.1703046,0.1660257,0.16282919,,,,0.0015321763,0.00346889,0.0024222035,0.0024199337,,,,0.47500002,0.375,0.45,0.35,,,,,0.09187224,0.0880862,0.08776578,,,,,1.0,1.0,0.975,,,,,0.81874996,0.85625005,0.875,,,,,0.81571305,0.81961465,0.8209642,,,,,0.012361601,0.013154119,0.005806327,,,,0.08019667,0.100628,0.091032095,0.08480041,,,,0.008675459,0.009986373,0.008838957,0.008355213,,,,0.55469644,0.6002592,0.59462714,0.6502414,,,,0.15555555,0.13472223,0.14305556,0.14444445,,,,-0.001938726,-0.0036960966,-0.0032803798,-0.0032089383,,,,0.014522698,0.012948238,0.013505436,0.010950561,,,,,,0.15291621,0.14882347,,,,,,,-0.050005864,,,,1.2850525,1.1804115,1.1598573,1.2213035,,,,,,,-0.04262196,,,,,,-0.15195559,-0.1397728,,,,,0.007151842,0.012345493,-0.0008342266,,,
cache_new/HiMoE-VLA/libero_spatial/pick_up_the_black_bowl_next_to_the_plate_and_place_it_on_the_plate/right-50x8b-20260903,right-50x8b-20260903,libero_spatial,libero_spatial/pick_up_the_black_bowl_next_to_the_plate_and_place_it_on_the_plate,208,26,1008,10,1029d0827030a7521361d1904eeb3e7e7f2792be5c99abdb5701abb7ee87c137,27808,False,91,,False,True,9,-1,success_no_alarm,0.9953948,0.9964472,0.9972754,0.99704325,0.9939012,,,0.043544978,0.04199247,0.04081811,0.03959322,0.046316743,,,0.15879305,0.15655191,0.15223628,0.15159559,0.16494568,,,0.0026903073,0.0019222501,0.0014548355,0.0016454612,0.00413761,,,0.32500002,0.375,0.325,0.375,0.22500001,,,,0.053246867,0.06373109,0.05554182,0.07856957,,,,0.85,0.95,0.925,0.92499995,,,,0.66875005,0.79375005,0.78125,0.85625005,,,,0.8916189,0.868248,0.88379896,0.84678715,,,,-0.019521847,0.008453175,-0.008333206,0.0035030842,,,0.113604136,0.11255185,0.10026865,0.09925934,0.12231977,,,0.013785249,0.013664879,0.0129390685,0.012651718,0.014475541,,,0.49956307,0.51467794,0.4882979,0.510435,0.55654883,,,0.20069444,0.21736111,0.21458334,0.20833334,0.22361112,,,-0.0019385198,-0.0012274918,-0.00057457684,-0.000474053,-0.0037758448,,,0.014202322,0.014544707,0.0062868064,0.010503062,0.00910494,,,,,0.26912066,0.13214618,0.47112942,,,,,,-0.034652032,0.096060336,,,0.9955107,0.99460274,0.9942157,0.994215,0.9937092,,,0.043314233,0.044798,0.044656247,0.04525183,0.04725779,,,0.16109562,0.16344014,0.16524008,0.16741279,0.16915336,,,0.0023191,0.002561011,0.0028389865,0.0029793242,0.003763204,,,0.35000002,0.47499996,0.39999998,0.3,0.45,,,,0.082656845,0.09729413,0.08897893,0.09141911,,,,0.9,0.975,1.0,1.0,,,,0.76875,0.875,0.8562499,0.82500005,,,,0.82882386,0.8007505,0.8184009,0.8105794,,,,0.012790963,0.023708805,0.004923746,0.010072321,,,0.09468968,0.08838668,0.08997574,0.08275255,0.10510565,,,0.009433234,0.008798574,0.008714382,0.008473973,0.0101907905,,,0.55334264,0.62752193,0.6210326,0.6398268,0.63471437,,,0.17083333,0.15486112,0.15416665,0.14027777,0.14583334,,,-0.0028763928,-0.003546953,-0.0034982304,-0.0037109042,-0.004088492,,,0.014539674,0.012091264,0.011200167,0.012830483,0.010800585,,,,,0.2628257,0.17342678,0.20128345,,,,,,-0.036330976,0.14779471,,,1.199752,1.2734029,1.1143965,1.1994717,1.1637791,,,,,,-0.032794286,0.1516907,,,,,-0.27854213,-0.2047513,-0.2285502,,,,0.010517776,0.02370882,0.004923761,0.0042237043,,
cache_new/HiMoE-VLA/libero_spatial/pick_up_the_black_bowl_next_to_the_plate_and_place_it_on_the_plate/right-50x8b-20260903,right-50x8b-20260903,libero_spatial,libero_spatial/pick_up_the_black_bowl_next_to_the_plate_and_place_it_on_the_plate,209,26,1009,10,1029d0827030a7521361d1904eeb3e7e7f2792be5c99abdb5701abb7ee87c137,27809,False,94,,False,True,-1,-1,success_no_alarm,0.9954195,0.9953306,0.99736315,0.9968668,0.99348855,,,0.043100953,0.043869883,0.04085754,0.03979931,0.047961384,,,0.15801413,0.161072,0.15194488,0.1522614,0.16557038,,,0.002594926,0.0032272201,0.001319726,0.0017735022,0.004850272,,,0.3,0.325,0.35000002,0.32500002,0.3,,,,0.06102575,0.05683788,0.056490295,0.07886371,,,,0.8000001,0.95,1.0,0.95,,,,0.65625,0.7875,0.84375,0.85625,,,,0.8782082,0.8815913,0.88166535,0.849329,,,,-0.0132320225,-0.0054935813,-0.011762664,7.1540475e-05,,,0.10975218,0.113805205,0.1002738,0.10205615,0.12797126,,,0.013481711,0.013435266,0.012943427,0.012782102,0.014928704,,,0.51237285,0.5221107,0.48414057,0.50523704,0.53244066,,,0.19027779,0.21805555,0.21458334,0.22152779,0.20277777,,,-0.0017548937,-0.0025347834,-0.00040887157,-0.0008868973,-0.0042139017,,,0.015093999,0.013906075,0.0074156187,0.008927302,0.010094432,,,,,0.13127403,0.12709479,0.44899422,,,,,,-0.019751169,0.13006653,,,0.99554646,0.9942692,0.99379456,0.9943775,0.9932267,,,0.042989995,0.045429114,0.04504881,0.04502603,0.046703406,,,0.16057771,0.16590302,0.1667262,0.16622765,0.17136407,,,0.0023237437,0.0031453562,0.0026582498,0.0030716101,0.004049366,,,0.375,0.45,0.35000002,0.32500002,0.25,,,,0.08598479,0.092305325,0.087288044,0.09482731,,,,0.95,0.95,1.0,1.0,,,,0.80625004,0.81250006,0.8562499,0.825,,,,0.8257803,0.8096702,0.8219663,0.8057041,,,,0.012258247,0.009627059,-0.0074006766,0.007282153,,,0.091627225,0.09268992,0.09185515,0.08404848,0.10907698,,,0.009141492,0.00910322,0.008895217,0.008520902,0.010544632,,,0.56697416,0.6307343,0.62182605,0.62819827,0.6464828,,,0.1798611,0.15138888,0.15833333,0.14513889,0.16319445,,,-0.002840087,-0.0034308303,-0.003721722,-0.0035884695,-0.004363991,,,0.014299039,0.012880062,0.011988964,0.01207884,0.01152592,,,,,0.18452927,0.1290903,0.21167554,,,,,,-0.03619727,0.17691742,,,1.1978118,1.2278056,1.0916513,1.2142534,1.1732197,,,,,,-0.038107857,0.17498673,,,,,-0.16646542,-0.14503448,-0.23020944,,,,0.012258291,0.009627044,-0.010523617,0.003574133,,
cache_new/HiMoE-VLA/libero_spatial/pick_up_the_black_bowl_next_to_the_plate_and_place_it_on_the_plate/right-50x8b-20260903,right-50x8b-20260903,libero_spatial,libero_spatial/pick_up_the_black_bowl_next_to_the_plate_and_place_it_on_the_plate,210,26,1010,10,1029d0827030a7521361d1904eeb3e7e7f2792be5c99abdb5701abb7ee87c137,27810,False,95,,False,True,-1,-1,success_no_alarm,0.9950886,0.9967334,0.9971063,0.99688035,0.9945593,,,0.044048205,0.041734967,0.041214645,0.0407127,0.045839198,,,0.15987898,0.15483506,0.15294996,0.15298904,0.16167673,,,0.0029313066,0.0015977705,0.001736956,0.0017482897,0.0037654396,,,0.4,0.375,0.375,0.425,0.3,,,,0.048369266,0.06642677,0.05717799,0.06552759,,,,0.79999995,0.975,1.0,0.9,,,,0.68125004,0.8625,0.81250006,0.775,,,,0.89818835,0.86482215,0.87958014,0.8702625,,,,-0.02046223,0.007326156,-0.0067323893,-0.012168705,,,0.11429683,0.10938777,0.10151349,0.09794025,0.120391995,,,0.013413655,0.013343032,0.013006172,0.012695565,0.014224366,,,0.5304363,0.49863803,0.48506528,0.47847146,0.52946806,,,0.20416667,0.22430556,0.21944445,0.2138889,0.21666667,,,-0.0021770597,-0.0009752965,-0.0007221035,-0.0011320414,-0.0030467073,,,0.014026703,0.013804887,0.0060854014,0.0098705,0.010420075,,,,,0.32533067,0.17634472,0.2996078,,,,,,-0.027803762,0.08237909,,,0.99548674,0.99480945,0.9930995,0.99367917,0.9930053,,,0.04361508,0.04312847,0.047393106,0.04805596,0.04815594,,,0.16132495,0.16139406,0.17271149,0.16939145,0.1718956,,,0.002338603,0.0021263764,0.0034168996,0.003072006,0.0039052097,,,0.35000002,0.325,0.375,0.42499998,0.35,,,,0.08048526,0.09131026,0.09096348,0.092031226,,,,0.92499995,0.825,0.95000005,0.975,,,,0.86875,0.76250005,0.86875004,0.84375,,,,0.8361691,0.81944126,0.8169831,0.81682086,,,,0.008185744,0.0023152828,0.0074988306,-0.0007696003,,,0.09387425,0.089267835,0.09579486,0.0838251,0.0987903,,,0.00931789,0.008944331,0.009184128,0.008441905,0.009651508,,,0.5525383,0.60683924,0.62336564,0.64997095,0.6500157,,,0.16527778,0.15416667,0.13333334,0.12013889,0.14513889,,,-0.0028410158,-0.0033928049,-0.004498275,-0.004617906,-0.004698222,,,0.014212692,0.012452803,0.013526507,0.013093017,0.013390447,,,,,0.20945293,0.20804398,0.21257764,,,,,,-0.038747855,0.09491625,,,1.2175525,1.2253884,1.0596967,1.1683881,1.218662,,,,,,-0.036094453,0.09781177,,,,,-0.20256516,-0.21506351,-0.17801468,,,,0.008185744,-0.00012671947,0.004439473,-0.0051222444,,
cache_new/HiMoE-VLA/libero_spatial/pick_up_the_black_bowl_next_to_the_plate_and_place_it_on_the_plate/right-50x8b-20260903,right-50x8b-20260903,libero_spatial,libero_spatial/pick_up_the_black_bowl_next_to_the_plate_and_place_it_on_the_plate,211,26,1011,9,1029d0827030a7521361d1904eeb3e7e7f2792be5c99abdb5701abb7ee87c137,27811,False,90,,False,True,-1,-1,success_no_alarm,0.9955729,0.9956534,0.99709225,0.9965604,,,,0.04215697,0.044446744,0.041946337,0.040191397,,,,0.15679605,0.15982851,0.15428975,0.1520702,,,,0.0025022961,0.0030996776,0.0014174294,0.0020420705,,,,0.325,0.32500002,0.425,0.3,,,,,0.06382337,0.05998254,0.054413058,,,,,0.925,0.975,0.975,,,,,0.725,0.80625,0.80625004,,,,,0.87160105,0.8753123,0.88616043,,,,,-0.0069004744,-0.00094391406,-0.024140656,,,,0.11494669,0.11739953,0.10316865,0.10540558,,,,0.013820212,0.014049441,0.012941395,0.012701545,,,,0.4966946,0.5217073,0.49993542,0.49708462,,,,0.22083335,0.23402779,0.20277777,0.22430554,,,,-0.0018871312,-0.0019411338,-0.000565393,-0.0012949433,,,,0.01356417,0.011481486,0.008089809,0.0117074335,,,,,,0.14208761,0.04164736,,,,,,,-0.025266571,,,,0.9955333,0.9941002,0.99471706,0.99486077,,,,0.043515313,0.045819312,0.04474111,0.04453992,,,,0.16116309,0.1668587,0.16470891,0.16401447,,,,0.0021884276,0.0033489321,0.0026504935,0.0027138,,,,0.325,0.39999998,0.375,0.425,,,,,0.089565486,0.08502581,0.08955445,,,,,1.0,0.975,1.0,,,,,0.9,0.85,0.91249996,,,,,0.8179073,0.82589686,0.8167645,,,,,0.014939964,0.0046194047,0.0038864166,,,,0.09789076,0.09681676,0.093071595,0.08568147,,,,0.009690223,0.009487777,0.00882194,0.008646641,,,,0.5437136,0.61717504,0.60991144,0.62449646,,,,0.18263888,0.13541667,0.14097223,0.14166667,,,,-0.0027408015,-0.0034371936,-0.0031901232,-0.0034646075,,,,0.014050247,0.013039498,0.0119874785,0.01473642,,,,,,0.08852087,0.14054804,,,,,,,-0.024600942,,,,1.1742344,1.2125951,1.108487,1.2302027,,,,,,,-0.023992687,,,,,,-0.10140048,-0.09482901,,,,,0.014939904,0.00041168928,-0.0035444498,,,
cache_new/HiMoE-VLA/libero_spatial/pick_up_the_black_bowl_next_to_the_plate_and_place_it_on_the_plate/right-50x8b-20260903,right-50x8b-20260903,libero_spatial,libero_spatial/pick_up_the_black_bowl_next_to_the_plate_and_place_it_on_the_plate,212,26,1012,9,1029d0827030a7521361d1904eeb3e7e7f2792be5c99abdb5701abb7ee87c137,27812,False,86,,False,True,-1,-1,success_no_alarm,0.9954643,0.99505275,0.9973482,0.9965315,,,,0.0430672,0.045796704,0.041270234,0.040562302,,,,0.15781412,0.16308625,0.15217973,0.15376994,,,,0.002613586,0.0034746686,0.0013024074,0.0020749534,,,,0.325,0.3,0.4,0.4,,,,,0.06272703,0.0575044,0.056067392,,,,,0.82500005,0.975,0.975,,,,,0.65625,0.78749996,0.79375,,,,,0.87458175,0.8798133,0.88228285,,,,,-0.016364634,-0.004514411,-0.014695957,,,,0.11154851,0.1169192,0.105398215,0.10587409,,,,0.013506218,0.013682207,0.013432223,0.013222946,,,,0.52937245,0.55211,0.471613,0.4736883,,,,0.18611111,0.21944444,0.21944445,0.20625,,,,-0.0014467181,-0.0020728898,-0.0007703275,-0.00092941144,,,,0.014109508,0.014007831,0.005834982,0.010021357,,,,,,0.13545357,0.10675595,,,,,,,0.0032961913,,,,0.99566805,0.9940684,0.99460024,0.9949721,,,,0.043808408,0.04600829,0.044795804,0.044087216,,,,0.16104539,0.16719878,0.16366434,0.16313319,,,,0.002142388,0.0034517092,0.002646727,0.0023095205,,,,0.4,0.325,0.45,0.425,,,,,0.09070397,0.082758486,0.08952899,,,,,0.92499995,0.92499995,1.0,,,,,0.81875,0.8,0.86249995,,,,,0.8166543,0.82852525,0.8188485,,,,,0.019695833,-0.00060252845,0.003931612,,,,0.0931405,0.095528536,0.09278429,0.08170061,,,,0.009261616,0.009327168,0.008854983,0.008672589,,,,0.5678425,0.6290461,0.6122664,0.6227834,,,,0.16666666,0.15069444,0.17222223,0.14097223,,,,-0.0024487404,-0.0034615118,-0.0032431285,-0.0033069684,,,,0.0149299875,0.012326494,0.011786969,0.012193399,,,,,,0.076640606,0.1528034,,,,,,,-0.01107168,,,,1.1976371,1.223919,1.1359489,1.2958789,,,,,,,-0.010020586,,,,,,-0.098131925,-0.11011372,,,,,0.019695878,-0.00406754,0.0014774203,,,
cache_new/HiMoE-VLA/libero_spatial/pick_up_the_black_bowl_next_to_the_plate_and_place_it_on_the_plate/right-50x8b-20260903,right-50x8b-20260903,libero_spatial,libero_spatial/pick_up_the_black_bowl_next_to_the_plate_and_place_it_on_the_plate,213,26,1013,22,1029d0827030a7521361d1904eeb3e7e7f2792be5c99abdb5701abb7ee87c137,27813,True,220,object_released_or_dropped_before_goal,False,True,7,19,failure_detected,0.9954233,0.9953623,0.99739546,0.9962471,0.99380463,0.9958565,0.9960563,0.043063518,0.044953734,0.041248105,0.04131273,0.04622013,0.04198625,0.041264378,0.15848522,0.16158473,0.15209264,0.1548331,0.16433522,0.15568292,0.15561461,0.0025700743,0.0032757018,0.001232978,0.0019953598,0.00436989,0.001865427,0.0016746637,0.32500002,0.275,0.4,0.375,0.25,0.32500002,0.325,,0.06368798,0.055563457,0.058269054,0.07366384,0.07394321,0.05782897,,0.9,0.95,0.875,0.95,0.975,0.875,,0.70625,0.78125,0.81875,0.7375,0.82500005,0.69375,,0.87284577,0.88384914,0.8763245,0.85511136,0.8567959,0.88228714,,-0.011105567,-0.0070322305,-0.0131035,0.00087831914,0.01531741,0.023689553,0.11010932,0.118254066,0.100591205,0.106647626,0.13021939,0.11551686,0.11538245,0.013507506,0.014023377,0.01337977,0.013088569,0.015196205,0.013957053,0.014578206,0.50488716,0.52703047,0.48227715,0.49225813,0.5212747,0.4946412,0.4878271,0.20555556,0.23819444,0.22638889,0.20763887,0.21388888,0.20277777,0.20555554,-0.002217699,-0.0026312484,-0.00062415947,-0.0011168553,-0.003938592,-0.001607625,-0.001765488,0.013445147,0.014078913,0.008291052,0.011657098,0.011485325,0.011355735,0.013990745,,,0.059288844,0.105737984,0.33511052,0.33285537,0.09283742,,,,-0.0015955691,0.14405666,0.06338389,0.10516561,0.99550277,0.99431777,0.99424547,0.99442595,0.99230933,0.9943131,0.9926645,0.043412454,0.045386948,0.044966362,0.044857472,0.049581025,0.042942494,0.049890995,0.16103975,0.16482113,0.16481248,0.16590463,0.17644492,0.163875,0.17600894,0.0021565764,0.0032266353,0.00260239,0.0024619487,0.0042046662,0.001988687,0.0022103554,0.375,0.325,0.375,0.375,0.39999998,0.275,0.575,,0.09065647,0.08116779,0.091890186,0.09553399,0.09620123,0.0849297,,0.95,0.975,0.9,0.975,0.95,0.95000005,,0.8625,0.7875,0.83124995,0.8375,0.79375,0.8125,,0.81715965,0.8321657,0.81268793,0.80361116,0.8022443,0.827859,,0.019043952,-0.009866118,0.0077605397,0.0059616864,0.019126877,-0.0010252297,0.092691116,0.09508905,0.09114237,0.09154348,0.12469521,0.08630931,0.10911941,0.00939542,0.009402602,0.008947177,0.00930652,0.011919327,0.008587673,0.010585875,0.56189,0.6200438,0.61787033,0.62846625,0.60697067,0.596468,0.63430715,0.17777778,0.14861111,0.17708334,0.14722222,0.15625,0.14375,0.1465278,-0.0028707688,-0.0033229627,-0.003571856,-0.0031930814,-0.004691394,-0.0035059524,-0.005048981,0.014458166,0.013456469,0.01279305,0.014477608,0.013371551,0.011073682,0.010070324,,,0.037122298,0.16210988,0.19781882,0.207925,0.083010495,,,,0.04157938,0.28866556,-0.039038848,0.1696552,1.1879166,1.243614,1.1036712,1.1649942,1.0443014,1.3384056,1.0573962,,,,0.044702888,0.2921489,-0.035684463,0.17350829,,,-0.044883005,-0.16657498,-0.19734448,-0.21570972,-0.08831313,,0.018132508,-0.01175338,-0.0008094907,0.0039728284,0.013871312,-0.0010252595
cache_new/HiMoE-VLA/libero_spatial/pick_up_the_black_bowl_next_to_the_plate_and_place_it_on_the_plate/right-50x8b-20260903,right-50x8b-20260903,libero_spatial,libero_spatial/pick_up_the_black_bowl_next_to_the_plate_and_place_it_on_the_plate,214,26,1014,22,1029d0827030a7521361d1904eeb3e7e7f2792be5c99abdb5701abb7ee87c137,27814,True,220,object_released_or_dropped_before_goal,False,True,8,20,failure_detected,0.9954064,0.99523324,0.9972438,0.9961511,0.99376804,0.9958528,0.995762,0.043182693,0.04505699,0.04137261,0.041423738,0.04681193,0.041674912,0.043142077,0.15810901,0.16220428,0.15324606,0.15579963,0.16486631,0.15543944,0.15885623,0.0025885282,0.0034280615,0.0013103702,0.0020839823,0.0045047756,0.0016594778,0.0022731463,0.35,0.3,0.375,0.375,0.275,0.425,0.325,,0.06335086,0.056927364,0.060593404,0.07037183,0.0697148,0.043527547,,0.875,0.95,0.95000005,0.8249999,0.875,0.875,,0.71250004,0.8125,0.84375,0.73125005,0.75,0.55,,0.8748877,0.88082254,0.8735476,0.86311805,0.86380863,0.90822214,,-0.014474884,-0.004459679,-0.011466518,-0.005605921,0.0066916943,-0.02643764,0.11156148,0.11378723,0.10363519,0.106666714,0.13238771,0.11507282,0.114916,0.013434516,0.013563285,0.013087802,0.013168308,0.015311335,0.014027471,0.014217413,0.5206992,0.53651,0.4934399,0.48593953,0.51151884,0.494203,0.50696105,0.19930556,0.22638889,0.21041667,0.20902777,0.22013889,0.20833333,0.22916666,-0.0017966512,-0.0025893021,-0.00016678877,-0.0014010911,-0.003922494,-0.0018708961,-0.0018428629,0.014030773,0.012582491,0.0074126986,0.010287908,0.009957871,0.01268449,0.014075011,,,0.098246306,0.15869913,0.3093542,0.27925688,-0.167674,,,,0.0026634145,0.14990917,0.066891424,0.079851836,0.99565566,0.99416965,0.99449146,0.99376565,0.9921999,0.99432325,0.9936056,0.04282829,0.045911618,0.044619236,0.04499729,0.050595414,0.047675118,0.047026195,0.1606121,0.16585468,0.16400993,0.16768909,0.17814642,0.16859257,0.17043476,0.0021913857,0.0034228503,0.0025731872,0.002622357,0.0036048423,0.0017595545,0.0024961391,0.4,0.35,0.375,0.375,0.5,0.45,0.45,,0.092462376,0.08324995,0.09396841,0.09364952,0.08702383,0.067596056,,0.95,0.95,1.0,0.925,0.85,0.92499995,,0.84999996,0.7375,0.8875,0.7875,0.71875,0.71875,,0.814802,0.829793,0.80836296,0.80646527,0.8191615,0.8609493,,0.016193926,-0.0036802888,0.009006605,0.0010130107,0.0067925006,-0.036125585,0.092681944,0.09320018,0.091244444,0.08942715,0.11506787,0.08679334,0.1002686,0.009312632,0.009223258,0.008656437,0.0092784185,0.0110033145,0.008586214,0.010164207,0.5572406,0.6274847,0.6212857,0.6361462,0.6327077,0.6332966,0.61130756,0.18819445,0.14513889,0.16180556,0.13472222,0.13055556,0.13402778,0.14375,-0.0026362361,-0.0035593186,-0.0033724594,-0.0037627914,-0.0050133974,-0.0038544922,-0.0034028315,0.01459288,0.012286394,0.01185029,0.011216706,0.0117884055,0.009207016,0.014783885,,,0.05734968,0.17885464,0.17465338,0.10230407,-0.15642917,,,,0.059588037,0.23039678,-0.018338928,0.15075704,1.2037023,1.2208906,1.1357973,1.1927778,1.1505185,1.3258255,1.1460816,,,,0.06454707,0.23505251,-0.012986157,0.15572838,,,-0.060825873,-0.14820664,-0.18748121,-0.09270954,0.22440472,,0.016193986,-0.005339861,0.0044745207,-0.0017315745,0.0024577975,-0.041078806
cache_new/HiMoE-VLA/libero_spatial/pick_up_the_black_bowl_next_to_the_plate_and_place_it_on_the_plate/right-50x8b-20260903,right-50x8b-20260903,libero_spatial,libero_spatial/pick_up_the_black_bowl_next_to_the_plate_and_place_it_on_the_plate,215,26,1015,10,1029d0827030a7521361d1904eeb3e7e7f2792be5c99abdb5701abb7ee87c137,27815,False,92,,False,True,-1,-1,success_no_alarm,0.9953496,0.9953531,0.9973377,0.99678904,0.99329484,,,0.043613452,0.04432686,0.040805113,0.0402423,0.047203947,,,0.15859544,0.16073921,0.15222712,0.15234643,0.16577877,,,0.0026719398,0.0032452783,0.0013834628,0.0019014918,0.004871529,,,0.32500002,0.3,0.375,0.325,0.275,,,,0.06218289,0.057326816,0.05642487,0.0829081,,,,0.925,0.95000005,0.975,1.0,,,,0.725,0.81875,0.825,0.875,,,,0.87520516,0.880759,0.88170266,0.84005105,,,,-0.011642262,-0.0063925236,-0.011018649,0.01567103,,,0.1068502,0.11635878,0.107394785,0.09918842,0.13255258,,,0.013306996,0.013658807,0.013638393,0.012559503,0.015573887,,,0.50496566,0.53350043,0.450672,0.5023142,0.52290815,,,0.2013889,0.21666667,0.21319446,0.20694445,0.22430557,,,-0.0022770157,-0.0018926862,-0.00043683592,-0.000749466,-0.004552673,,,0.014569042,0.012766855,0.00627253,0.010249526,0.009617252,,,,,0.11919917,0.10232842,0.47082683,,,,,,-0.048020963,0.16075687,,,0.99557316,0.99431914,0.9939016,0.9944119,0.99253005,,,0.04305315,0.044942454,0.04524691,0.0453037,0.0470342,,,0.16049542,0.16436297,0.16676567,0.16617903,0.17159459,,,0.0022366862,0.0030829266,0.0028820336,0.0029364317,0.0040095174,,,0.325,0.4,0.275,0.425,0.275,,,,0.08522432,0.0924478,0.08606213,0.098550275,,,,0.9,0.95,1.0,1.0,,,,0.84375006,0.84375,0.8875,0.875,,,,0.82629275,0.81073904,0.8217943,0.80189204,,,,0.013245463,0.012891665,-0.004140258,0.008148298,,,0.09075,0.09268074,0.098156646,0.08402701,0.115569994,,,0.009218772,0.009234488,0.009131603,0.008405588,0.011303001,,,0.5621089,0.6243999,0.5979264,0.6461319,0.63039434,,,0.15833333,0.15555556,0.17361112,0.12916666,0.15763889,,,-0.0027327698,-0.0033823657,-0.0037386278,-0.0034923828,-0.004683672,,,0.014740551,0.012215565,0.012428865,0.012914507,0.008383178,,,,,0.20677292,0.13417478,0.27003264,,,,,,-0.041531887,0.25433537,,,1.1774126,1.2554797,1.0941163,1.180435,1.1469463,,,,,,-0.051602736,0.24456888,,,,,-0.20764157,-0.17187452,-0.27686468,,,,0.013245463,0.01289165,-0.005026579,-0.0006028414,,
cache_new/HiMoE-VLA/libero_spatial/pick_up_the_black_bowl_next_to_the_plate_and_place_it_on_the_plate/right-50x8b-20260903,right-50x8b-20260903,libero_spatial,libero_spatial/pick_up_the_black_bowl_next_to_the_plate_and_place_it_on_the_plate,216,27,1008,10,1029d0827030a7521361d1904eeb3e7e7f2792be5c99abdb5701abb7ee87c137,27816,False,97,,False,True,-1,-1,success_no_alarm,0.9955888,0.9967086,0.9969847,0.99724734,0.9956872,,,0.043714345,0.04290148,0.040431954,0.039568998,0.04346364,,,0.15823516,0.15536515,0.15266113,0.15065506,0.15760309,,,0.002666161,0.0016169464,0.0018182178,0.0016806489,0.0031216226,,,0.35000002,0.55,0.325,0.3,0.39999998,,,,0.057671145,0.06698173,0.053045288,0.056713425,,,,0.75,0.95,0.975,0.9,,,,0.79375,0.86875004,0.79375,0.86875,,,,0.8818347,0.8648529,0.8879398,0.88291216,,,,-0.003613159,0.00826323,-0.004161626,-0.016392156,,,0.111507334,0.106848024,0.100771464,0.100397125,0.11036226,,,0.013597535,0.013021382,0.012883429,0.012617066,0.013698302,,,0.49842173,0.51696,0.47798893,0.49870402,0.50446415,,,0.19791666,0.21388888,0.20902777,0.20902778,0.20625,,,-0.0019725207,-0.0009968458,-0.0010472884,-0.00033060223,-0.002034125,,,0.014581133,0.012956466,0.011214714,0.012080282,0.010908883,,,,,0.2615088,0.03333491,0.0967529,,,,,,-0.033829484,0.046524372,,,0.99545395,0.9934761,0.9935072,0.9942634,0.9947435,,,0.043394934,0.04688778,0.046916123,0.045786954,0.044995368,,,0.16193652,0.16822332,0.1722241,0.16570094,0.16390999,,,0.002301059,0.0028525041,0.0040120627,0.0036752864,0.0025465814,,,0.40000004,0.4,0.32500002,0.32500002,0.45000002,,,,0.096976876,0.09426737,0.087882854,0.09188825,,,,1.0,0.925,0.975,1.0,,,,0.83124995,0.78125,0.88125,0.9,,,,0.8085357,0.80649126,0.82122284,0.81568134,,,,0.023816824,0.009376183,-0.00032691658,0.013624087,,,0.08828537,0.09403649,0.09002724,0.08863645,0.08624469,,,0.009057073,0.009432112,0.008906882,0.008901706,0.008703701,,,0.56254154,0.61172867,0.61864686,0.6288612,0.63634354,,,0.15347223,0.15208334,0.115277775,0.15486112,0.13194445,,,-0.0028359424,-0.00458234,-0.0043990584,-0.0038997068,-0.003590344,,,0.014108456,0.0144823175,0.013051968,0.013864994,0.011629323,,,,,0.15366873,0.08520711,0.13038523,,,,,,-0.029317617,-0.051974084,,,1.2630329,1.13624,1.1193441,1.1326844,1.2796413,,,,,,-0.029639427,-0.052134022,,,,,-0.23285642,-0.13305883,-0.13097784,,,,0.023816824,0.0024701953,-0.0017408729,0.008275151,,
cache_new/HiMoE-VLA/libero_spatial/pick_up_the_black_bowl_next_to_the_plate_and_place_it_on_the_plate/right-50x8b-20260903,right-50x8b-20260903,libero_spatial,libero_spatial/pick_up_the_black_bowl_next_to_the_plate_and_place_it_on_the_plate,217,27,1009,10,1029d0827030a7521361d1904eeb3e7e7f2792be5c99abdb5701abb7ee87c137,27817,False,98,,False,True,-1,-1,success_no_alarm,0.9955226,0.99678475,0.99694675,0.99698174,0.99649215,,,0.04350646,0.04233003,0.04084009,0.03996374,0.04138816,,,0.15782717,0.15449095,0.15339237,0.15201491,0.15401849,,,0.0026435282,0.001575172,0.0016840369,0.001806265,0.0020955054,,,0.375,0.475,0.3,0.35,0.425,,,,0.05867856,0.06756338,0.051557887,0.05380574,,,,0.875,0.925,0.925,0.92499995,,,,0.8125,0.85625,0.75,0.78125,,,,0.8808849,0.8617879,0.89250124,0.8862491,,,,-0.0042216033,0.009379432,-0.014510632,-0.0055139065,,,0.106526464,0.10806805,0.104284234,0.10463664,0.104443714,,,0.013103456,0.013218051,0.013093976,0.012815304,0.01333428,,,0.51977605,0.49322516,0.49508712,0.50485027,0.47818124,,,0.20069444,0.24236111,0.23680556,0.23055555,0.22013889,,,-0.0018651346,-0.0011346899,-0.0008583482,-0.00089246954,-0.0012999824,,,0.014374325,0.01190983,0.010291579,0.010397466,0.011727077,,,,,0.26424462,-0.0044149603,0.040636595,,,,,,-0.017569542,0.019312082,,,0.9952963,0.99352884,0.99260026,0.99415195,0.9947075,,,0.043635517,0.046304964,0.048632346,0.045889176,0.044534713,,,0.16235487,0.16618747,0.17336333,0.16498789,0.16261548,,,0.0023467375,0.0027419366,0.0035224454,0.003693121,0.001837325,,,0.425,0.47500002,0.35000002,0.325,0.52500004,,,,0.099845394,0.100237876,0.08881739,0.09257714,,,,0.975,0.975,1.0,0.975,,,,0.85625005,0.87499994,0.8625001,0.86875,,,,0.8057209,0.79819655,0.82158196,0.8223543,,,,0.023287445,0.010446027,0.0026148856,0.010034218,,,0.08561384,0.09284061,0.099671945,0.088533446,0.08149365,,,0.008943101,0.009343373,0.009880852,0.008924003,0.008328579,,,0.5813483,0.60885763,0.61239,0.61788344,0.65979636,,,0.14583333,0.15347221,0.12361111,0.14583334,0.14375,,,-0.002997417,-0.0045036753,-0.0048743496,-0.003971974,-0.0035236322,,,0.01357935,0.013274962,0.013612406,0.013805501,0.012708596,,,,,0.17448658,0.054988544,0.097019866,,,,,,-0.05273886,-0.12167068,,,1.2442669,1.164017,1.0462747,1.1818882,1.2816178,,,,,,-0.058662493,-0.12771417,,,,,-0.18738821,-0.077365145,-0.116518244,,,,0.023287475,0.008524299,0.0010783076,0.0073381662,,
cache_new/HiMoE-VLA/libero_spatial/pick_up_the_black_bowl_next_to_the_plate_and_place_it_on_the_plate/right-50x8b-20260903,right-50x8b-20260903,libero_spatial,libero_spatial/pick_up_the_black_bowl_next_to_the_plate_and_place_it_on_the_plate,218,27,1010,10,1029d0827030a7521361d1904eeb3e7e7f2792be5c99abdb5701abb7ee87c137,27818,False,97,,False,True,-1,-1,success_no_alarm,0.9953743,0.9969487,0.99707025,0.99714017,0.995577,,,0.044127878,0.04180962,0.040181138,0.040043868,0.043170035,,,0.15883482,0.15379854,0.15260373,0.15183648,0.15919213,,,0.0028430796,0.0014994135,0.0017120356,0.0017444373,0.0031134535,,,0.4,0.57500005,0.45000002,0.3,0.4,,,,0.057371832,0.06886609,0.055925246,0.060487352,,,,0.775,1.0,0.92499995,1.0,,,,0.76874995,0.875,0.8125,0.8125,,,,0.88078344,0.8609062,0.8825722,0.8758228,,,,-0.0011930168,0.008902743,-0.0006583035,-0.007970542,,,0.11236739,0.10650382,0.10438431,0.099162236,0.11119658,,,0.013378464,0.013274598,0.013129132,0.0128613,0.0137193445,,,0.52390397,0.50326747,0.47914162,0.47547093,0.5179453,,,0.20694445,0.2361111,0.22638887,0.23055555,0.20555554,,,-0.0021204257,-0.0007830714,-0.0007265407,-0.0009302885,-0.0019909916,,,0.014085124,0.013142029,0.010293715,0.009703578,0.009588029,,,,,0.24646401,0.043529622,0.11840114,,,,,,-0.012515346,0.05157943,,,0.99541056,0.99385756,0.993902,0.9944652,0.9948783,,,0.043721367,0.045787603,0.046381902,0.044648457,0.044117626,,,0.16228946,0.16578452,0.16937935,0.16389796,0.16295514,,,0.0023845737,0.0025334763,0.0037407258,0.0036821142,0.0024359794,,,0.39999998,0.475,0.32500002,0.32500002,0.3,,,,0.09923873,0.09491909,0.08644314,0.08976383,,,,0.975,0.9,1.0,0.95,,,,0.89375,0.8125,0.9,0.89375,,,,0.80580306,0.80612373,0.8234565,0.8190963,,,,0.02727747,0.011350408,0.006567508,0.010243818,,,0.08842862,0.090961576,0.09395249,0.08569968,0.088973686,,,0.009024726,0.009322851,0.009470388,0.008744268,0.008814734,,,0.56875604,0.6095234,0.60263056,0.6336716,0.6481158,,,0.14861111,0.16111112,0.15208334,0.15972222,0.15625,,,-0.0028101793,-0.004223722,-0.004092052,-0.0038071624,-0.0032818073,,,0.014648652,0.0134613905,0.013063691,0.013190931,0.012755776,,,,,0.12883203,0.035305034,0.0736039,,,,,,-0.05755005,-0.049255595,,,1.270713,1.170866,1.111033,1.15709,1.2497692,,,,,,-0.06982661,-0.06180034,,,,,-0.17068462,-0.042838804,-0.0742866,,,,0.027277589,0.0060815215,0.0047779083,0.0071167946,,
cache_new/HiMoE-VLA/libero_spatial/pick_up_the_black_bowl_next_to_the_plate_and_place_it_on_the_plate/right-50x8b-20260903,right-50x8b-20260903,libero_spatial,libero_spatial/pick_up_the_black_bowl_next_to_the_plate_and_place_it_on_the_plate,219,27,1011,10,1029d0827030a7521361d1904eeb3e7e7f2792be5c99abdb5701abb7ee87c137,27819,False,95,,False,True,-1,-1,success_no_alarm,0.9957012,0.99683285,0.9970496,0.9967499,0.99442106,,,0.042399306,0.042151023,0.041129354,0.040783778,0.045175824,,,0.15636171,0.15440576,0.15375456,0.153265,0.16218838,,,0.0025041704,0.0015280659,0.0019410134,0.0019914214,0.0039766002,,,0.325,0.42499998,0.325,0.375,0.375,,,,0.055635504,0.06495776,0.057381224,0.068117134,,,,0.875,1.0,0.975,1.0,,,,0.75624996,0.83750004,0.8625001,0.78125,,,,0.88529956,0.86608684,0.8793177,0.8621937,,,,-0.0075559467,0.0044025034,-0.0014600009,-0.0017452091,,,0.11355734,0.10910885,0.10532524,0.10503122,0.12036919,,,0.013565042,0.01338133,0.013007774,0.012706558,0.013932297,,,0.49766457,0.49219263,0.48914504,0.49142402,0.5358139,,,0.21458332,0.21666665,0.2125,0.22152779,0.22083333,,,-0.001913479,-0.0008137359,-0.0006354931,-0.0010405295,-0.0031643603,,,0.014146436,0.0120509295,0.009895118,0.012100404,0.01081191,,,,,0.25485432,0.13246877,0.30081892,,,,,,-0.0316791,0.059075803,,,0.99546343,0.9937359,0.99344903,0.99368,0.994023,,,0.043672554,0.04530076,0.047351502,0.046903137,0.045491055,,,0.16260996,0.16583136,0.17248465,0.16888538,0.16687563,,,0.002287679,0.0028564082,0.0038841423,0.0038991733,0.002963175,,,0.39999998,0.4,0.3,0.375,0.275,,,,0.09431426,0.094350964,0.09175333,0.097569495,,,,1.0,0.95,1.0,0.95000005,,,,0.88125,0.84375006,0.91875,0.7875,,,,0.813919,0.80613816,0.8164805,0.81157756,,,,0.018293023,0.010564372,0.0025246888,0.016587093,,,0.09146589,0.09407535,0.095573835,0.0902173,0.093188226,,,0.009195832,0.009331979,0.009270862,0.008988971,0.009154275,,,0.5550258,0.60930705,0.6279122,0.6166516,0.6567702,,,0.16111112,0.15625001,0.15416667,0.13611111,0.13541666,,,-0.0026686375,-0.0041545164,-0.00454005,-0.004293117,-0.0038077817,,,0.013111259,0.0135040935,0.013214994,0.014462289,0.012679338,,,,,0.17172936,0.14492735,0.2064123,,,,,,-0.03209001,-0.01445828,,,1.2415266,1.1598027,1.10203,1.1642027,1.2916781,,,,,,-0.034168728,-0.015946135,,,,,-0.15487947,-0.1841746,-0.16981089,,,,0.018171787,0.0008457899,-0.0006505847,0.010126114,,
cache_new/HiMoE-VLA/libero_spatial/pick_up_the_black_bowl_next_to_the_plate_and_place_it_on_the_plate/right-50x8b-20260903,right-50x8b-20260903,libero_spatial,libero_spatial/pick_up_the_black_bowl_next_to_the_plate_and_place_it_on_the_plate,220,27,1012,10,1029d0827030a7521361d1904eeb3e7e7f2792be5c99abdb5701abb7ee87c137,27820,False,96,,False,True,-1,-1,success_no_alarm,0.9957298,0.99650127,0.996902,0.99698615,0.99528825,,,0.043227404,0.042963296,0.04171711,0.04044488,0.04390459,,,0.15671845,0.15619013,0.15385282,0.15260287,0.15934263,,,0.0025093989,0.0016686616,0.001898465,0.0018179426,0.0032321904,,,0.275,0.4,0.35000002,0.22500001,0.35,,,,0.057504445,0.06716181,0.053210936,0.06914111,,,,0.79999995,0.95,0.925,0.95000005,,,,0.78125,0.85625,0.79375005,0.81874996,,,,0.8820606,0.86493415,0.8891839,0.8592143,,,,-0.004371196,0.00562042,-0.008749515,0.005382195,,,0.1114861,0.109818324,0.10672858,0.10358052,0.11572938,,,0.013443644,0.013173699,0.013340985,0.012791673,0.013974897,,,0.52624017,0.51398814,0.46830535,0.48167235,0.51765996,,,0.20277777,0.22291666,0.21041667,0.19583333,0.21666667,,,-0.0013846667,-0.0007735951,-0.0011759658,-0.00064699876,-0.002447726,,,0.014545596,0.012133604,0.010365875,0.007395006,0.012758333,,,,,0.26642787,0.03439298,0.2938383,,,,,,-0.02223052,0.06453274,,,0.99544495,0.9934461,0.99366623,0.9939196,0.9931066,,,0.043279305,0.04612611,0.047751464,0.046573125,0.048715837,,,0.16262072,0.16765364,0.17241427,0.16851437,0.17175049,,,0.0022983246,0.0027681296,0.003366509,0.0036734636,0.0038191844,,,0.375,0.425,0.4,0.39999998,0.4,,,,0.097062,0.09353034,0.086174354,0.10166385,,,,0.975,0.875,0.925,1.0,,,,0.83124995,0.86875,0.8125,0.90625,,,,0.8100428,0.808718,0.8251881,0.8013033,,,,0.019114882,0.002398789,-0.0012844056,0.021584764,,,0.08901691,0.0945411,0.09616646,0.08644434,0.09602219,,,0.009036325,0.00938626,0.009653015,0.008566875,0.009526278,,,0.56580436,0.6169209,0.5859132,0.6042652,0.6294476,,,0.14305556,0.16041666,0.14722222,0.12222223,0.13611111,,,-0.0025096224,-0.0044213645,-0.004354429,-0.003798151,-0.0045441943,,,0.014165895,0.014213672,0.013299835,0.011832195,0.0127505325,,,,,0.13731784,0.056966066,0.2203781,,,,,,-0.09487119,0.011220971,,,1.252415,1.1615934,1.1098317,1.1982337,1.2052357,,,,,,-0.105405316,0.00074573356,,,,,-0.18081895,-0.050697774,-0.21086383,,,,0.018938243,-0.0036317706,-0.0040474534,0.013958216,,
cache_new/HiMoE-VLA/libero_spatial/pick_up_the_black_bowl_next_to_the_plate_and_place_it_on_the_plate/right-50x8b-20260903,right-50x8b-20260903,libero_spatial,libero_spatial/pick_up_the_black_bowl_next_to_the_plate_and_place_it_on_the_plate,221,27,1013,10,1029d0827030a7521361d1904eeb3e7e7f2792be5c99abdb5701abb7ee87c137,27821,False,97,,False,True,-1,-1,success_no_alarm,0.9956703,0.9967266,0.9970874,0.996914,0.99505144,,,0.043380138,0.04268031,0.041411676,0.040620144,0.044191856,,,0.15792698,0.15532058,0.15394934,0.15251821,0.16001794,,,0.0025606153,0.001595913,0.0018590465,0.0018847922,0.003379012,,,0.325,0.45,0.375,0.275,0.425,,,,0.057181638,0.06558122,0.05430697,0.062619746,,,,0.875,0.95,0.92499995,0.975,,,,0.75624996,0.8375,0.7875,0.81249994,,,,0.88252115,0.86680734,0.88567024,0.8714012,,,,-0.0041558444,0.0051284134,-0.0064802766,-0.0057296157,,,0.108353935,0.10596909,0.102348454,0.10271076,0.11403449,,,0.013343232,0.013284621,0.013135454,0.012748899,0.013793354,,,0.49879777,0.48504952,0.49023834,0.5016931,0.5162527,,,0.21319443,0.21527779,0.21319443,0.2361111,0.21319443,,,-0.0021983166,-0.0012959408,-0.0009302886,-0.0008406684,-0.002639194,,,0.014084435,0.0136842225,0.010317775,0.010785263,0.011589903,,,,,0.22547586,0.043624632,0.18339062,,,,,,-0.0136406375,0.06299779,,,0.9953284,0.9937099,0.99346197,0.99361676,0.99458075,,,0.04364233,0.04566904,0.04747752,0.04681389,0.044438556,,,0.16278039,0.16639495,0.17178889,0.16854152,0.16318688,,,0.0022961232,0.0027464768,0.0037093563,0.0041666925,0.0023664813,,,0.40000004,0.45000002,0.40000004,0.35,0.375,,,,0.098764464,0.092938736,0.090706035,0.09500532,,,,0.975,0.95,0.95,0.95,,,,0.8625001,0.78125006,0.85625,0.875,,,,0.8079367,0.8097701,0.81776375,0.812717,,,,0.021182016,0.0063171536,0.0034758896,0.021940947,,,0.08684288,0.09088025,0.093595356,0.09034504,0.08839087,,,0.0090090595,0.009186859,0.009254667,0.008943338,0.008830737,,,0.56813204,0.61697686,0.6207703,0.63958126,0.6492678,,,0.15625,0.14652778,0.14722222,0.14652778,0.14375001,,,-0.0029964196,-0.004334754,-0.0043343753,-0.0042980355,-0.0034629223,,,0.014150133,0.0131448,0.014027981,0.014225172,0.013283235,,,,,0.108267784,0.08459899,0.13406272,,,,,,-0.0066869883,-0.019677257,,,1.2477008,1.1660298,1.0935206,1.1368722,1.2901161,,,,,,-0.01329561,-0.025966004,,,,,-0.1157019,-0.13399178,-0.13407476,,,,0.021182,-0.0020863414,-0.0013961196,0.0147694945,,
cache_new/HiMoE-VLA/libero_spatial/pick_up_the_black_bowl_next_to_the_plate_and_place_it_on_the_plate/right-50x8b-20260903,right-50x8b-20260903,libero_spatial,libero_spatial/pick_up_the_black_bowl_next_to_the_plate_and_place_it_on_the_plate,222,27,1014,10,1029d0827030a7521361d1904eeb3e7e7f2792be5c99abdb5701abb7ee87c137,27822,False,94,,False,True,-1,-1,success_no_alarm,0.99544686,0.9968405,0.9969354,0.9970927,0.9937672,,,0.043742612,0.04197073,0.041026775,0.03981316,0.046737164,,,0.15873504,0.15411258,0.15406139,0.15106249,0.164807,,,0.0027026902,0.0015793511,0.001947652,0.0016735632,0.004639559,,,0.325,0.4,0.3,0.325,0.325,,,,0.05733408,0.06378167,0.055329543,0.0750179,,,,0.85,0.9,0.92499995,0.975,,,,0.7875,0.81250006,0.81874996,0.8625001,,,,0.8822724,0.8692163,0.88439846,0.85158986,,,,-0.0037285686,0.001894027,0.00082811713,0.0021027774,,,0.10876114,0.10645288,0.10640964,0.101744905,0.12777793,,,0.013088997,0.013215252,0.013198109,0.012891447,0.014732805,,,0.52696526,0.49064383,0.4844301,0.47765833,0.5335408,,,0.18541667,0.22986111,0.22291666,0.23958333,0.22569445,,,-0.0019708523,-0.0010233655,-0.00050710805,-0.0009482608,-0.0039978223,,,0.01366683,0.013277599,0.009380044,0.010750043,0.011794759,,,,,0.19266292,0.05329384,0.34858546,,,,,,-0.02293464,0.10806112,,,0.99549806,0.9933093,0.9935639,0.9944022,0.9932027,,,0.04331176,0.046763584,0.046748526,0.046308927,0.047438316,,,0.16167237,0.16809502,0.17064041,0.16582811,0.17042728,,,0.0023251195,0.0029134033,0.0035229442,0.0034048609,0.004092551,,,0.35000002,0.375,0.3,0.375,0.39999998,,,,0.103324994,0.097596504,0.08565093,0.10031775,,,,0.975,0.9,0.90000004,0.975,,,,0.89375,0.85,0.79999995,0.91875005,,,,0.79884666,0.804193,0.8261874,0.8015435,,,,0.027189493,0.010149345,0.0011675358,0.014556587,,,0.0857911,0.09198872,0.09699393,0.086269334,0.10108027,,,0.008756251,0.009287966,0.009610899,0.00872507,0.00969816,,,0.57593006,0.61136377,0.6130737,0.6155902,0.65491736,,,0.12986112,0.15069446,0.15902779,0.15833333,0.13541667,,,-0.0026643898,-0.00459259,-0.004280889,-0.0036685963,-0.0042570694,,,0.013948011,0.013293686,0.014358084,0.01208137,0.012122371,,,,,0.13326898,0.0047733164,0.16255261,,,,,,-0.05745258,0.04771344,,,1.2677438,1.1572385,1.0970752,1.1793867,1.2641234,,,,,,-0.06519155,0.04054406,,,,,-0.13545613,-0.012352318,-0.16489038,,,,0.022227168,0.0062319636,-0.0009897351,0.008783996,,
cache_new/HiMoE-VLA/libero_spatial/pick_up_the_black_bowl_next_to_the_plate_and_place_it_on_the_plate/right-50x8b-20260903,right-50x8b-20260903,libero_spatial,libero_spatial/pick_up_the_black_bowl_next_to_the_plate_and_place_it_on_the_plate,223,27,1015,10,1029d0827030a7521361d1904eeb3e7e7f2792be5c99abdb5701abb7ee87c137,27823,False,97,,False,True,-1,-1,success_no_alarm,0.99554944,0.99676967,0.99687624,0.9968505,0.99626625,,,0.04374481,0.042478625,0.041558955,0.040491626,0.041427106,,,0.1579879,0.15431772,0.15498856,0.15266699,0.15561625,,,0.0026510954,0.0015894809,0.002028088,0.001954428,0.0021944297,,,0.325,0.425,0.275,0.275,0.35000002,,,,0.058569618,0.0671728,0.05432692,0.054564018,,,,0.84999996,0.95,0.95,0.95,,,,0.80625,0.85625005,0.78749996,0.7625,,,,0.8809533,0.86476207,0.88621134,0.88398826,,,,-0.0023323447,0.0019373745,-0.0049387813,-0.0032604933,,,0.10561899,0.111719355,0.11008014,0.10141529,0.106919765,,,0.013171408,0.013377258,0.013672773,0.012584435,0.01338953,,,0.5049993,0.497175,0.45933217,0.50744975,0.48058382,,,0.21180555,0.22083332,0.22777778,0.21736112,0.21180555,,,-0.0023163138,-0.0005442219,-0.0009975338,-0.00073754764,-0.0014994135,,,0.014608055,0.012649832,0.010346443,0.010483252,0.010611446,,,,,0.23956706,0.025380624,0.033866864,,,,,,-0.05155091,0.010186432,,,0.99542373,0.9934744,0.9936166,0.9934679,0.99499077,,,0.043441363,0.046089992,0.046759665,0.0474733,0.043292608,,,0.16176131,0.1666857,0.17108569,0.1688849,0.16104671,,,0.0023506247,0.002664665,0.003745438,0.0042566224,0.0020019813,,,0.425,0.47500002,0.3,0.35,0.425,,,,0.099939495,0.09821108,0.09073436,0.092538595,,,,0.95,1.0,0.95000005,0.925,,,,0.9,0.85,0.86875,0.8625001,,,,0.8054234,0.800676,0.8170607,0.81955034,,,,0.024061292,0.013747141,8.121133e-06,0.01736547,,,0.084873095,0.095655456,0.097834975,0.090853944,0.08303903,,,0.008910558,0.009497322,0.009641497,0.008946834,0.008436939,,,0.565488,0.6137477,0.59153485,0.6390217,0.65246874,,,0.15694445,0.17430556,0.15486111,0.15069444,0.14652778,,,-0.0027354355,-0.0044678682,-0.0041962047,-0.0044269534,-0.0031572059,,,0.013936663,0.013601425,0.014179125,0.0150912525,0.012343343,,,,,0.16802132,0.08695295,0.111534104,,,,,,-0.03305958,-0.091723844,,,1.2444344,1.167935,1.1251614,1.1162454,1.2875844,,,,,,-0.04761238,-0.10629254,,,,,-0.177964,-0.087939784,-0.117874265,,,,0.024061322,0.008453608,8.165836e-06,0.011404276,,
cache_new/HiMoE-VLA/libero_spatial/pick_up_the_black_bowl_next_to_the_plate_and_place_it_on_the_plate/right-50x8b-20260903,right-50x8b-20260903,libero_spatial,libero_spatial/pick_up_the_black_bowl_next_to_the_plate_and_place_it_on_the_plate,224,28,1008,10,1029d0827030a7521361d1904eeb3e7e7f2792be5c99abdb5701abb7ee87c137,27824,False,96,,False,True,-1,-1,success_no_alarm,0.9957775,0.9966053,0.9971076,0.99713224,0.996658,,,0.04248717,0.04229573,0.040302012,0.040152803,0.040198047,,,0.15619504,0.15548742,0.15250528,0.15143454,0.15196262,,,0.0024052977,0.0016275407,0.0016939088,0.0016273686,0.0019122236,,,0.25,0.375,0.275,0.425,0.3,,,,0.050342344,0.07043375,0.04967629,0.052670278,,,,0.85,0.975,0.925,0.9,,,,0.70625,0.88750005,0.78125,0.8375,,,,0.8968852,0.857697,0.8945149,0.8886995,,,,-0.020418137,0.013860285,-0.012186423,-0.008277327,,,0.11108848,0.10828808,0.09992786,0.09776616,0.10551386,,,0.013631089,0.013528279,0.012793969,0.012355389,0.013307876,,,0.49362895,0.5064031,0.4845417,0.50918967,0.49730444,,,0.19861111,0.21041667,0.20555554,0.20347223,0.22222222,,,-0.0017018543,-0.0011189363,-0.00091579044,-0.00050604175,-0.0010436767,,,0.014455723,0.0142985415,0.009559469,0.010744701,0.009180084,,,,,0.39683366,0.055014234,0.11317465,,,,,,-0.049965583,0.023483131,,,0.9954223,0.9931992,0.99266887,0.9941994,0.994866,,,0.044779196,0.046051044,0.047779888,0.045036476,0.043710683,,,0.16314341,0.1659822,0.17293096,0.1650542,0.16175823,,,0.0022614687,0.002275485,0.004369649,0.0033253706,0.0020824864,,,0.425,0.52500004,0.35000002,0.4,0.475,,,,0.088277176,0.10837331,0.08700358,0.088034324,,,,1.0,0.975,0.925,1.0,,,,0.85625005,0.9375,0.85625005,0.86875,,,,0.82446945,0.78196394,0.8243335,0.8245796,,,,0.004362777,0.02363415,-0.0042779297,0.0018637329,,,0.088977404,0.09334708,0.09419198,0.08440305,0.08387224,,,0.009002276,0.009136358,0.008831263,0.008450333,0.008719207,,,0.5880928,0.629695,0.62970746,0.6256599,0.6259057,,,0.15,0.15972222,0.117361106,0.14097223,0.15833333,,,-0.002957861,-0.0047933627,-0.0044489847,-0.0038149706,-0.0032060833,,,0.012805795,0.013107669,0.012233892,0.013017821,0.011141505,,,,,0.33685726,0.11726028,0.12815669,,,,,,-0.033994738,-0.0025225729,,,1.2485021,1.1600586,1.0608956,1.158325,1.2580309,,,,,,-0.03920797,-0.00788559,,,,,-0.33633524,-0.12842377,-0.12536454,,,,0.0025398135,0.021520019,-0.009789407,-0.0030121803,,
cache_new/HiMoE-VLA/libero_spatial/pick_up_the_black_bowl_next_to_the_plate_and_place_it_on_the_plate/right-50x8b-20260903,right-50x8b-20260903,libero_spatial,libero_spatial/pick_up_the_black_bowl_next_to_the_plate_and_place_it_on_the_plate,225,28,1009,10,1029d0827030a7521361d1904eeb3e7e7f2792be5c99abdb5701abb7ee87c137,27825,False,99,,False,True,-1,-1,success_no_alarm,0.9958739,0.9965991,0.9972355,0.99712205,0.99657845,,,0.041292123,0.042345718,0.04047072,0.03967631,0.040531643,,,0.15475677,0.15566063,0.15129331,0.15173355,0.1529682,,,0.0023139406,0.0015368541,0.0014179798,0.0015014258,0.0019895812,,,0.3,0.575,0.4,0.275,0.275,,,,0.04871494,0.06874364,0.05101668,0.053612396,,,,0.7,0.92499995,0.92499995,0.9,,,,0.61875,0.83125,0.80625,0.82500005,,,,0.8984464,0.8592073,0.89297456,0.8886249,,,,-0.019159585,0.017488793,-0.014106363,-0.014378667,,,0.105545774,0.108680904,0.10112709,0.10509546,0.102528855,,,0.013071283,0.0134958485,0.013153358,0.012858341,0.012893181,,,0.50710076,0.49059623,0.46990895,0.5082197,0.48504984,,,0.18124999,0.23124999,0.24513888,0.23055556,0.22013888,,,-0.0014365367,-0.0013332096,-0.00063766004,-0.0008361796,-0.001264812,,,0.0148496125,0.012904558,0.007987142,0.009098033,0.01171693,,,,,0.3938616,0.09371483,0.14095092,,,,,,-0.011642527,-0.008616418,,,0.9955044,0.9935469,0.9934188,0.99385726,0.9947837,,,0.044084877,0.04521449,0.045407794,0.04902765,0.043233268,,,0.16253486,0.16522983,0.16808137,0.17128012,0.16019186,,,0.0020923065,0.0020886431,0.0031880941,0.003173355,0.0017296638,,,0.375,0.42499998,0.35000002,0.625,0.45,,,,0.086766064,0.10390499,0.08621728,0.09883901,,,,0.975,0.9,0.95,1.0,,,,0.8375,0.84999996,0.85625005,0.9250001,,,,0.82566786,0.7929281,0.8218286,0.8068554,,,,0.0014518052,0.02552776,-0.0075151324,0.0154976845,,,0.085280135,0.091749996,0.09631695,0.08987987,0.08085593,,,0.008599215,0.00903475,0.009776384,0.00889631,0.008258952,,,0.5985782,0.6160888,0.6264076,0.60650027,0.6615846,,,0.15763888,0.14722222,0.14166667,0.13402778,0.15625,,,-0.0028038847,-0.004331538,-0.0037213606,-0.0038182214,-0.0036073532,,,0.012247757,0.011751776,0.01397613,0.012851444,0.012311942,,,,,0.30677304,0.11939941,0.25203884,,,,,,-0.0075702067,-0.08141871,,,1.2376361,1.1845331,1.0499407,1.169288,1.2680438,,,,,,-0.0059495177,-0.08028836,,,,,-0.2948836,-0.1608111,-0.31843185,,,,-0.00015306473,0.022161722,-0.013484299,0.015137434,,
cache_new/HiMoE-VLA/libero_spatial/pick_up_the_black_bowl_next_to_the_plate_and_place_it_on_the_plate/right-50x8b-20260903,right-50x8b-20260903,libero_spatial,libero_spatial/pick_up_the_black_bowl_next_to_the_plate_and_place_it_on_the_plate,226,28,1010,10,1029d0827030a7521361d1904eeb3e7e7f2792be5c99abdb5701abb7ee87c137,27826,False,98,,False,True,-1,-1,success_no_alarm,0.995587,0.9968114,0.9972392,0.99706066,0.9968313,,,0.042256396,0.04186758,0.040121194,0.040150322,0.04050776,,,0.15665013,0.15458268,0.15189014,0.15240733,0.15187544,,,0.002531275,0.0014771419,0.0015387632,0.0015924389,0.0017799516,,,0.35000002,0.5,0.4,0.35,0.25,,,,0.04921805,0.06835505,0.05200427,0.049790524,,,,0.925,0.975,0.9,0.925,,,,0.6750001,0.85625005,0.78749996,0.83124995,,,,0.89818734,0.8618082,0.8910718,0.89500976,,,,-0.019162774,0.010817736,-0.010194078,-0.009927824,,,0.1113287,0.10647991,0.10183707,0.09782089,0.10108419,,,0.013294188,0.013249173,0.012770643,0.01264531,0.01306941,,,0.5207657,0.5073043,0.47015613,0.48626703,0.4903962,,,0.19583333,0.2361111,0.20486112,0.22083335,0.21597221,,,-0.0018243231,-0.000982468,-0.00055988954,-0.0010620101,-0.0008567316,,,0.014083067,0.014559917,0.00923767,0.009731318,0.010872364,,,,,0.35790485,0.086821064,0.045573898,,,,,,-0.026146716,0.0074686734,,,0.9955329,0.99330187,0.9921778,0.99485266,0.9947738,,,0.043986306,0.045838613,0.047790226,0.04508963,0.044072468,,,0.16257408,0.16549847,0.1748851,0.16364747,0.16386852,,,0.0021525521,0.0022384746,0.004143062,0.0031750232,0.0017335508,,,0.42499998,0.45,0.275,0.35000002,0.54999995,,,,0.08705875,0.11203928,0.08673546,0.08730624,,,,0.975,0.9,0.975,0.95,,,,0.79999995,0.84375,0.82500005,0.78125,,,,0.82728976,0.776055,0.8244302,0.82642126,,,,0.000645116,0.030406907,0.0010698736,-0.0018035918,,,0.08848049,0.092089504,0.100856036,0.08510289,0.08263621,,,0.008727653,0.0091320295,0.009445742,0.008766965,0.0084762415,,,0.5926593,0.6349741,0.6189691,0.6098641,0.6657412,,,0.16041666,0.15347221,0.10902777,0.13958333,0.15486112,,,-0.0028398978,-0.0046116803,-0.0049362117,-0.0034108288,-0.003576431,,,0.0136146275,0.013074043,0.012340376,0.013548822,0.013598667,,,,,0.36865428,0.11395799,0.11973409,,,,,,-0.022863545,-0.056346033,,,1.2582288,1.1562655,1.0097271,1.1494427,1.2232434,,,,,,-0.025302319,-0.059025865,,,,,-0.38089305,-0.11662363,-0.11644076,,,,-0.0019754171,0.027316332,-0.0048950315,-0.007915735,,
cache_new/HiMoE-VLA/libero_spatial/pick_up_the_black_bowl_next_to_the_plate_and_place_it_on_the_plate/right-50x8b-20260903,right-50x8b-20260903,libero_spatial,libero_spatial/pick_up_the_black_bowl_next_to_the_plate_and_place_it_on_the_plate,227,28,1011,10,1029d0827030a7521361d1904eeb3e7e7f2792be5c99abdb5701abb7ee87c137,27827,False,97,,False,True,-1,-1,success_no_alarm,0.9959134,0.9967884,0.99697596,0.99645674,0.9963665,,,0.040758662,0.041896854,0.04108759,0.04216118,0.041174967,,,0.15454608,0.15492323,0.1539164,0.15595615,0.15357998,,,0.0022677977,0.0013642008,0.0019808789,0.0021443828,0.0018592528,,,0.425,0.425,0.275,0.3,0.375,,,,0.04813826,0.07088207,0.058241505,0.05750213,,,,0.79999995,0.95,0.975,0.95000005,,,,0.6375,0.90000004,0.81875,0.85625005,,,,0.8998623,0.85659456,0.8801411,0.87889826,,,,-0.021100208,0.015024841,-0.012578264,-0.0014921278,,,0.11122601,0.1104571,0.106866814,0.10737568,0.11142015,,,0.013632327,0.01363108,0.013158971,0.0125793,0.01317664,,,0.49794012,0.49517083,0.4928887,0.51125306,0.49710238,,,0.21319444,0.22916667,0.20902777,0.21875,0.2236111,,,-0.0016249951,-0.0009075352,-0.0007204353,-0.0013789054,-0.0013723356,,,0.013335256,0.013308238,0.008736671,0.011486225,0.010810002,,,,,0.4131542,0.2199538,0.20852897,,,,,,-0.04651639,-0.00026948936,,,0.9955064,0.99391896,0.9938926,0.9931725,0.9950034,,,0.043750778,0.04482062,0.04566463,0.04743726,0.043968447,,,0.16162351,0.16379178,0.16759591,0.16989955,0.16029315,,,0.0020529912,0.0020115264,0.003897918,0.0042317705,0.0018375141,,,0.4,0.42499998,0.32500002,0.325,0.45,,,,0.086463384,0.096832626,0.0941875,0.096258715,,,,0.95,1.0,1.0,0.975,,,,0.81874996,0.87500006,0.8312501,0.91875,,,,0.8283645,0.80387837,0.81390667,0.8192545,,,,0.0035403967,0.017598674,-0.002978906,0.016021281,,,0.08927517,0.09533848,0.101807036,0.08958879,0.08344322,,,0.008868537,0.009361105,0.009647653,0.008653031,0.008306407,,,0.5841235,0.6110821,0.61000305,0.6238183,0.63162345,,,0.15694444,0.17986111,0.15625,0.14097223,0.15,,,-0.0027904012,-0.0041012703,-0.0034652269,-0.0044930987,-0.0028451434,,,0.012102669,0.0135415895,0.013612486,0.013136086,0.011434906,,,,,0.23102301,0.20193818,0.22130445,,,,,,-0.048888117,-0.089899,,,1.2458785,1.1585784,1.0496997,1.1985393,1.335281,,,,,,-0.041074995,-0.08195747,,,,,-0.24059658,-0.19791643,-0.24261582,,,,-0.001959443,0.009995103,-0.0065804124,0.012311339,,
cache_new/HiMoE-VLA/libero_spatial/pick_up_the_black_bowl_next_to_the_plate_and_place_it_on_the_plate/right-50x8b-20260903,right-50x8b-20260903,libero_spatial,libero_spatial/pick_up_the_black_bowl_next_to_the_plate_and_place_it_on_the_plate,228,28,1012,10,1029d0827030a7521361d1904eeb3e7e7f2792be5c99abdb5701abb7ee87c137,27828,False,94,,False,True,-1,-1,success_no_alarm,0.995922,0.99631214,0.99720085,0.9971578,0.99568486,,,0.041676067,0.0429345,0.040764026,0.039866082,0.043077223,,,0.15488786,0.15706664,0.1534125,0.15187994,0.15785414,,,0.0022951774,0.001735047,0.0017163525,0.0016950953,0.0028454876,,,0.3,0.5,0.35,0.25,0.375,,,,0.050209533,0.06830213,0.05656483,0.058117993,,,,0.8,0.95000005,0.975,0.95,,,,0.61875004,0.86249995,0.8375,0.75625,,,,0.89568925,0.8612471,0.8830629,0.88142955,,,,-0.01612924,0.009576574,-0.008312836,-0.015211999,,,0.109537005,0.11032313,0.10676498,0.100845225,0.11227031,,,0.013341576,0.013434632,0.013486393,0.012628581,0.013454077,,,0.5235607,0.51378053,0.46347058,0.48082927,0.5196238,,,0.21041667,0.20694444,0.23055553,0.21111111,0.20694444,,,-0.0011453013,-0.0009762251,-0.0009407967,-0.00077323394,-0.0022163405,,,0.01341927,0.013532553,0.008596428,0.010296325,0.013355847,,,,,0.406816,0.21653792,0.2385999,,,,,,-0.030077292,0.031758703,,,0.9955532,0.99343514,0.99276775,0.99332154,0.9945892,,,0.044616632,0.045250453,0.047410294,0.04877726,0.04554663,,,0.16237327,0.16503754,0.17309782,0.17119396,0.16513713,,,0.0021477882,0.0021963217,0.0042897807,0.004086067,0.0025060796,,,0.475,0.45,0.35,0.425,0.475,,,,0.08716986,0.10543959,0.09664903,0.09562056,,,,0.975,1.0,0.925,1.0,,,,0.825,0.9375,0.84375,0.84375,,,,0.82544005,0.78871584,0.8078846,0.8123326,,,,0.0050107986,0.025192142,0.0032820106,0.012739927,,,0.0881777,0.09458463,0.09912562,0.089020275,0.08693963,,,0.009019457,0.009124483,0.009680455,0.00871452,0.008943886,,,0.59513533,0.6210668,0.60898006,0.6345281,0.64072496,,,0.15763889,0.15555555,0.13194445,0.12013889,0.13958333,,,-0.00259183,-0.0044910344,-0.0045128763,-0.004832059,-0.0036008866,,,0.013841218,0.013158166,0.013060127,0.012956908,0.0133414725,,,,,0.32074893,0.2333254,0.22415152,,,,,,-0.020968372,0.0052717505,,,1.2422302,1.166396,1.0770674,1.1328343,1.2913594,,,,,,-0.020588977,0.005390513,,,,,-0.31919432,-0.24295153,-0.22575065,,,,-0.00028556585,0.020268917,-0.0007506013,0.009691954,,
cache_new/HiMoE-VLA/libero_spatial/pick_up_the_black_bowl_next_to_the_plate_and_place_it_on_the_plate/right-50x8b-20260903,right-50x8b-20260903,libero_spatial,libero_spatial/pick_up_the_black_bowl_next_to_the_plate_and_place_it_on_the_plate,229,28,1013,10,1029d0827030a7521361d1904eeb3e7e7f2792be5c99abdb5701abb7ee87c137,27829,False,94,,False,True,-1,-1,success_no_alarm,0.9959343,0.9966979,0.9968393,0.9971066,0.99551505,,,0.0413269,0.041944128,0.041945335,0.03985823,0.043109663,,,0.15501097,0.15506189,0.1552707,0.15089792,0.15761007,,,0.0021957885,0.0014471653,0.0019963917,0.0016285209,0.0029019492,,,0.35,0.45,0.4,0.275,0.3,,,,0.050689835,0.073090196,0.049470175,0.06187531,,,,0.82500005,0.95,0.975,0.95000005,,,,0.69374996,0.85625005,0.79375,0.84375,,,,0.8946222,0.8527491,0.89587766,0.8739831,,,,-0.014853165,0.014646962,-0.016427696,-0.0070235133,,,0.1071199,0.10607821,0.10295582,0.10117347,0.1145792,,,0.013447109,0.013454605,0.013151249,0.0130204465,0.014340863,,,0.48582315,0.47848278,0.4953767,0.49861795,0.49595666,,,0.20277777,0.21736111,0.20138888,0.24444446,0.24027777,,,-0.0018302394,-0.0013844946,-0.0011658703,-0.00064897654,-0.0023334778,,,0.013684568,0.014976782,0.0086604245,0.009371238,0.009982186,,,,,0.41888344,0.03517077,0.2531929,,,,,,0.0040025017,0.097982645,,,0.9955151,0.99380827,0.99216735,0.9941536,0.9935124,,,0.044386156,0.04482593,0.049236093,0.044102117,0.04636403,,,0.1627803,0.16351987,0.17665026,0.16470282,0.17009813,,,0.0020130398,0.0019872251,0.0045112595,0.0032847826,0.002732873,,,0.375,0.375,0.4,0.42499998,0.475,,,,0.08705889,0.10315694,0.086843416,0.09921899,,,,0.95000005,1.0,0.975,0.975,,,,0.86249995,0.85625,0.85,0.91249996,,,,0.82478607,0.79169226,0.8244158,0.79876006,,,,0.0073604733,0.015322,-0.0030682385,0.026935592,,,0.08641411,0.09072211,0.09806157,0.08646918,0.09301953,,,0.008747073,0.009048645,0.009257511,0.008772114,0.009380531,,,0.5940043,0.6201543,0.63513565,0.637642,0.63014835,,,0.15486111,0.15625,0.13333334,0.14652778,0.13958332,,,-0.0028866082,-0.0042564333,-0.0048178704,-0.003761278,-0.0037639607,,,0.0119080115,0.012495316,0.014672153,0.012248778,0.011099348,,,,,0.27710718,0.10545793,0.23757431,,,,,,-0.00079292455,0.06519879,,,1.2396111,1.1692653,1.04991,1.1700523,1.2317758,,,,,,-0.0047262963,0.062332146,,,,,-0.26643956,-0.09035163,-0.24932696,,,,0.004350126,0.01532197,-0.003538072,0.021099448,,
cache_new/HiMoE-VLA/libero_spatial/pick_up_the_black_bowl_next_to_the_plate_and_place_it_on_the_plate/right-50x8b-20260903,right-50x8b-20260903,libero_spatial,libero_spatial/pick_up_the_black_bowl_next_to_the_plate_and_place_it_on_the_plate,230,28,1014,10,1029d0827030a7521361d1904eeb3e7e7f2792be5c99abdb5701abb7ee87c137,27830,False,95,,False,True,-1,-1,success_no_alarm,0.9957633,0.9966681,0.99679863,0.99721456,0.9955662,,,0.04201596,0.042117566,0.04155427,0.039369352,0.043329343,,,0.15548906,0.15500137,0.1548225,0.1505293,0.15779212,,,0.0023311216,0.0014987772,0.0020568436,0.0015165946,0.0029280046,,,0.375,0.475,0.35,0.275,0.2,,,,0.050355896,0.06924372,0.05111005,0.060223743,,,,0.8249999,1.0,0.975,0.95,,,,0.70000005,0.88125,0.8,0.83125,,,,0.896536,0.8585615,0.8920322,0.87697494,,,,-0.019011006,0.0064174235,-0.012434363,-0.004876867,,,0.108826935,0.1070165,0.108841576,0.09864982,0.11506055,,,0.013188389,0.013309403,0.013445373,0.012626769,0.013927439,,,0.5140349,0.5046046,0.48999396,0.48786116,0.5065149,,,0.18819445,0.21666667,0.2048611,0.24027777,0.21319446,,,-0.0015094057,-0.0012494023,-0.00060955813,-0.0009192645,-0.0022282247,,,0.013189154,0.013387234,0.009574739,0.010491904,0.011783052,,,,,0.38358653,0.08333959,0.24092136,,,,,,-0.041385356,0.055193592,,,0.99552804,0.99343383,0.993004,0.9944472,0.99441004,,,0.043936327,0.046929367,0.047729895,0.043762892,0.043585695,,,0.16232754,0.16545875,0.17190269,0.16435896,0.16354248,,,0.002115163,0.0022774974,0.0044520292,0.0031706379,0.0025527556,,,0.4,0.475,0.32500002,0.375,0.3,,,,0.08915523,0.103566244,0.08592161,0.09073473,,,,0.975,1.0,0.9,0.975,,,,0.84375,0.9,0.84375,0.925,,,,0.8243873,0.7896596,0.8241959,0.8169333,,,,0.0072889477,0.022509009,-0.0043483675,0.012754679,,,0.08641864,0.0930836,0.09785255,0.08482616,0.09148131,,,0.008590817,0.009131615,0.009344614,0.008570462,0.00900458,,,0.60328233,0.6289309,0.6237694,0.61642987,0.6358418,,,0.14583333,0.15486112,0.12986112,0.13680556,0.14930555,,,-0.0027669428,-0.0046940944,-0.004178559,-0.003695116,-0.0031974153,,,0.012163418,0.013024189,0.0134125985,0.013415199,0.011706654,,,,,0.28384638,0.09748577,0.1526165,,,,,,-0.03556545,0.014071856,,,1.2592993,1.1496816,1.1123018,1.1629647,1.2577492,,,,,,-0.037973434,0.011438149,,,,,-0.27970907,-0.113271534,-0.14325556,,,,0.004842758,0.02180332,-0.006622553,0.0040158033,,
cache_new/HiMoE-VLA/libero_spatial/pick_up_the_black_bowl_next_to_the_plate_and_place_it_on_the_plate/right-50x8b-20260903,right-50x8b-20260903,libero_spatial,libero_spatial/pick_up_the_black_bowl_next_to_the_plate_and_place_it_on_the_plate,231,28,1015,10,1029d0827030a7521361d1904eeb3e7e7f2792be5c99abdb5701abb7ee87c137,27831,False,96,,False,True,-1,-1,success_no_alarm,0.9958484,0.996671,0.996832,0.9972069,0.99657166,,,0.041842736,0.042517573,0.040521722,0.039534707,0.04141631,,,0.15538444,0.155589,0.15392178,0.15048656,0.15476744,,,0.002287008,0.0015304564,0.0018854458,0.0015296653,0.0020186808,,,0.3,0.475,0.275,0.35,0.275,,,,0.05097294,0.06880255,0.051858116,0.049891364,,,,0.9,1.0,0.95000005,1.0,,,,0.69375,0.875,0.7875,0.74375,,,,0.89421093,0.8597148,0.89173615,0.8952807,,,,-0.01189357,0.0075149983,-0.01038231,-0.017954156,,,0.10350812,0.111900404,0.1066972,0.09796876,0.10321547,,,0.013072634,0.013670944,0.013300475,0.012550764,0.013115344,,,0.49443433,0.4961094,0.46778628,0.5116784,0.4836332,,,0.20972222,0.22222222,0.22222222,0.21666667,0.21319444,,,-0.0019086119,-0.00068528205,-0.0009969319,-0.0005312028,-0.0013752936,,,0.014069283,0.014095446,0.008978069,0.009757437,0.010357812,,,,,0.38378295,0.09691526,0.0625656,,,,,,-0.054002814,-0.009971807,,,0.99553084,0.9934249,0.99192053,0.9945673,0.99498165,,,0.043831527,0.04535878,0.048786625,0.047253206,0.04474162,,,0.16172263,0.1652628,0.17524676,0.16604276,0.16235425,,,0.002064566,0.0021050333,0.0045247087,0.0033451312,0.0021419753,,,0.4,0.525,0.3,0.425,0.5,,,,0.087671556,0.11181486,0.087879956,0.08903101,,,,1.0,0.92499995,0.975,0.975,,,,0.8249999,0.89375,0.86875004,0.84375,,,,0.82524997,0.7772477,0.82242775,0.8280109,,,,0.002276957,0.031047747,0.0030857474,0.0007915348,,,0.08488428,0.09443635,0.104191236,0.08616424,0.08109088,,,0.008743871,0.009130739,0.009777857,0.008902079,0.008356025,,,0.5953056,0.6249412,0.6125045,0.6253462,0.65281516,,,0.16666667,0.1625,0.13472223,0.16944444,0.14722222,,,-0.0028339648,-0.0045954967,-0.0048651486,-0.0036616137,-0.0033402815,,,0.0132749975,0.012538718,0.011799961,0.01442365,0.012435137,,,,,0.36357993,0.12531962,0.13831916,,,,,,-0.013451951,-0.077243544,,,1.2194028,1.1849294,1.0240515,1.1370001,1.2728369,,,,,,-0.0136450995,-0.076947086,,,,,-0.35654718,-0.1499659,-0.17267889,,,,-0.0011959076,0.026140153,-0.0013979673,-0.002168715,,
cache_new/HiMoE-VLA/libero_spatial/pick_up_the_black_bowl_next_to_the_plate_and_place_it_on_the_plate/right-50x8b-20260903,right-50x8b-20260903,libero_spatial,libero_spatial/pick_up_the_black_bowl_next_to_the_plate_and_place_it_on_the_plate,232,29,1008,10,1029d0827030a7521361d1904eeb3e7e7f2792be5c99abdb5701abb7ee87c137,27832,False,94,,False,True,-1,-1,success_no_alarm,0.99648154,0.9956138,0.99689275,0.99710023,0.9946723,,,0.041010745,0.04374385,0.041473497,0.039645046,0.045225766,,,0.15175289,0.15967077,0.15492898,0.15112098,0.16144317,,,0.0017596233,0.0027300012,0.0018625549,0.0016908474,0.0038105508,,,0.25,0.425,0.4,0.3,0.375,,,,0.056588523,0.06613197,0.052290946,0.06414547,,,,0.725,0.975,0.925,0.92499995,,,,0.65625,0.81875,0.78749996,0.8125,,,,0.88462377,0.86008024,0.8905391,0.8686723,,,,-0.020075127,0.012159631,-0.017094553,-0.008326203,,,0.10690889,0.11235678,0.10516324,0.09956768,0.11773299,,,0.013478814,0.013663321,0.01355642,0.012573637,0.014047169,,,0.47929183,0.5263555,0.4865391,0.5012859,0.5461062,,,0.21944444,0.20694444,0.22222221,0.21597223,0.22291666,,,-0.0012086597,-0.0019295765,-0.0009804904,-0.00056436105,-0.0030402578,,,0.013834851,0.013196353,0.0071820347,0.012526501,0.011448015,,,,,0.3255973,0.095877916,0.30043772,,,,,,-0.04301547,0.06510669,,,0.99591064,0.9934966,0.99392676,0.99459213,0.9946494,,,0.04274874,0.046399146,0.04740572,0.04583355,0.04440535,,,0.158894,0.17000578,0.17119333,0.1665977,0.16334613,,,0.0015891714,0.0028876232,0.0032146825,0.0029519447,0.0029211768,,,0.45,0.45000002,0.4,0.375,0.40000004,,,,0.083074406,0.090541705,0.08773413,0.08840069,,,,0.95,1.0,0.95,1.0,,,,0.80625,0.88125,0.9125,0.8875,,,,0.82654047,0.8124357,0.82075423,0.8212858,,,,-0.0012834817,0.013675556,-0.0032973588,0.008656397,,,0.08691514,0.09563212,0.10596628,0.08513141,0.089588895,,,0.008900374,0.009384191,0.010458254,0.00875044,0.0091138175,,,0.5773162,0.6432792,0.5935525,0.64022136,0.6423361,,,0.17083333,0.14375001,0.14791666,0.14097223,0.15625,,,-0.0026587485,-0.004450825,-0.0031706034,-0.0037432713,-0.0033993232,,,0.013306833,0.01210792,0.014381911,0.014851033,0.013054207,,,,,0.15591288,0.12422989,0.1323802,,,,,,-0.02729002,0.013323523,,,1.2300376,1.1748854,0.99242175,1.1695764,1.3141471,,,,,,-0.032767124,0.007920642,,,,,-0.1518617,-0.09243328,-0.13214044,,,,-0.006896496,0.0046597123,-0.008055866,0.0058190227,,
cache_new/HiMoE-VLA/libero_spatial/pick_up_the_black_bowl_next_to_the_plate_and_place_it_on_the_plate/right-50x8b-20260903,right-50x8b-20260903,libero_spatial,libero_spatial/pick_up_the_black_bowl_next_to_the_plate_and_place_it_on_the_plate,233,29,1009,10,1029d0827030a7521361d1904eeb3e7e7f2792be5c99abdb5701abb7ee87c137,27833,False,95,,False,True,-1,-1,success_no_alarm,0.9965581,0.99555546,0.99714905,0.99694574,0.9953677,,,0.04062127,0.043836333,0.04077777,0.03986906,0.04348905,,,0.15168032,0.15951279,0.15285935,0.15158144,0.15923145,,,0.0016807176,0.0027687831,0.0016385819,0.0017098171,0.002910359,,,0.325,0.325,0.3,0.3,0.4,,,,0.05792702,0.062074594,0.05270679,0.061816897,,,,0.85,0.95,0.975,0.975,,,,0.65,0.825,0.78125,0.8375,,,,0.8829711,0.8681619,0.8911891,0.8732799,,,,-0.017624944,0.0036667436,-0.017969504,-0.004011497,,,0.09919123,0.11094326,0.105418965,0.102190495,0.11093022,,,0.012731111,0.013690939,0.013444802,0.012693964,0.013669012,,,0.50052536,0.5168792,0.46888515,0.5010182,0.5014032,,,0.20208333,0.24027778,0.22986111,0.23194444,0.21805555,,,-0.0009797337,-0.0021926928,-0.000620393,-0.00095133926,-0.0023399787,,,0.013994487,0.013266506,0.0066755335,0.010913409,0.011336435,,,,,0.24873978,0.095987566,0.2565436,,,,,,-0.036448892,0.035816565,,,0.9959437,0.99372077,0.9934371,0.9940586,0.99510413,,,0.04261245,0.047165476,0.04665142,0.047413774,0.04328774,,,0.15889654,0.17080459,0.16984317,0.16808112,0.160494,,,0.0015458146,0.0028423402,0.0032997108,0.0033013618,0.0024176633,,,0.375,0.425,0.35,0.42499998,0.375,,,,0.08301853,0.090394974,0.090140544,0.08896536,,,,0.875,1.0,0.95000005,1.0,,,,0.79375,0.85625005,0.86875,0.9125,,,,0.8269724,0.8157858,0.8154696,0.8208103,,,,-0.0010986924,0.0056047887,0.005485475,0.010321021,,,0.083314285,0.09566744,0.10740506,0.08498599,0.08561264,,,0.008792771,0.009509586,0.010542167,0.008668998,0.008562092,,,0.5839692,0.62872934,0.61224055,0.64472145,0.65436214,,,0.15833333,0.13402778,0.15972222,0.13125,0.15277778,,,-0.0025266316,-0.004109594,-0.0036722424,-0.0041646115,-0.0029890412,,,0.013033178,0.011195519,0.0127921775,0.013483568,0.012142096,,,,,0.14344656,0.1426622,0.12889767,,,,,,-0.055844378,-0.06856763,,,1.1905669,1.1596763,0.9815084,1.2024393,1.2957225,,,,,,-0.056538068,-0.06894682,,,,,-0.1387729,-0.123586476,-0.12601411,,,,-0.005426824,0.0016204119,-8.6545944e-05,0.009269118,,
cache_new/HiMoE-VLA/libero_spatial/pick_up_the_black_bowl_next_to_the_plate_and_place_it_on_the_plate/right-50x8b-20260903,right-50x8b-20260903,libero_spatial,libero_spatial/pick_up_the_black_bowl_next_to_the_plate_and_place_it_on_the_plate,234,29,1010,10,1029d0827030a7521361d1904eeb3e7e7f2792be5c99abdb5701abb7ee87c137,27834,False,94,,False,True,-1,-1,success_no_alarm,0.99626875,0.9965812,0.99700636,0.9968662,0.9946197,,,0.041115813,0.042117238,0.04156968,0.04021912,0.04568296,,,0.1529063,0.15646869,0.15436074,0.15205926,0.16285628,,,0.0019363526,0.0016934616,0.0017670186,0.0018627269,0.0037196064,,,0.25,0.475,0.375,0.325,0.35000002,,,,0.051418908,0.0671218,0.054523446,0.069776535,,,,0.75,0.92499995,0.95,0.92499995,,,,0.65,0.8,0.7875,0.7875,,,,0.89367783,0.86083055,0.8864248,0.85984665,,,,-0.020628557,0.015359119,-0.011723861,0.0007902235,,,0.10743729,0.10881044,0.10125701,0.09749606,0.11684228,,,0.0130813345,0.013783689,0.012928154,0.012782531,0.014018689,,,0.5032917,0.4949902,0.48726195,0.47682402,0.5360076,,,0.22569445,0.22916666,0.20069446,0.21736111,0.20972222,,,-0.0013405532,-0.0010840583,-0.00074403133,-0.0012488177,-0.0028689974,,,0.013995443,0.013899043,0.006005116,0.011417009,0.010628545,,,,,0.35273895,0.15080535,0.39610058,,,,,,-0.022134941,0.06752092,,,0.9959294,0.99367356,0.9944552,0.99459636,0.99477375,,,0.04294017,0.046403598,0.04464098,0.045966282,0.044404186,,,0.15938868,0.16949299,0.16695364,0.16655168,0.16356567,,,0.0016411617,0.0025143174,0.0031041494,0.0027659452,0.002959615,,,0.5,0.325,0.32500002,0.39999998,0.32500002,,,,0.08153532,0.0896342,0.0893714,0.08910681,,,,0.925,0.975,0.975,1.0,,,,0.75,0.85625,0.9125,0.88124996,,,,0.8296753,0.81476414,0.8174831,0.8190861,,,,-0.0032826066,0.012996733,0.0008366704,0.01272586,,,0.08551504,0.09163995,0.10082003,0.08281005,0.09208883,,,0.008809911,0.009133349,0.009847521,0.008682294,0.009028608,,,0.5716368,0.6310946,0.5903821,0.6355357,0.6508119,,,0.16041668,0.14861111,0.16875,0.13055556,0.14791667,,,-0.0025650868,-0.0043045534,-0.0028452293,-0.0038007477,-0.0031856,,,0.01365181,0.010819146,0.013991602,0.014618524,0.011480348,,,,,0.13436681,0.13427533,0.13179457,,,,,,-0.03303988,0.005955988,,,1.2563555,1.187369,1.0043343,1.1773458,1.2687997,,,,,,-0.020906756,0.018205682,,,,,-0.14628291,-0.11006319,-0.13484563,,,,-0.009261727,0.0060474873,-0.004450619,0.010109007,,
cache_new/HiMoE-VLA/libero_spatial/pick_up_the_black_bowl_next_to_the_plate_and_place_it_on_the_plate/right-50x8b-20260903,right-50x8b-20260903,libero_spatial,libero_spatial/pick_up_the_black_bowl_next_to_the_plate_and_place_it_on_the_plate,235,29,1011,10,1029d0827030a7521361d1904eeb3e7e7f2792be5c99abdb5701abb7ee87c137,27835,False,92,,False,True,-1,-1,success_no_alarm,0.99648005,0.9952888,0.9973017,0.99685836,0.99402946,,,0.0399973,0.04505494,0.04073542,0.03998292,0.047162272,,,0.15106656,0.16146234,0.15265042,0.15166664,0.1644337,,,0.0017362337,0.0031908113,0.0014583785,0.0018898142,0.0041731764,,,0.3,0.3,0.325,0.3,0.325,,,,0.063118644,0.060404837,0.051362153,0.073877536,,,,0.925,0.95,0.95,0.975,,,,0.68125,0.8375,0.825,0.83125,,,,0.8732654,0.87145984,0.89211774,0.8564685,,,,-0.010951787,0.0053595304,-0.017709985,-0.0009135902,,,0.1077414,0.11721893,0.103423804,0.102367,0.122193635,,,0.013214098,0.014069006,0.013140127,0.012537757,0.014137609,,,0.48341018,0.5321832,0.48510736,0.47897345,0.54628634,,,0.23541665,0.23333333,0.20833333,0.21458334,0.22361112,,,-0.0012223667,-0.0022098739,-0.00048203298,-0.00098037,-0.0036611839,,,0.012965636,0.011317058,0.006922694,0.01249787,0.011144019,,,,,0.19116509,0.040946938,0.39978045,,,,,,-0.042036723,0.07541683,,,0.99589276,0.9934437,0.99434376,0.9948371,0.99389076,,,0.04280366,0.047254544,0.045664422,0.045533925,0.045546588,,,0.15959097,0.17020307,0.16591714,0.16514029,0.16843665,,,0.0015369746,0.0033945935,0.0027218836,0.0024424633,0.0037908244,,,0.45,0.4,0.45,0.5,0.3,,,,0.084650934,0.09016664,0.08676036,0.0884037,,,,0.95,0.95,1.0,0.975,,,,0.84375,0.83750004,0.8874999,0.8375,,,,0.8243816,0.81423527,0.82201254,0.8183934,,,,-0.001058057,0.013568953,0.0014746785,0.0013876259,,,0.08681492,0.10181701,0.09895446,0.086049765,0.09633956,,,0.008898444,0.010081203,0.009706905,0.008746132,0.009476527,,,0.5697022,0.6374785,0.5814476,0.62229025,0.65400547,,,0.175,0.16180556,0.14722222,0.14930555,0.13194445,,,-0.0024979792,-0.0040277992,-0.0028088035,-0.0036145593,-0.0037906868,,,0.013343863,0.010307502,0.01414535,0.015016535,0.012042997,,,,,0.14437026,0.104870625,0.12455513,,,,,,-0.036834907,0.043454655,,,1.2410471,1.1512705,1.0451657,1.1896255,1.2683641,,,,,,-0.039908186,0.040298134,,,,,-0.12458148,-0.066006415,-0.13972795,,,,-0.004400134,0.00725466,-0.003522873,-0.002763927,,
cache_new/HiMoE-VLA/libero_spatial/pick_up_the_black_bowl_next_to_the_plate_and_place_it_on_the_plate/right-50x8b-20260903,right-50x8b-20260903,libero_spatial,libero_spatial/pick_up_the_black_bowl_next_to_the_plate_and_place_it_on_the_plate,236,29,1012,10,1029d0827030a7521361d1904eeb3e7e7f2792be5c99abdb5701abb7ee87c137,27836,False,94,,False,True,-1,-1,success_no_alarm,0.9966156,0.9953742,0.9972271,0.9970943,0.9955383,,,0.040032063,0.044331763,0.040859766,0.039734565,0.04334816,,,0.15106311,0.16068602,0.15307681,0.15078326,0.15839003,,,0.001586901,0.0028915098,0.0016226219,0.0016713617,0.0028677075,,,0.25,0.32500002,0.275,0.3,0.35000002,,,,0.060914822,0.06247787,0.052892193,0.059520558,,,,0.8,0.875,0.975,1.0,,,,0.63750005,0.8125,0.82500005,0.81874996,,,,0.8775797,0.8695564,0.8902203,0.8779,,,,-0.012826949,0.004066795,-0.01844643,-0.008230105,,,0.10602421,0.114254005,0.10533248,0.100361675,0.116083406,,,0.0131596215,0.013876549,0.013517272,0.012645943,0.013863459,,,0.51468223,0.5171795,0.46250385,0.47364414,0.5104749,,,0.24722221,0.2048611,0.21875,0.22222221,0.21736111,,,-0.0006508855,-0.0017355285,-0.0008620974,-0.0007794942,-0.0022635153,,,0.013473876,0.013111826,0.00516898,0.010560576,0.012041768,,,,,0.27186003,0.109721646,0.229198,,,,,,-0.033168353,0.057626456,,,0.99604875,0.9937103,0.9935876,0.9948051,0.99512607,,,0.042218473,0.04639964,0.046523828,0.045203425,0.043581657,,,0.15825212,0.16932456,0.16958001,0.16533667,0.1609264,,,0.0015271199,0.003121382,0.003207253,0.0030124998,0.002507404,,,0.45000002,0.45000002,0.35000002,0.4,0.275,,,,0.08485745,0.094988175,0.08846535,0.086618245,,,,0.95000005,0.95,1.0,1.0,,,,0.80625,0.875,0.8875,0.9,,,,0.823349,0.808086,0.81932926,0.82549727,,,,0.005133316,0.016681701,0.00047543645,0.006098449,,,0.085157,0.09957262,0.107173234,0.08455242,0.086068854,,,0.009062455,0.009813139,0.010122953,0.008844002,0.008757379,,,0.5824351,0.6239578,0.617381,0.62117743,0.6348566,,,0.175,0.14513889,0.15694444,0.12847222,0.15138888,,,-0.002337055,-0.0039250227,-0.0034275972,-0.0036020735,-0.003042528,,,0.0142575335,0.011269726,0.011867564,0.014483319,0.01271934,,,,,0.20242426,0.13106611,0.10993457,,,,,,-0.04705835,-0.057541177,,,1.245044,1.147444,0.9828245,1.1869757,1.3487272,,,,,,-0.052867603,-0.06271047,,,,,-0.2001261,-0.1325929,-0.11167768,,,,0.001321435,0.007689357,-0.0026736856,0.0032228827,,
cache_new/HiMoE-VLA/libero_spatial/pick_up_the_black_bowl_next_to_the_plate_and_place_it_on_the_plate/right-50x8b-20260903,right-50x8b-20260903,libero_spatial,libero_spatial/pick_up_the_black_bowl_next_to_the_plate_and_place_it_on_the_plate,237,29,1013,10,1029d0827030a7521361d1904eeb3e7e7f2792be5c99abdb5701abb7ee87c137,27837,False,93,,False,True,-1,-1,success_no_alarm,0.99658394,0.9961057,0.99684083,0.9971472,0.9948292,,,0.04031439,0.04318528,0.041459337,0.039151996,0.044883545,,,0.15125087,0.15850765,0.15498136,0.14996275,0.16150294,,,0.0016345747,0.0022534027,0.0018899002,0.0016339384,0.003358787,,,0.325,0.275,0.4,0.2,0.375,,,,0.05370622,0.066907436,0.051938515,0.06438494,,,,0.84999996,0.95000005,0.9,0.92499995,,,,0.6625,0.79375005,0.7875,0.81875,,,,0.8892104,0.86134136,0.89239466,0.87013215,,,,-0.020789415,0.009516314,-0.015132457,-0.009439811,,,0.10180796,0.110332094,0.10485541,0.09961196,0.11990392,,,0.012975564,0.013701496,0.013367962,0.012718277,0.014221922,,,0.47522742,0.4998764,0.48778716,0.48658678,0.5277111,,,0.24166667,0.225,0.2048611,0.22569443,0.22916666,,,-0.0013361848,-0.0017892559,-0.0010690613,-0.00069948786,-0.0030261208,,,0.013368869,0.014762891,0.008405976,0.011024811,0.01181517,,,,,0.3362445,0.0874284,0.30392915,,,,,,-0.021090753,0.088093475,,,0.9959709,0.99363947,0.9937333,0.9948915,0.99460965,,,0.041999385,0.04656651,0.047775455,0.045666233,0.044584956,,,0.15845253,0.16921596,0.17131728,0.1650098,0.16463242,,,0.001492087,0.0028176606,0.003362897,0.0026333982,0.0031026015,,,0.4,0.45000002,0.375,0.525,0.275,,,,0.08449322,0.09231468,0.08935568,0.08970687,,,,0.925,0.975,0.975,1.0,,,,0.76874995,0.85625005,0.91875005,0.88125,,,,0.8242318,0.81129986,0.8169582,0.8199961,,,,0.00089865923,0.011847138,0.0009070933,0.0078572035,,,0.08452873,0.09576243,0.10786941,0.08438853,0.09287398,,,0.008804137,0.009562176,0.010448687,0.008788334,0.009372843,,,0.5847709,0.6215708,0.5940596,0.6426974,0.6329708,,,0.16458333,0.14166667,0.14722222,0.13611111,0.15,,,-0.002533012,-0.0042286236,-0.0032370402,-0.0035770498,-0.0035178878,,,0.012454758,0.013636874,0.014902953,0.014757316,0.0127629,,,,,0.14702497,0.112777255,0.11892408,,,,,,-0.02294743,0.041336127,,,1.2044184,1.1521438,0.97205883,1.1803969,1.2910389,,,,,,-0.025634257,0.038757145,,,,,-0.14410985,-0.13128659,-0.11833653,,,,-0.0051128864,0.0064106584,-0.0010423064,0.0046538115,,
cache_new/HiMoE-VLA/libero_spatial/pick_up_the_black_bowl_next_to_the_plate_and_place_it_on_the_plate/right-50x8b-20260903,right-50x8b-20260903,libero_spatial,libero_spatial/pick_up_the_black_bowl_next_to_the_plate_and_place_it_on_the_plate,238,29,1014,10,1029d0827030a7521361d1904eeb3e7e7f2792be5c99abdb5701abb7ee87c137,27838,False,93,,False,True,-1,-1,success_no_alarm,0.99634814,0.99583364,0.9970255,0.99699223,0.99421984,,,0.040891223,0.04329125,0.041282475,0.039597873,0.046499368,,,0.15253806,0.15910909,0.1537011,0.15126951,0.16364843,,,0.001849123,0.0025524804,0.0018228957,0.0016902455,0.0041698227,,,0.32500002,0.325,0.375,0.3,0.25,,,,0.054755654,0.06574243,0.054249812,0.069187686,,,,0.82500005,0.95,0.9,0.95000005,,,,0.64374995,0.80625,0.77500004,0.8125,,,,0.8880383,0.8612351,0.8868393,0.8627552,,,,-0.022319242,0.014114469,-0.015409201,-0.0071152747,,,0.104987495,0.110620186,0.10898985,0.09916008,0.12445298,,,0.013005517,0.013789728,0.013550813,0.012593962,0.014541954,,,0.49729264,0.5049403,0.4876529,0.48040688,0.5308228,,,0.20902778,0.2326389,0.22708333,0.23333332,0.22986111,,,-0.0011745383,-0.0018892982,-0.0002954146,-0.0011753639,-0.003564375,,,0.013115112,0.012374071,0.008608311,0.012869383,0.012216659,,,,,0.3153606,0.1320409,0.37125236,,,,,,-0.049672954,0.091572896,,,0.99591994,0.99342555,0.9938611,0.9943677,0.9942288,,,0.04244987,0.047222786,0.046617433,0.04699581,0.04479369,,,0.1586766,0.17052731,0.1701873,0.16779965,0.16604681,,,0.0016321326,0.0029281077,0.0034213196,0.0026448008,0.0033226702,,,0.4,0.39999998,0.325,0.39999998,0.35000002,,,,0.08250244,0.092442796,0.08770909,0.08826605,,,,0.95,1.0,1.0,1.0,,,,0.7625,0.9125,0.875,0.8375,,,,0.82821774,0.8112679,0.82173055,0.82044756,,,,-0.005461529,0.009062916,-0.0077860802,0.00064592063,,,0.084036924,0.09494882,0.10597031,0.08407468,0.09656362,,,0.008701684,0.009390767,0.010323759,0.008714581,0.009764515,,,0.5869132,0.6355145,0.60019386,0.63112843,0.64064133,,,0.14652777,0.14444444,0.14861111,0.13680556,0.14652778,,,-0.0025342158,-0.0044519603,-0.0031065396,-0.0040492797,-0.0037225476,,,0.012823672,0.010394414,0.013904225,0.015209332,0.014363636,,,,,0.1649286,0.1124813,0.119200155,,,,,,-0.06892811,0.04397307,,,1.249302,1.1650506,1.0284942,1.1794286,1.2888185,,,,,,-0.06873809,0.045019183,,,,,-0.1507436,-0.111064695,-0.108806044,,,,-0.009957433,0.002582252,-0.009594142,-0.0060617924,,
cache_new/HiMoE-VLA/libero_spatial/pick_up_the_black_bowl_next_to_the_plate_and_place_it_on_the_plate/right-50x8b-20260903,right-50x8b-20260903,libero_spatial,libero_spatial/pick_up_the_black_bowl_next_to_the_plate_and_place_it_on_the_plate,239,29,1015,10,1029d0827030a7521361d1904eeb3e7e7f2792be5c99abdb5701abb7ee87c137,27839,False,93,,False,True,-1,-1,success_no_alarm,0.9964943,0.9956271,0.9971677,0.99692225,0.99476534,,,0.040523466,0.043750938,0.041258764,0.040142976,0.045464974,,,0.15106547,0.15894336,0.15331647,0.15218025,0.1619708,,,0.0017363712,0.0027846573,0.0016714479,0.0017674486,0.0036389637,,,0.275,0.325,0.4,0.275,0.3,,,,0.059619054,0.0638172,0.0532908,0.066195086,,,,0.9,0.975,0.92499995,0.95000005,,,,0.6875,0.8625,0.7875,0.78125,,,,0.87826335,0.8661064,0.8882482,0.8675575,,,,-0.013288796,0.008767515,-0.010373816,-0.0052134693,,,0.10051316,0.11651234,0.10843669,0.09646298,0.12076341,,,0.0130829485,0.014095701,0.013837568,0.012352677,0.014361222,,,0.48100305,0.5078655,0.4541962,0.50191796,0.51881176,,,0.20833334,0.22291666,0.23472223,0.20208333,0.21527778,,,-0.0014206627,-0.0014706925,-0.00065461756,-0.00081542134,-0.0030904594,,,0.013346272,0.013147701,0.006517391,0.010961546,0.0103896335,,,,,0.27680397,0.10136698,0.31772983,,,,,,-0.06426348,0.082933225,,,0.9959763,0.99371064,0.99434626,0.9945903,0.99435127,,,0.042438783,0.04670213,0.045043528,0.045798607,0.045304157,,,0.15839204,0.17041981,0.16729122,0.1665034,0.16530937,,,0.0015987507,0.002924307,0.0029806485,0.0027613705,0.0031921184,,,0.425,0.425,0.275,0.45000002,0.25,,,,0.084082186,0.08866443,0.08689182,0.092454545,,,,0.9,1.0,0.975,0.95,,,,0.8125,0.82500005,0.86875,0.86875,,,,0.8248031,0.8171128,0.82114613,0.8139808,,,,0.00090014935,0.012296706,0.003266871,0.013743326,,,0.08329684,0.09997626,0.10839676,0.0843337,0.09219305,,,0.008747247,0.009925237,0.01051805,0.008484316,0.0092670815,,,0.57607454,0.63102096,0.5681396,0.65491223,0.6399368,,,0.16874999,0.16041666,0.15694444,0.13333334,0.13680556,,,-0.002573084,-0.0038966967,-0.0029981392,-0.0037471235,-0.003608712,,,0.013175758,0.010414489,0.013689824,0.014554591,0.012013078,,,,,0.12278068,0.10517162,0.16830575,,,,,,-0.07838257,0.009857262,,,1.2066863,1.1654001,1.0003684,1.1438248,1.3098971,,,,,,-0.07765762,0.010591604,,,,,-0.107323065,-0.08384749,-0.16990048,,,,-0.0034689307,0.0039836764,-0.004776001,0.009368777,,
cache_new/HiMoE-VLA/libero_spatial/pick_up_the_black_bowl_next_to_the_plate_and_place_it_on_the_plate/right-50x8b-20260903,right-50x8b-20260903,libero_spatial,libero_spatial/pick_up_the_black_bowl_next_to_the_plate_and_place_it_on_the_plate,240,30,1008,10,1029d0827030a7521361d1904eeb3e7e7f2792be5c99abdb5701abb7ee87c137,27840,False,95,,False,True,-1,-1,success_no_alarm,0.9956135,0.99571425,0.9971001,0.99672675,0.9941269,,,0.04351148,0.04393625,0.04115591,0.04017303,0.047192488,,,0.15810123,0.15884216,0.15371132,0.15268362,0.16430616,,,0.0027854482,0.0025904886,0.0017422874,0.0020014653,0.0042394414,,,0.325,0.35000002,0.4,0.4,0.325,,,,0.055580154,0.06261459,0.05361064,0.06822322,,,,0.85,0.9,0.84999996,0.92499995,,,,0.6625,0.8375,0.8,0.76874995,,,,0.88634294,0.8692613,0.8866557,0.8641158,,,,-0.01625815,0.0026148558,-0.015331328,-0.009348661,,,0.11137536,0.11295957,0.1008179,0.09819834,0.120334394,,,0.013518548,0.013629125,0.012977358,0.012465426,0.0141478125,,,0.50973135,0.52192855,0.49118024,0.5176336,0.5492206,,,0.21041666,0.21041667,0.22291666,0.19722223,0.20763889,,,-0.0018439635,-0.0019714888,-0.0008993661,-0.0008917988,-0.003405016,,,0.013310241,0.013805718,0.00731772,0.013061398,0.009915342,,,,,0.27279693,0.12804575,0.36350447,,,,,,-0.05549768,0.0685066,,,0.9950413,0.99348575,0.99300593,0.99457824,0.99403715,,,0.044613075,0.046275653,0.047464695,0.044576123,0.045579627,,,0.16274565,0.16742247,0.17202136,0.16510266,0.16637066,,,0.0025853808,0.0027457373,0.0039590406,0.0030193273,0.003104235,,,0.39999998,0.45,0.35000002,0.475,0.32500002,,,,0.08817783,0.093207166,0.08961149,0.08864905,,,,0.95000005,0.9,1.0,0.95,,,,0.85625005,0.76874995,0.88125,0.8875,,,,0.8172014,0.8078831,0.81990576,0.8151171,,,,0.011487529,0.014281437,0.007824868,0.0068090707,,,0.08995882,0.10205711,0.095755704,0.08781279,0.09691693,,,0.009035926,0.0097451685,0.009259444,0.008927934,0.009637635,,,0.5897162,0.61974984,0.6371527,0.6402323,0.6408897,,,0.15277778,0.14861111,0.13819444,0.12847222,0.14583333,,,-0.0031157066,-0.004404183,-0.0047919527,-0.0036595156,-0.0034722094,,,0.012013696,0.014373176,0.013179662,0.015422996,0.01370495,,,,,0.21616825,0.1773683,0.1661782,,,,,,-0.0016428495,0.07474376,,,1.2380706,1.1068271,1.0528657,1.1182692,1.2416241,,,,,,-0.0053764614,0.07111436,,,,,-0.2436041,-0.154295,-0.1470294,,,,0.007942677,0.010800302,-0.0032885075,0.00036871433,,
cache_new/HiMoE-VLA/libero_spatial/pick_up_the_black_bowl_next_to_the_plate_and_place_it_on_the_plate/right-50x8b-20260903,right-50x8b-20260903,libero_spatial,libero_spatial/pick_up_the_black_bowl_next_to_the_plate_and_place_it_on_the_plate,241,30,1009,10,1029d0827030a7521361d1904eeb3e7e7f2792be5c99abdb5701abb7ee87c137,27841,False,96,,False,True,-1,-1,success_no_alarm,0.9955071,0.99527323,0.9973252,0.9967894,0.9943476,,,0.04328002,0.0449226,0.040634505,0.04024206,0.046284337,,,0.15767387,0.16048805,0.15238495,0.15252934,0.16303752,,,0.002829837,0.0029833142,0.0016064211,0.0018597688,0.003938867,,,0.35000002,0.42499998,0.4,0.3,0.42499998,,,,0.05605764,0.060528465,0.052220054,0.062225584,,,,0.8,0.925,0.925,0.925,,,,0.7125,0.76874995,0.7312499,0.74375,,,,0.8859848,0.87234104,0.8896907,0.8744031,,,,-0.016922548,0.003965631,-0.015537366,-0.014200941,,,0.10780454,0.11301713,0.10021244,0.10004762,0.117868215,,,0.013239053,0.013663752,0.012784633,0.012722314,0.014272837,,,0.5240876,0.52368003,0.4808838,0.49991825,0.52688456,,,0.19375,0.22569445,0.21597221,0.22222222,0.23333333,,,-0.0017899955,-0.0026572868,-0.00050045236,-0.0010620444,-0.0032429737,,,0.014009537,0.012042516,0.0074401824,0.011084815,0.0105340555,,,,,0.24047792,0.10481504,0.2740093,,,,,,-0.014023185,0.09687802,,,0.99487996,0.9935154,0.9933285,0.9952069,0.9941402,,,0.044395927,0.046305224,0.047216184,0.044493787,0.04564342,,,0.163216,0.16849193,0.17122935,0.16394393,0.16523367,,,0.0027300182,0.0027076604,0.0037823457,0.0023683044,0.002905922,,,0.325,0.375,0.35000002,0.55,0.39999998,,,,0.087205924,0.09307475,0.08395768,0.084333085,,,,0.92499995,0.875,1.0,1.0,,,,0.8125,0.8375,0.9125,0.85,,,,0.82144463,0.80744755,0.82684076,0.82639277,,,,0.013685226,0.01973559,0.006068006,0.0018357784,,,0.08810783,0.101710476,0.09704977,0.08493706,0.091905,,,0.0088165775,0.009877997,0.009317373,0.008736496,0.0092248125,,,0.61096567,0.61390036,0.61315984,0.63510835,0.65774316,,,0.15416667,0.15763889,0.15138888,0.13819444,0.15208334,,,-0.0033120075,-0.004436052,-0.003953021,-0.0032835272,-0.0034473925,,,0.012035525,0.013082501,0.013320441,0.0139288325,0.013291396,,,,,0.21671073,0.115954906,0.11616159,,,,,,-0.014582818,0.03968975,,,1.2235522,1.111165,1.0325881,1.177903,1.2825006,,,,,,-0.022298587,0.032089055,,,,,-0.24234399,-0.12361297,-0.099558406,,,,0.007857561,0.016582906,-0.0035168529,-0.005200863,,
cache_new/HiMoE-VLA/libero_spatial/pick_up_the_black_bowl_next_to_the_plate_and_place_it_on_the_plate/right-50x8b-20260903,right-50x8b-20260903,libero_spatial,libero_spatial/pick_up_the_black_bowl_next_to_the_plate_and_place_it_on_the_plate,242,30,1010,10,1029d0827030a7521361d1904eeb3e7e7f2792be5c99abdb5701abb7ee87c137,27842,False,97,,False,True,-1,-1,success_no_alarm,0.99549115,0.99628055,0.9971621,0.99677837,0.9951164,,,0.04356551,0.042210814,0.04103306,0.04072695,0.043819215,,,0.15834397,0.15626022,0.15339467,0.15290342,0.16102219,,,0.0028659878,0.0017222171,0.0017118809,0.0018866153,0.0032679627,,,0.325,0.425,0.32500002,0.3,0.32500002,,,,0.05338356,0.06571874,0.053640097,0.05916986,,,,0.9,0.9,0.975,0.9,,,,0.7125,0.825,0.80625,0.74375,,,,0.88983977,0.8664648,0.88718843,0.877993,,,,-0.016501233,0.007352799,-0.008896843,-0.008499771,,,0.11349378,0.11073491,0.09895006,0.09656653,0.112892315,,,0.013435375,0.013678761,0.012624757,0.01259256,0.013756827,,,0.5281691,0.5021225,0.489856,0.47453204,0.5208764,,,0.21319444,0.22916666,0.20833333,0.19583333,0.18819444,,,-0.0018783085,-0.0014415241,-0.00066290714,-0.0012502107,-0.0022698443,,,0.01258933,0.0155094825,0.007253588,0.011498227,0.011017982,,,,,0.33853352,0.14178085,0.23640206,,,,,,-0.032135088,0.056253556,,,0.9950534,0.9939104,0.993146,0.9945907,0.9949117,,,0.044963878,0.044940528,0.048107766,0.044925768,0.04543498,,,0.16299418,0.16558602,0.17310107,0.16571711,0.16324757,,,0.0026675714,0.0022738513,0.004141566,0.002847878,0.002462929,,,0.375,0.525,0.42499998,0.47500002,0.4,,,,0.084639385,0.09628188,0.08750284,0.0831526,,,,0.925,0.95,0.925,0.975,,,,0.8375,0.80625,0.89374995,0.87499994,,,,0.82591623,0.802412,0.8234373,0.82906497,,,,0.0098674,0.021979615,0.011906996,0.0026506037,,,0.09058425,0.09654205,0.097060636,0.08455781,0.08797359,,,0.0089818975,0.009601435,0.00910414,0.008619158,0.008845733,,,0.59034276,0.59953475,0.6414742,0.639181,0.64456165,,,0.15347223,0.15069444,0.13819444,0.13611111,0.14097223,,,-0.003062822,-0.004143062,-0.0044705514,-0.0038050646,-0.0034068385,,,0.012241972,0.014538154,0.01198207,0.01398028,0.014156305,,,,,0.25868723,0.1655151,0.11239519,,,,,,-0.020261856,0.0057810703,,,1.2529086,1.1470121,1.0194664,1.1420178,1.2832524,,,,,,-0.024079874,0.001867933,,,,,-0.24793112,-0.15950045,-0.10571316,,,,0.0038457513,0.019587636,0.000967741,0.00062441826,,
cache_new/HiMoE-VLA/libero_spatial/pick_up_the_black_bowl_next_to_the_plate_and_place_it_on_the_plate/right-50x8b-20260903,right-50x8b-20260903,libero_spatial,libero_spatial/pick_up_the_black_bowl_next_to_the_plate_and_place_it_on_the_plate,243,30,1011,10,1029d0827030a7521361d1904eeb3e7e7f2792be5c99abdb5701abb7ee87c137,27843,False,96,,False,True,-1,-1,success_no_alarm,0.9957011,0.995661,0.99706125,0.996765,0.9933645,,,0.04242147,0.04406151,0.04148245,0.040723927,0.04836737,,,0.156921,0.15927732,0.15391278,0.15251599,0.16732834,,,0.0027503464,0.0026214286,0.0018931851,0.0019540326,0.004455692,,,0.325,0.325,0.325,0.35000002,0.3,,,,0.057939395,0.0631915,0.05615083,0.083027005,,,,0.82500005,0.95,0.95000005,0.95,,,,0.6875,0.825,0.8125,0.85,,,,0.8814487,0.8680773,0.8831763,0.8431114,,,,-0.013301343,0.0071447194,-0.014555842,0.0049898177,,,0.11309156,0.11623127,0.10308087,0.10668181,0.1305746,,,0.013520725,0.013811748,0.012822851,0.013020118,0.015098938,,,0.506494,0.52222204,0.494462,0.47725588,0.5369842,,,0.22569443,0.22222222,0.1875,0.21180557,0.21319443,,,-0.0018333523,-0.001997355,-0.0005550396,-0.0009281732,-0.0042416253,,,0.013225001,0.013611868,0.0071815336,0.01096491,0.010613313,,,,,0.25651276,0.1389946,0.51659626,,,,,,-0.0031607351,0.14114562,,,0.9949613,0.9938704,0.9933214,0.9946281,0.99366754,,,0.04468206,0.04474275,0.04730203,0.04420893,0.045927245,,,0.16297057,0.16531208,0.17129102,0.16408147,0.16887599,,,0.002664493,0.002720817,0.0035142936,0.002683841,0.0037874707,,,0.3,0.35000002,0.325,0.35,0.325,,,,0.089463964,0.09395112,0.08229056,0.09297469,,,,1.0,0.92499995,0.975,0.975,,,,0.9125,0.83125,0.8375,0.8625001,,,,0.81699187,0.810701,0.8291806,0.8117641,,,,0.01968567,0.012093529,0.0009497553,0.0092565715,,,0.09269932,0.10241613,0.091863275,0.08764616,0.10778842,,,0.009134907,0.009985901,0.008566448,0.008610971,0.010400731,,,0.59105825,0.6111318,0.6292098,0.60620177,0.61567855,,,0.1625,0.16041668,0.1388889,0.15347223,0.15347221,,,-0.0031217602,-0.0041275667,-0.004178198,-0.0035134507,-0.003955085,,,0.011322948,0.016222741,0.011775744,0.013400376,0.013817849,,,,,0.22859529,0.09591179,0.21806088,,,,,,-0.0019827727,0.18664704,,,1.2199826,1.1348922,1.1221118,1.2171875,1.2113973,,,,,,-0.0016472787,0.18719174,,,,,-0.2561732,-0.1042,-0.20389369,,,,0.018112719,0.009925365,-0.0052068233,0.006607473,,
cache_new/HiMoE-VLA/libero_spatial/pick_up_the_black_bowl_next_to_the_plate_and_place_it_on_the_plate/right-50x8b-20260903,right-50x8b-20260903,libero_spatial,libero_spatial/pick_up_the_black_bowl_next_to_the_plate_and_place_it_on_the_plate,244,30,1012,10,1029d0827030a7521361d1904eeb3e7e7f2792be5c99abdb5701abb7ee87c137,27844,False,95,,False,True,-1,-1,success_no_alarm,0.99569285,0.99518484,0.9972034,0.9970015,0.9939442,,,0.042955127,0.045158967,0.041153338,0.039934136,0.0469215,,,0.15725908,0.1607967,0.15339035,0.15163326,0.16481355,,,0.0027482654,0.0029890414,0.0017614635,0.0017112275,0.00445098,,,0.3,0.35000002,0.275,0.325,0.25,,,,0.0560891,0.058998406,0.05071868,0.06524886,,,,0.875,0.925,1.0,0.84999996,,,,0.6375,0.75625,0.8375,0.725,,,,0.8861035,0.8777466,0.8919841,0.8707618,,,,-0.017919615,-0.0014003217,-0.017858565,-0.015237048,,,0.11023924,0.11016819,0.10111167,0.10151643,0.12001525,,,0.013127844,0.013227027,0.012948982,0.012806108,0.014074523,,,0.54211724,0.5412079,0.4733538,0.46895042,0.538633,,,0.20277777,0.20069444,0.21041667,0.20763889,0.19027777,,,-0.0013156673,-0.0020706367,-0.0009030637,-0.0007454416,-0.003618429,,,0.013332907,0.01357039,0.0058870735,0.010891017,0.010778782,,,,,0.22633114,0.08485652,0.3280716,,,,,,-0.022854237,0.06857736,,,0.995049,0.99350727,0.99332625,0.9950322,0.9941376,,,0.04444572,0.0462979,0.04736527,0.044617444,0.046950467,,,0.16275218,0.16790819,0.1709004,0.16453782,0.16680059,,,0.0026289097,0.002761577,0.003732333,0.002398625,0.003242131,,,0.375,0.45,0.325,0.425,0.35,,,,0.08845207,0.09285188,0.08432,0.087050006,,,,0.975,0.85,0.975,0.975,,,,0.85625005,0.79375,0.89375,0.88124996,,,,0.81643087,0.81022865,0.8288325,0.8223372,,,,0.019017503,0.017771289,0.0030935705,0.0080694705,,,0.09000471,0.1007628,0.0953069,0.08573209,0.09073976,,,0.00893731,0.00964172,0.008955611,0.008719899,0.008882721,,,0.60525113,0.6330951,0.6286842,0.6213176,0.6582509,,,0.15763889,0.15902779,0.15694445,0.14375,0.1388889,,,-0.0028662286,-0.004424047,-0.004277157,-0.0034547532,-0.0038485075,,,0.012481797,0.013655282,0.01132123,0.014604591,0.011760926,,,,,0.21465746,0.12181267,0.15093823,,,,,,0.0077323886,0.026029628,,,1.2248163,1.0933418,1.060906,1.1841124,1.3226314,,,,,,0.006090297,0.024590585,,,,,-0.20837018,-0.12415096,-0.13653818,,,,0.013428152,0.015221,-0.00044047832,-0.0020074844,,
cache_new/HiMoE-VLA/libero_spatial/pick_up_the_black_bowl_next_to_the_plate_and_place_it_on_the_plate/right-50x8b-20260903,right-50x8b-20260903,libero_spatial,libero_spatial/pick_up_the_black_bowl_next_to_the_plate_and_place_it_on_the_plate,245,30,1013,10,1029d0827030a7521361d1904eeb3e7e7f2792be5c99abdb5701abb7ee87c137,27845,False,95,,False,True,-1,-1,success_no_alarm,0.9956349,0.99543935,0.9971718,0.99694645,0.99377185,,,0.042974122,0.044675134,0.041176327,0.039984163,0.047742575,,,0.15751675,0.15949428,0.15367484,0.15121855,0.16540337,,,0.0027438283,0.0028408612,0.0017460367,0.0017312978,0.0044078636,,,0.32500002,0.325,0.35,0.275,0.3,,,,0.05842769,0.06179726,0.05169665,0.073261455,,,,0.85,0.95,0.90000004,0.95000005,,,,0.7,0.75625,0.7875,0.79375005,,,,0.88159984,0.8706509,0.8910399,0.8567816,,,,-0.014124945,0.0016919672,-0.019159734,-0.0029684454,,,0.10889427,0.11235894,0.09903997,0.10318232,0.12422298,,,0.013398662,0.013520395,0.012782523,0.0133043965,0.01474043,,,0.5054512,0.5208605,0.48632908,0.4835865,0.5381322,,,0.22083333,0.21180555,0.2125,0.24583334,0.23472221,,,-0.0021193079,-0.0025794301,-0.00084907835,-0.00077412836,-0.003875027,,,0.0123666525,0.014640175,0.008833073,0.010643847,0.013066506,,,,,0.23069695,0.059846736,0.39798212,,,,,,0.020452555,0.120307274,,,0.9949974,0.9937121,0.99312013,0.994683,0.99354506,,,0.04417278,0.04537438,0.048334666,0.04440958,0.047784504,,,0.16243342,0.16653854,0.1731199,0.16461255,0.17029595,,,0.0025701087,0.0028240927,0.0040161903,0.0028056046,0.0039189514,,,0.325,0.3,0.375,0.425,0.39999998,,,,0.089643955,0.09331274,0.084419645,0.091296524,,,,1.0,0.925,1.0,1.0,,,,0.86875004,0.7875,0.88125,0.88125,,,,0.8169978,0.80995125,0.8273187,0.8152464,,,,0.017209321,0.015334219,0.0055329204,-4.3705106e-05,,,0.08803567,0.100991234,0.09656271,0.08796478,0.0998847,,,0.008884454,0.010027616,0.0091449665,0.008937293,0.010011736,,,0.59512603,0.599853,0.63583267,0.6451073,0.63179666,,,0.15208334,0.15555556,0.14861113,0.15416667,0.13749999,,,-0.0031805611,-0.0042896257,-0.0046843775,-0.003581659,-0.004000488,,,0.011857106,0.014877891,0.013768148,0.013530574,0.014442463,,,,,0.20444721,0.10808813,0.18478543,,,,,,0.026032992,0.13895023,,,1.2369335,1.1125613,1.0256544,1.1729958,1.2436638,,,,,,0.017319975,0.13084523,,,,,-0.20652089,-0.1008032,-0.1721021,,,,0.012994468,0.011002958,-0.00043851137,-0.0042636395,,
cache_new/HiMoE-VLA/libero_spatial/pick_up_the_black_bowl_next_to_the_plate_and_place_it_on_the_plate/right-50x8b-20260903,right-50x8b-20260903,libero_spatial,libero_spatial/pick_up_the_black_bowl_next_to_the_plate_and_place_it_on_the_plate,246,30,1014,10,1029d0827030a7521361d1904eeb3e7e7f2792be5c99abdb5701abb7ee87c137,27846,False,96,,False,True,-1,-1,success_no_alarm,0.9955319,0.9954593,0.99693453,0.9969888,0.9944604,,,0.04343477,0.044276185,0.041892786,0.039853167,0.046035558,,,0.15796079,0.15909857,0.15490544,0.15142237,0.16277276,,,0.0027918457,0.0027844508,0.0019169704,0.001643088,0.004004702,,,0.32500002,0.40000004,0.32500002,0.3,0.325,,,,0.05728773,0.062528275,0.05363873,0.06381403,,,,0.775,0.975,0.95,0.875,,,,0.73125,0.81875,0.7937499,0.74375,,,,0.88391846,0.8695678,0.8863159,0.8713602,,,,-0.017252281,0.0036281198,-0.014076516,-0.010166392,,,0.11030129,0.11235444,0.1050297,0.0993945,0.12048549,,,0.013181644,0.013768293,0.013123432,0.01262477,0.014190576,,,0.5258876,0.52323014,0.49402094,0.47737715,0.5277412,,,0.2048611,0.22152779,0.20902778,0.24027777,0.20069444,,,-0.0017449704,-0.0024104228,-0.0004471377,-0.0011450776,-0.0031728907,,,0.012875002,0.013402702,0.008626447,0.011954235,0.011354534,,,,,0.26933095,0.12374764,0.29141155,,,,,,-0.036400937,0.0787344,,,0.9951524,0.99366933,0.99307984,0.9942633,0.99399805,,,0.04436866,0.04507938,0.047333263,0.04571612,0.046111528,,,0.16199835,0.16594157,0.17219192,0.16709608,0.16606063,,,0.0026008764,0.0028420133,0.0038456698,0.0026277057,0.0029672338,,,0.325,0.4,0.35000002,0.45,0.375,,,,0.08927192,0.090956844,0.08367911,0.08980596,,,,1.0,0.825,0.95,0.92499995,,,,0.86249995,0.73749995,0.78749996,0.88750005,,,,0.8182524,0.8153908,0.8315325,0.8177998,,,,0.015170515,0.010458559,-0.0056705177,0.010218635,,,0.08881921,0.09897932,0.09473079,0.088453725,0.09501964,,,0.008902416,0.00972995,0.009046354,0.008893388,0.009283435,,,0.6029511,0.6045996,0.6299391,0.6402639,0.6493034,,,0.15,0.1576389,0.13055556,0.14930557,0.14791667,,,-0.002925064,-0.004420384,-0.0044600605,-0.0040285215,-0.0036698175,,,0.012364589,0.014048132,0.012002841,0.015070997,0.014188327,,,,,0.19368547,0.11218045,0.17903706,,,,,,0.03472133,0.07753137,,,1.241863,1.1351305,1.1087177,1.1236893,1.2680062,,,,,,0.02140084,0.06432431,,,,,-0.19659226,-0.100400984,-0.19253124,,,,0.011129916,0.0042369366,-0.011558771,0.0039791465,,
cache_new/HiMoE-VLA/libero_spatial/pick_up_the_black_bowl_next_to_the_plate_and_place_it_on_the_plate/right-50x8b-20260903,right-50x8b-20260903,libero_spatial,libero_spatial/pick_up_the_black_bowl_next_to_the_plate_and_place_it_on_the_plate,247,30,1015,10,1029d0827030a7521361d1904eeb3e7e7f2792be5c99abdb5701abb7ee87c137,27847,False,94,,False,True,-1,-1,success_no_alarm,0.9955354,0.9953939,0.99725044,0.99658996,0.9937107,,,0.043530457,0.044768192,0.040635608,0.040886484,0.04721788,,,0.15807024,0.15955551,0.15302703,0.15414202,0.16534092,,,0.0028242818,0.0029223291,0.0016996529,0.0020594061,0.0044021364,,,0.3,0.425,0.275,0.35,0.22500001,,,,0.059357077,0.06185734,0.05437473,0.07766482,,,,0.9,0.975,0.95000005,0.975,,,,0.725,0.79999995,0.78125,0.78749996,,,,0.87894624,0.87164307,0.88492167,0.84905565,,,,-0.01040943,0.002709195,-0.014294744,0.0038992018,,,0.10453768,0.116170555,0.10485987,0.09578309,0.12346645,,,0.013098919,0.013655354,0.013385387,0.0122382995,0.014292316,,,0.5124607,0.5170528,0.44402936,0.5109136,0.5379984,,,0.19722222,0.20972222,0.23055555,0.21319444,0.19791666,,,-0.0022052648,-0.0019165574,-0.0005858073,-0.0011761205,-0.00395493,,,0.013044206,0.013128179,0.008173189,0.01162998,0.012094572,,,,,0.22513036,0.106326304,0.45365793,,,,,,-0.07616789,0.07554755,,,0.9949708,0.9932622,0.99318385,0.9944839,0.99331295,,,0.044643022,0.046059724,0.04768784,0.045927748,0.04731051,,,0.16318455,0.16857414,0.1717368,0.16683704,0.17067145,,,0.0026696867,0.0029422275,0.0036690605,0.0023788295,0.003803551,,,0.425,0.45,0.35000002,0.55,0.32500002,,,,0.09055853,0.09685248,0.08841416,0.09379326,,,,0.95000005,0.95,0.975,0.95000005,,,,0.83125,0.82500005,0.88125,0.85,,,,0.81322354,0.80176324,0.82034373,0.8089709,,,,0.016498715,0.024415806,0.0042900443,0.0035915226,,,0.08589153,0.10420682,0.10659722,0.086449854,0.09817939,,,0.008742707,0.009841328,0.009776429,0.008658135,0.009431215,,,0.61044055,0.6199568,0.62259275,0.6570998,0.6467756,,,0.15555555,0.15277778,0.15277779,0.14166668,0.13819444,,,-0.0031280033,-0.0044489675,-0.0045022136,-0.0039783716,-0.0041595898,,,0.011024149,0.012317116,0.011945823,0.014478514,0.011561133,,,,,0.24777111,0.15755525,0.21417832,,,,,,-0.04147679,0.043411516,,,1.2170895,1.1148076,0.98370177,1.1079613,1.2575597,,,,,,-0.039277278,0.046248306,,,,,-0.2610637,-0.17097649,-0.20156583,,,,0.011469603,0.022593737,-0.0065336227,-0.0055363774,,
cache_new/HiMoE-VLA/libero_spatial/pick_up_the_black_bowl_next_to_the_plate_and_place_it_on_the_plate/right-50x8b-20260903,right-50x8b-20260903,libero_spatial,libero_spatial/pick_up_the_black_bowl_next_to_the_plate_and_place_it_on_the_plate,248,31,1008,10,1029d0827030a7521361d1904eeb3e7e7f2792be5c99abdb5701abb7ee87c137,27848,False,93,,False,True,-1,-1,success_no_alarm,0.9958484,0.9968707,0.99706167,0.9968917,0.9947478,,,0.042540554,0.04151801,0.04137503,0.040243164,0.04551717,,,0.15613939,0.15434502,0.15341751,0.15221557,0.1612165,,,0.00241572,0.0014269573,0.001768532,0.0016913117,0.0037592826,,,0.35,0.475,0.375,0.4,0.275,,,,0.046197183,0.06676241,0.052678786,0.06879321,,,,0.85,0.92499995,0.95,1.0,,,,0.60625,0.84375,0.7875,0.8125,,,,0.90352476,0.8624204,0.8883301,0.86021197,,,,-0.024819866,0.0131472945,-0.015084013,-0.0021693707,,,0.10894954,0.10874064,0.10067998,0.09825674,0.117966115,,,0.0134665575,0.013402508,0.01306881,0.012458321,0.014169835,,,0.49534446,0.5042932,0.4862007,0.51028484,0.55258405,,,0.19930556,0.21736111,0.21597221,0.21666667,0.22708333,,,-0.0017083208,-0.00079550577,-0.0008581418,-0.000664713,-0.0030433019,,,0.014421068,0.012150325,0.006383418,0.01060381,0.010683591,,,,,0.37007463,0.13935347,0.39791232,,,,,,-0.056153823,0.06789011,,,0.9956098,0.994684,0.9935783,0.9940896,0.9937499,,,0.044147544,0.044707313,0.04587511,0.044622455,0.04597111,,,0.16210802,0.16318363,0.16864398,0.1661545,0.16598189,,,0.0025963017,0.0020962795,0.0033217417,0.003084079,0.0030724355,,,0.375,0.45,0.475,0.425,0.425,,,,0.079637,0.09910627,0.09063901,0.09770022,,,,1.0,1.0,1.0,1.0,,,,0.7875,0.9,0.88125,0.91875,,,,0.8382327,0.79882205,0.8159282,0.80355436,,,,0.0016404539,0.021907091,0.0001232624,0.02158776,,,0.08906085,0.08743823,0.09141715,0.082504034,0.09405601,,,0.009200495,0.008665372,0.009093715,0.008390424,0.009359479,,,0.5717046,0.61681736,0.6095563,0.64477056,0.6659869,,,0.16666667,0.15069444,0.14097223,0.14652778,0.15277778,,,-0.002780409,-0.003295652,-0.0040875976,-0.003742377,-0.004051,,,0.014930576,0.010523382,0.012972198,0.012142217,0.011922726,,,,,0.2861338,0.19800302,0.27020162,,,,,,-0.038772102,0.070497185,,,1.2233157,1.2436281,1.1013249,1.1909325,1.2542113,,,,,,-0.029649066,0.07964949,,,,,-0.27969283,-0.20289332,-0.26236442,,,,-0.0028787851,0.0167166,-0.0034743547,0.013856351,,
cache_new/HiMoE-VLA/libero_spatial/pick_up_the_black_bowl_next_to_the_plate_and_place_it_on_the_plate/right-50x8b-20260903,right-50x8b-20260903,libero_spatial,libero_spatial/pick_up_the_black_bowl_next_to_the_plate_and_place_it_on_the_plate,249,31,1009,10,1029d0827030a7521361d1904eeb3e7e7f2792be5c99abdb5701abb7ee87c137,27849,False,97,,False,True,-1,-1,success_no_alarm,0.9959502,0.9956348,0.99722534,0.9965814,0.99637127,,,0.041998327,0.044196468,0.040545084,0.041236352,0.041025534,,,0.15491578,0.15889168,0.15201113,0.15504946,0.1544266,,,0.0022746252,0.0027161562,0.0015462273,0.002000571,0.0019071156,,,0.325,0.375,0.375,0.375,0.325,,,,0.055079993,0.063399255,0.06087587,0.058216915,,,,0.79999995,0.92499995,0.975,0.975,,,,0.67499995,0.81875,0.8625,0.825,,,,0.8872159,0.86939335,0.8738277,0.87871414,,,,-0.017043233,0.0075763315,-0.010737926,-0.0042226315,,,0.1043504,0.11011564,0.10191368,0.10530586,0.10575457,,,0.013083367,0.013214547,0.013346253,0.012724824,0.013117254,,,0.50582945,0.51806206,0.47852606,0.52690643,0.48523024,,,0.18333334,0.21597223,0.24166667,0.24097222,0.22013889,,,-0.0014023809,-0.002224458,-0.00059526635,-0.0014453938,-0.0014729626,,,0.014472718,0.011255081,0.0060694255,0.01194976,0.011936743,,,,,0.26391658,0.22577304,0.1831197,,,,,,-0.022600636,0.005824893,,,0.995517,0.9935987,0.9934375,0.9922216,0.9949624,,,0.0442512,0.046175618,0.045970123,0.050757106,0.044064507,,,0.1623136,0.16829649,0.1692832,0.17535853,0.16154698,,,0.0025344738,0.00295762,0.0030471198,0.004777368,0.0016372575,,,0.42499998,0.325,0.45,0.375,0.62500006,,,,0.094740175,0.09854554,0.10123624,0.09842826,,,,0.92499995,0.92499995,0.975,0.975,,,,0.8625,0.87500006,0.91875,0.84999996,,,,0.8096055,0.79898524,0.8006296,0.8084049,,,,0.01947172,0.015917689,-0.00600183,0.0213072,,,0.08641542,0.094086304,0.094753504,0.09179286,0.08500089,,,0.008956507,0.008967889,0.00940804,0.009031531,0.008450754,,,0.5727112,0.63310605,0.6115732,0.6489382,0.6587919,,,0.17569444,0.14791666,0.15555555,0.13125,0.14791667,,,-0.0028302842,-0.004085929,-0.0041927993,-0.0052791624,-0.0032994698,,,0.014949694,0.0118914135,0.0102920765,0.014131336,0.013282516,,,,,0.21306981,0.23714216,0.20715944,,,,,,0.018686863,-0.047778618,,,1.2075438,1.1703684,1.0755664,1.1472119,1.2441584,,,,,,0.015409107,-0.051057175,,,,,-0.19163957,-0.30016473,-0.2553409,,,,0.012534976,0.010264277,-0.01164341,0.021271348,,
cache_new/HiMoE-VLA/libero_spatial/pick_up_the_black_bowl_next_to_the_plate_and_place_it_on_the_plate/right-50x8b-20260903,right-50x8b-20260903,libero_spatial,libero_spatial/pick_up_the_black_bowl_next_to_the_plate_and_place_it_on_the_plate,250,31,1010,10,1029d0827030a7521361d1904eeb3e7e7f2792be5c99abdb5701abb7ee87c137,27850,False,92,,False,True,-1,-1,success_no_alarm,0.9956016,0.99728227,0.9971004,0.99713117,0.9948832,,,0.042810094,0.040787473,0.041144136,0.039736394,0.044901807,,,0.15714966,0.15166225,0.15318125,0.151442,0.16132876,,,0.0026269318,0.0012303983,0.001663227,0.0016861695,0.0035842217,,,0.35000002,0.57500005,0.4,0.275,0.3,,,,0.04502402,0.068373844,0.052136023,0.07097678,,,,0.8,0.975,0.95,0.90000004,,,,0.6125,0.88125,0.74375004,0.86875,,,,0.9073598,0.8597728,0.8913158,0.8582247,,,,-0.025288984,0.016394526,-0.014104739,0.00149557,,,0.11001214,0.104642235,0.102723956,0.09818418,0.11457641,,,0.013249213,0.013036619,0.01297475,0.012763499,0.013721076,,,0.52004397,0.49626374,0.49107316,0.49247354,0.5391081,,,0.20416667,0.22777778,0.21874999,0.225,0.20208333,,,-0.0018739746,-0.0005199895,-0.00068239274,-0.0009676604,-0.0027209893,,,0.013355951,0.010888254,0.007229393,0.00866159,0.010092481,,,,,0.38301808,0.112194784,0.41625786,,,,,,-0.020082757,0.049351476,,,0.9956099,0.99505115,0.99347913,0.99316865,0.9945179,,,0.04449992,0.04388739,0.047364183,0.04763351,0.04396517,,,0.16216986,0.16147786,0.17092177,0.17291623,0.16336973,,,0.0025934982,0.0017737602,0.0033035632,0.0036038102,0.0031209863,,,0.39999998,0.45,0.425,0.42499998,0.325,,,,0.076232225,0.10172956,0.09524155,0.10124437,,,,1.0,0.95000005,0.9,1.0,,,,0.7875,0.89375,0.83124995,0.88750005,,,,0.8456752,0.795913,0.8066954,0.80035496,,,,-0.00031730533,0.022676364,0.0111003965,0.026040629,,,0.08932859,0.08499744,0.09079407,0.08725197,0.09287457,,,0.00911608,0.0085495785,0.009173181,0.008612332,0.009015741,,,0.57177496,0.6155002,0.6121191,0.65803444,0.6574136,,,0.16736111,0.16180556,0.13194445,0.11736111,0.15347223,,,-0.002789163,-0.0030674138,-0.004131952,-0.0046456987,-0.0033358098,,,0.014899639,0.010600087,0.012738703,0.012550829,0.009891094,,,,,0.30510545,0.23897174,0.2992502,,,,,,0.005143066,0.05095526,,,1.2315446,1.2311223,1.131395,1.1252948,1.2336682,,,,,,0.0070765573,0.052853473,,,,,-0.3140154,-0.18582071,-0.29060572,,,,-0.005972445,0.017549515,0.011100471,0.01801157,,
cache_new/HiMoE-VLA/libero_spatial/pick_up_the_black_bowl_next_to_the_plate_and_place_it_on_the_plate/right-50x8b-20260903,right-50x8b-20260903,libero_spatial,libero_spatial/pick_up_the_black_bowl_next_to_the_plate_and_place_it_on_the_plate,251,31,1011,10,1029d0827030a7521361d1904eeb3e7e7f2792be5c99abdb5701abb7ee87c137,27851,False,96,,False,True,-1,-1,success_no_alarm,0.9960095,0.99730754,0.99710786,0.99699974,0.99641794,,,0.04104351,0.040684577,0.04088393,0.04056418,0.04092506,,,0.15410925,0.15126978,0.15308866,0.15243983,0.1534425,,,0.002263928,0.0011742975,0.0018297061,0.0017903738,0.0019369202,,,0.35000002,0.575,0.3,0.275,0.3,,,,0.047483608,0.065387286,0.05364102,0.053818658,,,,0.925,0.95,0.975,0.95000005,,,,0.65,0.82500005,0.79375,0.75625,,,,0.9007997,0.86591434,0.8889787,0.8881891,,,,-0.018588662,0.004888013,-0.0154225975,-0.012433767,,,0.11169725,0.10508687,0.1044746,0.1050429,0.11123318,,,0.0137143275,0.013129019,0.012996652,0.012696333,0.013263298,,,0.48637453,0.48776284,0.48609763,0.49179354,0.49192697,,,0.22222222,0.21805555,0.225,0.22986111,0.22500001,,,-0.0015833583,-0.0004320204,-0.00064918294,-0.0008481325,-0.0013173183,,,0.013666557,0.010789154,0.0095342975,0.009988767,0.010449268,,,,,0.3426188,0.14395799,0.14904645,,,,,,-0.024297267,0.01908396,,,0.9954967,0.9952232,0.9934981,0.9934745,0.9948951,,,0.044418927,0.044715784,0.047048062,0.04596355,0.042421073,,,0.16237739,0.1619644,0.1712054,0.16911435,0.15984838,,,0.0025351103,0.0019258102,0.0032986617,0.0039261575,0.0019871048,,,0.39999998,0.55,0.425,0.275,0.42499998,,,,0.07727485,0.09587921,0.09031912,0.09626304,,,,0.975,1.0,0.925,1.0,,,,0.8,0.8375,0.8625,0.89375,,,,0.84283745,0.8073323,0.8174682,0.8105279,,,,0.006041944,0.013582319,-0.0011731684,0.029071137,,,0.092357844,0.08686981,0.09378782,0.08906558,0.085132614,,,0.009266254,0.008509561,0.00936981,0.0086885905,0.008362964,,,0.56617814,0.62072086,0.61992323,0.6164518,0.6481008,,,0.18472223,0.14444444,0.14930555,0.14583334,0.1423611,,,-0.0027586704,-0.00287297,-0.0040871333,-0.004320583,-0.0030186567,,,0.014238915,0.010409767,0.013320591,0.012999977,0.011871224,,,,,0.24558133,0.18839087,0.2518078,,,,,,0.0069755963,-0.031695344,,,1.2093965,1.2097052,1.1139463,1.1793882,1.3065872,,,,,,0.015198964,-0.022998828,,,,,-0.24437216,-0.16302599,-0.26735783,,,,0.00042819977,0.010037184,-0.0016717911,0.02355671,,
cache_new/HiMoE-VLA/libero_spatial/pick_up_the_black_bowl_next_to_the_plate_and_place_it_on_the_plate/right-50x8b-20260903,right-50x8b-20260903,libero_spatial,libero_spatial/pick_up_the_black_bowl_next_to_the_plate_and_place_it_on_the_plate,252,31,1012,10,1029d0827030a7521361d1904eeb3e7e7f2792be5c99abdb5701abb7ee87c137,27852,False,95,,False,True,-1,-1,success_no_alarm,0.99594325,0.99537134,0.99718976,0.9964512,0.99560934,,,0.042015854,0.04462897,0.04087812,0.042026423,0.042806476,,,0.15507425,0.16085918,0.15279318,0.1557294,0.15767366,,,0.0023131494,0.002870786,0.0017194138,0.0019977847,0.0028236457,,,0.325,0.375,0.275,0.375,0.3,,,,0.056301124,0.061794147,0.061314486,0.06277002,,,,0.7,0.9,1.0,1.0,,,,0.625,0.81875,0.8625,0.775,,,,0.88495183,0.87323207,0.87342554,0.8711946,,,,-0.016311914,0.00353989,-0.008836389,-0.0032906681,,,0.10817686,0.109880574,0.104195856,0.10308406,0.11454479,,,0.01325687,0.013398055,0.01311091,0.0123442905,0.013527924,,,0.52371234,0.5334749,0.4710722,0.5062043,0.5164222,,,0.21180557,0.21944442,0.21805555,0.19861111,0.21805555,,,-0.001192906,-0.0018099282,-0.0009455434,-0.0014365022,-0.0023018674,,,0.01362476,0.011769624,0.0054729674,0.012175236,0.012440929,,,,,0.2310808,0.22817107,0.25000417,,,,,,-0.0499701,0.03967554,,,0.9956783,0.9933444,0.9931291,0.9927766,0.9942766,,,0.04453857,0.046428084,0.04672096,0.047888204,0.044133782,,,0.16203198,0.17005156,0.17012358,0.17155993,0.16443111,,,0.0024400381,0.002916826,0.0033829503,0.0038154866,0.0025329948,,,0.37500003,0.45,0.4,0.3,0.42499998,,,,0.09529546,0.098093785,0.09992637,0.09681837,,,,0.925,1.0,0.95,0.975,,,,0.82500005,0.8875,0.86875,0.85625,,,,0.80626625,0.8012968,0.8040489,0.8113326,,,,0.018123,0.012502387,-0.0028389841,0.009453103,,,0.088618726,0.0936996,0.09680509,0.08954385,0.09067758,,,0.00921631,0.008988356,0.009184988,0.008874403,0.008975174,,,0.57849157,0.64158624,0.6189029,0.6512005,0.6533989,,,0.16597223,0.13680555,0.15069444,0.12777779,0.15902779,,,-0.002453556,-0.0043126885,-0.0043865554,-0.00502738,-0.0038670816,,,0.015078845,0.011063809,0.011877166,0.015039135,0.013697849,,,,,0.2203888,0.23491606,0.20157796,,,,,,0.01408965,0.025405657,,,1.2206998,1.1726899,1.0763469,1.1512132,1.2632096,,,,,,0.013918951,0.025210114,,,,,-0.22996697,-0.27971375,-0.2827624,,,,0.013724625,0.00971818,-0.016064763,0.0071489215,,
cache_new/HiMoE-VLA/libero_spatial/pick_up_the_black_bowl_next_to_the_plate_and_place_it_on_the_plate/right-50x8b-20260903,right-50x8b-20260903,libero_spatial,libero_spatial/pick_up_the_black_bowl_next_to_the_plate_and_place_it_on_the_plate,253,31,1013,10,1029d0827030a7521361d1904eeb3e7e7f2792be5c99abdb5701abb7ee87c137,27853,False,94,,False,True,-1,-1,success_no_alarm,0.9959853,0.9967641,0.9972168,0.99706066,0.9949893,,,0.04201244,0.042020548,0.040419385,0.04009697,0.045031838,,,0.15550712,0.15552795,0.1523087,0.15166214,0.16100115,,,0.0022073286,0.0015056222,0.0016012961,0.0015353063,0.0034330832,,,0.35,0.425,0.32500002,0.32500002,0.3,,,,0.049166743,0.06601105,0.050985515,0.06579781,,,,0.775,0.9,0.9,0.9,,,,0.60625005,0.82500005,0.75,0.8125,,,,0.89673704,0.86633044,0.89223766,0.867811,,,,-0.01961954,0.009217888,-0.021806106,-0.00936079,,,0.10510321,0.108269334,0.09909663,0.1012052,0.118251696,,,0.013277335,0.013595227,0.012889286,0.013123296,0.014379017,,,0.49370545,0.48146027,0.47629428,0.49783853,0.52678615,,,0.22222221,0.23611112,0.20833334,0.23194444,0.21805556,,,-0.0018223281,-0.0012961645,-0.0007923241,-0.0006554087,-0.0029716883,,,0.013240318,0.01280789,0.0068471124,0.007789558,0.012252666,,,,,0.33079585,0.07311456,0.3214523,,,,,,0.013428592,0.10022892,,,0.9955164,0.99355435,0.9934127,0.9938308,0.99446785,,,0.04442253,0.046595454,0.046785824,0.04592512,0.04504621,,,0.1626382,0.16891578,0.17023268,0.16816908,0.16373307,,,0.00239049,0.0024656465,0.0030672243,0.0028317461,0.0026395554,,,0.47499996,0.525,0.42499998,0.375,0.4,,,,0.09104066,0.09929655,0.092733845,0.09365295,,,,0.95,0.975,0.975,1.0,,,,0.84375,0.8625,0.85,0.875,,,,0.81622463,0.7978707,0.8127775,0.8103622,,,,0.009303048,0.016645044,0.0012909323,0.017650008,,,0.0873831,0.09162788,0.094488524,0.083980344,0.094974816,,,0.009211123,0.009074446,0.00911285,0.008456671,0.009759299,,,0.57687217,0.6229298,0.6278631,0.6551108,0.63559484,,,0.1625,0.14166667,0.14583334,0.14375,0.14722222,,,-0.0029036864,-0.004149305,-0.004193797,-0.003975465,-0.003461856,,,0.014911169,0.01200394,0.012881866,0.01200636,0.011842428,,,,,0.23249516,0.16928506,0.17417112,,,,,,-0.036778428,0.105621934,,,1.2027864,1.18162,1.048769,1.2051058,1.2450848,,,,,,-0.036831763,0.1064333,,,,,-0.2380678,-0.21311194,-0.2189967,,,,0.0049111247,0.013271034,-0.010375917,0.0111887455,,
cache_new/HiMoE-VLA/libero_spatial/pick_up_the_black_bowl_next_to_the_plate_and_place_it_on_the_plate/right-50x8b-20260903,right-50x8b-20260903,libero_spatial,libero_spatial/pick_up_the_black_bowl_next_to_the_plate_and_place_it_on_the_plate,254,31,1014,10,1029d0827030a7521361d1904eeb3e7e7f2792be5c99abdb5701abb7ee87c137,27854,False,93,,False,True,-1,-1,success_no_alarm,0.9958233,0.9972131,0.9968944,0.9970007,0.99562806,,,0.042473327,0.040813714,0.041964047,0.039713867,0.04301063,,,0.15623239,0.15155746,0.15453449,0.15163505,0.15832767,,,0.0023438828,0.0012704703,0.0019670688,0.0016487633,0.0026627386,,,0.375,0.55,0.35000002,0.275,0.35000002,,,,0.044109702,0.064379975,0.052431285,0.064252906,,,,0.825,0.975,0.975,1.0,,,,0.58750004,0.84374994,0.79375005,0.83125,,,,0.90759325,0.86892205,0.8892152,0.8699611,,,,-0.026196837,0.0023183525,-0.015073329,-0.0027897358,,,0.10854863,0.10529649,0.10579501,0.101227425,0.1161342,,,0.013322622,0.013142659,0.013090167,0.012749965,0.014137829,,,0.50939745,0.4869802,0.49661952,0.48658067,0.51332843,,,0.2013889,0.22708333,0.20625,0.22430554,0.22777778,,,-0.0015595215,-0.0007256464,-0.0005403867,-0.0010771445,-0.0023074741,,,0.013854741,0.010011596,0.009070454,0.009875667,0.011624146,,,,,0.35393503,0.15173203,0.34619457,,,,,,-0.032527495,0.068268456,,,0.99562097,0.99500084,0.99318385,0.99420667,0.9944812,,,0.04437923,0.04483896,0.04853281,0.044652797,0.044777133,,,0.16213238,0.16236201,0.17267868,0.16524598,0.16338126,,,0.0025473726,0.0020508072,0.0036817528,0.0032924186,0.0028474308,,,0.40000004,0.55,0.45,0.325,0.35000002,,,,0.07928915,0.09967228,0.08730593,0.09532844,,,,1.0,0.975,1.0,0.95,,,,0.825,0.84375,0.85625,0.9125,,,,0.83935976,0.7972665,0.8208986,0.8053331,,,,0.005395964,0.020834237,-0.0006404817,0.022064194,,,0.08811433,0.086770505,0.09084927,0.08441923,0.09364091,,,0.0090806205,0.008620344,0.008907882,0.0085109025,0.009365559,,,0.58473074,0.6161087,0.62442625,0.6157229,0.6453674,,,0.16736111,0.15763889,0.1375,0.15347221,0.16875002,,,-0.0027071615,-0.0031695198,-0.004331641,-0.0037255054,-0.0033555706,,,0.014798809,0.010509617,0.012973364,0.011379914,0.012741899,,,,,0.26964736,0.13901016,0.22670871,,,,,,-0.013190723,0.08254163,,,1.2319067,1.2135056,1.1645113,1.199104,1.2402079,,,,,,-0.009334604,0.08635642,,,,,-0.27685264,-0.11102865,-0.25252646,,,,-0.0011636019,0.015314698,-0.0012806058,0.017877042,,
cache_new/HiMoE-VLA/libero_spatial/pick_up_the_black_bowl_next_to_the_plate_and_place_it_on_the_plate/right-50x8b-20260903,right-50x8b-20260903,libero_spatial,libero_spatial/pick_up_the_black_bowl_next_to_the_plate_and_place_it_on_the_plate,255,31,1015,10,1029d0827030a7521361d1904eeb3e7e7f2792be5c99abdb5701abb7ee87c137,27855,False,94,,False,True,-1,-1,success_no_alarm,0.99586993,0.9967381,0.99702203,0.99681944,0.9958055,,,0.042349067,0.041452568,0.041733317,0.0404078,0.0424751,,,0.15574569,0.15441813,0.15457289,0.15227517,0.15704705,,,0.0023670834,0.0016087258,0.0019297313,0.00176879,0.002674846,,,0.35,0.42499998,0.32500002,0.25,0.35000002,,,,0.04809633,0.06599695,0.05305471,0.06040604,,,,0.875,0.975,0.875,0.975,,,,0.61875,0.85,0.71875,0.775,,,,0.90108466,0.864993,0.8886293,0.87706846,,,,-0.025712267,0.0055899173,-0.013479233,-0.0076278,,,0.10375292,0.110828996,0.11160213,0.10040852,0.115446806,,,0.013169389,0.013389752,0.0138890995,0.012758242,0.014198506,,,0.49178657,0.50230837,0.45417795,0.50368106,0.4902572,,,0.19513889,0.22083332,0.22430557,0.22430556,0.22569443,,,-0.0019360947,-0.000596539,-0.0008484076,-0.00076482404,-0.002163043,,,0.014211606,0.01098525,0.0077747563,0.009039884,0.009748641,,,,,0.3458803,0.12954824,0.25108325,,,,,,-0.046289746,0.059891827,,,0.9956761,0.9943609,0.99283683,0.99395645,0.9938531,,,0.04379842,0.04452397,0.048232377,0.0442363,0.04632995,,,0.16106623,0.16478968,0.17375383,0.165308,0.16845818,,,0.0025783465,0.0025468566,0.0038747003,0.0033050422,0.0032674985,,,0.425,0.5,0.4,0.275,0.475,,,,0.083968624,0.09886227,0.08912964,0.0996216,,,,0.975,0.975,1.0,0.975,,,,0.78749996,0.83124995,0.85625005,0.8562499,,,,0.82896674,0.79988575,0.8184144,0.79942834,,,,0.0061985403,0.017034128,-0.007164404,0.015031144,,,0.0857293,0.090627365,0.10077102,0.08506482,0.092711374,,,0.008997128,0.00887999,0.009594758,0.008447875,0.009274829,,,0.56875086,0.6144596,0.60204786,0.6497991,0.61596376,,,0.1701389,0.15347221,0.14444444,0.14930555,0.16111112,,,-0.0026588347,-0.0033820218,-0.0047004577,-0.0038385324,-0.003668046,,,0.014588043,0.010520227,0.01294138,0.011455483,0.012189281,,,,,0.26838952,0.16800056,0.27829212,,,,,,-0.02982534,0.063502036,,,1.2102387,1.2229087,1.1074824,1.1803765,1.245228,,,,,,-0.029670004,0.063719265,,,,,-0.2519454,-0.16065028,-0.31036937,,,,0.0027831793,0.01110214,-0.012076199,0.011779308,,
cache_new/HiMoE-VLA/libero_spatial/pick_up_the_black_bowl_next_to_the_plate_and_place_it_on_the_plate/right-50x8b-20260903,right-50x8b-20260903,libero_spatial,libero_spatial/pick_up_the_black_bowl_next_to_the_plate_and_place_it_on_the_plate,256,32,1008,10,1029d0827030a7521361d1904eeb3e7e7f2792be5c99abdb5701abb7ee87c137,27856,False,96,,False,True,-1,-1,success_no_alarm,0.99602425,0.99639,0.99636567,0.99735165,0.99628776,,,0.042723272,0.04273637,0.041905917,0.040884513,0.041073482,,,0.15645048,0.15721853,0.15537384,0.15132275,0.15543008,,,0.0022435482,0.0017242121,0.001999023,0.0015149091,0.0023992956,,,0.4,0.4,0.45000002,0.35000002,0.325,,,,0.05318745,0.07468763,0.05083064,0.056959644,,,,0.825,0.975,0.84999996,0.9,,,,0.6625,0.86875,0.72499996,0.75624996,,,,0.8900402,0.8490355,0.89358556,0.8797675,,,,-0.01436846,0.017737493,-0.020568877,-0.011948466,,,0.10999438,0.110413745,0.10902109,0.10176861,0.111645386,,,0.013566008,0.013619712,0.013517001,0.012789933,0.013818817,,,0.48923463,0.5063172,0.5104811,0.4944144,0.4926665,,,0.19652778,0.22152779,0.23680556,0.19861111,0.21875,,,-0.0015056222,-0.0011848572,-0.0015292526,-0.00020596643,-0.0013787162,,,0.014917962,0.014213618,0.007619338,0.009707873,0.009709196,,,,,0.51961327,0.13191599,0.2390323,,,,,,-0.045559503,0.028735384,,,0.99531513,0.99451256,0.9930496,0.9932806,0.9944483,,,0.042535663,0.044996686,0.04897369,0.047358625,0.045341246,,,0.16025487,0.16439314,0.17455927,0.17024425,0.16561916,,,0.0022068985,0.0023519485,0.0037474502,0.0033953674,0.0030750155,,,0.375,0.42499998,0.32500002,0.475,0.47500002,,,,0.08156939,0.09818624,0.09080841,0.09263222,,,,0.975,0.9,1.0,1.0,,,,0.85,0.76250005,0.79999995,0.85,,,,0.8307467,0.8057488,0.8171177,0.8114641,,,,0.01626058,0.0126169175,-0.0074397773,0.012777284,,,0.08926127,0.092422746,0.10663283,0.09226273,0.09517796,,,0.009245265,0.009255813,0.010445435,0.00884572,0.00955494,,,0.56452197,0.6197164,0.5860231,0.64573073,0.61220205,,,0.15625,0.15347223,0.13611111,0.16666667,0.15972222,,,-0.0028094915,-0.003615574,-0.0040337844,-0.0043932796,-0.0036784508,,,0.013921268,0.012747912,0.014145889,0.010985161,0.011226753,,,,,0.3344274,0.25966784,0.2761125,,,,,,-0.06044075,0.016399259,,,1.2322744,1.1946598,1.022397,1.1030306,1.1730171,,,,,,-0.05987678,0.017247804,,,,,-0.34780735,-0.25806922,-0.2910298,,,,0.014110327,0.008971393,-0.0125027895,0.0020273328,,
cache_new/HiMoE-VLA/libero_spatial/pick_up_the_black_bowl_next_to_the_plate_and_place_it_on_the_plate/right-50x8b-20260903,right-50x8b-20260903,libero_spatial,libero_spatial/pick_up_the_black_bowl_next_to_the_plate_and_place_it_on_the_plate,257,32,1009,10,1029d0827030a7521361d1904eeb3e7e7f2792be5c99abdb5701abb7ee87c137,27857,False,95,,False,True,-1,-1,success_no_alarm,0.9959488,0.9952613,0.9966116,0.99721,0.9953885,,,0.04249153,0.04489824,0.041937046,0.040190525,0.04374876,,,0.15622044,0.16043498,0.15442704,0.15150549,0.15932268,,,0.0022126427,0.003002559,0.0016495028,0.0015523499,0.0031132987,,,0.4,0.35000002,0.525,0.35000002,0.40000004,,,,0.060917664,0.07180312,0.05261198,0.062494405,,,,0.775,0.975,0.92499995,0.975,,,,0.63125,0.81874996,0.76875,0.83750004,,,,0.87860644,0.8562311,0.89009976,0.8707839,,,,-0.009991065,0.0101355165,-0.023249611,-0.008583859,,,0.10584001,0.11088813,0.10656949,0.10472573,0.11294544,,,0.013174389,0.013447074,0.013180834,0.012846198,0.014185263,,,0.50553024,0.5245179,0.52277106,0.49780303,0.50804394,,,0.19513889,0.21805555,0.22152777,0.22013888,0.22152779,,,-0.0014146261,-0.002542987,-0.001108669,-0.0005849646,-0.0023643658,,,0.014812424,0.013182063,0.009006033,0.008130128,0.010058967,,,,,0.42320555,0.11326515,0.28229815,,,,,,-0.027671102,0.066734165,,,0.9951919,0.9942883,0.99349284,0.9938864,0.9940601,,,0.042390585,0.045431875,0.04747397,0.0465922,0.046707142,,,0.16056046,0.16615486,0.17074713,0.1680254,0.16888498,,,0.0022788562,0.0027861188,0.003436334,0.0030469305,0.0035403664,,,0.3,0.45,0.47500002,0.45000002,0.39999998,,,,0.08454433,0.09725037,0.087983504,0.092866585,,,,0.975,0.9,1.0,0.95,,,,0.85,0.75,0.78125,0.84375,,,,0.8257518,0.8047528,0.82247484,0.81326616,,,,0.018285066,0.01760298,-0.010276437,0.0042339116,,,0.087121636,0.09528887,0.10445964,0.08660185,0.09279806,,,0.008983816,0.009200361,0.01055941,0.0085486295,0.009333061,,,0.5725497,0.62795764,0.5717328,0.6381001,0.64559513,,,0.15416667,0.15347223,0.14027779,0.13194445,0.13611111,,,-0.0029163097,-0.0037144641,-0.0036120312,-0.0040063187,-0.0038114795,,,0.01326647,0.013640337,0.015190106,0.00955681,0.010216103,,,,,0.29357612,0.1950844,0.24637435,,,,,,-0.07384308,0.0141372215,,,1.2148534,1.1637049,1.0201977,1.2092782,1.2171099,,,,,,-0.073330395,0.014461704,,,,,-0.26753104,-0.18852594,-0.26098427,,,,0.017908096,0.010510623,-0.015051901,-0.0007583499,,
cache_new/HiMoE-VLA/libero_spatial/pick_up_the_black_bowl_next_to_the_plate_and_place_it_on_the_plate/right-50x8b-20260903,right-50x8b-20260903,libero_spatial,libero_spatial/pick_up_the_black_bowl_next_to_the_plate_and_place_it_on_the_plate,258,32,1010,10,1029d0827030a7521361d1904eeb3e7e7f2792be5c99abdb5701abb7ee87c137,27858,False,96,,False,True,-1,-1,success_no_alarm,0.9957769,0.99666053,0.9967854,0.99716496,0.9962964,,,0.042904664,0.041912805,0.04148744,0.04033914,0.04070788,,,0.15748215,0.15542811,0.15414387,0.1520021,0.15446979,,,0.002438353,0.0015077031,0.0016001437,0.0015276703,0.0022210185,,,0.4,0.47500002,0.425,0.35000002,0.3,,,,0.05505122,0.07173506,0.053181447,0.057259195,,,,0.875,0.975,0.925,0.9,,,,0.675,0.81875,0.75,0.80625,,,,0.88628834,0.8555259,0.88789725,0.879526,,,,-0.009837136,0.013629407,-0.014824286,-0.006081268,,,0.111560255,0.108446434,0.10835372,0.10050151,0.108169675,,,0.013545387,0.0135850515,0.013547754,0.0129606845,0.013611076,,,0.51210874,0.4989115,0.4852166,0.48080674,0.4889834,,,0.20694444,0.23055556,0.22708333,0.21944445,0.21805555,,,-0.0017113134,-0.0009581669,-0.0009455434,-0.00080505083,-0.0013289272,,,0.013905152,0.014588721,0.007831814,0.008545694,0.009483142,,,,,0.40827537,0.10428214,0.17912902,,,,,,-0.025161233,0.022933636,,,0.9953015,0.9946145,0.9935169,0.9944033,0.9946669,,,0.042716138,0.044441592,0.047553174,0.045829944,0.04443515,,,0.1610766,0.16388759,0.17089821,0.16561797,0.16560763,,,0.0022701023,0.002193054,0.003473585,0.0028775963,0.0028975464,,,0.275,0.375,0.39999998,0.4,0.425,,,,0.083807826,0.09798322,0.08391688,0.08763942,,,,0.975,0.90000004,0.975,0.95,,,,0.85,0.82500005,0.78749996,0.83124995,,,,0.8261205,0.8018369,0.83095425,0.82123315,,,,0.022573471,0.025425166,-0.010044485,0.0019757748,,,0.089797825,0.0923999,0.10566577,0.08650016,0.090765744,,,0.009305822,0.00925784,0.010232719,0.008627947,0.008994515,,,0.559565,0.6086929,0.5907657,0.6299158,0.6225293,,,0.15763889,0.15694445,0.14930557,0.16180556,0.1326389,,,-0.0029220197,-0.0034537038,-0.003878312,-0.0037526786,-0.0032418042,,,0.013711852,0.014107163,0.014805041,0.011625123,0.010072769,,,,,0.29580498,0.14225087,0.18570086,,,,,,-0.043002415,-0.001538889,,,1.2423491,1.173664,1.0254382,1.161865,1.1917456,,,,,,-0.042759802,-0.0011514495,,,,,-0.33845657,-0.124394394,-0.2005384,,,,0.021535218,0.01645261,-0.011781871,-0.00035756826,,
cache_new/HiMoE-VLA/libero_spatial/pick_up_the_black_bowl_next_to_the_plate_and_place_it_on_the_plate/right-50x8b-20260903,right-50x8b-20260903,libero_spatial,libero_spatial/pick_up_the_black_bowl_next_to_the_plate_and_place_it_on_the_plate,259,32,1011,10,1029d0827030a7521361d1904eeb3e7e7f2792be5c99abdb5701abb7ee87c137,27859,False,96,,False,True,-1,-1,success_no_alarm,0.9960016,0.99648887,0.99661064,0.9972778,0.99557257,,,0.04162022,0.04218923,0.041342936,0.039823897,0.042903885,,,0.1551229,0.15680027,0.15478522,0.15087044,0.15772614,,,0.0022143456,0.0016718262,0.0016441885,0.0015482738,0.0028840115,,,0.3,0.375,0.5,0.375,0.3,,,,0.051121783,0.07450635,0.048250336,0.05655493,,,,0.77500004,1.0,0.92499995,0.9,,,,0.61875004,0.8625,0.69375,0.79375,,,,0.8934903,0.8491422,0.8989711,0.88471675,,,,-0.017195567,0.01987277,-0.030597433,-0.014818817,,,0.11236139,0.11206352,0.114178315,0.10456167,0.111139834,,,0.013740157,0.013681043,0.013683924,0.012900304,0.013423117,,,0.48633632,0.491685,0.50683624,0.48106527,0.51219034,,,0.22638889,0.22361112,0.21944444,0.21527776,0.21805555,,,-0.0016709146,-0.0010408735,-0.00089064654,-0.000644505,-0.0022931995,,,0.014969043,0.0133614205,0.0085266195,0.0086706,0.010439909,,,,,0.49696463,0.055671923,0.21320254,,,,,,-0.035640173,0.0032825726,,,0.99522865,0.99375176,0.9931747,0.9936535,0.99428856,,,0.04278251,0.046311904,0.048907284,0.046418183,0.044764202,,,0.16135988,0.16850337,0.174043,0.167466,0.1640253,,,0.0021993313,0.0028543102,0.0034971468,0.0031596995,0.0025706764,,,0.3,0.375,0.45,0.375,0.325,,,,0.08630055,0.09849774,0.084377706,0.0930429,,,,0.975,0.9,0.975,0.925,,,,0.84375,0.8125,0.83125,0.84999996,,,,0.8242178,0.8071795,0.82787967,0.81572396,,,,0.015861452,0.011865824,-0.014653966,0.009957895,,,0.09248154,0.09834368,0.11309384,0.09048894,0.086754136,,,0.009440777,0.009519468,0.010641895,0.0086521,0.008682124,,,0.55664694,0.62235177,0.5762566,0.62637055,0.6502849,,,0.14861111,0.15972222,0.14375001,0.14513889,0.15694444,,,-0.0028710612,-0.0042120786,-0.0035411057,-0.0042603025,-0.0036584148,,,0.012860242,0.014032692,0.013408478,0.0125762485,0.012407768,,,,,0.30891007,0.15588851,0.25510862,,,,,,-0.041842375,-0.03790751,,,1.2149602,1.1395091,1.0095892,1.1555188,1.2810898,,,,,,-0.03989231,-0.036428206,,,,,-0.3097152,-0.11587943,-0.25687826,,,,0.013293803,0.0044524074,-0.01692319,0.009957969,,
cache_new/HiMoE-VLA/libero_spatial/pick_up_the_black_bowl_next_to_the_plate_and_place_it_on_the_plate/right-50x8b-20260903,right-50x8b-20260903,libero_spatial,libero_spatial/pick_up_the_black_bowl_next_to_the_plate_and_place_it_on_the_plate,260,32,1012,13,1029d0827030a7521361d1904eeb3e7e7f2792be5c99abdb5701abb7ee87c137,27860,False,121,,False,True,10,-1,success_no_alarm,0.996062,0.99510247,0.9964741,0.99728703,0.9953637,0.994468,0.99604213,0.04212233,0.045522284,0.04206451,0.03984037,0.043674994,0.04590559,0.042157304,0.15514694,0.16200943,0.15551242,0.1509921,0.15930387,0.16298479,0.15716371,0.0021910933,0.0030167133,0.0017785414,0.0014768322,0.003078352,0.0035352237,0.0021493705,0.375,0.325,0.47500002,0.42499998,0.40000004,0.45,0.3,,0.060309388,0.07353642,0.0464533,0.060086608,0.08053311,0.064853474,,0.70000005,1.0,0.875,0.975,0.975,0.975,,0.61875,0.81874996,0.76250005,0.725,0.80625,0.8,,0.879901,0.8501776,0.9022818,0.876048,0.84701526,0.8663981,,-0.012770325,0.015632808,-0.0370664,-0.007896289,0.014514893,0.009465262,0.11012271,0.11022649,0.11294501,0.10435508,0.11675486,0.11623959,0.11816255,0.013678866,0.013384185,0.013789113,0.013019057,0.013956299,0.013803446,0.014463689,0.5155492,0.53902614,0.49854523,0.484805,0.52372307,0.53139365,0.4972724,0.19722222,0.22013888,0.22708333,0.23055555,0.21388888,0.21249999,0.23541667,-0.0010449837,-0.0019787806,-0.0015556691,-0.0004491671,-0.0024910313,-0.0031565523,-0.0016524266,0.015002697,0.012060531,0.00713224,0.008135585,0.010348123,0.012982675,0.01356895,,,0.45442212,-0.011885626,0.2455832,0.5275316,0.32634428,,,,-0.014192119,0.053597875,0.043785583,0.091335766,0.9953654,0.9939201,0.99303615,0.99401367,0.99396557,0.99348253,0.99230695,0.04278419,0.04561717,0.048313793,0.04484753,0.04607629,0.048305847,0.047505535,0.16106443,0.168107,0.17401761,0.16537124,0.16872354,0.17185861,0.17268208,0.002157144,0.002901674,0.0037448362,0.0028494946,0.0032137022,0.0032611866,0.0034732413,0.35000002,0.325,0.325,0.39999998,0.45,0.42499998,0.35000002,,0.086782545,0.100048326,0.0828035,0.09463131,0.10292729,0.09706607,,0.95,0.85,1.0,0.95,0.95,0.975,,0.8375,0.80625004,0.86249995,0.88124996,0.85,0.8375,,0.8222203,0.8013897,0.82823026,0.80800366,0.7957809,0.8055132,,0.021907493,0.016939834,-0.01114893,0.009546787,0.011385277,0.0019803345,0.08972896,0.09505628,0.110519096,0.08944639,0.09336747,0.100939065,0.116297916,0.009292794,0.009202216,0.010526491,0.008762133,0.009217691,0.009457102,0.011322282,0.56666034,0.6434283,0.56975573,0.6212796,0.633009,0.6152098,0.58397806,0.16597222,0.1375,0.13958335,0.15694445,0.14027779,0.14097223,0.14652778,-0.0025974195,-0.004050484,-0.0037812279,-0.0037798346,-0.0035757602,-0.004038703,-0.0034516747,0.013354757,0.011455596,0.0135247195,0.010715164,0.012285833,0.011358871,0.015181351,,,0.31898543,0.13180953,0.26620257,0.34122252,0.29116097,,,,-0.0048720613,0.046048455,0.07213738,0.25192067,1.2272817,1.1595919,1.0219502,1.1666775,1.2504876,1.1515818,1.0160333,,,,-0.0037857937,0.046899382,0.072540805,0.25254744,,,-0.274114,-0.11096876,-0.2614692,-0.39381355,-0.31679338,,0.016756058,0.008203387,-0.01114893,0.009546757,0.010500371,-0.0021464825
cache_new/HiMoE-VLA/libero_spatial/pick_up_the_black_bowl_next_to_the_plate_and_place_it_on_the_plate/right-50x8b-20260903,right-50x8b-20260903,libero_spatial,libero_spatial/pick_up_the_black_bowl_next_to_the_plate_and_place_it_on_the_plate,261,32,1013,10,1029d0827030a7521361d1904eeb3e7e7f2792be5c99abdb5701abb7ee87c137,27861,False,94,,False,True,-1,-1,success_no_alarm,0.9960041,0.9963967,0.996822,0.9974035,0.9954142,,,0.04221027,0.04294251,0.041271944,0.039828494,0.043797255,,,0.15627545,0.15725234,0.15372537,0.15057597,0.15885383,,,0.0021955133,0.0017488572,0.0015802626,0.0014804439,0.00317179,,,0.375,0.375,0.39999998,0.25,0.275,,,,0.05331277,0.0716943,0.049934033,0.06034594,,,,0.75,0.92499995,0.95000005,0.95,,,,0.6750001,0.81874996,0.75625,0.79375005,,,,0.8886608,0.8563648,0.89629996,0.8757513,,,,-0.01276648,0.0139308125,-0.021875724,-0.008356631,,,0.10722915,0.10980279,0.10802979,0.101221904,0.11427905,,,0.013526117,0.01385188,0.013453562,0.012997522,0.013988159,,,0.48771864,0.4799622,0.4925001,0.4897121,0.5019327,,,0.20208335,0.22222221,0.21805555,0.22569443,0.21805556,,,-0.0018477472,-0.0015776828,-0.0011302528,-0.0003180647,-0.0024192971,,,0.014069544,0.013969803,0.008696581,0.007836875,0.010354482,,,,,0.43985182,0.07624911,0.260667,,,,,,-0.028076034,0.042720735,,,0.9952257,0.994354,0.9935564,0.99424356,0.9946368,,,0.04255186,0.045183226,0.047710255,0.044929214,0.045431737,,,0.16152832,0.16516955,0.1709564,0.16567586,0.16622114,,,0.002227399,0.0025714329,0.0031960222,0.002803816,0.0031467665,,,0.275,0.375,0.4,0.425,0.4,,,,0.0852638,0.097386,0.08526854,0.09060349,,,,0.875,0.925,0.95,0.975,,,,0.875,0.75,0.78125,0.9,,,,0.8231516,0.80605036,0.8266376,0.81353253,,,,0.02241069,0.018301696,-0.009736255,0.00792861,,,0.08772044,0.09302375,0.10798092,0.08579205,0.08819005,,,0.009205191,0.009495348,0.010364924,0.0086509315,0.008921528,,,0.55799854,0.6100271,0.59660196,0.63329715,0.6367017,,,0.15277778,0.13055556,0.14791666,0.14444445,0.14097223,,,-0.0030286317,-0.0037816234,-0.0038235527,-0.0037840656,-0.0033287585,,,0.013562451,0.014740083,0.015147856,0.011797559,0.011540104,,,,,0.28716666,0.15373401,0.21673328,,,,,,-0.060739778,-0.029405123,,,1.2223964,1.1803738,1.0004525,1.1798518,1.295827,,,,,,-0.06856808,-0.03776785,,,,,-0.31071717,-0.16435531,-0.23068218,,,,0.022410631,0.008924365,-0.014119267,0.004248917,,
cache_new/HiMoE-VLA/libero_spatial/pick_up_the_black_bowl_next_to_the_plate_and_place_it_on_the_plate/right-50x8b-20260903,right-50x8b-20260903,libero_spatial,libero_spatial/pick_up_the_black_bowl_next_to_the_plate_and_place_it_on_the_plate,262,32,1014,10,1029d0827030a7521361d1904eeb3e7e7f2792be5c99abdb5701abb7ee87c137,27862,False,93,,False,True,-1,-1,success_no_alarm,0.9959227,0.99524236,0.9966512,0.99736875,0.995755,,,0.042669453,0.045231596,0.041978717,0.03931876,0.04279969,,,0.15685652,0.16080813,0.15532266,0.14982861,0.15738006,,,0.0022889688,0.0029517037,0.0016788086,0.0015223217,0.0027388236,,,0.35000002,0.37500003,0.55,0.275,0.3,,,,0.060238805,0.07161664,0.0538608,0.059224524,,,,0.775,1.0,1.0,0.95000005,,,,0.675,0.88750005,0.84375,0.8,,,,0.8792938,0.85460806,0.8878138,0.87973297,,,,-0.012877256,0.010701045,-0.022020832,-0.015452474,,,0.10720774,0.11141382,0.10850798,0.09931769,0.11435294,,,0.013146162,0.01356164,0.013285659,0.0127519015,0.013853598,,,0.5153153,0.52528566,0.50934565,0.4872683,0.510288,,,0.18541667,0.22013889,0.21041666,0.24236111,0.21458332,,,-0.0015004626,-0.0024748647,-0.0006823584,-0.0008474273,-0.0021835433,,,0.013565497,0.013667123,0.009567659,0.00886271,0.011568946,,,,,0.41313785,0.12655436,0.21615109,,,,,,-0.037052277,0.04352861,,,0.99537873,0.99379665,0.9936219,0.9933144,0.9941049,,,0.042699687,0.045644872,0.047896266,0.048075423,0.045273345,,,0.16050583,0.16829117,0.169801,0.172418,0.16576189,,,0.0021863638,0.0031163257,0.0033625187,0.0034410632,0.002780839,,,0.3,0.3,0.45,0.35,0.32500002,,,,0.0883915,0.09937458,0.09390261,0.102756,,,,0.92499995,0.92499995,0.95,1.0,,,,0.875,0.80625,0.90625,0.9125,,,,0.81928146,0.79986703,0.81019634,0.79862165,,,,0.020013124,0.020561978,-0.005302325,0.018880919,,,0.087032124,0.09625089,0.10509245,0.08764338,0.08852735,,,0.009017894,0.009467782,0.010065821,0.008613264,0.008808168,,,0.57103163,0.63180095,0.60304844,0.65485877,0.6606114,,,0.15,0.15,0.13333333,0.13541666,0.14930555,,,-0.0027159157,-0.004193126,-0.0035756398,-0.004717433,-0.0038636932,,,0.013796452,0.013587352,0.0146915335,0.013054502,0.011570386,,,,,0.3002664,0.240185,0.33457544,,,,,,-0.050171323,-0.027527219,,,1.231818,1.1575354,1.0325003,1.1332024,1.2917244,,,,,,-0.05092414,-0.028548066,,,,,-0.32483223,-0.20331424,-0.34699905,,,,0.018109798,0.017315328,-0.0053023696,0.01883924,,
cache_new/HiMoE-VLA/libero_spatial/pick_up_the_black_bowl_next_to_the_plate_and_place_it_on_the_plate/right-50x8b-20260903,right-50x8b-20260903,libero_spatial,libero_spatial/pick_up_the_black_bowl_next_to_the_plate_and_place_it_on_the_plate,263,32,1015,9,1029d0827030a7521361d1904eeb3e7e7f2792be5c99abdb5701abb7ee87c137,27863,False,90,,False,True,-1,-1,success_no_alarm,0.9959368,0.99533385,0.99706143,0.9971988,,,,0.04275652,0.045278925,0.04141337,0.039514605,,,,0.15662946,0.16056007,0.15348993,0.1505136,,,,0.0022762592,0.002952409,0.0016359163,0.0016659959,,,,0.35,0.375,0.35,0.375,,,,,0.0576609,0.06661327,0.052442323,,,,,0.72499996,1.0,0.975,,,,,0.625,0.80625004,0.775,,,,,0.8839229,0.8649779,0.89058304,,,,,-0.014862299,0.0063385516,-0.018380195,,,,0.10369872,0.11468983,0.109954506,0.09711332,,,,0.013101966,0.013562455,0.0138222445,0.012564943,,,,0.4963414,0.51565653,0.45173392,0.51338744,,,,0.19444445,0.20625,0.23472223,0.20833333,,,,-0.0019216138,-0.0018490887,-0.0007190595,-0.00041587124,,,,0.014010406,0.012657544,0.0075821467,0.008826687,,,,,,0.36203247,0.122540005,,,,,,,-0.06952588,,,,0.99525845,0.9935348,0.9935465,0.9933607,,,,0.042407617,0.046892535,0.04745335,0.046762325,,,,0.16064236,0.16943574,0.17028198,0.17112282,,,,0.0022602133,0.0031582895,0.0034040352,0.0031920325,,,,0.35000002,0.325,0.40000004,0.35,,,,,0.08894889,0.09938516,0.10207883,,,,,0.92499995,0.975,1.0,,,,,0.8937501,0.84999996,0.88125,,,,,0.819484,0.7978633,0.79353327,,,,,0.021547854,0.021375924,0.012780741,,,,0.08567421,0.09842127,0.10138485,0.08726916,,,,0.00899449,0.009354508,0.009909116,0.008676056,,,,0.56671906,0.6422272,0.5940648,0.6696909,,,,0.15555555,0.16805555,0.15625,0.15069444,,,,-0.0028412396,-0.0043057576,-0.0039177993,-0.0046788566,,,,0.013522316,0.01205954,0.012393337,0.013059487,,,,,,0.30707005,0.3308596,,,,,,,-0.080205984,,,,1.2103844,1.1652951,1.0845261,1.1128023,,,,,,,-0.08575647,,,,,,-0.31891418,-0.33659583,,,,,0.017525017,0.01785928,0.011389673,,,
cache_new/HiMoE-VLA/libero_spatial/pick_up_the_black_bowl_next_to_the_plate_and_place_it_on_the_plate/right-50x8b-20260903,right-50x8b-20260903,libero_spatial,libero_spatial/pick_up_the_black_bowl_next_to_the_plate_and_place_it_on_the_plate,264,33,1008,10,1029d0827030a7521361d1904eeb3e7e7f2792be5c99abdb5701abb7ee87c137,27864,False,93,,False,True,-1,-1,success_no_alarm,0.995758,0.9952824,0.9975623,0.9967122,0.9955127,,,0.043161392,0.045391053,0.0406241,0.040335275,0.04307414,,,0.15721075,0.16167456,0.1513682,0.1532532,0.15911976,,,0.0025819412,0.0031077438,0.0014360552,0.0019248987,0.002885181,,,0.325,0.3,0.35000002,0.275,0.325,,,,0.062359683,0.054889046,0.0572377,0.060674977,,,,0.9,0.975,0.84999996,0.975,,,,0.65625,0.8,0.79999995,0.7875,,,,0.8759638,0.88261795,0.8806852,0.8741792,,,,-0.014922753,-0.008809894,-0.0066464096,-0.0050530285,,,0.10991578,0.11599907,0.098473385,0.09949151,0.110443234,,,0.0134503525,0.013682939,0.012777565,0.012339978,0.013609491,,,0.49755543,0.5422114,0.49938,0.52048963,0.5197815,,,0.1875,0.22013889,0.22708333,0.20416667,0.21666667,,,-0.0016387196,-0.002383301,-0.00048239416,-0.00088617497,-0.0022095472,,,0.01472819,0.012948263,0.007319153,0.014833199,0.011845617,,,,,0.086284004,0.13997702,0.19768359,,,,,,-0.04661771,0.049059078,,,0.99556136,0.9932245,0.9944817,0.9939474,0.9937323,,,0.043076158,0.046162367,0.04488849,0.044415254,0.047224816,,,0.16195542,0.16986221,0.16502967,0.16581182,0.16826805,,,0.0023299006,0.0029487286,0.0026751214,0.0034430411,0.0035605568,,,0.3,0.39999998,0.32500002,0.2,0.45,,,,0.09957267,0.08169412,0.09574418,0.09230665,,,,0.975,0.95000005,0.925,0.825,,,,0.81875,0.86875004,0.88125,0.8125,,,,0.7985742,0.83299196,0.8075601,0.81657046,,,,0.023799896,-0.014113158,0.017199159,0.011763081,,,0.08961472,0.10051754,0.09258182,0.08445079,0.0903485,,,0.009095292,0.009557797,0.009516462,0.00864797,0.009211915,,,0.56487894,0.65314573,0.59676147,0.6470893,0.62609684,,,0.14791667,0.14791667,0.13125,0.119444445,0.1326389,,,-0.002766857,-0.0039731604,-0.0032868981,-0.004179935,-0.004213919,,,0.01422792,0.011909709,0.0142463,0.015189578,0.011860555,,,,,-0.028901692,0.13099296,0.09533473,,,,,,-0.017523915,0.04568082,,,1.2265371,1.1540182,1.0636363,1.1781003,1.2224137,,,,,,-0.017178498,0.045994677,,,,,-0.0013751518,-0.15176658,-0.10574521,,,,0.018568635,-0.017149985,0.008056045,0.010147989,,
cache_new/HiMoE-VLA/libero_spatial/pick_up_the_black_bowl_next_to_the_plate_and_place_it_on_the_plate/right-50x8b-20260903,right-50x8b-20260903,libero_spatial,libero_spatial/pick_up_the_black_bowl_next_to_the_plate_and_place_it_on_the_plate,265,33,1009,10,1029d0827030a7521361d1904eeb3e7e7f2792be5c99abdb5701abb7ee87c137,27865,False,93,,False,True,-1,-1,success_no_alarm,0.99575675,0.9953831,0.9975147,0.99642646,0.9947006,,,0.04248195,0.045041274,0.04002784,0.040797167,0.044545732,,,0.15625982,0.16100416,0.15123451,0.15381275,0.16141516,,,0.0025486453,0.0030344962,0.0013846495,0.002051667,0.0038394954,,,0.325,0.35000002,0.325,0.275,0.3,,,,0.060555696,0.05575405,0.055598006,0.06678901,,,,0.775,0.95,0.92499995,0.95000005,,,,0.65,0.76875,0.7375,0.775,,,,0.87864816,0.88126945,0.88371193,0.86434865,,,,-0.01678352,-0.006726742,-0.015170991,-0.0030648708,,,0.106471956,0.11568342,0.10005437,0.10319053,0.11760652,,,0.013249634,0.013843328,0.012928045,0.012741769,0.0140426755,,,0.5063896,0.5241884,0.48361102,0.52353317,0.53262544,,,0.19930555,0.23472223,0.23888889,0.23819444,0.20902778,,,-0.0014756627,-0.002585725,-0.00042068676,-0.0014470792,-0.0029800294,,,0.014764671,0.012397015,0.0075099636,0.0126347635,0.010160162,,,,,0.11102222,0.12223291,0.30414057,,,,,,-0.017864468,0.07781197,,,0.9954909,0.9935275,0.99417025,0.9942447,0.9940244,,,0.04346072,0.04626078,0.044980805,0.044330567,0.046197146,,,0.16173431,0.16908479,0.16618362,0.16503513,0.16749576,,,0.002401067,0.0028784564,0.002901468,0.0032306253,0.0031699329,,,0.42499998,0.4,0.35000002,0.39999998,0.3,,,,0.098466545,0.085080504,0.08978608,0.09141658,,,,0.9,0.95000005,1.0,0.9,,,,0.84375,0.8875,0.86875,0.78125,,,,0.797624,0.82675564,0.81818473,0.8190222,,,,0.026480108,-0.011428103,0.01196529,0.014159098,,,0.087655775,0.10262595,0.09417981,0.08485596,0.090760656,,,0.009078068,0.009864356,0.0096856505,0.008945589,0.0091709485,,,0.57115656,0.63622266,0.5971855,0.6226684,0.6434414,,,0.14652777,0.12569445,0.15347221,0.13958335,0.1375,,,-0.0028365615,-0.0036709697,-0.003344048,-0.0039094235,-0.0039904793,,,0.013892897,0.012076341,0.014374567,0.013847117,0.0111503275,,,,,0.0027751774,0.058403686,0.07923194,,,,,,-0.0042130277,0.02089129,,,1.2146599,1.1272336,1.062376,1.216067,1.2957875,,,,,,-9.632575e-05,0.024783883,,,,,-0.02122397,-0.08233033,-0.07822127,,,,0.02030456,-0.019669592,0.00079238415,0.014159083,,
cache_new/HiMoE-VLA/libero_spatial/pick_up_the_black_bowl_next_to_the_plate_and_place_it_on_the_plate/right-50x8b-20260903,right-50x8b-20260903,libero_spatial,libero_spatial/pick_up_the_black_bowl_next_to_the_plate_and_place_it_on_the_plate,266,33,1010,10,1029d0827030a7521361d1904eeb3e7e7f2792be5c99abdb5701abb7ee87c137,27866,False,93,,False,True,-1,-1,success_no_alarm,0.99550843,0.9953462,0.99743795,0.9966624,0.99388754,,,0.043398492,0.04478055,0.040878482,0.041433584,0.046973847,,,0.15817247,0.16074637,0.15213773,0.15374021,0.16569903,,,0.0027973838,0.0030347717,0.0014792571,0.0019981978,0.0045904918,,,0.375,0.325,0.4,0.35000002,0.35000002,,,,0.06038056,0.05696602,0.056710005,0.07672726,,,,0.875,0.95,0.90000004,0.92499995,,,,0.65625,0.7687501,0.80625,0.84375,,,,0.8787464,0.87898445,0.8821122,0.8486701,,,,-0.018949613,-0.0038805902,-0.012493312,0.004185021,,,0.11112404,0.11701612,0.09882648,0.09717499,0.120662205,,,0.013441083,0.0139040705,0.012786486,0.012518081,0.014101429,,,0.5243775,0.5293564,0.48609138,0.48690948,0.55324364,,,0.20902777,0.23333333,0.20277777,0.21111111,0.20138888,,,-0.0018372047,-0.0024130198,-0.00052207056,-0.001353297,-0.0035596797,,,0.013783359,0.013174273,0.0065321904,0.012599231,0.008797744,,,,,0.09797522,0.10798395,0.40546438,,,,,,-0.03311255,0.08334427,,,0.9955075,0.9934577,0.9940659,0.9944062,0.9937426,,,0.04341481,0.04584533,0.045001023,0.04472468,0.04654712,,,0.16239679,0.16987637,0.16641238,0.16424173,0.16819991,,,0.002389458,0.0027278685,0.0028512315,0.003024332,0.0035001396,,,0.275,0.40000004,0.3,0.325,0.37500003,,,,0.097723156,0.08444927,0.090871185,0.09090316,,,,0.95000005,0.875,1.0,0.95,,,,0.84375,0.8375,0.90625,0.7875,,,,0.8016007,0.8257545,0.8187789,0.8162444,,,,0.02063267,-0.007238731,0.009635434,0.008632436,,,0.08994728,0.10375626,0.0950542,0.08292962,0.09688324,,,0.009122813,0.009949052,0.009341021,0.008519831,0.009441294,,,0.57262826,0.6190948,0.6184629,0.64435434,0.65627176,,,0.15486111,0.12777779,0.15763889,0.13402778,0.14236112,,,-0.0028521772,-0.0035686055,-0.0038087107,-0.003943528,-0.0037315935,,,0.01453721,0.012475134,0.012414161,0.014307351,0.010057265,,,,,-0.00449477,0.064628124,0.07156207,,,,,,-0.025083626,0.07788118,,,1.2354351,1.1277982,1.0396856,1.1717767,1.2454394,,,,,,-0.022366548,0.0803299,,,,,-0.0017701408,-0.120185204,-0.06345156,,,,0.016972661,-0.01263386,0.007844746,0.0086324215,,
cache_new/HiMoE-VLA/libero_spatial/pick_up_the_black_bowl_next_to_the_plate_and_place_it_on_the_plate/right-50x8b-20260903,right-50x8b-20260903,libero_spatial,libero_spatial/pick_up_the_black_bowl_next_to_the_plate_and_place_it_on_the_plate,267,33,1011,10,1029d0827030a7521361d1904eeb3e7e7f2792be5c99abdb5701abb7ee87c137,27867,False,92,,False,True,-1,-1,success_no_alarm,0.99582905,0.9955678,0.9973823,0.99680555,0.9937366,,,0.041878544,0.044163413,0.040842026,0.040537387,0.047656104,,,0.15553755,0.16058743,0.15282103,0.153117,0.16610266,,,0.0025213344,0.0031117336,0.0015261911,0.0019433866,0.0043689096,,,0.325,0.25,0.425,0.35000002,0.35000002,,,,0.06146408,0.057518855,0.053891346,0.077154554,,,,0.84999996,0.975,0.9,0.95,,,,0.7125,0.8,0.76874995,0.8375,,,,0.87503743,0.8774475,0.88598245,0.84947383,,,,-0.017757758,0.0008095801,-0.015477955,0.0028434545,,,0.11172621,0.11794918,0.102938175,0.1023531,0.12113127,,,0.0134755885,0.013887549,0.012947746,0.01246503,0.013925377,,,0.49841583,0.5221799,0.48957407,0.49582475,0.54968286,,,0.20902777,0.21736111,0.21180555,0.2048611,0.19791666,,,-0.0016362601,-0.0021203053,-0.0004062746,-0.00094158784,-0.0037855618,,,0.014502479,0.012682524,0.008077282,0.012436512,0.009505607,,,,,0.12832502,0.0809063,0.43748724,,,,,,-0.0376234,0.07024423,,,0.9954151,0.9933983,0.9941964,0.99496543,0.9925652,,,0.04397063,0.04618095,0.04588967,0.044236027,0.048552066,,,0.16283317,0.16993546,0.16708288,0.162594,0.17365006,,,0.0022564812,0.0029795994,0.0027679577,0.0024019268,0.0042188545,,,0.45,0.40000004,0.45,0.375,0.375,,,,0.09821276,0.08663242,0.08705525,0.0958029,,,,0.975,0.9,0.975,0.95000005,,,,0.83125,0.81250006,0.925,0.85,,,,0.80122995,0.82509005,0.8230976,0.80619156,,,,0.019895285,-0.013194591,0.009317204,-0.0009545535,,,0.09328378,0.101746365,0.09414237,0.08544131,0.098689824,,,0.009333227,0.00972346,0.009201172,0.008648804,0.0093253115,,,0.56739104,0.63362366,0.6077425,0.61799,0.6665458,,,0.15972222,0.15486111,0.14652778,0.14513889,0.12847222,,,-0.0027838317,-0.0031318727,-0.0035575298,-0.0034803099,-0.0044800276,,,0.014620656,0.014311405,0.014090875,0.013754672,0.0109770745,,,,,0.023883637,0.023796681,0.12097212,,,,,,-0.016415156,0.058920257,,,1.1977024,1.1592472,1.0934309,1.1979346,1.2273937,,,,,,-0.016062241,0.059249036,,,,,-0.03292248,-0.053613845,-0.088361055,,,,0.018185377,-0.018683672,0.00691849,-0.0009545088,,
cache_new/HiMoE-VLA/libero_spatial/pick_up_the_black_bowl_next_to_the_plate_and_place_it_on_the_plate/right-50x8b-20260903,right-50x8b-20260903,libero_spatial,libero_spatial/pick_up_the_black_bowl_next_to_the_plate_and_place_it_on_the_plate,268,33,1012,10,1029d0827030a7521361d1904eeb3e7e7f2792be5c99abdb5701abb7ee87c137,27868,False,96,,False,True,-1,-1,success_no_alarm,0.9958123,0.9953799,0.997228,0.9966302,0.99416447,,,0.042489894,0.04498271,0.041301794,0.04171239,0.04673001,,,0.15647615,0.16144115,0.15354338,0.15403442,0.16532367,,,0.0025589298,0.003028649,0.0016143322,0.0019652632,0.0041308515,,,0.32500002,0.25,0.4,0.275,0.35000002,,,,0.061346024,0.056099527,0.05689386,0.07089425,,,,0.85,0.9,0.90000004,0.975,,,,0.675,0.76874995,0.78125,0.80625,,,,0.87676805,0.8809941,0.8813332,0.8576155,,,,-0.018919468,-0.007728532,-0.012402311,-0.00375247,,,0.108915545,0.11561558,0.10401279,0.10369929,0.121443704,,,0.0132903755,0.01357629,0.013153017,0.01257006,0.014144458,,,0.52807903,0.54775786,0.4770036,0.4870701,0.5358884,,,0.20069444,0.21111111,0.20625,0.2125,0.19930555,,,-0.001187781,-0.0018123188,-0.0009729059,-0.0009950744,-0.0033299797,,,0.013819007,0.0120722465,0.006387326,0.0115119815,0.014118783,,,,,0.098865926,0.13569522,0.3514073,,,,,,-0.04387234,0.0713626,,,0.99555206,0.993026,0.9937331,0.99411476,0.9942721,,,0.043714285,0.04758293,0.046431087,0.045130815,0.04511562,,,0.16187721,0.17206162,0.16871002,0.16555442,0.16440576,,,0.0023263576,0.003003247,0.0030746027,0.003023627,0.003116601,,,0.35000002,0.45,0.45,0.375,0.325,,,,0.10296363,0.09027846,0.09102334,0.09401652,,,,1.0,0.95,0.975,0.975,,,,0.84999996,0.88125,0.88125,0.8875,,,,0.7942136,0.8158241,0.8201019,0.81215644,,,,0.023111016,-0.0035636276,-0.002704069,0.016344473,,,0.09019458,0.10235074,0.09701596,0.088000424,0.098695934,,,0.009278979,0.009563439,0.009506876,0.0089799035,0.00982641,,,0.57757163,0.65853536,0.61304045,0.609525,0.61612755,,,0.14305556,0.12638889,0.13194445,0.1638889,0.15277778,,,-0.0025752683,-0.003642627,-0.003922116,-0.004055024,-0.0035285335,,,0.013909806,0.012170453,0.013154622,0.013734024,0.016360031,,,,,0.044664636,0.051846072,0.088857576,,,,,,0.028794473,0.11833084,,,1.207562,1.1296017,1.0721203,1.1783954,1.2304834,,,,,,0.029466758,0.11955128,,,,,-0.08654505,-0.086459935,-0.08555294,,,,0.019623697,-0.013729274,-0.008727014,0.015228808,,
cache_new/HiMoE-VLA/libero_spatial/pick_up_the_black_bowl_next_to_the_plate_and_place_it_on_the_plate/right-50x8b-20260903,right-50x8b-20260903,libero_spatial,libero_spatial/pick_up_the_black_bowl_next_to_the_plate_and_place_it_on_the_plate,269,33,1013,10,1029d0827030a7521361d1904eeb3e7e7f2792be5c99abdb5701abb7ee87c137,27869,False,91,,False,True,-1,-1,success_no_alarm,0.9957644,0.9958245,0.9973891,0.9967986,0.9940052,,,0.042470742,0.04308881,0.041098583,0.040438496,0.047126684,,,0.15691218,0.15860881,0.1523627,0.15242258,0.16538915,,,0.0025364175,0.0028719897,0.0014421432,0.0019860556,0.0044229464,,,0.35,0.22500001,0.375,0.32500002,0.275,,,,0.063435264,0.0563171,0.05782367,0.07553217,,,,0.92499995,0.95,0.975,1.0,,,,0.725,0.75,0.8,0.79375,,,,0.8727511,0.8809467,0.87957513,0.85375947,,,,-0.013707429,-0.006935522,-0.006366566,0.0018146187,,,0.10583199,0.11688574,0.10117195,0.101981975,0.12509114,,,0.013188486,0.01431517,0.0132109,0.012811728,0.014509361,,,0.49997288,0.5039414,0.47858658,0.4975526,0.54412115,,,0.19305554,0.22986113,0.22916667,0.21111111,0.22708334,,,-0.0019458461,-0.0021975255,-0.00073446915,-0.0008654683,-0.003777977,,,0.01368016,0.013066518,0.008821618,0.011942981,0.010504669,,,,,0.07248771,0.11498432,0.37909326,,,,,,-0.0057115597,0.11644887,,,0.99552137,0.99349666,0.9939621,0.9946397,0.9928645,,,0.043639317,0.0461066,0.046467587,0.043627203,0.04716492,,,0.16223738,0.16971698,0.16908418,0.16290674,0.17108293,,,0.0022642722,0.0030613597,0.0028050886,0.0025618537,0.0041633216,,,0.35,0.45,0.4,0.35,0.25,,,,0.09913401,0.087827444,0.09438589,0.09813061,,,,0.87499994,0.95,0.975,0.975,,,,0.81875,0.79375,0.89375,0.88125,,,,0.8001579,0.82311004,0.811591,0.79917485,,,,0.020063564,-0.012255296,0.019119456,0.008446693,,,0.08731367,0.10210943,0.091320686,0.08345135,0.10388618,,,0.0090594515,0.010014103,0.009118268,0.008571578,0.010211774,,,0.5726202,0.6261666,0.6091028,0.639251,0.6246512,,,0.15694444,0.12986112,0.13402778,0.15486112,0.15833333,,,-0.002853089,-0.0032451923,-0.0037464355,-0.0033845499,-0.0045984895,,,0.013515389,0.015006715,0.013970813,0.013472363,0.014097954,,,,,0.028448246,0.0934741,0.13910767,,,,,,-0.009641976,0.1643845,,,1.2120897,1.1447104,1.1078755,1.2220529,1.2041172,,,,,,-0.010722338,0.1643671,,,,,-0.051985428,-0.15552443,-0.12330761,,,,0.019411743,-0.018151343,0.012470782,0.008446693,,
cache_new/HiMoE-VLA/libero_spatial/pick_up_the_black_bowl_next_to_the_plate_and_place_it_on_the_plate/right-50x8b-20260903,right-50x8b-20260903,libero_spatial,libero_spatial/pick_up_the_black_bowl_next_to_the_plate_and_place_it_on_the_plate,270,33,1014,10,1029d0827030a7521361d1904eeb3e7e7f2792be5c99abdb5701abb7ee87c137,27870,False,95,,False,True,-1,-1,success_no_alarm,0.99567765,0.9954924,0.99728996,0.99672633,0.9937693,,,0.042805295,0.044476993,0.04080599,0.040473975,0.04736735,,,0.15750945,0.15992337,0.15314169,0.15284814,0.16563852,,,0.0025833687,0.0030316757,0.0015805378,0.0018896422,0.00443514,,,0.3,0.3,0.4,0.325,0.325,,,,0.061142005,0.056197323,0.05621133,0.07311933,,,,0.92499995,0.92499995,0.875,0.95000005,,,,0.65625,0.79375,0.76250005,0.8,,,,0.87573063,0.88094354,0.8826107,0.8550308,,,,-0.018176168,-0.0069452226,-0.014906958,-0.0025537908,,,0.10806182,0.11742685,0.103872836,0.10039979,0.12514217,,,0.0131497625,0.014111254,0.012922425,0.012512406,0.014438116,,,0.5197221,0.53305674,0.49849892,0.49263373,0.54245466,,,0.18611111,0.24652779,0.21944444,0.21944445,0.21666667,,,-0.0015576468,-0.002423631,-0.00019664496,-0.001289526,-0.0038854147,,,0.013800798,0.012089546,0.007923381,0.013730846,0.011617273,,,,,0.103025705,0.123542204,0.38236567,,,,,,-0.025424588,0.11398402,,,0.9955984,0.99338275,0.99364376,0.9944507,0.9933688,,,0.043279428,0.046039373,0.046827473,0.044573836,0.046660952,,,0.16208936,0.17033668,0.1701652,0.16559093,0.16961572,,,0.0023193925,0.002945375,0.0030788162,0.0028136878,0.0036845736,,,0.325,0.425,0.375,0.3,0.3,,,,0.100373685,0.088417456,0.09083604,0.09044924,,,,0.975,0.9,0.975,0.95,,,,0.8625,0.80625,0.85625005,0.79375,,,,0.7972679,0.819641,0.8197533,0.8189949,,,,0.025015354,-0.007359162,0.0040031374,-0.0017560273,,,0.08739212,0.1032631,0.09462705,0.083529435,0.09869472,,,0.0089571765,0.010278575,0.0092462115,0.0086096125,0.009656563,,,0.5756575,0.62768495,0.6280862,0.6334206,0.6512739,,,0.14513889,0.15416667,0.12430556,0.14305556,0.13819444,,,-0.002618092,-0.003326437,-0.0041165426,-0.0038742186,-0.0041391924,,,0.014723225,0.01389931,0.013060973,0.014068924,0.014172922,,,,,0.02674511,0.05396686,0.05212623,,,,,,-0.01177604,0.10242051,,,1.2365167,1.1371617,1.0977076,1.201969,1.2679724,,,,,,-0.00062938465,0.1141292,,,,,-0.07584732,-0.1105201,-0.043720223,,,,0.021306276,-0.015434146,-0.0023484826,-0.0017560124,,
cache_new/HiMoE-VLA/libero_spatial/pick_up_the_black_bowl_next_to_the_plate_and_place_it_on_the_plate/right-50x8b-20260903,right-50x8b-20260903,libero_spatial,libero_spatial/pick_up_the_black_bowl_next_to_the_plate_and_place_it_on_the_plate,271,33,1015,10,1029d0827030a7521361d1904eeb3e7e7f2792be5c99abdb5701abb7ee87c137,27871,False,92,,False,True,-1,-1,success_no_alarm,0.995689,0.995532,0.99752295,0.99653596,0.9939719,,,0.043066353,0.044467703,0.04052224,0.04117893,0.046684045,,,0.15715846,0.16057508,0.15158623,0.15401548,0.16521601,,,0.0026199494,0.002902207,0.001416793,0.0021382603,0.0045399806,,,0.325,0.3,0.425,0.35000002,0.25,,,,0.063329816,0.054816462,0.056631193,0.07812352,,,,0.85,0.925,0.925,0.975,,,,0.6875,0.75625,0.76874995,0.81875,,,,0.87134826,0.883607,0.88054174,0.8471483,,,,-0.011112317,-0.009685636,-0.008275554,0.008067772,,,0.10431023,0.119206905,0.1025578,0.0983307,0.12291321,,,0.01324189,0.013871622,0.013087466,0.012446462,0.014228458,,,0.49780655,0.531394,0.47840205,0.5082932,0.5400063,,,0.20763889,0.21805555,0.23472221,0.2,0.19861111,,,-0.002004217,-0.0017199985,-0.00040990344,-0.0011623964,-0.0037985293,,,0.014791292,0.01318549,0.0064858254,0.011980489,0.0105634825,,,,,0.06625595,0.10903798,0.42547816,,,,,,-0.045887426,0.085921854,,,0.9955304,0.9932093,0.99435973,0.9944985,0.9925436,,,0.043436974,0.046817143,0.043642387,0.043673467,0.048614986,,,0.16193533,0.17125903,0.16368395,0.16385487,0.17398041,,,0.0023309325,0.0030938648,0.0025259266,0.002948333,0.0044236174,,,0.4,0.47500002,0.275,0.375,0.375,,,,0.10212383,0.08307576,0.094323285,0.0976581,,,,0.95,0.92499995,1.0,1.0,,,,0.8875,0.84375,0.88750005,0.8375,,,,0.7941521,0.82981753,0.8109383,0.8036951,,,,0.02802357,-0.012909025,0.0182129,0.0058112293,,,0.08680384,0.10376699,0.095749095,0.084478274,0.10375075,,,0.009102635,0.00979516,0.009430529,0.008515178,0.010074998,,,0.5734602,0.65087795,0.5986301,0.6627879,0.63310224,,,0.14444445,0.14236112,0.16180557,0.15208334,0.13472222,,,-0.0027734954,-0.0034702488,-0.0035077408,-0.0038441047,-0.0047077327,,,0.014483288,0.0136355115,0.01114082,0.014071352,0.011612568,,,,,-0.026796963,0.09716796,0.13518785,,,,,,-0.030673657,0.13727504,,,1.2016776,1.148794,1.0711099,1.1639762,1.184697,,,,,,-0.027101398,0.1411053,,,,,0.013915585,-0.078440435,-0.14903241,,,,0.023397923,-0.017253518,0.017043352,0.0049812794,,
cache_new/HiMoE-VLA/libero_spatial/pick_up_the_black_bowl_next_to_the_plate_and_place_it_on_the_plate/right-50x8b-20260903,right-50x8b-20260903,libero_spatial,libero_spatial/pick_up_the_black_bowl_next_to_the_plate_and_place_it_on_the_plate,272,34,1008,9,1029d0827030a7521361d1904eeb3e7e7f2792be5c99abdb5701abb7ee87c137,27872,False,87,,False,True,-1,-1,success_no_alarm,0.99586654,0.9952613,0.9971732,0.9966534,,,,0.042655,0.04416992,0.041092724,0.040207747,,,,0.15643232,0.1596415,0.15334788,0.15141116,,,,0.0024548802,0.0030570948,0.0014647762,0.001982702,,,,0.275,0.35000002,0.4,0.25,,,,,0.06213756,0.058743645,0.054597154,,,,,0.825,0.95,0.925,,,,,0.725,0.825,0.78125,,,,,0.87525356,0.8749888,0.8876796,,,,,-0.0141976625,0.0010637343,-0.015960515,,,,0.107039325,0.121971264,0.09943714,0.101963095,,,,0.013185882,0.0141814705,0.0130812405,0.012771669,,,,0.50801396,0.54151344,0.49703616,0.51674986,,,,0.18958333,0.22013888,0.20694444,0.23472221,,,,-0.0016428471,-0.0021716594,-0.0007874225,-0.00085033383,,,,0.012960698,0.010877129,0.0057023508,0.012021376,,,,,,0.09162277,0.028943367,,,,,,,-0.031238634,,,,0.9959652,0.9930069,0.9936471,0.99610126,,,,0.043874647,0.04790296,0.047015525,0.0424017,,,,0.16064177,0.17283353,0.17026569,0.15866789,,,,0.0023859842,0.0037373207,0.0028727122,0.0017698561,,,,0.425,0.425,0.475,0.45,,,,,0.09429968,0.10151537,0.08789769,,,,,0.975,1.0,1.0,,,,,0.8625,0.88125,0.925,,,,,0.80925477,0.79775167,0.8219845,,,,,0.008035198,0.020493343,0.0071761757,,,,0.09129447,0.10558294,0.08952262,0.08088812,,,,0.009246191,0.010037949,0.008545959,0.008676713,,,,0.5740335,0.6170268,0.6212945,0.6330322,,,,0.16041666,0.15069446,0.13749999,0.15208334,,,,-0.0025849852,-0.004378059,-0.004060304,-0.0025714159,,,,0.013501666,0.012992007,0.011909962,0.012515299,,,,,,0.21614197,0.07217118,,,,,,,-0.04416137,,,,1.1724623,1.1552175,1.1107488,1.2605448,,,,,,,-0.05451526,,,,,,-0.2172199,-0.08151484,,,,,0.004540026,0.013061523,0.0064271092,,,
cache_new/HiMoE-VLA/libero_spatial/pick_up_the_black_bowl_next_to_the_plate_and_place_it_on_the_plate/right-50x8b-20260903,right-50x8b-20260903,libero_spatial,libero_spatial/pick_up_the_black_bowl_next_to_the_plate_and_place_it_on_the_plate,273,34,1009,9,1029d0827030a7521361d1904eeb3e7e7f2792be5c99abdb5701abb7ee87c137,27873,False,89,,False,True,-1,-1,success_no_alarm,0.99589825,0.99539405,0.99757934,0.9965525,,,,0.04206164,0.043979205,0.039574865,0.04005174,,,,0.15588403,0.15947255,0.1506822,0.15261948,,,,0.0023866547,0.0030089393,0.0012161925,0.0019805864,,,,0.35000002,0.375,0.325,0.225,,,,,0.06551398,0.05471541,0.054065246,,,,,0.79999995,0.92499995,0.925,,,,,0.7,0.78125,0.8125,,,,,0.8686147,0.88340616,0.8872524,,,,,-0.0049954057,-0.00510858,-0.012372762,,,,0.10243216,0.117302656,0.09750259,0.10402495,,,,0.012930846,0.014042915,0.012490077,0.01300459,,,,0.52242076,0.5178337,0.486633,0.5074277,,,,0.1875,0.23680556,0.22361112,0.23125,,,,-0.0014170854,-0.0022795268,-0.00037801787,-0.0013166475,,,,0.014434644,0.008590524,0.006765861,0.0122154765,,,,,,-0.023927063,-0.013187537,,,,,,,0.0024802038,,,,0.9959998,0.99318016,0.9940739,0.9953396,,,,0.043751493,0.04706917,0.044644002,0.042573705,,,,0.15991962,0.17122678,0.16681,0.16002183,,,,0.0023107934,0.003683284,0.00231855,0.001834109,,,,0.47500002,0.37500003,0.45,0.325,,,,,0.09403562,0.09357619,0.08565166,,,,,0.975,1.0,1.0,,,,,0.84375,0.91875005,0.81875,,,,,0.8107827,0.81091183,0.82772934,,,,,0.00590533,0.0144636035,0.013925612,,,,0.08757892,0.10577913,0.092068605,0.083767384,,,,0.009144239,0.010360709,0.009048609,0.008644259,,,,0.57274944,0.60537964,0.62050986,0.65091926,,,,0.15625,0.15486112,0.14027777,0.14791667,,,,-0.0024853903,-0.0042368444,-0.0035104065,-0.0031942853,,,,0.014367925,0.01235346,0.013029918,0.014137913,,,,,,0.116639405,0.025770018,,,,,,,-0.05104575,,,,1.1695983,1.1089395,1.059021,1.2418312,,,,,,,-0.055201083,,,,,,-0.11007817,-0.02376766,,,,,0.004905343,0.012126088,-0.002170682,,,
cache_new/HiMoE-VLA/libero_spatial/pick_up_the_black_bowl_next_to_the_plate_and_place_it_on_the_plate/right-50x8b-20260903,right-50x8b-20260903,libero_spatial,libero_spatial/pick_up_the_black_bowl_next_to_the_plate_and_place_it_on_the_plate,274,34,1010,9,1029d0827030a7521361d1904eeb3e7e7f2792be5c99abdb5701abb7ee87c137,27874,False,89,,False,True,-1,-1,success_no_alarm,0.995644,0.995352,0.9975281,0.9963036,,,,0.04294799,0.044824537,0.039990723,0.040426463,,,,0.15717255,0.1601023,0.15089755,0.15397581,,,,0.0026150476,0.0029199044,0.0013644244,0.0022006899,,,,0.35000002,0.45,0.35,0.375,,,,,0.064226896,0.056433663,0.055952564,,,,,0.775,0.9,0.975,,,,,0.71875,0.84375,0.7875,,,,,0.8717822,0.8797159,0.8827457,,,,,-0.0071643144,-0.0008792728,-0.00996466,,,,0.1098951,0.11838655,0.09563305,0.10114561,,,,0.013296226,0.013747857,0.012680007,0.012798618,,,,0.525102,0.5384671,0.47930586,0.49936515,,,,0.21805555,0.21666667,0.21180555,0.2263889,,,,-0.0017842512,-0.0022220332,-0.00035588368,-0.0017292683,,,,0.012338264,0.010665525,0.0056353016,0.012152126,,,,,,0.012107924,0.025865987,,,,,,,-0.008114627,,,,0.9960132,0.99335593,0.99435484,0.9948282,,,,0.043697927,0.04664416,0.045118734,0.04416822,,,,0.1601425,0.17121789,0.165609,0.16293922,,,,0.00238607,0.0033190588,0.0025479575,0.0021663452,,,,0.47500002,0.35,0.35000002,0.5,,,,,0.09335867,0.096389584,0.084145024,,,,,0.975,0.975,0.925,,,,,0.86875,0.86875,0.82500005,,,,,0.8090979,0.8004221,0.8269407,,,,,0.012183398,0.033446208,0.00319089,,,,0.09259346,0.10523887,0.095044926,0.08367111,,,,0.009373442,0.010169394,0.009238845,0.008771388,,,,0.56073034,0.6165136,0.62641144,0.6484549,,,,0.15,0.15416667,0.13680555,0.16458333,,,,-0.002561974,-0.004249485,-0.0033655283,-0.00370614,,,,0.014634486,0.0120716505,0.0132403765,0.014377249,,,,,,0.17103979,0.034064867,,,,,,,-0.042146474,,,,1.186856,1.1249318,1.0061879,1.2088475,,,,,,,-0.030281117,,,,,,-0.17992488,-0.0316262,,,,,0.008918405,0.030842423,-0.0038642287,,,
cache_new/HiMoE-VLA/libero_spatial/pick_up_the_black_bowl_next_to_the_plate_and_place_it_on_the_plate/right-50x8b-20260903,right-50x8b-20260903,libero_spatial,libero_spatial/pick_up_the_black_bowl_next_to_the_plate_and_place_it_on_the_plate,275,34,1011,9,1029d0827030a7521361d1904eeb3e7e7f2792be5c99abdb5701abb7ee87c137,27875,False,88,,False,True,-1,-1,success_no_alarm,0.9959723,0.99554086,0.9975882,0.99649096,,,,0.041426785,0.0438633,0.03957691,0.04035445,,,,0.15476969,0.15904218,0.15069425,0.15309875,,,,0.0023360748,0.0029546274,0.0012834377,0.0020503255,,,,0.35000002,0.25,0.25,0.32500002,,,,,0.06632972,0.05719385,0.05409664,,,,,0.92499995,0.92499995,0.975,,,,,0.7312499,0.8125,0.8375,,,,,0.8689162,0.8782958,0.8868973,,,,,-0.007777676,0.0005426556,-0.012275413,,,,0.10888819,0.11732902,0.09909023,0.10704756,,,,0.01321375,0.01389258,0.0128011145,0.012986798,,,,0.50394666,0.51717764,0.48538867,0.48668942,,,,0.21875,0.21944445,0.21805555,0.22847223,,,,-0.001571199,-0.002033282,-0.0002776832,-0.0013018055,,,,0.012759542,0.010102255,0.0072370786,0.012375814,,,,,,0.015743246,-0.024927799,,,,,,,-0.002702787,,,,0.9960159,0.99339944,0.99463904,0.994947,,,,0.043450527,0.04715263,0.04368212,0.043364458,,,,0.15968919,0.16968171,0.16432498,0.16143546,,,,0.0022852195,0.0036066137,0.0022816593,0.001661662,,,,0.45000002,0.35000002,0.375,0.45,,,,,0.09350104,0.09218517,0.088177465,,,,,1.0,0.95000005,1.0,,,,,0.84375,0.875,0.80625,,,,,0.81253874,0.81081706,0.8248951,,,,,0.010459542,0.021569923,0.012034312,,,,0.0923685,0.10429291,0.09384325,0.086864404,,,,0.009218653,0.010205177,0.009203504,0.00872875,,,,0.56029004,0.609651,0.6195087,0.6541828,,,,0.15833335,0.15208334,0.15208334,0.16666666,,,,-0.0024201227,-0.004086669,-0.0030694604,-0.0037078254,,,,0.0124674225,0.013676674,0.01435045,0.014333973,,,,,,0.11646803,0.07378233,,,,,,,-0.045099095,,,,1.1788455,1.1249951,1.0559121,1.2323524,,,,,,,-0.044752836,,,,,,-0.10192287,-0.076267615,,,,,0.006060481,0.016691625,0.0056253076,,,
cache_new/HiMoE-VLA/libero_spatial/pick_up_the_black_bowl_next_to_the_plate_and_place_it_on_the_plate/right-50x8b-20260903,right-50x8b-20260903,libero_spatial,libero_spatial/pick_up_the_black_bowl_next_to_the_plate_and_place_it_on_the_plate,276,34,1012,9,1029d0827030a7521361d1904eeb3e7e7f2792be5c99abdb5701abb7ee87c137,27876,False,87,,False,True,-1,-1,success_no_alarm,0.99599624,0.995141,0.9972146,0.9962785,,,,0.042124543,0.044682648,0.040554136,0.040834874,,,,0.15495196,0.16050178,0.15272099,0.1543254,,,,0.0022901725,0.0031045103,0.0015505096,0.0022031837,,,,0.325,0.3,0.32500002,0.325,,,,,0.06641571,0.060070336,0.05589602,,,,,0.85,0.95,0.925,,,,,0.74375,0.76250005,0.775,,,,,0.86831164,0.8727536,0.88310367,,,,,-0.006276712,0.0037778914,-0.017188087,,,,0.107369184,0.11891544,0.102504425,0.104494736,,,,0.0130429715,0.013840513,0.013251948,0.012831721,,,,0.53600883,0.54444075,0.4805076,0.49992234,,,,0.2013889,0.2013889,0.23055556,0.20902777,,,,-0.0010791912,-0.0019027129,-0.0010308984,-0.0015098185,,,,0.013582622,0.009830702,0.005090518,0.01143798,,,,,,0.07694112,0.012405069,,,,,,,-0.02211082,,,,0.99615234,0.9931291,0.99470866,0.99519575,,,,0.04379009,0.046903007,0.044178125,0.042705417,,,,0.15904489,0.17179938,0.1638836,0.1605943,,,,0.0021973192,0.0037171128,0.002500387,0.0021188778,,,,0.425,0.4,0.39999998,0.3,,,,,0.09591913,0.08979267,0.08957509,,,,,1.0,0.975,1.0,,,,,0.83124995,0.9,0.88125,,,,,0.80665207,0.8154601,0.8205941,,,,,0.010207176,0.011408299,0.012597486,,,,0.08999545,0.106839314,0.09055231,0.08337808,,,,0.009237645,0.010061509,0.008856741,0.008609606,,,,0.5740337,0.61505944,0.5972865,0.63719755,,,,0.16874999,0.15347223,0.15902777,0.16388889,,,,-0.0022068126,-0.004339896,-0.0029037378,-0.0033465587,,,,0.014441416,0.011622177,0.012436455,0.013789126,,,,,,0.07495465,0.06559052,,,,,,,-0.042442888,,,,1.1930512,1.1130307,1.1319913,1.253264,,,,,,,-0.042652436,,,,,,-0.08989562,-0.086084545,,,,,0.00831759,0.01099205,0.004345715,,,
cache_new/HiMoE-VLA/libero_spatial/pick_up_the_black_bowl_next_to_the_plate_and_place_it_on_the_plate/right-50x8b-20260903,right-50x8b-20260903,libero_spatial,libero_spatial/pick_up_the_black_bowl_next_to_the_plate_and_place_it_on_the_plate,277,34,1013,9,1029d0827030a7521361d1904eeb3e7e7f2792be5c99abdb5701abb7ee87c137,27877,False,88,,False,True,-1,-1,success_no_alarm,0.9960405,0.995753,0.9976053,0.99653447,,,,0.04206437,0.04309754,0.03992628,0.040814985,,,,0.15563855,0.15924671,0.15053451,0.15304647,,,,0.00220511,0.0027258564,0.0012386362,0.0020311838,,,,0.3,0.35000002,0.325,0.35000002,,,,,0.06374222,0.0555451,0.055155333,,,,,0.825,0.875,0.925,,,,,0.7125,0.75624996,0.81874996,,,,,0.8722368,0.88262105,0.8839774,,,,,-0.007972017,-0.002205819,-0.010168165,,,,0.10369635,0.117442586,0.09703078,0.104426235,,,,0.012967672,0.014077884,0.012751526,0.013021233,,,,0.50085574,0.50753665,0.4759351,0.49332494,,,,0.20763889,0.21875,0.2361111,0.22916666,,,,-0.0017388134,-0.002176148,-0.0005104445,-0.0012630061,,,,0.013309889,0.010850576,0.007474037,0.012422121,,,,,,0.012639089,0.019544577,,,,,,,0.004524419,,,,0.99612784,0.9928189,0.99455196,0.9949302,,,,0.043791756,0.049663268,0.04382673,0.0442942,,,,0.15891805,0.17209023,0.1643556,0.16244051,,,,0.0021028835,0.0046198326,0.002346445,0.0019451926,,,,0.45,0.35000002,0.4,0.42499998,,,,,0.09589328,0.09006198,0.08554926,,,,,0.975,1.0,0.975,,,,,0.8625,0.9,0.81875,,,,,0.8093904,0.81462824,0.8272902,,,,,0.012822881,0.018323839,0.010200173,,,,0.08815827,0.10711067,0.0933898,0.0869962,,,,0.009029111,0.010593622,0.009307496,0.008786457,,,,0.5611589,0.6016442,0.62311053,0.6629791,,,,0.16736111,0.1701389,0.15486111,0.16250001,,,,-0.002452352,-0.00476803,-0.0031759003,-0.0036489903,,,,0.013448526,0.015520709,0.014787334,0.014592884,,,,,,0.083084404,0.035235155,,,,,,,-0.019605266,,,,1.176252,1.0964602,1.0389869,1.200354,,,,,,,-0.022618558,,,,,,-0.031246595,-0.035552874,,,,,0.006364882,0.014142752,-0.0009255409,,,
cache_new/HiMoE-VLA/libero_spatial/pick_up_the_black_bowl_next_to_the_plate_and_place_it_on_the_plate/right-50x8b-20260903,right-50x8b-20260903,libero_spatial,libero_spatial/pick_up_the_black_bowl_next_to_the_plate_and_place_it_on_the_plate,278,34,1014,9,1029d0827030a7521361d1904eeb3e7e7f2792be5c99abdb5701abb7ee87c137,27878,False,88,,False,True,-1,-1,success_no_alarm,0.99581283,0.9954431,0.9974258,0.99673074,,,,0.04246924,0.044022873,0.040103443,0.039840255,,,,0.15593652,0.15985237,0.1516361,0.15122268,,,,0.0024446475,0.0029978468,0.0013056751,0.001820402,,,,0.35000002,0.275,0.375,0.35000002,,,,,0.06398738,0.057303995,0.055485,,,,,0.85,0.92499995,0.9,,,,,0.725,0.775,0.81875,,,,,0.8730031,0.88000494,0.88550967,,,,,-0.0073182434,0.0011648089,-0.012768641,,,,0.1073095,0.115326464,0.10058822,0.10388995,,,,0.012984587,0.014028244,0.012877353,0.012923598,,,,0.5191424,0.51882863,0.49481902,0.47968972,,,,0.18402778,0.21805556,0.21666667,0.23472223,,,,-0.0015467603,-0.002210063,-0.0001109804,-0.0014069385,,,,0.013160806,0.010295048,0.00826274,0.011655092,,,,,,0.061508536,0.04386147,,,,,,,-0.017408194,,,,0.9960097,0.9932656,0.99461555,0.99563426,,,,0.043742865,0.047057018,0.044566367,0.041773677,,,,0.1603324,0.17051354,0.16526423,0.15858875,,,,0.002352843,0.0038418,0.0023335465,0.0018585478,,,,0.42499998,0.375,0.425,0.4,,,,,0.09433456,0.09269835,0.08449353,,,,,0.925,0.92499995,1.0,,,,,0.8375,0.86249995,0.90625,,,,,0.80880153,0.81256235,0.8268678,,,,,0.010050669,0.013937131,0.0057779998,,,,0.08936625,0.10432701,0.091509074,0.0812625,,,,0.00895202,0.010422632,0.008937698,0.008327768,,,,0.5782015,0.60207015,0.6236408,0.64400554,,,,0.14791667,0.14791667,0.14444445,0.15694445,,,,-0.0024733169,-0.0039596427,-0.0031320965,-0.002923533,,,,0.0142504005,0.013727366,0.012345098,0.011007997,,,,,,0.12156321,0.02953869,,,,,,,-0.084980994,,,,1.2007833,1.1054325,1.0992157,1.2784488,,,,,,,-0.083069295,,,,,,-0.15016454,-0.0277602,,,,,0.00563246,0.010720193,0.00027239323,,,
cache_new/HiMoE-VLA/libero_spatial/pick_up_the_black_bowl_next_to_the_plate_and_place_it_on_the_plate/right-50x8b-20260903,right-50x8b-20260903,libero_spatial,libero_spatial/pick_up_the_black_bowl_next_to_the_plate_and_place_it_on_the_plate,279,34,1015,11,1029d0827030a7521361d1904eeb3e7e7f2792be5c99abdb5701abb7ee87c137,27879,False,106,,False,True,9,-1,success_no_alarm,0.9958645,0.99523085,0.9974273,0.9966406,0.9944497,0.99599934,,0.04242254,0.044160664,0.039955385,0.040341698,0.046157446,0.042435646,,0.1562824,0.16033739,0.15147416,0.15237007,0.1630399,0.1578735,,0.0024260217,0.0032544103,0.001274271,0.0019470843,0.003956272,0.0022641516,,0.325,0.275,0.4,0.3,0.325,0.4,,,0.06731486,0.05719704,0.052899107,0.07887439,0.0692596,,,0.925,0.95,1.0,1.0,1.0,,,0.75,0.78749996,0.80625004,0.85,0.73125005,,,0.8676791,0.8808986,0.8896115,0.8504511,0.86284006,,,-0.009333566,-0.0055273473,-0.014116541,0.014205262,0.010727704,,0.101901226,0.12073879,0.10452146,0.0985079,0.11946991,0.10821326,,0.013013268,0.013943544,0.013512965,0.012810253,0.014307963,0.01333593,,0.50697035,0.5286303,0.46346995,0.49020088,0.5181714,0.5056728,,0.20763889,0.19375001,0.2534722,0.20069444,0.21527779,0.20208332,,-0.0019075971,-0.0018513417,-0.00048438914,-0.0008164876,-0.0035983757,-0.0018357256,,0.013676283,0.009832358,0.0066181105,0.009138606,0.011540484,0.0091082845,,,,0.022742376,-0.041989125,0.3315588,0.20964725,,,,,-0.03143295,0.07626203,0.007529418,,0.99602824,0.9932017,0.9939787,0.99466157,0.992659,0.9932383,,0.04325163,0.047142334,0.047636285,0.04407492,0.048573196,0.04744333,,0.15981984,0.17041802,0.1696299,0.16337624,0.17441733,0.1711374,,0.0023205793,0.0038035857,0.00254211,0.001917211,0.0032084738,0.002847465,,0.4,0.37500003,0.55,0.475,0.475,0.475,,,0.0942445,0.10295683,0.082576364,0.09951524,0.098988265,,,0.925,1.0,0.95,0.975,0.9,,,0.86249995,0.89374995,0.81875,0.8625,0.76875,,,0.81086385,0.79267734,0.8279144,0.80102986,0.8022909,,,0.00750795,0.03470464,-0.0050162375,0.004131645,0.013191149,,0.08717306,0.10803439,0.09678948,0.08424855,0.09983109,0.113779195,,0.009086067,0.01035554,0.009156252,0.008436419,0.009630637,0.01092853,,0.5763411,0.598659,0.61868644,0.65226763,0.6231907,0.58892083,,0.15555556,0.15763889,0.13402778,0.14097223,0.119444445,0.14236112,,-0.0025252558,-0.004091433,-0.0037891387,-0.00317535,-0.004656723,-0.003212103,,0.014053139,0.013579874,0.013548019,0.0102344565,0.01268334,0.011495275,,,,0.2299773,0.008835782,0.18724883,0.19029683,,,,,-0.06944921,0.06310394,0.18912435,,1.1689532,1.1175959,1.0798845,1.1692533,1.1967205,0.9510813,,,,,-0.068514846,0.06387663,0.19030401,,,,-0.24169964,-0.0006491393,-0.24653584,-0.20007257,,,0.004653454,0.027037919,-0.011620104,0.0005053878,0.007607281,
cache_new/HiMoE-VLA/libero_spatial/pick_up_the_black_bowl_next_to_the_plate_and_place_it_on_the_plate/right-50x8b-20260903,right-50x8b-20260903,libero_spatial,libero_spatial/pick_up_the_black_bowl_next_to_the_plate_and_place_it_on_the_plate,280,35,1008,10,1029d0827030a7521361d1904eeb3e7e7f2792be5c99abdb5701abb7ee87c137,27880,False,92,,False,True,-1,-1,success_no_alarm,0.99593955,0.9953313,0.9965902,0.9972154,0.99483967,,,0.04326575,0.044195976,0.041688707,0.039840575,0.044333983,,,0.1561756,0.1613209,0.15511078,0.15075871,0.16260436,,,0.0024412763,0.0031715664,0.0016088118,0.0016161037,0.0034152314,,,0.325,0.25,0.425,0.375,0.35000002,,,,0.06606869,0.058082357,0.049677484,0.068173155,,,,0.92499995,0.825,0.85,0.975,,,,0.775,0.74375,0.69374996,0.8125,,,,0.86562455,0.87823224,0.89680696,0.86226976,,,,-0.017372891,-0.0037225932,-0.023467079,-0.006423235,,,0.10645524,0.11879347,0.1036116,0.1031318,0.12602866,,,0.013278799,0.014003637,0.0132066915,0.0130661605,0.014723256,,,0.49575028,0.5561688,0.49851257,0.49163985,0.5355151,,,0.19305556,0.22361112,0.21736111,0.22291666,0.22847223,,,-0.0014250826,-0.0022304086,-0.0012542523,-0.0003488668,-0.0027378262,,,0.013456113,0.012327975,0.0071014627,0.009680031,0.01082623,,,,,0.0494439,-0.11395402,0.20434263,,,,,,-0.019625433,0.09292799,,,0.99465406,0.9933327,0.99338424,0.9932254,0.9921399,,,0.045810986,0.04585566,0.049248308,0.046922103,0.049079306,,,0.16611771,0.1695936,0.1730102,0.17090079,0.17267135,,,0.002728367,0.004070571,0.0033104422,0.0033159803,0.005444455,,,0.375,0.425,0.47500002,0.45000002,0.25,,,,0.088569574,0.08884859,0.090617456,0.1028431,,,,1.0,0.95,0.975,1.0,,,,0.83125,0.8125,0.83125,0.95000005,,,,0.81723106,0.81480575,0.8173193,0.7942861,,,,0.00011250377,0.00059632957,-0.0074638724,0.0091228485,,,0.0932513,0.10049902,0.099666335,0.092871815,0.12769361,,,0.009332441,0.009922065,0.009405639,0.009145464,0.012422844,,,0.5889034,0.61546075,0.6168404,0.64301556,0.578549,,,0.13819444,0.1388889,0.14375,0.1375,0.16180556,,,-0.0033558286,-0.0039987685,-0.0041115033,-0.004546946,-0.0047921417,,,0.012335524,0.0144057935,0.012628465,0.011639833,0.01879197,,,,,0.053563662,0.07009938,0.1980321,,,,,,0.00016348157,0.3053621,,,1.1415951,1.1820362,1.0395848,1.1104747,0.98696136,,,,,,-0.011582194,0.2946968,,,,,-0.04921882,-0.07675879,-0.20185697,,,,-0.0018032789,-0.0010640621,-0.0091763735,0.0091228485,,
cache_new/HiMoE-VLA/libero_spatial/pick_up_the_black_bowl_next_to_the_plate_and_place_it_on_the_plate/right-50x8b-20260903,right-50x8b-20260903,libero_spatial,libero_spatial/pick_up_the_black_bowl_next_to_the_plate_and_place_it_on_the_plate,281,35,1009,22,1029d0827030a7521361d1904eeb3e7e7f2792be5c99abdb5701abb7ee87c137,27881,True,220,object_released_or_dropped_before_goal,False,True,10,20,failure_detected,0.99596465,0.99543875,0.99628,0.996727,0.9957674,0.99709296,0.9956453,0.042579822,0.04418936,0.04304675,0.04035414,0.042972423,0.03998748,0.04293047,0.15560207,0.16076328,0.15744232,0.1525612,0.1569736,0.15102953,0.15913582,0.0023727242,0.0031279,0.0017060679,0.0020225674,0.0022037514,0.0012591709,0.002068487,0.325,0.325,0.5,0.3,0.375,0.32500002,0.35000002,,0.07061382,0.05346404,0.053978316,0.070867576,0.04557827,0.039011423,,0.92499995,0.8,0.9,0.925,0.82500005,0.70000005,,0.8375,0.67499995,0.7375,0.8625,0.6,0.53125,,0.85766125,0.88824844,0.8899963,0.862051,0.9048449,0.9163301,,-0.00474301,-0.012887806,-0.019295186,0.009621307,-0.025881216,-0.03365621,0.10116573,0.114197776,0.10381159,0.1077957,0.118572734,0.10956909,0.117739074,0.012808029,0.0137291085,0.012950623,0.013280132,0.014179377,0.0136492755,0.014206997,0.5204077,0.5288392,0.5191591,0.4968381,0.47661677,0.4479216,0.4908528,0.1736111,0.2013889,0.21805555,0.22638887,0.22152777,0.23541665,0.19791666,-0.0012211628,-0.0023806354,-0.0015276703,-0.0010271491,-0.0019734493,-0.0010201496,-0.0017097828,0.013445579,0.010757362,0.008419544,0.009065475,0.01125019,0.012333909,0.014067349,,,-0.07795281,-0.071176834,0.1961449,-0.23911579,-0.39249972,,,,-0.004314815,0.060399137,0.023938503,0.06416646,0.9946963,0.99383765,0.99354017,0.9934653,0.9935049,0.99502945,0.9928243,0.04617887,0.04585711,0.048027545,0.046184406,0.04725198,0.04486694,0.048434254,0.16563259,0.16817194,0.17233142,0.16923027,0.16963688,0.16461894,0.17526925,0.002596078,0.0038515516,0.0033189212,0.0032027469,0.002527887,0.00096227735,0.0025277152,0.375,0.3,0.475,0.375,0.45,0.57500005,0.32500002,,0.086267665,0.09339066,0.09050706,0.10027842,0.06520556,0.053187583,,0.95000005,0.925,0.95,0.975,0.575,0.775,,0.86875,0.81874996,0.8375,0.86875004,0.6125,0.49374998,,0.8217643,0.8084732,0.81863034,0.80093855,0.8630933,0.8868366,,0.00052282214,0.0075983703,-0.003123194,0.01783599,-0.040485322,-0.06848559,0.08879097,0.09569995,0.10116461,0.09418751,0.10188684,0.084281966,0.115227684,0.009021496,0.00924373,0.009517785,0.009220565,0.009996641,0.008513936,0.0108762365,0.6034002,0.62620026,0.62327623,0.6482679,0.5737339,0.6097724,0.58154714,0.12638889,0.118750006,0.13472223,0.14999999,0.14305556,0.15277778,0.14513889,-0.00330475,-0.003537167,-0.003960227,-0.004380415,-0.0041124835,-0.003248993,-0.003671761,0.011567336,0.011020946,0.014332788,0.011670168,0.0094348425,0.0110949995,0.013446743,,,0.10490775,0.07367686,0.17637801,-0.26014102,-0.45877007,,,,-0.0007304102,0.079444714,-0.08144979,0.16464669,1.1393696,1.1932898,1.0261651,1.1444798,1.1637689,1.30003,1.021795,,,,-0.008236679,0.07257617,-0.087968625,0.1569073,,,-0.09164367,-0.056430176,-0.18376595,0.25836438,0.46739274,,-0.0064374804,0.0033044815,-0.013407707,0.01016897,-0.042565644,-0.07307488
cache_new/HiMoE-VLA/libero_spatial/pick_up_the_black_bowl_next_to_the_plate_and_place_it_on_the_plate/right-50x8b-20260903,right-50x8b-20260903,libero_spatial,libero_spatial/pick_up_the_black_bowl_next_to_the_plate_and_place_it_on_the_plate,282,35,1010,9,1029d0827030a7521361d1904eeb3e7e7f2792be5c99abdb5701abb7ee87c137,27882,False,89,,False,True,-1,-1,success_no_alarm,0.9956826,0.99524546,0.9962891,0.9969646,,,,0.04335554,0.044825476,0.042779453,0.039870918,,,,0.1571745,0.16116503,0.15705836,0.15159039,,,,0.0026549478,0.0032875345,0.0016113743,0.0018595108,,,,0.35000002,0.3,0.475,0.35000002,,,,,0.070619814,0.059330393,0.054766517,,,,,0.84999996,0.85,0.9,,,,,0.79375005,0.725,0.775,,,,,0.8582226,0.8769075,0.88869375,,,,,-0.0073747486,-0.0028737634,-0.017678604,,,,0.10919484,0.11786577,0.10977227,0.10359754,,,,0.013166091,0.013925709,0.013378299,0.013209517,,,,0.5191959,0.5457888,0.49440488,0.48421293,,,,0.19166666,0.22222222,0.21527778,0.21944444,,,,-0.0015954486,-0.0023942566,-0.0013197777,-0.0009701885,,,,0.012815057,0.01015119,0.007335161,0.009394876,,,,,,0.030086944,-0.056478478,,,,,,,-0.0052453214,,,,0.9948094,0.99343276,0.993294,0.99338245,,,,0.04591063,0.04610565,0.048029423,0.046072137,,,,0.1659012,0.1697811,0.17397282,0.1695026,,,,0.0026358233,0.0040161214,0.003509392,0.003144445,,,,0.35,0.325,0.325,0.42499998,,,,,0.088905744,0.09224341,0.092775315,,,,,0.975,0.925,1.0,,,,,0.83750004,0.81875,0.85,,,,,0.81745374,0.81014884,0.8136524,,,,,0.0023204535,0.003046587,-0.0016250759,,,,0.09336218,0.09834041,0.10905413,0.09206435,,,,0.009276897,0.00962856,0.0098087825,0.009118914,,,,0.57532895,0.61542326,0.6042904,0.6417076,,,,0.15902779,0.13611111,0.1513889,0.12777779,,,,-0.0031610068,-0.0039240764,-0.0041884137,-0.0043498026,,,,0.013265242,0.011192811,0.013259929,0.0120124845,,,,,,0.08652538,0.09207872,,,,,,,-0.008971015,,,,1.1695832,1.1985488,1.0065851,1.1252731,,,,,,,-0.0068789143,,,,,,-0.089011714,-0.091975406,,,,,-0.0017327666,-0.003995836,-0.0070742965,,,
cache_new/HiMoE-VLA/libero_spatial/pick_up_the_black_bowl_next_to_the_plate_and_place_it_on_the_plate/right-50x8b-20260903,right-50x8b-20260903,libero_spatial,libero_spatial/pick_up_the_black_bowl_next_to_the_plate_and_place_it_on_the_plate,283,35,1011,22,1029d0827030a7521361d1904eeb3e7e7f2792be5c99abdb5701abb7ee87c137,27883,True,220,object_released_or_dropped_before_goal,False,True,10,18,failure_detected,0.99620956,0.99519813,0.9962453,0.99683964,0.9953912,0.9969726,0.9956691,0.04125624,0.0451279,0.04298384,0.04056232,0.044313945,0.04037224,0.042510606,0.15375553,0.16263749,0.15795153,0.15225935,0.16044277,0.15221459,0.15915978,0.002204336,0.0033151892,0.0017594857,0.0019280975,0.0026256419,0.0012643649,0.001936198,0.4,0.3,0.425,0.375,0.32500002,0.375,0.425,,0.07227935,0.056812063,0.056156516,0.07286134,0.054693222,0.03294538,,0.825,0.9,0.95,0.95,0.9,0.625,,0.79375005,0.73125,0.775,0.86249995,0.66875,0.45625,,0.8542931,0.8826933,0.8853979,0.85917896,0.8893804,0.93017095,,-0.0031830817,-0.007615477,-0.016832098,0.002546817,-0.0094539225,-0.043465644,0.10868568,0.11583644,0.109844476,0.10961517,0.11832026,0.108056605,0.11695545,0.013268131,0.013918971,0.013251191,0.013507837,0.01410843,0.013954831,0.014257006,0.48923248,0.53927493,0.51090115,0.47221625,0.50002307,0.44595206,0.49326992,0.21597221,0.19513889,0.22291668,0.21805556,0.20694444,0.24375,0.2048611,-0.001239393,-0.0023211294,-0.0014798935,-0.00095166604,-0.002109952,-0.0011727669,-0.001736956,0.012653333,0.010718779,0.009557514,0.009896786,0.01143845,0.0101682,0.0148755,,,-0.023381885,-0.0381854,0.21853414,-0.066130266,-0.57128155,,,,0.022559637,0.06576636,0.055184744,0.07739044,0.99502754,0.9937254,0.9936558,0.99359787,0.99228364,0.9948828,0.9925531,0.04514297,0.045776825,0.047802262,0.045944035,0.050285265,0.04594562,0.047917586,0.16374993,0.16812995,0.1715528,0.16897215,0.17370415,0.16615444,0.17556097,0.0023144223,0.0038521704,0.0032617368,0.0032541524,0.004912289,0.0012989506,0.0021197207,0.45,0.275,0.5,0.42499998,0.35000002,0.55,0.475,,0.08983122,0.09401132,0.091690086,0.10098469,0.078327835,0.044715866,,0.975,0.95,1.0,0.95,0.875,0.625,,0.85625005,0.85625,0.8125,0.89374995,0.67499995,0.38750002,,0.81377864,0.8084103,0.8141829,0.8015598,0.84165823,0.904837,,0.008700669,0.008611187,0.000993073,0.010678142,-0.01693891,-0.08847174,0.093747124,0.09813729,0.10691652,0.093299106,0.117033556,0.08674325,0.11553942,0.009348711,0.0094197495,0.009734621,0.009074394,0.0113105755,0.00892356,0.011270191,0.5682282,0.62591565,0.5951803,0.6307096,0.5798769,0.59995073,0.5767072,0.15972222,0.13611111,0.1513889,0.14722222,0.15833333,0.14166667,0.12847222,-0.0028842695,-0.003574539,-0.003784616,-0.0042671477,-0.004826917,-0.003453721,-0.0038564187,0.01136256,0.012446867,0.014773848,0.012549004,0.013564087,0.010965736,0.014226031,,,0.10549354,0.081901535,0.17846733,-0.078479476,-0.63805526,,,,-0.01080101,0.20762484,-0.02861185,0.20583312,1.1593494,1.1803509,1.0273855,1.1748791,1.0109943,1.2457062,1.0122559,,,,-0.011918538,0.20836304,-0.02868012,0.20478606,,,-0.09231678,-0.0845424,-0.18379349,0.059868347,0.653092,,-0.00094020367,0.0014126301,-0.0044186115,0.0003861189,-0.017268836,-0.09011519
cache_new/HiMoE-VLA/libero_spatial/pick_up_the_black_bowl_next_to_the_plate_and_place_it_on_the_plate/right-50x8b-20260903,right-50x8b-20260903,libero_spatial,libero_spatial/pick_up_the_black_bowl_next_to_the_plate_and_place_it_on_the_plate,284,35,1012,10,1029d0827030a7521361d1904eeb3e7e7f2792be5c99abdb5701abb7ee87c137,27884,False,94,,False,True,-1,-1,success_no_alarm,0.9961513,0.99504995,0.996316,0.99652666,0.9953453,,,0.0421736,0.044993885,0.04278984,0.041245677,0.04352607,,,0.154786,0.16302276,0.15698765,0.15443285,0.15840223,,,0.0022483636,0.0034435398,0.0017657804,0.002233229,0.0026250915,,,0.325,0.3,0.625,0.275,0.4,,,,0.07286182,0.057491533,0.054595437,0.07561957,,,,0.95000005,0.8,0.9,0.95000005,,,,0.81875,0.75624996,0.74375,0.825,,,,0.8539867,0.8806232,0.8875603,0.8525875,,,,-0.0038403273,-0.0036444217,-0.020571873,0.018134162,,,0.10610003,0.1133607,0.11053127,0.109385,0.11889011,,,0.013191262,0.013757229,0.013374368,0.013318035,0.014365029,,,0.5274478,0.5409035,0.49700138,0.479487,0.49264014,,,0.19583334,0.18611111,0.22916667,0.20763889,0.23333333,,,-0.0007949725,-0.0020889873,-0.0017594686,-0.0011855452,-0.002412521,,,0.013018152,0.009020928,0.007275572,0.009909337,0.012111552,,,,,0.0066354973,-0.050394636,0.2709884,,,,,,-0.0035732016,0.070163034,,,0.995013,0.99406266,0.99384475,0.9929037,0.99314994,,,0.04511332,0.045452487,0.047440354,0.047017958,0.046667144,,,0.16454668,0.16719143,0.17042446,0.17240733,0.17261913,,,0.0023376397,0.00370301,0.0032215447,0.0033153095,0.0028546196,,,0.4,0.275,0.425,0.375,0.425,,,,0.089731425,0.091800526,0.09056616,0.10373999,,,,0.95000005,0.95,0.875,0.95,,,,0.88125,0.825,0.78749996,0.86875004,,,,0.8147434,0.81265265,0.81917405,0.79312766,,,,0.011883676,0.006023079,-0.0076790005,0.021200225,,,0.09055491,0.09543577,0.107714176,0.1022723,0.103876844,,,0.009103734,0.009029945,0.009987151,0.009943435,0.009960365,,,0.5934121,0.6361724,0.60312843,0.6133777,0.604877,,,0.14861111,0.14375001,0.1625,0.14722222,0.14791667,,,-0.0028601745,-0.0034022983,-0.0038076788,-0.004567859,-0.0043739486,,,0.012183975,0.010654775,0.013266009,0.013278303,0.008685809,,,,,0.06914839,0.05901042,0.19896235,,,,,,0.094238296,0.09542481,,,1.1716652,1.187822,1.0261534,1.0695467,1.1445295,,,,,,0.097035296,0.09873647,,,,,-0.05258252,-0.046877146,-0.20224786,,,,0.005262792,0.0017959476,-0.01747042,0.01844716,,
cache_new/HiMoE-VLA/libero_spatial/pick_up_the_black_bowl_next_to_the_plate_and_place_it_on_the_plate/right-50x8b-20260903,right-50x8b-20260903,libero_spatial,libero_spatial/pick_up_the_black_bowl_next_to_the_plate_and_place_it_on_the_plate,285,35,1013,22,1029d0827030a7521361d1904eeb3e7e7f2792be5c99abdb5701abb7ee87c137,27885,True,220,object_released_or_dropped_before_goal,False,True,10,18,failure_detected,0.9961285,0.9954989,0.99638367,0.9969579,0.99342614,0.99651814,0.99533343,0.041816793,0.04400327,0.042846993,0.03981683,0.04788743,0.04109578,0.04304801,0.15488589,0.16001798,0.15760794,0.15130228,0.16652343,0.15367746,0.1608576,0.0021974223,0.0031169448,0.0016642761,0.0019262917,0.004633574,0.0015396918,0.0021021783,0.375,0.275,0.5,0.35000002,0.4,0.4,0.375,,0.071301736,0.05532271,0.050342694,0.07985952,0.066712394,0.04742095,,0.92499995,0.9,0.875,0.975,0.95,0.8,,0.76250005,0.73125005,0.71875,0.79375005,0.81875,0.65000004,,0.8573913,0.8845693,0.8952476,0.8458848,0.8665793,0.9000412,,-0.004878059,-0.011758789,-0.024001941,0.012794808,0.010036379,-0.015946224,0.10419532,0.11398399,0.107302025,0.10391535,0.12615657,0.11169888,0.12336026,0.013290448,0.013845676,0.013375049,0.013084361,0.014517719,0.013608163,0.014832893,0.48498175,0.5199159,0.5058819,0.5027067,0.5183556,0.48192167,0.49357703,0.20277777,0.20902778,0.22569445,0.19861111,0.21597221,0.20694445,0.22222221,-0.0015114695,-0.002465956,-0.0015597623,-0.0007560873,-0.0042897975,-0.0010212158,-0.0021133572,0.013540931,0.010120094,0.00870864,0.0090131,0.010077288,0.012600994,0.012840191,,,-0.04555455,-0.14398727,0.31390768,0.13683447,-0.20376642,,,,0.00055816025,0.10170111,0.039467093,0.12494612,0.9948273,0.9937167,0.99358517,0.9934124,0.9927379,0.9942526,0.99367976,0.0459381,0.04562864,0.047765512,0.046278127,0.0471387,0.046615545,0.046551123,0.16580194,0.16880307,0.17256534,0.16930065,0.1731061,0.167671,0.17001584,0.0023036043,0.004041919,0.003342173,0.0030204454,0.004010928,0.0012599793,0.0022015327,0.4,0.275,0.45000002,0.35,0.4,0.625,0.35000002,,0.08986077,0.09359384,0.09083862,0.099623084,0.083560504,0.06134532,,0.975,0.975,0.925,1.0,0.875,0.75,,0.8625,0.82500005,0.8375,0.875,0.8,0.5875,,0.813836,0.8087598,0.8176419,0.8001857,0.82710314,0.87008554,,0.007273793,0.008220121,-0.0029680282,0.010312021,-0.0062717795,-0.042230025,0.09032874,0.09529905,0.10460101,0.09246583,0.10940904,0.08830705,0.11270016,0.009127619,0.00918458,0.009680108,0.009037361,0.010052764,0.008458806,0.011140496,0.5796957,0.62653506,0.60021996,0.66272557,0.60676086,0.6269126,0.56144446,0.16180556,0.12083333,0.1375,0.14652778,0.13611111,0.13125001,0.15833335,-0.0032050686,-0.0035797672,-0.003796672,-0.0044645146,-0.0043288893,-0.0036986934,-0.0027664783,0.01179728,0.011398332,0.015189793,0.011396064,0.0098603675,0.009451801,0.011520949,,,0.087009005,0.058938388,0.15155694,-0.025407756,-0.33197016,,,,-0.0068308557,0.0994731,-0.07288237,0.20263284,1.1535124,1.1960664,1.025822,1.1238242,1.1530726,1.264892,1.0945882,,,,-0.011987366,0.09449306,-0.07814648,0.19723216,,,-0.056128576,-0.040106755,-0.14302218,0.014024876,0.322204,,-0.002123475,0.0017207861,-0.011537969,0.003023386,-0.008405983,-0.04223007
cache_new/HiMoE-VLA/libero_spatial/pick_up_the_black_bowl_next_to_the_plate_and_place_it_on_the_plate/right-50x8b-20260903,right-50x8b-20260903,libero_spatial,libero_spatial/pick_up_the_black_bowl_next_to_the_plate_and_place_it_on_the_plate,286,35,1014,22,1029d0827030a7521361d1904eeb3e7e7f2792be5c99abdb5701abb7ee87c137,27886,True,220,object_released_or_dropped_before_goal,False,True,10,-1,failure_missed,0.9958415,0.99522114,0.99621767,0.9968355,0.99557567,0.99711084,0.9957188,0.042445857,0.044716887,0.043212175,0.04033945,0.04358601,0.039810263,0.042183373,0.15598732,0.16168302,0.15827914,0.15228274,0.15857244,0.15087685,0.158777,0.0024671769,0.0033161696,0.0018653754,0.0019258789,0.002443306,0.0012060627,0.0020125583,0.325,0.3,0.525,0.35,0.4,0.325,0.45,,0.07218485,0.05778522,0.054426007,0.07099591,0.046162456,0.03536917,,0.875,0.85,0.85,0.92499995,0.85,0.725,,0.79375,0.725,0.775,0.83125,0.63125,0.46875,,0.8552437,0.88145864,0.88881075,0.8623538,0.9046276,0.9238988,,-0.0040811747,-0.00789842,-0.018658042,0.006781146,-0.025857657,-0.040396333,0.10841609,0.11139883,0.10723588,0.10601544,0.12031178,0.1085019,0.11614331,0.013193717,0.013605516,0.013021038,0.013471277,0.014383616,0.0137650585,0.014246866,0.5095796,0.54017615,0.52150494,0.48489577,0.47526062,0.4647491,0.49438378,0.18749999,0.20277779,0.19375,0.23402777,0.21458334,0.22777778,0.21736111,-0.0013636849,-0.0025602197,-0.0011976871,-0.0012533752,-0.0021050847,-0.00077751634,-0.0016690401,0.013229655,0.009987367,0.009093135,0.009599207,0.010431482,0.012045603,0.012804447,,,-0.019486455,-0.08045569,0.17854834,-0.2495777,-0.5123477,,,,0.02580104,0.09108089,0.048268393,0.08345661,0.99485314,0.9936271,0.99359965,0.9931913,0.9933162,0.9951643,0.99280894,0.04571636,0.04616659,0.048009977,0.04627741,0.047545496,0.044579666,0.04768685,0.16578653,0.16887788,0.17185035,0.17021486,0.1710689,0.16331933,0.17427617,0.0025932402,0.004057965,0.003491798,0.0032713506,0.002859693,0.0009354309,0.002539083,0.325,0.275,0.425,0.35,0.425,0.65,0.425,,0.089628346,0.09620932,0.08790176,0.10007557,0.067793466,0.046606243,,0.975,0.95,1.0,0.975,0.72499996,0.65000004,,0.8625,0.83125,0.83125,0.83124995,0.64375,0.4375,,0.81460917,0.8035002,0.82174855,0.8009858,0.85775244,0.89845467,,0.008940965,0.014043346,-0.0098826885,0.016517803,-0.035021216,-0.081619546,0.09164815,0.094270825,0.103220694,0.09420911,0.10519755,0.08381108,0.115412116,0.009015073,0.009159228,0.009385737,0.009296676,0.010087606,0.008355871,0.011047885,0.591812,0.63665867,0.6179943,0.6477126,0.5790412,0.60984296,0.58518994,0.13958333,0.12291666,0.15277778,0.14097223,0.16250001,0.14513889,0.13819444,-0.003078283,-0.00361695,-0.0038079538,-0.0046886085,-0.004098243,-0.0030910613,-0.0036866888,0.011989384,0.011253192,0.014900817,0.012430678,0.008747976,0.010152606,0.012289544,,,0.11948611,0.031890504,0.16182104,-0.235053,-0.6023627,,,,0.013074699,0.09474102,-0.094230056,0.18569805,1.1829599,1.1816894,1.0388991,1.1253204,1.1436747,1.294601,1.0063355,,,,0.012355807,0.09400638,-0.09433671,0.18493788,,,-0.100193836,-0.032489073,-0.17872098,0.2325291,0.58884954,,-0.0003196597,0.007897377,-0.016415536,0.0061603785,-0.035445392,-0.083645284
cache_new/HiMoE-VLA/libero_spatial/pick_up_the_black_bowl_next_to_the_plate_and_place_it_on_the_plate/right-50x8b-20260903,right-50x8b-20260903,libero_spatial,libero_spatial/pick_up_the_black_bowl_next_to_the_plate_and_place_it_on_the_plate,287,35,1015,22,1029d0827030a7521361d1904eeb3e7e7f2792be5c99abdb5701abb7ee87c137,27887,True,220,object_released_or_dropped_before_goal,False,True,10,19,failure_detected,0.9959911,0.995257,0.99642646,0.9967712,0.9945482,0.9969491,0.99560565,0.04259389,0.044708982,0.043193936,0.040261354,0.046852358,0.04020354,0.04262932,0.1555919,0.16183156,0.1572804,0.1525645,0.16320969,0.15145153,0.15945229,0.0023654667,0.003364548,0.0016908303,0.0019440575,0.003733107,0.001286671,0.002095385,0.325,0.275,0.425,0.35,0.45,0.4,0.375,,0.07203413,0.055543028,0.055240054,0.07673243,0.056916233,0.038397737,,0.9,0.92499995,0.9,0.975,0.825,0.725,,0.80625,0.65625,0.75625,0.8,0.6375,0.57500005,,0.8551106,0.88459796,0.8869588,0.85412216,0.8875906,0.9186595,,-0.00835672,-0.011988118,-0.015261114,0.012131825,-0.008257687,-0.035886005,0.10154413,0.116869435,0.108853064,0.100900404,0.12494947,0.112853415,0.12504324,0.01298789,0.013683067,0.013509215,0.012715631,0.0144847995,0.014006872,0.014577229,0.495309,0.5453082,0.48369423,0.5082531,0.50579596,0.46208048,0.48910025,0.20277779,0.20416667,0.21458334,0.19861111,0.19791666,0.22986111,0.19097221,-0.0016150374,-0.0018653239,-0.0014168103,-0.0006996942,-0.0033347092,-0.0011166834,-0.0018957648,0.0135874,0.010390928,0.00876068,0.009862926,0.012809794,0.011127333,0.014093779,,,-0.04849065,-0.06289093,0.26529455,-0.035227776,-0.4202978,,,,-0.039061286,0.088809,0.057554323,0.0975291,0.99499166,0.99387854,0.99337023,0.9933934,0.9928739,0.99450797,0.99258584,0.045619763,0.045111313,0.047857866,0.046224557,0.048040956,0.045732133,0.0488407,0.16422483,0.16726847,0.17243178,0.16959833,0.17331721,0.16653372,0.17548364,0.0024440454,0.0038288669,0.0035191434,0.0033256286,0.004123284,0.0012500214,0.00243125,0.375,0.39999998,0.5,0.4,0.45,0.6,0.425,,0.08932295,0.091932386,0.08952591,0.09876262,0.079375446,0.05195897,,1.0,0.95,0.95,0.95000005,0.75,0.65,,0.9,0.83124995,0.81875,0.85625,0.78125,0.48125,,0.81603724,0.81142175,0.8174459,0.8004031,0.83549047,0.8890075,,0.007084653,0.0045122504,-0.005454451,0.008581325,-0.013872772,-0.077594504,0.08856961,0.097241454,0.1059302,0.09024103,0.11772008,0.08917382,0.11866165,0.008874233,0.009384775,0.009638816,0.008987356,0.011290132,0.00886452,0.011252622,0.59404314,0.6216066,0.6143248,0.6600872,0.57133013,0.60578936,0.56626904,0.14583334,0.13611111,0.14444444,0.1375,0.14166667,0.1375,0.15416667,-0.0030158705,-0.00350965,-0.004345709,-0.004359863,-0.0044879904,-0.0037001893,-0.0040461672,0.011373676,0.011942188,0.014261872,0.01138163,0.014799133,0.011011955,0.013587263,,,0.080269486,0.05288601,0.14872131,-0.06752668,-0.49420735,,,,-0.026598874,0.20127128,-0.041166835,0.19828717,1.1464895,1.2018479,1.0275923,1.1181211,1.0614116,1.2655442,1.0537797,,,,-0.033188183,0.19492216,-0.046950046,0.19159429,,,-0.08685285,-0.06948544,-0.13052134,0.09068638,0.478808,,0.00093871355,-0.0010804534,-0.008951545,0.0010209084,-0.013872743,-0.078167796
cache_new/HiMoE-VLA/libero_spatial/pick_up_the_black_bowl_next_to_the_plate_and_place_it_on_the_plate/right-50x8b-20260903,right-50x8b-20260903,libero_spatial,libero_spatial/pick_up_the_black_bowl_next_to_the_plate_and_place_it_on_the_plate,288,36,1008,10,1029d0827030a7521361d1904eeb3e7e7f2792be5c99abdb5701abb7ee87c137,27888,False,96,,False,True,-1,-1,success_no_alarm,0.9950899,0.99660873,0.99704176,0.99688387,0.99550533,,,0.0447288,0.042797185,0.040700074,0.04079119,0.042697165,,,0.16024648,0.15561166,0.15334973,0.15333961,0.15773621,,,0.0030535003,0.0016317542,0.0018460962,0.0018254067,0.0030168681,,,0.3,0.5,0.35,0.325,0.35000002,,,,0.054908685,0.07125643,0.055352204,0.060519516,,,,0.8,1.0,1.0,0.92499995,,,,0.69375,0.89375,0.8375,0.90625,,,,0.8894414,0.85615706,0.88339305,0.87424445,,,,-0.016894042,0.014892757,-0.0060087144,-0.008101523,,,0.11555299,0.10937108,0.10027565,0.10137789,0.11092295,,,0.014151623,0.013100364,0.01276405,0.012511814,0.013707453,,,0.49916464,0.51930606,0.48570222,0.5191635,0.51948506,,,0.20277777,0.20069446,0.20625,0.21319444,0.22916667,,,-0.002162011,-0.0011579765,-0.0010129606,-0.0007830886,-0.0021859854,,,0.013632238,0.012677894,0.009319646,0.013178869,0.010182992,,,,,0.35618454,0.10845042,0.19579533,,,,,,-0.029742144,0.059436884,,,0.9948498,0.9937004,0.9934053,0.9929014,0.9940496,,,0.04403747,0.04587159,0.046940945,0.04772332,0.04515293,,,0.16384147,0.16722128,0.16902055,0.17189924,0.16539794,,,0.0028065506,0.0027283155,0.0038258056,0.0047364878,0.0024093739,,,0.275,0.425,0.35000002,0.35,0.5,,,,0.09064586,0.09952705,0.09863846,0.09771923,,,,1.0,1.0,1.0,0.95000005,,,,0.86249995,0.94375,0.875,0.79375,,,,0.8139622,0.79728997,0.80418766,0.8082039,,,,0.0135793835,0.014536485,0.0113954395,0.01862827,,,0.09737069,0.09339504,0.093245685,0.09063393,0.08910885,,,0.009559699,0.009214727,0.009078404,0.00895753,0.00903622,,,0.580744,0.62059045,0.6349591,0.6496563,0.65764374,,,0.15972222,0.15069444,0.13958333,0.12013889,0.14791666,,,-0.0032133753,-0.004250345,-0.0045070634,-0.0049899565,-0.004199937,,,0.014117295,0.012863852,0.012775723,0.015872302,0.01238121,,,,,0.19777787,0.18510671,0.17964078,,,,,,0.010048007,0.019088987,,,1.1867328,1.1710588,1.0753919,1.1185423,1.2448028,,,,,,0.005571433,0.014317875,,,,,-0.20645995,-0.20543507,-0.1754077,,,,0.013579428,0.008191705,0.0036656857,0.0124982,,
cache_new/HiMoE-VLA/libero_spatial/pick_up_the_black_bowl_next_to_the_plate_and_place_it_on_the_plate/right-50x8b-20260903,right-50x8b-20260903,libero_spatial,libero_spatial/pick_up_the_black_bowl_next_to_the_plate_and_place_it_on_the_plate,289,36,1009,10,1029d0827030a7521361d1904eeb3e7e7f2792be5c99abdb5701abb7ee87c137,27889,False,97,,False,True,-1,-1,success_no_alarm,0.99532825,0.9967467,0.99741817,0.9967578,0.9952975,,,0.04352756,0.042029977,0.040181946,0.04044097,0.043390274,,,0.15836711,0.15418169,0.15152442,0.15392087,0.15865931,,,0.0028252795,0.0015886037,0.0014409911,0.0018332319,0.0031312194,,,0.275,0.475,0.375,0.32500002,0.32500002,,,,0.054683596,0.06653491,0.05624279,0.06624882,,,,0.87499994,0.95,0.975,1.0,,,,0.70624995,0.825,0.79999995,0.85625005,,,,0.88842535,0.86427623,0.8825363,0.86381245,,,,-0.014109328,0.008524701,-0.008092031,-0.0016369373,,,0.11010355,0.110485435,0.09987523,0.106377535,0.112018496,,,0.013462515,0.013522945,0.012853018,0.012816669,0.013774674,,,0.515291,0.48933196,0.46861747,0.516358,0.5028088,,,0.18888889,0.24583332,0.25277776,0.2375,0.23124999,,,-0.0017894967,-0.0012401154,-0.000495826,-0.0011532984,-0.0024703932,,,0.012934716,0.01073096,0.010008811,0.009859516,0.013185717,,,,,0.3155371,0.15096584,0.31263077,,,,,,-0.016759874,0.05273914,,,0.9948573,0.99364126,0.9939847,0.9936503,0.9944247,,,0.043986347,0.0449557,0.04720015,0.04550427,0.044744357,,,0.1635219,0.16630119,0.17066997,0.16662166,0.16242787,,,0.0027944602,0.002623217,0.0030969433,0.0038101554,0.0025162783,,,0.35,0.45000002,0.32500002,0.3,0.42499998,,,,0.08886613,0.09654277,0.09235441,0.09440671,,,,1.0,0.975,0.95,0.92499995,,,,0.875,0.87500006,0.82500005,0.88124996,,,,0.8181717,0.8043243,0.81089,0.8138116,,,,0.011516541,0.015242085,0.007378787,0.008856639,,,0.09415224,0.09469433,0.08931932,0.088364154,0.08746306,,,0.009396197,0.009417872,0.009224903,0.008860164,0.008936865,,,0.5896494,0.61515266,0.6259885,0.6323129,0.6440126,,,0.16180556,0.15347221,0.14583334,0.13402778,0.14305556,,,-0.003241512,-0.004233164,-0.0039174035,-0.0040182713,-0.0036483365,,,0.013534762,0.012178395,0.013145299,0.01201457,0.013182926,,,,,0.18074769,0.1369716,0.15900108,,,,,,-0.01566168,-0.007355472,,,1.1694204,1.1667587,1.1181817,1.203854,1.2807521,,,,,,-0.021591527,-0.012971906,,,,,-0.22086255,-0.116521314,-0.17433546,,,,0.011470318,0.012769699,0.0021407008,0.003192544,,
cache_new/HiMoE-VLA/libero_spatial/pick_up_the_black_bowl_next_to_the_plate_and_place_it_on_the_plate/right-50x8b-20260903,right-50x8b-20260903,libero_spatial,libero_spatial/pick_up_the_black_bowl_next_to_the_plate_and_place_it_on_the_plate,290,36,1010,10,1029d0827030a7521361d1904eeb3e7e7f2792be5c99abdb5701abb7ee87c137,27890,False,96,,False,True,-1,-1,success_no_alarm,0.99501634,0.9970002,0.99706113,0.99690247,0.9944896,,,0.04441968,0.041444156,0.04056239,0.040499263,0.04598441,,,0.16006781,0.15375051,0.15324691,0.15279065,0.16267449,,,0.003119129,0.0014957504,0.0017842168,0.001790477,0.0041155447,,,0.3,0.45000002,0.35000002,0.275,0.375,,,,0.050089397,0.07116644,0.057505816,0.06809015,,,,0.75,0.975,0.975,0.95000005,,,,0.66875,0.875,0.825,0.8375,,,,0.89580894,0.85464585,0.8793366,0.8626596,,,,-0.019875064,0.012689352,-0.001371935,-0.0011372417,,,0.11572985,0.108553216,0.10306265,0.098377846,0.1159427,,,0.013738906,0.013293954,0.012888033,0.012627333,0.013963401,,,0.52519345,0.49518296,0.47669232,0.48011827,0.5407097,,,0.19652778,0.2236111,0.20277777,0.23055555,0.19722223,,,-0.0021749097,-0.000771411,-0.0007505151,-0.0012241898,-0.0030015102,,,0.012757648,0.012839292,0.008513465,0.011745681,0.009703683,,,,,0.37990513,0.1698778,0.33289164,,,,,,-0.030947182,0.0683845,,,0.9947827,0.99397695,0.9935807,0.993665,0.99392235,,,0.044547368,0.045360923,0.046816625,0.047636632,0.045915462,,,0.16486463,0.16383055,0.16997382,0.1684755,0.16777357,,,0.0028455218,0.00257231,0.0037790607,0.0038802896,0.002618195,,,0.275,0.45000002,0.325,0.35,0.375,,,,0.08554829,0.09825183,0.09099239,0.090625025,,,,0.95,0.95,1.0,0.92499995,,,,0.8625,0.9,0.875,0.84375,,,,0.8267499,0.800169,0.8161107,0.81690204,,,,0.006298423,0.017766848,0.008086562,0.0035954118,,,0.0964375,0.09075939,0.09628316,0.085731894,0.09205737,,,0.00942218,0.009098612,0.009308065,0.0087198755,0.008993333,,,0.58190864,0.6100694,0.6038835,0.6361889,0.6660807,,,0.16111112,0.14722222,0.14166668,0.13958335,0.14861111,,,-0.0032376768,-0.004034077,-0.0041428898,-0.0044270568,-0.004051722,,,0.013980607,0.011763085,0.012749828,0.014458158,0.01213765,,,,,0.1890258,0.10560516,0.10614119,,,,,,-0.012880231,0.017885134,,,1.2000504,1.1960549,1.070412,1.1475058,1.2594614,,,,,,-0.015506062,0.015372484,,,,,-0.21461844,-0.1173092,-0.093385115,,,,0.006298423,0.010309458,0.006224692,0.0013350844,,
cache_new/HiMoE-VLA/libero_spatial/pick_up_the_black_bowl_next_to_the_plate_and_place_it_on_the_plate/right-50x8b-20260903,right-50x8b-20260903,libero_spatial,libero_spatial/pick_up_the_black_bowl_next_to_the_plate_and_place_it_on_the_plate,291,36,1011,10,1029d0827030a7521361d1904eeb3e7e7f2792be5c99abdb5701abb7ee87c137,27891,False,96,,False,True,-1,-1,success_no_alarm,0.99542814,0.9968804,0.99712825,0.99685013,0.99526876,,,0.04289568,0.041578844,0.040273584,0.041129805,0.043210275,,,0.15750113,0.15375812,0.15355816,0.15428525,0.15873921,,,0.0027679405,0.0014913476,0.0017770624,0.0019185696,0.0031740428,,,0.32500002,0.425,0.22500001,0.3,0.35000002,,,,0.051988024,0.06997009,0.059893645,0.061906494,,,,0.775,0.975,0.975,0.92499995,,,,0.69374996,0.88125,0.8625,0.8125,,,,0.89385605,0.8580508,0.8762269,0.87305695,,,,-0.0147045255,0.009298995,-0.0012823492,-0.0077664405,,,0.11657229,0.11008619,0.104468055,0.104452595,0.11330058,,,0.013814152,0.013485948,0.0130570065,0.01252057,0.013680869,,,0.50237733,0.4936342,0.4890236,0.50361633,0.513968,,,0.20347223,0.22708333,0.21666667,0.21875,0.22916667,,,-0.0019693216,-0.0008803104,-0.0006146316,-0.0010440896,-0.0024103713,,,0.01300441,0.012332621,0.009749616,0.01247395,0.010586977,,,,,0.35927874,0.20496306,0.23312485,,,,,,-0.04746895,0.040008496,,,0.9946625,0.9942213,0.99327564,0.9927918,0.9945851,,,0.044691555,0.044321712,0.047998466,0.048255976,0.044940047,,,0.164397,0.16436638,0.17295907,0.17162605,0.16443262,,,0.0027562457,0.0023535825,0.0038682853,0.0049331505,0.002311378,,,0.35,0.375,0.35000002,0.325,0.42499998,,,,0.0924587,0.09979904,0.09941492,0.0935682,,,,0.975,1.0,0.975,0.875,,,,0.95000005,0.95624995,0.85625005,0.75,,,,0.8099436,0.7974856,0.8013708,0.8154521,,,,0.020716667,0.017546684,0.013559654,0.012279928,,,0.1003405,0.09209015,0.09645063,0.09099698,0.089606054,,,0.009649798,0.009016787,0.0094852615,0.008907157,0.009059824,,,0.57989687,0.6183346,0.6148349,0.6275389,0.649357,,,0.17569445,0.14444444,0.13402778,0.1326389,0.15763889,,,-0.0032475656,-0.0036168639,-0.0043585734,-0.0050178003,-0.0037450083,,,0.013256261,0.012491593,0.015678633,0.013947311,0.013193528,,,,,0.16769084,0.15844026,0.102091365,,,,,,-0.00414942,0.01286188,,,1.1617671,1.1954176,1.0831246,1.1478688,1.2644299,,,,,,-0.002572385,0.014422222,,,,,-0.17832416,-0.20252441,-0.10347137,,,,0.015961647,0.011588812,0.010926783,0.011446714,,
cache_new/HiMoE-VLA/libero_spatial/pick_up_the_black_bowl_next_to_the_plate_and_place_it_on_the_plate/right-50x8b-20260903,right-50x8b-20260903,libero_spatial,libero_spatial/pick_up_the_black_bowl_next_to_the_plate_and_place_it_on_the_plate,292,36,1012,10,1029d0827030a7521361d1904eeb3e7e7f2792be5c99abdb5701abb7ee87c137,27892,False,96,,False,True,-1,-1,success_no_alarm,0.9952999,0.9964428,0.9972028,0.9968535,0.9947121,,,0.043898188,0.042660892,0.040651772,0.040825073,0.044166386,,,0.15881412,0.15645745,0.15346251,0.15385202,0.16179289,,,0.0028777514,0.0017717308,0.0016642761,0.0018840528,0.0037096487,,,0.35000002,0.475,0.3,0.325,0.25,,,,0.05675487,0.068662524,0.054172147,0.07067956,,,,0.775,0.925,0.975,0.95000005,,,,0.66875,0.825,0.76875,0.8375,,,,0.8858619,0.8615984,0.88728327,0.8568941,,,,-0.010604814,0.008206531,-0.012560651,0.0024870932,,,0.11225661,0.11047636,0.10355499,0.1035899,0.11872056,,,0.013470769,0.013148937,0.013053993,0.01288269,0.014002563,,,0.5357343,0.5213473,0.46640888,0.4851335,0.5315472,,,0.18125,0.21597221,0.21666665,0.21597223,0.19236112,,,-0.001561396,-0.0008412015,-0.0010150932,-0.0009104245,-0.0029479375,,,0.012182206,0.012295121,0.009707248,0.008097011,0.011223187,,,,,0.33513695,0.10358021,0.36355433,,,,,,-0.002327791,0.079291895,,,0.9949051,0.99410444,0.99370825,0.9935603,0.99357074,,,0.044103578,0.04412841,0.047455505,0.045653023,0.046544943,,,0.16391273,0.16424783,0.16971624,0.16744654,0.1689296,,,0.002658525,0.0025181356,0.0034649686,0.0039340686,0.0035646844,,,0.3,0.45,0.32500002,0.325,0.32500002,,,,0.090832844,0.10109423,0.09001887,0.10022851,,,,1.0,0.975,0.9,1.0,,,,0.925,0.93125004,0.83125,0.90625,,,,0.8128946,0.7957244,0.81797683,0.799973,,,,0.019102499,0.022276312,-0.0008729696,0.014324591,,,0.09748498,0.09075056,0.09463857,0.08854619,0.09831922,,,0.009455251,0.008868641,0.009321675,0.0088964645,0.009571707,,,0.58901167,0.6271348,0.6245325,0.620771,0.64316726,,,0.15763889,0.1611111,0.14097223,0.15486111,0.1388889,,,-0.0029669243,-0.003739986,-0.0043018535,-0.004299824,-0.0042534405,,,0.01353655,0.011508574,0.01419841,0.011687223,0.01210783,,,,,0.21765622,0.09557527,0.20997925,,,,,,0.02438113,0.097456284,,,1.1515272,1.2173629,1.0942154,1.1698968,1.207501,,,,,,0.02993427,0.10309184,,,,,-0.2380749,-0.10895978,-0.21541992,,,,0.01790309,0.018100202,-0.0022907853,0.011579633,,
cache_new/HiMoE-VLA/libero_spatial/pick_up_the_black_bowl_next_to_the_plate_and_place_it_on_the_plate/right-50x8b-20260903,right-50x8b-20260903,libero_spatial,libero_spatial/pick_up_the_black_bowl_next_to_the_plate_and_place_it_on_the_plate,293,36,1013,10,1029d0827030a7521361d1904eeb3e7e7f2792be5c99abdb5701abb7ee87c137,27893,False,96,,False,True,-1,-1,success_no_alarm,0.99534905,0.9967319,0.99716103,0.99682075,0.9937237,,,0.043648064,0.042114954,0.04101718,0.04052847,0.046529368,,,0.15873553,0.15481795,0.15337163,0.15266651,0.1638462,,,0.0027572603,0.0016012789,0.0017683771,0.0017598469,0.0046012583,,,0.325,0.375,0.325,0.3,0.3,,,,0.052325726,0.07227807,0.05265289,0.072631285,,,,0.77500004,0.975,0.925,0.975,,,,0.65,0.90000004,0.775,0.81875,,,,0.8931742,0.8528799,0.8891088,0.85467964,,,,-0.01706846,0.014216974,-0.012654215,-0.004228562,,,0.110701494,0.10796234,0.101717934,0.10333636,0.1241035,,,0.013682383,0.013216389,0.012951139,0.012947708,0.014733434,,,0.50412893,0.48621607,0.47922885,0.5034956,0.52990746,,,0.19375001,0.21805555,0.21944444,0.24097222,0.20208333,,,-0.0022227727,-0.0013598668,-0.0008847647,-0.0008877228,-0.004034661,,,0.012493318,0.012853758,0.009976494,0.009849554,0.010175154,,,,,0.3781019,0.06751293,0.38163346,,,,,,0.0036023213,0.12915148,,,0.9948224,0.9939741,0.993161,0.9935252,0.9935404,,,0.04419867,0.04467248,0.048181072,0.044798233,0.046706017,,,0.16406876,0.16548121,0.17384756,0.16704689,0.17043447,,,0.0026265534,0.002580978,0.0037396594,0.0037083072,0.0036544595,,,0.275,0.375,0.4,0.325,0.4,,,,0.090133876,0.10186105,0.090690196,0.10310737,,,,0.95,1.0,0.9,1.0,,,,0.8874999,0.93125,0.83750004,0.84375,,,,0.81449825,0.7934872,0.81666064,0.79754215,,,,0.016975224,0.021213546,0.0030095428,0.02138935,,,0.094366446,0.09016003,0.0951291,0.08999175,0.10036348,,,0.009280738,0.008931568,0.009273568,0.009041222,0.00992021,,,0.586874,0.6203817,0.63002926,0.6385944,0.63121307,,,0.15069444,0.14652778,0.14305556,0.14930555,0.14791667,,,-0.0032741542,-0.003928153,-0.004658219,-0.0042570005,-0.0042710686,,,0.013432976,0.01168914,0.014811091,0.013732171,0.013276413,,,,,0.19739547,0.073608845,0.20777962,,,,,,0.0382567,0.13082343,,,1.1731023,1.1974524,1.069262,1.148287,1.2365404,,,,,,0.029807579,0.12258732,,,,,-0.21911077,-0.0689345,-0.17391697,,,,0.011322916,0.012685895,-0.00024235249,0.013937473,,
cache_new/HiMoE-VLA/libero_spatial/pick_up_the_black_bowl_next_to_the_plate_and_place_it_on_the_plate/right-50x8b-20260903,right-50x8b-20260903,libero_spatial,libero_spatial/pick_up_the_black_bowl_next_to_the_plate_and_place_it_on_the_plate,294,36,1014,10,1029d0827030a7521361d1904eeb3e7e7f2792be5c99abdb5701abb7ee87c137,27894,False,96,,False,True,-1,-1,success_no_alarm,0.9952123,0.9967502,0.99698997,0.99700516,0.99533427,,,0.04401213,0.04184617,0.04130932,0.040232524,0.04338853,,,0.1590946,0.15424228,0.1545203,0.15256605,0.1592994,,,0.0029082093,0.0016724281,0.0019182429,0.0017563041,0.0031633284,,,0.3,0.4,0.325,0.35000002,0.3,,,,0.051934443,0.07010043,0.05826846,0.06246294,,,,0.775,0.95,1.0,0.975,,,,0.68125,0.89375,0.8125,0.81874996,,,,0.8935909,0.85846514,0.87780356,0.8717731,,,,-0.020672768,0.00855343,-0.0026232302,-0.006281957,,,0.11314906,0.10789321,0.10625091,0.100986905,0.11452977,,,0.013541052,0.013348402,0.013065827,0.012475063,0.013942418,,,0.5228214,0.4940033,0.4913423,0.49166617,0.51395375,,,0.19305556,0.24930555,0.2048611,0.22986111,0.20694444,,,-0.0018972438,-0.0011669883,-0.00049214554,-0.0011682094,-0.002424405,,,0.0129687935,0.011540865,0.010000682,0.012655271,0.010869055,,,,,0.372498,0.19179173,0.2581429,,,,,,-0.051840927,0.059068076,,,0.9950525,0.9938166,0.99354553,0.99384403,0.9943288,,,0.044135265,0.04550098,0.04780268,0.045426186,0.04494621,,,0.16344902,0.16557404,0.17186493,0.16576146,0.16538203,,,0.0026835827,0.002789249,0.0037455412,0.0038233977,0.0022719768,,,0.3,0.39999998,0.325,0.3,0.42499998,,,,0.08643444,0.10079634,0.09172314,0.091203526,,,,1.0,1.0,1.0,0.875,,,,0.88124996,0.95,0.8625,0.81875,,,,0.8214108,0.7949824,0.81599224,0.8157129,,,,0.008080527,0.02089274,0.008292332,0.010337055,,,0.094766274,0.08978294,0.093606114,0.08497279,0.08907397,,,0.009337186,0.0090522785,0.009115977,0.008664965,0.008813355,,,0.5806344,0.62346226,0.63004863,0.62590384,0.65958273,,,0.15694444,0.15069444,0.14097223,0.12291667,0.16180556,,,-0.0028904092,-0.0042657545,-0.0043465346,-0.0042969007,-0.0036026065,,,0.0139695965,0.011954183,0.01392621,0.013649979,0.013183196,,,,,0.21973468,0.12219852,0.119951226,,,,,,-0.022124551,-0.0054405946,,,1.1939802,1.2017118,1.1350852,1.1884617,1.2857827,,,,,,-0.029273994,-0.0122936135,,,,,-0.23275828,-0.12544087,-0.121806055,,,,0.005958736,0.012743413,0.004045844,0.0034384727,,
cache_new/HiMoE-VLA/libero_spatial/pick_up_the_black_bowl_next_to_the_plate_and_place_it_on_the_plate/right-50x8b-20260903,right-50x8b-20260903,libero_spatial,libero_spatial/pick_up_the_black_bowl_next_to_the_plate_and_place_it_on_the_plate,295,36,1015,10,1029d0827030a7521361d1904eeb3e7e7f2792be5c99abdb5701abb7ee87c137,27895,False,96,,False,True,-1,-1,success_no_alarm,0.99517363,0.9967109,0.99695647,0.99660814,0.9941778,,,0.044323556,0.04206796,0.04151588,0.041714057,0.04608076,,,0.15932778,0.15484199,0.15468483,0.15441787,0.1629075,,,0.0029524434,0.0016410068,0.0019804146,0.0020399722,0.0042252867,,,0.3,0.4,0.35,0.375,0.275,,,,0.0544084,0.07200415,0.057343632,0.07044563,,,,0.75,0.95,0.925,0.975,,,,0.68125,0.89374995,0.83124995,0.86875,,,,0.8903624,0.8554845,0.87932825,0.85843086,,,,-0.0117738545,0.012648955,-0.0031193048,-0.004043311,,,0.109247565,0.1121237,0.10771933,0.10078005,0.12116416,,,0.013757577,0.013377011,0.013296445,0.012272558,0.014090475,,,0.5026838,0.49950933,0.46730846,0.5271436,0.53009003,,,0.21527779,0.21805558,0.21736111,0.21736112,0.23124999,,,-0.0023421284,-0.00063882954,-0.0009248195,-0.0010955639,-0.0035982039,,,0.012712283,0.011772198,0.009374716,0.01098942,0.010407846,,,,,0.3776595,0.15028478,0.35248893,,,,,,-0.06145127,0.07480515,,,0.9948562,0.9937437,0.99333274,0.9933822,0.99374866,,,0.044033516,0.045018755,0.047791038,0.04679348,0.045708388,,,0.1639795,0.16525641,0.17065048,0.16926925,0.16784726,,,0.0027359172,0.0025676321,0.003966453,0.0041202568,0.0029548681,,,0.3,0.47500002,0.35000002,0.375,0.35,,,,0.0894798,0.103121206,0.094118096,0.096043356,,,,1.0,1.0,0.975,0.9,,,,0.88125,0.9375,0.875,0.78749996,,,,0.81640935,0.79085135,0.81207013,0.8123679,,,,0.013673648,0.020992711,0.002046436,0.014253661,,,0.09345105,0.093743734,0.09782718,0.08945902,0.09418353,,,0.009428201,0.009075674,0.009485895,0.00880466,0.009294065,,,0.58678305,0.62673575,0.61775047,0.65657365,0.6743331,,,0.15694444,0.15763889,0.14930555,0.12708333,0.13749999,,,-0.0031636553,-0.0041935043,-0.0044733547,-0.004598025,-0.004193625,,,0.013326356,0.012196212,0.012045192,0.014879108,0.012582083,,,,,0.23024924,0.13625972,0.15926825,,,,,,-0.013380252,0.040814742,,,1.1690352,1.196066,1.1011187,1.12655,1.2864686,,,,,,-0.0080623515,0.04603247,,,,,-0.23661527,-0.13831146,-0.15038408,,,,0.013565421,0.01720351,0.0002757311,0.009094536,,
cache_new/HiMoE-VLA/libero_spatial/pick_up_the_black_bowl_next_to_the_plate_and_place_it_on_the_plate/right-50x8b-20260903,right-50x8b-20260903,libero_spatial,libero_spatial/pick_up_the_black_bowl_next_to_the_plate_and_place_it_on_the_plate,296,37,1008,10,1029d0827030a7521361d1904eeb3e7e7f2792be5c99abdb5701abb7ee87c137,27896,False,91,,False,True,-1,-1,success_no_alarm,0.99607766,0.995363,0.99710166,0.9966226,0.9947989,,,0.042282756,0.04486845,0.04148707,0.040431615,0.04594353,,,0.15569496,0.16031957,0.15375036,0.15306336,0.16286102,,,0.0021660184,0.002988852,0.0016533552,0.0020178552,0.0037806088,,,0.325,0.4,0.35000002,0.47500002,0.25,,,,0.060233157,0.057135355,0.054175746,0.0738768,,,,0.85,0.92499995,0.95,0.925,,,,0.70000005,0.83124995,0.75,0.83124995,,,,0.8771746,0.8791641,0.88764685,0.85453016,,,,-0.013319239,-0.002738431,-0.0190451,0.0025387257,,,0.108178556,0.11321427,0.10036229,0.099749714,0.12560712,,,0.013362796,0.013424683,0.013092595,0.01257371,0.014809966,,,0.49283776,0.5401466,0.49234593,0.51817936,0.54076505,,,0.20347223,0.21388888,0.21944444,0.2138889,0.23333332,,,-0.0014528406,-0.002234261,-0.0007738015,-0.0008518129,-0.0029042365,,,0.015129119,0.0133465715,0.0054809814,0.011789755,0.00942354,,,,,0.11458512,0.068543516,0.3625823,,,,,,-0.041217323,0.118592754,,,0.9953171,0.9934233,0.9935732,0.9945297,0.9924548,,,0.04358502,0.047643866,0.04592195,0.04530771,0.047568843,,,0.16197118,0.1703573,0.16784473,0.16678704,0.17215426,,,0.0020616937,0.0030460535,0.0030745168,0.0023203727,0.004514992,,,0.5,0.4,0.375,0.375,0.4,,,,0.09627834,0.09282173,0.08957892,0.10001423,,,,0.9,0.975,0.975,0.925,,,,0.875,0.86249995,0.89374995,0.8625,,,,0.8079773,0.8097743,0.81401163,0.79435176,,,,0.020170674,0.003837943,-0.0008480847,0.0123678,,,0.08734977,0.09416485,0.091786444,0.083480164,0.10259223,,,0.008975819,0.008944382,0.009041429,0.00852421,0.009870302,,,0.5784225,0.64167166,0.6149275,0.6511576,0.632726,,,0.16388889,0.14097223,0.15277778,0.14166667,0.14097221,,,-0.0028619461,-0.00407291,-0.0038911074,-0.003313435,-0.004719754,,,0.013674866,0.011431523,0.01203368,0.0131167015,0.011627698,,,,,0.14510511,0.1101675,0.2204271,,,,,,-0.034950323,0.11113529,,,1.2384527,1.2022986,1.0934327,1.1948912,1.2243336,,,,,,-0.037168294,0.10945178,,,,,-0.12623686,-0.066698894,-0.19271317,,,,0.013358474,0.00137496,-0.008984387,0.0037028193,,
cache_new/HiMoE-VLA/libero_spatial/pick_up_the_black_bowl_next_to_the_plate_and_place_it_on_the_plate/right-50x8b-20260903,right-50x8b-20260903,libero_spatial,libero_spatial/pick_up_the_black_bowl_next_to_the_plate_and_place_it_on_the_plate,297,37,1009,9,1029d0827030a7521361d1904eeb3e7e7f2792be5c99abdb5701abb7ee87c137,27897,False,90,,False,True,-1,-1,success_no_alarm,0.996069,0.9952514,0.997308,0.9965928,,,,0.041986592,0.04510938,0.041278407,0.04089858,,,,0.154814,0.16111523,0.1527104,0.15359354,,,,0.0021043625,0.003161643,0.0013437865,0.002118981,,,,0.325,0.32500002,0.325,0.3,,,,,0.06230023,0.05480758,0.05425236,,,,,0.79999995,0.95,0.925,,,,,0.725,0.7687501,0.74375,,,,,0.8744633,0.88411343,0.8875791,,,,,-0.011894241,-0.0089508,-0.018426135,,,,0.1039618,0.11448516,0.10023036,0.10282337,,,,0.012991512,0.013395982,0.012888708,0.012790448,,,,0.50811857,0.5269053,0.48824653,0.51126516,,,,0.18472221,0.21666667,0.20416667,0.21388888,,,,-0.0012689739,-0.0025882185,-0.00056185015,-0.0011330906,,,,0.015264117,0.011675611,0.0070511866,0.009057211,,,,,,0.06427473,0.06478507,,,,,,,-0.021994786,,,,0.9951575,0.9933644,0.9936204,0.99535465,,,,0.044090543,0.04719849,0.0456772,0.04390035,,,,0.16263679,0.17001912,0.16756211,0.16279769,,,,0.0020350362,0.0031595966,0.0026571148,0.0019132725,,,,0.45,0.39999998,0.375,0.525,,,,,0.09623991,0.09072156,0.084586106,,,,,0.975,1.0,0.95000005,,,,,0.9125,0.8375,0.85625005,,,,,0.8053855,0.8119654,0.8261423,,,,,0.019354329,0.00855653,-0.0060309917,,,,0.0854353,0.09506959,0.08874765,0.08370862,,,,0.008905213,0.009018721,0.008628083,0.008487832,,,,0.5848683,0.6262568,0.61728585,0.6281867,,,,0.16736111,0.14444445,0.13958333,0.14583334,,,,-0.002960974,-0.0039339485,-0.0036357131,-0.0026947963,,,,0.013826318,0.011997264,0.011093341,0.011773376,,,,,,0.108776614,0.036209323,,,,,,,-0.02512152,,,,1.2168484,1.2042248,1.1293861,1.2283486,,,,,,,-0.017012183,,,,,,-0.08896841,-0.02769455,,,,,0.017859042,0.003888607,-0.011547387,,,
cache_new/HiMoE-VLA/libero_spatial/pick_up_the_black_bowl_next_to_the_plate_and_place_it_on_the_plate/right-50x8b-20260903,right-50x8b-20260903,libero_spatial,libero_spatial/pick_up_the_black_bowl_next_to_the_plate_and_place_it_on_the_plate,298,37,1010,9,1029d0827030a7521361d1904eeb3e7e7f2792be5c99abdb5701abb7ee87c137,27898,False,89,,False,True,-1,-1,success_no_alarm,0.99579746,0.99544775,0.9972057,0.99658775,,,,0.042268187,0.045127667,0.04134316,0.0409204,,,,0.15650038,0.16027427,0.15315409,0.15362296,,,,0.0024310264,0.0029723588,0.0014676655,0.0020706367,,,,0.4,0.375,0.425,0.35000002,,,,,0.06273506,0.056954872,0.0530991,,,,,0.825,0.9,0.975,,,,,0.75,0.80625,0.775,,,,,0.8729192,0.8795903,0.8900534,,,,,-0.010971934,-0.003964618,-0.02181369,,,,0.11105888,0.11368868,0.10098073,0.1023731,,,,0.013667293,0.013443244,0.012963745,0.013161884,,,,0.51161474,0.5466086,0.48407114,0.4817748,,,,0.23194444,0.22708334,0.20555556,0.20694445,,,,-0.0016719466,-0.002268623,-0.0005489858,-0.0013134488,,,,0.013900488,0.012271157,0.0060692956,0.010319196,,,,,,0.070337735,0.010245362,,,,,,,0.010692608,,,,0.99526614,0.99340117,0.9939226,0.9947214,,,,0.04363101,0.047182098,0.045362934,0.044854432,,,,0.16283274,0.17116338,0.16645765,0.16414048,,,,0.0021462059,0.0031476265,0.0027809422,0.0019511947,,,,0.375,0.47500002,0.375,0.425,,,,,0.0969577,0.09103274,0.08844962,,,,,0.95,0.95,1.0,,,,,0.90625,0.8,0.8375,,,,,0.8067984,0.81286806,0.81943446,,,,,0.01999192,0.00922589,-0.0018777549,,,,0.08869936,0.095554665,0.09043677,0.08340025,,,,0.009166056,0.009290681,0.008701088,0.008404349,,,,0.5835401,0.6159781,0.61462885,0.6399032,,,,0.16527778,0.13541666,0.13819444,0.1375,,,,-0.0028743977,-0.0040460983,-0.0035697408,-0.0032293182,,,,0.013556656,0.012845559,0.0122659,0.012511797,,,,,,0.11942181,0.09191019,,,,,,,-0.023834024,,,,1.2520821,1.1897763,1.1165893,1.2274915,,,,,,,-0.020424282,,,,,,-0.13306522,-0.07517618,,,,,0.0141810775,0.0070771575,-0.011150658,,,
cache_new/HiMoE-VLA/libero_spatial/pick_up_the_black_bowl_next_to_the_plate_and_place_it_on_the_plate/right-50x8b-20260903,right-50x8b-20260903,libero_spatial,libero_spatial/pick_up_the_black_bowl_next_to_the_plate_and_place_it_on_the_plate,299,37,1011,9,1029d0827030a7521361d1904eeb3e7e7f2792be5c99abdb5701abb7ee87c137,27899,False,85,,False,True,-1,-1,success_no_alarm,0.9960365,0.9954687,0.99731445,0.99640447,,,,0.041274466,0.04500857,0.041316424,0.040353976,,,,0.15417549,0.16037667,0.15301286,0.15281223,,,,0.0021906118,0.0029422105,0.0014187881,0.002220124,,,,0.3,0.32500002,0.4,0.325,,,,,0.060563184,0.057892565,0.05701977,,,,,0.925,0.95,0.975,,,,,0.71875,0.86249995,0.85,,,,,0.8783286,0.87881124,0.879989,,,,,-0.016086549,-0.002684772,-0.012014121,,,,0.111926585,0.11673757,0.101987846,0.108433545,,,,0.01371218,0.013705059,0.012947541,0.013238284,,,,0.4844312,0.52644426,0.48871756,0.48772788,,,,0.23472223,0.2326389,0.21249999,0.22777778,,,,-0.0015281347,-0.0021428177,-0.0003616967,-0.001192115,,,,0.015100718,0.011782788,0.007196199,0.010723378,,,,,,0.14090973,0.1308019,,,,,,,0.019128114,,,,0.9952356,0.9934784,0.99400795,0.99567354,,,,0.043514315,0.048184186,0.045487165,0.04247441,,,,0.1619265,0.17070544,0.16733977,0.15935306,,,,0.0019990404,0.0032728815,0.0025610623,0.002016806,,,,0.375,0.5,0.35000002,0.45000002,,,,,0.08811748,0.0893803,0.08874912,,,,,0.975,1.0,0.975,,,,,0.84999996,0.8312501,0.90625,,,,,0.8195764,0.81517714,0.8149787,,,,,0.00929217,0.0042802095,0.014839277,,,,0.09074185,0.10010645,0.09062482,0.08126633,,,,0.009073195,0.009603897,0.008665296,0.008315946,,,,0.57828826,0.6139864,0.6074743,0.63283503,,,,0.15555555,0.124305554,0.14166667,0.15416667,,,,-0.0027924306,-0.0037828616,-0.0033916526,-0.002939992,,,,0.013971744,0.014325291,0.012379553,0.011674752,,,,,,0.1731875,0.16233058,,,,,,,-0.032384574,,,,1.2334616,1.1661344,1.1253854,1.3342986,,,,,,,-0.031048764,,,,,,-0.15445244,-0.15353668,,,,,0.0072475076,0.0039955378,0.009578586,,,
cache_new/HiMoE-VLA/libero_spatial/pick_up_the_black_bowl_next_to_the_plate_and_place_it_on_the_plate/right-50x8b-20260903,right-50x8b-20260903,libero_spatial,libero_spatial/pick_up_the_black_bowl_next_to_the_plate_and_place_it_on_the_plate,300,37,1012,9,1029d0827030a7521361d1904eeb3e7e7f2792be5c99abdb5701abb7ee87c137,27900,False,86,,False,True,-1,-1,success_no_alarm,0.99605215,0.9952571,0.99742204,0.99639267,,,,0.04192849,0.04547604,0.0410038,0.040939063,,,,0.15491715,0.16219717,0.1518203,0.15406244,,,,0.0021582104,0.003013824,0.0013289271,0.0021912653,,,,0.35000002,0.275,0.4,0.35000002,,,,,0.06218971,0.054716103,0.05799239,,,,,0.82500005,0.975,0.95,,,,,0.675,0.80625,0.8375,,,,,0.87408745,0.8853962,0.8780331,,,,,-0.013254613,-0.008944213,-0.008664206,,,,0.10811506,0.1151542,0.10428515,0.105397806,,,,0.013355004,0.013618523,0.013429478,0.013121146,,,,0.5198314,0.5468215,0.46568203,0.48888364,,,,0.19583333,0.21597221,0.22222222,0.20277777,,,,-0.0010552856,-0.0018889199,-0.0007328525,-0.001155861,,,,0.014778519,0.012112461,0.004964779,0.009714981,,,,,,0.065268084,0.12521231,,,,,,,-0.004131669,,,,0.99531937,0.9931787,0.9941182,0.995829,,,,0.04430296,0.047531597,0.045658074,0.041748956,,,,0.16226283,0.17230234,0.16677427,0.1574308,,,,0.0019750833,0.0032436273,0.002426314,0.0018324407,,,,0.42499998,0.425,0.47500002,0.425,,,,,0.09833212,0.08453169,0.08713262,,,,,1.0,1.0,1.0,,,,,0.875,0.78124994,0.9,,,,,0.7999099,0.8255641,0.8195429,,,,,0.02416341,-0.0045606494,0.017500967,,,,0.08734124,0.09758192,0.09071443,0.07866908,,,,0.008848326,0.009404184,0.008707513,0.008211882,,,,0.59410846,0.6309016,0.6058789,0.63843536,,,,0.15416665,0.14166667,0.14027777,0.16111112,,,,-0.0026211017,-0.0042302916,-0.0033256114,-0.0027879763,,,,0.013729045,0.011303861,0.012274989,0.011615176,,,,,,0.032971542,0.062555924,,,,,,,-0.047976658,,,,1.2378466,1.1800772,1.1495982,1.3397615,,,,,,,-0.04247928,,,,,,-0.033662293,-0.06289726,,,,,0.021660984,-0.0045606494,0.012569666,,,
cache_new/HiMoE-VLA/libero_spatial/pick_up_the_black_bowl_next_to_the_plate_and_place_it_on_the_plate/right-50x8b-20260903,right-50x8b-20260903,libero_spatial,libero_spatial/pick_up_the_black_bowl_next_to_the_plate_and_place_it_on_the_plate,301,37,1013,9,1029d0827030a7521361d1904eeb3e7e7f2792be5c99abdb5701abb7ee87c137,27901,False,90,,False,True,-1,-1,success_no_alarm,0.9960365,0.9956292,0.997323,0.99677634,,,,0.041811444,0.045036785,0.04142776,0.040694445,,,,0.15544078,0.16065446,0.1530325,0.15254758,,,,0.0021240716,0.002829304,0.0013443195,0.002000141,,,,0.375,0.325,0.4,0.32500002,,,,,0.060395226,0.055933803,0.053376447,,,,,0.84999996,0.95,0.92499995,,,,,0.71875,0.79375005,0.7625,,,,,0.87757957,0.88379216,0.8876583,,,,,-0.01214239,-0.0074500144,-0.015243605,,,,0.10347392,0.11531706,0.099444926,0.10313723,,,,0.012958757,0.013852775,0.013053955,0.012954786,,,,0.5016721,0.51956916,0.48178804,0.48925194,,,,0.20416668,0.24444446,0.21180555,0.19375,,,,-0.0017502159,-0.0024417064,-0.0006865547,-0.00088636414,,,,0.013967645,0.013087485,0.008426659,0.010555802,,,,,,0.0908965,0.04962016,,,,,,,-0.0006554972,,,,0.9952766,0.9936122,0.9937124,0.9949924,,,,0.043799624,0.047079142,0.046124585,0.044023946,,,,0.1624452,0.17073637,0.16794805,0.16342108,,,,0.0019313307,0.003103788,0.0027345242,0.0019607914,,,,0.45,0.5,0.425,0.39999998,,,,,0.09483517,0.086554304,0.08748617,,,,,1.0,1.0,0.95,,,,,0.875,0.82500005,0.84375,,,,,0.8087056,0.8234838,0.8186908,,,,,0.017854363,-0.00483416,-0.0026092082,,,,0.0843269,0.0966,0.091156214,0.083593234,,,,0.008780289,0.009457662,0.008838544,0.008321527,,,,0.5908242,0.61281055,0.6150002,0.6514192,,,,0.16736111,0.13194445,0.14375,0.13333333,,,,-0.002877631,-0.003783171,-0.0038146097,-0.0030115885,,,,0.013442367,0.012699525,0.013055857,0.011436279,,,,,,0.07091138,0.0827175,,,,,,,-0.0356118,,,,1.227057,1.1937584,1.0909287,1.2337987,,,,,,,-0.030340897,,,,,,-0.08170332,-0.055367503,,,,,0.013246119,-0.0076398253,-0.0060784817,,,
cache_new/HiMoE-VLA/libero_spatial/pick_up_the_black_bowl_next_to_the_plate_and_place_it_on_the_plate/right-50x8b-20260903,right-50x8b-20260903,libero_spatial,libero_spatial/pick_up_the_black_bowl_next_to_the_plate_and_place_it_on_the_plate,302,37,1014,9,1029d0827030a7521361d1904eeb3e7e7f2792be5c99abdb5701abb7ee87c137,27902,False,89,,False,True,-1,-1,success_no_alarm,0.9959327,0.9951432,0.99726975,0.9965392,,,,0.042299315,0.04555852,0.041157648,0.04035247,,,,0.15609466,0.16199312,0.15318488,0.15225141,,,,0.0022141733,0.0032406175,0.0014825937,0.002022688,,,,0.35,0.425,0.35000002,0.3,,,,,0.06237968,0.055063616,0.058282945,,,,,0.775,0.95,1.0,,,,,0.75000006,0.79999995,0.79999995,,,,,0.874475,0.88243175,0.87853056,,,,,-0.014107794,-0.006760806,-0.009400427,,,,0.108024165,0.11351399,0.10439708,0.101971164,,,,0.013282835,0.013602967,0.013089769,0.012772026,,,,0.5092843,0.53738904,0.49703532,0.48430973,,,,0.19375,0.21527778,0.20694444,0.22916666,,,,-0.0014317555,-0.0026545865,-0.00014508457,-0.0015178502,,,,0.014826671,0.012021323,0.008093366,0.012134885,,,,,,0.06813035,0.12933859,,,,,,,-0.025441071,,,,0.9952694,0.99304855,0.99412405,0.99516284,,,,0.043442547,0.047860093,0.04541632,0.043321982,,,,0.16234058,0.17291383,0.16574723,0.16092528,,,,0.0020874222,0.0034824251,0.0027258906,0.0017051736,,,,0.40000004,0.5,0.35000002,0.4,,,,,0.09682159,0.08543823,0.092381224,,,,,0.95,0.95,0.975,,,,,0.88125,0.8125,0.9375,,,,,0.8057567,0.82670295,0.815621,,,,,0.018182367,-0.0036510825,0.01181449,,,,0.086794704,0.095686585,0.089874595,0.08545446,,,,0.008811649,0.00930343,0.008832244,0.008656452,,,,0.59368354,0.62781185,0.59692,0.6652719,,,,0.15069446,0.13194445,0.16250001,0.15208334,,,,-0.0028029047,-0.0042855153,-0.003457264,-0.0035199686,,,,0.0142639205,0.012298408,0.013227368,0.013636135,,,,,,0.06394774,0.14121798,,,,,,,-0.011497687,,,,1.244594,1.1863104,1.161586,1.1932808,,,,,,,-0.016165154,,,,,,-0.07945578,-0.18135881,,,,,0.011881709,-0.0067864656,0.005293727,,,
cache_new/HiMoE-VLA/libero_spatial/pick_up_the_black_bowl_next_to_the_plate_and_place_it_on_the_plate/right-50x8b-20260903,right-50x8b-20260903,libero_spatial,libero_spatial/pick_up_the_black_bowl_next_to_the_plate_and_place_it_on_the_plate,303,37,1015,9,1029d0827030a7521361d1904eeb3e7e7f2792be5c99abdb5701abb7ee87c137,27903,False,89,,False,True,-1,-1,success_no_alarm,0.99601823,0.9952158,0.99735844,0.9966552,,,,0.042093415,0.045541085,0.041054025,0.040684935,,,,0.15511093,0.16159056,0.15226762,0.15287039,,,,0.0021913685,0.0031593214,0.001434318,0.0020375645,,,,0.375,0.25,0.375,0.3,,,,,0.06351181,0.055277735,0.053776994,,,,,0.9,0.975,0.975,,,,,0.75000006,0.81874996,0.7375,,,,,0.8727547,0.88445926,0.8878234,,,,,-0.012659118,-0.009441689,-0.01255472,,,,0.10298325,0.11959116,0.10550129,0.09936423,,,,0.013045,0.013792777,0.013355002,0.012506811,,,,0.4914313,0.5402375,0.46435112,0.5002859,,,,0.21319443,0.21805556,0.21944444,0.19027779,,,,-0.0017855066,-0.0020121455,-0.00049900764,-0.000842027,,,,0.015609043,0.012141334,0.007318084,0.009905526,,,,,,0.049534313,0.033425875,,,,,,,-0.05195978,,,,0.99529356,0.9935138,0.9940058,0.9945171,,,,0.043684542,0.046674557,0.04620435,0.043878306,,,,0.16223276,0.17012697,0.1672439,0.16515781,,,,0.0020603866,0.0032075797,0.002762592,0.0017263961,,,,0.47500002,0.47500002,0.39999998,0.40000004,,,,,0.09654908,0.08824642,0.08691445,,,,,1.0,0.85,0.95000005,,,,,0.91875,0.775,0.83124995,,,,,0.8047576,0.82021844,0.8199707,,,,,0.022722244,0.0051106215,-0.001931563,,,,0.08446185,0.0979403,0.09447536,0.082723334,,,,0.008824389,0.009493047,0.008941588,0.0080764415,,,,0.58278817,0.6125496,0.58897024,0.6545423,,,,0.1388889,0.14027779,0.14305556,0.123611115,,,,-0.0028232157,-0.003676181,-0.0036567124,-0.0032411679,,,,0.013933391,0.011864439,0.013525559,0.010579405,,,,,,0.096166655,0.08000434,,,,,,,-0.08733823,,,,1.2192872,1.2210618,1.116707,1.2011633,,,,,,,-0.07997878,,,,,,-0.09567745,-0.05760803,,,,,0.018114328,0.00053179264,-0.008721471,,,
cache_new/HiMoE-VLA/libero_spatial/pick_up_the_black_bowl_next_to_the_plate_and_place_it_on_the_plate/right-50x8b-20260903,right-50x8b-20260903,libero_spatial,libero_spatial/pick_up_the_black_bowl_next_to_the_plate_and_place_it_on_the_plate,304,38,1008,10,1029d0827030a7521361d1904eeb3e7e7f2792be5c99abdb5701abb7ee87c137,27904,False,91,,False,True,-1,-1,success_no_alarm,0.9954985,0.9967169,0.99660724,0.996485,0.9939538,,,0.04437626,0.042451724,0.04230189,0.04124376,0.047588065,,,0.15898848,0.15436596,0.15725845,0.15481505,0.16478622,,,0.0027389613,0.0014427453,0.0018417279,0.0022933544,0.004281267,,,0.32500002,0.525,0.45000002,0.35000002,0.25,,,,0.05368033,0.07039389,0.0678312,0.07810354,,,,0.7,0.95,1.0,0.92499995,,,,0.60625005,0.85,0.9,0.79375,,,,0.8923528,0.85629904,0.859281,0.8493547,,,,-0.0150529,0.014588386,0.017966524,0.0038518459,,,0.1110545,0.10688304,0.10477818,0.10099818,0.12522586,,,0.013678886,0.0132353585,0.013037805,0.0127292145,0.014595266,,,0.49832314,0.50337577,0.5090398,0.5109958,0.5506248,,,0.21180555,0.20902777,0.21180555,0.22708333,0.23055556,,,-0.001768532,-0.0010888737,-0.0012653451,-0.00090879074,-0.0035477441,,,0.012841929,0.0135592995,0.006997022,0.012708571,0.009675089,,,,,0.27824897,0.2506691,0.38434803,,,,,,-0.032728456,0.10152318,,,0.9947229,0.99428463,0.99376273,0.994139,0.99288076,,,0.044882797,0.045132786,0.046589796,0.04618427,0.047208562,,,0.16555344,0.16702263,0.16918528,0.16800052,0.17030388,,,0.0026552402,0.0023708667,0.0031852736,0.0027765224,0.004076539,,,0.3,0.325,0.42499998,0.525,0.32500002,,,,0.085632145,0.09793121,0.09742634,0.09552052,,,,0.975,0.95,1.0,1.0,,,,0.8375,0.85625,0.9125,0.84375,,,,0.823538,0.80218476,0.8018414,0.80611914,,,,0.00710167,0.022062123,0.017206088,-0.00056415796,,,0.09967348,0.09665176,0.105275705,0.082391284,0.10712832,,,0.009783382,0.009410313,0.010011356,0.008565217,0.010345316,,,0.5955875,0.6196162,0.5976796,0.650531,0.626221,,,0.14583334,0.1701389,0.14513889,0.14166668,0.15833333,,,-0.0031291384,-0.0038148847,-0.0033445125,-0.0039883982,-0.0039738137,,,0.016083255,0.014753496,0.012735017,0.012653657,0.010283984,,,,,0.1902685,0.18517846,0.161029,,,,,,-0.08900607,0.09959857,,,1.1141831,1.1058571,0.99527407,1.2258357,1.1689333,,,,,,-0.09144176,0.09738251,,,,,-0.1869497,-0.1908884,-0.16533244,,,,0.0057302117,0.017222703,0.017206073,-0.0016565919,,
cache_new/HiMoE-VLA/libero_spatial/pick_up_the_black_bowl_next_to_the_plate_and_place_it_on_the_plate/right-50x8b-20260903,right-50x8b-20260903,libero_spatial,libero_spatial/pick_up_the_black_bowl_next_to_the_plate_and_place_it_on_the_plate,305,38,1009,10,1029d0827030a7521361d1904eeb3e7e7f2792be5c99abdb5701abb7ee87c137,27905,False,95,,False,True,-1,-1,success_no_alarm,0.99563956,0.99685043,0.9972906,0.99651194,0.99442565,,,0.04309965,0.04157355,0.041181367,0.040371582,0.046826903,,,0.15731446,0.1534958,0.15370339,0.15356317,0.16288295,,,0.0026311628,0.0015643714,0.0013731611,0.0019138402,0.0038548019,,,0.3,0.5,0.47500002,0.35,0.375,,,,0.05343926,0.0693193,0.061327104,0.063252434,,,,0.775,0.95000005,0.95000005,0.875,,,,0.65625,0.81874996,0.7875,0.725,,,,0.892386,0.85805154,0.87245697,0.87218523,,,,-0.013052344,0.02056016,0.006510183,-0.0101861805,,,0.105487734,0.10776691,0.10049361,0.10548848,0.12057845,,,0.013085311,0.013316901,0.012745604,0.012968861,0.014591213,,,0.5172837,0.48908424,0.4873968,0.50737524,0.5145342,,,0.18263888,0.23472223,0.20833333,0.22569445,0.2298611,,,-0.0014662724,-0.0012234158,-0.000501381,-0.0013582502,-0.0032870527,,,0.012759371,0.012798643,0.0069340407,0.010069713,0.0126023395,,,,,0.26944172,0.15777661,0.1777333,,,,,,-0.010834559,0.10325879,,,0.994695,0.99474674,0.9929476,0.99349934,0.9922081,,,0.045084707,0.04428705,0.04923419,0.045647413,0.04865153,,,0.1652199,0.16482505,0.17345059,0.16850579,0.17397176,,,0.0026270694,0.0023970942,0.0035031661,0.0029477999,0.0030991791,,,0.35000002,0.375,0.45,0.375,0.525,,,,0.08707058,0.10189053,0.095301636,0.09232256,,,,0.975,1.0,1.0,0.9,,,,0.89375,0.88125,0.85,0.81250006,,,,0.82018304,0.7980222,0.80359155,0.81542575,,,,0.016694427,0.023255736,0.018406123,-0.004987091,,,0.09566553,0.091468625,0.09677388,0.08880485,0.101605564,,,0.00945036,0.009269673,0.009539973,0.008981944,0.0100168735,,,0.60555774,0.60188293,0.6165872,0.63436425,0.6324948,,,0.15625,0.13402778,0.13472223,0.12499999,0.1423611,,,-0.0031145713,-0.0036030193,-0.0044238237,-0.004281491,-0.005040399,,,0.015367751,0.013095382,0.010421939,0.011057479,0.012410318,,,,,0.24201621,0.17858136,0.14297605,,,,,,-0.029661102,0.07944725,,,1.1026723,1.1781845,1.0384374,1.1878685,1.1867309,,,,,,-0.042420387,0.066634305,,,,,-0.26058525,-0.1710903,-0.14664286,,,,0.014199078,0.01946503,0.018406093,-0.016373158,,
cache_new/HiMoE-VLA/libero_spatial/pick_up_the_black_bowl_next_to_the_plate_and_place_it_on_the_plate/right-50x8b-20260903,right-50x8b-20260903,libero_spatial,libero_spatial/pick_up_the_black_bowl_next_to_the_plate_and_place_it_on_the_plate,306,38,1010,10,1029d0827030a7521361d1904eeb3e7e7f2792be5c99abdb5701abb7ee87c137,27906,False,91,,False,True,-1,-1,success_no_alarm,0.995401,0.9970516,0.99674964,0.9963553,0.9938818,,,0.04399588,0.041855853,0.042443927,0.04139337,0.047657613,,,0.1587996,0.1518495,0.15635695,0.15463367,0.16525531,,,0.002830611,0.0011779608,0.0016946311,0.002397421,0.0044215363,,,0.325,0.47500002,0.52500004,0.45000002,0.275,,,,0.04915224,0.07163452,0.06824966,0.07950133,,,,0.775,1.0,0.975,0.95,,,,0.6125,0.875,0.86249995,0.77500004,,,,0.9011184,0.85290885,0.85810804,0.84669936,,,,-0.01782526,0.020288095,0.018477842,0.010325089,,,0.11204541,0.10588667,0.10561313,0.103088096,0.12729906,,,0.01338633,0.013183808,0.012794692,0.012925618,0.0147217475,,,0.52355164,0.50724304,0.51139426,0.4824639,0.5160885,,,0.19791666,0.22777778,0.17986111,0.21875,0.22291668,,,-0.0017960835,-0.00084622344,-0.00090906594,-0.0014889914,-0.0034262384,,,0.0125892,0.013231361,0.0059304447,0.012909126,0.010049783,,,,,0.30265477,0.26633614,0.40534335,,,,,,-0.01572202,0.11235128,,,0.9946488,0.99481237,0.99371743,0.9945332,0.99309754,,,0.044946644,0.044480734,0.046566356,0.04447984,0.047157504,,,0.16574162,0.16453564,0.16941953,0.16397728,0.1697204,,,0.0026836172,0.0020614013,0.0031281926,0.0025336656,0.0043752217,,,0.35000002,0.47500002,0.325,0.4,0.3,,,,0.077575035,0.09836813,0.09510337,0.09500486,,,,0.95,1.0,1.0,0.975,,,,0.80625,0.8625,0.89374995,0.8625,,,,0.8385122,0.8005122,0.8095556,0.8070948,,,,-0.0010375828,0.025547698,0.018857926,-0.00070117414,,,0.099609956,0.09521752,0.11254566,0.08322017,0.10802116,,,0.009543566,0.009464641,0.0102240415,0.008412816,0.01036948,,,0.59742546,0.6204198,0.5963585,0.6499893,0.6189866,,,0.15138888,0.14444444,0.15069443,0.13125,0.16944444,,,-0.0031975356,-0.0035133304,-0.0033585285,-0.003913861,-0.004062798,,,0.01609211,0.01339905,0.010974449,0.012542316,0.012170073,,,,,0.22281286,0.18893516,0.1819821,,,,,,-0.10995572,0.099071935,,,1.1248415,1.1120503,0.9384025,1.2387394,1.178464,,,,,,-0.12688239,0.082228266,,,,,-0.20903158,-0.20565298,-0.21251196,,,,-0.0021516085,0.01922816,0.018857956,-0.0017228127,,
cache_new/HiMoE-VLA/libero_spatial/pick_up_the_black_bowl_next_to_the_plate_and_place_it_on_the_plate/right-50x8b-20260903,right-50x8b-20260903,libero_spatial,libero_spatial/pick_up_the_black_bowl_next_to_the_plate_and_place_it_on_the_plate,307,38,1011,10,1029d0827030a7521361d1904eeb3e7e7f2792be5c99abdb5701abb7ee87c137,27907,False,91,,False,True,-1,-1,success_no_alarm,0.9957497,0.99693346,0.99696577,0.9964569,0.9950681,,,0.042823136,0.041932218,0.041930284,0.040593486,0.044055156,,,0.15726668,0.1532961,0.15529674,0.15332474,0.15942226,,,0.0025589815,0.001319812,0.0017539478,0.002208498,0.003460308,,,0.35000002,0.55,0.42499998,0.3,0.275,,,,0.048088383,0.07160205,0.06079637,0.063563384,,,,0.75,0.975,1.0,0.95,,,,0.63125,0.83124995,0.83124995,0.78125,,,,0.9002536,0.8540774,0.87306094,0.87242633,,,,-0.019823924,0.020710468,0.0035945624,-0.00999476,,,0.111765295,0.107629955,0.108297825,0.10825975,0.12048373,,,0.013405578,0.01344092,0.013279032,0.012895811,0.014342055,,,0.50596195,0.49362093,0.49603698,0.497579,0.5278555,,,0.19583333,0.22777778,0.22430557,0.23055556,0.23333335,,,-0.001611873,-0.0008631294,-0.000602524,-0.0013744165,-0.002729485,,,0.012687732,0.011761991,0.0070698657,0.011794287,0.013021224,,,,,0.3031262,0.14754242,0.18186912,,,,,,-0.023119066,0.0805599,,,0.99469787,0.9943993,0.9932444,0.9946072,0.9934854,,,0.044564568,0.04465302,0.04813871,0.044227514,0.046381038,,,0.1649031,0.16653259,0.17111105,0.16364029,0.16815603,,,0.0024806089,0.0024245942,0.0034248624,0.0023617344,0.0036318782,,,0.45,0.3,0.45,0.47500002,0.35000002,,,,0.08722029,0.097628504,0.085173346,0.0893511,,,,1.0,0.975,0.975,1.0,,,,0.8562499,0.8625,0.88125,0.875,,,,0.81971914,0.8029354,0.8290346,0.820384,,,,0.010577038,0.019396573,-0.0021991283,-0.0027192086,,,0.10120109,0.09690614,0.10321137,0.088102706,0.09863586,,,0.009611608,0.009525787,0.009925744,0.008859118,0.009673281,,,0.58830357,0.61521906,0.60180885,0.6160829,0.63564956,,,0.15138888,0.14375,0.16319445,0.1513889,0.16041666,,,-0.003142467,-0.0037835152,-0.003968964,-0.003606889,-0.004313256,,,0.0154322665,0.01385742,0.010410095,0.012600871,0.013138061,,,,,0.1605821,0.023692742,0.069013394,,,,,,-0.03863899,0.049313,,,1.1043882,1.1106619,1.0492818,1.2287903,1.2215003,,,,,,-0.03187742,0.05604279,,,,,-0.14307326,-0.0067044413,-0.078940764,,,,0.0071965456,0.013405025,-0.0031833053,-0.008815169,,
cache_new/HiMoE-VLA/libero_spatial/pick_up_the_black_bowl_next_to_the_plate_and_place_it_on_the_plate/right-50x8b-20260903,right-50x8b-20260903,libero_spatial,libero_spatial/pick_up_the_black_bowl_next_to_the_plate_and_place_it_on_the_plate,308,38,1012,10,1029d0827030a7521361d1904eeb3e7e7f2792be5c99abdb5701abb7ee87c137,27908,False,95,,False,True,-1,-1,success_no_alarm,0.99563223,0.99640477,0.9972411,0.9969509,0.9965093,,,0.04344241,0.04291158,0.040899795,0.04083696,0.040529016,,,0.15797468,0.15625082,0.15308817,0.15318091,0.15380538,,,0.002666677,0.0018250799,0.0015504924,0.0018781365,0.0021271158,,,0.32500002,0.55,0.375,0.325,0.275,,,,0.054628618,0.07055404,0.0562189,0.05454535,,,,0.72499996,0.925,0.975,0.90000004,,,,0.64375,0.82500005,0.7375,0.76875,,,,0.89053726,0.857257,0.88239443,0.88438773,,,,-0.012926266,0.02469632,0.0024809986,-0.0070777982,,,0.108396694,0.110512584,0.104246065,0.1015641,0.107859775,,,0.013208883,0.013451108,0.012939196,0.012601926,0.013505981,,,0.5380893,0.50960475,0.47395533,0.49209437,0.50319755,,,0.18819445,0.2263889,0.2125,0.20347221,0.21180555,,,-0.0012503826,-0.0009885391,-0.00091933325,-0.0008418035,-0.0014425733,,,0.012292617,0.011941715,0.0071415715,0.008546954,0.010276728,,,,,0.28572822,0.060654525,0.033441223,,,,,,-0.034618393,0.032968692,,,0.9948432,0.99448526,0.9929377,0.9941754,0.9952317,,,0.044189893,0.04481504,0.0494624,0.044555914,0.043029238,,,0.16479051,0.16644283,0.17269024,0.16471726,0.16085504,,,0.0025414047,0.0026825166,0.0035334695,0.0030369214,0.0023771098,,,0.35,0.35000002,0.425,0.47500002,0.32500002,,,,0.09056984,0.10066117,0.0884385,0.084510446,,,,0.975,1.0,1.0,0.95,,,,0.86249995,0.88750005,0.86249995,0.83124995,,,,0.81418407,0.7992807,0.8236153,0.8283206,,,,0.018755347,0.021022543,0.0061710626,0.00924629,,,0.09911452,0.0924449,0.0986438,0.083824486,0.08195324,,,0.009640291,0.009193135,0.009511787,0.008319366,0.008212963,,,0.6088574,0.62595636,0.59762126,0.63050544,0.6569573,,,0.15625,0.13125,0.13333334,0.114583336,0.14513889,,,-0.0027990176,-0.0036523095,-0.0045024715,-0.0038569001,-0.0030863318,,,0.016826913,0.01339471,0.011584453,0.011936681,0.010056827,,,,,0.19961517,0.06950799,0.026805026,,,,,,-0.076241106,-0.089039564,,,1.0936509,1.1954428,1.0567929,1.2116281,1.3161136,,,,,,-0.07715825,-0.09003051,,,,,-0.2216867,-0.058885194,-0.027873658,,,,0.012695551,0.016729355,0.006170988,0.00065016747,,
cache_new/HiMoE-VLA/libero_spatial/pick_up_the_black_bowl_next_to_the_plate_and_place_it_on_the_plate/right-50x8b-20260903,right-50x8b-20260903,libero_spatial,libero_spatial/pick_up_the_black_bowl_next_to_the_plate_and_place_it_on_the_plate,309,38,1013,10,1029d0827030a7521361d1904eeb3e7e7f2792be5c99abdb5701abb7ee87c137,27909,False,92,,False,True,-1,-1,success_no_alarm,0.9956692,0.9970071,0.9967255,0.99670875,0.99420834,,,0.043098442,0.041395523,0.041807275,0.04056871,0.046726473,,,0.1578691,0.15213387,0.15621755,0.15269153,0.16417783,,,0.0025576917,0.001346865,0.0018613853,0.0021232804,0.0040521002,,,0.35000002,0.525,0.47500002,0.32500002,0.275,,,,0.051368713,0.07079895,0.06575013,0.07619031,,,,0.79999995,0.95,1.0,0.92499995,,,,0.6375,0.86875,0.85,0.8,,,,0.8952826,0.8560376,0.86367613,0.85324943,,,,-0.012532756,0.015713573,0.0145056695,-0.0011830628,,,0.10698043,0.10523827,0.10539747,0.104931384,0.12492426,,,0.013340145,0.0134246405,0.013143683,0.013034251,0.014379622,,,0.50063944,0.478061,0.5123825,0.48547882,0.5440632,,,0.19375,0.23680556,0.20972222,0.21736112,0.22152779,,,-0.0019023516,-0.0011704108,-0.0011767913,-0.0008918848,-0.0034314666,,,0.011986905,0.012578769,0.007573422,0.011493865,0.0107327495,,,,,0.28051117,0.21671045,0.35336906,,,,,,-0.015360861,0.08078715,,,0.99462295,0.9948476,0.9936182,0.9942968,0.99256426,,,0.044584263,0.044493712,0.046766143,0.04487027,0.048353173,,,0.16615893,0.16480047,0.16994411,0.16497594,0.17321526,,,0.00253812,0.0022398334,0.003279589,0.0025454808,0.0042931684,,,0.3,0.45000002,0.4,0.5,0.275,,,,0.08016571,0.09895449,0.09316346,0.097827815,,,,0.975,0.95,0.975,1.0,,,,0.82500005,0.86249995,0.86875,0.8874999,,,,0.83389807,0.80005896,0.8126098,0.8022871,,,,0.0031957626,0.021289691,0.014538318,-0.0013461262,,,0.097648546,0.093723476,0.10800317,0.086921945,0.10732302,,,0.009524183,0.009379051,0.010234032,0.008559786,0.010073304,,,0.5998875,0.61020184,0.609343,0.6629753,0.6329056,,,0.14375001,0.15763889,0.15277778,0.15347221,0.14791666,,,-0.0032659331,-0.003503424,-0.0035841186,-0.004010034,-0.004262005,,,0.015527282,0.01307389,0.012503941,0.011372495,0.011562427,,,,,0.21879429,0.158965,0.2011422,,,,,,-0.07417868,0.08823506,,,1.095566,1.1228592,0.9758739,1.207191,1.1640024,,,,,,-0.0774868,0.08532682,,,,,-0.19097596,-0.14957722,-0.2015545,,,,0.00078463554,0.013648093,0.014538288,-0.0013461113,,
cache_new/HiMoE-VLA/libero_spatial/pick_up_the_black_bowl_next_to_the_plate_and_place_it_on_the_plate/right-50x8b-20260903,right-50x8b-20260903,libero_spatial,libero_spatial/pick_up_the_black_bowl_next_to_the_plate_and_place_it_on_the_plate,310,38,1014,10,1029d0827030a7521361d1904eeb3e7e7f2792be5c99abdb5701abb7ee87c137,27910,False,91,,False,True,-1,-1,success_no_alarm,0.9955925,0.99689955,0.9965434,0.9966641,0.9942547,,,0.043510698,0.04184049,0.042577077,0.040254775,0.04662021,,,0.15786923,0.15302256,0.15762445,0.15269472,0.16526881,,,0.0026030089,0.001375844,0.0018992217,0.0020829851,0.0040213154,,,0.375,0.525,0.45,0.35000002,0.25,,,,0.050007313,0.06992861,0.06584057,0.07306005,,,,0.70000005,0.95,1.0,0.92499995,,,,0.60625005,0.85625,0.8874999,0.8,,,,0.8991171,0.8563377,0.86381185,0.8558338,,,,-0.018783942,0.012681812,0.016391978,-0.0042940825,,,0.1107014,0.10701948,0.111108474,0.10420346,0.13012049,,,0.013317512,0.013198309,0.01310268,0.012790751,0.0148385735,,,0.5139135,0.49577394,0.52676785,0.48065162,0.5230756,,,0.19375,0.23333333,0.18958333,0.24444444,0.22638889,,,-0.0015030252,-0.0011205185,-0.00080666743,-0.0013068618,-0.003351856,,,0.012620579,0.01228394,0.0074625392,0.0129941935,0.010738973,,,,,0.3073091,0.2555995,0.34941754,,,,,,-0.034804936,0.1117221,,,0.9948485,0.9948256,0.99356914,0.9945826,0.9918274,,,0.044641174,0.04398513,0.047223777,0.04466549,0.04974573,,,0.16519713,0.16403785,0.17019147,0.16385984,0.17223847,,,0.0025755777,0.0022764828,0.0033892791,0.002410956,0.0059758294,,,0.35000002,0.35000002,0.325,0.42499998,0.275,,,,0.08195637,0.09960989,0.091196895,0.09687172,,,,1.0,0.95,1.0,0.975,,,,0.875,0.8625,0.88750005,0.85625005,,,,0.83133507,0.7995634,0.8191143,0.8088984,,,,0.00080665946,0.022579044,0.013240024,-0.0045751035,,,0.096707255,0.094834164,0.113472715,0.08484797,0.10616374,,,0.009450139,0.009464767,0.010419858,0.0085508805,0.010274,,,0.5976832,0.6069765,0.61275494,0.64826995,0.6231204,,,0.15416667,0.1513889,0.15833333,0.15763888,0.14722222,,,-0.0028758077,-0.0035266418,-0.0034354394,-0.003911797,-0.005352427,,,0.015453083,0.013632409,0.01273025,0.011476165,0.012392805,,,,,0.22805682,0.13973993,0.19249496,,,,,,-0.090153866,0.09257759,,,1.1447062,1.1284908,0.97916466,1.2281196,1.2256584,,,,,,-0.091866836,0.091715336,,,,,-0.20564404,-0.14591062,-0.24275032,,,,-0.0006401539,0.013770521,0.011673093,-0.009004474,,
cache_new/HiMoE-VLA/libero_spatial/pick_up_the_black_bowl_next_to_the_plate_and_place_it_on_the_plate/right-50x8b-20260903,right-50x8b-20260903,libero_spatial,libero_spatial/pick_up_the_black_bowl_next_to_the_plate_and_place_it_on_the_plate,311,38,1015,9,1029d0827030a7521361d1904eeb3e7e7f2792be5c99abdb5701abb7ee87c137,27911,False,90,,False,True,-1,-1,success_no_alarm,0.9955514,0.99671197,0.99697936,0.9964147,,,,0.043801986,0.042187914,0.041991547,0.04080193,,,,0.15862627,0.15466155,0.15511748,0.15384957,,,,0.0026910985,0.0015886726,0.0017744482,0.0022474865,,,,0.3,0.525,0.375,0.275,,,,,0.051359553,0.071076125,0.060201503,,,,,0.72499996,0.975,0.9,,,,,0.61875,0.84375,0.76250005,,,,,0.8957386,0.8568249,0.8752918,,,,,-0.019041047,0.014704585,-0.00023776293,,,,0.104548,0.11074117,0.112418085,0.09839125,,,,0.013108823,0.013588838,0.013672842,0.012507889,,,,0.5097687,0.49195832,0.46275586,0.5077442,,,,0.17986111,0.22361112,0.22569445,0.19930555,,,,-0.0019803115,-0.00074688625,-0.0007674382,-0.0012346291,,,,0.012638105,0.012572299,0.0074926387,0.010320156,,,,,,0.31115156,0.15225811,,,,,,,-0.056667306,,,,0.9948221,0.99456465,0.99342227,0.99486065,,,,0.044606686,0.044645198,0.04704506,0.043351524,,,,0.16419029,0.16617228,0.1698026,0.16361454,,,,0.0025502793,0.0024700148,0.0033648063,0.0023623365,,,,0.32500002,0.375,0.45,0.35000002,,,,,0.08672104,0.097830825,0.09121485,,,,,1.0,0.95,0.975,,,,,0.85625005,0.875,0.8875,,,,,0.8213843,0.80202997,0.8135214,,,,,0.008789569,0.018622667,0.017555028,,,,0.09493014,0.09568543,0.10716389,0.08238725,,,,0.009381129,0.009485571,0.010258438,0.00834462,,,,0.60385853,0.5985884,0.57653993,0.65296024,,,,0.16319445,0.15555556,0.16458334,0.13819444,,,,-0.0029773982,-0.0035595596,-0.0037458509,-0.0033987728,,,,0.015601739,0.014378278,0.011327411,0.011141742,,,,,,0.18547584,0.11588198,,,,,,,-0.10440998,,,,1.1013151,1.1573462,1.0490295,1.1942533,,,,,,,-0.09267372,,,,,,-0.16611567,-0.10035904,,,,,0.0070058703,0.015847445,0.015996873,,,
cache_new/HiMoE-VLA/libero_spatial/pick_up_the_black_bowl_next_to_the_plate_and_place_it_on_the_plate/right-50x8b-20260903,right-50x8b-20260903,libero_spatial,libero_spatial/pick_up_the_black_bowl_next_to_the_plate_and_place_it_on_the_plate,312,39,1008,10,1029d0827030a7521361d1904eeb3e7e7f2792be5c99abdb5701abb7ee87c137,27912,False,95,,False,True,-1,-1,success_no_alarm,0.9960325,0.99627936,0.9973026,0.99688876,0.99498194,,,0.042683586,0.042704478,0.04096999,0.039677523,0.044856563,,,0.15601562,0.15780292,0.15208031,0.15180846,0.1610234,,,0.0023816503,0.0018670438,0.0013355485,0.0017824281,0.0036575035,,,0.4,0.35,0.35000002,0.425,0.375,,,,0.055870716,0.064120546,0.053433985,0.06865476,,,,0.9,0.95,0.95,0.9,,,,0.73125,0.85,0.8000001,0.7875,,,,0.8861651,0.86623377,0.8879195,0.8635564,,,,-0.014318496,0.00894317,-0.006282419,-0.0055357963,,,0.10863354,0.11013896,0.098036915,0.097730726,0.1259966,,,0.013350453,0.013413368,0.012594692,0.012467239,0.01491379,,,0.49552616,0.5343054,0.49050334,0.51406455,0.52530515,,,0.20694445,0.2013889,0.20833334,0.20416667,0.24652778,,,-0.0014752845,-0.0014521012,-0.0005772426,-0.00064847776,-0.0027101887,,,0.014617701,0.0145540945,0.006932311,0.010959072,0.0106441,,,,,0.29984254,0.11912157,0.3600174,,,,,,-0.040401824,0.13586245,,,0.99531054,0.99417305,0.99352777,0.9941211,0.9915681,,,0.043953687,0.04438238,0.046929903,0.04736767,0.05052441,,,0.16101511,0.16427726,0.16919687,0.16885908,0.17851743,,,0.00226895,0.0022280868,0.002958566,0.0026246444,0.00461856,,,0.425,0.425,0.375,0.57500005,0.32500002,,,,0.087337345,0.099204145,0.08761673,0.10152462,,,,0.95000005,0.925,1.0,0.975,,,,0.89375,0.85,0.85625,0.85625005,,,,0.81878877,0.80272734,0.8193646,0.80123127,,,,0.02825649,0.02037792,0.009787336,0.0077877194,,,0.09100441,0.0892418,0.09068096,0.082424276,0.114948235,,,0.009320139,0.008850465,0.008682006,0.008226336,0.011068247,,,0.56425166,0.6289384,0.6431631,0.6629627,0.60914594,,,0.16736111,0.14861111,0.1486111,0.12083333,0.1423611,,,-0.002970364,-0.004028866,-0.0041627884,-0.0037093218,-0.0050327457,,,0.012943905,0.013283604,0.012711265,0.011323723,0.013313029,,,,,0.27003103,0.14586799,0.29008326,,,,,,-0.062400013,0.23390356,,,1.1937174,1.2341633,1.0811191,1.1857032,1.0961161,,,,,,-0.06356682,0.23317295,,,,,-0.29765907,-0.16496614,-0.25670087,,,,0.026737452,0.017558217,0.009787321,0.0018018484,,
cache_new/HiMoE-VLA/libero_spatial/pick_up_the_black_bowl_next_to_the_plate_and_place_it_on_the_plate/right-50x8b-20260903,right-50x8b-20260903,libero_spatial,libero_spatial/pick_up_the_black_bowl_next_to_the_plate_and_place_it_on_the_plate,313,39,1009,9,1029d0827030a7521361d1904eeb3e7e7f2792be5c99abdb5701abb7ee87c137,27913,False,90,,False,True,-1,-1,success_no_alarm,0.9958657,0.9952431,0.9972747,0.99668366,,,,0.04272095,0.044030905,0.041295905,0.039796777,,,,0.1564095,0.16043213,0.15258355,0.15110847,,,,0.0024054009,0.003215611,0.0013700998,0.0018909837,,,,0.35,0.375,0.375,0.32500002,,,,,0.060767613,0.06051405,0.05533458,,,,,0.875,0.92499995,0.925,,,,,0.71250004,0.775,0.83124995,,,,,0.87760544,0.8740141,0.88424546,,,,,-0.01276429,0.0016559362,-0.010451183,,,,0.10515672,0.11280059,0.09919016,0.10361385,,,,0.013021059,0.013497126,0.012785865,0.013049277,,,,0.5208179,0.5350657,0.48905766,0.5041964,,,,0.19097222,0.21736112,0.225,0.23680554,,,,-0.0014647419,-0.0026458844,-0.00048101827,-0.0011977216,,,,0.014102424,0.013615627,0.0067784213,0.01081075,,,,,,0.2201558,0.13185751,,,,,,,-0.0017570199,,,,0.9952893,0.9941589,0.99345213,0.99490356,,,,0.04297669,0.044348255,0.04706162,0.04361424,,,,0.15987828,0.16416669,0.16968101,0.1629976,,,,0.0022985823,0.0027082108,0.0030894103,0.00219056,,,,0.42499998,0.32500002,0.47500002,0.425,,,,,0.08729704,0.09081635,0.08845587,,,,,1.0,0.975,1.0,,,,,0.91249996,0.81875,0.91875,,,,,0.8212391,0.8154755,0.8189974,,,,,0.022641897,0.0060026944,0.0072547346,,,,0.0878001,0.0915924,0.09336891,0.08320657,,,,0.0090188375,0.009106645,0.009080736,0.008431572,,,,0.5794046,0.62394035,0.6282097,0.65508246,,,,0.16527778,0.16388889,0.12777779,0.14097223,,,,-0.0029338002,-0.0039001196,-0.0038096565,-0.003627613,,,,0.012480881,0.013235931,0.011190209,0.012028245,,,,,,0.17460072,0.14800271,,,,,,,-0.050208,,,,1.1976833,1.2315496,1.0623468,1.2452605,,,,,,,-0.057676964,,,,,,-0.16828115,-0.14461985,,,,,0.022607088,0.001304388,0.0017565489,,,
cache_new/HiMoE-VLA/libero_spatial/pick_up_the_black_bowl_next_to_the_plate_and_place_it_on_the_plate/right-50x8b-20260903,right-50x8b-20260903,libero_spatial,libero_spatial/pick_up_the_black_bowl_next_to_the_plate_and_place_it_on_the_plate,314,39,1010,11,1029d0827030a7521361d1904eeb3e7e7f2792be5c99abdb5701abb7ee87c137,27914,False,105,,False,True,-1,-1,success_no_alarm,0.99579775,0.996603,0.99723727,0.9967927,0.9957807,0.9944634,,0.04328703,0.04184356,0.0409243,0.040673565,0.042212073,0.0461289,,0.15736747,0.15517935,0.15219504,0.15294704,0.15641832,0.16308472,,0.0025370535,0.0016199045,0.0015758597,0.0016758677,0.0026229245,0.0037315418,,0.39999998,0.4,0.45000002,0.425,0.25,0.32500002,,,0.055353925,0.07064314,0.0558016,0.06065216,0.08020031,,,0.95,0.975,0.92499995,0.925,0.975,,,0.75,0.86875004,0.74375,0.78125,0.81875,,,0.88683707,0.8566312,0.882369,0.8763757,0.8473229,,,-0.008376986,0.019755125,-0.0026881099,-0.0026204288,0.018867686,,0.11030092,0.11088826,0.099055976,0.097843245,0.11276272,0.11847938,,0.013321586,0.013554149,0.012852253,0.012841557,0.014147604,0.013766488,,0.51980215,0.51591766,0.4818117,0.48433745,0.4967194,0.53993016,,0.21180555,0.22222224,0.2111111,0.20833334,0.2111111,0.19375001,,-0.0016187008,-0.0012353514,-0.0005252866,-0.0012063552,-0.0018896594,-0.003095619,,0.013081203,0.015026394,0.0071245073,0.008630261,0.008879991,0.012863265,,,,0.36641932,0.12994142,0.2043896,0.47411248,,,,,-0.007955754,0.08769243,0.061219238,,0.99533,0.99394345,0.9927097,0.9941021,0.9927157,0.9925194,,0.043999396,0.045269255,0.050389674,0.044502582,0.048420776,0.05067872,,0.16141385,0.16714513,0.17503977,0.16684479,0.17178246,0.17502117,,0.0023104493,0.0023854682,0.0037178695,0.0026815364,0.0035845656,0.00309328,,0.39999998,0.39999998,0.425,0.4,0.47500002,0.7,,,0.08923703,0.10332584,0.087163985,0.09550886,0.105581164,,,1.0,1.0,0.95,0.975,1.0,,,0.90625,0.9,0.86875004,0.78749996,0.8875,,,0.81677026,0.7951836,0.82065105,0.80551183,0.79039073,,,0.022954032,0.02109681,0.010813922,0.008741245,0.010028824,,0.09116181,0.09214825,0.09324004,0.08430035,0.098743826,0.10928863,,0.00929473,0.009283675,0.009102136,0.008366479,0.009544323,0.009862863,,0.56372523,0.619461,0.6404604,0.65704495,0.6240418,0.62806296,,0.16041666,0.1423611,0.13263889,0.13402778,0.13819444,0.1423611,,-0.0029371544,-0.0042024646,-0.0047287145,-0.0039203274,-0.004502317,-0.0046646167,,0.0131917,0.01227723,0.011603594,0.011412938,0.01144518,0.01159482,,,,0.28873497,0.11978515,0.21031982,0.3082286,,,,,-0.07463937,0.057094872,0.08874584,,1.2099466,1.203368,1.062376,1.1606506,1.1419723,1.0840961,,,,,-0.08681923,0.044894278,0.077724285,,,,-0.28747883,-0.12265756,-0.1847253,-0.34118062,,,0.022954047,0.020786464,0.008680582,0.0022343993,0.009917796,
cache_new/HiMoE-VLA/libero_spatial/pick_up_the_black_bowl_next_to_the_plate_and_place_it_on_the_plate/right-50x8b-20260903,right-50x8b-20260903,libero_spatial,libero_spatial/pick_up_the_black_bowl_next_to_the_plate_and_place_it_on_the_plate,315,39,1011,10,1029d0827030a7521361d1904eeb3e7e7f2792be5c99abdb5701abb7ee87c137,27915,False,98,,False,True,-1,-1,success_no_alarm,0.9961124,0.99651176,0.9972602,0.99704736,0.99633276,,,0.04143074,0.04174824,0.040757727,0.040199913,0.040724125,,,0.15438727,0.15557855,0.15242454,0.15188022,0.15399078,,,0.0022783403,0.0017764948,0.0015041088,0.0016155879,0.0020205555,,,0.35000002,0.275,0.425,0.5,0.275,,,,0.05709149,0.07084832,0.053798847,0.05293119,,,,0.975,0.95,0.95000005,0.92499995,,,,0.7375,0.84375,0.775,0.75625,,,,0.8831066,0.854609,0.88700294,0.88939035,,,,-0.008844599,0.026110783,-0.010850877,-0.015116513,,,0.110666096,0.11293791,0.10406052,0.10542387,0.10701284,,,0.013398701,0.013727645,0.012943525,0.012983408,0.013317922,,,0.4948701,0.4956391,0.48842078,0.48345432,0.48530596,,,0.22986111,0.21597223,0.20416667,0.22291668,0.19930555,,,-0.0014507597,-0.0011971025,-0.000410299,-0.00078640785,-0.0014358488,,,0.013977886,0.01426753,0.0073105637,0.0077449866,0.009166239,,,,,0.38251245,0.10049815,0.08035727,,,,,,-0.021268647,0.004280236,,,0.995173,0.9939267,0.99346584,0.99428207,0.99402994,,,0.044132546,0.046039265,0.048479546,0.043552153,0.04670276,,,0.16195858,0.16793096,0.17247654,0.16388533,0.1683901,,,0.0022794926,0.0028106265,0.0032409613,0.0026258826,0.0030478938,,,0.425,0.35000002,0.5,0.325,0.4,,,,0.09420473,0.098670006,0.08793336,0.08306624,,,,1.0,1.0,1.0,0.92499995,,,,0.91875,0.81250006,0.86249995,0.7375001,,,,0.80530155,0.801635,0.82028544,0.82906926,,,,0.03732571,0.017746866,-3.6522746e-05,-0.004789889,,,0.0946701,0.09571995,0.0976692,0.08910883,0.08933365,,,0.009426555,0.009293638,0.009184249,0.008713914,0.008646314,,,0.5589615,0.633131,0.61591893,0.6105534,0.63834006,,,0.16805556,0.16666667,0.1375,0.15902779,0.12916668,,,-0.0030345134,-0.004115218,-0.0043474287,-0.003736323,-0.0037165107,,,0.012483866,0.013648781,0.010717361,0.012187842,0.013276894,,,,,0.23691094,0.121889666,0.064022996,,,,,,-0.047688857,-0.055737443,,,1.1689657,1.1798786,1.0654385,1.1830912,1.1979007,,,,,,-0.05390753,-0.06169547,,,,,-0.22829181,-0.14260796,-0.054533888,,,,0.03732574,0.017746925,-0.0029506683,-0.008545101,,
cache_new/HiMoE-VLA/libero_spatial/pick_up_the_black_bowl_next_to_the_plate_and_place_it_on_the_plate/right-50x8b-20260903,right-50x8b-20260903,libero_spatial,libero_spatial/pick_up_the_black_bowl_next_to_the_plate_and_place_it_on_the_plate,316,39,1012,10,1029d0827030a7521361d1904eeb3e7e7f2792be5c99abdb5701abb7ee87c137,27916,False,91,,False,True,9,-1,success_no_alarm,0.9961238,0.99502254,0.997118,0.99709135,0.9951261,,,0.04198051,0.04513632,0.041476984,0.03948488,0.04417113,,,0.15487872,0.16222693,0.15323716,0.1508137,0.1603596,,,0.002270343,0.0032764415,0.0013467617,0.0016430018,0.0034509005,,,0.325,0.25,0.375,0.325,0.25,,,,0.05892737,0.0596094,0.0516553,0.06853731,,,,0.775,1.0,0.95,0.95,,,,0.6375,0.77500004,0.79375005,0.81875,,,,0.88202727,0.8767595,0.8902957,0.8633735,,,,-0.017748639,-0.001614362,-0.019558832,-0.0042998195,,,0.10820067,0.11144911,0.10515805,0.10265774,0.11713157,,,0.013379821,0.013327473,0.013360119,0.012836441,0.01421758,,,0.5222614,0.5538378,0.4724428,0.48121154,0.52903825,,,0.21041667,0.20069444,0.21597223,0.21527778,0.21388888,,,-0.00094592175,-0.002198093,-0.00087319035,-0.0005548676,-0.0027813206,,,0.012814933,0.012979807,0.00588597,0.008628976,0.011447607,,,,,0.23660374,0.08978847,0.3662518,,,,,,-0.024076626,0.07476855,,,0.9954205,0.99396205,0.9941038,0.9942972,0.9926996,,,0.044189237,0.044421233,0.046927176,0.04745789,0.046795726,,,0.16082531,0.16329359,0.16815183,0.16773005,0.1713395,,,0.0021417171,0.0028998854,0.003004795,0.002664871,0.0042753164,,,0.45,0.35000002,0.47500002,0.47500002,0.325,,,,0.08755125,0.09751499,0.087641865,0.10149117,,,,0.975,0.975,0.95,1.0,,,,0.86875,0.8625,0.86875,0.88750005,,,,0.8217306,0.804713,0.8197098,0.7964655,,,,0.019986749,0.025455907,0.0011937469,0.0203024,,,0.09072623,0.092065625,0.09560662,0.08452593,0.1011618,,,0.009310091,0.008970627,0.0091546895,0.00836235,0.009926,,,0.5688789,0.64587915,0.6033692,0.6344098,0.6277362,,,0.15069444,0.15555556,0.14375001,0.13472222,0.13958333,,,-0.00252658,-0.0039655585,-0.0035196422,-0.0036455507,-0.00468338,,,0.013685998,0.011877374,0.012819279,0.011599983,0.01134595,,,,,0.2636518,0.15403003,0.29706416,,,,,,-0.053351425,0.11747153,,,1.1926063,1.2105398,1.0999035,1.2145119,1.1578636,,,,,,-0.05871584,0.11270222,,,,,-0.26774678,-0.15987088,-0.28512448,,,,0.019796133,0.019645512,-0.0023537874,0.016899705,,
cache_new/HiMoE-VLA/libero_spatial/pick_up_the_black_bowl_next_to_the_plate_and_place_it_on_the_plate/right-50x8b-20260903,right-50x8b-20260903,libero_spatial,libero_spatial/pick_up_the_black_bowl_next_to_the_plate_and_place_it_on_the_plate,317,39,1013,10,1029d0827030a7521361d1904eeb3e7e7f2792be5c99abdb5701abb7ee87c137,27917,False,100,,False,True,-1,-1,success_no_alarm,0.99601424,0.99639255,0.99733615,0.99715006,0.9952225,,,0.042249337,0.04197171,0.040701393,0.039417088,0.04434708,,,0.15616715,0.15605056,0.15177193,0.15036713,0.16036336,,,0.0023138202,0.0018559163,0.0013372512,0.0015302328,0.0032704049,,,0.35000002,0.35000002,0.4,0.375,0.39999998,,,,0.05950699,0.06642769,0.05224686,0.06538077,,,,0.975,0.925,0.95000005,0.975,,,,0.7375,0.79375005,0.70625,0.8125,,,,0.8797455,0.86590123,0.8905072,0.86772114,,,,-0.0050362498,0.011731863,-0.008500993,-0.002165407,,,0.10630347,0.107601866,0.09956919,0.10104154,0.11736056,,,0.013187699,0.013252079,0.013065671,0.0131526925,0.014313582,,,0.49541187,0.5056809,0.47297603,0.49684107,0.51972026,,,0.22013889,0.2048611,0.22222222,0.22152777,0.21527776,,,-0.0017950688,-0.0017153377,-0.00062599964,-0.00059801806,-0.0026919928,,,0.013250131,0.015335677,0.007338083,0.008525489,0.010449482,,,,,0.2894856,0.047168195,0.26652208,,,,,,0.01142299,0.09390617,,,0.99536437,0.99379003,0.99368244,0.99402225,0.9926685,,,0.04354614,0.046329036,0.04654734,0.046384312,0.048171073,,,0.1600703,0.16841924,0.16819468,0.16833378,0.17415643,,,0.0022108885,0.0026905998,0.0026968257,0.0024043175,0.0044651683,,,0.4,0.375,0.45,0.54999995,0.375,,,,0.09275379,0.09805769,0.08863204,0.094995454,,,,1.0,0.925,0.95,1.0,,,,0.90000004,0.8625,0.86875,0.8312501,,,,0.8100072,0.8030915,0.8171185,0.81011945,,,,0.032714948,0.014965013,0.011517987,0.0055116713,,,0.088852525,0.09022607,0.09018192,0.08567656,0.103464946,,,0.009221913,0.008890824,0.008927416,0.0084760105,0.01007962,,,0.56303465,0.6413348,0.6349884,0.66559905,0.6241549,,,0.17291668,0.14583333,0.14375001,0.12083334,0.13958333,,,-0.002877184,-0.0043631652,-0.0041621695,-0.003854647,-0.00432956,,,0.013581208,0.012248695,0.012569303,0.011523547,0.013929419,,,,,0.22343609,0.12405209,0.18609421,,,,,,-0.03444559,0.1395659,,,1.1964035,1.1925807,1.1040926,1.179337,1.1343026,,,,,,-0.049835626,0.1234401,,,,,-0.190491,-0.119490474,-0.13919163,,,,0.032714903,0.013635874,0.009150624,-0.005636394,,
cache_new/HiMoE-VLA/libero_spatial/pick_up_the_black_bowl_next_to_the_plate_and_place_it_on_the_plate/right-50x8b-20260903,right-50x8b-20260903,libero_spatial,libero_spatial/pick_up_the_black_bowl_next_to_the_plate_and_place_it_on_the_plate,318,39,1014,22,1029d0827030a7521361d1904eeb3e7e7f2792be5c99abdb5701abb7ee87c137,27918,True,220,object_released_or_dropped_before_goal,False,True,11,21,failure_detected,0.9959256,0.9964556,0.9971762,0.997182,0.9955803,0.9949176,0.9965895,0.042617194,0.042094775,0.040812753,0.03925792,0.04346023,0.046396367,0.04141584,0.156272,0.15570813,0.1531916,0.14983411,0.15934113,0.16313896,0.15408032,0.002391608,0.0017241605,0.0014054766,0.0014441384,0.0028536222,0.003437417,0.0013423762,0.35,0.35000002,0.4,0.5,0.35000002,0.4,0.57500005,,0.0562937,0.06610062,0.052489676,0.061942674,0.07561588,0.036646925,,0.9,0.975,0.92499995,0.975,0.95,0.75,,0.7375,0.83125,0.78125,0.8,0.79375005,0.55625,,0.88551366,0.86471224,0.8890726,0.8741037,0.85378194,0.92152846,,-0.009346604,0.011912048,-0.0035652518,-0.0014296323,0.0076258928,-0.049295276,0.107787535,0.109417036,0.10240935,0.10063053,0.113721974,0.12289971,0.11011263,0.013115953,0.013488621,0.013045421,0.013017785,0.013901964,0.01420249,0.0140455365,0.5171695,0.50718385,0.48929104,0.48482782,0.5229279,0.53005457,0.4804771,0.19791666,0.21388888,0.20416667,0.24722221,0.2,0.21875,0.22430556,-0.0014469072,-0.0015127249,-0.00019251739,-0.0008960124,-0.0022257306,-0.002644061,-0.0011899652,0.013007431,0.014123243,0.008062689,0.008882825,0.009729986,0.0115732085,0.010755853,,,0.31339657,0.078672364,0.24170877,0.43260694,-0.2879909,,,,-0.0038630196,0.06038514,0.08150981,0.07195708,0.9954225,0.9937982,0.9937029,0.99382055,0.9934573,0.9925808,0.9948075,0.043379128,0.046537235,0.045923896,0.044843726,0.04760941,0.047264423,0.04557069,0.16097385,0.16846707,0.16804686,0.16679847,0.17126775,0.17300718,0.16473033,0.0022794066,0.002698339,0.0029504655,0.002455465,0.003833201,0.004019011,0.0010446399,0.40000004,0.425,0.45,0.4,0.475,0.35000002,0.54999995,,0.09206132,0.102039814,0.09001167,0.09451932,0.0979005,0.057453193,,1.0,0.925,0.975,0.975,0.9,0.72499996,,0.875,0.8125,0.84375,0.81874996,0.80625,0.66875005,,0.8098923,0.7965827,0.8173256,0.80869913,0.80330807,0.8787383,,0.027741909,0.02437909,0.004338354,0.010314345,0.0011049807,-0.06366128,0.08885807,0.091531396,0.09279841,0.087215096,0.09982099,0.117553845,0.09588997,0.009162911,0.008998051,0.008908167,0.008661991,0.009695851,0.011233304,0.009400232,0.57334125,0.6326556,0.6373158,0.6504539,0.6116903,0.59340954,0.62146205,0.15347221,0.15208334,0.14027779,0.14583333,0.1375,0.14930555,0.15555555,-0.0026788362,-0.004285412,-0.0040344726,-0.00421342,-0.003975069,-0.0045572994,-0.0034344075,0.013885053,0.012211754,0.010364414,0.01133628,0.0150642535,0.014357303,0.012184935,,,0.27015895,0.14509502,0.19111913,0.22883455,-0.30663463,,,,-0.018234396,0.09411279,0.24103758,0.06289477,1.2130303,1.1954044,1.1035678,1.15382,1.1392592,1.0454758,1.1483227,,,,-0.030452972,0.082300514,0.22948536,0.051336817,,,-0.29394257,-0.16594768,-0.18762466,-0.21713902,0.27375597,,0.027741969,0.022413969,0.002013445,0.005995631,-0.003148973,-0.06759685
cache_new/HiMoE-VLA/libero_spatial/pick_up_the_black_bowl_next_to_the_plate_and_place_it_on_the_plate/right-50x8b-20260903,right-50x8b-20260903,libero_spatial,libero_spatial/pick_up_the_black_bowl_next_to_the_plate_and_place_it_on_the_plate,319,39,1015,10,1029d0827030a7521361d1904eeb3e7e7f2792be5c99abdb5701abb7ee87c137,27919,False,91,,False,True,-1,-1,success_no_alarm,0.99599844,0.9962527,0.99740493,0.9965605,0.9939414,,,0.04265085,0.042327527,0.04082807,0.04073208,0.046686366,,,0.15604568,0.15674537,0.15198255,0.15333432,0.16555794,,,0.0023396348,0.0020150347,0.0013884332,0.0021157821,0.004566483,,,0.35000002,0.35000002,0.4,0.35000002,0.275,,,,0.057617262,0.06238264,0.056269377,0.08094505,,,,0.95000005,0.9,0.975,0.925,,,,0.74999994,0.82500005,0.79375005,0.8625,,,,0.8810228,0.8713803,0.88267386,0.84341735,,,,-0.008743182,0.003685072,-0.008409426,0.012994155,,,0.102000445,0.113067865,0.1059403,0.098712906,0.1292606,,,0.012893225,0.013446203,0.013429157,0.012687566,0.015278556,,,0.50068384,0.5177721,0.45345753,0.5049233,0.52178645,,,0.19791667,0.21111111,0.22013889,0.20972222,0.2263889,,,-0.0017969607,-0.0010430061,-0.00035710476,-0.00095505407,-0.0038537357,,,0.0133847,0.014227683,0.006780425,0.010085367,0.010103444,,,,,0.26732433,0.16280961,0.50691766,,,,,,-0.026600905,0.15530276,,,0.99525845,0.9945099,0.9936349,0.99377435,0.9921606,,,0.043783836,0.043796692,0.046510972,0.04684111,0.048346695,,,0.1610612,0.16198337,0.16884276,0.16845962,0.17548665,,,0.0022718736,0.00242953,0.0030697528,0.002825073,0.0047652093,,,0.425,0.3,0.42499998,0.525,0.35000002,,,,0.086367615,0.09701148,0.08918432,0.10543819,,,,1.0,0.975,0.975,1.0,,,,0.89374995,0.89375,0.8625,0.9,,,,0.8216671,0.8055652,0.81571466,0.79312754,,,,0.030106679,0.017072976,0.012826368,0.01267536,,,0.086474486,0.08965607,0.09640242,0.08613731,0.11644541,,,0.008913512,0.00887836,0.009022698,0.008409369,0.011157911,,,0.57762235,0.62608415,0.61410457,0.672306,0.62782717,,,0.16111112,0.16458334,0.15972222,0.1375,0.15416667,,,-0.0029235845,-0.0035416903,-0.003998184,-0.0041075647,-0.004837803,,,0.012999291,0.012471136,0.011980144,0.011340372,0.010691455,,,,,0.25249395,0.16919242,0.33618575,,,,,,-0.042056628,0.24057347,,,1.1795439,1.2611289,1.0989381,1.1459948,1.1100532,,,,,,-0.058152996,0.22464941,,,,,-0.2834744,-0.17923269,-0.320733,,,,0.028634489,0.016582191,0.0128263235,0.005211532,,
cache_new/HiMoE-VLA/libero_spatial/pick_up_the_black_bowl_next_to_the_plate_and_place_it_on_the_plate/right-50x8b-20260903,right-50x8b-20260903,libero_spatial,libero_spatial/pick_up_the_black_bowl_next_to_the_plate_and_place_it_on_the_plate,320,40,1008,10,1029d0827030a7521361d1904eeb3e7e7f2792be5c99abdb5701abb7ee87c137,27920,False,98,,False,True,-1,-1,success_no_alarm,0.9953003,0.9967418,0.9970227,0.9971762,0.99671507,,,0.045352552,0.042572513,0.0406537,0.0403185,0.03999784,,,0.16060881,0.15497409,0.15334965,0.15213637,0.15152737,,,0.0031290525,0.0016157426,0.0017757036,0.0016084677,0.0019962713,,,0.32500002,0.52500004,0.35,0.35000002,0.275,,,,0.055421628,0.0721957,0.05355734,0.054316793,,,,0.775,0.95,0.92499995,0.925,,,,0.68125,0.88125,0.775,0.775,,,,0.88849854,0.8548175,0.8876395,0.8859833,,,,-0.007269427,0.022291943,-0.0027040988,-0.007126525,,,0.110739395,0.10595397,0.1008053,0.10272777,0.106747866,,,0.013583031,0.013162384,0.012868092,0.012934145,0.013417091,,,0.51566637,0.48860744,0.48668718,0.5098703,0.49606913,,,0.19513889,0.2048611,0.22222221,0.21944444,0.22777778,,,-0.002095041,-0.0011128137,-0.0010997258,-0.0004978382,-0.0010222993,,,0.012622906,0.014803834,0.010183851,0.011653569,0.010222144,,,,,0.31637263,0.021369081,0.036162652,,,,,,-0.023297507,0.012667559,,,0.99391323,0.99395096,0.993965,0.9935382,0.9952543,,,0.046443857,0.046052225,0.04660467,0.046649657,0.041444786,,,0.1687574,0.16691709,0.16927174,0.16823103,0.15818557,,,0.003258091,0.002392382,0.0029967804,0.003222611,0.0017435944,,,0.45000002,0.475,0.425,0.5,0.32500002,,,,0.09258382,0.096791804,0.08883793,0.088336736,,,,0.95000005,0.975,0.9,1.0,,,,0.84999996,0.84375006,0.85625,0.9,,,,0.814489,0.804713,0.8150357,0.82066107,,,,0.010156095,0.010317981,-0.0020284206,0.009780064,,,0.09747681,0.091226526,0.092928484,0.08710548,0.08197597,,,0.009464131,0.008717402,0.009481144,0.008517999,0.008363145,,,0.6235697,0.633604,0.60595906,0.64976734,0.65040696,,,0.14027779,0.15208334,0.1326389,0.14791667,0.15138888,,,-0.0039188312,-0.0039324863,-0.004013645,-0.004295662,-0.002948935,,,0.013014497,0.013832128,0.01424771,0.011354294,0.010886422,,,,,0.15041658,0.06409904,0.05582305,,,,,,-0.04248948,-0.06079954,,,1.1360589,1.1614382,1.0847621,1.1793491,1.3021849,,,,,,-0.042038504,-0.060385387,,,,,-0.15789583,-0.051391102,-0.027509673,,,,0.009695411,0.00557369,-0.0020284057,0.0051003695,,
cache_new/HiMoE-VLA/libero_spatial/pick_up_the_black_bowl_next_to_the_plate_and_place_it_on_the_plate/right-50x8b-20260903,right-50x8b-20260903,libero_spatial,libero_spatial/pick_up_the_black_bowl_next_to_the_plate_and_place_it_on_the_plate,321,40,1009,10,1029d0827030a7521361d1904eeb3e7e7f2792be5c99abdb5701abb7ee87c137,27921,False,97,,False,True,-1,-1,success_no_alarm,0.9954082,0.9968324,0.9972764,0.9970154,0.99647236,,,0.044062614,0.042404387,0.040392194,0.04013955,0.041115332,,,0.15900436,0.15491793,0.15216723,0.15224834,0.15426543,,,0.003006136,0.001547861,0.0015264837,0.001610738,0.0020866483,,,0.3,0.55,0.375,0.42499998,0.375,,,,0.05361786,0.06985031,0.054023948,0.0532872,,,,0.85,0.975,0.975,0.875,,,,0.65625,0.85,0.78125,0.78749996,,,,0.8917054,0.85722226,0.88671243,0.88757277,,,,-0.0043297857,0.020577416,-0.0041918457,-0.011927009,,,0.10701797,0.10643758,0.09924652,0.10483904,0.10385727,,,0.0131785115,0.01320407,0.012687355,0.012911589,0.013587961,,,0.52816284,0.48612866,0.48490986,0.50450283,0.47419977,,,0.19722222,0.24374999,0.22847223,0.23541665,0.21805555,,,-0.0018270061,-0.0012480437,-0.0006417017,-0.0009297038,-0.0013220822,,,0.0122430045,0.013329888,0.008168532,0.009011284,0.009320459,,,,,0.3155954,0.061268277,0.049855545,,,,,,-0.0045993873,0.044478882,,,0.9937964,0.9937319,0.99443406,0.994356,0.9944091,,,0.046815194,0.044628683,0.045725502,0.043954216,0.04534065,,,0.16905093,0.16395374,0.16550295,0.16338107,0.16684452,,,0.0032768543,0.00226852,0.0028599855,0.0026076525,0.0025423164,,,0.55,0.37500003,0.42499998,0.475,0.35000002,,,,0.092632905,0.09835963,0.084647804,0.08791251,,,,0.925,0.925,0.82500005,0.975,,,,0.90000004,0.8875,0.8125,0.9,,,,0.81358194,0.803044,0.8237895,0.82022417,,,,0.0114103705,0.023070768,-0.0021160394,7.5533986e-05,,,0.09420355,0.09001351,0.08799176,0.083895236,0.08444276,,,0.0092319185,0.008998391,0.009029997,0.008526107,0.008410506,,,0.6259707,0.6220108,0.61384374,0.63388747,0.6525664,,,0.15486111,0.15347221,0.14652778,0.15208334,0.13402778,,,-0.0040523587,-0.0042216238,-0.0034854177,-0.0036355755,-0.0034428346,,,0.012443609,0.012068335,0.011570003,0.0102700945,0.01094723,,,,,0.1823987,0.03365754,0.069875285,,,,,,-0.031227615,-0.04547804,,,1.1360291,1.1824622,1.1279069,1.2496424,1.2299134,,,,,,-0.039588526,-0.053239755,,,,,-0.20728466,-0.013063053,-0.048563153,,,,0.0072160363,0.019297421,-0.0041084886,-0.0029067993,,
cache_new/HiMoE-VLA/libero_spatial/pick_up_the_black_bowl_next_to_the_plate_and_place_it_on_the_plate/right-50x8b-20260903,right-50x8b-20260903,libero_spatial,libero_spatial/pick_up_the_black_bowl_next_to_the_plate_and_place_it_on_the_plate,322,40,1010,10,1029d0827030a7521361d1904eeb3e7e7f2792be5c99abdb5701abb7ee87c137,27922,False,99,,False,True,-1,-1,success_no_alarm,0.99525416,0.9969181,0.9972118,0.99701715,0.9966847,,,0.045046136,0.041997775,0.040029798,0.040446825,0.040575672,,,0.1601986,0.15402348,0.15254322,0.1527191,0.1526698,,,0.0031879735,0.001409243,0.0015822232,0.0016513085,0.0019368515,,,0.32500002,0.625,0.325,0.425,0.275,,,,0.053851224,0.070529334,0.054563627,0.05387253,,,,0.875,1.0,0.9,0.875,,,,0.66875,0.80625,0.7875,0.75,,,,0.8924103,0.8563026,0.88561356,0.8871769,,,,-0.005724013,0.018409207,-0.0020917952,-0.007650748,,,0.11219837,0.10389757,0.103068024,0.100892656,0.10571714,,,0.01330605,0.013100854,0.013029506,0.012857935,0.013300204,,,0.5339674,0.5010256,0.48083836,0.48317188,0.49805602,,,0.19513889,0.23124999,0.22013888,0.21597221,0.22986111,,,-0.0020847737,-0.0009299618,-0.00066639844,-0.0011136392,-0.0009779965,,,0.012118734,0.014334459,0.009527031,0.0094547365,0.0104264645,,,,,0.28985575,0.03504152,0.024639297,,,,,,-0.02587482,0.007929815,,,0.99377966,0.99376464,0.99403167,0.9939399,0.9942687,,,0.047425315,0.045692943,0.046588503,0.04515357,0.045170944,,,0.17034483,0.16706747,0.16882157,0.16729648,0.16652873,,,0.0033901392,0.0023163655,0.0026072569,0.0031587707,0.0022126944,,,0.45,0.42499998,0.525,0.3,0.39999998,,,,0.09226061,0.09818826,0.09453262,0.089724466,,,,0.825,0.975,0.975,0.9,,,,0.84375,0.84375,0.875,0.8875,,,,0.81500536,0.80400586,0.80571485,0.8148005,,,,0.011829495,0.015678734,0.0100464225,0.004018739,,,0.10059571,0.088702396,0.093684204,0.0827367,0.08579578,,,0.009548464,0.00873979,0.009434106,0.008403708,0.008538895,,,0.62377626,0.64450693,0.60255134,0.62832993,0.657856,,,0.14791667,0.13611111,0.14722222,0.14583333,0.13472223,,,-0.0040179105,-0.004126655,-0.0038260291,-0.003819391,-0.0035814354,,,0.014293892,0.012263065,0.0130121745,0.012022141,0.010816915,,,,,0.1715925,0.13473667,0.080235004,,,,,,-0.0761895,-0.060285147,,,1.1153395,1.1713052,1.1001644,1.2194426,1.232195,,,,,,-0.07816601,-0.062207468,,,,,-0.17995398,-0.1325111,-0.057708003,,,,0.010193706,0.009451449,0.009487271,-0.00022339821,,
cache_new/HiMoE-VLA/libero_spatial/pick_up_the_black_bowl_next_to_the_plate_and_place_it_on_the_plate/right-50x8b-20260903,right-50x8b-20260903,libero_spatial,libero_spatial/pick_up_the_black_bowl_next_to_the_plate_and_place_it_on_the_plate,323,40,1011,10,1029d0827030a7521361d1904eeb3e7e7f2792be5c99abdb5701abb7ee87c137,27923,False,100,,False,True,-1,-1,success_no_alarm,0.9953906,0.9968793,0.9971814,0.9969982,0.99636555,,,0.044408724,0.04237879,0.040506355,0.04048814,0.04096499,,,0.15944083,0.15424277,0.15271747,0.15292916,0.15357693,,,0.0030910098,0.0013965163,0.0016237742,0.0018417279,0.0020928052,,,0.375,0.52500004,0.39999998,0.42499998,0.3,,,,0.05001718,0.069090486,0.05502032,0.057077333,,,,0.875,0.95,0.95,0.9,,,,0.63125,0.82500005,0.7625,0.76875,,,,0.8979627,0.8601089,0.8859986,0.8820605,,,,-0.013041034,0.017739147,-0.009934917,-0.007414654,,,0.1125384,0.10564805,0.10367322,0.1052824,0.10873514,,,0.01345792,0.013007966,0.012927742,0.01273704,0.013107152,,,0.51827955,0.49837846,0.47816175,0.50482047,0.50324833,,,0.20833333,0.21597223,0.21597221,0.2236111,0.23263888,,,-0.0021069078,-0.00094800274,-0.00062046177,-0.0010296085,-0.0014675452,,,0.012507782,0.0126570985,0.010556487,0.010154489,0.011301193,,,,,0.26718062,0.038806234,0.07877095,,,,,,-0.03649156,-0.008954698,,,0.9935526,0.99400043,0.9940098,0.99285555,0.9944197,,,0.04748872,0.04610485,0.046766676,0.047886267,0.04383018,,,0.17078358,0.16676328,0.16906515,0.17349997,0.16255896,,,0.00345023,0.002525479,0.002916138,0.004087013,0.0016138852,,,0.45000002,0.425,0.525,0.375,0.375,,,,0.09023728,0.09865095,0.09591784,0.10080817,,,,0.975,0.975,0.92499995,0.975,,,,0.80625004,0.89374995,0.88750005,0.91875,,,,0.8193533,0.80309546,0.804775,0.79537964,,,,0.008054107,0.011912003,0.0069654286,0.033757553,,,0.10185952,0.09347913,0.09443873,0.09022199,0.08754801,,,0.009678286,0.009022997,0.009580591,0.008780293,0.008623352,,,0.621094,0.6255596,0.58875126,0.6333827,0.65977,,,0.14305556,0.16180556,0.13680555,0.13402778,0.14305556,,,-0.004182618,-0.0039034903,-0.0038230196,-0.0048234425,-0.0038533057,,,0.013551681,0.013037119,0.014780766,0.013164593,0.013171417,,,,,0.14723825,0.11783503,0.1690056,,,,,,-0.021469552,-0.039395165,,,1.1048393,1.130178,1.0977829,1.1669261,1.2420058,,,,,,-0.028471466,-0.04650736,,,,,-0.16254312,-0.11173156,-0.1864222,,,,0.0046106577,0.008447349,0.0044011474,0.028297782,,
cache_new/HiMoE-VLA/libero_spatial/pick_up_the_black_bowl_next_to_the_plate_and_place_it_on_the_plate/right-50x8b-20260903,right-50x8b-20260903,libero_spatial,libero_spatial/pick_up_the_black_bowl_next_to_the_plate_and_place_it_on_the_plate,324,40,1012,10,1029d0827030a7521361d1904eeb3e7e7f2792be5c99abdb5701abb7ee87c137,27924,False,99,,False,True,-1,-1,success_no_alarm,0.9952809,0.99624676,0.9970663,0.9967185,0.99631625,,,0.045099407,0.043434963,0.04108709,0.04108809,0.04116677,,,0.16032118,0.15764974,0.15364215,0.15433098,0.15450929,,,0.003144548,0.001966123,0.0017940542,0.002069966,0.002240418,,,0.35000002,0.5,0.3,0.35000002,0.275,,,,0.05644449,0.07217933,0.05939109,0.059718132,,,,0.9,0.975,0.975,0.92499995,,,,0.65,0.84375,0.80625,0.77500004,,,,0.8855293,0.855576,0.8764452,0.877442,,,,-0.0046728104,0.020841926,-0.008388579,-0.004941091,,,0.10962054,0.1097838,0.10645615,0.10516492,0.109136224,,,0.013240392,0.013313893,0.013433384,0.012772432,0.013335109,,,0.5538387,0.50803363,0.46020907,0.49889034,0.51187944,,,0.18888888,0.225,0.22152779,0.20902778,0.21666667,,,-0.0016987587,-0.0011497728,-0.0011677623,-0.0012167774,-0.0015621356,,,0.01174889,0.013630978,0.010106979,0.00983152,0.013071522,,,,,0.29496595,0.09873239,0.10772045,,,,,,-0.033962652,0.008209924,,,0.99383616,0.99393094,0.99408203,0.9925834,0.99399924,,,0.046605304,0.046680287,0.045341514,0.049144693,0.045326687,,,0.16864945,0.1675623,0.16810842,0.17448568,0.16675761,,,0.003493879,0.0026462972,0.0029322526,0.004777248,0.0019427848,,,0.525,0.45,0.32500002,0.42499998,0.375,,,,0.09202506,0.09873971,0.098254554,0.10018684,,,,0.925,0.92499995,1.0,1.0,,,,0.83125,0.8875,0.91875005,0.88125,,,,0.81609845,0.7997857,0.80323166,0.79981226,,,,0.007478133,0.013727188,0.004351586,0.028854325,,,0.09991791,0.09221223,0.09825577,0.091224834,0.086641744,,,0.009565655,0.008973866,0.009707302,0.008871456,0.008638073,,,0.6344962,0.6351735,0.5925963,0.6446628,0.65584576,,,0.1375,0.15069444,0.14444445,0.13472223,0.13194445,,,-0.003783309,-0.0038510698,-0.0038243954,-0.005053005,-0.004123714,,,0.014201131,0.013027741,0.013269151,0.013365511,0.013596387,,,,,0.13770917,0.13262597,0.15457606,,,,,,-0.010243433,-0.037401944,,,1.097106,1.1905557,1.0834596,1.1528102,1.2596264,,,,,,-0.016180238,-0.04283962,,,,,-0.14009494,-0.14203417,-0.16059694,,,,0.005891919,0.012105048,0.0013689995,0.022676647,,
cache_new/HiMoE-VLA/libero_spatial/pick_up_the_black_bowl_next_to_the_plate_and_place_it_on_the_plate/right-50x8b-20260903,right-50x8b-20260903,libero_spatial,libero_spatial/pick_up_the_black_bowl_next_to_the_plate_and_place_it_on_the_plate,325,40,1013,10,1029d0827030a7521361d1904eeb3e7e7f2792be5c99abdb5701abb7ee87c137,27925,False,99,,False,True,-1,-1,success_no_alarm,0.9953329,0.9968195,0.9972396,0.99680525,0.9965872,,,0.04463215,0.042217325,0.040620383,0.040734507,0.04058968,,,0.15965794,0.15450771,0.15245654,0.15367216,0.15315376,,,0.003068652,0.0015545168,0.0015733661,0.0018922908,0.0019214245,,,0.375,0.475,0.325,0.35000002,0.375,,,,0.054396726,0.07077454,0.05595056,0.054806568,,,,0.825,0.9,0.975,0.975,,,,0.625,0.85,0.8125,0.81875,,,,0.8900731,0.8595729,0.8835989,0.8861855,,,,-0.0052919984,0.014837578,-0.0020958483,-0.010024607,,,0.10867375,0.10367438,0.100688666,0.10577669,0.10592595,,,0.013369971,0.013064916,0.012971143,0.012992042,0.013279489,,,0.5211096,0.4750181,0.4747965,0.50614476,0.4914755,,,0.20069444,0.22638889,0.22083333,0.23194444,0.23750001,,,-0.002379621,-0.0013321089,-0.00093379704,-0.0010849354,-0.0013311629,,,0.011625576,0.014920004,0.011973809,0.01090591,0.011794828,,,,,0.28174946,0.047375057,0.031145552,,,,,,-0.0128770275,0.007995183,,,0.9938991,0.9939488,0.99476105,0.9932186,0.99447376,,,0.046898212,0.046283167,0.04565151,0.046953913,0.04304438,,,0.16882735,0.16715164,0.16612573,0.17154524,0.16237697,,,0.0033243042,0.0025252728,0.0025095707,0.003815263,0.0014367946,,,0.425,0.475,0.47500002,0.4,0.375,,,,0.09001798,0.093044534,0.094651066,0.09892732,,,,0.925,0.975,0.9,0.90000004,,,,0.8625,0.86875004,0.81875,0.85625005,,,,0.81809974,0.81118935,0.8080143,0.7991431,,,,0.00846009,0.009808198,-0.0021332502,0.0236907,,,0.09825339,0.09003701,0.08924039,0.08853079,0.084468395,,,0.009459771,0.008785661,0.009240546,0.008766213,0.008563943,,,0.62092626,0.6361593,0.5980948,0.6381841,0.66392386,,,0.15069444,0.14027777,0.15486111,0.12986112,0.13472223,,,-0.0039872113,-0.004029158,-0.003345355,-0.004601946,-0.0038298815,,,0.014323872,0.012301984,0.014154814,0.014325438,0.013077589,,,,,0.113777444,0.12834483,0.17378898,,,,,,0.0068279644,-0.016360993,,,1.106056,1.1514641,1.1282859,1.1948012,1.2540306,,,,,,0.004431903,-0.01891229,,,,,-0.1255206,-0.15294263,-0.16757658,,,,0.005458474,0.0038003325,-0.0024402142,0.017086923,,
cache_new/HiMoE-VLA/libero_spatial/pick_up_the_black_bowl_next_to_the_plate_and_place_it_on_the_plate/right-50x8b-20260903,right-50x8b-20260903,libero_spatial,libero_spatial/pick_up_the_black_bowl_next_to_the_plate_and_place_it_on_the_plate,326,40,1014,10,1029d0827030a7521361d1904eeb3e7e7f2792be5c99abdb5701abb7ee87c137,27926,False,97,,False,True,-1,-1,success_no_alarm,0.9952825,0.99686724,0.99732727,0.9971429,0.9964645,,,0.0453467,0.042066183,0.040281713,0.040099874,0.04067847,,,0.15992992,0.15414765,0.15115522,0.15204611,0.1541675,,,0.0031036334,0.0014417134,0.0014409911,0.0016499499,0.002072563,,,0.35000002,0.425,0.32500002,0.35000002,0.25,,,,0.05194301,0.06783249,0.054976817,0.053307537,,,,0.875,0.95,0.92499995,0.90000004,,,,0.6375,0.85,0.77500004,0.75,,,,0.8953194,0.8618091,0.8855312,0.88692117,,,,-0.0077889413,0.018783867,-0.000586316,-0.011305794,,,0.11156373,0.10627856,0.1028285,0.10043017,0.10671295,,,0.01335161,0.013110826,0.012937902,0.012807629,0.013267472,,,0.5286654,0.48789328,0.4760066,0.49179894,0.5001589,,,0.19722222,0.22361112,0.21180555,0.21458334,0.21944444,,,-0.0019591576,-0.00113739,-0.0002169045,-0.0010266677,-0.0013767555,,,0.011946179,0.013507706,0.008774493,0.009793162,0.009833027,,,,,0.28855377,0.0805127,0.04947885,,,,,,-0.02469723,0.0111754695,,,0.99407876,0.9936377,0.9943743,0.9942102,0.99477863,,,0.046724696,0.04542951,0.045549598,0.044144534,0.043541454,,,0.16889727,0.16528443,0.16656579,0.16468307,0.16420567,,,0.0031765539,0.0023435217,0.00238908,0.0029186315,0.0021178287,,,0.425,0.47500002,0.45,0.325,0.3,,,,0.090164244,0.09450448,0.088724315,0.087453865,,,,0.92499995,0.9,0.92499995,0.95,,,,0.90000004,0.89375,0.85,0.83125,,,,0.8164158,0.80873287,0.81713283,0.8205177,,,,0.011628538,0.014545515,-0.00034032762,0.008674964,,,0.09691365,0.09046981,0.08988516,0.0836065,0.084557734,,,0.009332249,0.008769932,0.009124741,0.008463349,0.0083316,,,0.626537,0.6338147,0.6090704,0.61179376,0.6571149,,,0.13819444,0.14097221,0.14444445,0.14097223,0.14236112,,,-0.0035962602,-0.004245099,-0.0035211386,-0.0037969644,-0.0031393198,,,0.013401456,0.012397645,0.012840217,0.010994335,0.011372161,,,,,0.15958926,0.09774401,0.0807034,,,,,,-0.03693706,-0.053117886,,,1.1511663,1.1747407,1.1439986,1.2012244,1.262013,,,,,,-0.039402448,-0.055091996,,,,,-0.16828671,-0.10088965,-0.054311067,,,,0.0065994263,0.010520041,-0.00034034252,0.003414631,,
cache_new/HiMoE-VLA/libero_spatial/pick_up_the_black_bowl_next_to_the_plate_and_place_it_on_the_plate/right-50x8b-20260903,right-50x8b-20260903,libero_spatial,libero_spatial/pick_up_the_black_bowl_next_to_the_plate_and_place_it_on_the_plate,327,40,1015,10,1029d0827030a7521361d1904eeb3e7e7f2792be5c99abdb5701abb7ee87c137,27927,False,97,,False,True,-1,-1,success_no_alarm,0.99519014,0.9967094,0.9969219,0.9969573,0.9966168,,,0.045451388,0.04261187,0.04133118,0.039885648,0.040629547,,,0.1604858,0.1552543,0.15426967,0.1520238,0.15320884,,,0.003227117,0.0016695389,0.0019524674,0.0016916385,0.0019303677,,,0.425,0.5,0.275,0.425,0.325,,,,0.053779997,0.074206255,0.05267442,0.052160118,,,,0.8,0.975,0.975,0.87499994,,,,0.61249995,0.85625005,0.725,0.74375,,,,0.89230233,0.85339427,0.88864297,0.88944274,,,,-0.009338245,0.021261781,-0.008792549,-0.010392249,,,0.10550434,0.10835022,0.106807366,0.1024941,0.103430174,,,0.013096506,0.0131283915,0.013191151,0.01276501,0.013059807,,,0.52562153,0.49555233,0.47080234,0.5058011,0.48553854,,,0.19722223,0.19791667,0.20763887,0.22083333,0.21319443,,,-0.002500731,-0.00078429247,-0.001074238,-0.00074764295,-0.0013516633,,,0.012425018,0.013639081,0.010597292,0.009704748,0.00889815,,,,,0.36623335,0.022506578,0.017538846,,,,,,-0.03822626,-0.014566217,,,0.99390876,0.99383503,0.9938935,0.9938343,0.99431884,,,0.046940986,0.046491656,0.04674256,0.046059523,0.04511714,,,0.16900876,0.16617234,0.16983475,0.16731757,0.1648122,,,0.0032991432,0.0024833265,0.003566972,0.0032303673,0.0019495437,,,0.5,0.425,0.40000004,0.39999998,0.575,,,,0.09208028,0.09806989,0.08855174,0.09111261,,,,0.85,0.95,0.95,1.0,,,,0.82500005,0.88124996,0.89374995,0.88124996,,,,0.8153372,0.80538565,0.8131973,0.81372994,,,,0.01025708,0.013623729,0.0025051832,0.009750545,,,0.095177665,0.09126814,0.095732376,0.0853272,0.08378816,,,0.009279366,0.008775376,0.009313789,0.008530963,0.008426901,,,0.62894106,0.6360409,0.593063,0.6338881,0.6624379,,,0.1388889,0.15347223,0.13472223,0.13888888,0.13819446,,,-0.0037646315,-0.003974055,-0.004081991,-0.004152074,-0.003622144,,,0.012545226,0.01220623,0.013832086,0.012396392,0.010379049,,,,,0.16314387,0.058156624,0.08750598,,,,,,-0.03209227,-0.044324208,,,1.1084989,1.1871637,1.115687,1.201189,1.2344247,,,,,,-0.040211752,-0.052484978,,,,,-0.15717897,-0.07655692,-0.043363664,,,,0.006399274,0.008184075,0.0025051832,0.006103337,,
cache_new/HiMoE-VLA/libero_spatial/pick_up_the_black_bowl_next_to_the_plate_and_place_it_on_the_plate/right-50x8b-20260903,right-50x8b-20260903,libero_spatial,libero_spatial/pick_up_the_black_bowl_next_to_the_plate_and_place_it_on_the_plate,328,41,1008,10,1029d0827030a7521361d1904eeb3e7e7f2792be5c99abdb5701abb7ee87c137,27928,False,97,,False,True,-1,-1,success_no_alarm,0.9955414,0.9970614,0.99722314,0.99727327,0.99669784,,,0.043006264,0.041699395,0.04004898,0.039558418,0.04019654,,,0.15702723,0.15364397,0.15175858,0.15060978,0.15192017,,,0.0024392987,0.00135911,0.0014598919,0.001556873,0.0018373939,,,0.3,0.575,0.375,0.35000002,0.4,,,,0.0424714,0.068494014,0.04946733,0.053540677,,,,0.72499996,0.84999996,0.9,0.84999996,,,,0.58124995,0.79999995,0.76875,0.80625,,,,0.9116079,0.8611167,0.8959241,0.8884038,,,,-0.02932334,0.013928786,-0.015837684,-0.009900928,,,0.11098046,0.106322266,0.101383336,0.10390897,0.106208816,,,0.013444854,0.013300543,0.01315027,0.012779947,0.013297202,,,0.50553274,0.49787688,0.47192445,0.500898,0.50018173,,,0.19444445,0.23125,0.20972222,0.23125002,0.23680554,,,-0.0020062807,-0.0006641282,-0.00073859666,-0.00041447819,-0.0011295476,,,0.0148907555,0.010451529,0.0073633827,0.012012929,0.010574869,,,,,0.3802899,0.05770001,0.14066859,,,,,,-0.025756503,0.01255843,,,0.9954777,0.99378633,0.9939539,0.99406695,0.9954943,,,0.04405979,0.046237532,0.046785675,0.045151643,0.042326674,,,0.16284198,0.1668103,0.16754636,0.16714512,0.15869796,,,0.0022785636,0.0021489232,0.0027367426,0.0034898547,0.0016025688,,,0.5,0.425,0.475,0.3,0.375,,,,0.07918045,0.10005376,0.090350024,0.09066334,,,,0.9,0.975,0.95,0.975,,,,0.7125,0.89374995,0.88750005,0.875,,,,0.838643,0.80037653,0.8163102,0.820073,,,,-0.008765504,0.016081557,-0.005549535,0.008234963,,,0.08740827,0.08867952,0.09270546,0.0876078,0.08299225,,,0.0088660875,0.0085939495,0.009351015,0.00868617,0.008358847,,,0.5683614,0.63595873,0.61106724,0.62667525,0.64666545,,,0.15486111,0.14444445,0.13472223,0.15,0.15972222,,,-0.0027901088,-0.00411625,-0.0033824346,-0.003944147,-0.002832021,,,0.014226686,0.011545789,0.013822161,0.013588319,0.011887379,,,,,0.24112715,0.13957359,0.14190856,,,,,,-0.010947737,-0.04959088,,,1.2696792,1.1989495,1.093607,1.1860698,1.2797438,,,,,,-0.004957307,-0.043368883,,,,,-0.2511362,-0.15051663,-0.17110102,,,,-0.019915044,0.013826847,-0.00798744,0.008234978,,
cache_new/HiMoE-VLA/libero_spatial/pick_up_the_black_bowl_next_to_the_plate_and_place_it_on_the_plate/right-50x8b-20260903,right-50x8b-20260903,libero_spatial,libero_spatial/pick_up_the_black_bowl_next_to_the_plate_and_place_it_on_the_plate,329,41,1009,10,1029d0827030a7521361d1904eeb3e7e7f2792be5c99abdb5701abb7ee87c137,27929,False,96,,False,True,-1,-1,success_no_alarm,0.99563015,0.99698496,0.9972928,0.9970317,0.99619997,,,0.042431455,0.041349806,0.040151633,0.0397273,0.04168126,,,0.15635456,0.15336691,0.15083316,0.15157577,0.15556553,,,0.0022432557,0.0014831095,0.0013173526,0.0017737946,0.0024805057,,,0.3,0.475,0.375,0.275,0.25,,,,0.044605725,0.06423565,0.05231553,0.056858603,,,,0.7,0.87499994,0.925,0.95000005,,,,0.57500005,0.80625,0.73125,0.76250005,,,,0.9073857,0.86790377,0.8906393,0.8821665,,,,-0.02509743,0.006967753,-0.017488405,-0.016319975,,,0.10571882,0.106163874,0.09946951,0.10542254,0.10723028,,,0.013037156,0.013114216,0.0130015,0.012825043,0.013520038,,,0.51777506,0.48800355,0.473411,0.50859225,0.4916162,,,0.19027777,0.22986111,0.22222221,0.22430556,0.23055555,,,-0.0016889557,-0.0009933546,-0.00056563376,-0.0008890815,-0.0014763679,,,0.015214961,0.009953354,0.006761078,0.00929375,0.010509556,,,,,0.31697407,0.110129535,0.19765392,,,,,,-0.010157606,0.0392029,,,0.99546814,0.9935765,0.9935417,0.9935527,0.9947809,,,0.044364415,0.04646016,0.04715625,0.046413023,0.043394454,,,0.16272373,0.16776195,0.16944785,0.16956264,0.16188188,,,0.0020746267,0.0023862077,0.0026395381,0.003459362,0.0025766268,,,0.52500004,0.475,0.4,0.47499996,0.32500002,,,,0.08230735,0.09805638,0.09450466,0.09562978,,,,0.95000005,0.925,0.875,1.0,,,,0.73125005,0.83125,0.81875,0.875,,,,0.8320019,0.8021321,0.80761266,0.8067667,,,,-0.0016785115,0.015247136,-0.004801959,0.01587987,,,0.08457122,0.088157885,0.09325485,0.08752422,0.0826086,,,0.008733574,0.00831504,0.00941347,0.008600421,0.008344867,,,0.5799409,0.6404034,0.6214607,0.6459205,0.6673826,,,0.14722222,0.12013889,0.12916666,0.125,0.13958333,,,-0.002776213,-0.0042966595,-0.0035313887,-0.0043223193,-0.0035180084,,,0.013893798,0.010735981,0.012850945,0.01287771,0.011524221,,,,,0.21301566,0.17810991,0.1908261,,,,,,-0.035439536,-0.06548645,,,1.2500567,1.2042471,1.0666417,1.2044957,1.2980523,,,,,,-0.041573256,-0.07173778,,,,,-0.1972529,-0.17553957,-0.17411248,,,,-0.014704287,0.012025714,-0.006746173,0.0145908,,
cache_new/HiMoE-VLA/libero_spatial/pick_up_the_black_bowl_next_to_the_plate_and_place_it_on_the_plate/right-50x8b-20260903,right-50x8b-20260903,libero_spatial,libero_spatial/pick_up_the_black_bowl_next_to_the_plate_and_place_it_on_the_plate,330,41,1010,10,1029d0827030a7521361d1904eeb3e7e7f2792be5c99abdb5701abb7ee87c137,27930,False,97,,False,True,-1,-1,success_no_alarm,0.9952616,0.9973726,0.99718785,0.99709463,0.99672693,,,0.04314135,0.041041262,0.04035177,0.039897107,0.04027336,,,0.15857635,0.15168795,0.15228622,0.1520788,0.15226093,,,0.0026500635,0.0011289113,0.0014093118,0.0016867886,0.00175283,,,0.35000002,0.575,0.4,0.32500002,0.35000002,,,,0.041425623,0.06817119,0.052384418,0.055964384,,,,0.67499995,0.95000005,0.9,0.95000005,,,,0.575,0.825,0.7625,0.83124995,,,,0.913263,0.8613298,0.88971937,0.88415706,,,,-0.030266732,0.016232207,-0.009265766,-0.0029008389,,,0.11107622,0.10405482,0.10403894,0.10075393,0.104830444,,,0.013154451,0.013122054,0.01322286,0.012940254,0.01316435,,,0.5303107,0.49157962,0.47217768,0.48505852,0.486983,,,0.20069444,0.23472223,0.21458334,0.22708333,0.24166666,,,-0.0022179573,-0.00050394353,-0.00055122154,-0.0010684938,-0.0009391457,,,0.0138314385,0.010561346,0.0063093426,0.0102039445,0.011188155,,,,,0.35512435,0.09286583,0.16300577,,,,,,-0.008588625,0.009308262,,,0.99545157,0.9938638,0.99397516,0.99407375,0.9954205,,,0.04490577,0.045530677,0.046295956,0.044836804,0.042541932,,,0.16303837,0.16575241,0.16708909,0.1660376,0.15916826,,,0.0022469705,0.00197228,0.0025524807,0.0035647014,0.0017254847,,,0.6,0.49999997,0.45000002,0.275,0.375,,,,0.078862734,0.10119735,0.09125033,0.090602025,,,,0.925,0.975,0.975,0.975,,,,0.69374996,0.88750005,0.8625001,0.86875,,,,0.8419955,0.7988397,0.8158649,0.8185115,,,,-0.008564338,0.016652256,-0.0032065809,0.010163158,,,0.08701213,0.08590858,0.09367488,0.08582531,0.08326255,,,0.008936172,0.008383434,0.009591152,0.008700689,0.008310018,,,0.5662556,0.6313208,0.59756094,0.6334847,0.6492463,,,0.1388889,0.14444444,0.14027777,0.14513889,0.15486111,,,-0.002827498,-0.0040188734,-0.003154626,-0.0039399164,-0.0028574057,,,0.014370418,0.010035232,0.012170853,0.013000125,0.011132817,,,,,0.24614468,0.14349148,0.13596508,,,,,,-0.0016495236,-0.048003495,,,1.2765602,1.2112274,1.1106386,1.173942,1.2590348,,,,,,-0.004867879,-0.05080837,,,,,-0.24671483,-0.1481954,-0.14410362,,,,-0.017783284,0.012642026,-0.004441738,0.010163188,,
cache_new/HiMoE-VLA/libero_spatial/pick_up_the_black_bowl_next_to_the_plate_and_place_it_on_the_plate/right-50x8b-20260903,right-50x8b-20260903,libero_spatial,libero_spatial/pick_up_the_black_bowl_next_to_the_plate_and_place_it_on_the_plate,331,41,1011,10,1029d0827030a7521361d1904eeb3e7e7f2792be5c99abdb5701abb7ee87c137,27931,False,96,,False,True,-1,-1,success_no_alarm,0.995638,0.9972017,0.9972831,0.9970176,0.996482,,,0.04173944,0.04101217,0.04019166,0.04046215,0.040941127,,,0.15561132,0.15264875,0.15165101,0.15235457,0.15350208,,,0.0022638077,0.0012413536,0.0013866961,0.001819628,0.0017925923,,,0.375,0.5,0.4,0.3,0.325,,,,0.043207243,0.06497395,0.053134523,0.056089908,,,,0.85,0.975,0.9,0.92499995,,,,0.58124995,0.8125,0.78124994,0.85625005,,,,0.9091462,0.86632216,0.8906199,0.88303185,,,,-0.02667439,0.009444639,-0.018909022,-0.005443752,,,0.11210208,0.104308434,0.10458324,0.10606183,0.10968237,,,0.013525213,0.013084183,0.01332,0.012817963,0.013040727,,,0.49599206,0.49207753,0.46428263,0.49102238,0.494875,,,0.22708333,0.22152779,0.20208333,0.23472223,0.22291666,,,-0.0019385885,-0.0005241344,-0.0004184338,-0.00088256336,-0.0013168023,,,0.013749553,0.010522537,0.007581106,0.011412626,0.010817871,,,,,0.32911286,0.12473413,0.18380016,,,,,,-0.02180218,-0.0036284698,,,0.9955909,0.99399006,0.9939072,0.993723,0.9952022,,,0.04411995,0.04558999,0.046322808,0.045518503,0.042898864,,,0.16284914,0.16555947,0.1679872,0.16845022,0.15994759,,,0.0019954974,0.0020933556,0.0024610374,0.0038009542,0.0019533618,,,0.47500002,0.55,0.475,0.25,0.425,,,,0.079764076,0.09963154,0.092589274,0.09542108,,,,0.875,0.925,0.975,1.0,,,,0.7375,0.86875,0.86875004,0.9,,,,0.8373306,0.80091095,0.81380653,0.81433356,,,,-0.0048269928,0.016128987,-0.005783066,0.01489225,,,0.088553876,0.08765141,0.09588567,0.089138746,0.0813274,,,0.009041238,0.008426884,0.009320947,0.008804957,0.008026669,,,0.5467532,0.6362198,0.62161946,0.61437315,0.63810086,,,0.15972222,0.13541667,0.14861111,0.14930555,0.13125,,,-0.0025982796,-0.0037320238,-0.0034038292,-0.00427511,-0.0028420994,,,0.0135767665,0.010332187,0.013061542,0.0131795425,0.011155884,,,,,0.22883816,0.15959713,0.18761186,,,,,,0.012738775,-0.08024682,,,1.2659194,1.1900371,1.0907077,1.189851,1.3486521,,,,,,0.0075721624,-0.084973134,,,,,-0.19560081,-0.1579934,-0.17029482,,,,-0.0144485235,0.013766348,-0.008767009,0.012027562,,
cache_new/HiMoE-VLA/libero_spatial/pick_up_the_black_bowl_next_to_the_plate_and_place_it_on_the_plate/right-50x8b-20260903,right-50x8b-20260903,libero_spatial,libero_spatial/pick_up_the_black_bowl_next_to_the_plate_and_place_it_on_the_plate,332,41,1012,10,1029d0827030a7521361d1904eeb3e7e7f2792be5c99abdb5701abb7ee87c137,27932,False,99,,False,True,-1,-1,success_no_alarm,0.99564064,0.9964131,0.9973802,0.9965319,0.9964442,,,0.04242859,0.042310882,0.040017843,0.0413923,0.04060083,,,0.15655543,0.15690683,0.15120676,0.15560828,0.15381181,,,0.0022902242,0.0019204443,0.0013134314,0.0022464204,0.0020023596,,,0.35000002,0.525,0.4,0.3,0.275,,,,0.04859478,0.06284972,0.058756307,0.059669994,,,,0.8,0.95,0.95,0.925,,,,0.5625,0.75,0.86875,0.83125,,,,0.9004149,0.8712096,0.87893325,0.8763121,,,,-0.02268283,0.004166931,-0.014248386,0.0032791197,,,0.11056244,0.11060727,0.10565013,0.1046228,0.10939586,,,0.013374939,0.013462533,0.013412769,0.012708643,0.013267086,,,0.52622557,0.5099875,0.45215273,0.50178635,0.49922642,,,0.22152779,0.2111111,0.21319443,0.21111111,0.21875001,,,-0.0014758863,-0.00083196606,-0.00075079023,-0.0014032581,-0.0014296058,,,0.014344515,0.011359451,0.006486357,0.01030768,0.012620129,,,,,0.2844959,0.21075293,0.23257093,,,,,,-0.023512147,0.019237902,,,0.99564546,0.99392474,0.9935863,0.9924171,0.99466455,,,0.044429567,0.04598947,0.045699835,0.050745226,0.04300374,,,0.1624197,0.16692731,0.16921139,0.17566568,0.16196328,,,0.0020407462,0.0025757325,0.0026435454,0.0050210333,0.0016753345,,,0.525,0.55,0.425,0.39999998,0.35000002,,,,0.08404718,0.097994655,0.101892255,0.1013492,,,,0.84999996,0.95,0.975,0.975,,,,0.75,0.8125,0.89375,0.93125,,,,0.8278936,0.80172336,0.7979234,0.8024399,,,,0.0015131831,0.012338012,0.0016505867,0.030191347,,,0.08739303,0.09104034,0.09893687,0.0914384,0.08520887,,,0.009011998,0.008734912,0.009290273,0.008956278,0.008405942,,,0.5714443,0.62424594,0.6217849,0.64508367,0.663267,,,0.15277778,0.13402778,0.14722222,0.12222223,0.13611111,,,-0.0023829574,-0.0038279209,-0.0039160107,-0.0051391684,-0.0036561275,,,0.014208898,0.011844143,0.010893781,0.013312776,0.013469659,,,,,0.22108328,0.26162034,0.25759012,,,,,,0.023955334,-0.040675215,,,1.2651173,1.2149259,1.0678539,1.144189,1.2838553,,,,,,0.02372158,-0.03969432,,,,,-0.23346052,-0.28136605,-0.2747401,,,,-0.006539881,0.012338042,0.00042057037,0.030191302,,
cache_new/HiMoE-VLA/libero_spatial/pick_up_the_black_bowl_next_to_the_plate_and_place_it_on_the_plate/right-50x8b-20260903,right-50x8b-20260903,libero_spatial,libero_spatial/pick_up_the_black_bowl_next_to_the_plate_and_place_it_on_the_plate,333,41,1013,10,1029d0827030a7521361d1904eeb3e7e7f2792be5c99abdb5701abb7ee87c137,27933,False,97,,False,True,-1,-1,success_no_alarm,0.99568063,0.9972582,0.9972806,0.99718857,0.9965503,,,0.042298466,0.041193396,0.040282585,0.040353943,0.040846393,,,0.15644148,0.15265352,0.15162174,0.15201867,0.1532835,,,0.0021838872,0.0012143352,0.0014120636,0.0016261477,0.002114286,,,0.39999998,0.65000004,0.32500002,0.35,0.32500002,,,,0.041406892,0.06675507,0.048930436,0.052761305,,,,0.7,0.95000005,0.8,0.925,,,,0.5875,0.78125,0.74375,0.75625,,,,0.91342616,0.8638779,0.89709127,0.88862133,,,,-0.030299157,0.0113764405,-0.01491347,-0.009928748,,,0.1048837,0.10395477,0.09798647,0.10020274,0.10609016,,,0.012944717,0.013236752,0.01278225,0.012823021,0.013368849,,,0.5111813,0.4699971,0.46448982,0.50190836,0.4863733,,,0.20555556,0.2361111,0.19930556,0.23125,0.23472223,,,-0.0021177772,-0.0009022725,-0.00075256167,-0.00068837777,-0.0012960269,,,0.013856995,0.011256382,0.0077094343,0.008141388,0.011041594,,,,,0.3465398,0.038382698,0.11392991,,,,,,-0.0049206326,0.035601676,,,0.99548566,0.9939825,0.99397063,0.9940658,0.99520254,,,0.044768523,0.04548554,0.046680745,0.04502009,0.042182095,,,0.16333535,0.16543277,0.16771963,0.16689837,0.15967081,,,0.0019400159,0.0020275551,0.0026754653,0.0030726418,0.0018321828,,,0.55,0.475,0.5,0.49999997,0.35000002,,,,0.080181465,0.09783087,0.088670045,0.08905913,,,,0.9,0.925,0.975,0.975,,,,0.69374996,0.86875,0.8125,0.86875,,,,0.8372039,0.8029761,0.81867194,0.8202909,,,,-0.005131483,0.0151667,-0.008819297,0.008118331,,,0.0837678,0.08693227,0.09159931,0.08540375,0.08322185,,,0.008706228,0.008425706,0.009112369,0.008734643,0.008437531,,,0.5827517,0.6338521,0.62895954,0.63039845,0.65277493,,,0.14166667,0.13680556,0.13680556,0.13472223,0.15625,,,-0.002846158,-0.003925005,-0.0032209256,-0.0037497208,-0.003290372,,,0.012855928,0.010363743,0.013620117,0.012075144,0.012044267,,,,,0.19610566,0.09799297,0.100289285,,,,,,0.0008297963,-0.033773337,,,1.2520765,1.1958133,1.0697293,1.1732827,1.2747873,,,,,,-6.336174e-05,-0.034670714,,,,,-0.17513883,-0.1070424,-0.081059456,,,,-0.017472088,0.012711287,-0.010610402,0.008118272,,
cache_new/HiMoE-VLA/libero_spatial/pick_up_the_black_bowl_next_to_the_plate_and_place_it_on_the_plate/right-50x8b-20260903,right-50x8b-20260903,libero_spatial,libero_spatial/pick_up_the_black_bowl_next_to_the_plate_and_place_it_on_the_plate,334,41,1014,10,1029d0827030a7521361d1904eeb3e7e7f2792be5c99abdb5701abb7ee87c137,27934,False,98,,False,True,-1,-1,success_no_alarm,0.9955071,0.99721795,0.9971423,0.99697375,0.99660325,,,0.042618502,0.04093574,0.040742125,0.040290557,0.040475488,,,0.15696171,0.15251327,0.15229112,0.15285157,0.15312818,,,0.0023281293,0.0013155641,0.0014814758,0.0018554864,0.0019141326,,,0.375,0.5,0.425,0.35,0.32500002,,,,0.03926033,0.06552525,0.057309195,0.056908846,,,,0.7,0.975,0.975,0.975,,,,0.5375,0.84999996,0.86875,0.8562499,,,,0.9175774,0.8653045,0.88066494,0.8809804,,,,-0.033532932,0.011538893,-0.007956743,-0.004867077,,,0.10788681,0.10471428,0.10351311,0.10479231,0.10582826,,,0.013017076,0.013368814,0.013059849,0.01291569,0.0131151825,,,0.5221102,0.48179033,0.47706795,0.49487364,0.50343233,,,0.19305554,0.23541665,0.20972222,0.23958333,0.22361112,,,-0.0018561743,-0.0007342455,-0.0002784055,-0.0012639004,-0.0012803592,,,0.013944731,0.009739952,0.00857109,0.010969611,0.011553578,,,,,0.3589897,0.2202784,0.21541986,,,,,,-0.012865713,0.003316965,,,0.9954805,0.9937372,0.99386376,0.9935822,0.99484855,,,0.044377234,0.046132162,0.045830153,0.04788558,0.042924017,,,0.16320227,0.16594478,0.16722634,0.17051136,0.16149564,,,0.0022072599,0.0021984542,0.0024510107,0.004068181,0.0014866353,,,0.57500005,0.525,0.5,0.525,0.45,,,,0.07900963,0.09938146,0.093794405,0.09810477,,,,0.92499995,0.975,0.975,0.975,,,,0.66875,0.85625005,0.89375,0.92499995,,,,0.84016013,0.80108774,0.811435,0.8038113,,,,-0.007684201,0.013575256,0.00036771595,0.019458339,,,0.084799394,0.08749774,0.09391515,0.090413,0.082968004,,,0.008645034,0.008488776,0.009371823,0.008979177,0.008174148,,,0.58373284,0.6337782,0.6249054,0.616886,0.6675157,,,0.15625,0.15208334,0.15486112,0.13819444,0.13333333,,,-0.0027552138,-0.0041796085,-0.0035581663,-0.0042893505,-0.0035702223,,,0.013595165,0.010898809,0.013150081,0.014716787,0.012574587,,,,,0.23164749,0.17430313,0.21863347,,,,,,0.018135648,-0.07576995,,,1.2722592,1.1967655,1.1021981,1.1590403,1.275531,,,,,,0.012941774,-0.0809899,,,,,-0.22714218,-0.18238837,-0.21661702,,,,-0.020509541,0.010065615,-0.0058000684,0.017583966,,
cache_new/HiMoE-VLA/libero_spatial/pick_up_the_black_bowl_next_to_the_plate_and_place_it_on_the_plate/right-50x8b-20260903,right-50x8b-20260903,libero_spatial,libero_spatial/pick_up_the_black_bowl_next_to_the_plate_and_place_it_on_the_plate,335,41,1015,10,1029d0827030a7521361d1904eeb3e7e7f2792be5c99abdb5701abb7ee87c137,27935,False,99,,False,True,-1,-1,success_no_alarm,0.99555516,0.9968514,0.9972437,0.9969891,0.9964489,,,0.042485707,0.04131512,0.040648967,0.04003088,0.04092057,,,0.15672277,0.1540916,0.15219934,0.15231799,0.15390363,,,0.0023569707,0.0016102735,0.0015198106,0.001796376,0.0020033056,,,0.325,0.45,0.375,0.3,0.32500002,,,,0.04696233,0.06280822,0.05415099,0.055419303,,,,0.85,0.85,1.0,0.925,,,,0.61875,0.8125,0.80625,0.81874996,,,,0.9035839,0.87121546,0.8863611,0.8844063,,,,-0.026829109,0.0022682995,-0.011107966,-0.0052188486,,,0.10554626,0.108838186,0.10749254,0.10186352,0.104062915,,,0.013286224,0.013263636,0.013555197,0.012514923,0.012878769,,,0.5024487,0.49895382,0.44352704,0.5210406,0.49787015,,,0.21736111,0.21111113,0.21875,0.21249999,0.22013888,,,-0.0022420175,-0.000507452,-0.00065396406,-0.0007691408,-0.0015514726,,,0.014290613,0.010903567,0.0075965174,0.009671274,0.01147777,,,,,0.26470172,0.109149784,0.13495418,,,,,,-0.051522914,-0.023522776,,,0.99563634,0.9939218,0.99391705,0.9933756,0.9943176,,,0.04374487,0.04608584,0.046061315,0.048658825,0.043688543,,,0.16183044,0.16624841,0.16687483,0.17174698,0.16316503,,,0.002108576,0.0022886249,0.002695381,0.0039642863,0.001735666,,,0.52500004,0.525,0.475,0.52500004,0.35000002,,,,0.08283985,0.09472028,0.09311434,0.10124126,,,,0.92499995,0.95000005,0.975,1.0,,,,0.74375004,0.7875,0.93125004,0.95624995,,,,0.8304645,0.81012005,0.81177,0.8011246,,,,0.0019090921,0.010954261,-0.004563734,0.024536327,,,0.08320509,0.08977865,0.09829382,0.08899835,0.0844431,,,0.0088076675,0.008373107,0.009565167,0.008802245,0.008422864,,,0.56562626,0.6407889,0.6028333,0.6424047,0.6806551,,,0.13958333,0.14583334,0.14930555,0.12083334,0.14444445,,,-0.0026393319,-0.0038850363,-0.003456215,-0.0044572055,-0.004039305,,,0.014012631,0.010987135,0.013068913,0.012947331,0.012801126,,,,,0.17595008,0.16194233,0.24589303,,,,,,0.012190711,-0.031857893,,,1.2685072,1.2122948,1.093584,1.1445552,1.2323437,,,,,,0.0122198025,-0.031837117,,,,,-0.16898559,-0.1624341,-0.23648542,,,,-0.00834167,0.00715369,-0.0073444247,0.024536371,,
cache_new/HiMoE-VLA/libero_spatial/pick_up_the_black_bowl_next_to_the_plate_and_place_it_on_the_plate/right-50x8b-20260903,right-50x8b-20260903,libero_spatial,libero_spatial/pick_up_the_black_bowl_next_to_the_plate_and_place_it_on_the_plate,336,42,1008,14,1029d0827030a7521361d1904eeb3e7e7f2792be5c99abdb5701abb7ee87c137,27936,False,135,,False,True,-1,-1,success_no_alarm,0.9962979,0.99594367,0.99639916,0.9951685,0.9952629,0.99667805,0.9968207,0.041786708,0.042474244,0.04106157,0.04486545,0.045585975,0.041371312,0.039959017,0.15386571,0.15756626,0.15417095,0.16196921,0.16253978,0.15540062,0.15259123,0.0022587168,0.0017011492,0.0018892294,0.0023502633,0.0031742835,0.0019056539,0.0019040715,0.25,0.39999998,0.3,0.45,0.39999998,0.275,0.3,,0.052802347,0.059856527,0.07660604,0.0823004,0.069134206,0.056208923,,0.8,0.77500004,0.95,0.975,0.875,0.975,,0.6625,0.75,0.84375,0.88125,0.825,0.79375,,0.889971,0.879979,0.8446888,0.83339584,0.85810626,0.8815539,,-0.018458456,-0.011192635,0.009799182,0.041062504,0.05166672,-0.006253764,0.10690229,0.11106054,0.1015531,0.11616789,0.11937852,0.11140655,0.10533557,0.01313735,0.013422215,0.013238672,0.013726185,0.013947327,0.013829394,0.0129116485,0.49013448,0.5197693,0.48560238,0.5331053,0.5359226,0.47284386,0.49638227,0.2138889,0.19930555,0.21458334,0.20277777,0.19861111,0.22083333,0.23888889,-0.0013162692,-0.001742081,-0.0013534003,-0.0018633116,-0.0021332386,-0.0010717615,-0.00076276023,0.012968137,0.017300287,0.010366989,0.014495051,0.011792161,0.010232628,0.010136038,,,0.27118382,0.5200127,0.5945592,0.418391,0.21830353,,,,0.027315527,0.043298475,0.035849035,-0.031812273,0.9954199,0.99408746,0.99301493,0.9933505,0.994292,0.99426204,0.99327666,0.044118207,0.045015797,0.046222724,0.04740454,0.0453827,0.046162855,0.047447912,0.16256458,0.1644084,0.16919576,0.17121068,0.16696244,0.16705818,0.17233485,0.0022108199,0.0017113305,0.0026985798,0.0029976058,0.0035760696,0.0026007218,0.0042281593,0.4,0.625,0.45000002,0.375,0.325,0.35,0.3,,0.07690637,0.08728498,0.09932047,0.092503734,0.09121583,0.103469595,,0.95,0.95,0.95000005,0.95000005,0.95,0.90000004,,0.7375,0.79375005,0.8,0.85625005,0.84375,0.8625,,0.8441541,0.81992155,0.7980818,0.81589437,0.814193,0.7920657,,-0.011864021,-0.0029726624,0.015989289,0.01925008,0.03410974,0.020735681,0.08515273,0.09296898,0.09585486,0.11071369,0.097924665,0.09397813,0.09044376,0.008673979,0.009294589,0.009439668,0.010420993,0.009455722,0.009730203,0.009210099,0.60323185,0.6071129,0.6506034,0.6227966,0.61132616,0.58498925,0.59496635,0.1423611,0.14930557,0.14652778,0.14305556,0.15486111,0.15416667,0.11319444,-0.0030174009,-0.0038577772,-0.004796854,-0.0031284331,-0.0028546539,-0.0033326284,-0.004277604,0.012589276,0.0135175865,0.011444626,0.013861345,0.013936518,0.014958136,0.014220141,,,0.14911155,0.27815175,0.20860294,0.19266272,0.32054123,,,,0.10191014,0.0045435587,0.033213876,-0.022337459,1.2554182,1.1945978,1.0594465,1.049264,1.2190853,1.1854519,1.1646527,,,,0.10661569,0.009413382,0.0380281,-0.016906092,,,-0.15806246,-0.31264323,-0.22288421,-0.17687072,-0.33469445,,-0.015131593,-0.011562228,0.009079158,0.017165482,0.03410971,0.017100036
cache_new/HiMoE-VLA/libero_spatial/pick_up_the_black_bowl_next_to_the_plate_and_place_it_on_the_plate/right-50x8b-20260903,right-50x8b-20260903,libero_spatial,libero_spatial/pick_up_the_black_bowl_next_to_the_plate_and_place_it_on_the_plate,337,42,1009,10,1029d0827030a7521361d1904eeb3e7e7f2792be5c99abdb5701abb7ee87c137,27937,False,92,,False,True,-1,-1,success_no_alarm,0.9960953,0.9958514,0.9971109,0.99704385,0.9954482,,,0.041939653,0.042539127,0.040378585,0.039815046,0.043221563,,,0.15487269,0.15731157,0.15256582,0.15106556,0.15873963,,,0.0023840237,0.0017403268,0.0014781737,0.0017178315,0.0029861347,,,0.3,0.5,0.42499998,0.3,0.4,,,,0.05307977,0.061481573,0.057526793,0.059995376,,,,0.825,0.95000005,0.95,0.9,,,,0.63750005,0.79999995,0.7624999,0.7687501,,,,0.8892164,0.8735216,0.8801681,0.87721515,,,,-0.015066221,-0.0044527203,-0.007796958,-0.00928019,,,0.102416545,0.11066176,0.100575626,0.10357338,0.1087994,,,0.012787152,0.0132657755,0.012709289,0.012966535,0.013432675,,,0.5177999,0.510416,0.48429155,0.48683947,0.4910545,,,0.18472223,0.20347223,0.21041666,0.23333335,0.20902778,,,-0.0013644932,-0.002040832,-0.00058819784,-0.00067917665,-0.0021024537,,,0.013398033,0.016025297,0.010111417,0.009429317,0.011627098,,,,,0.29497516,0.23254694,0.2669713,,,,,,-0.0014030971,0.031904887,,,0.99526775,0.9941295,0.9927975,0.99365973,0.9941314,,,0.044562675,0.044432238,0.048907354,0.047344383,0.046200104,,,0.16351546,0.16452625,0.17289318,0.1677407,0.1670626,,,0.002349283,0.0017329316,0.0032118103,0.0034852629,0.0026147382,,,0.39999998,0.55,0.47500002,0.425,0.425,,,,0.076346755,0.09990388,0.099456355,0.08650245,,,,0.975,0.95,1.0,1.0,,,,0.79999995,0.86875,0.88750005,0.8375,,,,0.84308374,0.7994915,0.8065266,0.8228679,,,,-0.009358406,0.022387013,0.012488663,-0.0017717928,,,0.082310915,0.091574356,0.09041408,0.09039119,0.0896513,,,0.008502762,0.00929491,0.008894116,0.008988015,0.009019019,,,0.61606133,0.59545636,0.63523585,0.6336324,0.63936687,,,0.1451389,0.16944444,0.12777779,0.13958333,0.13958333,,,-0.0031318555,-0.0038663077,-0.0047339774,-0.004507287,-0.0035344842,,,0.012199862,0.013811725,0.012914012,0.011506906,0.013236306,,,,,0.29949152,0.29237902,0.15455993,,,,,,-0.028436616,-0.024778152,,,1.2442645,1.2084361,1.112389,1.1458349,1.2135842,,,,,,-0.025897797,-0.02245426,,,,,-0.29500443,-0.28295618,-0.14868964,,,,-0.009358406,0.015259504,0.012488663,-0.010174274,,
cache_new/HiMoE-VLA/libero_spatial/pick_up_the_black_bowl_next_to_the_plate_and_place_it_on_the_plate/right-50x8b-20260903,right-50x8b-20260903,libero_spatial,libero_spatial/pick_up_the_black_bowl_next_to_the_plate_and_place_it_on_the_plate,338,42,1010,14,1029d0827030a7521361d1904eeb3e7e7f2792be5c99abdb5701abb7ee87c137,27938,False,134,,False,True,-1,-1,success_no_alarm,0.9961281,0.9961337,0.9965626,0.994947,0.9953813,0.9965787,0.9969694,0.04194533,0.04209142,0.04087341,0.045454405,0.044484913,0.041587554,0.03990241,0.1550586,0.15611738,0.15397376,0.16347498,0.16168067,0.15562113,0.152364,0.0023665158,0.0014698498,0.0017383662,0.0026275853,0.003255838,0.0019897018,0.0019520205,0.32500002,0.475,0.3,0.47500002,0.35000002,0.25,0.35000002,,0.053256214,0.059615143,0.07754873,0.08496711,0.06579911,0.058079414,,0.9,0.825,0.95000005,0.9,0.9,0.95000005,,0.70625,0.73125,0.82500005,0.83124995,0.78749996,0.81875,,0.88858706,0.87906235,0.843959,0.83060396,0.8653734,0.876825,,-0.013097927,-0.0070468485,0.012791187,0.052119687,0.041885927,0.0039799213,0.10771814,0.109365836,0.10604673,0.11317453,0.11148411,0.10902683,0.10317527,0.01301092,0.013387399,0.013341379,0.013535991,0.013460069,0.013323609,0.012916353,0.5103051,0.51958525,0.4894247,0.5384214,0.52615047,0.5082861,0.4659056,0.22638889,0.22083333,0.20555556,0.19583333,0.19305556,0.19861111,0.22569445,-0.0013921995,-0.0016039102,-0.0010387064,-0.0023977477,-0.0018883351,-0.000998067,-0.00082202547,0.012408711,0.016891208,0.009209032,0.01379825,0.011744762,0.010119718,0.010078343,,,0.24354747,0.50433886,0.6023624,0.34561372,0.22867516,,,,0.011143508,0.0058355094,-0.0046652392,-0.034012325,0.99538684,0.9940618,0.99325454,0.9931458,0.9939357,0.9938656,0.9930802,0.044463325,0.045120038,0.04578872,0.04635617,0.045972515,0.046439208,0.04715069,0.1625663,0.16505587,0.16889167,0.17138085,0.16719392,0.16841903,0.1703389,0.002278839,0.001671293,0.0024164421,0.0031839493,0.0038041878,0.0027162768,0.004466149,0.39999998,0.575,0.525,0.375,0.32500002,0.375,0.35,,0.076087855,0.08553253,0.10195481,0.09636113,0.09262116,0.10290996,,0.95,0.925,0.875,0.975,1.0,0.95000005,,0.80625,0.81874996,0.80625004,0.84375006,0.88750005,0.84375,,0.84322906,0.8223693,0.79258287,0.80728364,0.81195724,0.7939462,,-0.013419926,-0.0086523,0.022160918,0.03700392,0.03024587,0.024573877,0.0855806,0.09142336,0.101168066,0.109178714,0.10035778,0.101224616,0.08889784,0.008735317,0.009100948,0.009788791,0.010645609,0.009682415,0.01008301,0.0088151,0.5972608,0.62142915,0.63686293,0.61742884,0.63638794,0.60694915,0.6073777,0.14722224,0.17222223,0.1388889,0.13333334,0.15069444,0.15,0.14027777,-0.0029744399,-0.0039956216,-0.004276366,-0.0032134615,-0.0032407206,-0.0034659836,-0.0043202215,0.012873691,0.013383412,0.008913377,0.014157361,0.011785807,0.013706544,0.013285172,,,0.123559065,0.2960192,0.24466227,0.20285429,0.30962208,,,,0.11584906,0.022377428,0.062669404,-0.07156047,1.2586747,1.196257,1.0482234,1.0365988,1.1108667,1.0770782,1.160605,,,,0.11967578,0.024839584,0.065380104,-0.06900551,,,-0.10920704,-0.3422258,-0.25121614,-0.20485339,-0.28228837,,-0.01508224,-0.014559865,0.019915402,0.037003875,0.030245781,0.02220285
cache_new/HiMoE-VLA/libero_spatial/pick_up_the_black_bowl_next_to_the_plate_and_place_it_on_the_plate/right-50x8b-20260903,right-50x8b-20260903,libero_spatial,libero_spatial/pick_up_the_black_bowl_next_to_the_plate_and_place_it_on_the_plate,339,42,1011,10,1029d0827030a7521361d1904eeb3e7e7f2792be5c99abdb5701abb7ee87c137,27939,False,93,,False,True,-1,-1,success_no_alarm,0.9963023,0.99584925,0.9969531,0.9970406,0.99429584,,,0.0406975,0.04321388,0.040590473,0.040243294,0.04654352,,,0.15353858,0.15888461,0.15301289,0.1521132,0.16443035,,,0.0022513561,0.0017110897,0.001801845,0.0017773719,0.0040699868,,,0.275,0.45,0.3,0.3,0.3,,,,0.054796573,0.063127324,0.057202287,0.06999519,,,,0.87499994,0.975,0.975,0.975,,,,0.7375,0.81875,0.80625004,0.85,,,,0.8869183,0.87099963,0.88041717,0.8610746,,,,-0.01622577,-0.0019143224,-0.006226346,-0.008190349,,,0.106566064,0.11315653,0.10581517,0.10396107,0.11787929,,,0.01288856,0.013428256,0.013199806,0.012974964,0.013876667,,,0.49847305,0.5067522,0.48023373,0.47374904,0.5383418,,,0.21666667,0.20347221,0.21736111,0.23402777,0.20763889,,,-0.0012877717,-0.0017648858,-0.0006293361,-0.0007220347,-0.0032447278,,,0.012615439,0.01500027,0.010993224,0.010097064,0.008972376,,,,,0.3129874,0.21568324,0.40927586,,,,,,-0.020426521,0.045290515,,,0.9953547,0.9937066,0.9929223,0.99412084,0.99373394,,,0.044631466,0.04479534,0.04877576,0.04562529,0.046985034,,,0.16245443,0.16715008,0.17417122,0.16618416,0.16770044,,,0.0022082399,0.0020878008,0.0033242698,0.0029768995,0.0039416878,,,0.39999998,0.42499998,0.45,0.425,0.39999998,,,,0.08140532,0.10003259,0.08868416,0.08936441,,,,0.95,0.9,0.95,0.925,,,,0.84999996,0.84999996,0.88750005,0.8,,,,0.8317847,0.79910254,0.8190148,0.82030183,,,,-0.0038027465,0.022613376,0.0028716326,-0.0033414364,,,0.08766945,0.0977162,0.09263598,0.08814736,0.093208335,,,0.008660179,0.009453992,0.009156123,0.008813515,0.009059586,,,0.60220295,0.6058779,0.62936133,0.62173617,0.64477956,,,0.15347221,0.16527778,0.11875,0.14861111,0.14722222,,,-0.0030300592,-0.0042488314,-0.0045840084,-0.004205905,-0.003584084,,,0.01228172,0.014340248,0.01297355,0.0113914795,0.010291966,,,,,0.27045923,0.14980447,0.15354203,,,,,,-0.048996527,-0.021488642,,,1.215544,1.158012,1.1422685,1.1794009,1.2646861,,,,,,-0.038706366,-0.011169412,,,,,-0.26941672,-0.1531095,-0.14601663,,,,-0.00859344,0.015895784,0.0028716326,-0.009021461,,
cache_new/HiMoE-VLA/libero_spatial/pick_up_the_black_bowl_next_to_the_plate_and_place_it_on_the_plate/right-50x8b-20260903,right-50x8b-20260903,libero_spatial,libero_spatial/pick_up_the_black_bowl_next_to_the_plate_and_place_it_on_the_plate,340,42,1012,10,1029d0827030a7521361d1904eeb3e7e7f2792be5c99abdb5701abb7ee87c137,27940,False,95,,False,True,-1,-1,success_no_alarm,0.99633515,0.9948773,0.99703157,0.99724954,0.99481374,,,0.041132092,0.044432946,0.040172897,0.040194012,0.046515543,,,0.153191,0.16150773,0.15241155,0.15141857,0.16366704,,,0.002156525,0.0027692304,0.0016457019,0.0015506127,0.003428371,,,0.275,0.39999998,0.375,0.35,0.325,,,,0.059756532,0.058550738,0.05616643,0.0695139,,,,0.85,0.92499995,0.95000005,1.0,,,,0.70000005,0.8,0.8,0.77500004,,,,0.87723863,0.88007814,0.8820543,0.8603951,,,,-0.010699585,-0.0076120347,-0.011376217,0.0011198521,,,0.106263,0.111457884,0.10314371,0.103889495,0.11642918,,,0.013042631,0.013453066,0.013122077,0.013105777,0.013808729,,,0.52613616,0.5400841,0.45720106,0.46726152,0.5396361,,,0.22152779,0.20833333,0.22152779,0.225,0.19097221,,,-0.0008220427,-0.002320132,-0.0009419318,-0.00035065543,-0.002737551,,,0.01278218,0.016139027,0.008930303,0.0082004815,0.010807724,,,,,0.23286375,0.19398122,0.40172797,,,,,,-0.007490708,0.044868127,,,0.995464,0.9937574,0.99268353,0.99349886,0.99337137,,,0.044459313,0.04466455,0.04787476,0.04630836,0.04631507,,,0.16202462,0.1657157,0.17356944,0.16844033,0.16840091,,,0.0021819267,0.0021889436,0.0032774736,0.0031636897,0.003932985,,,0.4,0.425,0.45000002,0.5,0.275,,,,0.07908596,0.094669625,0.095010236,0.0962025,,,,1.0,0.925,0.9,0.975,,,,0.81875,0.81874996,0.875,0.89375,,,,0.838887,0.8090478,0.80772865,0.8061472,,,,-0.007944122,0.0067231953,0.008920252,0.008516908,,,0.084742755,0.09571456,0.09616656,0.09110608,0.098925576,,,0.008819247,0.009806014,0.009485192,0.009057401,0.009728646,,,0.60075355,0.6088277,0.6231235,0.60434,0.64125556,,,0.15208334,0.14930557,0.12708333,0.14930555,0.14861111,,,-0.0026909783,-0.004090315,-0.004791316,-0.004477121,-0.003791306,,,0.013039151,0.015166976,0.013477911,0.010798532,0.011259319,,,,,0.2164973,0.22384335,0.23676352,,,,,,-0.03244222,0.03845653,,,1.2539479,1.164482,1.0725528,1.1403135,1.1769371,,,,,,-0.03299947,0.038493123,,,,,-0.20138365,-0.24116728,-0.24682136,,,,-0.011775732,0.0008587837,0.008920312,0.005712688,,
cache_new/HiMoE-VLA/libero_spatial/pick_up_the_black_bowl_next_to_the_plate_and_place_it_on_the_plate/right-50x8b-20260903,right-50x8b-20260903,libero_spatial,libero_spatial/pick_up_the_black_bowl_next_to_the_plate_and_place_it_on_the_plate,341,42,1013,14,1029d0827030a7521361d1904eeb3e7e7f2792be5c99abdb5701abb7ee87c137,27941,False,133,,False,True,-1,-1,success_no_alarm,0.9962728,0.99594575,0.99655235,0.9951731,0.9956868,0.99656457,0.9969427,0.041524213,0.04250529,0.04076838,0.04495745,0.044417568,0.042167306,0.039999142,0.15428308,0.15702367,0.15375803,0.1621126,0.16046593,0.15670699,0.15195754,0.0022170283,0.0016293809,0.0017849219,0.0023440376,0.0030376264,0.0021027632,0.0019345984,0.275,0.40000004,0.32500002,0.475,0.35000002,0.275,0.3,,0.056377828,0.060488872,0.07713306,0.08280592,0.07176547,0.05663497,,0.925,0.875,0.975,0.925,0.92499995,0.975,,0.74375,0.7375,0.875,0.86249995,0.84375,0.79375,,0.8839717,0.87861526,0.8453649,0.83212984,0.8548826,0.88130796,,-0.009710759,-0.010256693,0.007867679,0.055572078,0.045213297,-0.0022862256,0.10390016,0.10852158,0.104165696,0.11416424,0.1181906,0.110053204,0.11221649,0.01289181,0.013630684,0.0132238,0.013478199,0.014021262,0.0132463705,0.013423493,0.4886412,0.49440974,0.476863,0.53321517,0.5029847,0.4958179,0.4727387,0.23263888,0.22291666,0.21180557,0.18263888,0.22916666,0.19861111,0.23680556,-0.0015869356,-0.00204152,-0.0012662051,-0.0020016888,-0.0019671377,-0.00079299486,-0.0004379538,0.012529927,0.01738814,0.011613179,0.013535045,0.012083169,0.00957899,0.011260325,,,0.24474971,0.4838795,0.560296,0.4168633,0.18487339,,,,0.0073160436,0.046442837,-0.009014993,0.004330176,0.9955244,0.9939593,0.992833,0.9932006,0.99418646,0.99356973,0.9937768,0.044232257,0.04485741,0.04642726,0.047930963,0.0457123,0.047039144,0.04606741,0.16159311,0.16523603,0.16885939,0.17196986,0.16689532,0.17068368,0.16841502,0.0021186369,0.0018590465,0.0026475352,0.0030668634,0.003860305,0.003265486,0.0039056055,0.35,0.425,0.525,0.375,0.375,0.4,0.375,,0.07916657,0.088686004,0.09929426,0.09518312,0.09798014,0.10322708,,0.925,0.92499995,0.925,1.0,1.0,0.975,,0.83750004,0.85625005,0.7875,0.875,0.9125,0.88750005,,0.8375621,0.8168405,0.7967545,0.8110981,0.7997378,0.7916355,,-0.0071842074,0.0021907687,0.015702412,0.029383466,0.039990604,0.024298802,0.08341837,0.09089238,0.097083986,0.108146995,0.09948776,0.100827746,0.09297212,0.00861513,0.009375984,0.009341032,0.010112908,0.009838423,0.009846618,0.0093679475,0.60585016,0.6062523,0.64234877,0.6295439,0.60492826,0.59803253,0.5850127,0.14097223,0.15902779,0.13611113,0.13125,0.14027779,0.1326389,0.13055556,-0.0029282626,-0.004016362,-0.004888968,-0.0033126613,-0.0029358985,-0.0038714672,-0.0039926977,0.012319092,0.012508067,0.013193585,0.012810897,0.01437549,0.017424904,0.015431359,,,0.1463251,0.25990444,0.21825722,0.24535513,0.29983467,,,,0.07724338,0.04932367,0.050191067,0.00015839096,1.245531,1.1939569,1.0729442,1.0556395,1.1879914,1.0914972,1.2069907,,,,0.077526726,0.050009508,0.05084216,0.0010081214,,,-0.1658445,-0.26934975,-0.20311597,-0.21845701,-0.2840889,,-0.008591533,-0.005356133,0.0096277,0.02938348,0.039990544,0.023891091
cache_new/HiMoE-VLA/libero_spatial/pick_up_the_black_bowl_next_to_the_plate_and_place_it_on_the_plate/right-50x8b-20260903,right-50x8b-20260903,libero_spatial,libero_spatial/pick_up_the_black_bowl_next_to_the_plate_and_place_it_on_the_plate,342,42,1014,10,1029d0827030a7521361d1904eeb3e7e7f2792be5c99abdb5701abb7ee87c137,27942,False,92,,False,True,-1,-1,success_no_alarm,0.99613595,0.9958958,0.9967986,0.9972516,0.9938027,,,0.041686993,0.042445287,0.041159395,0.03944862,0.047764428,,,0.15407246,0.15712023,0.15374497,0.15054806,0.16637653,,,0.0022982557,0.0016228799,0.001832544,0.0015832895,0.0045231436,,,0.35000002,0.425,0.4,0.32500002,0.325,,,,0.05486727,0.05899826,0.05819212,0.07002414,,,,0.84999996,0.95,0.95000005,0.975,,,,0.70000005,0.8,0.80625,0.78125,,,,0.88661283,0.8785503,0.87570477,0.86122864,,,,-0.012690306,-0.012358189,-0.0010641962,-0.01131314,,,0.105869964,0.10922984,0.106687576,0.1005086,0.122323155,,,0.012872721,0.01345533,0.013141553,0.013117696,0.014312007,,,0.50956285,0.5101801,0.49420577,0.46209303,0.5386341,,,0.19027779,0.21249999,0.21041666,0.2423611,0.19236112,,,-0.0013257798,-0.0019374534,-0.00050924066,-0.0007830198,-0.0036491966,,,0.0127722975,0.016063709,0.009717575,0.009729341,0.009548726,,,,,0.24073815,0.22987945,0.4066208,,,,,,-0.011449422,0.07320295,,,0.9954562,0.99380994,0.9932841,0.99429005,0.99339545,,,0.044337064,0.044791825,0.04811584,0.045088276,0.04778092,,,0.16223513,0.16565119,0.17223543,0.16378665,0.16920781,,,0.0022987719,0.0019297315,0.0030901325,0.0030257253,0.0040850868,,,0.4,0.425,0.5,0.4,0.32500002,,,,0.07767695,0.095760316,0.094633125,0.08982273,,,,0.95,0.925,0.95,1.0,,,,0.83124995,0.875,0.8875,0.825,,,,0.83939654,0.8069515,0.8096297,0.8186457,,,,-0.0116548985,0.0145269185,0.011838481,-0.007507488,,,0.08358543,0.09221352,0.09235837,0.08373387,0.097165085,,,0.00845302,0.009217799,0.009076731,0.008556808,0.00939309,,,0.6116881,0.616947,0.6257726,0.635433,0.64746433,,,0.14861111,0.15902779,0.13958333,0.14791666,0.13472223,,,-0.0028271023,-0.004138453,-0.004326069,-0.0041032135,-0.0037489466,,,0.012421816,0.01373221,0.012825036,0.011091184,0.011853105,,,,,0.23714566,0.2248019,0.16939855,,,,,,-0.07716849,0.01581196,,,1.2666078,1.1845317,1.1551478,1.2003338,1.2589209,,,,,,-0.06672769,0.026519416,,,,,-0.23509115,-0.20713726,-0.18516418,,,,-0.014970958,0.008378863,0.00995338,-0.015206933,,
cache_new/HiMoE-VLA/libero_spatial/pick_up_the_black_bowl_next_to_the_plate_and_place_it_on_the_plate/right-50x8b-20260903,right-50x8b-20260903,libero_spatial,libero_spatial/pick_up_the_black_bowl_next_to_the_plate_and_place_it_on_the_plate,343,42,1015,10,1029d0827030a7521361d1904eeb3e7e7f2792be5c99abdb5701abb7ee87c137,27943,False,95,,False,True,-1,-1,success_no_alarm,0.996168,0.99593234,0.99675596,0.997036,0.99621236,,,0.041914,0.042881835,0.04071656,0.03987809,0.04238234,,,0.1545466,0.15782261,0.15376744,0.15202636,0.15720886,,,0.0023153163,0.0017841652,0.0017615152,0.0017229051,0.0022650287,,,0.275,0.45000002,0.425,0.32500002,0.40000004,,,,0.055256065,0.062090755,0.057065215,0.055845127,,,,0.90000004,0.9,0.92499995,0.95000005,,,,0.70624995,0.79375,0.80625,0.75000006,,,,0.88476837,0.87551844,0.8796226,0.88348806,,,,-0.010578826,-0.0060786456,-0.0019637793,-0.0055975914,,,0.100699544,0.11379236,0.10504079,0.10314889,0.105723955,,,0.01283109,0.013437211,0.013421771,0.012919946,0.013237126,,,0.49452475,0.5024695,0.46464333,0.49178645,0.47446808,,,0.22430556,0.20555556,0.22430556,0.20069444,0.20833331,,,-0.0016983115,-0.0013386097,-0.0009019458,-0.0004668297,-0.0013920619,,,0.013007378,0.015860712,0.010574488,0.00937801,0.010594565,,,,,0.29849434,0.21159488,0.19210234,,,,,,-0.03416558,-0.009788045,,,0.9954355,0.9939976,0.99289876,0.9939662,0.9938665,,,0.044264972,0.04459197,0.047963306,0.045186244,0.045827992,,,0.16196626,0.16475269,0.17126678,0.16529173,0.1672221,,,0.0022084122,0.0018223969,0.0030384003,0.00330745,0.002646211,,,0.35000002,0.525,0.6,0.39999998,0.45,,,,0.07910426,0.09132724,0.09863068,0.09084097,,,,0.95,0.925,1.0,1.0,,,,0.85,0.82500005,0.86875,0.81875,,,,0.83861256,0.81230354,0.8025822,0.81786686,,,,-0.008996621,0.009976715,0.0174454,0.01156193,,,0.082042724,0.09470248,0.09623489,0.089511454,0.08460184,,,0.008616121,0.009434767,0.009510713,0.008891767,0.008697741,,,0.60252106,0.6035472,0.62255293,0.6310072,0.6328063,,,0.14930555,0.15694445,0.14791667,0.16041666,0.15694445,,,-0.0029258202,-0.0038233462,-0.004607725,-0.004043295,-0.0038558338,,,0.011995346,0.013273604,0.013008778,0.012842194,0.011432321,,,,,0.19273025,0.2675189,0.18641922,,,,,,-0.06379952,-0.085971326,,,1.2274038,1.2015774,1.0915042,1.1523541,1.2496649,,,,,,-0.0632924,-0.0853549,,,,,-0.19496155,-0.2554065,-0.16735014,,,,-0.009667397,0.0010184646,0.017445385,0.0020074248,,
cache_new/HiMoE-VLA/libero_spatial/pick_up_the_black_bowl_next_to_the_plate_and_place_it_on_the_plate/right-50x8b-20260903,right-50x8b-20260903,libero_spatial,libero_spatial/pick_up_the_black_bowl_next_to_the_plate_and_place_it_on_the_plate,344,43,1008,10,1029d0827030a7521361d1904eeb3e7e7f2792be5c99abdb5701abb7ee87c137,27944,False,99,,False,True,-1,-1,success_no_alarm,0.99493957,0.9963188,0.99699265,0.9971503,0.99680924,,,0.04565607,0.04349201,0.04072872,0.039972253,0.03994537,,,0.16301256,0.15723762,0.15398012,0.15176071,0.15162033,,,0.0033311145,0.0021608588,0.0018393201,0.0015917167,0.0020603694,,,0.425,0.425,0.3,0.3,0.275,,,,0.051082406,0.06543355,0.050012745,0.05015906,,,,0.85,0.9,0.85,0.9,,,,0.725,0.84375,0.71875,0.75,,,,0.8949112,0.86679596,0.89492536,0.8954121,,,,-0.018348098,-0.0010983646,-0.019645214,-0.018321395,,,0.1152123,0.11075641,0.10554074,0.10643866,0.101271935,,,0.013616698,0.013226837,0.013103044,0.012928151,0.01296072,,,0.53378224,0.5096759,0.49270466,0.49968183,0.4863538,,,0.19930555,0.20902778,0.21666667,0.21527778,0.23194444,,,-0.0025257887,-0.0013805735,-0.0012094851,-0.00048803518,-0.0010388268,,,0.015726063,0.016368855,0.012032873,0.01139093,0.011617737,,,,,0.2401946,-0.026478171,-0.021197163,,,,,,-0.01524969,-0.014138662,,,0.99478656,0.99323976,0.9941708,0.99409795,0.99589455,,,0.044424467,0.0470151,0.04621516,0.045880057,0.044016633,,,0.16505142,0.17066622,0.16861011,0.16696414,0.1606452,,,0.0032450547,0.0031183206,0.0028975122,0.0033049393,0.0021476678,,,0.275,0.5,0.45000002,0.45,0.425,,,,0.0838823,0.09844979,0.09516445,0.087856635,,,,0.85,0.975,0.85,0.95,,,,0.74999994,0.875,0.82500005,0.9125,,,,0.829934,0.8005878,0.80844927,0.8208144,,,,-0.015080437,0.011852786,-0.001797989,0.004006326,,,0.10512947,0.09787211,0.098780826,0.09100999,0.07883277,,,0.010098874,0.009414475,0.009794936,0.008936683,0.008365173,,,0.6007788,0.6192418,0.5956012,0.614791,0.6100067,,,0.16597223,0.13749999,0.14652778,0.14097223,0.14027779,,,-0.0032618744,-0.0040809247,-0.0038237418,-0.0037491187,-0.0026307497,,,0.020429712,0.012897365,0.01550553,0.013795885,0.012082744,,,,,0.19120827,0.15394284,0.07628067,,,,,,-0.03892816,-0.10487134,,,1.0959086,1.1316442,1.0684334,1.1695272,1.2846426,,,,,,-0.038671486,-0.10475891,,,,,-0.17363673,-0.16944139,-0.08133259,,,,-0.018442154,0.007647276,-0.003411591,-0.0015301704,,
cache_new/HiMoE-VLA/libero_spatial/pick_up_the_black_bowl_next_to_the_plate_and_place_it_on_the_plate/right-50x8b-20260903,right-50x8b-20260903,libero_spatial,libero_spatial/pick_up_the_black_bowl_next_to_the_plate_and_place_it_on_the_plate,345,43,1009,11,1029d0827030a7521361d1904eeb3e7e7f2792be5c99abdb5701abb7ee87c137,27945,False,102,,False,True,-1,-1,success_no_alarm,0.99549925,0.99636114,0.9969516,0.9970056,0.99653673,0.99462295,,0.043594178,0.043600645,0.041274704,0.040503375,0.040469564,0.045426212,,0.15855268,0.15710899,0.15399966,0.15266459,0.15248351,0.16216823,,0.002837989,0.0019872594,0.0018902957,0.0015273779,0.0021197721,0.0039771157,,0.35,0.5,0.39999998,0.3,0.32500002,0.22500001,,,0.051656835,0.066994935,0.047748834,0.055968054,0.065389045,,,0.875,0.95,0.9,0.975,0.9,,,0.68125,0.825,0.60625,0.81875,0.76875,,,0.89281833,0.86475456,0.8990785,0.8815781,0.86986464,,,-0.011910439,0.00096961856,-0.025771514,-0.008367717,-0.017762214,,0.11017224,0.11137496,0.107889414,0.10549919,0.10381649,0.11901022,,0.013264535,0.013386596,0.0133532,0.012831686,0.01299626,0.013831543,,0.52075964,0.4986832,0.49377283,0.5108548,0.478276,0.54077464,,0.18680555,0.21875,0.23541667,0.24027777,0.24374999,0.22083333,,-0.0018062477,-0.0015689633,-0.0010665676,-0.0009843599,-0.0013196917,-0.0031088444,,0.014890781,0.0135333575,0.010640565,0.008776342,0.012906206,0.011828415,,,,0.3509617,0.011814216,0.17313264,0.3229503,,,,,-0.019023322,-0.007975947,0.05363389,,0.9953529,0.99311423,0.9946815,0.9943726,0.9946722,0.99395037,,0.043473087,0.047093626,0.045041237,0.04625748,0.044869468,0.046355497,,0.16155711,0.17016456,0.16627556,0.1671625,0.16548246,0.16706711,,0.0028004623,0.0033381144,0.0030006845,0.00274744,0.0022517173,0.0035378723,,0.35,0.425,0.275,0.425,0.45,0.4,,,0.08804634,0.09552443,0.0874066,0.0922136,0.08630251,,,0.825,0.975,0.9,0.975,0.975,,,0.775,0.86249995,0.76874995,0.8875,0.8937501,,,0.8239429,0.80344343,0.82028973,0.8143565,0.82568,,,-0.009900108,0.022333816,-0.00019656122,0.005661115,-0.010619417,,0.09754508,0.09987405,0.100714736,0.088272884,0.08631228,0.09673238,,0.00962303,0.009537766,0.009869095,0.009090754,0.008859598,0.009609882,,0.5820876,0.61096936,0.60654944,0.5885491,0.6147655,0.6407668,,0.17152777,0.14305556,0.15347223,0.14444445,0.13125001,0.15138888,,-0.0027295367,-0.0042408514,-0.0029378075,-0.0031604392,-0.0034313463,-0.003866583,,0.018949436,0.010981856,0.014813377,0.01371821,0.014427071,0.01379408,,,,0.18276687,0.09172289,0.14689353,0.08179257,,,,,-0.0065116137,-0.032283273,0.048996933,,1.1294495,1.1151541,1.0712376,1.1951483,1.2028009,1.2303039,,,,,-0.011676627,-0.037433095,0.043857466,,,,-0.17854507,-0.11893159,-0.13836479,-0.09616502,,,-0.0103571415,0.020892024,-0.006990671,0.00086575747,-0.014854312,
cache_new/HiMoE-VLA/libero_spatial/pick_up_the_black_bowl_next_to_the_plate_and_place_it_on_the_plate/right-50x8b-20260903,right-50x8b-20260903,libero_spatial,libero_spatial/pick_up_the_black_bowl_next_to_the_plate_and_place_it_on_the_plate,346,43,1010,10,1029d0827030a7521361d1904eeb3e7e7f2792be5c99abdb5701abb7ee87c137,27946,False,99,,False,True,-1,-1,success_no_alarm,0.9947229,0.9966834,0.99682903,0.99688977,0.9967476,,,0.045917142,0.042609747,0.040566057,0.040564805,0.04031544,,,0.163392,0.15442249,0.15362218,0.15354335,0.15253453,,,0.003585374,0.0018215199,0.0017369732,0.0017489776,0.0020527162,,,0.42499998,0.5,0.4,0.32500002,0.375,,,,0.04804477,0.0648571,0.0521712,0.0539141,,,,0.925,0.975,0.825,0.825,,,,0.69375,0.81250006,0.70000005,0.76874995,,,,0.9014558,0.8686942,0.89058936,0.88607,,,,-0.016862214,0.0011038184,-0.017313823,-0.0052972883,,,0.11687608,0.10832069,0.10756092,0.102513075,0.1021381,,,0.013557518,0.013280677,0.01312719,0.012924807,0.012928855,,,0.5497321,0.5029965,0.4910614,0.49415043,0.48130515,,,0.20833334,0.24097222,0.22638889,0.21319444,0.20347223,,,-0.0027022946,-0.0010877731,-0.0011204497,-0.0012127529,-0.0008952385,,,0.014721218,0.015438998,0.010475018,0.009539228,0.011633359,,,,,0.21543945,0.00015682261,0.03611934,,,,,,-0.026068872,-0.025542367,,,0.9945931,0.993063,0.9949085,0.9944424,0.9960787,,,0.04496898,0.046761353,0.044901982,0.04518743,0.043103985,,,0.16636124,0.17106694,0.16483259,0.16590911,0.15845789,,,0.0033706364,0.002600756,0.002602046,0.0032685993,0.0018328018,,,0.3,0.47499996,0.39999998,0.45,0.55,,,,0.08550379,0.10110132,0.09591076,0.0850445,,,,0.85,1.0,0.9,0.975,,,,0.75625,0.89375,0.8375,0.88750005,,,,0.8230303,0.79466707,0.8088013,0.826935,,,,-0.0045128316,0.020928472,0.0076036155,-0.0007457584,,,0.1069855,0.098152846,0.097353935,0.086676076,0.07897027,,,0.010191687,0.009657669,0.009577647,0.008685941,0.0081885215,,,0.60701406,0.6190077,0.58125544,0.6200148,0.6391155,,,0.1701389,0.13819444,0.15416667,0.13680555,0.15625001,,,-0.00349995,-0.004473458,-0.0032719527,-0.0035379925,-0.0025563673,,,0.019994687,0.012354033,0.015670236,0.014345015,0.012166628,,,,,0.18985043,0.13231567,0.0150631275,,,,,,-0.07664551,-0.135296,,,1.0924479,1.1035919,1.1048441,1.1827148,1.2933742,,,,,,-0.084918045,-0.1438904,,,,,-0.20380828,-0.13477272,-0.025839355,,,,-0.00860697,0.020928442,0.0076036453,-0.0057156086,,
cache_new/HiMoE-VLA/libero_spatial/pick_up_the_black_bowl_next_to_the_plate_and_place_it_on_the_plate/right-50x8b-20260903,right-50x8b-20260903,libero_spatial,libero_spatial/pick_up_the_black_bowl_next_to_the_plate_and_place_it_on_the_plate,347,43,1011,10,1029d0827030a7521361d1904eeb3e7e7f2792be5c99abdb5701abb7ee87c137,27947,False,99,,False,True,-1,-1,success_no_alarm,0.99461937,0.9962971,0.99666476,0.99689204,0.9965714,,,0.046375446,0.044018276,0.041691434,0.040358264,0.040575378,,,0.16404484,0.15806372,0.1557619,0.15284228,0.15265569,,,0.0036158664,0.0021823738,0.002152535,0.0019150442,0.0021896143,,,0.425,0.40000004,0.325,0.3,0.3,,,,0.049330927,0.06898807,0.0557466,0.053119965,,,,0.8,0.95000005,0.875,0.8,,,,0.66249996,0.86875,0.7875,0.75625,,,,0.89847565,0.863498,0.8837134,0.88802516,,,,-0.023076251,0.0032015145,-0.017865255,-0.010708451,,,0.11717061,0.115877025,0.11201156,0.10552496,0.10268493,,,0.013549909,0.013692403,0.013408967,0.012692509,0.012650225,,,0.5438311,0.48669204,0.5049247,0.50029695,0.48490646,,,0.20763889,0.20972222,0.21597221,0.23055556,0.22013889,,,-0.002917084,-0.0014860161,-0.001153522,-0.0009745397,-0.0012572447,,,0.013671033,0.015804132,0.010111924,0.01007794,0.012456328,,,,,0.26335096,0.04878552,0.007881732,,,,,,-0.045861013,-0.048918437,,,0.9944898,0.9930885,0.99481624,0.9938389,0.9952579,,,0.04498771,0.046402864,0.045742147,0.047076065,0.04506278,,,0.16638522,0.16960287,0.1667996,0.168264,0.16340524,,,0.0034540135,0.0031915165,0.0027887847,0.0037670736,0.0019586072,,,0.32500002,0.37500003,0.425,0.425,0.42499998,,,,0.090138726,0.101086445,0.09988251,0.08328797,,,,0.9,0.95,0.85,0.975,,,,0.76875,0.90625,0.84375,0.82500005,,,,0.819586,0.79592943,0.8001452,0.8314283,,,,-0.0031276643,0.024348319,0.01296863,-0.011794165,,,0.1103661,0.10177016,0.101378396,0.09066768,0.082928374,,,0.010083425,0.009648876,0.00977207,0.009221733,0.008565629,,,0.6030831,0.5910451,0.6129994,0.6039884,0.6410667,,,0.16597222,0.13958333,0.15486112,0.15,0.15694445,,,-0.0033336945,-0.0038367438,-0.003044884,-0.0041611716,-0.0033667153,,,0.018610135,0.01213452,0.01341667,0.014315935,0.014134791,,,,,0.17906274,0.16526175,-0.015463768,,,,,,-0.004578342,-0.07811651,,,1.061654,1.1386149,1.1048859,1.1638652,1.2382364,,,,,,-0.009702331,-0.08350774,,,,,-0.1817535,-0.21468677,0.0021905815,,,,-0.0054880977,0.024348319,0.011585653,-0.015122175,,
cache_new/HiMoE-VLA/libero_spatial/pick_up_the_black_bowl_next_to_the_plate_and_place_it_on_the_plate/right-50x8b-20260903,right-50x8b-20260903,libero_spatial,libero_spatial/pick_up_the_black_bowl_next_to_the_plate_and_place_it_on_the_plate,348,43,1012,11,1029d0827030a7521361d1904eeb3e7e7f2792be5c99abdb5701abb7ee87c137,27948,False,102,,False,True,-1,-1,success_no_alarm,0.9944341,0.99581057,0.99696016,0.9968565,0.9967908,0.9942786,,0.047334813,0.044189967,0.040754545,0.040211417,0.04081092,0.04624078,,0.16549261,0.15987676,0.15375918,0.1531988,0.1531127,0.16385324,,0.003683284,0.0024881246,0.001703144,0.0018304458,0.0018968827,0.004042521,,0.45,0.47500002,0.3,0.3,0.37500003,0.22500001,,,0.053071644,0.062286884,0.050940957,0.054818667,0.07427867,,,0.92499995,0.95,0.925,0.9,0.95000005,,,0.725,0.8375,0.7,0.775,0.86249995,,,0.89090115,0.8728252,0.8926424,0.88486236,0.8546437,,,-0.0129311085,-0.0041118115,-0.024609834,-0.0069396496,0.0015139878,,0.11467479,0.113763385,0.1061464,0.10096268,0.10291155,0.13008839,,0.0134013295,0.013420748,0.013132869,0.012592645,0.012902491,0.015066338,,0.5754338,0.51206493,0.4747139,0.50460595,0.49857152,0.5200318,,0.19375001,0.20694444,0.21458332,0.20625,0.21875,0.24930556,,-0.002589044,-0.001465361,-0.0013188489,-0.0009842911,-0.0009967083,-0.003245261,,0.0139259705,0.0149121955,0.009584587,0.008636538,0.012820765,0.013310146,,,,0.14337136,-0.06145804,0.0215624,0.3221257,,,,,-0.052641705,-0.028833922,0.1230508,,0.99448276,0.99321425,0.9944222,0.9940394,0.9949056,0.9935304,,0.045048937,0.04651193,0.046660222,0.045825265,0.044971615,0.046705026,,0.16596323,0.16902189,0.16837011,0.16789192,0.16443911,0.16988122,,0.0036948067,0.0033822623,0.0026218067,0.0034096248,0.0023210263,0.0036780897,,0.275,0.425,0.47500002,0.42499998,0.375,0.37500003,,,0.090803474,0.0976503,0.092839085,0.083985984,0.092629336,,,0.85,0.9,0.9,1.0,0.95,,,0.75000006,0.83124995,0.83124995,0.86249995,0.81875,,,0.8186444,0.80260265,0.81166327,0.8271222,0.8139019,,,-0.0021228641,0.018756181,0.0019548833,-0.004849836,0.0020135492,,0.10807626,0.097112656,0.09818518,0.08653392,0.08472195,0.10212442,,0.010100212,0.0095471125,0.009801435,0.008749774,0.0086838575,0.01028368,,0.6218445,0.6043375,0.59825927,0.6197666,0.63777524,0.62206024,,0.17222223,0.13402778,0.12083334,0.14513889,0.15208334,0.12430556,,-0.003134762,-0.0039245235,-0.003401232,-0.0039712857,-0.0036680116,-0.0040691956,,0.01874625,0.011904771,0.013822703,0.015104162,0.012787815,0.013171511,,,,0.13089263,0.07537778,-0.021002436,0.07547919,,,,,-0.081038624,-0.08830974,0.0804881,,1.0610545,1.1714579,1.0810838,1.1667411,1.2146975,1.2738225,,,,,-0.09077547,-0.098337464,0.07075478,,,,-0.10276034,-0.116959125,0.03780785,-0.07827079,,,-0.0038331747,0.015908957,6.0856342e-05,-0.011987925,-0.0035858154,
cache_new/HiMoE-VLA/libero_spatial/pick_up_the_black_bowl_next_to_the_plate_and_place_it_on_the_plate/right-50x8b-20260903,right-50x8b-20260903,libero_spatial,libero_spatial/pick_up_the_black_bowl_next_to_the_plate_and_place_it_on_the_plate,349,43,1013,10,1029d0827030a7521361d1904eeb3e7e7f2792be5c99abdb5701abb7ee87c137,27949,False,99,,False,True,-1,-1,success_no_alarm,0.9947392,0.99634224,0.9968544,0.9970012,0.9968436,,,0.04602976,0.043136694,0.041325536,0.040082105,0.040455475,,,0.16376604,0.15700874,0.1544989,0.1520207,0.15249887,,,0.0034628534,0.00218258,0.001979331,0.0018556756,0.0019245546,,,0.45000002,0.37500003,0.25,0.3,0.35,,,,0.053041488,0.0693603,0.052527506,0.052266866,,,,0.925,1.0,0.875,0.90000004,,,,0.73749995,0.84375,0.72499996,0.79375,,,,0.8906498,0.86099434,0.8899836,0.88907826,,,,-0.013249159,0.0037580132,-0.018556952,-0.009890184,,,0.1121283,0.10900697,0.10715403,0.101203024,0.100495845,,,0.013317694,0.013552319,0.013341805,0.012688273,0.012941748,,,0.5514771,0.48329008,0.4940848,0.5043952,0.46703452,,,0.20347223,0.20972222,0.22083335,0.22013889,0.22638889,,,-0.0030388474,-0.0016474046,-0.0012579499,-0.00085069495,-0.0010399446,,,0.01341576,0.015353384,0.011567968,0.01011326,0.012845544,,,,,0.25104243,-0.024041297,-0.026119959,,,,,,-0.0408847,-0.020993106,,,0.99458915,0.99352384,0.99463105,0.99412817,0.99534297,,,0.044631183,0.04575509,0.045744963,0.045335017,0.044106007,,,0.16530442,0.16761887,0.1670556,0.16639873,0.16212353,,,0.003374936,0.0028591426,0.0028902201,0.0035431175,0.0017799689,,,0.3,0.525,0.4,0.325,0.575,,,,0.08880193,0.101904035,0.096485585,0.0841696,,,,0.775,0.925,0.9,1.0,,,,0.78125,0.8625,0.83124995,0.875,,,,0.8209413,0.79587936,0.8058541,0.82973194,,,,-0.003950864,0.022672907,0.009650603,-0.0078104287,,,0.10477461,0.09695666,0.10018634,0.08727454,0.080834925,,,0.009936145,0.009600829,0.009801762,0.008903819,0.008392931,,,0.6168096,0.5972222,0.61218935,0.6248266,0.6396779,,,0.16736111,0.13819444,0.15069444,0.14861111,0.14583334,,,-0.003486948,-0.0038342674,-0.0032502487,-0.0038404413,-0.0033032363,,,0.01822359,0.012322435,0.01431818,0.014883465,0.0127147315,,,,,0.18458469,0.12783058,-0.0077871177,,,,,,-0.029551521,-0.088565394,,,1.0701858,1.1242855,1.0695473,1.1595939,1.2432231,,,,,,-0.039705858,-0.098796345,,,,,-0.18190303,-0.16778183,-0.0067469277,,,,-0.00794816,0.02122885,0.009650588,-0.010152936,,
cache_new/HiMoE-VLA/libero_spatial/pick_up_the_black_bowl_next_to_the_plate_and_place_it_on_the_plate/right-50x8b-20260903,right-50x8b-20260903,libero_spatial,libero_spatial/pick_up_the_black_bowl_next_to_the_plate_and_place_it_on_the_plate,350,43,1014,10,1029d0827030a7521361d1904eeb3e7e7f2792be5c99abdb5701abb7ee87c137,27950,False,96,,False,True,-1,-1,success_no_alarm,0.99514747,0.9966749,0.99659425,0.9970042,0.99654627,,,0.044790056,0.042740494,0.042515866,0.04010675,0.0406721,,,0.1610617,0.15512869,0.15671879,0.152931,0.15299071,,,0.003106299,0.001838529,0.0023117736,0.001843052,0.0021834746,,,0.375,0.525,0.375,0.42499998,0.275,,,,0.04794763,0.07087397,0.057851758,0.054797627,,,,0.9,0.95000005,0.975,1.0,,,,0.69374996,0.9,0.90625,0.7875,,,,0.89978266,0.8568833,0.88025415,0.88489413,,,,-0.021869853,0.004996285,-0.0038967282,-0.0068501085,,,0.1144686,0.11028172,0.11261392,0.10189818,0.103241205,,,0.013817624,0.013512248,0.0136238085,0.012636473,0.013076752,,,0.5338887,0.49165267,0.5059834,0.49515095,0.4858848,,,0.20972222,0.23333332,0.23472221,0.22708333,0.21458332,,,-0.002160257,-0.0011874714,-0.00097445375,-0.0011720445,-0.0012659299,,,0.014799109,0.013686067,0.0100753065,0.011618322,0.0117508415,,,,,0.36520398,0.17128739,0.11640324,,,,,,-0.0535085,-0.019586593,,,0.9950314,0.99265194,0.99471945,0.99385995,0.9951683,,,0.04421658,0.046313144,0.046195634,0.046490707,0.0449537,,,0.16397884,0.17119855,0.16583015,0.16762182,0.16218024,,,0.003075239,0.003011657,0.003116532,0.0038526175,0.0019191372,,,0.3,0.39999998,0.425,0.375,0.65,,,,0.08755712,0.10315444,0.10174143,0.08820383,,,,0.975,1.0,0.95000005,0.95000005,,,,0.79375,0.88125,0.83750004,0.8562499,,,,0.8220767,0.7945184,0.7993442,0.82130337,,,,-0.0068271607,0.025007159,0.016358346,0.0012996644,,,0.10198829,0.10139514,0.10190418,0.08890337,0.08122282,,,0.010111321,0.009766751,0.009950671,0.009086102,0.008304843,,,0.598194,0.6077143,0.6175667,0.61225146,0.65762585,,,0.15972221,0.13263889,0.16736111,0.13541667,0.14930557,,,-0.002918718,-0.0046446323,-0.0032389837,-0.00423024,-0.0034440213,,,0.020803276,0.010817071,0.013115353,0.015197625,0.012364728,,,,,0.22466275,0.21166353,0.06960609,,,,,,-0.0046988516,-0.09463562,,,1.12237,1.0876431,1.1050961,1.1461678,1.2710862,,,,,,-0.00716109,-0.09706825,,,,,-0.22532281,-0.22067621,-0.085589424,,,,-0.016001701,0.024121344,0.01356113,-0.0052883625,,
cache_new/HiMoE-VLA/libero_spatial/pick_up_the_black_bowl_next_to_the_plate_and_place_it_on_the_plate/right-50x8b-20260903,right-50x8b-20260903,libero_spatial,libero_spatial/pick_up_the_black_bowl_next_to_the_plate_and_place_it_on_the_plate,351,43,1015,10,1029d0827030a7521361d1904eeb3e7e7f2792be5c99abdb5701abb7ee87c137,27951,False,97,,False,True,-1,-1,success_no_alarm,0.9948629,0.99614155,0.99675333,0.996956,0.99652874,,,0.045930132,0.044126276,0.04230438,0.039937142,0.040541194,,,0.16302958,0.15850954,0.15590431,0.15303007,0.1541829,,,0.003387508,0.002291669,0.0020868718,0.0018527175,0.0021232634,,,0.45,0.39999998,0.35,0.275,0.225,,,,0.054060012,0.070949584,0.058038488,0.053713493,,,,0.875,1.0,0.975,0.975,,,,0.7375,0.8625,0.78125,0.76875,,,,0.8886674,0.8582145,0.87993497,0.88681436,,,,-0.015041709,0.0042645186,-0.0035730451,-0.0054115653,,,0.11000835,0.11674314,0.11255385,0.102007754,0.10200982,,,0.013377582,0.013834163,0.0137997605,0.012667782,0.012968545,,,0.5309935,0.50236464,0.46956587,0.5034065,0.47456092,,,0.20694445,0.21944444,0.2125,0.21388888,0.21666667,,,-0.002907573,-0.0011725089,-0.001152559,-0.0007504979,-0.0014024669,,,0.014645103,0.014257193,0.008203878,0.0112343,0.011568296,,,,,0.3414773,0.14095274,0.06656705,,,,,,-0.048747547,-0.026104884,,,0.9948521,0.99292076,0.99395674,0.99376184,0.9950874,,,0.044260297,0.04684761,0.047146887,0.0463435,0.044353995,,,0.16474646,0.16991082,0.16923049,0.16800097,0.16342755,,,0.0032836646,0.0036982633,0.0031635694,0.0040034293,0.0019789871,,,0.325,0.375,0.35000002,0.25,0.5,,,,0.09302894,0.105770335,0.09732295,0.087934725,,,,0.875,0.975,0.9,1.0,,,,0.76250005,0.89375,0.8875,0.80625,,,,0.8156187,0.78925145,0.8077341,0.8253641,,,,-0.003971204,0.02039805,0.00013546646,0.0030878186,,,0.10287374,0.10063097,0.10542206,0.08987849,0.08242579,,,0.010148417,0.009785531,0.010048263,0.008970285,0.008519441,,,0.60151494,0.611556,0.61884105,0.6246102,0.65484804,,,0.15694445,0.15694445,0.17083335,0.15277778,0.14097223,,,-0.0030815853,-0.0040051662,-0.0036851065,-0.004294561,-0.0035290322,,,0.019608283,0.011945438,0.013636873,0.014823833,0.013125755,,,,,0.23088007,0.1480013,0.045028403,,,,,,-0.016992807,-0.06857825,,,1.0693531,1.1601114,1.06765,1.1349518,1.2375959,,,,,,-0.023331529,-0.07489823,,,,,-0.2274796,-0.15912174,-0.034550853,,,,-0.005789995,0.017723799,-0.0021336675,0.0015417337,,
cache_new/HiMoE-VLA/libero_spatial/pick_up_the_black_bowl_next_to_the_plate_and_place_it_on_the_plate/right-50x8b-20260903,right-50x8b-20260903,libero_spatial,libero_spatial/pick_up_the_black_bowl_next_to_the_plate_and_place_it_on_the_plate,352,44,1008,12,1029d0827030a7521361d1904eeb3e7e7f2792be5c99abdb5701abb7ee87c137,27952,False,117,,False,True,11,-1,success_no_alarm,0.9956822,0.9963076,0.99678874,0.99719876,0.995656,0.99415433,,0.043371603,0.042377874,0.04192819,0.03926323,0.04319162,0.046857018,,0.15779728,0.15668719,0.15497392,0.15037647,0.15755484,0.16419886,,0.0025905059,0.0017873126,0.0019038823,0.0015356675,0.0028420477,0.004095337,,0.35000002,0.39999998,0.45000002,0.275,0.35000002,0.325,,,0.052381214,0.06892227,0.052349344,0.061085194,0.082227044,,,0.9,1.0,0.975,0.875,0.975,,,0.7,0.825,0.75,0.8,0.86875,,,0.8912783,0.8607589,0.88831514,0.8759277,0.846943,,,-0.017503977,0.008669332,-0.004548833,-0.0067772865,0.023486063,,0.11019842,0.10945603,0.10475516,0.10045265,0.11423642,0.11663295,,0.01342107,0.013497913,0.0133766085,0.012725607,0.014160978,0.013884844,,0.50091195,0.5158448,0.4852292,0.5005252,0.49394423,0.53503996,,0.2,0.225,0.22708333,0.21041666,0.22013889,0.19652776,,-0.0018765714,-0.0014155891,-0.0010179825,-0.00024810218,-0.0020220173,-0.0034585712,,0.015158025,0.013933738,0.007630164,0.010402396,0.009426183,0.010728605,,,,0.41566405,0.14418045,0.28955644,0.58199745,,,,,-0.034938216,0.06844002,0.050969142,,0.99487275,0.99412286,0.9927581,0.99420047,0.99258447,0.99258834,,0.04522104,0.04360798,0.047637705,0.045238767,0.048933536,0.047834657,,0.16441146,0.16168484,0.1735763,0.1667844,0.17492487,0.17069504,,0.0027131296,0.0020836215,0.0040735123,0.0034694746,0.0036380866,0.0032027124,,0.45,0.35000002,0.35000002,0.375,0.39999998,0.475,,,0.078732215,0.096888185,0.08960782,0.09987274,0.105593234,,,1.0,0.95000005,0.975,1.0,1.0,,,0.79375005,0.83124995,0.83125,0.86875,0.9375,,,0.8386216,0.803597,0.81592715,0.80071604,0.7885518,,,0.0033328086,0.0066800565,0.010111675,0.0115356445,0.016180977,,0.0918224,0.09260282,0.09772215,0.08598578,0.10251954,0.101427235,,0.00945282,0.009482184,0.009743856,0.008638349,0.010085469,0.00942652,,0.5640633,0.5970036,0.6119776,0.6259795,0.62278855,0.6340694,,0.14513889,0.15763889,0.14722222,0.13750002,0.12847224,0.13055556,,-0.0032528455,-0.0040771067,-0.0047035194,-0.0034793294,-0.004639163,-0.0045231264,,0.014461174,0.014377933,0.013905411,0.012812142,0.010282771,0.011093471,,,,0.31498224,0.23490433,0.34386992,0.39340624,,,,,-0.048676714,0.10600757,0.038266517,,1.2001257,1.1819946,1.0719695,1.1682472,1.1142893,1.1499175,,,,,-0.058622736,0.09626136,0.028692802,,,,-0.33940446,-0.22138691,-0.33717495,-0.37166452,,,0.0033328533,0.0058731437,0.0099259615,0.007827878,0.016180992,
cache_new/HiMoE-VLA/libero_spatial/pick_up_the_black_bowl_next_to_the_plate_and_place_it_on_the_plate/right-50x8b-20260903,right-50x8b-20260903,libero_spatial,libero_spatial/pick_up_the_black_bowl_next_to_the_plate_and_place_it_on_the_plate,353,44,1009,10,1029d0827030a7521361d1904eeb3e7e7f2792be5c99abdb5701abb7ee87c137,27953,False,99,,False,True,8,-1,success_no_alarm,0.99566257,0.9963864,0.9970392,0.9969406,0.996451,,,0.04292855,0.04233798,0.04013136,0.04040509,0.041602455,,,0.15678711,0.15657434,0.15201394,0.152655,0.15490317,,,0.0025233983,0.0016438962,0.0016984663,0.00179629,0.0023044813,,,0.45,0.425,0.3,0.275,0.3,,,,0.0537529,0.05910536,0.05516754,0.05521193,,,,0.875,0.975,0.975,0.95,,,,0.67499995,0.76875,0.6625,0.825,,,,0.8873651,0.8800874,0.8862147,0.8843519,,,,-0.011760712,-0.011009395,-0.010969371,-0.0123719275,,,0.105663866,0.10947767,0.10164008,0.10482427,0.10453434,,,0.0129465405,0.013531375,0.01307122,0.012886768,0.013162233,,,0.52293265,0.49795574,0.47767866,0.5068739,0.4761199,,,0.19583333,0.23680554,0.22847222,0.22430557,0.22222222,,,-0.0017250031,-0.0014741665,-0.00076272583,-0.0008697506,-0.0012349731,,,0.014715273,0.012396998,0.012635559,0.008800812,0.01290763,,,,,0.26161444,0.19472119,0.19813393,,,,,,-0.028340189,-0.007936814,,,0.9948103,0.99429625,0.9932641,0.99432755,0.99465966,,,0.045046683,0.04428324,0.04734043,0.04521524,0.044760697,,,0.16384998,0.16453919,0.17172575,0.16453573,0.16292702,,,0.0027240848,0.0021209072,0.0029389428,0.00335404,0.0021518124,,,0.375,0.425,0.5,0.3,0.475,,,,0.080585815,0.090716854,0.09363519,0.08378677,,,,1.0,0.95,0.975,0.9,,,,0.82500005,0.85,0.8375,0.83125,,,,0.8313728,0.8128866,0.81272304,0.8309284,,,,0.008920789,0.0050876588,0.020385057,-0.0018683672,,,0.08883166,0.09455341,0.0892041,0.08519403,0.08451873,,,0.009235043,0.009495307,0.009262839,0.008442363,0.008707829,,,0.5722468,0.5955955,0.62969834,0.62396616,0.63740754,,,0.15625,0.13819444,0.12152778,0.14027779,0.15902777,,,-0.0032894262,-0.0037172332,-0.0041047446,-0.0036642454,-0.0037834463,,,0.012876624,0.014240375,0.012245863,0.012166219,0.01264354,,,,,0.22168514,0.2558675,0.14566922,,,,,,-0.08862062,-0.057837114,,,1.1894842,1.1578394,1.1394104,1.230418,1.2368187,,,,,,-0.09433994,-0.06337972,,,,,-0.25074738,-0.24063687,-0.14420186,,,,0.0071442127,0.001907289,0.017581642,-0.0018684268,,
cache_new/HiMoE-VLA/libero_spatial/pick_up_the_black_bowl_next_to_the_plate_and_place_it_on_the_plate/right-50x8b-20260903,right-50x8b-20260903,libero_spatial,libero_spatial/pick_up_the_black_bowl_next_to_the_plate_and_place_it_on_the_plate,354,44,1010,10,1029d0827030a7521361d1904eeb3e7e7f2792be5c99abdb5701abb7ee87c137,27954,False,98,,False,True,-1,-1,success_no_alarm,0.9954834,0.9967102,0.9969624,0.99716425,0.9966171,,,0.043669585,0.04130752,0.04048731,0.040410616,0.041122977,,,0.15829131,0.15419042,0.15326399,0.15211792,0.1533019,,,0.0027176698,0.0014785177,0.0017349954,0.0015977533,0.0020299973,,,0.35000002,0.475,0.425,0.32500002,0.375,,,,0.051269922,0.069086,0.05205928,0.05378839,,,,0.95,1.0,0.95,0.975,,,,0.6625,0.84999996,0.7875,0.85,,,,0.89391893,0.8595183,0.890077,0.8872935,,,,-0.017820805,0.0066022575,-0.0050595403,-0.012128651,,,0.11121334,0.10764995,0.10444598,0.09635757,0.10426446,,,0.013172769,0.013376812,0.013173242,0.012572115,0.013047123,,,0.5250765,0.5001594,0.47331107,0.47687733,0.48816177,,,0.20555556,0.23680554,0.22847222,0.21805555,0.19305556,,,-0.002015138,-0.0010663613,-0.000789452,-0.00086481473,-0.0009632233,,,0.014010192,0.013230824,0.010048984,0.008632518,0.011152789,,,,,0.4026721,0.1223997,0.15219785,,,,,,-0.04311757,-0.0051068654,,,0.99487066,0.9947199,0.9926276,0.99481404,0.99510175,,,0.045469034,0.043095585,0.047543988,0.04515981,0.043543927,,,0.16479155,0.16153784,0.17275812,0.16297558,0.16139497,,,0.0027184093,0.0017774408,0.004285739,0.0029751104,0.0020149832,,,0.45,0.375,0.375,0.45,0.425,,,,0.074534304,0.106791124,0.080747746,0.08038078,,,,0.925,0.975,0.84999996,0.975,,,,0.8125,0.84375,0.8125,0.86249995,,,,0.84631133,0.7871742,0.83361506,0.8361273,,,,-0.0005393326,0.027139843,0.0053144842,-0.00691472,,,0.091750294,0.09147447,0.101598635,0.08516892,0.08436834,,,0.009397932,0.009332223,0.009882976,0.0086194035,0.008230863,,,0.5682643,0.5841775,0.62392807,0.6162272,0.663021,,,0.13333333,0.15486111,0.14027777,0.15208334,0.16319445,,,-0.003202334,-0.0035394372,-0.004781823,-0.003457333,-0.003533504,,,0.013609067,0.0138196135,0.014366779,0.012869171,0.011968745,,,,,0.41998193,0.14231087,0.13761443,,,,,,-0.04951559,-0.095767096,,,1.2121307,1.1768305,1.0280254,1.1313701,1.2358245,,,,,,-0.04640851,-0.09253352,,,,,-0.46173736,-0.15480348,-0.14949998,,,,-0.0030947328,0.022675395,0.0053144693,-0.008063078,,
cache_new/HiMoE-VLA/libero_spatial/pick_up_the_black_bowl_next_to_the_plate_and_place_it_on_the_plate/right-50x8b-20260903,right-50x8b-20260903,libero_spatial,libero_spatial/pick_up_the_black_bowl_next_to_the_plate_and_place_it_on_the_plate,355,44,1011,13,1029d0827030a7521361d1904eeb3e7e7f2792be5c99abdb5701abb7ee87c137,27955,False,122,,False,True,11,-1,success_no_alarm,0.9957845,0.9965267,0.99684525,0.9970536,0.9963482,0.99445236,0.9954118,0.04192937,0.042049654,0.041731805,0.04033361,0.04088096,0.046412043,0.04452761,0.15575829,0.15602973,0.155429,0.15195242,0.15351553,0.16457248,0.16114116,0.0024312157,0.0015447482,0.0020358618,0.0016677502,0.0020733196,0.0042106854,0.003144445,0.42499998,0.35000002,0.35000002,0.375,0.35000002,0.25,0.325,,0.05210856,0.071241885,0.05122569,0.052731663,0.07861424,0.07577984,,0.82500005,1.0,0.9,0.95000005,0.92499995,0.92499995,,0.64375,0.89374995,0.77500004,0.76250005,0.8625001,0.85,,0.8916866,0.8568551,0.8927516,0.8891567,0.8449924,0.84559655,,-0.014198735,0.009467155,-0.013855666,-0.015944049,0.013181582,0.015215397,0.112193786,0.11055975,0.10845433,0.10602684,0.10749282,0.12558499,0.11618511,0.013490735,0.013611242,0.01342848,0.012974176,0.01346245,0.014710836,0.01398702,0.5007087,0.4970914,0.49091715,0.4774261,0.4717809,0.53201234,0.5204834,0.21597221,0.21458334,0.21944445,0.23402777,0.22430554,0.22083333,0.21249999,-0.0018432756,-0.0011437879,-0.0007617284,-0.0007485889,-0.0012860692,-0.003423762,-0.0021680305,0.013978183,0.014229202,0.009321407,0.008346254,0.0101123005,0.010466931,0.009557721,,,0.4486997,0.11428716,0.14237899,0.53383136,0.49530262,,,,-0.015854469,0.021022176,0.10787424,0.059501644,0.9948424,0.99422055,0.9928634,0.9943276,0.9936303,0.99213445,0.99291736,0.04558892,0.044205457,0.04890432,0.045741946,0.047015257,0.04859376,0.04744272,0.1650216,0.16381374,0.173904,0.1666989,0.16997784,0.17521156,0.17070496,0.0026437517,0.0020329035,0.00434509,0.0032182427,0.0026214626,0.0047324635,0.0042240485,0.45,0.475,0.375,0.5,0.525,0.325,0.35,,0.07886998,0.10102889,0.087071866,0.091454655,0.10399945,0.10946904,,0.95,0.975,0.975,1.0,0.95000005,0.975,,0.81875,0.85625005,0.8125,0.8625,0.85,0.88750005,,0.8389262,0.7966881,0.8231229,0.8157576,0.7956813,0.77879477,,0.0025384724,0.016786098,0.002072081,0.006347984,-0.0018664747,0.03336841,0.09377675,0.09217713,0.09663144,0.08796458,0.0927091,0.10722527,0.1164207,0.009526342,0.009271476,0.009556812,0.008705904,0.009027295,0.010285348,0.01068638,0.5583954,0.5944941,0.61490047,0.5837912,0.6366501,0.6131066,0.60898393,0.14652778,0.14027779,0.13958333,0.16180557,0.14652778,0.12638889,0.15694445,-0.0031741979,-0.003955515,-0.0045798463,-0.003508515,-0.0041057244,-0.0047984705,-0.0032300234,0.013096839,0.01485162,0.012404719,0.011827333,0.010845834,0.012935583,0.009622603,,,0.34940222,0.2009916,0.24814837,0.36224002,0.42910716,,,,-0.028478257,0.0076172836,0.13837035,0.17661956,1.1963924,1.1994271,1.1223503,1.2053356,1.1594635,1.1712257,0.99797636,,,,-0.024700897,0.011550459,0.14201802,0.1802677,,,-0.35337847,-0.2186438,-0.24497378,-0.41594982,-0.4437555,,0.0025385618,0.010863006,-0.0012962818,0.0034922957,-0.0037503839,0.027754188
cache_new/HiMoE-VLA/libero_spatial/pick_up_the_black_bowl_next_to_the_plate_and_place_it_on_the_plate/right-50x8b-20260903,right-50x8b-20260903,libero_spatial,libero_spatial/pick_up_the_black_bowl_next_to_the_plate_and_place_it_on_the_plate,356,44,1012,11,1029d0827030a7521361d1904eeb3e7e7f2792be5c99abdb5701abb7ee87c137,27956,False,104,,False,True,-1,-1,success_no_alarm,0.9957901,0.9962636,0.9969763,0.9970387,0.9965091,0.9948923,,0.042796373,0.04280123,0.040961012,0.04056021,0.04111637,0.045894444,,0.15633714,0.157935,0.15350303,0.15291843,0.15424356,0.16297048,,0.002463101,0.0017277548,0.0017764432,0.0016476798,0.0020661307,0.003720948,,0.35,0.375,0.375,0.32500002,0.32500002,0.25,,,0.053620335,0.06539581,0.049748734,0.055468008,0.074362025,,,0.85,0.9,0.9,1.0,0.92499995,,,0.69375,0.825,0.7125,0.76875,0.84375,,,0.8872384,0.8680483,0.89571387,0.8843334,0.85504746,,,-0.010928273,-0.001287818,-0.017650768,-0.009412736,0.01186049,,0.11020389,0.10827075,0.10821351,0.10392977,0.10406504,0.12114479,,0.013326703,0.012995329,0.013591791,0.012900209,0.013141494,0.014486525,,0.53054446,0.52289164,0.4622516,0.4847741,0.48223045,0.52657104,,0.2013889,0.20277777,0.24236111,0.21666667,0.18055555,0.22777778,,-0.0013208268,-0.0009750556,-0.0010911096,-0.0007088781,-0.0011555514,-0.0026799368,,0.014198455,0.013364521,0.009998078,0.0076107793,0.01069521,0.0129700275,,,,0.37073147,0.09263462,0.20472008,0.49205154,,,,,-0.014363009,0.003805677,0.100520924,,0.9949851,0.9943987,0.99304354,0.9943509,0.99315464,0.9916214,,0.04498784,0.04406599,0.046805877,0.045939505,0.048215162,0.049583513,,0.16419426,0.16405763,0.17215383,0.16601129,0.1725453,0.17887138,,0.0026381107,0.002127408,0.0039685685,0.0029206781,0.0026302685,0.004859679,,0.42499998,0.4,0.52500004,0.45,0.525,0.42499998,,,0.08086472,0.093791604,0.085497305,0.09483516,0.11081237,,,1.0,0.975,0.92499995,0.975,1.0,,,0.86875,0.81875,0.80625004,0.8,0.88125,,,0.83221805,0.8088075,0.8243625,0.80989075,0.78049845,,,0.011600107,0.009580955,0.0048214644,0.010930821,0.012197211,,0.09132196,0.09231442,0.100662634,0.08471695,0.089608215,0.113429725,,0.009456496,0.009207459,0.0101552,0.008577133,0.008552678,0.010769827,,0.57448155,0.5996688,0.57797706,0.593629,0.6633231,0.61019546,,0.14444444,0.14375001,0.14097223,0.13194445,0.12569445,0.12847222,,-0.0028214613,-0.0036537198,-0.0046609533,-0.003371135,-0.00451936,-0.005388784,,0.013548936,0.014151462,0.014193718,0.011514059,0.009665255,0.014148206,,,,0.263085,0.16844994,0.26813108,0.42011762,,,,,-0.039228708,-0.042342786,0.18785726,,1.2067622,1.1728476,1.0750117,1.2267884,1.1613337,1.0680162,,,,,-0.03726963,-0.040124886,0.19037917,,,,-0.27856246,-0.15245256,-0.25521675,-0.45384043,,,0.009845495,0.0028585196,0.0036343932,0.008973718,0.008955002,
cache_new/HiMoE-VLA/libero_spatial/pick_up_the_black_bowl_next_to_the_plate_and_place_it_on_the_plate/right-50x8b-20260903,right-50x8b-20260903,libero_spatial,libero_spatial/pick_up_the_black_bowl_next_to_the_plate_and_place_it_on_the_plate,357,44,1013,10,1029d0827030a7521361d1904eeb3e7e7f2792be5c99abdb5701abb7ee87c137,27957,False,98,,False,True,-1,-1,success_no_alarm,0.99577856,0.9966939,0.99710065,0.9970606,0.9963169,,,0.042834908,0.04189134,0.03991632,0.040547356,0.040782765,,,0.15698338,0.1551616,0.15176122,0.15222242,0.15463808,,,0.0024478633,0.0014681299,0.0016537508,0.0017846811,0.0022683996,,,0.35,0.325,0.375,0.275,0.25,,,,0.04936664,0.061509013,0.052725844,0.058212552,,,,0.82500005,0.9,0.875,1.0,,,,0.65,0.8,0.74375,0.85,,,,0.89639187,0.87649286,0.88929003,0.8784099,,,,-0.017719552,-0.0065808743,-0.011443898,-0.008103386,,,0.10753335,0.10600184,0.10125439,0.101307526,0.10490984,,,0.013340806,0.013320671,0.013287103,0.012804174,0.0131291505,,,0.49783963,0.47431132,0.4649168,0.4988469,0.4931945,,,0.21666667,0.20069443,0.23680556,0.20763889,0.20694444,,,-0.0021029694,-0.0013028546,-0.00086873595,-0.0006909575,-0.0014357455,,,0.013336977,0.013814375,0.011606244,0.009091882,0.012855349,,,,,0.30201918,0.1519798,0.25443015,,,,,,-0.01990854,0.0038116013,,,0.99487966,0.9947243,0.99316037,0.99418956,0.99427897,,,0.04502967,0.044261303,0.04700483,0.044969775,0.04430993,,,0.16423063,0.16436513,0.17188296,0.16562745,0.16443917,,,0.002587496,0.001838804,0.002909551,0.0032465337,0.002158107,,,0.425,0.35000002,0.35000002,0.275,0.425,,,,0.07682726,0.09226577,0.09172438,0.086454496,,,,0.92499995,0.975,1.0,0.95000005,,,,0.8125,0.8375,0.85625,0.8562499,,,,0.8401166,0.8104148,0.8147994,0.8266683,,,,0.0034642816,0.011534855,0.013630718,-0.00070656836,,,0.0900794,0.091857806,0.0908927,0.08825937,0.08628371,,,0.009355999,0.009200262,0.009265902,0.0088147465,0.008499136,,,0.5601351,0.59664077,0.63614994,0.6193342,0.64580166,,,0.15208334,0.14097223,0.13194445,0.13611111,0.1326389,,,-0.003266776,-0.003488857,-0.0043521756,-0.004023087,-0.004074544,,,0.012872058,0.012907863,0.013883213,0.013089784,0.012260955,,,,,0.25590813,0.25207353,0.19339737,,,,,,-0.016877493,-0.05339375,,,1.1937618,1.1539775,1.1139991,1.1478388,1.2158706,,,,,,-0.030944796,-0.06740633,,,,,-0.28460693,-0.23583004,-0.17950365,,,,0.00020968914,0.010414124,0.00796473,-0.0034406781,,
cache_new/HiMoE-VLA/libero_spatial/pick_up_the_black_bowl_next_to_the_plate_and_place_it_on_the_plate/right-50x8b-20260903,right-50x8b-20260903,libero_spatial,libero_spatial/pick_up_the_black_bowl_next_to_the_plate_and_place_it_on_the_plate,358,44,1014,10,1029d0827030a7521361d1904eeb3e7e7f2792be5c99abdb5701abb7ee87c137,27958,False,98,,False,True,-1,-1,success_no_alarm,0.9955849,0.99669373,0.9966752,0.9972342,0.99604493,,,0.04319128,0.041698206,0.041411493,0.039837588,0.04100344,,,0.15760095,0.15459117,0.15467726,0.1513784,0.15587541,,,0.002606655,0.0014507254,0.0020629491,0.001568757,0.0025158138,,,0.35000002,0.425,0.4,0.325,0.275,,,,0.047997683,0.06186344,0.050512828,0.058753315,,,,0.79999995,0.95,0.95,0.95,,,,0.625,0.78125,0.73749995,0.81874996,,,,0.8992158,0.87572783,0.894602,0.8760757,,,,-0.020590186,-0.011079207,-0.014712036,-0.010711104,,,0.107922316,0.1071983,0.10707485,0.09930864,0.10759713,,,0.013036124,0.013324933,0.013278887,0.01266959,0.013182597,,,0.52600443,0.4826717,0.4854594,0.48174146,0.4938589,,,0.19513889,0.22152779,0.20347223,0.2138889,0.21527776,,,-0.0018524423,-0.0011552419,-0.00073295564,-0.0008582106,-0.0016541979,,,0.01370263,0.013427973,0.011940532,0.009276019,0.01086628,,,,,0.30967474,0.11150609,0.2626027,,,,,,-0.04437717,-0.005076168,,,0.9949881,0.9945476,0.9935805,0.9947966,0.9939678,,,0.044949308,0.044517994,0.046645284,0.04426662,0.04555116,,,0.16353288,0.16521093,0.16751212,0.16367987,0.1662139,,,0.0026165268,0.0020368593,0.0032979222,0.0027462533,0.002848927,,,0.39999998,0.3,0.5,0.425,0.4,,,,0.07694255,0.09023231,0.08333596,0.08732035,,,,0.95,0.975,1.0,0.95,,,,0.8375,0.79999995,0.83125,0.8375,,,,0.839566,0.81730294,0.82606053,0.8216608,,,,-0.0013811439,0.0061975867,0.008301392,0.0036510676,,,0.08933428,0.09332602,0.092772186,0.08336686,0.09160659,,,0.009244234,0.0093970625,0.009383918,0.0083994195,0.009009648,,,0.56801283,0.59102124,0.62321013,0.59050584,0.6333102,,,0.12430556,0.14375,0.14930557,0.13263889,0.14583334,,,-0.0029941835,-0.003499933,-0.0038147816,-0.0032399297,-0.0041104886,,,0.014347329,0.013728663,0.013888019,0.0121663865,0.01142046,,,,,0.23775029,0.15869208,0.20640409,,,,,,-0.07280252,-0.0027401512,,,1.2080728,1.1486433,1.1541697,1.1912243,1.1745566,,,,,,-0.08149501,-0.011361584,,,,,-0.24974716,-0.13013515,-0.20238632,,,,-0.0025767088,0.0061975718,0.008301377,0.0019378066,,
cache_new/HiMoE-VLA/libero_spatial/pick_up_the_black_bowl_next_to_the_plate_and_place_it_on_the_plate/right-50x8b-20260903,right-50x8b-20260903,libero_spatial,libero_spatial/pick_up_the_black_bowl_next_to_the_plate_and_place_it_on_the_plate,359,44,1015,11,1029d0827030a7521361d1904eeb3e7e7f2792be5c99abdb5701abb7ee87c137,27959,False,102,,False,True,-1,-1,success_no_alarm,0.99565095,0.9962218,0.9967208,0.9972452,0.9961904,0.9947673,,0.043390296,0.042498752,0.041928127,0.039366152,0.041849867,0.045916498,,0.15731898,0.15718137,0.15579696,0.15029073,0.15586308,0.16384172,,0.0025526525,0.0018220185,0.002066767,0.0014836083,0.0021860544,0.0038855695,,0.375,0.35000002,0.4,0.375,0.39999998,0.25,,,0.057016715,0.07071866,0.052698955,0.055475518,0.07648725,,,0.84999996,0.975,0.82500005,0.9,0.975,,,0.69375,0.8625,0.77500004,0.79999995,0.8625001,,,0.88359636,0.8589088,0.88927937,0.8843167,0.84826726,,,-0.00962916,0.0053661168,-0.007823646,-0.012094796,0.010973901,,0.10467833,0.11194263,0.10957683,0.10006782,0.10426724,0.12031816,,0.013121501,0.013291648,0.01357373,0.012742078,0.013165519,0.014266016,,0.5047418,0.5091159,0.45594615,0.50173837,0.47470832,0.54341793,,0.20763889,0.19513889,0.22569445,0.21666667,0.19375001,0.20416667,,-0.002210734,-0.0011194178,-0.0010342521,-0.00026076008,-0.0015457973,-0.0030036082,,0.014641493,0.014127003,0.011094462,0.008302651,0.009948874,0.009508568,,,,0.41807526,0.12084394,0.17106172,0.48228037,,,,,-0.03330545,0.00013393769,0.07925416,,0.99486697,0.9940832,0.9927926,0.9945046,0.99318624,0.9925804,,0.04514247,0.042999353,0.048362244,0.044795223,0.047707524,0.047688685,,0.1642224,0.16066238,0.17307153,0.16463098,0.1710309,0.17252566,,0.0026963612,0.0021660184,0.0046315445,0.002885198,0.0028091646,0.0043778527,,0.42499998,0.35000002,0.325,0.425,0.5,0.325,,,0.083671235,0.10272233,0.0815593,0.09231149,0.09770109,,,0.95000005,0.975,1.0,0.975,0.925,,,0.86875,0.8625,0.7875,0.84375,0.81875,,,0.83206743,0.7953255,0.83243096,0.8131459,0.80455023,,,0.010441348,0.01965563,-0.0021403432,0.0061039627,-0.00033648312,,0.08833936,0.092938565,0.09747132,0.08609901,0.09031571,0.10843799,,0.009279732,0.0092771705,0.009761963,0.008665785,0.00871241,0.010186345,,0.5678145,0.60971856,0.6070849,0.6090038,0.64785856,0.62741584,,0.13680556,0.16805555,0.15416667,0.15347221,0.13958333,0.13611111,,-0.0031193523,-0.004052496,-0.0046423445,-0.0033771545,-0.004397648,-0.0045908014,,0.014253047,0.013373714,0.013476809,0.01296808,0.00935481,0.012294962,,,,0.34263337,0.11066766,0.23432738,0.28020847,,,,,-0.03239647,-0.027282909,0.12861289,,1.1849569,1.2044798,1.1241956,1.1622411,1.1544751,1.1095573,,,,,-0.036841903,-0.031475984,0.12482374,,,,-0.3678924,-0.08696935,-0.24323437,-0.31845987,,,0.010441303,0.014153957,-0.0021404028,0.0030310154,-0.0011454225,
cache_new/HiMoE-VLA/libero_spatial/pick_up_the_black_bowl_next_to_the_plate_and_place_it_on_the_plate/right-50x8b-20260903,right-50x8b-20260903,libero_spatial,libero_spatial/pick_up_the_black_bowl_next_to_the_plate_and_place_it_on_the_plate,360,45,1008,22,1029d0827030a7521361d1904eeb3e7e7f2792be5c99abdb5701abb7ee87c137,27960,True,220,object_released_or_dropped_before_goal,False,True,11,21,failure_detected,0.9956567,0.99673855,0.9970677,0.9972169,0.9965319,0.99372524,0.99614376,0.043494143,0.04158599,0.041025553,0.04075695,0.040932983,0.04857026,0.042540647,0.1567617,0.15447885,0.15364303,0.1519033,0.1536473,0.16767372,0.1576809,0.0025185482,0.0014688007,0.0017857818,0.0015079438,0.0020472128,0.0044993586,0.0022698788,0.325,0.4,0.375,0.425,0.3,0.275,0.275,,0.048350625,0.07206592,0.053499244,0.057090916,0.069767244,0.06606641,,0.825,1.0,0.875,0.975,0.875,0.95000005,,0.73125,0.88125,0.75625,0.83125,0.78125,0.80625,,0.90028554,0.8544451,0.8877727,0.88112664,0.85969967,0.8660848,,-0.02186571,0.019726068,-0.0035849065,-0.005454868,-0.0057660937,0.016272664,0.11092771,0.1053396,0.10231305,0.10008268,0.10666883,0.12434998,0.11601626,0.013665696,0.013086088,0.013251455,0.012641772,0.013370531,0.014419217,0.014173076,0.4978366,0.5220153,0.48511156,0.4983412,0.49353242,0.5414464,0.4873402,0.20625,0.2013889,0.22777778,0.21736111,0.22430556,0.19722223,0.22986113,-0.0019113808,-0.0010271664,-0.0008821506,-0.0003580679,-0.0011357734,-0.0040140236,-0.0016216931,0.014922415,0.0125422515,0.009063886,0.00941564,0.0098300325,0.013131192,0.01110795,,,0.4505067,0.15092926,0.21779957,0.40305007,0.3539691,,,,-0.0447878,0.00987004,0.08406867,0.06896212,0.9954176,0.9946786,0.9927167,0.99346656,0.994678,0.99329007,0.9924088,0.044576347,0.0447853,0.049145132,0.047961835,0.04400993,0.04638134,0.048605405,0.16239572,0.16236624,0.17555788,0.16953452,0.16290653,0.16993776,0.17274733,0.0025525664,0.0018779646,0.0040473705,0.0031452533,0.0025630575,0.004170029,0.0038754914,0.475,0.425,0.35,0.4,0.3,0.275,0.45,,0.08513209,0.10444255,0.08998548,0.09779481,0.09245074,0.110450715,,0.95,1.0,0.975,0.975,0.975,0.975,,0.875,0.90625,0.81249994,0.9375,0.8875,0.88125,,0.8260991,0.7905472,0.8181201,0.8003578,0.8128376,0.78499335,,0.019008204,0.025605798,-0.0010644346,0.02612178,-0.0065137744,0.025099859,0.092965014,0.08671136,0.08925908,0.08860332,0.08426331,0.10576899,0.11478621,0.009327897,0.008588744,0.00902016,0.008642853,0.008777455,0.010125963,0.01080152,0.58416235,0.6341764,0.6437434,0.6505244,0.63089395,0.6015661,0.5984148,0.15208334,0.16111112,0.13541667,0.14305556,0.13819444,0.12361111,0.14375,-0.0028507155,-0.003829555,-0.0046924776,-0.004350559,-0.0033030303,-0.0044646524,-0.003421199,0.01546892,0.011492772,0.01089603,0.010242706,0.011287721,0.011130442,0.008784389,,,0.32686162,0.17816103,0.26172233,0.197418,0.37921703,,,,-0.023919962,-0.008652164,0.13410184,0.1988366,1.1932199,1.2148304,1.1462481,1.129559,1.265899,1.1756752,1.0107161,,,,-0.022462917,-0.007009098,0.13590704,0.2004912,,,-0.33605194,-0.15050146,-0.24339505,-0.18361822,-0.33379126,,0.015710533,0.016887426,-0.0010644794,0.01690787,-0.007434249,0.022250056
cache_new/HiMoE-VLA/libero_spatial/pick_up_the_black_bowl_next_to_the_plate_and_place_it_on_the_plate/right-50x8b-20260903,right-50x8b-20260903,libero_spatial,libero_spatial/pick_up_the_black_bowl_next_to_the_plate_and_place_it_on_the_plate,361,45,1009,10,1029d0827030a7521361d1904eeb3e7e7f2792be5c99abdb5701abb7ee87c137,27961,False,94,,False,True,-1,-1,success_no_alarm,0.9957801,0.99698293,0.99708736,0.99696016,0.9958151,,,0.042707764,0.040786788,0.041161187,0.040029466,0.042532735,,,0.15535326,0.15252021,0.15334028,0.15202835,0.1569756,,,0.0023667908,0.0014258737,0.0017501297,0.0016691603,0.0026517315,,,0.3,0.375,0.35,0.35000002,0.35000002,,,,0.046425,0.069284104,0.05707968,0.06028618,,,,0.825,1.0,0.95,1.0,,,,0.68125,0.82500005,0.79375,0.8125,,,,0.90370464,0.857894,0.88212657,0.8768425,,,,-0.018115878,0.016109616,-0.0068451464,-0.014359891,,,0.1058615,0.10638708,0.10203702,0.10253089,0.10805475,,,0.013080264,0.013232028,0.013016368,0.012692512,0.013343821,,,0.5154608,0.49002922,0.48774642,0.5197097,0.5029091,,,0.19652778,0.23541667,0.22777778,0.24722221,0.21458334,,,-0.0016241353,-0.0009696554,-0.00072973955,-0.0010559735,-0.002091636,,,0.015642343,0.011114123,0.008149646,0.010253182,0.01110692,,,,,0.42624855,0.23065369,0.28117132,,,,,,-0.025989033,0.02117858,,,0.9953853,0.99435085,0.9930683,0.99358827,0.99433374,,,0.044032022,0.045728974,0.04702685,0.04723029,0.04479654,,,0.1622541,0.16472146,0.17321962,0.17082356,0.16355744,,,0.0024116267,0.0020062982,0.003810396,0.0039222017,0.0026917176,,,0.5,0.45000002,0.375,0.375,0.425,,,,0.082866035,0.102721676,0.09479877,0.09579102,,,,0.92499995,0.9,0.95000005,0.9,,,,0.81875,0.875,0.88125,0.83125,,,,0.83071744,0.7934878,0.8086209,0.81206167,,,,0.009344146,0.026251286,0.0050712675,0.0045939684,,,0.089112796,0.0877945,0.09099836,0.086844355,0.0884993,,,0.009140818,0.008649421,0.009147,0.008595093,0.008947154,,,0.588048,0.62632465,0.6297162,0.65556264,0.6522332,,,0.14375001,0.14930555,0.12430556,0.1423611,0.14375,,,-0.0028326404,-0.003910593,-0.004389616,-0.0045403764,-0.0037319032,,,0.014743326,0.01041957,0.011753599,0.013300077,0.012969998,,,,,0.32018116,0.24368754,0.2512715,,,,,,-0.032628413,0.0078815725,,,1.1879495,1.2117739,1.1213062,1.1806282,1.2209673,,,,,,-0.032387372,0.0077565904,,,,,-0.3210594,-0.23221913,-0.24357767,,,,0.005185604,0.019475222,0.0050714016,0.0011649132,,
cache_new/HiMoE-VLA/libero_spatial/pick_up_the_black_bowl_next_to_the_plate_and_place_it_on_the_plate/right-50x8b-20260903,right-50x8b-20260903,libero_spatial,libero_spatial/pick_up_the_black_bowl_next_to_the_plate_and_place_it_on_the_plate,362,45,1010,10,1029d0827030a7521361d1904eeb3e7e7f2792be5c99abdb5701abb7ee87c137,27962,False,97,,False,True,-1,-1,success_no_alarm,0.99546087,0.9971111,0.9970384,0.9968885,0.9965463,,,0.043337353,0.040879093,0.0413407,0.040326133,0.04048942,,,0.15715973,0.15179008,0.15371957,0.15347078,0.15286107,,,0.0026759985,0.0012994837,0.0017929878,0.0018250627,0.0018402832,,,0.325,0.5,0.325,0.275,0.3,,,,0.04729052,0.07230514,0.059724763,0.05705554,,,,0.875,0.975,0.95,0.95000005,,,,0.68125004,0.89375,0.8375,0.86875,,,,0.9026642,0.85384595,0.8758699,0.8817087,,,,-0.020914093,0.016050622,-0.0038058907,-0.004870385,,,0.11152759,0.10418628,0.10318261,0.10242203,0.10597878,,,0.013296319,0.012993823,0.013103099,0.013111075,0.013337778,,,0.5256126,0.5083138,0.49139756,0.50799644,0.4963536,,,0.22222222,0.22569445,0.19791666,0.23541667,0.23402777,,,-0.0020292234,-0.00072347943,-0.00073488185,-0.0013417742,-0.0012265802,,,0.014092236,0.0123066455,0.008810863,0.010320532,0.012279993,,,,,0.43076518,0.23860194,0.1930766,,,,,,0.012817515,0.029355116,,,0.99542636,0.9948597,0.99287057,0.99298036,0.99432534,,,0.044250753,0.044289634,0.0493296,0.049701102,0.044335216,,,0.16289538,0.16076286,0.17439151,0.17416446,0.16488129,,,0.00248895,0.001850499,0.0039069126,0.004520564,0.0017065151,,,0.5,0.525,0.45,0.4,0.425,,,,0.08231832,0.10356603,0.09718816,0.100936115,,,,0.925,1.0,0.975,1.0,,,,0.85,0.88125,0.89375,0.91875,,,,0.83261,0.79300094,0.8084797,0.7986897,,,,0.011867091,0.026456162,0.005218491,0.026808292,,,0.093638346,0.08618198,0.08960968,0.09129185,0.085360155,,,0.009271563,0.008700747,0.008816056,0.008912303,0.008437487,,,0.58519155,0.6254305,0.65305364,0.6476214,0.6763757,,,0.15138888,0.16041666,0.13611111,0.13333334,0.1375,,,-0.0028382642,-0.0036168983,-0.004554221,-0.0049646404,-0.00383112,,,0.015408436,0.010966135,0.0115241045,0.014065895,0.01272657,,,,,0.31993246,0.25341928,0.2904549,,,,,,0.013646733,-0.04100842,,,1.1910461,1.2089102,1.1514672,1.1219186,1.2415485,,,,,,0.015008739,-0.03973935,,,,,-0.33301997,-0.2591918,-0.2919602,,,,0.009889603,0.019502759,0.005218506,0.023752451,,
cache_new/HiMoE-VLA/libero_spatial/pick_up_the_black_bowl_next_to_the_plate_and_place_it_on_the_plate/right-50x8b-20260903,right-50x8b-20260903,libero_spatial,libero_spatial/pick_up_the_black_bowl_next_to_the_plate_and_place_it_on_the_plate,363,45,1011,22,1029d0827030a7521361d1904eeb3e7e7f2792be5c99abdb5701abb7ee87c137,27963,True,220,object_released_or_dropped_before_goal,False,True,11,-1,failure_missed,0.9958993,0.99710464,0.99711597,0.99707067,0.99571735,0.99387646,0.99592906,0.041670706,0.040626273,0.04091561,0.040279537,0.04327848,0.048004225,0.043271013,0.15399075,0.15233046,0.15275721,0.1522803,0.15730333,0.16543275,0.15822494,0.0022881087,0.0012979187,0.0018015356,0.0015833239,0.0027826275,0.0044087754,0.0024972225,0.3,0.4,0.3,0.45000002,0.32500002,0.22500001,0.325,,0.046623494,0.06998934,0.052705955,0.059494555,0.08148128,0.06970668,,0.92499995,0.92499995,0.9,0.95,0.95,1.0,,0.69375,0.8875,0.75,0.83125,0.83124995,0.88124996,,0.90368783,0.8575306,0.8900349,0.8794192,0.8457967,0.85894257,,-0.023755312,0.014758155,-0.011342227,-0.013557702,0.012797818,0.012106702,0.112771966,0.10560255,0.1057012,0.10475831,0.10705783,0.12739807,0.11289498,0.013684589,0.013184663,0.013182178,0.012869463,0.012985306,0.014756817,0.013673762,0.48809585,0.49874762,0.47939014,0.4870837,0.50879174,0.5215379,0.51419926,0.23194444,0.22291666,0.22291666,0.21527778,0.2111111,0.2125,0.21111111,-0.0017273594,-0.0005947332,-0.00058118097,-0.00078375934,-0.0021069078,-0.0040590656,-0.0016609568,0.013921439,0.0112176975,0.010058703,0.007912481,0.010377089,0.011966176,0.010312073,,,0.42058793,0.13035746,0.25208268,0.5440813,0.40109885,,,,-0.019901916,-0.012441017,0.115252525,0.041346155,0.995489,0.9948268,0.99334407,0.99458814,0.99481785,0.99320483,0.9928695,0.04441467,0.044746142,0.047873296,0.043807663,0.04409468,0.047347117,0.045825046,0.1619634,0.16128156,0.1719617,0.16429001,0.16255283,0.17175362,0.17005104,0.0023121692,0.0019026096,0.003409728,0.002597643,0.0022018424,0.0036664982,0.003901375,0.45,0.52500004,0.47500002,0.42499998,0.45,0.375,0.325,,0.08193803,0.10329124,0.08641401,0.08916386,0.09948671,0.10281734,,0.975,1.0,0.975,1.0,1.0,0.975,,0.84375,0.88750005,0.86875004,0.9125,0.9375,0.90625,,0.8331455,0.79263353,0.82095015,0.81618416,0.8015209,0.79285526,,0.014000669,0.030199349,0.0055178106,0.01300253,0.007865876,0.024487615,0.09639258,0.08907009,0.09091249,0.08539516,0.085017845,0.10864345,0.11647648,0.0095103625,0.008808234,0.009123456,0.008367726,0.008467087,0.010518096,0.0109145185,0.5760695,0.6248794,0.62116504,0.6032873,0.66274047,0.58598846,0.59983766,0.16111112,0.15833333,0.14375,0.14444445,0.1388889,0.14097223,0.1513889,-0.0025861203,-0.0036065965,-0.0041875024,-0.0034783492,-0.003417949,-0.0045387773,-0.002781682,0.014703342,0.011240807,0.01168021,0.011063341,0.011757175,0.0128332665,0.008315066,,,0.3342921,0.15601216,0.18729615,0.28647003,0.3284907,,,,-0.05635791,-0.044715766,0.17198427,0.20941979,1.1699238,1.1856118,1.1626698,1.2267476,1.2592396,1.1726254,0.9692513,,,,-0.054633036,-0.042828668,0.17408207,0.2110787,,,-0.3279314,-0.14442202,-0.19472675,-0.29545143,-0.33209944,,0.01145184,0.023558676,0.0055178404,0.00975889,0.0012139678,0.021549344
cache_new/HiMoE-VLA/libero_spatial/pick_up_the_black_bowl_next_to_the_plate_and_place_it_on_the_plate/right-50x8b-20260903,right-50x8b-20260903,libero_spatial,libero_spatial/pick_up_the_black_bowl_next_to_the_plate_and_place_it_on_the_plate,364,45,1012,10,1029d0827030a7521361d1904eeb3e7e7f2792be5c99abdb5701abb7ee87c137,27964,False,95,,False,True,-1,-1,success_no_alarm,0.9957971,0.9965828,0.9971581,0.9968483,0.9956249,,,0.042815957,0.041765362,0.040744044,0.040828906,0.043031245,,,0.15503587,0.15542127,0.15256815,0.1536355,0.15772688,,,0.002369319,0.0016108239,0.00166861,0.0019609118,0.0028821197,,,0.325,0.4,0.375,0.22500001,0.275,,,,0.04887813,0.06655817,0.06049756,0.06196004,,,,0.77500004,0.92499995,0.95,0.925,,,,0.61875,0.84375,0.8375,0.775,,,,0.8995705,0.8638578,0.8761531,0.874202,,,,-0.017782748,0.012141973,-0.0047614872,-0.0092975795,,,0.11022055,0.10888557,0.10528423,0.101371214,0.11479771,,,0.013439588,0.013275858,0.013390247,0.012504516,0.0136314975,,,0.5265578,0.51605225,0.46155828,0.49678925,0.523621,,,0.24027778,0.20416667,0.22361112,0.20763889,0.21041667,,,-0.0013474841,-0.00070633274,-0.00092308247,-0.0011004137,-0.0022883322,,,0.014107866,0.011393657,0.007549856,0.009598777,0.012321276,,,,,0.3801,0.27934706,0.3012532,,,,,,-0.0429787,0.04022988,,,0.99545467,0.9944091,0.9929531,0.9930473,0.99350905,,,0.04475194,0.045085885,0.048127733,0.050090346,0.04580082,,,0.1625976,0.16351388,0.17406613,0.1743061,0.16730371,,,0.002403595,0.0018928066,0.0036170704,0.004311691,0.0024702214,,,0.5,0.475,0.425,0.375,0.425,,,,0.08420771,0.09899254,0.09720706,0.103803955,,,,0.95000005,0.90000004,0.95000005,0.975,,,,0.8125,0.85,0.8625,0.89375,,,,0.82672787,0.8001923,0.80757475,0.79738134,,,,0.01734151,0.018319786,0.00043143332,0.018175155,,,0.09253732,0.08760291,0.09263964,0.089774445,0.09175174,,,0.009396133,0.008584632,0.009120047,0.008790689,0.008875823,,,0.59210217,0.6237512,0.62392443,0.64794,0.66998583,,,0.16111112,0.14652778,0.12708333,0.12638889,0.14791667,,,-0.0026128464,-0.0037866796,-0.0045442632,-0.0048461272,-0.0045124465,,,0.015901327,0.01018044,0.011165904,0.012997381,0.013035461,,,,,0.28956527,0.27121916,0.33807594,,,,,,0.00029596593,0.010181531,,,1.191093,1.2429446,1.1364923,1.1291767,1.2511775,,,,,,0.0036073157,0.013245333,,,,,-0.28334898,-0.24172047,-0.30933672,,,,0.011814475,0.013331175,0.00043141842,0.015044332,,
cache_new/HiMoE-VLA/libero_spatial/pick_up_the_black_bowl_next_to_the_plate_and_place_it_on_the_plate/right-50x8b-20260903,right-50x8b-20260903,libero_spatial,libero_spatial/pick_up_the_black_bowl_next_to_the_plate_and_place_it_on_the_plate,365,45,1013,10,1029d0827030a7521361d1904eeb3e7e7f2792be5c99abdb5701abb7ee87c137,27965,False,97,,False,True,-1,-1,success_no_alarm,0.99585414,0.9970385,0.99691486,0.9969309,0.99649036,,,0.042621873,0.04100362,0.04102418,0.04073606,0.04061523,,,0.15498845,0.15298551,0.15346286,0.15325117,0.15370336,,,0.0022686576,0.0013333644,0.0016391838,0.00187253,0.002017305,,,0.35,0.47500002,0.325,0.3,0.275,,,,0.04614443,0.06975442,0.052723482,0.05524739,,,,0.775,0.92499995,0.975,0.95000005,,,,0.64375,0.7875,0.73749995,0.775,,,,0.904022,0.8588463,0.88989687,0.88453186,,,,-0.021709621,0.013469696,-0.018980563,-0.0036095083,,,0.10604169,0.10469196,0.10663386,0.10255919,0.105768524,,,0.013254803,0.013257934,0.013491857,0.012970007,0.013251129,,,0.49939933,0.48057485,0.48409092,0.5096274,0.49820113,,,0.21458334,0.22986111,0.22986113,0.23333333,0.21458334,,,-0.0019842326,-0.0010697148,-0.0010038972,-0.0010457404,-0.0014548185,,,0.014417253,0.01287264,0.009371018,0.0100179,0.011721204,,,,,0.4083113,0.12195447,0.17340255,,,,,,-0.004419525,0.016822929,,,0.9954827,0.99440914,0.99330384,0.99343646,0.9940932,,,0.043819144,0.045063782,0.04776925,0.048500214,0.044329293,,,0.16221346,0.16373122,0.17159298,0.17064701,0.16520569,,,0.002283723,0.0019782821,0.0033026345,0.0039536576,0.0019980944,,,0.45000002,0.5,0.4,0.4,0.39999998,,,,0.082434446,0.10079499,0.09252445,0.0988099,,,,0.92499995,0.9,0.975,0.975,,,,0.7875,0.8,0.91249996,0.88124996,,,,0.8318933,0.8016026,0.8138335,0.8013038,,,,0.009414911,0.019385472,-0.0004093945,0.032250524,,,0.089700185,0.0857698,0.1020979,0.08981149,0.08491312,,,0.009061849,0.008575934,0.010092962,0.008989621,0.008514439,,,0.5930934,0.62996495,0.5983081,0.648152,0.65790606,,,0.15069444,0.13541667,0.13611111,0.13819444,0.13055556,,,-0.002811607,-0.0037537795,-0.0038198896,-0.0043927464,-0.0039521614,,,0.01491786,0.01023756,0.014482984,0.014130885,0.012580446,,,,,0.27141082,0.19157217,0.257779,,,,,,0.009613896,-0.044680174,,,1.1821792,1.2206156,1.0444275,1.1419383,1.2456087,,,,,,0.017725393,-0.03658183,,,,,-0.3106917,-0.16264543,-0.27634954,,,,0.0031604767,0.014336824,-0.0004094839,0.032250524,,
cache_new/HiMoE-VLA/libero_spatial/pick_up_the_black_bowl_next_to_the_plate_and_place_it_on_the_plate/right-50x8b-20260903,right-50x8b-20260903,libero_spatial,libero_spatial/pick_up_the_black_bowl_next_to_the_plate_and_place_it_on_the_plate,366,45,1014,22,1029d0827030a7521361d1904eeb3e7e7f2792be5c99abdb5701abb7ee87c137,27966,True,220,object_released_or_dropped_before_goal,False,True,11,-1,failure_missed,0.995617,0.99700636,0.9969859,0.9973628,0.9958172,0.9939427,0.9971584,0.042990167,0.040778227,0.04157971,0.039605886,0.042452626,0.047876958,0.040183503,0.1563967,0.15254399,0.15413421,0.15042108,0.15678158,0.16586927,0.15239738,0.0024485686,0.0013521104,0.0018290011,0.0014330454,0.0027950103,0.0043108654,0.00139502,0.3,0.35000002,0.3,0.35000002,0.35000002,0.35000002,0.2,,0.04621382,0.070473164,0.0559149,0.05838722,0.07735345,0.06085395,,0.85,1.0,0.925,0.92499995,0.92499995,0.95000005,,0.65,0.86875,0.80625,0.8125,0.80625004,0.81249994,,0.9043376,0.8573805,0.88442194,0.8809864,0.8510797,0.8756434,,-0.02362302,0.0131815225,-0.00043052435,-0.015024483,0.004625231,0.00893411,0.110114336,0.10389717,0.10711685,0.09987871,0.113349706,0.12818095,0.10882917,0.013381514,0.013024966,0.013466213,0.0127910515,0.013902552,0.014995768,0.013935652,0.5146031,0.498492,0.48394543,0.4858884,0.5030619,0.5374104,0.46855444,0.19861113,0.22222222,0.21319443,0.2173611,0.21597221,0.22847222,0.21180555,-0.0017916809,-0.00094719446,-0.0004559604,-0.0007535592,-0.0019620985,-0.0037643565,-0.00040933592,0.0139947375,0.01171362,0.010535535,0.008718828,0.0103159435,0.013020178,0.010319124,,,0.43465465,0.2007601,0.23939513,0.50112015,0.27109495,,,,-0.029726785,0.052210137,0.12553391,0.057230387,0.99555135,0.99477804,0.9929903,0.9930809,0.99416417,0.9934273,0.9923411,0.04397904,0.045272555,0.048235327,0.04977337,0.045470513,0.04624015,0.04720702,0.16273567,0.16189155,0.17402504,0.17683098,0.1659595,0.16897862,0.17172307,0.002376525,0.0019715747,0.0036620782,0.003154007,0.0029695213,0.0035438228,0.0026303886,0.5,0.42499998,0.425,0.45,0.32500002,0.35000002,0.47500002,,0.08355841,0.10433392,0.091000184,0.10023669,0.095569834,0.096129425,,0.975,0.975,0.975,0.95,1.0,1.0,,0.83124995,0.88750005,0.8125,0.86249995,0.93125,0.8249999,,0.83000946,0.79206544,0.81605077,0.8016902,0.8057832,0.80698377,,0.01563336,0.027303264,-0.0016562939,0.020728469,0.0067471415,0.0038374513,0.09072435,0.08635745,0.09108472,0.09193511,0.088783756,0.112951964,0.10467054,0.009093781,0.008606266,0.0090286145,0.008805586,0.008985527,0.011111693,0.009891635,0.5938923,0.62848663,0.64506674,0.6437845,0.6530966,0.59706277,0.6041704,0.14722222,0.16944444,0.12291667,0.12638889,0.13819444,0.15694444,0.13125001,-0.002687401,-0.003767108,-0.004377182,-0.00488687,-0.0037584915,-0.0043643177,-0.004467473,0.014778091,0.011263809,0.011503389,0.013282506,0.012260029,0.012068216,0.011555791,,,0.3324917,0.19590709,0.2918289,0.23878445,0.24811944,,,,-0.0066286945,0.013620064,0.22565514,0.1100305,1.2137241,1.203106,1.1760134,1.0864044,1.2766942,1.1348271,1.0397307,,,,-0.008744573,0.011484229,0.22386713,0.10755853,,,-0.34979445,-0.20729166,-0.3395676,-0.20754999,-0.23257318,,0.013846338,0.02054894,-0.0016563535,0.015290678,0.0042731166,-0.000986278
cache_new/HiMoE-VLA/libero_spatial/pick_up_the_black_bowl_next_to_the_plate_and_place_it_on_the_plate/right-50x8b-20260903,right-50x8b-20260903,libero_spatial,libero_spatial/pick_up_the_black_bowl_next_to_the_plate_and_place_it_on_the_plate,367,45,1015,22,1029d0827030a7521361d1904eeb3e7e7f2792be5c99abdb5701abb7ee87c137,27967,True,220,object_released_or_dropped_before_goal,False,True,11,-1,failure_missed,0.99570644,0.99683404,0.9969752,0.99711674,0.9957739,0.9935354,0.99558604,0.043025464,0.04122101,0.04200341,0.039877333,0.042859714,0.04871407,0.044252366,0.15575293,0.15385213,0.15490863,0.15173191,0.15726459,0.16742565,0.16086107,0.002440812,0.001447578,0.0019711102,0.0015152188,0.0026738313,0.004807397,0.0031015007,0.275,0.42499998,0.4,0.375,0.39999998,0.275,0.275,,0.050380327,0.0718871,0.052755266,0.060549796,0.08104912,0.07435563,,0.79999995,0.975,0.925,0.95,0.92499995,0.975,,0.71875,0.8875,0.8,0.8125,0.8,0.8375,,0.8968659,0.85767573,0.8889043,0.87677824,0.84396446,0.8513598,,-0.017200828,0.010163233,-0.0087611675,-0.011948347,0.009582758,0.011801645,0.10427772,0.10800327,0.11060909,0.10027288,0.111806765,0.12298228,0.12380019,0.01323082,0.013176148,0.013635181,0.01251318,0.013457453,0.014429639,0.014276309,0.4967863,0.51182854,0.46104723,0.5112132,0.50625765,0.54424465,0.5316115,0.20694445,0.20069446,0.21736112,0.21805556,0.21388888,0.19652778,0.22916666,-0.0021171924,-0.0005847926,-0.00096293085,-0.0005213998,-0.0021875678,-0.00434767,-0.0020400754,0.014749117,0.011392365,0.010316864,0.008491512,0.012091959,0.010842205,0.009599639,,,0.4374162,0.12415785,0.2597862,0.5355733,0.46056667,,,,-0.055890746,0.01630091,0.08508742,0.07386954,0.995597,0.994797,0.9928604,0.99460757,0.9946263,0.9924967,0.9930078,0.044029642,0.043601014,0.04905287,0.044065006,0.044493366,0.048942775,0.048226763,0.16115516,0.16136591,0.17457464,0.16393936,0.16276196,0.17517236,0.17100844,0.0023659137,0.001767139,0.0042276606,0.0025275259,0.0024313703,0.0041277558,0.004512859,0.5,0.39999998,0.3,0.4,0.45000002,0.4,0.375,,0.08569483,0.102753446,0.08773223,0.09124016,0.09970674,0.10510159,,0.975,1.0,1.0,1.0,1.0,0.975,,0.8875,0.90625,0.91249996,0.9125,0.88125,0.8875,,0.822443,0.79363334,0.81822884,0.8136919,0.8027198,0.79311585,,0.025202066,0.027944311,0.0121576935,0.010990813,-0.003334716,0.027000144,0.08938901,0.088376865,0.09287456,0.08336732,0.0863313,0.107541345,0.11795152,0.009196888,0.008698344,0.009041172,0.008416129,0.008734359,0.010291662,0.011130171,0.5828399,0.62000334,0.6305811,0.6235601,0.6563686,0.6229666,0.58546257,0.15555556,0.15972221,0.12638889,0.14166667,0.16458334,0.12916666,0.15347223,-0.0026793347,-0.0036674098,-0.0047751153,-0.003494842,-0.0033616414,-0.0049289707,-0.0028006858,0.01525512,0.010783708,0.012179833,0.011381496,0.0133213485,0.010001048,0.011595999,,,0.30628306,0.14962123,0.18810388,0.26982927,0.3289414,,,,-0.04891972,-0.01165093,0.15191704,0.22942477,1.1665609,1.2220763,1.1909515,1.2027841,1.2950896,1.1435814,1.0495853,,,,-0.04801097,-0.010896408,0.15317303,0.23149851,,,-0.30748913,-0.16944394,-0.18559211,-0.2816277,-0.29352474,,0.019646168,0.017301738,0.012157738,0.005469501,-0.0068213344,0.022742152
cache_new/HiMoE-VLA/libero_spatial/pick_up_the_black_bowl_next_to_the_plate_and_place_it_on_the_plate/right-50x8b-20260903,right-50x8b-20260903,libero_spatial,libero_spatial/pick_up_the_black_bowl_next_to_the_plate_and_place_it_on_the_plate,368,46,1008,10,1029d0827030a7521361d1904eeb3e7e7f2792be5c99abdb5701abb7ee87c137,27968,False,93,,False,True,-1,-1,success_no_alarm,0.99566674,0.99541,0.9975174,0.99663997,0.9941762,,,0.04343375,0.045083493,0.04038676,0.040650535,0.04593017,,,0.1580376,0.16151747,0.15135027,0.15350188,0.16296408,,,0.0025927932,0.0031419338,0.0015181253,0.0020022737,0.004106361,,,0.32500002,0.3,0.275,0.35000002,0.3,,,,0.059778504,0.05745704,0.05648214,0.07653473,,,,0.875,0.975,0.92499995,0.975,,,,0.68125,0.86875,0.7875,0.775,,,,0.8791293,0.8763714,0.8806564,0.85152113,,,,-0.015740424,-0.0021046698,-0.010043874,0.0039968044,,,0.10986927,0.116428144,0.09868251,0.09999428,0.1203801,,,0.013394341,0.013678959,0.0127572445,0.012654215,0.014269171,,,0.50258994,0.5413421,0.49132022,0.5178536,0.5544018,,,0.20555556,0.21041667,0.23541667,0.22291666,0.22430554,,,-0.0018432584,-0.0022779617,-0.00048125905,-0.0010109828,-0.003568984,,,0.014519085,0.013258401,0.00784489,0.013405335,0.010077954,,,,,0.16106892,0.16373403,0.45778996,,,,,,-0.020901233,0.09606297,,,0.99480367,0.99385643,0.993704,0.99473584,0.9927944,,,0.04458327,0.045076735,0.045713052,0.045380443,0.049058404,,,0.16379303,0.16680144,0.16803351,0.16508722,0.17526741,,,0.0025877368,0.0026836002,0.0033169778,0.0024075508,0.0038950115,,,0.35000002,0.4,0.375,0.425,0.4,,,,0.09314476,0.09276185,0.08990867,0.090249605,,,,0.975,0.875,0.975,1.0,,,,0.83125,0.80625,0.88750005,0.825,,,,0.81078804,0.8099401,0.8170959,0.8146531,,,,0.014652982,0.006550953,0.010710627,-0.010046601,,,0.090770826,0.09793472,0.09435862,0.085802,0.09863219,,,0.009083621,0.009491505,0.009573928,0.00885421,0.009495361,,,0.5898006,0.6426282,0.615486,0.6407864,0.65534735,,,0.14236112,0.14861111,0.14444444,0.14166667,0.12638888,,,-0.0033307364,-0.0040307576,-0.003972765,-0.0037209997,-0.004517778,,,0.014930299,0.013396845,0.014471611,0.01482594,0.010836229,,,,,0.10735379,0.07749941,0.07703116,,,,,,-0.005124244,0.06454742,,,1.210403,1.1888342,1.0458239,1.1654074,1.2204951,,,,,,-0.004600661,0.065309525,,,,,-0.1380826,-0.06900397,-0.04275728,,,,0.014089346,-0.0007379651,0.006729305,-0.01079458,,
cache_new/HiMoE-VLA/libero_spatial/pick_up_the_black_bowl_next_to_the_plate_and_place_it_on_the_plate/right-50x8b-20260903,right-50x8b-20260903,libero_spatial,libero_spatial/pick_up_the_black_bowl_next_to_the_plate_and_place_it_on_the_plate,369,46,1009,9,1029d0827030a7521361d1904eeb3e7e7f2792be5c99abdb5701abb7ee87c137,27969,False,89,,False,True,-1,-1,success_no_alarm,0.995517,0.99554783,0.99753296,0.99668324,,,,0.043611147,0.04477758,0.04031556,0.040511206,,,,0.1582534,0.16063036,0.15146834,0.15314974,,,,0.0026250058,0.003062048,0.0013630657,0.0020699145,,,,0.42499998,0.32500002,0.35000002,0.275,,,,,0.059914574,0.056454364,0.054226674,,,,,0.79999995,0.9,0.90000004,,,,,0.65,0.8125,0.7375,,,,,0.88073325,0.8800428,0.8850243,,,,,-0.018584564,-0.0061680526,-0.012804672,,,,0.10574054,0.116994634,0.09859154,0.10055468,,,,0.01299017,0.013764472,0.012874502,0.012581683,,,,0.5230865,0.52889353,0.4887637,0.5017593,,,,0.18958333,0.21249999,0.23819444,0.21388888,,,,-0.0018426222,-0.0023651915,-0.00038539592,-0.00112941,,,,0.014731364,0.012048639,0.007823352,0.011227708,,,,,,0.15026304,0.1242837,,,,,,,-0.03347524,,,,0.9948973,0.99385226,0.99477816,0.9951091,,,,0.04408732,0.045091145,0.043481525,0.044319957,,,,0.16317189,0.16755939,0.16277835,0.16232833,,,,0.0025946505,0.002752101,0.00245918,0.0017767355,,,,0.375,0.35000002,0.375,0.5,,,,,0.09180247,0.08744079,0.086136326,,,,,0.9,1.0,0.95,,,,,0.81874996,0.8875,0.85625,,,,,0.8148855,0.8191925,0.8238484,,,,,0.00582774,0.0033974946,0.011822626,,,,0.08768995,0.10036308,0.08708672,0.081589416,,,,0.008894141,0.009740426,0.009096574,0.008525234,,,,0.59538865,0.62870276,0.5916476,0.6520463,,,,0.15069444,0.14166668,0.16041666,0.15416667,,,,-0.0032299375,-0.00394511,-0.0031067804,-0.003517957,,,,0.014732227,0.01458676,0.012603972,0.01273657,,,,,,0.050402526,0.0362218,,,,,,,-0.03889108,,,,1.2058456,1.1657138,1.1321076,1.2324476,,,,,,,-0.037422884,,,,,,-0.08089277,-0.032751087,,,,,0.005354047,-0.0013999343,0.009400427,,,
cache_new/HiMoE-VLA/libero_spatial/pick_up_the_black_bowl_next_to_the_plate_and_place_it_on_the_plate/right-50x8b-20260903,right-50x8b-20260903,libero_spatial,libero_spatial/pick_up_the_black_bowl_next_to_the_plate_and_place_it_on_the_plate,370,46,1010,10,1029d0827030a7521361d1904eeb3e7e7f2792be5c99abdb5701abb7ee87c137,27970,False,93,,False,True,-1,-1,success_no_alarm,0.9954276,0.9955878,0.99760866,0.99646115,0.99397016,,,0.04381657,0.044545047,0.04022544,0.04081002,0.046643518,,,0.15924288,0.16028057,0.1506508,0.15378791,0.16446209,,,0.0027641053,0.002900608,0.0014067837,0.002172571,0.0045581423,,,0.35000002,0.35000002,0.4,0.35000002,0.275,,,,0.057518933,0.057509746,0.056245323,0.07941978,,,,0.82500005,0.95,0.9,1.0,,,,0.65000004,0.85625,0.75,0.85,,,,0.883379,0.8777026,0.8820174,0.8471292,,,,-0.019958898,-0.00018554926,-0.011230007,0.00940375,,,0.11198633,0.11755885,0.096315265,0.098804206,0.121401295,,,0.013287967,0.013974873,0.01260219,0.012605934,0.014310259,,,0.5231617,0.52177477,0.4837331,0.48948383,0.54880977,,,0.21597223,0.23055556,0.19583334,0.21041666,0.20902778,,,-0.0020479695,-0.0021893564,-0.00033244246,-0.0016005393,-0.0036451034,,,0.01418406,0.013666398,0.006390822,0.013722376,0.010396074,,,,,0.1560903,0.14849582,0.48288456,,,,,,-0.02445012,0.098539345,,,0.99487716,0.99373186,0.9942147,0.9947669,0.9929764,,,0.044533942,0.045316808,0.045797944,0.046626642,0.047699526,,,0.1634109,0.16787693,0.16760027,0.16540608,0.17263034,,,0.0025618363,0.0024710125,0.002976607,0.0022979463,0.0036687683,,,0.325,0.45,0.45,0.6,0.35,,,,0.09227454,0.09150049,0.090135425,0.08878771,,,,0.95,0.975,0.95,0.975,,,,0.84375,0.84375,0.84375,0.825,,,,0.81253177,0.8109793,0.81539786,0.8173134,,,,0.009687647,0.0114599615,0.01083681,-0.0059263706,,,0.09181936,0.10166156,0.09628972,0.08486317,0.101566024,,,0.0093175825,0.009689577,0.009306698,0.008789359,0.009673343,,,0.5904315,0.6345153,0.6247205,0.63536876,0.64770687,,,0.17291667,0.15972221,0.15833335,0.14513889,0.1388889,,,-0.0032526045,-0.0040889564,-0.0038329086,-0.0038764374,-0.0045105545,,,0.015282666,0.012209773,0.014236051,0.014703521,0.011408259,,,,,0.09745248,0.08398992,0.06841512,,,,,,-0.013555712,0.08192588,,,1.2196375,1.1563746,1.0002654,1.1642766,1.1952944,,,,,,-0.012405374,0.083426885,,,,,-0.14914542,-0.08641939,-0.06843844,,,,0.008989811,0.003942728,0.004499078,-0.007038772,,
cache_new/HiMoE-VLA/libero_spatial/pick_up_the_black_bowl_next_to_the_plate_and_place_it_on_the_plate/right-50x8b-20260903,right-50x8b-20260903,libero_spatial,libero_spatial/pick_up_the_black_bowl_next_to_the_plate_and_place_it_on_the_plate,371,46,1011,9,1029d0827030a7521361d1904eeb3e7e7f2792be5c99abdb5701abb7ee87c137,27971,False,90,,False,True,-1,-1,success_no_alarm,0.9957838,0.99568594,0.9975635,0.9966184,,,,0.042105816,0.04496393,0.040324613,0.040278144,,,,0.15630451,0.16026852,0.15127191,0.1526897,,,,0.0024443208,0.0029024652,0.0014205424,0.0021622863,,,,0.3,0.25,0.35000002,0.275,,,,,0.05853673,0.057148825,0.054532748,,,,,0.92499995,0.95,0.9,,,,,0.7375,0.8875,0.775,,,,,0.8811594,0.8783672,0.8839725,,,,,-0.01734446,-0.002166003,-0.015323833,,,,0.11321086,0.11862576,0.09979778,0.10321475,,,,0.0135463085,0.013896651,0.012771998,0.01261582,,,,0.49913418,0.51799405,0.4911558,0.48746747,,,,0.2125,0.20069446,0.21597221,0.21736112,,,,-0.0018153114,-0.0019735524,-0.00021048957,-0.0011438394,,,,0.0141510945,0.01171167,0.0076003056,0.01211556,,,,,,0.15617956,0.11787231,,,,,,,-0.025670009,,,,0.9948898,0.9939331,0.9946848,0.9950958,,,,0.04401134,0.045385394,0.04406396,0.044592693,,,,0.16362157,0.16805291,0.16306458,0.16220394,,,,0.0024566173,0.0025548884,0.0024671427,0.0019042436,,,,0.275,0.4,0.3,0.72499996,,,,,0.09040572,0.085026525,0.08438685,,,,,0.975,0.975,1.0,,,,,0.84999996,0.86875,0.8937501,,,,,0.81498307,0.8240503,0.82761943,,,,,0.01135166,-0.0044530034,0.006608084,,,,0.09485517,0.10241614,0.09062905,0.083130665,,,,0.009236654,0.009760523,0.008883864,0.008569789,,,,0.5796704,0.63242674,0.60533375,0.6239114,,,,0.15833333,0.14097221,0.16041666,0.12291667,,,,-0.0032265664,-0.0036095202,-0.0032719872,-0.003464057,,,,0.014522894,0.01483929,0.012374684,0.01394773,,,,,,0.030803846,0.023889221,,,,,,,-0.0107489,,,,1.1935128,1.1582721,1.1011677,1.2415966,,,,,,,-0.008212881,,,,,,-0.05898739,-0.016815262,,,,,0.010200083,-0.011058629,0.0055781603,,,
cache_new/HiMoE-VLA/libero_spatial/pick_up_the_black_bowl_next_to_the_plate_and_place_it_on_the_plate/right-50x8b-20260903,right-50x8b-20260903,libero_spatial,libero_spatial/pick_up_the_black_bowl_next_to_the_plate_and_place_it_on_the_plate,372,46,1012,10,1029d0827030a7521361d1904eeb3e7e7f2792be5c99abdb5701abb7ee87c137,27972,False,92,,False,True,-1,-1,success_no_alarm,0.99579424,0.9955503,0.9972514,0.99684864,0.99339783,,,0.04274223,0.044720065,0.041430913,0.040441666,0.047837,,,0.15695211,0.16133586,0.15302527,0.15206367,0.16699162,,,0.0024365813,0.0029266288,0.0013945901,0.0018996687,0.0049301237,,,0.3,0.22500001,0.35000002,0.375,0.32500002,,,,0.058319356,0.05753985,0.05293633,0.08115512,,,,0.775,0.95,0.975,0.975,,,,0.61875,0.82500005,0.78125,0.84375,,,,0.88203025,0.8795091,0.88863194,0.8438051,,,,-0.020359278,-0.00631617,-0.018978894,0.008352101,,,0.11074437,0.11656534,0.105327025,0.10484956,0.13621525,,,0.013324234,0.013727604,0.0132823335,0.012779731,0.015802851,,,0.5226947,0.5400922,0.47604015,0.48201394,0.51823604,,,0.19791666,0.21597221,0.22152779,0.21180555,0.23472223,,,-0.0012802733,-0.0016365354,-0.0008877228,-0.000747385,-0.0042973305,,,0.01470335,0.012611028,0.005974252,0.010175783,0.0121117225,,,,,0.18704963,0.11301327,0.52535284,,,,,,-0.019975733,0.18731081,,,0.9949596,0.9939248,0.9939188,0.9939939,0.99277425,,,0.043802846,0.04518062,0.045136802,0.046125565,0.046747424,,,0.16323146,0.16743582,0.16684036,0.16674046,0.17217654,,,0.0024708232,0.0026910128,0.0028037988,0.0032777486,0.004394346,,,0.3,0.475,0.3,0.4,0.3,,,,0.09197544,0.09128495,0.08657037,0.10288214,,,,0.95,0.95,0.975,0.95000005,,,,0.84375,0.9,0.8625,0.90000004,,,,0.8138065,0.81655174,0.8242402,0.7925692,,,,0.0088361055,-0.008488566,-0.0061634183,0.014086813,,,0.09162867,0.09975847,0.09735063,0.087899014,0.11775101,,,0.009197635,0.0096353395,0.009193901,0.008632583,0.011516634,,,0.59672654,0.63881665,0.6156025,0.6284629,0.62102455,,,0.16597222,0.13472223,0.15347223,0.12777779,0.15972222,,,-0.0029573622,-0.0038541998,-0.0038046176,-0.0039325897,-0.004546241,,,0.015299993,0.013728481,0.011719052,0.013245953,0.012612143,,,,,0.09730524,0.041847542,0.21539567,,,,,,-0.0019430192,0.28599307,,,1.2086214,1.1684756,1.0819347,1.1928412,1.1568075,,,,,,-0.0012669241,0.2869818,,,,,-0.09990347,-0.064044535,-0.24288003,,,,0.007086575,-0.011910379,-0.0061634183,0.008458912,,
cache_new/HiMoE-VLA/libero_spatial/pick_up_the_black_bowl_next_to_the_plate_and_place_it_on_the_plate/right-50x8b-20260903,right-50x8b-20260903,libero_spatial,libero_spatial/pick_up_the_black_bowl_next_to_the_plate_and_place_it_on_the_plate,373,46,1013,10,1029d0827030a7521361d1904eeb3e7e7f2792be5c99abdb5701abb7ee87c137,27973,False,93,,False,True,-1,-1,success_no_alarm,0.9956729,0.9957075,0.99761707,0.99684376,0.99391043,,,0.04304712,0.044221416,0.040247794,0.04036779,0.046864603,,,0.15803845,0.15955815,0.15077622,0.15241966,0.16413644,,,0.0025250493,0.0029270416,0.0013616898,0.0018696405,0.004232923,,,0.3,0.3,0.325,0.40000004,0.3,,,,0.06182788,0.05648003,0.053924587,0.073542126,,,,0.92499995,0.825,0.925,1.0,,,,0.65625,0.80625,0.83124995,0.775,,,,0.87522507,0.8792335,0.8865242,0.85642046,,,,-0.012259185,-0.0014490783,-0.013634384,-0.0037624985,,,0.108939186,0.11799544,0.096976295,0.10270966,0.12466459,,,0.013501951,0.014109945,0.0126902405,0.01301079,0.014724435,,,0.49901718,0.5088748,0.48180065,0.48234043,0.53844696,,,0.2125,0.22708334,0.21805555,0.22152779,0.22430556,,,-0.0021510902,-0.002251889,-0.0004797112,-0.0009687095,-0.003909131,,,0.014019863,0.01307147,0.0085689,0.012780424,0.011989974,,,,,0.10374737,0.07825608,0.376944,,,,,,0.019227877,0.13939412,,,0.9947992,0.9937385,0.99441737,0.9947372,0.99268675,,,0.04425139,0.045045003,0.044326458,0.045730963,0.04879625,,,0.16408923,0.16785622,0.16529879,0.16440248,0.17483439,,,0.0025280076,0.002683772,0.0026579401,0.0019531038,0.00400269,,,0.35,0.4,0.325,0.525,0.275,,,,0.094858885,0.09067063,0.089064784,0.091558695,,,,0.95,0.875,0.95,1.0,,,,0.87499994,0.82500005,0.85625005,0.875,,,,0.80758107,0.8140044,0.81957334,0.81489503,,,,0.014534071,0.0038471967,0.010437086,-0.00605613,,,0.089448035,0.10203485,0.09146833,0.088112175,0.101268366,,,0.009134908,0.009783351,0.009254387,0.008959408,0.00982969,,,0.5890926,0.6377525,0.6087331,0.63651776,0.65008706,,,0.14583334,0.15486112,0.16041666,0.14513889,0.13680556,,,-0.003296357,-0.0038453774,-0.0034531362,-0.003726916,-0.004762475,,,0.015118875,0.014313312,0.014266092,0.015072876,0.013012945,,,,,0.059829757,0.044285946,0.07057973,,,,,,0.0044937776,0.096914604,,,1.2179047,1.156423,1.0602173,1.1656693,1.2310319,,,,,,0.0064973305,0.09920055,,,,,-0.10099051,-0.053527545,-0.033654302,,,,0.014534056,-0.002637148,0.0041389465,-0.010366082,,
cache_new/HiMoE-VLA/libero_spatial/pick_up_the_black_bowl_next_to_the_plate_and_place_it_on_the_plate/right-50x8b-20260903,right-50x8b-20260903,libero_spatial,libero_spatial/pick_up_the_black_bowl_next_to_the_plate_and_place_it_on_the_plate,374,46,1014,10,1029d0827030a7521361d1904eeb3e7e7f2792be5c99abdb5701abb7ee87c137,27974,False,92,,False,True,-1,-1,success_no_alarm,0.9955668,0.9956612,0.9975437,0.9968228,0.99417996,,,0.04346809,0.0442403,0.0404545,0.04029896,0.046119228,,,0.15818097,0.160115,0.15148464,0.15247151,0.16373795,,,0.0025831796,0.0029041162,0.0014456518,0.0018421578,0.004166847,,,0.325,0.275,0.3,0.3,0.25,,,,0.05809334,0.05610502,0.052969553,0.07235308,,,,0.9,0.95,0.875,1.0,,,,0.63125,0.79999995,0.78125,0.75,,,,0.8826567,0.8799546,0.8885633,0.85866237,,,,-0.021177754,-0.0027378201,-0.015627444,-0.0011347085,,,0.108357064,0.118137375,0.10164754,0.100504845,0.1291635,,,0.013095982,0.014030559,0.012847824,0.012859803,0.015182963,,,0.5235386,0.5261212,0.49197152,0.4720292,0.52403307,,,0.19861111,0.23958333,0.22152777,0.22777778,0.22361112,,,-0.001839303,-0.0021902164,6.119143e-05,-0.0012838678,-0.0036689746,,,0.0133681735,0.01361561,0.0077545233,0.012890691,0.012207489,,,,,0.13991287,0.09964766,0.39787504,,,,,,-0.0044305907,0.15819103,,,0.99489564,0.99379224,0.994224,0.99517953,0.99331903,,,0.04416298,0.04552842,0.04451954,0.045264743,0.04892543,,,0.16318008,0.16828695,0.16637166,0.16345647,0.17305176,,,0.0025715018,0.0026885015,0.0028954656,0.0018231366,0.0040174117,,,0.3,0.4,0.275,0.55,0.4,,,,0.09279478,0.09118834,0.08535596,0.09099393,,,,0.975,0.925,0.875,0.975,,,,0.83125,0.83750004,0.825,0.86875,,,,0.81227195,0.8133793,0.82697886,0.8157909,,,,0.010907128,0.0024278313,0.001942873,-0.0031179786,,,0.08921427,0.10251795,0.09222259,0.0845333,0.102943756,,,0.008972294,0.010028028,0.009256745,0.0087312395,0.010167261,,,0.6046085,0.63271,0.6265478,0.6287075,0.6193998,,,0.15277779,0.14791667,0.13611111,0.16111112,0.12430556,,,-0.0031638616,-0.0037783901,-0.0036208197,-0.0034906631,-0.0039435625,,,0.014847387,0.014812752,0.013582063,0.014794955,0.012612672,,,,,0.07988394,0.013898756,0.07809161,,,,,,-0.02246548,0.12929556,,,1.214571,1.1523579,1.1021978,1.188938,1.2546997,,,,,,-0.023989452,0.12827596,,,,,-0.12855496,-0.026052283,-0.08070687,,,,0.009104252,-0.0035343766,-0.0026660562,-0.004695356,,
cache_new/HiMoE-VLA/libero_spatial/pick_up_the_black_bowl_next_to_the_plate_and_place_it_on_the_plate/right-50x8b-20260903,right-50x8b-20260903,libero_spatial,libero_spatial/pick_up_the_black_bowl_next_to_the_plate_and_place_it_on_the_plate,375,46,1015,9,1029d0827030a7521361d1904eeb3e7e7f2792be5c99abdb5701abb7ee87c137,27975,False,89,,False,True,-1,-1,success_no_alarm,0.9956233,0.9954734,0.9975718,0.9964653,,,,0.043463267,0.04476115,0.04041999,0.041027147,,,,0.15792613,0.16072942,0.15151604,0.15434447,,,,0.0025727402,0.0030751529,0.0013801779,0.0023331165,,,,0.32500002,0.32500002,0.35000002,0.275,,,,,0.06234186,0.05522155,0.055701535,,,,,0.8249999,0.92499995,0.95000005,,,,,0.69375,0.78749996,0.775,,,,,0.8749212,0.8830434,0.8823,,,,,-0.014373735,-0.0076465905,-0.009657219,,,,0.10468043,0.12085973,0.103560165,0.09817831,,,,0.013065107,0.013923436,0.013237215,0.01255891,,,,0.506751,0.52776766,0.46809334,0.501712,,,,0.20972224,0.22777778,0.22222222,0.20277777,,,,-0.0022003977,-0.0017436633,-0.00033954537,-0.001184049,,,,0.014585536,0.013531244,0.006504793,0.011977994,,,,,,0.1029838,0.123464115,,,,,,,-0.036660805,,,,0.99489677,0.99374473,0.9947638,0.9949369,,,,0.04386755,0.04509628,0.043262735,0.044775527,,,,0.16277485,0.16763876,0.16244368,0.16300802,,,,0.0025084873,0.0028811223,0.002492751,0.0019486151,,,,0.325,0.375,0.4,0.52500004,,,,,0.09412031,0.08721866,0.089079425,,,,,0.92499995,0.95,0.975,,,,,0.85,0.89374995,0.85625005,,,,,0.810794,0.8201024,0.81774545,,,,,0.011328235,-0.0007581264,0.010978758,,,,0.08719953,0.10192715,0.09444365,0.08279257,,,,0.008947564,0.009759226,0.00924677,0.008475249,,,,0.59035826,0.64134,0.596865,0.6673142,,,,0.16458334,0.15,0.16458334,0.16180556,,,,-0.0031786521,-0.0039006697,-0.0032542213,-0.003632824,,,,0.014998765,0.014601162,0.012051037,0.013452251,,,,,,0.046660528,0.068237714,,,,,,,-0.039602038,,,,1.2004701,1.1857462,1.0965286,1.1858348,,,,,,,-0.042619094,,,,,,-0.080784686,-0.100194894,,,,,0.009801209,-0.0034375787,0.009297013,,,
cache_new/HiMoE-VLA/libero_spatial/pick_up_the_black_bowl_next_to_the_plate_and_place_it_on_the_plate/right-50x8b-20260903,right-50x8b-20260903,libero_spatial,libero_spatial/pick_up_the_black_bowl_next_to_the_plate_and_place_it_on_the_plate,376,47,1008,10,1029d0827030a7521361d1904eeb3e7e7f2792be5c99abdb5701abb7ee87c137,27976,False,94,,False,True,-1,-1,success_no_alarm,0.996073,0.9960016,0.99733657,0.99701935,0.99578506,,,0.04232235,0.044185482,0.04033284,0.040018052,0.04236024,,,0.15554217,0.15860169,0.15163055,0.15206662,0.15624043,,,0.0025162094,0.0021182243,0.0016343854,0.0018120608,0.0026724213,,,0.275,0.40000004,0.45,0.25,0.325,,,,0.05960939,0.06353028,0.05516555,0.060888495,,,,0.8249999,0.95,0.92499995,0.925,,,,0.75,0.83125,0.85625,0.84375,,,,0.8773073,0.8667939,0.8856362,0.87485355,,,,-0.00076802075,0.009815395,-0.0066940337,-0.00436081,,,0.10714593,0.11348572,0.09944903,0.10052101,0.11321348,,,0.0132550895,0.013547377,0.012727684,0.012515638,0.014012236,,,0.50010365,0.524709,0.49004263,0.51820445,0.5174221,,,0.20625,0.22083333,0.20138888,0.21597223,0.22986111,,,-0.0015395887,-0.0018307554,-0.0007305135,-0.0006659168,-0.002016428,,,0.01337637,0.014965528,0.0062811463,0.012334013,0.010698127,,,,,0.26387498,0.12413479,0.22194314,,,,,,-0.03384322,0.07442018,,,0.9957669,0.99342513,0.9937116,0.99356335,0.9947051,,,0.0436683,0.047993377,0.04688194,0.04729394,0.043531578,,,0.16076154,0.17141448,0.17098334,0.17094305,0.1616239,,,0.0021848162,0.003227065,0.0029035832,0.0040906593,0.0022239247,,,0.375,0.45000002,0.375,0.35000002,0.4,,,,0.09862771,0.09965065,0.100077964,0.098475344,,,,1.0,1.0,0.95,1.0,,,,0.80625,0.85,0.91875005,0.90625,,,,0.8029603,0.7992195,0.79913545,0.80300665,,,,0.021137387,0.012491241,0.001842469,0.0219232,,,0.08536471,0.10011016,0.09222829,0.087231174,0.087096974,,,0.008593497,0.009621674,0.008841934,0.008697935,0.00890813,,,0.59819907,0.62661266,0.6440922,0.666039,0.6437925,,,0.14444445,0.13402778,0.15555556,0.14861111,0.1388889,,,-0.0026957938,-0.003958645,-0.0043525025,-0.004497931,-0.0033697593,,,0.013531279,0.011931994,0.012739325,0.013160551,0.011117533,,,,,0.19620213,0.20209126,0.1841762,,,,,,-0.033530112,-0.009823345,,,1.2551548,1.1336083,1.078292,1.152352,1.2998555,,,,,,-0.030796954,-0.006918286,,,,,-0.14537165,-0.2294335,-0.23561203,,,,0.020272732,0.00031602383,-0.00385046,0.017564118,,
cache_new/HiMoE-VLA/libero_spatial/pick_up_the_black_bowl_next_to_the_plate_and_place_it_on_the_plate/right-50x8b-20260903,right-50x8b-20260903,libero_spatial,libero_spatial/pick_up_the_black_bowl_next_to_the_plate_and_place_it_on_the_plate,377,47,1009,10,1029d0827030a7521361d1904eeb3e7e7f2792be5c99abdb5701abb7ee87c137,27977,False,95,,False,True,-1,-1,success_no_alarm,0.9960583,0.9951233,0.99743545,0.99663293,0.9955685,,,0.042075858,0.04581567,0.04045338,0.040997583,0.043173,,,0.15554476,0.16218153,0.15170915,0.15354665,0.15819053,,,0.0024504606,0.0031182347,0.0014203532,0.0019804146,0.0027935659,,,0.35000002,0.425,0.35000002,0.32500002,0.39999998,,,,0.06328806,0.05961164,0.056585077,0.06215553,,,,0.92499995,0.875,0.875,0.975,,,,0.66875005,0.76874995,0.8375,0.84375,,,,0.8706573,0.87577355,0.88148695,0.87386465,,,,-0.0029251277,0.0005107373,-0.01114127,-0.0053373724,,,0.10132631,0.11706798,0.102630354,0.10489283,0.11120108,,,0.012691589,0.013956462,0.013242986,0.012855764,0.013502456,,,0.5172374,0.52026314,0.47579777,0.5180964,0.49946833,,,0.1875,0.22916666,0.2423611,0.25694445,0.2236111,,,-0.0013912709,-0.0029120962,-0.00056854024,-0.0013710973,-0.0022833622,,,0.013480815,0.012451933,0.0070521687,0.011984628,0.011660858,,,,,0.1700064,0.12757328,0.22077376,,,,,,-0.017426796,0.029523725,,,0.99574375,0.9931154,0.9942939,0.9926232,0.9949882,,,0.043425404,0.048952803,0.04546959,0.048396215,0.0437034,,,0.1608721,0.17236207,0.16756724,0.17331137,0.1607466,,,0.0021623552,0.0036438135,0.0026600899,0.0042561404,0.0020225847,,,0.35000002,0.4,0.35000002,0.35000002,0.475,,,,0.10054381,0.09338712,0.10327646,0.095251895,,,,0.9,0.925,1.0,1.0,,,,0.9,0.7875,0.88125,0.875,,,,0.79893184,0.8119061,0.7965547,0.8106763,,,,0.022022232,0.0039785802,0.003820315,0.018111989,,,0.08201769,0.10023839,0.09625098,0.090134576,0.08609184,,,0.008649211,0.009437883,0.009494708,0.0090316245,0.008701728,,,0.5921582,0.62745106,0.6173558,0.6672484,0.6479932,,,0.14444445,0.14236112,0.1625,0.11944444,0.15277778,,,-0.00266494,-0.0039675534,-0.0035864746,-0.005128213,-0.0031181313,,,0.013783218,0.011300418,0.0132926935,0.014604547,0.012592401,,,,,0.130522,0.22894537,0.15041795,,,,,,-0.016778938,-0.054138575,,,1.2354202,1.1678957,1.0662786,1.1637357,1.2916565,,,,,,-0.024430403,-0.061641075,,,,,-0.10204449,-0.26821208,-0.20316452,,,,0.01802349,-0.0016504526,0.0016235709,0.017346442,,
cache_new/HiMoE-VLA/libero_spatial/pick_up_the_black_bowl_next_to_the_plate_and_place_it_on_the_plate/right-50x8b-20260903,right-50x8b-20260903,libero_spatial,libero_spatial/pick_up_the_black_bowl_next_to_the_plate_and_place_it_on_the_plate,378,47,1010,10,1029d0827030a7521361d1904eeb3e7e7f2792be5c99abdb5701abb7ee87c137,27978,False,95,,False,True,-1,-1,success_no_alarm,0.9958659,0.99609125,0.99721724,0.99676156,0.9957618,,,0.04258102,0.044314034,0.040551953,0.040678326,0.042425923,,,0.15651108,0.15868796,0.15277953,0.15403491,0.15683734,,,0.0026534516,0.0020026348,0.0016640009,0.0020488638,0.0027563488,,,0.37500003,0.49999997,0.375,0.25,0.375,,,,0.056372285,0.07094861,0.060298674,0.062912874,,,,0.84999996,0.95,0.975,0.975,,,,0.6875,0.86875004,0.85625005,0.85,,,,0.8841579,0.85632944,0.87508535,0.8701221,,,,-0.0052642226,0.01899986,-0.006632194,-0.002329573,,,0.10763892,0.11424528,0.10114712,0.10099821,0.112089545,,,0.0130402,0.013693249,0.013022443,0.012812242,0.013654895,,,0.51961863,0.51870024,0.48613,0.49446377,0.5081198,,,0.2111111,0.2361111,0.20416667,0.22847222,0.21249999,,,-0.0016807865,-0.0018529582,-0.0006575241,-0.0014210583,-0.0019137542,,,0.013265231,0.014658263,0.0069174725,0.010970716,0.011236003,,,,,0.363501,0.20303558,0.24324295,,,,,,-0.0147900805,0.04703321,,,0.9958286,0.99352175,0.9934871,0.99266464,0.9946993,,,0.0435173,0.04735016,0.047325756,0.04946487,0.04418238,,,0.16085666,0.17017838,0.1714755,0.17377457,0.16229771,,,0.00214612,0.0032241761,0.0029446352,0.004889914,0.0021427318,,,0.325,0.425,0.5,0.32500002,0.35000002,,,,0.095508054,0.10211761,0.10439752,0.0999845,,,,0.975,0.95,0.9,1.0,,,,0.8562499,0.88125,0.88124996,0.90625,,,,0.80652165,0.79485726,0.79415107,0.80140793,,,,0.018954903,0.017720312,-0.00081920624,0.022191554,,,0.08523354,0.09947611,0.096920125,0.0889921,0.08873874,,,0.008645737,0.009491086,0.0093011465,0.008851787,0.008730954,,,0.5968476,0.6187898,0.6360467,0.65251267,0.6585661,,,0.15069446,0.13125,0.15555556,0.13125,0.14861111,,,-0.0025639862,-0.0038689906,-0.0044437046,-0.0052282726,-0.0035303398,,,0.0137919495,0.01145644,0.012479751,0.015029078,0.011910386,,,,,0.2321327,0.25227472,0.21028352,,,,,,-0.044223465,-0.05825496,,,1.2628704,1.1484696,1.0436132,1.1349121,1.263141,,,,,,-0.045982104,-0.05972688,,,,,-0.20942438,-0.26373008,-0.25219396,,,,0.017310917,0.005482137,-0.006018579,0.016919672,,
cache_new/HiMoE-VLA/libero_spatial/pick_up_the_black_bowl_next_to_the_plate_and_place_it_on_the_plate/right-50x8b-20260903,right-50x8b-20260903,libero_spatial,libero_spatial/pick_up_the_black_bowl_next_to_the_plate_and_place_it_on_the_plate,379,47,1011,10,1029d0827030a7521361d1904eeb3e7e7f2792be5c99abdb5701abb7ee87c137,27979,False,94,,False,True,-1,-1,success_no_alarm,0.9962679,0.99569917,0.99736917,0.99673766,0.995676,,,0.040669233,0.04506358,0.040678747,0.04051911,0.04293699,,,0.15344796,0.1611207,0.15246624,0.15356892,0.15671481,,,0.0022863545,0.0025003524,0.0014822325,0.002020263,0.0026515597,,,0.275,0.47500002,0.375,0.35000002,0.375,,,,0.05942004,0.06285022,0.055216372,0.05981186,,,,0.85,0.95,1.0,0.95,,,,0.67499995,0.86875,0.83125,0.81875,,,,0.8767319,0.8689374,0.88494927,0.8771175,,,,-0.006848857,0.0059975088,-0.01771377,-0.0049788654,,,0.10883189,0.12034596,0.10351965,0.10450113,0.1129213,,,0.013385119,0.01392064,0.013139966,0.012462237,0.013652138,,,0.49142766,0.51895636,0.49078912,0.5076704,0.50903827,,,0.22777778,0.22361112,0.21597221,0.21458334,0.24583334,,,-0.0013455751,-0.002128337,-0.0004688591,-0.0012029326,-0.002139275,,,0.012270183,0.0149719855,0.0069423807,0.0122302035,0.011216415,,,,,0.2520736,0.13065179,0.21296895,,,,,,-0.032896455,0.056992862,,,0.99593824,0.99272466,0.99447864,0.9931512,0.99483526,,,0.043078564,0.049905363,0.044057295,0.047292374,0.043818906,,,0.1598776,0.17154808,0.1654848,0.17154941,0.16179524,,,0.0019615653,0.0042662015,0.0023880822,0.00401963,0.0021621315,,,0.35,0.4,0.375,0.42499998,0.35000002,,,,0.10257746,0.09186058,0.10149119,0.09643974,,,,0.975,0.95,0.975,1.0,,,,0.84999996,0.8,0.9,0.9250001,,,,0.7987781,0.8146255,0.79970473,0.8079165,,,,0.023745388,0.0031097978,0.0020614266,0.018237561,,,0.08731003,0.10452628,0.09434802,0.09041823,0.086463526,,,0.008768772,0.009827784,0.009048247,0.008773007,0.008773011,,,0.58796024,0.61101353,0.6101308,0.654671,0.6449816,,,0.16041666,0.13958333,0.16597222,0.1423611,0.14166667,,,-0.002386225,-0.004269177,-0.0032101423,-0.0047305548,-0.0032581768,,,0.013116842,0.013725271,0.011225664,0.014186442,0.011620017,,,,,0.10587504,0.2012135,0.15219064,,,,,,-0.010943043,-0.011028053,,,1.2464993,1.1513464,1.0972106,1.1557529,1.3059993,,,,,,-0.019387105,-0.01938668,,,,,-0.102664515,-0.21602596,-0.20448309,,,,0.022511661,-0.003221929,-0.0013690591,0.01732862,,
cache_new/HiMoE-VLA/libero_spatial/pick_up_the_black_bowl_next_to_the_plate_and_place_it_on_the_plate/right-50x8b-20260903,right-50x8b-20260903,libero_spatial,libero_spatial/pick_up_the_black_bowl_next_to_the_plate_and_place_it_on_the_plate,380,47,1012,10,1029d0827030a7521361d1904eeb3e7e7f2792be5c99abdb5701abb7ee87c137,27980,False,94,,False,True,-1,-1,success_no_alarm,0.9962959,0.9949906,0.9972251,0.9967814,0.9958111,,,0.04136167,0.045778006,0.04118947,0.040530667,0.042787485,,,0.15361115,0.1632323,0.15313606,0.15302166,0.15779619,,,0.0022006729,0.0032551328,0.0016914838,0.0019523986,0.0027345414,,,0.3,0.47499996,0.35000002,0.39999998,0.25,,,,0.063596845,0.06029497,0.05734771,0.05798369,,,,0.9,0.95,1.0,0.975,,,,0.65625,0.825,0.86875,0.79375,,,,0.8715704,0.87408257,0.8813155,0.88022184,,,,-0.004931167,-0.00012926757,-0.012113959,-0.009366021,,,0.106422,0.115885764,0.105688326,0.10229125,0.11467872,,,0.012956815,0.013691721,0.013397405,0.012528065,0.013808476,,,0.5275036,0.5419478,0.47009254,0.49329537,0.50512165,,,0.19652778,0.2173611,0.22291666,0.20972222,0.23333333,,,-0.00085072935,-0.002384419,-0.0009991504,-0.0010990723,-0.0020406772,,,0.012538034,0.0132331215,0.00513668,0.011621782,0.012352038,,,,,0.20066996,0.15043667,0.16110583,,,,,,-0.045342855,0.048524402,,,0.9959471,0.99305606,0.99404454,0.9930478,0.99450034,,,0.04351282,0.048569668,0.045831993,0.048201814,0.04495126,,,0.15962952,0.17256644,0.16781513,0.17249012,0.16342042,,,0.0019696485,0.0038026911,0.002703103,0.0040361574,0.0024075678,,,0.375,0.4,0.52500004,0.42499998,0.45,,,,0.10096937,0.08873669,0.103750095,0.09642062,,,,0.975,1.0,0.95000005,0.975,,,,0.88750005,0.8625001,0.95000005,0.85625,,,,0.7988918,0.8201435,0.7952433,0.80767226,,,,0.022399217,-0.0089657605,0.009773046,0.016443565,,,0.0841458,0.10261398,0.09551722,0.088899545,0.08963735,,,0.008525647,0.0095435595,0.009045754,0.008662458,0.009164343,,,0.60064435,0.6415299,0.61567694,0.6670335,0.6298581,,,0.14513889,0.15208332,0.17569444,0.13472222,0.14097223,,,-0.0022493955,-0.0040606484,-0.0038004383,-0.0049834894,-0.0034503676,,,0.013463876,0.010246251,0.012027751,0.014722361,0.012232,,,,,0.085929215,0.237855,0.16695282,,,,,,-0.038199935,0.017748414,,,1.2647333,1.1293371,1.1064845,1.1506386,1.2793632,,,,,,-0.043275647,0.013046028,,,,,-0.07644799,-0.29156244,-0.19024569,,,,0.019854486,-0.011801064,0.005626142,0.013291299,,
cache_new/HiMoE-VLA/libero_spatial/pick_up_the_black_bowl_next_to_the_plate_and_place_it_on_the_plate/right-50x8b-20260903,right-50x8b-20260903,libero_spatial,libero_spatial/pick_up_the_black_bowl_next_to_the_plate_and_place_it_on_the_plate,381,47,1013,10,1029d0827030a7521361d1904eeb3e7e7f2792be5c99abdb5701abb7ee87c137,27981,False,93,,False,True,-1,-1,success_no_alarm,0.9962685,0.9953908,0.99719894,0.996642,0.995686,,,0.041748147,0.04567881,0.041172467,0.04050349,0.04321132,,,0.15467107,0.1609849,0.15315726,0.15236133,0.15747437,,,0.0022245096,0.0030259145,0.0017521764,0.0019582286,0.0027789646,,,0.35000002,0.425,0.4,0.325,0.32500002,,,,0.06349704,0.06278136,0.055343203,0.06100583,,,,0.875,0.875,0.875,0.9,,,,0.74375,0.7875,0.83124995,0.78125,,,,0.87005734,0.8696736,0.8843834,0.8755295,,,,0.0011424273,0.0028887838,-0.010959759,-0.0021978766,,,0.103331685,0.11609152,0.101193845,0.105214745,0.114839375,,,0.013000937,0.013724705,0.013047954,0.013053254,0.014279289,,,0.4956419,0.52432114,0.4832496,0.5012195,0.500778,,,0.20902778,0.21736112,0.20694445,0.2236111,0.24236111,,,-0.0015997139,-0.0027715005,-0.0008906466,-0.0011126245,-0.0023003025,,,0.012490912,0.013948768,0.007381115,0.010683946,0.011295752,,,,,0.21312113,0.09424394,0.18971613,,,,,,0.017263705,0.10396491,,,0.9959657,0.99341893,0.99400216,0.993453,0.9948922,,,0.042677473,0.047370695,0.04589083,0.046160538,0.044213716,,,0.15947327,0.17093968,0.1686832,0.16990921,0.16276953,,,0.0019033835,0.0036015057,0.0030431813,0.0030402576,0.0022468674,,,0.425,0.425,0.425,0.425,0.5,,,,0.10019399,0.09219692,0.090921044,0.09272906,,,,1.0,0.925,1.0,0.975,,,,0.88750005,0.82500005,0.875,0.86875,,,,0.79830736,0.8155081,0.81806535,0.81340814,,,,0.026412472,-0.0025364906,-0.0043565184,0.016347393,,,0.0811446,0.102246724,0.09568724,0.091284305,0.09063691,,,0.008470943,0.009714788,0.009133988,0.008979612,0.0092458315,,,0.5991875,0.62075996,0.6270892,0.67523307,0.627683,,,0.1513889,0.13472223,0.15347223,0.13125,0.14375,,,-0.002438095,-0.0038039812,-0.0038482323,-0.004208209,-0.003048874,,,0.01267689,0.012624282,0.013652137,0.013426313,0.0122416215,,,,,0.116320744,0.10332046,0.121575885,,,,,,0.006924124,0.035657026,,,1.2734265,1.1354058,1.0575479,1.1526049,1.2670267,,,,,,0.00025459862,0.029470809,,,,,-0.116904914,-0.10918033,-0.14235881,,,,0.021898985,-0.010295093,-0.010054231,0.009346604,,
cache_new/HiMoE-VLA/libero_spatial/pick_up_the_black_bowl_next_to_the_plate_and_place_it_on_the_plate/right-50x8b-20260903,right-50x8b-20260903,libero_spatial,libero_spatial/pick_up_the_black_bowl_next_to_the_plate_and_place_it_on_the_plate,382,47,1014,10,1029d0827030a7521361d1904eeb3e7e7f2792be5c99abdb5701abb7ee87c137,27982,False,94,,False,True,-1,-1,success_no_alarm,0.9960005,0.99515307,0.9973254,0.9967435,0.99581903,,,0.0423259,0.046095252,0.04060615,0.040595353,0.04250292,,,0.15526493,0.16217788,0.1524356,0.1539739,0.15669143,,,0.0024499274,0.0031237036,0.0015939008,0.0019482023,0.0026761189,,,0.3,0.5,0.325,0.3,0.25,,,,0.06284948,0.05953686,0.057259522,0.059195794,,,,0.92499995,0.825,0.975,0.95,,,,0.7125,0.7625,0.86875,0.79999995,,,,0.8716246,0.87524897,0.8801975,0.8782267,,,,-0.004531041,-0.0017346591,-0.012747243,-0.0071849376,,,0.10611821,0.119379595,0.10459996,0.10187124,0.114821546,,,0.012883998,0.014277839,0.013388075,0.012517607,0.01397391,,,0.5162677,0.53108937,0.49509466,0.49674708,0.5071176,,,0.19236112,0.24444444,0.22152779,0.22569445,0.22291666,,,-0.0014482143,-0.0028341021,-0.00022722347,-0.0014618353,-0.0021010432,,,0.012712052,0.013164045,0.0077657383,0.013203725,0.0122193275,,,,,0.17293145,0.14047605,0.1726618,,,,,,-0.043921072,0.063474335,,,0.9958309,0.9931654,0.9944006,0.9925401,0.9946605,,,0.04338997,0.04832878,0.045591563,0.048797276,0.044638723,,,0.16050187,0.17174846,0.1667238,0.17416885,0.16248047,,,0.0021457071,0.0037128304,0.002747681,0.0043658484,0.0020916015,,,0.375,0.425,0.42499998,0.4,0.4,,,,0.100507915,0.08980483,0.10370307,0.0958506,,,,1.0,0.9,1.0,0.975,,,,0.8625,0.8375,0.90000004,0.84375,,,,0.7982237,0.81812865,0.79661924,0.8079124,,,,0.02349548,0.0031621754,0.0034243315,0.023050904,,,0.08446602,0.10274758,0.09654956,0.090832874,0.08785779,,,0.008472532,0.009806829,0.009540427,0.0089587765,0.008821471,,,0.60900956,0.61824703,0.6168095,0.66025335,0.65362215,,,0.13958333,0.14652777,0.14722222,0.125,0.1326389,,,-0.0025412673,-0.0040135933,-0.0035523532,-0.005323327,-0.0033727,,,0.0137613285,0.011313158,0.01286781,0.015134203,0.012592247,,,,,0.083465934,0.22655362,0.15094927,,,,,,-0.012347921,-0.02813216,,,1.256342,1.1618725,1.0833809,1.1215239,1.3069023,,,,,,-0.008158375,-0.023603436,,,,,-0.066229574,-0.26710153,-0.19462186,,,,0.020706594,-0.004755914,0.0014874339,0.012684643,,
cache_new/HiMoE-VLA/libero_spatial/pick_up_the_black_bowl_next_to_the_plate_and_place_it_on_the_plate/right-50x8b-20260903,right-50x8b-20260903,libero_spatial,libero_spatial/pick_up_the_black_bowl_next_to_the_plate_and_place_it_on_the_plate,383,47,1015,10,1029d0827030a7521361d1904eeb3e7e7f2792be5c99abdb5701abb7ee87c137,27983,False,93,,False,True,-1,-1,success_no_alarm,0.9960784,0.9951658,0.99722534,0.99650323,0.9949781,,,0.04213902,0.046056263,0.04118568,0.04085408,0.045455955,,,0.15509854,0.16279314,0.15305448,0.15334469,0.16045448,,,0.0024217565,0.0030732094,0.0017252611,0.0020481413,0.0035339682,,,0.325,0.5,0.4,0.35,0.35000002,,,,0.063733235,0.060051717,0.05564461,0.06616639,,,,0.875,0.9,0.92499995,0.925,,,,0.74375,0.7625,0.7937499,0.8125,,,,0.87000585,0.8735023,0.88410777,0.86807704,,,,-0.003444627,0.0011869818,-0.010696337,-0.0009198338,,,0.101965606,0.119687855,0.108465776,0.099725984,0.1189803,,,0.01303021,0.013993336,0.013636153,0.012411607,0.0141368685,,,0.49314946,0.53245777,0.45466483,0.5172707,0.5172454,,,0.22569443,0.22152777,0.23888889,0.20138888,0.22361112,,,-0.0017959805,-0.0022111293,-0.00068853254,-0.0011614333,-0.003041152,,,0.013888273,0.013287285,0.0062199356,0.010707426,0.010985692,,,,,0.1780403,0.107017085,0.2723138,,,,,,-0.056438603,0.07290949,,,0.9958962,0.99321574,0.9941847,0.99345696,0.9943206,,,0.043340907,0.04791176,0.04589534,0.045413084,0.045312658,,,0.16031131,0.1716373,0.16856827,0.16903795,0.16487733,,,0.002059991,0.0035271924,0.0029331814,0.0029721353,0.0026614144,,,0.35,0.39999998,0.42499998,0.475,0.425,,,,0.10056891,0.09049979,0.09125374,0.09462828,,,,0.95,0.975,1.0,0.975,,,,0.88125,0.79375,0.86875,0.9125,,,,0.7990634,0.81994367,0.81708467,0.8101205,,,,0.0228353,-0.0019703656,-0.0017448813,0.015704527,,,0.08203661,0.102813184,0.100416616,0.08915019,0.092912704,,,0.0086179925,0.009614007,0.009511116,0.008594988,0.009280328,,,0.5910716,0.6304374,0.6015078,0.68306786,0.6395138,,,0.14999999,0.15069446,0.15972222,0.13055556,0.14791667,,,-0.0025128557,-0.0036894577,-0.003733107,-0.0042346944,-0.0036439858,,,0.0137168765,0.010628693,0.01266807,0.014186745,0.012116839,,,,,0.097329795,0.1078258,0.14349231,,,,,,-0.04777886,0.028863836,,,1.2429281,1.1641295,1.0801576,1.118629,1.2805601,,,,,,-0.05166707,0.025050502,,,,,-0.089385055,-0.11066501,-0.13750869,,,,0.022835314,-0.009804606,-0.00803405,0.0052422285,,
cache_new/HiMoE-VLA/libero_spatial/pick_up_the_black_bowl_next_to_the_plate_and_place_it_on_the_plate/right-50x8b-20260903,right-50x8b-20260903,libero_spatial,libero_spatial/pick_up_the_black_bowl_next_to_the_plate_and_place_it_on_the_plate,384,48,1008,10,1029d0827030a7521361d1904eeb3e7e7f2792be5c99abdb5701abb7ee87c137,27984,False,95,,False,True,-1,-1,success_no_alarm,0.9958705,0.9948697,0.9972235,0.99699014,0.99461967,,,0.043201707,0.046334147,0.040780693,0.03982449,0.045852866,,,0.15752491,0.1635068,0.15248811,0.15130317,0.1617972,,,0.0025225384,0.003226876,0.0016270247,0.0017729865,0.003893842,,,0.35000002,0.4,0.5,0.325,0.35,,,,0.067746505,0.06623804,0.052954197,0.060667865,,,,0.9,0.95,0.9,0.925,,,,0.7875,0.83125,0.78124994,0.73125,,,,0.8640293,0.8648147,0.88849086,0.87753546,,,,-0.0013921261,0.0039907247,-0.01884918,-0.016025826,,,0.109831825,0.113368586,0.101477474,0.096166275,0.11641953,,,0.013520017,0.013058717,0.012993023,0.0123740025,0.014305415,,,0.5068661,0.55855525,0.47671288,0.5101272,0.5316781,,,0.19375,0.19930555,0.21458334,0.20555554,0.21736111,,,-0.0016021732,-0.0026744334,-0.00070215354,-0.00066435174,-0.0029482814,,,0.014210034,0.014800971,0.008474511,0.012213307,0.009773768,,,,,0.28824803,0.0699677,0.20259951,,,,,,-0.05295519,0.08834332,,,0.99537784,0.9935504,0.992726,0.9946767,0.9944773,,,0.043248028,0.045468353,0.048835088,0.045392703,0.044539794,,,0.16110851,0.16739735,0.17371294,0.16595946,0.16397776,,,0.0024894662,0.003157808,0.003770926,0.0025687157,0.0027468898,,,0.325,0.375,0.45000002,0.525,0.375,,,,0.09367816,0.09666229,0.09180978,0.08582292,,,,1.0,0.92499995,1.0,0.975,,,,0.86875,0.85625005,0.93125004,0.86875,,,,0.8141181,0.8006971,0.8107196,0.821465,,,,0.02472487,0.018930212,0.020115316,-0.00046390295,,,0.09631897,0.09619671,0.095561735,0.083895676,0.08884425,,,0.009588385,0.009476996,0.009310135,0.008664999,0.009039113,,,0.59479356,0.61583513,0.63736904,0.65272963,0.64800656,,,0.16180556,0.13472223,0.12083334,0.1375,0.12986112,,,-0.0028844585,-0.004280769,-0.004676535,-0.003776756,-0.0034892014,,,0.015692376,0.013587208,0.0127279665,0.013634168,0.012891089,,,,,0.23986351,0.18660855,0.12024273,,,,,,-0.03501995,0.007444893,,,1.1402928,1.1785079,1.0619049,1.1462603,1.3103778,,,,,,-0.051637758,-0.009368537,,,,,-0.24203187,-0.20875835,-0.13576066,,,,0.0247249,0.014924765,0.009855211,-0.00046390295,,
cache_new/HiMoE-VLA/libero_spatial/pick_up_the_black_bowl_next_to_the_plate_and_place_it_on_the_plate/right-50x8b-20260903,right-50x8b-20260903,libero_spatial,libero_spatial/pick_up_the_black_bowl_next_to_the_plate_and_place_it_on_the_plate,385,48,1009,10,1029d0827030a7521361d1904eeb3e7e7f2792be5c99abdb5701abb7ee87c137,27985,False,95,,False,True,-1,-1,success_no_alarm,0.9959305,0.99685264,0.9970693,0.99680305,0.99452007,,,0.042527415,0.041768633,0.040678307,0.04001467,0.04592096,,,0.15641409,0.15356435,0.15249501,0.15184872,0.16208181,,,0.002392038,0.0014661693,0.0014943401,0.001841831,0.003960399,,,0.3,0.375,0.425,0.25,0.32500002,,,,0.059449684,0.06555005,0.055892564,0.06572721,,,,0.825,0.9,0.9,0.975,,,,0.76875,0.81875,0.84375,0.80625,,,,0.88007283,0.8659054,0.88336027,0.8670751,,,,-0.0024848431,0.011040807,-0.008747891,-0.007844344,,,0.106436655,0.10974752,0.102407075,0.10278919,0.116851635,,,0.0132711595,0.013314743,0.013170632,0.012824647,0.014092767,,,0.51079583,0.4891166,0.48378,0.50836974,0.5271654,,,0.20208333,0.23333333,0.24722221,0.2326389,0.23125,,,-0.0013715273,-0.0010524134,-0.0007938547,-0.0010927261,-0.0032046386,,,0.013835447,0.011130968,0.00800535,0.011403364,0.012041506,,,,,0.20274018,0.04991932,0.20641465,,,,,,-0.02563721,0.06667951,,,0.99548095,0.9938308,0.9925766,0.9937545,0.9937842,,,0.0432175,0.04527512,0.04906726,0.047176532,0.045635365,,,0.16053712,0.16569977,0.17379814,0.16937228,0.16886592,,,0.0022643409,0.0024463672,0.0030427342,0.003587266,0.0031175981,,,0.4,0.3,0.475,0.35000002,0.375,,,,0.09474537,0.10013823,0.087700754,0.08995715,,,,0.95000005,0.975,1.0,0.9,,,,0.8375,0.83750004,0.91249996,0.85625005,,,,0.8113354,0.7970095,0.8220528,0.8178478,,,,0.016257748,0.011640564,-0.0025506318,0.0047543943,,,0.093936704,0.09494122,0.09892148,0.09065904,0.09376835,,,0.009454475,0.009362047,0.009942941,0.009151636,0.009491965,,,0.5883454,0.6042207,0.6132076,0.6377436,0.63837093,,,0.16388889,0.15138888,0.12777779,0.13194445,0.14375001,,,-0.00283123,-0.0042105652,-0.0048412085,-0.0043708705,-0.004115751,,,0.015321453,0.014306701,0.014680138,0.014673136,0.013426657,,,,,0.17508964,0.041922964,0.068336464,,,,,,-0.036933668,-0.00027014688,,,1.1330678,1.1559523,1.035236,1.1337998,1.2461735,,,,,,-0.053283636,-0.016770612,,,,,-0.1684391,-0.017546885,-0.04851748,,,,0.014267385,0.0061912537,-0.004196048,0.0022955537,,
cache_new/HiMoE-VLA/libero_spatial/pick_up_the_black_bowl_next_to_the_plate_and_place_it_on_the_plate/right-50x8b-20260903,right-50x8b-20260903,libero_spatial,libero_spatial/pick_up_the_black_bowl_next_to_the_plate_and_place_it_on_the_plate,386,48,1010,10,1029d0827030a7521361d1904eeb3e7e7f2792be5c99abdb5701abb7ee87c137,27986,False,95,,False,True,-1,-1,success_no_alarm,0.9955283,0.996312,0.9971465,0.9970242,0.9943592,,,0.043936826,0.042184524,0.040669873,0.040529132,0.046043202,,,0.15928537,0.15719792,0.15305579,0.15182444,0.16395247,,,0.002864629,0.0018015355,0.0016659787,0.0017282537,0.0038751648,,,0.35000002,0.42499998,0.35000002,0.425,0.375,,,,0.05803346,0.06827446,0.057147697,0.06942548,,,,0.925,0.975,0.9,0.95000005,,,,0.71250004,0.84375,0.76250005,0.775,,,,0.8810569,0.8615314,0.8809972,0.8623631,,,,-0.004095942,0.006920427,-0.011871144,-0.004671246,,,0.11282614,0.109471455,0.10231794,0.09682674,0.1195042,,,0.013655853,0.013291583,0.013112069,0.012688931,0.0140961185,,,0.5287715,0.5114162,0.48063475,0.4797234,0.5404734,,,0.22569445,0.20972222,0.22013888,0.22986111,0.21180557,,,-0.0019021797,-0.0012881501,-0.000660207,-0.00103181,-0.0030670525,,,0.013596142,0.0141098965,0.007795207,0.011126407,0.009325773,,,,,0.31271106,0.13470507,0.32477736,,,,,,-0.048447557,0.05420555,,,0.99506694,0.9942949,0.9928105,0.9952129,0.9934931,,,0.044070773,0.04491665,0.049186993,0.04340319,0.046219517,,,0.16284764,0.1657918,0.17426932,0.16208726,0.1681707,,,0.0028514725,0.002708761,0.0040509827,0.0025226932,0.0034882897,,,0.35,0.375,0.425,0.325,0.3,,,,0.08566271,0.095653825,0.08918738,0.09040457,,,,0.975,1.0,0.975,0.95,,,,0.85625,0.84375,0.91875,0.8625001,,,,0.82878715,0.8105921,0.8164904,0.8134082,,,,0.00751774,0.00401479,0.02006112,0.0018308014,,,0.10002001,0.09068389,0.0970881,0.080113,0.09413661,,,0.009977595,0.009152971,0.009290562,0.008524891,0.009001772,,,0.597719,0.59872425,0.6362389,0.6240204,0.66746515,,,0.18125,0.13958333,0.14166667,0.13958333,0.13055557,,,-0.0032057567,-0.0037178006,-0.0046482612,-0.0032703532,-0.0040520662,,,0.018432824,0.012457543,0.014364945,0.012777209,0.012172628,,,,,0.23359194,0.16288084,0.17361762,,,,,,-0.05300676,0.0023722155,,,1.1280357,1.2071764,1.053867,1.208627,1.2694763,,,,,,-0.05775653,-0.0033253825,,,,,-0.23575193,-0.17780581,-0.1593624,,,,0.00568223,-0.0032087564,0.0119559765,-0.0015650392,,
cache_new/HiMoE-VLA/libero_spatial/pick_up_the_black_bowl_next_to_the_plate_and_place_it_on_the_plate/right-50x8b-20260903,right-50x8b-20260903,libero_spatial,libero_spatial/pick_up_the_black_bowl_next_to_the_plate_and_place_it_on_the_plate,387,48,1011,10,1029d0827030a7521361d1904eeb3e7e7f2792be5c99abdb5701abb7ee87c137,27987,False,94,,False,True,-1,-1,success_no_alarm,0.9953107,0.99649787,0.9972335,0.9968337,0.9948171,,,0.043930944,0.04270779,0.04035347,0.040220805,0.044265807,,,0.15976539,0.1568526,0.15299098,0.15187135,0.16091561,,,0.00310525,0.001962219,0.0017260179,0.0019104005,0.0033752113,,,0.47500002,0.525,0.325,0.275,0.35000002,,,,0.052728325,0.06253932,0.054272816,0.061711974,,,,0.825,0.975,0.92499995,0.875,,,,0.68125,0.80625,0.75,0.75,,,,0.89072883,0.8699979,0.88600755,0.8764718,,,,-0.012625143,0.0015132129,-0.0065601766,-0.014564812,,,0.11504089,0.1130103,0.10239734,0.101689845,0.11716712,,,0.013821685,0.013891919,0.012826308,0.0125542795,0.013817202,,,0.5186779,0.478626,0.4839577,0.48513752,0.53024423,,,0.23472223,0.21041667,0.19583333,0.21041667,0.22777778,,,-0.002258734,-0.0010769381,-0.00044486753,-0.0009945584,-0.0028417725,,,0.013785106,0.013764256,0.007787504,0.012098291,0.011859638,,,,,0.21200171,0.072237775,0.19670437,,,,,,-0.05329395,0.040101532,,,0.99456775,0.994243,0.9931421,0.99547756,0.9943936,,,0.04533761,0.04403296,0.048571393,0.04413071,0.044294592,,,0.16483508,0.16505401,0.1731214,0.16310883,0.1649149,,,0.0031190773,0.0025659297,0.003600732,0.002125843,0.002873813,,,0.325,0.3,0.4,0.45,0.32500002,,,,0.0823259,0.096795134,0.08166476,0.08091447,,,,0.92499995,0.975,0.975,1.0,,,,0.8875,0.85625,0.88125,0.85625,,,,0.8293122,0.8047744,0.83184636,0.83261776,,,,0.0029611737,0.00921239,0.00065007806,-0.010522634,,,0.108212635,0.09210739,0.09726085,0.08296848,0.091542035,,,0.010369929,0.009206699,0.009161392,0.008605258,0.009217081,,,0.5996314,0.6215021,0.64635664,0.61069465,0.6555226,,,0.1826389,0.16388889,0.14305556,0.14583334,0.16111112,,,-0.0035452503,-0.0038326331,-0.004692667,-0.0031597684,-0.0035893298,,,0.01891232,0.01320044,0.013372837,0.0150864255,0.015219572,,,,,0.23133826,0.061798297,0.048046377,,,,,,-0.04012227,0.027895218,,,1.0631003,1.2269406,1.0528115,1.2256444,1.279927,,,,,,-0.04956915,0.019115867,,,,,-0.22631529,-0.058889896,-0.03006289,,,,-0.002352357,0.004466057,-0.0038346648,-0.012480259,,
cache_new/HiMoE-VLA/libero_spatial/pick_up_the_black_bowl_next_to_the_plate_and_place_it_on_the_plate/right-50x8b-20260903,right-50x8b-20260903,libero_spatial,libero_spatial/pick_up_the_black_bowl_next_to_the_plate_and_place_it_on_the_plate,388,48,1012,10,1029d0827030a7521361d1904eeb3e7e7f2792be5c99abdb5701abb7ee87c137,27988,False,97,,False,True,-1,-1,success_no_alarm,0.995103,0.99620754,0.9972642,0.99707943,0.9962074,,,0.045103338,0.04352922,0.04054847,0.03990835,0.041899335,,,0.16180073,0.15851106,0.15230146,0.15116766,0.15599394,,,0.0032139774,0.0021101583,0.0016962821,0.0016642418,0.00239221,,,0.425,0.39999998,0.275,0.32500002,0.3,,,,0.054075904,0.061471447,0.052693132,0.05032751,,,,0.82500005,0.875,0.975,0.92499995,,,,0.65625,0.81875,0.82500005,0.725,,,,0.88966995,0.87299865,0.8888296,0.8941737,,,,-0.011444703,0.0024161935,-0.004682675,-0.017137289,,,0.11264998,0.10997842,0.101269454,0.10033112,0.107381195,,,0.013321286,0.013285,0.012818576,0.012778496,0.013369782,,,0.56299436,0.5196245,0.4704368,0.4731291,0.49261147,,,0.19236112,0.19305556,0.22777778,0.21875,0.2013889,,,-0.0019428537,-0.0009376494,-0.00091011496,-0.0007082418,-0.0014029141,,,0.01516673,0.013116468,0.005781723,0.010136111,0.01093337,,,,,0.18999933,0.037693,-0.009375364,,,,,,-0.022870772,0.022063542,,,0.9943776,0.9939618,0.9934058,0.9943897,0.9955143,,,0.045568056,0.044834875,0.047252312,0.04594963,0.042157102,,,0.16610032,0.16646034,0.17059815,0.16831613,0.15847975,,,0.0034815653,0.0025607185,0.003483457,0.0027873397,0.0018263699,,,0.425,0.3,0.42499998,0.425,0.4,,,,0.084649764,0.09743572,0.08619732,0.077393696,,,,0.9,0.9,0.975,0.95000005,,,,0.88125,0.83125,0.85625,0.81249994,,,,0.826679,0.805877,0.8257283,0.8421978,,,,0.007869035,0.012389287,-0.0008111298,-0.007697612,,,0.1038129,0.09033345,0.09556282,0.087365046,0.08077992,,,0.010084968,0.009085389,0.009165283,0.0087893065,0.008323757,,,0.6199331,0.62901855,0.63507795,0.63166165,0.6357615,,,0.17430556,0.13819444,0.15833333,0.14861111,0.14652778,,,-0.00356864,-0.0038885449,-0.0043258625,-0.003965662,-0.0029385989,,,0.019525606,0.012738425,0.011949415,0.014387748,0.011302228,,,,,0.21971443,0.09554745,-0.015020825,,,,,,-0.0051418655,-0.060092576,,,1.085125,1.2174718,1.059716,1.1484126,1.3293055,,,,,,-0.007735471,-0.062157553,,,,,-0.22211847,-0.09252876,-0.04331515,,,,0.00037932396,0.004517913,-0.0039190054,-0.013313293,,
cache_new/HiMoE-VLA/libero_spatial/pick_up_the_black_bowl_next_to_the_plate_and_place_it_on_the_plate/right-50x8b-20260903,right-50x8b-20260903,libero_spatial,libero_spatial/pick_up_the_black_bowl_next_to_the_plate_and_place_it_on_the_plate,389,48,1013,10,1029d0827030a7521361d1904eeb3e7e7f2792be5c99abdb5701abb7ee87c137,27989,False,100,,False,True,-1,-1,success_no_alarm,0.9953651,0.99639213,0.9973712,0.9970718,0.99643457,,,0.044014256,0.043086987,0.0399621,0.039662234,0.041091785,,,0.16019547,0.15755385,0.15215413,0.15086152,0.15417945,,,0.0029717225,0.001970457,0.0015108847,0.0016584803,0.0020269875,,,0.45000002,0.325,0.32500002,0.3,0.35,,,,0.052563775,0.066748835,0.05565696,0.04689437,,,,0.825,0.975,0.90000004,0.92499995,,,,0.66249996,0.8312501,0.79999995,0.76250005,,,,0.89215547,0.8656242,0.88248926,0.90033394,,,,-0.010722667,0.006215945,0.00084222853,-0.022046953,,,0.10831216,0.106310934,0.09956708,0.09995735,0.104851425,,,0.013262963,0.013375415,0.012978647,0.012722655,0.013189081,,,0.53047025,0.48152417,0.4619816,0.49012384,0.48652974,,,0.20972222,0.19444445,0.22569445,0.23958333,0.20277777,,,-0.0024109045,-0.0015154423,-0.0006589515,-0.0008009232,-0.0013297182,,,0.013741724,0.015025656,0.008874078,0.011465353,0.012789667,,,,,0.27572674,0.09722785,-0.0743691,,,,,,-0.030089078,0.005561459,,,0.9946527,0.9943125,0.99286044,0.99464834,0.9955261,,,0.043968856,0.043493606,0.048194043,0.04552369,0.043590426,,,0.16388582,0.16326511,0.17375757,0.16517878,0.15965119,,,0.0029834518,0.0023776258,0.0033944044,0.002779016,0.0014379297,,,0.40000004,0.5,0.475,0.40000004,0.67499995,,,,0.082910106,0.094503015,0.088340886,0.077784084,,,,0.975,0.9,1.0,0.95000005,,,,0.8375,0.8375,0.90000004,0.81875,,,,0.83232725,0.80688787,0.8197061,0.8402945,,,,0.004097596,0.002930522,0.003764242,-0.0048216432,,,0.09950406,0.0881437,0.096934535,0.086071186,0.07957051,,,0.009932207,0.008868565,0.009375547,0.008879822,0.008111198,,,0.6180309,0.60942054,0.65364665,0.6387445,0.6485677,,,0.1736111,0.14166668,0.15277778,0.14861111,0.15277778,,,-0.0036293326,-0.003729805,-0.004877342,-0.003743787,-0.0030964618,,,0.019105751,0.012555272,0.0137815485,0.015319621,0.01391592,,,,,0.20497039,0.13466097,0.010019185,,,,,,0.020393105,-0.07005198,,,1.08852,1.2061093,1.0271579,1.1613334,1.3177172,,,,,,0.017356412,-0.073179476,,,,,-0.1907892,-0.12795278,-0.016340788,,,,-0.0023105145,0.0012142658,0.0004271865,-0.010238051,,
cache_new/HiMoE-VLA/libero_spatial/pick_up_the_black_bowl_next_to_the_plate_and_place_it_on_the_plate/right-50x8b-20260903,right-50x8b-20260903,libero_spatial,libero_spatial/pick_up_the_black_bowl_next_to_the_plate_and_place_it_on_the_plate,390,48,1014,10,1029d0827030a7521361d1904eeb3e7e7f2792be5c99abdb5701abb7ee87c137,27990,False,95,,False,True,-1,-1,success_no_alarm,0.99581593,0.9964828,0.996879,0.9974234,0.9937182,,,0.042827144,0.042494133,0.041687325,0.039303362,0.048246756,,,0.15731812,0.15564394,0.15406832,0.15012813,0.16682005,,,0.0025027432,0.001655075,0.0020028756,0.0015309379,0.0048755705,,,0.35000002,0.35000002,0.35000002,0.35,0.25,,,,0.059481714,0.06448448,0.056337953,0.07056247,,,,0.9,0.95,0.95000005,0.95,,,,0.78125,0.825,0.8625,0.83124995,,,,0.8791919,0.8693769,0.88230824,0.85932845,,,,-0.0055222064,0.0013719946,0.00015375018,-0.008620232,,,0.1077516,0.108388826,0.107691616,0.0985365,0.12402202,,,0.013158222,0.0133398,0.013326321,0.012665015,0.014421813,,,0.5225398,0.5015562,0.48745582,0.47409174,0.5423076,,,0.1875,0.22708334,0.20902777,0.22222224,0.20277777,,,-0.001530766,-0.0013590929,-0.00055897806,-0.0006646097,-0.0038954415,,,0.013570261,0.012049422,0.010424692,0.009342244,0.011303039,,,,,0.21347556,0.082146674,0.29577744,,,,,,-0.039100315,0.08770579,,,0.99556684,0.9940024,0.99338174,0.9943365,0.9938262,,,0.04373876,0.044649065,0.047066886,0.04497258,0.04691975,,,0.16133218,0.16473275,0.1721026,0.16564916,0.16749275,,,0.00231824,0.002622512,0.0036763353,0.0031189397,0.0039110403,,,0.375,0.45000002,0.32500002,0.35000002,0.375,,,,0.09420304,0.092314325,0.08317518,0.09212768,,,,0.975,1.0,0.92499995,0.925,,,,0.88125,0.8,0.86249995,0.84375,,,,0.811869,0.81243753,0.82912076,0.813311,,,,0.016929924,0.0132223815,0.004379019,0.005911693,,,0.09363712,0.09355233,0.0927815,0.08772305,0.09822278,,,0.009404001,0.009411897,0.009148283,0.0085437335,0.009680306,,,0.59678864,0.60353255,0.629638,0.6289328,0.6435738,,,0.16666666,0.15694445,0.13958333,0.15069444,0.13819444,,,-0.0027080216,-0.0040987767,-0.0044265413,-0.0038946848,-0.0037490155,,,0.015765043,0.014001087,0.013499644,0.013594344,0.012776196,,,,,0.10667267,0.004128283,0.10375187,,,,,,-0.070005015,0.05449201,,,1.1507359,1.1585903,1.1607014,1.1232681,1.2626605,,,,,,-0.08024542,0.044649992,,,,,-0.07797362,-0.010253912,-0.07855405,,,,0.015619576,0.0065628886,-0.0010547638,0.001969695,,
cache_new/HiMoE-VLA/libero_spatial/pick_up_the_black_bowl_next_to_the_plate_and_place_it_on_the_plate/right-50x8b-20260903,right-50x8b-20260903,libero_spatial,libero_spatial/pick_up_the_black_bowl_next_to_the_plate_and_place_it_on_the_plate,391,48,1015,10,1029d0827030a7521361d1904eeb3e7e7f2792be5c99abdb5701abb7ee87c137,27991,False,93,,False,True,-1,-1,success_no_alarm,0.9957864,0.9951597,0.99725246,0.9968757,0.9935527,,,0.043057486,0.045284916,0.041183718,0.04111091,0.047467515,,,0.15758765,0.16130331,0.15278865,0.15278901,0.16613209,,,0.0025762315,0.0030482034,0.0017661757,0.0019426816,0.0045217853,,,0.45,0.325,0.3,0.375,0.22500001,,,,0.063688055,0.061164364,0.05481029,0.07751858,,,,0.775,0.975,0.975,1.0,,,,0.75624996,0.78125,0.75,0.80625,,,,0.8713114,0.87202865,0.8862348,0.849753,,,,-0.007755518,0.00055751204,-0.011642531,0.004822567,,,0.10443259,0.11447749,0.1068991,0.09646101,0.12642562,,,0.013158565,0.0132778715,0.013500945,0.012567248,0.014437141,,,0.50419295,0.53515434,0.4554422,0.4960248,0.5430098,,,0.20486112,0.18402778,0.2451389,0.19444445,0.20763889,,,-0.0020059368,-0.0020377536,-0.00059917034,-0.0007595613,-0.0041144444,,,0.013506043,0.0130214915,0.0075355447,0.009491729,0.0089359805,,,,,0.22069007,0.113683656,0.44841182,,,,,,-0.041245803,0.0953941,,,0.9954974,0.99386466,0.99339926,0.9950996,0.99413717,,,0.043249942,0.04533439,0.048587486,0.04388318,0.04530432,,,0.16035104,0.16627586,0.17241752,0.16134438,0.16713724,,,0.002400465,0.0029969695,0.003924059,0.002074472,0.003937285,,,0.35,0.39999998,0.375,0.375,0.3,,,,0.09176046,0.09610914,0.08300722,0.09121156,,,,0.975,0.925,1.0,1.0,,,,0.925,0.85,0.86875,0.8875,,,,0.8164878,0.8053766,0.8281262,0.8165438,,,,0.023537248,0.021212876,0.003989309,0.009911001,,,0.093775034,0.09623949,0.100239865,0.082356736,0.100264475,,,0.00945965,0.009303503,0.009491035,0.008329537,0.0096846325,,,0.5912288,0.6295179,0.62353504,0.6347129,0.633492,,,0.16666666,0.14513889,0.15694445,0.14791667,0.14375,,,-0.002714471,-0.004042315,-0.0044387346,-0.003120453,-0.0037970329,,,0.014917117,0.012879128,0.012767422,0.012286791,0.011197604,,,,,0.23209536,0.08544536,0.17970702,,,,,,-0.034583252,0.11648397,,,1.1136502,1.1895064,1.066433,1.1712583,1.2609215,,,,,,-0.02839015,0.12234232,,,,,-0.23652855,-0.053945467,-0.18565807,,,,0.021539211,0.01786238,-0.0031468868,0.009911001,,
cache_new/HiMoE-VLA/libero_spatial/pick_up_the_black_bowl_next_to_the_plate_and_place_it_on_the_plate/right-50x8b-20260903,right-50x8b-20260903,libero_spatial,libero_spatial/pick_up_the_black_bowl_next_to_the_plate_and_place_it_on_the_plate,392,49,1008,10,1029d0827030a7521361d1904eeb3e7e7f2792be5c99abdb5701abb7ee87c137,27992,False,95,,False,True,-1,-1,success_no_alarm,0.99633956,0.9962727,0.9969926,0.9972426,0.9964809,,,0.041530777,0.042114794,0.04071654,0.03950747,0.0400521,,,0.15383828,0.15659249,0.15344614,0.1509017,0.15274912,,,0.0021920048,0.0018073656,0.0018938729,0.0015198623,0.0021403069,,,0.275,0.3,0.35,0.375,0.32500002,,,,0.054329243,0.06936219,0.05118852,0.05435094,,,,0.9,1.0,0.95,0.925,,,,0.74375,0.8625,0.7625,0.8000001,,,,0.8890134,0.86001647,0.89096963,0.88547087,,,,-0.018812805,0.0125321895,-0.009024024,-0.010790601,,,0.10569079,0.10882721,0.101607546,0.09835484,0.10690504,,,0.012991384,0.013293764,0.013028448,0.012449952,0.013520332,,,0.48805645,0.5261722,0.47261608,0.50150055,0.47510904,,,0.19722222,0.21319444,0.20208333,0.21180555,0.2125,,,-0.0012624902,-0.0015359083,-0.0009626557,-0.0003696939,-0.001145628,,,0.012754583,0.014326492,0.011963924,0.011164487,0.0087921675,,,,,0.3850134,0.088267446,0.14001994,,,,,,-0.051195264,0.0312605,,,0.9959575,0.9943866,0.9924189,0.994493,0.9947016,,,0.04253704,0.04334158,0.04815411,0.0439388,0.044429645,,,0.1589245,0.16040483,0.17313501,0.16318877,0.16384228,,,0.0020191967,0.0021752021,0.004265789,0.0030436802,0.0024067252,,,0.35000002,0.325,0.3,0.35000002,0.425,,,,0.079534695,0.10836402,0.08421494,0.08811098,,,,0.95000005,1.0,1.0,1.0,,,,0.80625004,0.9,0.86875,0.85,,,,0.83756524,0.7822723,0.82454944,0.82007205,,,,-0.0054264218,0.026630461,0.00089262426,0.0045411587,,,0.08559765,0.09103699,0.0918232,0.08388864,0.08436154,,,0.008635015,0.009180156,0.009033521,0.00845966,0.008628512,,,0.595165,0.608454,0.6474143,0.61692095,0.6291358,,,0.1625,0.1736111,0.12361111,0.13819446,0.15555556,,,-0.0026841161,-0.003996739,-0.0047823903,-0.003544098,-0.003368108,,,0.013410449,0.0136884805,0.012960956,0.012466195,0.010952978,,,,,0.3690521,0.11655603,0.16081896,,,,,,-0.0486987,-0.028837796,,,1.2347394,1.1954175,1.1065564,1.1724452,1.2672249,,,,,,-0.050827622,-0.031064564,,,,,-0.35764512,-0.10611464,-0.14760092,,,,-0.0061841607,0.025313914,0.00089263916,0.0043406487,,
cache_new/HiMoE-VLA/libero_spatial/pick_up_the_black_bowl_next_to_the_plate_and_place_it_on_the_plate/right-50x8b-20260903,right-50x8b-20260903,libero_spatial,libero_spatial/pick_up_the_black_bowl_next_to_the_plate_and_place_it_on_the_plate,393,49,1009,10,1029d0827030a7521361d1904eeb3e7e7f2792be5c99abdb5701abb7ee87c137,27993,False,98,,False,True,-1,-1,success_no_alarm,0.99618304,0.996449,0.9969578,0.9971536,0.9965568,,,0.041427657,0.041710008,0.041252144,0.03998497,0.03986543,,,0.15468317,0.15505932,0.15390702,0.1515133,0.15276772,,,0.0022739375,0.0015954486,0.0018047171,0.0014101546,0.0019320359,,,0.25,0.375,0.275,0.4,0.22500001,,,,0.04872717,0.069676325,0.052660793,0.05144146,,,,0.875,0.975,0.95,0.92499995,,,,0.6875,0.86249995,0.725,0.74375,,,,0.8980646,0.8583923,0.890247,0.8915686,,,,-0.019550502,0.009834006,-0.009768426,-0.020314619,,,0.10073214,0.109518886,0.106769234,0.10362283,0.10284263,,,0.012548028,0.013728855,0.0132250395,0.012904139,0.013332039,,,0.5181334,0.49736214,0.48907673,0.4929859,0.45494887,,,0.19513889,0.23958334,0.22083333,0.23819444,0.21111111,,,-0.0012499011,-0.0015830658,-0.0008111562,-0.0006487358,-0.0010911612,,,0.0134936785,0.014383334,0.009984619,0.00857039,0.010377798,,,,,0.42050087,0.1361564,0.11030628,,,,,,-0.021005316,0.010699117,,,0.9958463,0.9944669,0.9927389,0.9944622,0.9945195,,,0.042779308,0.04219594,0.047913805,0.044792805,0.04501301,,,0.15967828,0.16063938,0.1740359,0.1650424,0.16583541,,,0.0020914983,0.0015724718,0.004560464,0.0026010312,0.0025607874,,,0.40000004,0.375,0.375,0.425,0.375,,,,0.07686976,0.10230367,0.07950548,0.08086427,,,,0.975,0.975,1.0,0.95,,,,0.7875,0.89375,0.85,0.75,,,,0.8390497,0.79301983,0.83491844,0.8351877,,,,-0.0017882586,0.029591545,-0.010481656,-0.014582828,,,0.082401715,0.087292485,0.095923595,0.08848919,0.08709648,,,0.008677997,0.009095281,0.009454142,0.008943273,0.008925351,,,0.5949118,0.5956173,0.6228587,0.6027228,0.6374279,,,0.14861111,0.16874999,0.14027779,0.16875,0.13819444,,,-0.0027265097,-0.0037620345,-0.0044866493,-0.0035853223,-0.003636281,,,0.013150593,0.011423457,0.012068516,0.01186703,0.01064555,,,,,0.32021314,0.06756993,0.08542672,,,,,,-0.00790978,-0.009988811,,,1.2224519,1.2546198,1.1130654,1.1710225,1.1807897,,,,,,-0.012685914,-0.014691819,,,,,-0.3199138,-0.066713825,-0.09096879,,,,-0.004094243,0.021737754,-0.012458146,-0.016958237,,
cache_new/HiMoE-VLA/libero_spatial/pick_up_the_black_bowl_next_to_the_plate_and_place_it_on_the_plate/right-50x8b-20260903,right-50x8b-20260903,libero_spatial,libero_spatial/pick_up_the_black_bowl_next_to_the_plate_and_place_it_on_the_plate,394,49,1010,10,1029d0827030a7521361d1904eeb3e7e7f2792be5c99abdb5701abb7ee87c137,27994,False,91,,False,True,-1,-1,success_no_alarm,0.99614745,0.9965053,0.9971726,0.9969553,0.99345094,,,0.041626707,0.04188079,0.040868632,0.03995267,0.04831347,,,0.15507877,0.15520611,0.15282536,0.15129785,0.16618955,,,0.0023245863,0.0016434834,0.0016813368,0.0018180285,0.00483445,,,0.35000002,0.425,0.425,0.3,0.25,,,,0.05166589,0.06985581,0.057087023,0.078942835,,,,0.92499995,1.0,0.9,0.92499995,,,,0.7125,0.86249995,0.78749996,0.81875,,,,0.8950758,0.85661566,0.8797792,0.8492027,,,,-0.021233976,0.019631982,0.0022068322,0.0025873035,,,0.107166916,0.11113488,0.100654244,0.10010308,0.12764339,,,0.012964077,0.013593234,0.012892571,0.013074442,0.014557336,,,0.5087821,0.50885534,0.48377603,0.45308235,0.5354103,,,0.22013888,0.22847223,0.21180555,0.21527779,0.20555556,,,-0.001362842,-0.0013500638,-0.0005775177,-0.0009789596,-0.004076092,,,0.012753751,0.015962964,0.0077258875,0.011381916,0.010113876,,,,,0.39054352,0.19364183,0.49758953,,,,,,-0.0006570567,0.10378905,,,0.99595314,0.9940403,0.99303293,0.995096,0.99257475,,,0.042708825,0.044658154,0.049812086,0.042771846,0.04854922,,,0.15905623,0.1642122,0.17541714,0.16098073,0.17461064,,,0.0020745408,0.0021290248,0.003841009,0.0017952925,0.0046067615,,,0.325,0.45000002,0.5,0.45000002,0.25,,,,0.079468235,0.09746267,0.08361755,0.092033334,,,,0.9,0.9,0.92499995,0.92499995,,,,0.76874995,0.80625,0.85625,0.81875,,,,0.8393619,0.80538714,0.8269814,0.81129277,,,,-0.008419797,0.013894662,0.0059098005,-0.006981179,,,0.08698373,0.09419186,0.097925164,0.081425086,0.109016076,,,0.008901082,0.009350749,0.009371843,0.008368118,0.010118743,,,0.58141756,0.6147234,0.6454498,0.63369167,0.6164417,,,0.1659722,0.17569444,0.125,0.14861111,0.15208334,,,-0.0026953295,-0.0042195087,-0.004155806,-0.0034510384,-0.0044647385,,,0.013661567,0.013114998,0.013526342,0.011995135,0.01044786,,,,,0.2506133,0.09868394,0.19340008,,,,,,-0.08130359,0.10860794,,,1.232034,1.1798778,1.027869,1.2293887,1.1708676,,,,,,-0.088740714,0.10121979,,,,,-0.22573838,-0.08662779,-0.18901762,,,,-0.008419812,0.013574302,0.0057044625,-0.007476449,,
cache_new/HiMoE-VLA/libero_spatial/pick_up_the_black_bowl_next_to_the_plate_and_place_it_on_the_plate/right-50x8b-20260903,right-50x8b-20260903,libero_spatial,libero_spatial/pick_up_the_black_bowl_next_to_the_plate_and_place_it_on_the_plate,395,49,1011,10,1029d0827030a7521361d1904eeb3e7e7f2792be5c99abdb5701abb7ee87c137,27995,False,98,,False,True,-1,-1,success_no_alarm,0.99632025,0.9963443,0.9969882,0.9970561,0.99518716,,,0.040451683,0.04197769,0.04075914,0.040216304,0.04289975,,,0.15351039,0.15600756,0.1537508,0.15179776,0.15884827,,,0.0022245268,0.0016945967,0.0019273923,0.0016599938,0.0030736397,,,0.275,0.375,0.275,0.32500002,0.375,,,,0.054546185,0.070352495,0.0542903,0.060618173,,,,0.925,0.95,0.975,0.95000005,,,,0.75625,0.85,0.7625,0.78125,,,,0.8869873,0.85794497,0.8863579,0.87675095,,,,-0.015754327,0.015123144,-0.006541282,-0.013863832,,,0.10594174,0.11365435,0.10593325,0.10483551,0.11389696,,,0.012924155,0.013801644,0.013073454,0.012931797,0.013839894,,,0.4975269,0.5005251,0.47981998,0.47751012,0.49588013,,,0.22013889,0.22222221,0.20555556,0.24652776,0.21180555,,,-0.0012562645,-0.0013921824,-0.0006751179,-0.0007545395,-0.0023376397,,,0.012028055,0.013995147,0.010954309,0.00913143,0.009991565,,,,,0.38378027,0.12679566,0.23030195,,,,,,-0.019972822,0.048022736,,,0.99586546,0.9944754,0.99266744,0.99419075,0.9947945,,,0.043005623,0.044171117,0.04765591,0.045106575,0.045331493,,,0.15928306,0.16209018,0.1726962,0.16574273,0.1645238,,,0.002030427,0.0021612027,0.004044654,0.003215267,0.002722124,,,0.37500003,0.32500002,0.275,0.35000002,0.35000002,,,,0.08098089,0.10551414,0.08946371,0.08680483,,,,0.975,1.0,1.0,0.975,,,,0.8125,0.88124996,0.85625005,0.8,,,,0.83394694,0.7865565,0.816929,0.82513696,,,,-0.0010972321,0.028909326,0.00981462,0.0033930242,,,0.08790651,0.09396229,0.09434685,0.08906724,0.09026164,,,0.008803537,0.009376197,0.009128071,0.008854911,0.009160346,,,0.59215343,0.60376453,0.62939394,0.59846467,0.63760835,,,0.16874999,0.17638889,0.12708333,0.13958333,0.15555555,,,-0.0027154342,-0.0038519297,-0.004547944,-0.0039647506,-0.0033796825,,,0.012574912,0.013044482,0.0130319055,0.012487406,0.013379456,,,,,0.3397526,0.17243607,0.1427908,,,,,,-0.010925523,0.023531878,,,1.2051638,1.2095741,1.1228064,1.1770378,1.2618535,,,,,,-0.01493301,0.018978788,,,,,-0.32900244,-0.18971163,-0.17578514,,,,-0.0010972619,0.019642234,0.00981456,0.0005816817,,
cache_new/HiMoE-VLA/libero_spatial/pick_up_the_black_bowl_next_to_the_plate_and_place_it_on_the_plate/right-50x8b-20260903,right-50x8b-20260903,libero_spatial,libero_spatial/pick_up_the_black_bowl_next_to_the_plate_and_place_it_on_the_plate,396,49,1012,10,1029d0827030a7521361d1904eeb3e7e7f2792be5c99abdb5701abb7ee87c137,27996,False,95,,False,True,-1,-1,success_no_alarm,0.99638206,0.9959565,0.99701905,0.997182,0.99656296,,,0.04105204,0.04258682,0.040976323,0.04003779,0.040880382,,,0.15324613,0.15779601,0.1539162,0.15176715,0.15340349,,,0.0020928914,0.0019036245,0.001873235,0.0014885614,0.0020159634,,,0.275,0.375,0.32500002,0.4,0.375,,,,0.0539325,0.07007455,0.050883632,0.05655801,,,,0.8,0.975,0.9,0.975,,,,0.73749995,0.85625005,0.73125005,0.82500005,,,,0.88788503,0.8581698,0.8938385,0.8819964,,,,-0.016268611,0.008479327,-0.015526786,-0.005540982,,,0.105052024,0.111468166,0.107621156,0.10399477,0.1066802,,,0.012929998,0.01348328,0.013461275,0.013040252,0.013537985,,,0.52462304,0.52594143,0.46433073,0.47354317,0.48377305,,,0.21944444,0.21736112,0.22847222,0.22430554,0.20694444,,,-0.0007729416,-0.0014135598,-0.0010922446,-0.00059487077,-0.001251105,,,0.012508717,0.014765937,0.009252841,0.007595054,0.010787901,,,,,0.4250748,0.10406065,0.20881593,,,,,,-0.0136723835,0.023106553,,,0.9959871,0.9943352,0.9929813,0.99474955,0.9953737,,,0.042298757,0.04303902,0.047487967,0.045126088,0.04294409,,,0.15892752,0.1606074,0.17231706,0.16451779,0.15974714,,,0.0020087059,0.0019038995,0.004717484,0.0025564188,0.00213814,,,0.39999998,0.275,0.35000002,0.45,0.40000004,,,,0.08001034,0.104997315,0.08063876,0.08427009,,,,0.95000005,1.0,1.0,0.95,,,,0.81875,0.9125,0.8125,0.875,,,,0.83580816,0.787535,0.8313308,0.8260958,,,,0.0015613288,0.033021152,-0.007259667,-0.00045838952,,,0.0846003,0.09102088,0.096469074,0.08634692,0.08197164,,,0.008816461,0.009168332,0.009406007,0.008825684,0.008498275,,,0.5900226,0.61862475,0.6150261,0.5775417,0.6298354,,,0.16111112,0.17222223,0.14375001,0.15347223,0.13472223,,,-0.002395787,-0.0038355226,-0.004369838,-0.0033146217,-0.002746563,,,0.013181254,0.0125624575,0.011749076,0.012951512,0.011284828,,,,,0.3506711,0.08597268,0.12936518,,,,,,-0.009752505,-0.04723499,,,1.2417454,1.2246438,1.1156026,1.2043831,1.3014282,,,,,,-0.011574597,-0.049377505,,,,,-0.35799,-0.08221994,-0.12240236,,,,0.0004851818,0.026067376,-0.009889543,-0.0018844604,,
cache_new/HiMoE-VLA/libero_spatial/pick_up_the_black_bowl_next_to_the_plate_and_place_it_on_the_plate/right-50x8b-20260903,right-50x8b-20260903,libero_spatial,libero_spatial/pick_up_the_black_bowl_next_to_the_plate_and_place_it_on_the_plate,397,49,1013,10,1029d0827030a7521361d1904eeb3e7e7f2792be5c99abdb5701abb7ee87c137,27997,False,98,,False,True,-1,-1,success_no_alarm,0.99632835,0.996328,0.99726224,0.99719405,0.9967114,,,0.041191,0.041721925,0.040321082,0.040764585,0.04201412,,,0.15412636,0.15578622,0.15151112,0.15179875,0.15489559,,,0.0021517265,0.0017673968,0.0016368278,0.0016890073,0.0019339621,,,0.275,0.425,0.275,0.25,0.52500004,,,,0.054121144,0.06363745,0.051507365,0.05746461,,,,0.92499995,0.92499995,0.95000005,0.975,,,,0.7625,0.83125,0.8125,0.8625,,,,0.8893358,0.87000257,0.89147437,0.88073295,,,,-0.016177252,0.0016006529,-0.012280643,-0.0029836446,,,0.103092864,0.10781026,0.10243818,0.09816652,0.10076991,,,0.012905555,0.013550953,0.013181769,0.012628358,0.012901114,,,0.48443553,0.49559635,0.45256576,0.5013171,0.47054115,,,0.2298611,0.21249999,0.23055555,0.21944445,0.20555556,,,-0.0015139633,-0.0018081395,-0.00073716923,-0.00062102935,-0.0010568507,,,0.012715904,0.016394963,0.0123308515,0.009024911,0.010152788,,,,,0.2875231,0.07661167,0.1864822,,,,,,-0.028499138,-0.006511975,,,0.9960929,0.9944054,0.9930519,0.994434,0.99582964,,,0.04229167,0.043209665,0.04662043,0.043977384,0.04228112,,,0.15808249,0.1614097,0.17099008,0.16269541,0.15797034,,,0.0018952317,0.002055657,0.0032255002,0.0028316427,0.0015669167,,,0.35,0.32500002,0.35,0.325,0.475,,,,0.08201648,0.10569408,0.08796243,0.07889375,,,,0.975,1.0,0.975,1.0,,,,0.85625,0.90625,0.85625,0.84375,,,,0.83374345,0.78874004,0.8225543,0.8342444,,,,-0.0018330663,0.02945602,0.004236996,0.0027187467,,,0.08317885,0.08902457,0.09350189,0.08671409,0.07730284,,,0.008626994,0.009106464,0.008976089,0.008665713,0.00807954,,,0.58603513,0.60939884,0.64324236,0.6315731,0.627995,,,0.14583333,0.16666667,0.123611115,0.15416667,0.14652778,,,-0.0025697304,-0.0039177993,-0.0047032437,-0.0038193048,-0.0027164489,,,0.012564632,0.012436743,0.013193745,0.012702322,0.010972517,,,,,0.33476642,0.14808644,0.041289628,,,,,,-0.039251752,-0.109090574,,,1.2394121,1.2110169,1.0955734,1.1320711,1.3035731,,,,,,-0.03793543,-0.10797464,,,,,-0.34060645,-0.16734187,-0.01593366,,,,-0.0021752715,0.028142333,0.0032491684,-0.0008601546,,
cache_new/HiMoE-VLA/libero_spatial/pick_up_the_black_bowl_next_to_the_plate_and_place_it_on_the_plate/right-50x8b-20260903,right-50x8b-20260903,libero_spatial,libero_spatial/pick_up_the_black_bowl_next_to_the_plate_and_place_it_on_the_plate,398,49,1014,9,1029d0827030a7521361d1904eeb3e7e7f2792be5c99abdb5701abb7ee87c137,27998,False,90,,False,True,-1,-1,success_no_alarm,0.9961544,0.996339,0.9971673,0.9970517,,,,0.041281793,0.04214663,0.04089075,0.03966461,,,,0.15393412,0.15591627,0.15319636,0.15054397,,,,0.0022637388,0.0017527784,0.0017304551,0.0016716026,,,,0.35000002,0.45000002,0.4,0.25,,,,,0.052848548,0.06804161,0.05712528,,,,,0.95,0.92499995,0.875,,,,,0.71875,0.8625,0.79375,,,,,0.8928665,0.859923,0.8809407,,,,,-0.019765392,0.016203806,0.00046284497,,,,0.10664645,0.110178426,0.10598009,0.10009599,,,,0.013104387,0.0135954,0.013026159,0.012891227,,,,0.5048295,0.5046264,0.48764044,0.4610141,,,,0.20555554,0.2451389,0.18958333,0.22708333,,,,-0.0012770572,-0.0016478002,-0.00016300516,-0.0010238644,,,,0.012666868,0.01528325,0.008317529,0.0121536525,,,,,,0.35890645,0.18592654,,,,,,,-0.027075829,,,,0.9959599,0.9940833,0.9932954,0.9954987,,,,0.042702116,0.044417363,0.0495622,0.04245245,,,,0.15870595,0.16402738,0.17385468,0.15886995,,,,0.0020692437,0.0023310871,0.0035795951,0.001881473,,,,0.39999998,0.275,0.57500005,0.325,,,,,0.08202254,0.09550728,0.08076224,,,,,0.875,0.975,0.9,,,,,0.8125,0.79375005,0.79375,,,,,0.83228034,0.8084398,0.8317932,,,,,-0.0027344972,0.011764988,0.002353713,,,,0.08524436,0.09458588,0.09820727,0.081832364,,,,0.008691417,0.009650422,0.009403431,0.008460609,,,,0.5941063,0.6138793,0.6456902,0.63170457,,,,0.15069444,0.16666667,0.12916666,0.16319445,,,,-0.0025419379,-0.0043097134,-0.0039547924,-0.0032371434,,,,0.012886232,0.013179152,0.013447329,0.012767404,,,,,,0.22848144,0.05872023,,,,,,,-0.06434928,,,,1.2510675,1.1648507,1.0791471,1.2231834,,,,,,,-0.059465084,,,,,,-0.1870232,-0.045954246,,,,,-0.0027344823,0.00809592,0.0016934872,,,
cache_new/HiMoE-VLA/libero_spatial/pick_up_the_black_bowl_next_to_the_plate_and_place_it_on_the_plate/right-50x8b-20260903,right-50x8b-20260903,libero_spatial,libero_spatial/pick_up_the_black_bowl_next_to_the_plate_and_place_it_on_the_plate,399,49,1015,10,1029d0827030a7521361d1904eeb3e7e7f2792be5c99abdb5701abb7ee87c137,27999,False,96,,False,True,-1,-1,success_no_alarm,0.9962588,0.9963343,0.99694526,0.99739844,0.9956605,,,0.041688472,0.042131558,0.041335102,0.039298672,0.044148784,,,0.15393947,0.15581954,0.15426263,0.14961642,0.15906003,,,0.0022308042,0.0017526752,0.0019253457,0.0014884067,0.0030423214,,,0.35000002,0.375,0.325,0.4,0.4,,,,0.05537329,0.06804678,0.054228544,0.05876352,,,,0.9,1.0,0.92499995,0.9,,,,0.7875,0.88125,0.8249999,0.82500005,,,,0.88559854,0.86119664,0.8866674,0.87870276,,,,-0.012831196,0.007239774,-0.010282218,-0.014880031,,,0.09997624,0.112396166,0.10772586,0.1001758,0.11134268,,,0.012708112,0.013486236,0.013387397,0.012725413,0.01344773,,,0.49230236,0.510312,0.45817295,0.49858838,0.5081481,,,0.21180555,0.20347221,0.21249999,0.22916666,0.2111111,,,-0.0015946059,-0.0010478903,-0.0009062282,-0.00025916065,-0.0020874566,,,0.01331205,0.014278319,0.011052548,0.009253625,0.009357435,,,,,0.36962214,0.14577249,0.21848497,,,,,,-0.037677534,0.016733909,,,0.99594736,0.994308,0.99239874,0.99443644,0.9951697,,,0.04263121,0.04322993,0.04818724,0.042813487,0.04308392,,,0.15851474,0.16098118,0.17258537,0.16118935,0.16015461,,,0.0019719875,0.0021039327,0.004268902,0.0027837455,0.0025987783,,,0.32500002,0.275,0.3,0.3,0.275,,,,0.08241162,0.10806087,0.08455621,0.08209658,,,,0.9,1.0,1.0,0.975,,,,0.85625,0.90625,0.85,0.8125,,,,0.83110034,0.7811087,0.8273189,0.8342016,,,,0.003152296,0.028097048,-0.00016571581,-0.008694872,,,0.08251846,0.09159452,0.09539067,0.08567318,0.08296739,,,0.008738633,0.009141621,0.00909505,0.008569422,0.008432927,,,0.58998567,0.61691797,0.6284182,0.6329754,0.6393707,,,0.15902779,0.15902779,0.12708333,0.15555556,0.16805556,,,-0.0026509406,-0.0039910814,-0.0049249297,-0.003966109,-0.003025622,,,0.01224196,0.01225638,0.011575262,0.012291239,0.010062427,,,,,0.34843886,0.1032854,0.067038916,,,,,,-0.055741467,-0.071589835,,,1.2115622,1.2271059,1.1293123,1.1692784,1.3420054,,,,,,-0.062086962,-0.07814338,,,,,-0.35674965,-0.091038,-0.09277273,,,,0.0015004873,0.022193372,-0.00016576052,-0.009354472,,
