run_role,episode_index,init_state_id,failure_family,window,feature,score
preliminary_gpu4,0,3,target_missed_grasp_proxy,pre5,frozen_conjunction_margin,-0.15120347182969412
preliminary_gpu4,0,3,target_missed_grasp_proxy,pre5,layer5_gap_log_ratio,0.011973366127966066
preliminary_gpu4,0,3,target_missed_grasp_proxy,pre5,back_jump_log_ratio,0.13077429749364755
preliminary_gpu4,0,3,target_missed_grasp_proxy,pre5,nominal_action_log_margin,0.20162235246496976
preliminary_gpu4,0,3,target_missed_grasp_proxy,pre5,phase_match_distance,0.04035854286381176
preliminary_gpu4,0,3,target_missed_grasp_proxy,pre5,front_late_flow_wj,0.03617436811327934
preliminary_gpu4,0,3,target_missed_grasp_proxy,pre5,back_late_flow_wj,0.02891535684466362
preliminary_gpu4,0,3,target_missed_grasp_proxy,pre5,front_route_acceleration,0.013086788043519726
preliminary_gpu4,0,3,target_missed_grasp_proxy,pre5,back_route_acceleration,0.008159687080705264
preliminary_gpu4,0,3,target_missed_grasp_proxy,pre5,front_chunk_jump_h,0.03898528777062893
preliminary_gpu4,0,3,target_missed_grasp_proxy,pre5,back_chunk_jump_h,0.03345932252705097
preliminary_gpu4,0,3,target_missed_grasp_proxy,pre5,layer5_state_action_gap,0.22923830151557922
preliminary_gpu4,0,3,target_missed_grasp_proxy,at,frozen_conjunction_margin,-0.5905336690593076
preliminary_gpu4,0,3,target_missed_grasp_proxy,at,layer5_gap_log_ratio,-0.5905336690593076
preliminary_gpu4,0,3,target_missed_grasp_proxy,at,back_jump_log_ratio,-0.0926934801271457
preliminary_gpu4,0,3,target_missed_grasp_proxy,at,nominal_action_log_margin,0.0896016148502406
preliminary_gpu4,0,3,target_missed_grasp_proxy,at,phase_match_distance,0.04139626398682594
preliminary_gpu4,0,3,target_missed_grasp_proxy,at,front_late_flow_wj,0.03515585884451866
preliminary_gpu4,0,3,target_missed_grasp_proxy,at,back_late_flow_wj,0.030605047941207886
preliminary_gpu4,0,3,target_missed_grasp_proxy,at,front_route_acceleration,0.012947190120337512
preliminary_gpu4,0,3,target_missed_grasp_proxy,at,back_route_acceleration,0.008626138297336994
preliminary_gpu4,0,3,target_missed_grasp_proxy,at,front_chunk_jump_h,0.04526902828365564
preliminary_gpu4,0,3,target_missed_grasp_proxy,at,back_chunk_jump_h,0.03748119994997978
preliminary_gpu4,0,3,target_missed_grasp_proxy,at,layer5_state_action_gap,0.16446292400360107
preliminary_gpu4,0,3,target_missed_grasp_proxy,post5,frozen_conjunction_margin,-0.0166516865974506
preliminary_gpu4,0,3,target_missed_grasp_proxy,post5,layer5_gap_log_ratio,0.4660025192021313
preliminary_gpu4,0,3,target_missed_grasp_proxy,post5,back_jump_log_ratio,0.16307782210994692
preliminary_gpu4,0,3,target_missed_grasp_proxy,post5,nominal_action_log_margin,0.03226997184064028
preliminary_gpu4,0,3,target_missed_grasp_proxy,post5,phase_match_distance,0.04143803779567991
preliminary_gpu4,0,3,target_missed_grasp_proxy,post5,front_late_flow_wj,0.03791167587041855
preliminary_gpu4,0,3,target_missed_grasp_proxy,post5,back_late_flow_wj,0.034026242792606354
preliminary_gpu4,0,3,target_missed_grasp_proxy,post5,front_route_acceleration,0.01362804563880592
preliminary_gpu4,0,3,target_missed_grasp_proxy,post5,back_route_acceleration,0.00918976335889477
preliminary_gpu4,0,3,target_missed_grasp_proxy,post5,front_chunk_jump_h,0.046700422652065754
preliminary_gpu4,0,3,target_missed_grasp_proxy,post5,back_chunk_jump_h,0.047275454737246037
preliminary_gpu4,0,3,target_missed_grasp_proxy,post5,layer5_state_action_gap,0.749085545539856
preliminary_gpu4,0,3,target_missed_grasp_proxy,around5,frozen_conjunction_margin,-0.0166516865974506
preliminary_gpu4,0,3,target_missed_grasp_proxy,around5,layer5_gap_log_ratio,0.4660025192021313
preliminary_gpu4,0,3,target_missed_grasp_proxy,around5,back_jump_log_ratio,0.16307782210994692
preliminary_gpu4,0,3,target_missed_grasp_proxy,around5,nominal_action_log_margin,0.20162235246496976
preliminary_gpu4,0,3,target_missed_grasp_proxy,around5,phase_match_distance,0.04143803779567991
preliminary_gpu4,0,3,target_missed_grasp_proxy,around5,front_late_flow_wj,0.03791167587041855
preliminary_gpu4,0,3,target_missed_grasp_proxy,around5,back_late_flow_wj,0.034026242792606354
preliminary_gpu4,0,3,target_missed_grasp_proxy,around5,front_route_acceleration,0.01362804563880592
preliminary_gpu4,0,3,target_missed_grasp_proxy,around5,back_route_acceleration,0.00918976335889477
preliminary_gpu4,0,3,target_missed_grasp_proxy,around5,front_chunk_jump_h,0.046700422652065754
preliminary_gpu4,0,3,target_missed_grasp_proxy,around5,back_chunk_jump_h,0.047275454737246037
preliminary_gpu4,0,3,target_missed_grasp_proxy,around5,layer5_state_action_gap,0.749085545539856
preliminary_gpu4,1,0,success,pre5,frozen_conjunction_margin,-0.012376186484609763
preliminary_gpu4,1,0,success,pre5,layer5_gap_log_ratio,0.003945393277457006
preliminary_gpu4,1,0,success,pre5,back_jump_log_ratio,0.030261065605155697
preliminary_gpu4,1,0,success,pre5,nominal_action_log_margin,0.2871563418140662
preliminary_gpu4,1,0,success,pre5,phase_match_distance,0.038114018738269806
preliminary_gpu4,1,0,success,pre5,front_late_flow_wj,0.03419650346040726
preliminary_gpu4,1,0,success,pre5,back_late_flow_wj,0.027526745572686195
preliminary_gpu4,1,0,success,pre5,front_route_acceleration,0.012439684554809236
preliminary_gpu4,1,0,success,pre5,back_route_acceleration,0.0074756548309932915
preliminary_gpu4,1,0,success,pre5,front_chunk_jump_h,0.04184931702911854
preliminary_gpu4,1,0,success,pre5,back_chunk_jump_h,0.0346136474981904
preliminary_gpu4,1,0,success,pre5,layer5_state_action_gap,0.23414307832717896
preliminary_gpu4,1,0,success,at,frozen_conjunction_margin,-0.28006534464495275
preliminary_gpu4,1,0,success,at,layer5_gap_log_ratio,-0.28006534464495275
preliminary_gpu4,1,0,success,at,back_jump_log_ratio,-0.025135869589158703
preliminary_gpu4,1,0,success,at,nominal_action_log_margin,0.13959668514296003
preliminary_gpu4,1,0,success,at,phase_match_distance,0.04022638180426189
preliminary_gpu4,1,0,success,at,front_late_flow_wj,0.035454750061035156
preliminary_gpu4,1,0,success,at,back_late_flow_wj,0.02709275484085083
preliminary_gpu4,1,0,success,at,front_route_acceleration,0.013066708930921461
preliminary_gpu4,1,0,success,at,back_route_acceleration,0.0075300035203913675
preliminary_gpu4,1,0,success,at,front_chunk_jump_h,0.04542984161525965
preliminary_gpu4,1,0,success,at,back_chunk_jump_h,0.04018976166844368
preliminary_gpu4,1,0,success,at,layer5_state_action_gap,0.2244846224784851
preliminary_gpu4,1,0,success,post5,frozen_conjunction_margin,0.017667407565195317
preliminary_gpu4,1,0,success,post5,layer5_gap_log_ratio,0.017667407565195317
preliminary_gpu4,1,0,success,post5,back_jump_log_ratio,0.1082067781544656
preliminary_gpu4,1,0,success,post5,nominal_action_log_margin,0.2400168993360401
preliminary_gpu4,1,0,success,post5,phase_match_distance,0.03798170068434307
preliminary_gpu4,1,0,success,post5,front_late_flow_wj,0.029482578858733177
preliminary_gpu4,1,0,success,post5,back_late_flow_wj,0.027940167114138603
preliminary_gpu4,1,0,success,post5,front_route_acceleration,0.012005449062829437
preliminary_gpu4,1,0,success,post5,back_route_acceleration,0.007488026319119585
preliminary_gpu4,1,0,success,post5,front_chunk_jump_h,0.043594774790108204
preliminary_gpu4,1,0,success,post5,back_chunk_jump_h,0.046131839975714684
preliminary_gpu4,1,0,success,post5,layer5_state_action_gap,0.7158213257789612
preliminary_gpu4,1,0,success,around5,frozen_conjunction_margin,0.017667407565195317
preliminary_gpu4,1,0,success,around5,layer5_gap_log_ratio,0.017667407565195317
preliminary_gpu4,1,0,success,around5,back_jump_log_ratio,0.1082067781544656
preliminary_gpu4,1,0,success,around5,nominal_action_log_margin,0.2871563418140662
preliminary_gpu4,1,0,success,around5,phase_match_distance,0.04022638180426189
preliminary_gpu4,1,0,success,around5,front_late_flow_wj,0.035454750061035156
preliminary_gpu4,1,0,success,around5,back_late_flow_wj,0.027940167114138603
preliminary_gpu4,1,0,success,around5,front_route_acceleration,0.013066708930921461
preliminary_gpu4,1,0,success,around5,back_route_acceleration,0.0075300035203913675
preliminary_gpu4,1,0,success,around5,front_chunk_jump_h,0.04542984161525965
preliminary_gpu4,1,0,success,around5,back_chunk_jump_h,0.046131839975714684
preliminary_gpu4,1,0,success,around5,layer5_state_action_gap,0.7158213257789612
preliminary_gpu4,2,20,target_missed_grasp_proxy,pre5,frozen_conjunction_margin,-0.03636806684539644
preliminary_gpu4,2,20,target_missed_grasp_proxy,pre5,layer5_gap_log_ratio,0.11564333936945295
preliminary_gpu4,2,20,target_missed_grasp_proxy,pre5,back_jump_log_ratio,0.06971375600384684
preliminary_gpu4,2,20,target_missed_grasp_proxy,pre5,nominal_action_log_margin,0.15522811434711176
preliminary_gpu4,2,20,target_missed_grasp_proxy,pre5,phase_match_distance,0.039356631359883716
preliminary_gpu4,2,20,target_missed_grasp_proxy,pre5,front_late_flow_wj,0.037814173847436905
preliminary_gpu4,2,20,target_missed_grasp_proxy,pre5,back_late_flow_wj,0.036615028977394104
preliminary_gpu4,2,20,target_missed_grasp_proxy,pre5,front_route_acceleration,0.012971579968561306
preliminary_gpu4,2,20,target_missed_grasp_proxy,pre5,back_route_acceleration,0.009636736491805253
preliminary_gpu4,2,20,target_missed_grasp_proxy,pre5,front_chunk_jump_h,0.04175562039017677
preliminary_gpu4,2,20,target_missed_grasp_proxy,pre5,back_chunk_jump_h,0.03376647178083658
preliminary_gpu4,2,20,target_missed_grasp_proxy,pre5,layer5_state_action_gap,0.2600962817668915
preliminary_gpu4,2,20,target_missed_grasp_proxy,at,frozen_conjunction_margin,-0.11623409527798904
preliminary_gpu4,2,20,target_missed_grasp_proxy,at,layer5_gap_log_ratio,-0.11623409527798904
preliminary_gpu4,2,20,target_missed_grasp_proxy,at,back_jump_log_ratio,-0.11574030669484259
preliminary_gpu4,2,20,target_missed_grasp_proxy,at,nominal_action_log_margin,0.23341645040223755
preliminary_gpu4,2,20,target_missed_grasp_proxy,at,phase_match_distance,0.04036903381347656
preliminary_gpu4,2,20,target_missed_grasp_proxy,at,front_late_flow_wj,0.03761965036392212
preliminary_gpu4,2,20,target_missed_grasp_proxy,at,back_late_flow_wj,0.03173403814435005
preliminary_gpu4,2,20,target_missed_grasp_proxy,at,front_route_acceleration,0.013340901715877068
preliminary_gpu4,2,20,target_missed_grasp_proxy,at,back_route_acceleration,0.008498377087097463
preliminary_gpu4,2,20,target_missed_grasp_proxy,at,front_chunk_jump_h,0.04381559509783983
preliminary_gpu4,2,20,target_missed_grasp_proxy,at,back_chunk_jump_h,0.03929893206804991
preliminary_gpu4,2,20,target_missed_grasp_proxy,at,layer5_state_action_gap,0.4822266101837158
preliminary_gpu4,2,20,target_missed_grasp_proxy,post5,frozen_conjunction_margin,0.07341134359597169
preliminary_gpu4,2,20,target_missed_grasp_proxy,post5,layer5_gap_log_ratio,0.27986914892497067
preliminary_gpu4,2,20,target_missed_grasp_proxy,post5,back_jump_log_ratio,0.2739358491502237
preliminary_gpu4,2,20,target_missed_grasp_proxy,post5,nominal_action_log_margin,0.16585014629878922
preliminary_gpu4,2,20,target_missed_grasp_proxy,post5,phase_match_distance,0.042741336460624425
preliminary_gpu4,2,20,target_missed_grasp_proxy,post5,front_late_flow_wj,0.033292487263679504
preliminary_gpu4,2,20,target_missed_grasp_proxy,post5,back_late_flow_wj,0.030790280550718307
preliminary_gpu4,2,20,target_missed_grasp_proxy,post5,front_route_acceleration,0.012824681680265496
preliminary_gpu4,2,20,target_missed_grasp_proxy,post5,back_route_acceleration,0.007980340176579203
preliminary_gpu4,2,20,target_missed_grasp_proxy,post5,front_chunk_jump_h,0.0465763621032238
preliminary_gpu4,2,20,target_missed_grasp_proxy,post5,back_chunk_jump_h,0.03884588088840246
preliminary_gpu4,2,20,target_missed_grasp_proxy,post5,layer5_state_action_gap,0.701069176197052
preliminary_gpu4,2,20,target_missed_grasp_proxy,around5,frozen_conjunction_margin,0.07341134359597169
preliminary_gpu4,2,20,target_missed_grasp_proxy,around5,layer5_gap_log_ratio,0.27986914892497067
preliminary_gpu4,2,20,target_missed_grasp_proxy,around5,back_jump_log_ratio,0.2739358491502237
preliminary_gpu4,2,20,target_missed_grasp_proxy,around5,nominal_action_log_margin,0.23341645040223755
preliminary_gpu4,2,20,target_missed_grasp_proxy,around5,phase_match_distance,0.042741336460624425
preliminary_gpu4,2,20,target_missed_grasp_proxy,around5,front_late_flow_wj,0.037814173847436905
preliminary_gpu4,2,20,target_missed_grasp_proxy,around5,back_late_flow_wj,0.036615028977394104
preliminary_gpu4,2,20,target_missed_grasp_proxy,around5,front_route_acceleration,0.013340901715877068
preliminary_gpu4,2,20,target_missed_grasp_proxy,around5,back_route_acceleration,0.009636736491805253
preliminary_gpu4,2,20,target_missed_grasp_proxy,around5,front_chunk_jump_h,0.0465763621032238
preliminary_gpu4,2,20,target_missed_grasp_proxy,around5,back_chunk_jump_h,0.03929893206804991
preliminary_gpu4,2,20,target_missed_grasp_proxy,around5,layer5_state_action_gap,0.701069176197052
preliminary_gpu4,3,7,success,pre5,frozen_conjunction_margin,-0.03108192798175259
preliminary_gpu4,3,7,success,pre5,layer5_gap_log_ratio,0.22775448888207617
preliminary_gpu4,3,7,success,pre5,back_jump_log_ratio,0.04979109603375666
preliminary_gpu4,3,7,success,pre5,nominal_action_log_margin,0.15875541361394147
preliminary_gpu4,3,7,success,pre5,phase_match_distance,0.03924615574734552
preliminary_gpu4,3,7,success,pre5,front_late_flow_wj,0.03493944928050041
preliminary_gpu4,3,7,success,pre5,back_late_flow_wj,0.0258344616740942
preliminary_gpu4,3,7,success,pre5,front_route_acceleration,0.01253822412843702
preliminary_gpu4,3,7,success,pre5,back_route_acceleration,0.007385707388400789
preliminary_gpu4,3,7,success,pre5,front_chunk_jump_h,0.04434138536453247
preliminary_gpu4,3,7,success,pre5,back_chunk_jump_h,0.03508201986551285
preliminary_gpu4,3,7,success,pre5,layer5_state_action_gap,0.2882108688354492
preliminary_gpu4,3,7,success,at,frozen_conjunction_margin,-0.042112346454456974
preliminary_gpu4,3,7,success,at,layer5_gap_log_ratio,-0.042112346454456974
preliminary_gpu4,3,7,success,at,back_jump_log_ratio,0.11511993478424651
preliminary_gpu4,3,7,success,at,nominal_action_log_margin,0.08936913489505728
preliminary_gpu4,3,7,success,at,phase_match_distance,0.04093354833977563
preliminary_gpu4,3,7,success,at,front_late_flow_wj,0.034825779497623444
preliminary_gpu4,3,7,success,at,back_late_flow_wj,0.025616323575377464
preliminary_gpu4,3,7,success,at,front_route_acceleration,0.012745001851022165
preliminary_gpu4,3,7,success,at,back_route_acceleration,0.007712154908332977
preliminary_gpu4,3,7,success,at,front_chunk_jump_h,0.04627282731235027
preliminary_gpu4,3,7,success,at,back_chunk_jump_h,0.0396569911390543
preliminary_gpu4,3,7,success,at,layer5_state_action_gap,0.28363773226737976
preliminary_gpu4,3,7,success,post5,frozen_conjunction_margin,-0.0048353532123365335
preliminary_gpu4,3,7,success,post5,layer5_gap_log_ratio,0.4357457973620074
preliminary_gpu4,3,7,success,post5,back_jump_log_ratio,0.43863826256663285
preliminary_gpu4,3,7,success,post5,nominal_action_log_margin,0.2982718465117167
preliminary_gpu4,3,7,success,post5,phase_match_distance,0.04413807126028197
preliminary_gpu4,3,7,success,post5,front_late_flow_wj,0.0328964963555336
preliminary_gpu4,3,7,success,post5,back_late_flow_wj,0.027808938175439835
preliminary_gpu4,3,7,success,post5,front_route_acceleration,0.012250778831874873
preliminary_gpu4,3,7,success,post5,back_route_acceleration,0.007350007595957273
preliminary_gpu4,3,7,success,post5,front_chunk_jump_h,0.04929548595100641
preliminary_gpu4,3,7,success,post5,back_chunk_jump_h,0.041997519321739674
preliminary_gpu4,3,7,success,post5,layer5_state_action_gap,0.692994236946106
preliminary_gpu4,3,7,success,around5,frozen_conjunction_margin,-0.0048353532123365335
preliminary_gpu4,3,7,success,around5,layer5_gap_log_ratio,0.4357457973620074
preliminary_gpu4,3,7,success,around5,back_jump_log_ratio,0.43863826256663285
preliminary_gpu4,3,7,success,around5,nominal_action_log_margin,0.2982718465117167
preliminary_gpu4,3,7,success,around5,phase_match_distance,0.04413807126028197
preliminary_gpu4,3,7,success,around5,front_late_flow_wj,0.03493944928050041
preliminary_gpu4,3,7,success,around5,back_late_flow_wj,0.027808938175439835
preliminary_gpu4,3,7,success,around5,front_route_acceleration,0.012745001851022165
preliminary_gpu4,3,7,success,around5,back_route_acceleration,0.007712154908332977
preliminary_gpu4,3,7,success,around5,front_chunk_jump_h,0.04929548595100641
preliminary_gpu4,3,7,success,around5,back_chunk_jump_h,0.041997519321739674
preliminary_gpu4,3,7,success,around5,layer5_state_action_gap,0.692994236946106
preliminary_gpu4,4,7,success,pre5,frozen_conjunction_margin,-0.10169327289757735
preliminary_gpu4,4,7,success,pre5,layer5_gap_log_ratio,0.40722243638152933
preliminary_gpu4,4,7,success,pre5,back_jump_log_ratio,0.11635128622614685
preliminary_gpu4,4,7,success,pre5,nominal_action_log_margin,0.23351385681955544
preliminary_gpu4,4,7,success,pre5,phase_match_distance,0.03670879719512803
preliminary_gpu4,4,7,success,pre5,front_late_flow_wj,0.03418400511145592
preliminary_gpu4,4,7,success,pre5,back_late_flow_wj,0.026841478422284126
preliminary_gpu4,4,7,success,pre5,front_route_acceleration,0.012436062706129895
preliminary_gpu4,4,7,success,pre5,back_route_acceleration,0.007604272866289327
preliminary_gpu4,4,7,success,pre5,front_chunk_jump_h,0.03918638825416565
preliminary_gpu4,4,7,success,pre5,back_chunk_jump_h,0.03169506462290883
preliminary_gpu4,4,7,success,pre5,layer5_state_action_gap,0.3548709750175476
preliminary_gpu4,4,7,success,at,frozen_conjunction_margin,-0.23248965163219512
preliminary_gpu4,4,7,success,at,layer5_gap_log_ratio,-0.23248965163219512
preliminary_gpu4,4,7,success,at,back_jump_log_ratio,0.05592648282726842
preliminary_gpu4,4,7,success,at,nominal_action_log_margin,0.10837476144079865
preliminary_gpu4,4,7,success,at,phase_match_distance,0.04060175642371178
preliminary_gpu4,4,7,success,at,front_late_flow_wj,0.03665534034371376
preliminary_gpu4,4,7,success,at,back_late_flow_wj,0.028355615213513374
preliminary_gpu4,4,7,success,at,front_route_acceleration,0.012990913636558878
preliminary_gpu4,4,7,success,at,back_route_acceleration,0.007856016023314172
preliminary_gpu4,4,7,success,at,front_chunk_jump_h,0.04582199640572071
preliminary_gpu4,4,7,success,at,back_chunk_jump_h,0.041555244475603104
preliminary_gpu4,4,7,success,at,layer5_state_action_gap,0.18812377750873566
preliminary_gpu4,4,7,success,post5,frozen_conjunction_margin,0.019707803999801682
preliminary_gpu4,4,7,success,post5,layer5_gap_log_ratio,0.019707803999801682
preliminary_gpu4,4,7,success,post5,back_jump_log_ratio,0.12845314822237652
preliminary_gpu4,4,7,success,post5,nominal_action_log_margin,0.28481815373876934
preliminary_gpu4,4,7,success,post5,phase_match_distance,0.04269691822784288
preliminary_gpu4,4,7,success,post5,front_late_flow_wj,0.03285663574934006
preliminary_gpu4,4,7,success,post5,back_late_flow_wj,0.02739766240119934
preliminary_gpu4,4,7,success,post5,front_route_acceleration,0.01237489579777691
preliminary_gpu4,4,7,success,post5,back_route_acceleration,0.007350431734634566
preliminary_gpu4,4,7,success,post5,front_chunk_jump_h,0.04512409307062626
preliminary_gpu4,4,7,success,post5,back_chunk_jump_h,0.04569625575095415
preliminary_gpu4,4,7,success,post5,layer5_state_action_gap,0.7036871314048767
preliminary_gpu4,4,7,success,around5,frozen_conjunction_margin,0.019707803999801682
preliminary_gpu4,4,7,success,around5,layer5_gap_log_ratio,0.40722243638152933
preliminary_gpu4,4,7,success,around5,back_jump_log_ratio,0.12845314822237652
preliminary_gpu4,4,7,success,around5,nominal_action_log_margin,0.28481815373876934
preliminary_gpu4,4,7,success,around5,phase_match_distance,0.04269691822784288
preliminary_gpu4,4,7,success,around5,front_late_flow_wj,0.03665534034371376
preliminary_gpu4,4,7,success,around5,back_late_flow_wj,0.028355615213513374
preliminary_gpu4,4,7,success,around5,front_route_acceleration,0.012990913636558878
preliminary_gpu4,4,7,success,around5,back_route_acceleration,0.007856016023314172
preliminary_gpu4,4,7,success,around5,front_chunk_jump_h,0.04582199640572071
preliminary_gpu4,4,7,success,around5,back_chunk_jump_h,0.04569625575095415
preliminary_gpu4,4,7,success,around5,layer5_state_action_gap,0.7036871314048767
preliminary_gpu4,5,20,success,pre5,frozen_conjunction_margin,-0.07725218115480702
preliminary_gpu4,5,20,success,pre5,layer5_gap_log_ratio,0.03157922385970609
preliminary_gpu4,5,20,success,pre5,back_jump_log_ratio,-0.02775758073832351
preliminary_gpu4,5,20,success,pre5,nominal_action_log_margin,0.2811630538551863
preliminary_gpu4,5,20,success,pre5,phase_match_distance,0.04025117627211979
preliminary_gpu4,5,20,success,pre5,front_late_flow_wj,0.03636646270751953
preliminary_gpu4,5,20,success,pre5,back_late_flow_wj,0.03142718970775604
preliminary_gpu4,5,20,success,pre5,front_route_acceleration,0.013028787314263546
preliminary_gpu4,5,20,success,pre5,back_route_acceleration,0.008493623649042345
preliminary_gpu4,5,20,success,pre5,front_chunk_jump_h,0.044004615396261215
preliminary_gpu4,5,20,success,pre5,back_chunk_jump_h,0.034092471934854984
preliminary_gpu4,5,20,success,pre5,layer5_state_action_gap,0.24297206103801727
preliminary_gpu4,5,20,success,at,frozen_conjunction_margin,-0.2742340007011389
preliminary_gpu4,5,20,success,at,layer5_gap_log_ratio,-0.2742340007011389
preliminary_gpu4,5,20,success,at,back_jump_log_ratio,-0.022196813790055753
preliminary_gpu4,5,20,success,at,nominal_action_log_margin,0.3418014254343377
preliminary_gpu4,5,20,success,at,phase_match_distance,0.04129905626177788
preliminary_gpu4,5,20,success,at,front_late_flow_wj,0.0357697494328022
preliminary_gpu4,5,20,success,at,back_late_flow_wj,0.029505662620067596
preliminary_gpu4,5,20,success,at,front_route_acceleration,0.012852316704115727
preliminary_gpu4,5,20,success,at,back_route_acceleration,0.00774451263164444
preliminary_gpu4,5,20,success,at,front_chunk_jump_h,0.05134690832346678
preliminary_gpu4,5,20,success,at,back_chunk_jump_h,0.03843232803046703
preliminary_gpu4,5,20,success,at,layer5_state_action_gap,0.3832036554813385
preliminary_gpu4,5,20,success,post5,frozen_conjunction_margin,-0.002309205951176082
preliminary_gpu4,5,20,success,post5,layer5_gap_log_ratio,0.03602056926857102
preliminary_gpu4,5,20,success,post5,back_jump_log_ratio,0.08463982865397832
preliminary_gpu4,5,20,success,post5,nominal_action_log_margin,0.22104578725639853
preliminary_gpu4,5,20,success,post5,phase_match_distance,0.0394685050206525
preliminary_gpu4,5,20,success,post5,front_late_flow_wj,0.03053634613752365
preliminary_gpu4,5,20,success,post5,back_late_flow_wj,0.02651582472026348
preliminary_gpu4,5,20,success,post5,front_route_acceleration,0.012357704672437811
preliminary_gpu4,5,20,success,post5,back_route_acceleration,0.007347048232763202
preliminary_gpu4,5,20,success,post5,front_chunk_jump_h,0.04801472183316946
preliminary_gpu4,5,20,success,post5,back_chunk_jump_h,0.042532628402113914
preliminary_gpu4,5,20,success,post5,layer5_state_action_gap,0.7151771783828735
preliminary_gpu4,5,20,success,around5,frozen_conjunction_margin,-0.002309205951176082
preliminary_gpu4,5,20,success,around5,layer5_gap_log_ratio,0.03602056926857102
preliminary_gpu4,5,20,success,around5,back_jump_log_ratio,0.08463982865397832
preliminary_gpu4,5,20,success,around5,nominal_action_log_margin,0.3418014254343377
preliminary_gpu4,5,20,success,around5,phase_match_distance,0.04129905626177788
preliminary_gpu4,5,20,success,around5,front_late_flow_wj,0.03636646270751953
preliminary_gpu4,5,20,success,around5,back_late_flow_wj,0.03142718970775604
preliminary_gpu4,5,20,success,around5,front_route_acceleration,0.013028787314263546
preliminary_gpu4,5,20,success,around5,back_route_acceleration,0.008493623649042345
preliminary_gpu4,5,20,success,around5,front_chunk_jump_h,0.05134690832346678
preliminary_gpu4,5,20,success,around5,back_chunk_jump_h,0.042532628402113914
preliminary_gpu4,5,20,success,around5,layer5_state_action_gap,0.7151771783828735
preliminary_gpu4,6,0,success,pre5,frozen_conjunction_margin,0.0026315019026607015
preliminary_gpu4,6,0,success,pre5,layer5_gap_log_ratio,0.0195170695746386
preliminary_gpu4,6,0,success,pre5,back_jump_log_ratio,0.0026315019026607015
preliminary_gpu4,6,0,success,pre5,nominal_action_log_margin,0.30769953971344355
preliminary_gpu4,6,0,success,pre5,phase_match_distance,0.03633202825273786
preliminary_gpu4,6,0,success,pre5,front_late_flow_wj,0.033977210521698
preliminary_gpu4,6,0,success,pre5,back_late_flow_wj,0.02775503136217594
preliminary_gpu4,6,0,success,pre5,front_route_acceleration,0.012618685122146745
preliminary_gpu4,6,0,success,pre5,back_route_acceleration,0.0077357205922209335
preliminary_gpu4,6,0,success,pre5,front_chunk_jump_h,0.03836073353886604
preliminary_gpu4,6,0,success,pre5,back_chunk_jump_h,0.029676086269319057
preliminary_gpu4,6,0,success,pre5,layer5_state_action_gap,0.2304057627916336
preliminary_gpu4,6,0,success,at,frozen_conjunction_margin,-0.22720752397465543
preliminary_gpu4,6,0,success,at,layer5_gap_log_ratio,-0.22720752397465543
preliminary_gpu4,6,0,success,at,back_jump_log_ratio,-0.032723460702928454
preliminary_gpu4,6,0,success,at,nominal_action_log_margin,0.20892560023472453
preliminary_gpu4,6,0,success,at,phase_match_distance,0.03931092524102756
preliminary_gpu4,6,0,success,at,front_late_flow_wj,0.034506868571043015
preliminary_gpu4,6,0,success,at,back_late_flow_wj,0.028200292959809303
preliminary_gpu4,6,0,success,at,front_route_acceleration,0.012851362115040085
preliminary_gpu4,6,0,success,at,back_route_acceleration,0.008153921022426663
preliminary_gpu4,6,0,success,at,front_chunk_jump_h,0.04183755721896887
preliminary_gpu4,6,0,success,at,back_chunk_jump_h,0.03879311494529247
preliminary_gpu4,6,0,success,at,layer5_state_action_gap,0.23741982877254486
preliminary_gpu4,6,0,success,post5,frozen_conjunction_margin,-0.05008776101357681
preliminary_gpu4,6,0,success,post5,layer5_gap_log_ratio,0.005828286824290357
preliminary_gpu4,6,0,success,post5,back_jump_log_ratio,0.16957240966685577
preliminary_gpu4,6,0,success,post5,nominal_action_log_margin,0.2673571776263392
preliminary_gpu4,6,0,success,post5,phase_match_distance,0.03871827572584152
preliminary_gpu4,6,0,success,post5,front_late_flow_wj,0.030169280245900154
preliminary_gpu4,6,0,success,post5,back_late_flow_wj,0.027220746502280235
preliminary_gpu4,6,0,success,post5,front_route_acceleration,0.01196215538169536
preliminary_gpu4,6,0,success,post5,back_route_acceleration,0.0072943607208575375
preliminary_gpu4,6,0,success,post5,front_chunk_jump_h,0.04137500002980232
preliminary_gpu4,6,0,success,post5,back_chunk_jump_h,0.04329525399953127
preliminary_gpu4,6,0,success,post5,layer5_state_action_gap,0.709342360496521
preliminary_gpu4,6,0,success,around5,frozen_conjunction_margin,0.0026315019026607015
preliminary_gpu4,6,0,success,around5,layer5_gap_log_ratio,0.0195170695746386
preliminary_gpu4,6,0,success,around5,back_jump_log_ratio,0.16957240966685577
preliminary_gpu4,6,0,success,around5,nominal_action_log_margin,0.30769953971344355
preliminary_gpu4,6,0,success,around5,phase_match_distance,0.03931092524102756
preliminary_gpu4,6,0,success,around5,front_late_flow_wj,0.034506868571043015
preliminary_gpu4,6,0,success,around5,back_late_flow_wj,0.028200292959809303
preliminary_gpu4,6,0,success,around5,front_route_acceleration,0.012851362115040085
preliminary_gpu4,6,0,success,around5,back_route_acceleration,0.008153921022426663
preliminary_gpu4,6,0,success,around5,front_chunk_jump_h,0.04183755721896887
preliminary_gpu4,6,0,success,around5,back_chunk_jump_h,0.04329525399953127
preliminary_gpu4,6,0,success,around5,layer5_state_action_gap,0.709342360496521
heldout_gpu4,0,7,success,pre5,frozen_conjunction_margin,-0.1074229779826708
heldout_gpu4,0,7,success,pre5,layer5_gap_log_ratio,0.17751836918545147
heldout_gpu4,0,7,success,pre5,back_jump_log_ratio,0.15255899025938285
heldout_gpu4,0,7,success,pre5,nominal_action_log_margin,0.253829716953677
heldout_gpu4,0,7,success,pre5,phase_match_distance,0.041850797832012177
heldout_gpu4,0,7,success,pre5,front_late_flow_wj,0.036958593875169754
heldout_gpu4,0,7,success,pre5,back_late_flow_wj,0.031005848199129105
heldout_gpu4,0,7,success,pre5,front_route_acceleration,0.013022969297852238
heldout_gpu4,0,7,success,pre5,back_route_acceleration,0.008399150019756718
heldout_gpu4,0,7,success,pre5,front_chunk_jump_h,0.042870668694376945
heldout_gpu4,0,7,success,pre5,back_chunk_jump_h,0.03877250384539366
heldout_gpu4,0,7,success,pre5,layer5_state_action_gap,0.42482882738113403
heldout_gpu4,0,7,success,at,frozen_conjunction_margin,-0.03973737143361063
heldout_gpu4,0,7,success,at,layer5_gap_log_ratio,-0.03973737143361063
heldout_gpu4,0,7,success,at,back_jump_log_ratio,-0.024970780968158825
heldout_gpu4,0,7,success,at,nominal_action_log_margin,0.2733070389315608
heldout_gpu4,0,7,success,at,phase_match_distance,0.03884395658969879
heldout_gpu4,0,7,success,at,front_late_flow_wj,0.035255081951618195
heldout_gpu4,0,7,success,at,back_late_flow_wj,0.02993803657591343
heldout_gpu4,0,7,success,at,front_route_acceleration,0.012924598843598986
heldout_gpu4,0,7,success,at,back_route_acceleration,0.007985878230285527
heldout_gpu4,0,7,success,at,front_chunk_jump_h,0.04621666669845581
heldout_gpu4,0,7,success,at,back_chunk_jump_h,0.040975650772452354
heldout_gpu4,0,7,success,at,layer5_state_action_gap,0.5044448971748352
heldout_gpu4,0,7,success,post5,frozen_conjunction_margin,-0.04352161328517284
heldout_gpu4,0,7,success,post5,layer5_gap_log_ratio,0.026063897932506023
heldout_gpu4,0,7,success,post5,back_jump_log_ratio,0.03185628342766421
heldout_gpu4,0,7,success,post5,nominal_action_log_margin,0.20853281463922058
heldout_gpu4,0,7,success,post5,phase_match_distance,0.03740728944540024
heldout_gpu4,0,7,success,post5,front_late_flow_wj,0.03498607501387596
heldout_gpu4,0,7,success,post5,back_late_flow_wj,0.03131292387843132
heldout_gpu4,0,7,success,post5,front_route_acceleration,0.012505036476467325
heldout_gpu4,0,7,success,post5,back_route_acceleration,0.008258091662998667
heldout_gpu4,0,7,success,post5,front_chunk_jump_h,0.03991513513028622
heldout_gpu4,0,7,success,post5,back_chunk_jump_h,0.041989466175436974
heldout_gpu4,0,7,success,post5,layer5_state_action_gap,0.7114964723587036
heldout_gpu4,0,7,success,around5,frozen_conjunction_margin,-0.03973737143361063
heldout_gpu4,0,7,success,around5,layer5_gap_log_ratio,0.17751836918545147
heldout_gpu4,0,7,success,around5,back_jump_log_ratio,0.15255899025938285
heldout_gpu4,0,7,success,around5,nominal_action_log_margin,0.2733070389315608
heldout_gpu4,0,7,success,around5,phase_match_distance,0.041850797832012177
heldout_gpu4,0,7,success,around5,front_late_flow_wj,0.036958593875169754
heldout_gpu4,0,7,success,around5,back_late_flow_wj,0.03131292387843132
heldout_gpu4,0,7,success,around5,front_route_acceleration,0.013022969297852238
heldout_gpu4,0,7,success,around5,back_route_acceleration,0.008399150019756718
heldout_gpu4,0,7,success,around5,front_chunk_jump_h,0.04621666669845581
heldout_gpu4,0,7,success,around5,back_chunk_jump_h,0.041989466175436974
heldout_gpu4,0,7,success,around5,layer5_state_action_gap,0.7114964723587036
heldout_gpu4,1,3,target_missed_grasp_proxy,pre5,frozen_conjunction_margin,-0.1340886448297539
heldout_gpu4,1,3,target_missed_grasp_proxy,pre5,layer5_gap_log_ratio,-0.11102819534554641
heldout_gpu4,1,3,target_missed_grasp_proxy,pre5,back_jump_log_ratio,0.14147757391765692
heldout_gpu4,1,3,target_missed_grasp_proxy,pre5,nominal_action_log_margin,0.250601389119905
heldout_gpu4,1,3,target_missed_grasp_proxy,pre5,phase_match_distance,0.039977182447910306
heldout_gpu4,1,3,target_missed_grasp_proxy,pre5,front_late_flow_wj,0.03771471232175827
heldout_gpu4,1,3,target_missed_grasp_proxy,pre5,back_late_flow_wj,0.03139929100871086
heldout_gpu4,1,3,target_missed_grasp_proxy,pre5,front_route_acceleration,0.013177577288122147
heldout_gpu4,1,3,target_missed_grasp_proxy,pre5,back_route_acceleration,0.008665336842085649
heldout_gpu4,1,3,target_missed_grasp_proxy,pre5,front_chunk_jump_h,0.03930000867694616
heldout_gpu4,1,3,target_missed_grasp_proxy,pre5,back_chunk_jump_h,0.03270847164094448
heldout_gpu4,1,3,target_missed_grasp_proxy,pre5,layer5_state_action_gap,0.18863050639629364
heldout_gpu4,1,3,target_missed_grasp_proxy,at,frozen_conjunction_margin,-0.4994710466365349
heldout_gpu4,1,3,target_missed_grasp_proxy,at,layer5_gap_log_ratio,-0.4994710466365349
heldout_gpu4,1,3,target_missed_grasp_proxy,at,back_jump_log_ratio,-0.09267871936987863
heldout_gpu4,1,3,target_missed_grasp_proxy,at,nominal_action_log_margin,0.14079818070182862
heldout_gpu4,1,3,target_missed_grasp_proxy,at,phase_match_distance,0.04158254489302635
heldout_gpu4,1,3,target_missed_grasp_proxy,at,front_late_flow_wj,0.035189080983400345
heldout_gpu4,1,3,target_missed_grasp_proxy,at,back_late_flow_wj,0.030125867575407028
heldout_gpu4,1,3,target_missed_grasp_proxy,at,front_route_acceleration,0.01296858817205022
heldout_gpu4,1,3,target_missed_grasp_proxy,at,back_route_acceleration,0.008580393204851464
heldout_gpu4,1,3,target_missed_grasp_proxy,at,front_chunk_jump_h,0.04644881188869476
heldout_gpu4,1,3,target_missed_grasp_proxy,at,back_chunk_jump_h,0.03787704557180405
heldout_gpu4,1,3,target_missed_grasp_proxy,at,layer5_state_action_gap,0.173484206199646
heldout_gpu4,1,3,target_missed_grasp_proxy,post5,frozen_conjunction_margin,0.044525864355026396
heldout_gpu4,1,3,target_missed_grasp_proxy,post5,layer5_gap_log_ratio,0.33885979506432645
heldout_gpu4,1,3,target_missed_grasp_proxy,post5,back_jump_log_ratio,0.1911743900033061
heldout_gpu4,1,3,target_missed_grasp_proxy,post5,nominal_action_log_margin,0.09027012436586898
heldout_gpu4,1,3,target_missed_grasp_proxy,post5,phase_match_distance,0.04044029340147972
heldout_gpu4,1,3,target_missed_grasp_proxy,post5,front_late_flow_wj,0.03358883410692215
heldout_gpu4,1,3,target_missed_grasp_proxy,post5,back_late_flow_wj,0.030799807980656624
heldout_gpu4,1,3,target_missed_grasp_proxy,post5,front_route_acceleration,0.012742590158136353
heldout_gpu4,1,3,target_missed_grasp_proxy,post5,back_route_acceleration,0.008369201671048604
heldout_gpu4,1,3,target_missed_grasp_proxy,post5,front_chunk_jump_h,0.045241884887218475
heldout_gpu4,1,3,target_missed_grasp_proxy,post5,back_chunk_jump_h,0.047776976600289345
heldout_gpu4,1,3,target_missed_grasp_proxy,post5,layer5_state_action_gap,0.7318063974380493
heldout_gpu4,1,3,target_missed_grasp_proxy,around5,frozen_conjunction_margin,0.044525864355026396
heldout_gpu4,1,3,target_missed_grasp_proxy,around5,layer5_gap_log_ratio,0.33885979506432645
heldout_gpu4,1,3,target_missed_grasp_proxy,around5,back_jump_log_ratio,0.1911743900033061
heldout_gpu4,1,3,target_missed_grasp_proxy,around5,nominal_action_log_margin,0.250601389119905
heldout_gpu4,1,3,target_missed_grasp_proxy,around5,phase_match_distance,0.04158254489302635
heldout_gpu4,1,3,target_missed_grasp_proxy,around5,front_late_flow_wj,0.03771471232175827
heldout_gpu4,1,3,target_missed_grasp_proxy,around5,back_late_flow_wj,0.03139929100871086
heldout_gpu4,1,3,target_missed_grasp_proxy,around5,front_route_acceleration,0.013177577288122147
heldout_gpu4,1,3,target_missed_grasp_proxy,around5,back_route_acceleration,0.008665336842085649
heldout_gpu4,1,3,target_missed_grasp_proxy,around5,front_chunk_jump_h,0.04644881188869476
heldout_gpu4,1,3,target_missed_grasp_proxy,around5,back_chunk_jump_h,0.047776976600289345
heldout_gpu4,1,3,target_missed_grasp_proxy,around5,layer5_state_action_gap,0.7318063974380493
heldout_gpu4,4,20,target_missed_grasp_proxy,pre5,frozen_conjunction_margin,0.03830525876509965
heldout_gpu4,4,20,target_missed_grasp_proxy,pre5,layer5_gap_log_ratio,0.1493550159602604
heldout_gpu4,4,20,target_missed_grasp_proxy,pre5,back_jump_log_ratio,0.05989471097037077
heldout_gpu4,4,20,target_missed_grasp_proxy,pre5,nominal_action_log_margin,0.20539303978771567
heldout_gpu4,4,20,target_missed_grasp_proxy,pre5,phase_match_distance,0.03825507462024689
heldout_gpu4,4,20,target_missed_grasp_proxy,pre5,front_late_flow_wj,0.03516998514533043
heldout_gpu4,4,20,target_missed_grasp_proxy,pre5,back_late_flow_wj,0.03019639290869236
heldout_gpu4,4,20,target_missed_grasp_proxy,pre5,front_route_acceleration,0.012677659966323229
heldout_gpu4,4,20,target_missed_grasp_proxy,pre5,back_route_acceleration,0.008268843143983032
heldout_gpu4,4,20,target_missed_grasp_proxy,pre5,front_chunk_jump_h,0.03930643014609814
heldout_gpu4,4,20,target_missed_grasp_proxy,pre5,back_chunk_jump_h,0.02611630130559206
heldout_gpu4,4,20,target_missed_grasp_proxy,pre5,layer5_state_action_gap,0.2768508493900299
heldout_gpu4,4,20,target_missed_grasp_proxy,at,frozen_conjunction_margin,-0.15035331467663945
heldout_gpu4,4,20,target_missed_grasp_proxy,at,layer5_gap_log_ratio,0.15440849720169877
heldout_gpu4,4,20,target_missed_grasp_proxy,at,back_jump_log_ratio,-0.07553994946307908
heldout_gpu4,4,20,target_missed_grasp_proxy,at,nominal_action_log_margin,0.20058411414821117
heldout_gpu4,4,20,target_missed_grasp_proxy,at,phase_match_distance,0.04205519258975983
heldout_gpu4,4,20,target_missed_grasp_proxy,at,front_late_flow_wj,0.03826538845896721
heldout_gpu4,4,20,target_missed_grasp_proxy,at,back_late_flow_wj,0.036531977355480194
heldout_gpu4,4,20,target_missed_grasp_proxy,at,front_route_acceleration,0.013367936877708833
heldout_gpu4,4,20,target_missed_grasp_proxy,at,back_route_acceleration,0.010406482108209807
heldout_gpu4,4,20,target_missed_grasp_proxy,at,front_chunk_jump_h,0.04484593961387873
heldout_gpu4,4,20,target_missed_grasp_proxy,at,back_chunk_jump_h,0.03563609626144171
heldout_gpu4,4,20,target_missed_grasp_proxy,at,layer5_state_action_gap,0.2771715521812439
heldout_gpu4,4,20,target_missed_grasp_proxy,post5,frozen_conjunction_margin,-0.006403077741075239
heldout_gpu4,4,20,target_missed_grasp_proxy,post5,layer5_gap_log_ratio,0.5801567643371819
heldout_gpu4,4,20,target_missed_grasp_proxy,post5,back_jump_log_ratio,0.02090036896432153
heldout_gpu4,4,20,target_missed_grasp_proxy,post5,nominal_action_log_margin,0.3570515625134368
heldout_gpu4,4,20,target_missed_grasp_proxy,post5,phase_match_distance,0.044082092493772505
heldout_gpu4,4,20,target_missed_grasp_proxy,post5,front_late_flow_wj,0.034341976046562195
heldout_gpu4,4,20,target_missed_grasp_proxy,post5,back_late_flow_wj,0.030961880460381508
heldout_gpu4,4,20,target_missed_grasp_proxy,post5,front_route_acceleration,0.012608164361201773
heldout_gpu4,4,20,target_missed_grasp_proxy,post5,back_route_acceleration,0.007946283504131894
heldout_gpu4,4,20,target_missed_grasp_proxy,post5,front_chunk_jump_h,0.04728892911225557
heldout_gpu4,4,20,target_missed_grasp_proxy,post5,back_chunk_jump_h,0.03983738459646702
heldout_gpu4,4,20,target_missed_grasp_proxy,post5,layer5_state_action_gap,0.7031780481338501
heldout_gpu4,4,20,target_missed_grasp_proxy,around5,frozen_conjunction_margin,0.03830525876509965
heldout_gpu4,4,20,target_missed_grasp_proxy,around5,layer5_gap_log_ratio,0.5801567643371819
heldout_gpu4,4,20,target_missed_grasp_proxy,around5,back_jump_log_ratio,0.05989471097037077
heldout_gpu4,4,20,target_missed_grasp_proxy,around5,nominal_action_log_margin,0.3570515625134368
heldout_gpu4,4,20,target_missed_grasp_proxy,around5,phase_match_distance,0.044082092493772505
heldout_gpu4,4,20,target_missed_grasp_proxy,around5,front_late_flow_wj,0.03826538845896721
heldout_gpu4,4,20,target_missed_grasp_proxy,around5,back_late_flow_wj,0.036531977355480194
heldout_gpu4,4,20,target_missed_grasp_proxy,around5,front_route_acceleration,0.013367936877708833
heldout_gpu4,4,20,target_missed_grasp_proxy,around5,back_route_acceleration,0.010406482108209807
heldout_gpu4,4,20,target_missed_grasp_proxy,around5,front_chunk_jump_h,0.04728892911225557
heldout_gpu4,4,20,target_missed_grasp_proxy,around5,back_chunk_jump_h,0.03983738459646702
heldout_gpu4,4,20,target_missed_grasp_proxy,around5,layer5_state_action_gap,0.7031780481338501
heldout_gpu4,5,7,success,pre5,frozen_conjunction_margin,-0.14138976129519132
heldout_gpu4,5,7,success,pre5,layer5_gap_log_ratio,-0.12287541970833954
heldout_gpu4,5,7,success,pre5,back_jump_log_ratio,0.0049195251323663845
heldout_gpu4,5,7,success,pre5,nominal_action_log_margin,0.29085006708746525
heldout_gpu4,5,7,success,pre5,phase_match_distance,0.03806997761130333
heldout_gpu4,5,7,success,pre5,front_late_flow_wj,0.03538798540830612
heldout_gpu4,5,7,success,pre5,back_late_flow_wj,0.028961382806301117
heldout_gpu4,5,7,success,pre5,front_route_acceleration,0.01281347065972063
heldout_gpu4,5,7,success,pre5,back_route_acceleration,0.007921732093331801
heldout_gpu4,5,7,success,pre5,front_chunk_jump_h,0.040770307183265686
heldout_gpu4,5,7,success,pre5,back_chunk_jump_h,0.03508444502949715
heldout_gpu4,5,7,success,pre5,layer5_state_action_gap,0.24871519207954407
heldout_gpu4,5,7,success,at,frozen_conjunction_margin,-0.17392456584878144
heldout_gpu4,5,7,success,at,layer5_gap_log_ratio,-0.17392456584878144
heldout_gpu4,5,7,success,at,back_jump_log_ratio,-0.03224520356284457
heldout_gpu4,5,7,success,at,nominal_action_log_margin,0.3067216767139503
heldout_gpu4,5,7,success,at,phase_match_distance,0.03972576633095741
heldout_gpu4,5,7,success,at,front_late_flow_wj,0.037433020770549774
heldout_gpu4,5,7,success,at,back_late_flow_wj,0.027898605912923813
heldout_gpu4,5,7,success,at,front_route_acceleration,0.013226052876947753
heldout_gpu4,5,7,success,at,back_route_acceleration,0.008007131764405958
heldout_gpu4,5,7,success,at,front_chunk_jump_h,0.044532171450555325
heldout_gpu4,5,7,success,at,back_chunk_jump_h,0.04023669380694628
heldout_gpu4,5,7,success,at,layer5_state_action_gap,0.2429646998643875
heldout_gpu4,5,7,success,post5,frozen_conjunction_margin,-0.03581266598493676
heldout_gpu4,5,7,success,post5,layer5_gap_log_ratio,-0.02280534578588137
heldout_gpu4,5,7,success,post5,back_jump_log_ratio,0.12117678667230948
heldout_gpu4,5,7,success,post5,nominal_action_log_margin,0.2612556967652859
heldout_gpu4,5,7,success,post5,phase_match_distance,0.040053009241819384
heldout_gpu4,5,7,success,post5,front_late_flow_wj,0.03170908987522125
heldout_gpu4,5,7,success,post5,back_late_flow_wj,0.028518160805106163
heldout_gpu4,5,7,success,post5,front_route_acceleration,0.012203787495356779
heldout_gpu4,5,7,success,post5,back_route_acceleration,0.007786108916367146
heldout_gpu4,5,7,success,post5,front_chunk_jump_h,0.04283926170319319
heldout_gpu4,5,7,success,post5,back_chunk_jump_h,0.043642712756991386
heldout_gpu4,5,7,success,post5,layer5_state_action_gap,0.6879107356071472
heldout_gpu4,5,7,success,around5,frozen_conjunction_margin,-0.03581266598493676
heldout_gpu4,5,7,success,around5,layer5_gap_log_ratio,-0.02280534578588137
heldout_gpu4,5,7,success,around5,back_jump_log_ratio,0.12117678667230948
heldout_gpu4,5,7,success,around5,nominal_action_log_margin,0.3067216767139503
heldout_gpu4,5,7,success,around5,phase_match_distance,0.040053009241819384
heldout_gpu4,5,7,success,around5,front_late_flow_wj,0.037433020770549774
heldout_gpu4,5,7,success,around5,back_late_flow_wj,0.028961382806301117
heldout_gpu4,5,7,success,around5,front_route_acceleration,0.013226052876947753
heldout_gpu4,5,7,success,around5,back_route_acceleration,0.008007131764405958
heldout_gpu4,5,7,success,around5,front_chunk_jump_h,0.044532171450555325
heldout_gpu4,5,7,success,around5,back_chunk_jump_h,0.043642712756991386
heldout_gpu4,5,7,success,around5,layer5_state_action_gap,0.6879107356071472
heldout_gpu4,7,0,success,pre5,frozen_conjunction_margin,-0.02077680084301956
heldout_gpu4,7,0,success,pre5,layer5_gap_log_ratio,0.05686715687192823
heldout_gpu4,7,0,success,pre5,back_jump_log_ratio,0.09418088471304054
heldout_gpu4,7,0,success,pre5,nominal_action_log_margin,0.24298001446678824
heldout_gpu4,7,0,success,pre5,phase_match_distance,0.040306363999843595
heldout_gpu4,7,0,success,pre5,front_late_flow_wj,0.035747453570365906
heldout_gpu4,7,0,success,pre5,back_late_flow_wj,0.02968442440032959
heldout_gpu4,7,0,success,pre5,front_route_acceleration,0.012767652991514417
heldout_gpu4,7,0,success,pre5,back_route_acceleration,0.008147547656460754
heldout_gpu4,7,0,success,pre5,front_chunk_jump_h,0.04532773420214653
heldout_gpu4,7,0,success,pre5,back_chunk_jump_h,0.036891357973217964
heldout_gpu4,7,0,success,pre5,layer5_state_action_gap,0.25635090470314026
heldout_gpu4,7,0,success,at,frozen_conjunction_margin,-0.12810912789550175
heldout_gpu4,7,0,success,at,layer5_gap_log_ratio,0.036785787848090876
heldout_gpu4,7,0,success,at,back_jump_log_ratio,-0.10571674400680753
heldout_gpu4,7,0,success,at,nominal_action_log_margin,0.28455301552254
heldout_gpu4,7,0,success,at,phase_match_distance,0.04078861624002457
heldout_gpu4,7,0,success,at,front_late_flow_wj,0.0337311252951622
heldout_gpu4,7,0,success,at,back_late_flow_wj,0.025139708071947098
heldout_gpu4,7,0,success,at,front_route_acceleration,0.012667025524132569
heldout_gpu4,7,0,success,at,back_route_acceleration,0.007205528904110347
heldout_gpu4,7,0,success,at,front_chunk_jump_h,0.04749430622905493
heldout_gpu4,7,0,success,at,back_chunk_jump_h,0.04020162485539913
heldout_gpu4,7,0,success,at,layer5_state_action_gap,0.298241525888443
heldout_gpu4,7,0,success,post5,frozen_conjunction_margin,0.0115337914292457
heldout_gpu4,7,0,success,post5,layer5_gap_log_ratio,0.0115337914292457
heldout_gpu4,7,0,success,post5,back_jump_log_ratio,0.017680102933198126
heldout_gpu4,7,0,success,post5,nominal_action_log_margin,0.22872269261691264
heldout_gpu4,7,0,success,post5,phase_match_distance,0.03732046782970429
heldout_gpu4,7,0,success,post5,front_late_flow_wj,0.029396628960967064
heldout_gpu4,7,0,success,post5,back_late_flow_wj,0.027337752282619476
heldout_gpu4,7,0,success,post5,front_route_acceleration,0.011935465266316503
heldout_gpu4,7,0,success,post5,back_route_acceleration,0.0076089174119521015
heldout_gpu4,7,0,success,post5,front_chunk_jump_h,0.04303673841059208
heldout_gpu4,7,0,success,post5,back_chunk_jump_h,0.04432301968336105
heldout_gpu4,7,0,success,post5,layer5_state_action_gap,0.7313302159309387
heldout_gpu4,7,0,success,around5,frozen_conjunction_margin,0.0115337914292457
heldout_gpu4,7,0,success,around5,layer5_gap_log_ratio,0.05686715687192823
heldout_gpu4,7,0,success,around5,back_jump_log_ratio,0.09418088471304054
heldout_gpu4,7,0,success,around5,nominal_action_log_margin,0.28455301552254
heldout_gpu4,7,0,success,around5,phase_match_distance,0.04078861624002457
heldout_gpu4,7,0,success,around5,front_late_flow_wj,0.035747453570365906
heldout_gpu4,7,0,success,around5,back_late_flow_wj,0.02968442440032959
heldout_gpu4,7,0,success,around5,front_route_acceleration,0.012767652991514417
heldout_gpu4,7,0,success,around5,back_route_acceleration,0.008147547656460754
heldout_gpu4,7,0,success,around5,front_chunk_jump_h,0.04749430622905493
heldout_gpu4,7,0,success,around5,back_chunk_jump_h,0.04432301968336105
heldout_gpu4,7,0,success,around5,layer5_state_action_gap,0.7313302159309387
gpu5_extended,0,7,success,pre5,frozen_conjunction_margin,-0.05314977071000472
gpu5_extended,0,7,success,pre5,layer5_gap_log_ratio,-0.05314977071000472
gpu5_extended,0,7,success,pre5,back_jump_log_ratio,0.08715567521627715
gpu5_extended,0,7,success,pre5,nominal_action_log_margin,0.226620060234652
gpu5_extended,0,7,success,pre5,phase_match_distance,0.037069651484489444
gpu5_extended,0,7,success,pre5,front_late_flow_wj,0.032715391367673874
gpu5_extended,0,7,success,pre5,back_late_flow_wj,0.02440938539803028
gpu5_extended,0,7,success,pre5,front_route_acceleration,0.012067517759394186
gpu5_extended,0,7,success,pre5,back_route_acceleration,0.006981975752117005
gpu5_extended,0,7,success,pre5,front_chunk_jump_h,0.03977296222001314
gpu5_extended,0,7,success,pre5,back_chunk_jump_h,0.030090040527284145
gpu5_extended,0,7,success,pre5,layer5_state_action_gap,0.3419431447982788
gpu5_extended,0,7,success,at,frozen_conjunction_margin,-0.299350307183473
gpu5_extended,0,7,success,at,layer5_gap_log_ratio,-0.299350307183473
gpu5_extended,0,7,success,at,back_jump_log_ratio,-0.02526666808333811
gpu5_extended,0,7,success,at,nominal_action_log_margin,0.3127226242121656
gpu5_extended,0,7,success,at,phase_match_distance,0.03909180015325546
gpu5_extended,0,7,success,at,front_late_flow_wj,0.03550247848033905
gpu5_extended,0,7,success,at,back_late_flow_wj,0.027953242883086205
gpu5_extended,0,7,success,at,front_route_acceleration,0.012937923238425502
gpu5_extended,0,7,success,at,back_route_acceleration,0.007889242339049318
gpu5_extended,0,7,success,at,front_chunk_jump_h,0.042549618519842625
gpu5_extended,0,7,success,at,back_chunk_jump_h,0.04051842913031578
gpu5_extended,0,7,success,at,layer5_state_action_gap,0.1744093894958496
gpu5_extended,0,7,success,post5,frozen_conjunction_margin,-0.020967958247921237
gpu5_extended,0,7,success,post5,layer5_gap_log_ratio,-0.012301857679192358
gpu5_extended,0,7,success,post5,back_jump_log_ratio,-0.011041594709578276
gpu5_extended,0,7,success,post5,nominal_action_log_margin,0.33128230341419473
gpu5_extended,0,7,success,post5,phase_match_distance,0.03886826932430267
gpu5_extended,0,7,success,post5,front_late_flow_wj,0.032001692801713943
gpu5_extended,0,7,success,post5,back_late_flow_wj,0.028904497623443604
gpu5_extended,0,7,success,post5,front_route_acceleration,0.012482341345201936
gpu5_extended,0,7,success,post5,back_route_acceleration,0.007534183266369382
gpu5_extended,0,7,success,post5,front_chunk_jump_h,0.041237419471144676
gpu5_extended,0,7,success,post5,back_chunk_jump_h,0.041843634098768234
gpu5_extended,0,7,success,post5,layer5_state_action_gap,0.6916496753692627
gpu5_extended,0,7,success,around5,frozen_conjunction_margin,-0.020967958247921237
gpu5_extended,0,7,success,around5,layer5_gap_log_ratio,-0.012301857679192358
gpu5_extended,0,7,success,around5,back_jump_log_ratio,0.08715567521627715
gpu5_extended,0,7,success,around5,nominal_action_log_margin,0.33128230341419473
gpu5_extended,0,7,success,around5,phase_match_distance,0.03909180015325546
gpu5_extended,0,7,success,around5,front_late_flow_wj,0.03550247848033905
gpu5_extended,0,7,success,around5,back_late_flow_wj,0.028904497623443604
gpu5_extended,0,7,success,around5,front_route_acceleration,0.012937923238425502
gpu5_extended,0,7,success,around5,back_route_acceleration,0.007889242339049318
gpu5_extended,0,7,success,around5,front_chunk_jump_h,0.042549618519842625
gpu5_extended,0,7,success,around5,back_chunk_jump_h,0.041843634098768234
gpu5_extended,0,7,success,around5,layer5_state_action_gap,0.6916496753692627
gpu5_extended,2,0,success,pre5,frozen_conjunction_margin,-0.02006227594032649
gpu5_extended,2,0,success,pre5,layer5_gap_log_ratio,0.0006827221991937374
gpu5_extended,2,0,success,pre5,back_jump_log_ratio,0.02524496790240477
gpu5_extended,2,0,success,pre5,nominal_action_log_margin,0.24097300927761406
gpu5_extended,2,0,success,pre5,phase_match_distance,0.03678043857216835
gpu5_extended,2,0,success,pre5,front_late_flow_wj,0.03470621630549431
gpu5_extended,2,0,success,pre5,back_late_flow_wj,0.027943851426243782
gpu5_extended,2,0,success,pre5,front_route_acceleration,0.012312461633705654
gpu5_extended,2,0,success,pre5,back_route_acceleration,0.007662234025252387
gpu5_extended,2,0,success,pre5,front_chunk_jump_h,0.039483471773564816
gpu5_extended,2,0,success,pre5,back_chunk_jump_h,0.03141812654212117
gpu5_extended,2,0,success,pre5,layer5_state_action_gap,0.23072154819965363
gpu5_extended,2,0,success,at,frozen_conjunction_margin,-0.0393114623087409
gpu5_extended,2,0,success,at,layer5_gap_log_ratio,-0.0393114623087409
gpu5_extended,2,0,success,at,back_jump_log_ratio,0.006170270218611955
gpu5_extended,2,0,success,at,nominal_action_log_margin,0.25919106119452123
gpu5_extended,2,0,success,at,phase_match_distance,0.039429199695587155
gpu5_extended,2,0,success,at,front_late_flow_wj,0.032636046409606934
gpu5_extended,2,0,success,at,back_late_flow_wj,0.027581624686717987
gpu5_extended,2,0,success,at,front_route_acceleration,0.012594235323735256
gpu5_extended,2,0,success,at,back_route_acceleration,0.007472203928120512
gpu5_extended,2,0,success,at,front_chunk_jump_h,0.04556635860353708
gpu5_extended,2,0,success,at,back_chunk_jump_h,0.03987162560224533
gpu5_extended,2,0,success,at,layer5_state_action_gap,0.25405269861221313
gpu5_extended,2,0,success,post5,frozen_conjunction_margin,-0.048510301065719436
gpu5_extended,2,0,success,post5,layer5_gap_log_ratio,-0.002915597143895286
gpu5_extended,2,0,success,post5,back_jump_log_ratio,0.0013714708592801345
gpu5_extended,2,0,success,post5,nominal_action_log_margin,0.29859999556394035
gpu5_extended,2,0,success,post5,phase_match_distance,0.03610680624842644
gpu5_extended,2,0,success,post5,front_late_flow_wj,0.02952398546040058
gpu5_extended,2,0,success,post5,back_late_flow_wj,0.026382993906736374
gpu5_extended,2,0,success,post5,front_route_acceleration,0.01214405611524952
gpu5_extended,2,0,success,post5,back_route_acceleration,0.007336884151871466
gpu5_extended,2,0,success,post5,front_chunk_jump_h,0.04217689111828804
gpu5_extended,2,0,success,post5,back_chunk_jump_h,0.04468724876642227
gpu5_extended,2,0,success,post5,layer5_state_action_gap,0.7065184712409973
gpu5_extended,2,0,success,around5,frozen_conjunction_margin,-0.02006227594032649
gpu5_extended,2,0,success,around5,layer5_gap_log_ratio,0.0006827221991937374
gpu5_extended,2,0,success,around5,back_jump_log_ratio,0.02524496790240477
gpu5_extended,2,0,success,around5,nominal_action_log_margin,0.29859999556394035
gpu5_extended,2,0,success,around5,phase_match_distance,0.039429199695587155
gpu5_extended,2,0,success,around5,front_late_flow_wj,0.03470621630549431
gpu5_extended,2,0,success,around5,back_late_flow_wj,0.027943851426243782
gpu5_extended,2,0,success,around5,front_route_acceleration,0.012594235323735256
gpu5_extended,2,0,success,around5,back_route_acceleration,0.007662234025252387
gpu5_extended,2,0,success,around5,front_chunk_jump_h,0.04556635860353708
gpu5_extended,2,0,success,around5,back_chunk_jump_h,0.04468724876642227
gpu5_extended,2,0,success,around5,layer5_state_action_gap,0.7065184712409973
gpu5_extended,4,3,target_missed_grasp_proxy,pre5,frozen_conjunction_margin,-1.10639209784843
gpu5_extended,4,3,target_missed_grasp_proxy,pre5,layer5_gap_log_ratio,-1.10639209784843
gpu5_extended,4,3,target_missed_grasp_proxy,pre5,back_jump_log_ratio,0.07706944979167511
gpu5_extended,4,3,target_missed_grasp_proxy,pre5,nominal_action_log_margin,0.22682409072710358
gpu5_extended,4,3,target_missed_grasp_proxy,pre5,phase_match_distance,0.0400106281042099
gpu5_extended,4,3,target_missed_grasp_proxy,pre5,front_late_flow_wj,0.03549546003341675
gpu5_extended,4,3,target_missed_grasp_proxy,pre5,back_late_flow_wj,0.027516890317201614
gpu5_extended,4,3,target_missed_grasp_proxy,pre5,front_route_acceleration,0.0122522053483506
gpu5_extended,4,3,target_missed_grasp_proxy,pre5,back_route_acceleration,0.007830832763754089
gpu5_extended,4,3,target_missed_grasp_proxy,pre5,front_chunk_jump_h,0.03803915437310934
gpu5_extended,4,3,target_missed_grasp_proxy,pre5,back_chunk_jump_h,0.029626977164298296
gpu5_extended,4,3,target_missed_grasp_proxy,pre5,layer5_state_action_gap,0.22645671665668488
gpu5_extended,4,3,target_missed_grasp_proxy,at,frozen_conjunction_margin,-0.9825665427779661
gpu5_extended,4,3,target_missed_grasp_proxy,at,layer5_gap_log_ratio,-0.9825665427779661
gpu5_extended,4,3,target_missed_grasp_proxy,at,back_jump_log_ratio,-0.14123941842240048
gpu5_extended,4,3,target_missed_grasp_proxy,at,nominal_action_log_margin,0.26115376640515764
gpu5_extended,4,3,target_missed_grasp_proxy,at,phase_match_distance,0.03976973220705986
gpu5_extended,4,3,target_missed_grasp_proxy,at,front_late_flow_wj,0.03415190801024437
gpu5_extended,4,3,target_missed_grasp_proxy,at,back_late_flow_wj,0.0282887015491724
gpu5_extended,4,3,target_missed_grasp_proxy,at,front_route_acceleration,0.012718082889368838
gpu5_extended,4,3,target_missed_grasp_proxy,at,back_route_acceleration,0.008204934499787375
gpu5_extended,4,3,target_missed_grasp_proxy,at,front_chunk_jump_h,0.04239440057426691
gpu5_extended,4,3,target_missed_grasp_proxy,at,back_chunk_jump_h,0.0360815804451704
gpu5_extended,4,3,target_missed_grasp_proxy,at,layer5_state_action_gap,0.2637561857700348
gpu5_extended,4,3,target_missed_grasp_proxy,post5,frozen_conjunction_margin,-0.038564215374227696
gpu5_extended,4,3,target_missed_grasp_proxy,post5,layer5_gap_log_ratio,-0.038564215374227696
gpu5_extended,4,3,target_missed_grasp_proxy,post5,back_jump_log_ratio,0.18338674126670648
gpu5_extended,4,3,target_missed_grasp_proxy,post5,nominal_action_log_margin,0.24187089836536638
gpu5_extended,4,3,target_missed_grasp_proxy,post5,phase_match_distance,0.03874709382653237
gpu5_extended,4,3,target_missed_grasp_proxy,post5,front_late_flow_wj,0.02953796461224556
gpu5_extended,4,3,target_missed_grasp_proxy,post5,back_late_flow_wj,0.028184112161397934
gpu5_extended,4,3,target_missed_grasp_proxy,post5,front_route_acceleration,0.011794629026331238
gpu5_extended,4,3,target_missed_grasp_proxy,post5,back_route_acceleration,0.007779039187945905
gpu5_extended,4,3,target_missed_grasp_proxy,post5,front_chunk_jump_h,0.043507976457476616
gpu5_extended,4,3,target_missed_grasp_proxy,post5,back_chunk_jump_h,0.04657655023038387
gpu5_extended,4,3,target_missed_grasp_proxy,post5,layer5_state_action_gap,0.6800333857536316
gpu5_extended,4,3,target_missed_grasp_proxy,around5,frozen_conjunction_margin,-0.038564215374227696
gpu5_extended,4,3,target_missed_grasp_proxy,around5,layer5_gap_log_ratio,-0.038564215374227696
gpu5_extended,4,3,target_missed_grasp_proxy,around5,back_jump_log_ratio,0.18338674126670648
gpu5_extended,4,3,target_missed_grasp_proxy,around5,nominal_action_log_margin,0.26115376640515764
gpu5_extended,4,3,target_missed_grasp_proxy,around5,phase_match_distance,0.0400106281042099
gpu5_extended,4,3,target_missed_grasp_proxy,around5,front_late_flow_wj,0.03549546003341675
gpu5_extended,4,3,target_missed_grasp_proxy,around5,back_late_flow_wj,0.0282887015491724
gpu5_extended,4,3,target_missed_grasp_proxy,around5,front_route_acceleration,0.012718082889368838
gpu5_extended,4,3,target_missed_grasp_proxy,around5,back_route_acceleration,0.008204934499787375
gpu5_extended,4,3,target_missed_grasp_proxy,around5,front_chunk_jump_h,0.043507976457476616
gpu5_extended,4,3,target_missed_grasp_proxy,around5,back_chunk_jump_h,0.04657655023038387
gpu5_extended,4,3,target_missed_grasp_proxy,around5,layer5_state_action_gap,0.6800333857536316
gpu5_extended,5,7,success,pre5,frozen_conjunction_margin,-0.12159629926913912
gpu5_extended,5,7,success,pre5,layer5_gap_log_ratio,0.011875310350601563
gpu5_extended,5,7,success,pre5,back_jump_log_ratio,0.033965700420720474
gpu5_extended,5,7,success,pre5,nominal_action_log_margin,0.25752937295947975
gpu5_extended,5,7,success,pre5,phase_match_distance,0.03716558218002319
gpu5_extended,5,7,success,pre5,front_late_flow_wj,0.034848373383283615
gpu5_extended,5,7,success,pre5,back_late_flow_wj,0.026716530323028564
gpu5_extended,5,7,success,pre5,front_route_acceleration,0.012545823957404839
gpu5_extended,5,7,success,pre5,back_route_acceleration,0.007535079832528992
gpu5_extended,5,7,success,pre5,front_chunk_jump_h,0.03996695764362812
gpu5_extended,5,7,success,pre5,back_chunk_jump_h,0.031329852528870106
gpu5_extended,5,7,success,pre5,layer5_state_action_gap,0.3630439341068268
gpu5_extended,5,7,success,at,frozen_conjunction_margin,-0.11408308212408756
gpu5_extended,5,7,success,at,layer5_gap_log_ratio,-0.11408308212408756
gpu5_extended,5,7,success,at,back_jump_log_ratio,-0.017788765562651177
gpu5_extended,5,7,success,at,nominal_action_log_margin,0.2583320283404433
gpu5_extended,5,7,success,at,phase_match_distance,0.03879937827587128
gpu5_extended,5,7,success,at,front_late_flow_wj,0.03385648503899574
gpu5_extended,5,7,success,at,back_late_flow_wj,0.025993965566158295
gpu5_extended,5,7,success,at,front_route_acceleration,0.01271895541762493
gpu5_extended,5,7,success,at,back_route_acceleration,0.0076640762407459454
gpu5_extended,5,7,success,at,front_chunk_jump_h,0.04308992810547352
gpu5_extended,5,7,success,at,back_chunk_jump_h,0.03896079212427139
gpu5_extended,5,7,success,at,layer5_state_action_gap,0.1912059187889099
gpu5_extended,5,7,success,post5,frozen_conjunction_margin,-0.016235226514572446
gpu5_extended,5,7,success,post5,layer5_gap_log_ratio,0.04232037301462154
gpu5_extended,5,7,success,post5,back_jump_log_ratio,0.0648882505056761
gpu5_extended,5,7,success,post5,nominal_action_log_margin,0.3714238602827205
gpu5_extended,5,7,success,post5,phase_match_distance,0.03981884270906448
gpu5_extended,5,7,success,post5,front_late_flow_wj,0.03226722776889801
gpu5_extended,5,7,success,post5,back_late_flow_wj,0.02654111757874489
gpu5_extended,5,7,success,post5,front_route_acceleration,0.012340055543799069
gpu5_extended,5,7,success,post5,back_route_acceleration,0.007352006789939969
gpu5_extended,5,7,success,post5,front_chunk_jump_h,0.047007735818624496
gpu5_extended,5,7,success,post5,back_chunk_jump_h,0.04028991051018238
gpu5_extended,5,7,success,post5,layer5_state_action_gap,0.7121953368186951
gpu5_extended,5,7,success,around5,frozen_conjunction_margin,-0.016235226514572446
gpu5_extended,5,7,success,around5,layer5_gap_log_ratio,0.04232037301462154
gpu5_extended,5,7,success,around5,back_jump_log_ratio,0.0648882505056761
gpu5_extended,5,7,success,around5,nominal_action_log_margin,0.3714238602827205
gpu5_extended,5,7,success,around5,phase_match_distance,0.03981884270906448
gpu5_extended,5,7,success,around5,front_late_flow_wj,0.034848373383283615
gpu5_extended,5,7,success,around5,back_late_flow_wj,0.026716530323028564
gpu5_extended,5,7,success,around5,front_route_acceleration,0.01271895541762493
gpu5_extended,5,7,success,around5,back_route_acceleration,0.0076640762407459454
gpu5_extended,5,7,success,around5,front_chunk_jump_h,0.047007735818624496
gpu5_extended,5,7,success,around5,back_chunk_jump_h,0.04028991051018238
gpu5_extended,5,7,success,around5,layer5_state_action_gap,0.7121953368186951
gpu5_extended,6,0,success,pre5,frozen_conjunction_margin,-0.036390557494990386
gpu5_extended,6,0,success,pre5,layer5_gap_log_ratio,0.18112166178235545
gpu5_extended,6,0,success,pre5,back_jump_log_ratio,0.14665832640586232
gpu5_extended,6,0,success,pre5,nominal_action_log_margin,0.23482748904602557
gpu5_extended,6,0,success,pre5,phase_match_distance,0.0384689100086689
gpu5_extended,6,0,success,pre5,front_late_flow_wj,0.035230882465839386
gpu5_extended,6,0,success,pre5,back_late_flow_wj,0.029442524537444115
gpu5_extended,6,0,success,pre5,front_route_acceleration,0.012867244975859626
gpu5_extended,6,0,success,pre5,back_route_acceleration,0.00788018107325426
gpu5_extended,6,0,success,pre5,front_chunk_jump_h,0.041737765073776245
gpu5_extended,6,0,success,pre5,back_chunk_jump_h,0.033108977135270834
gpu5_extended,6,0,success,pre5,layer5_state_action_gap,0.2575955390930176
gpu5_extended,6,0,success,at,frozen_conjunction_margin,0.083691935583925
gpu5_extended,6,0,success,at,layer5_gap_log_ratio,0.083691935583925
gpu5_extended,6,0,success,at,back_jump_log_ratio,0.08741456999056826
gpu5_extended,6,0,success,at,nominal_action_log_margin,0.33192170355902
gpu5_extended,6,0,success,at,phase_match_distance,0.04237354472279549
gpu5_extended,6,0,success,at,front_late_flow_wj,0.035274866968393326
gpu5_extended,6,0,success,at,back_late_flow_wj,0.026923255994915962
gpu5_extended,6,0,success,at,front_route_acceleration,0.01291515402296092
gpu5_extended,6,0,success,at,back_route_acceleration,0.0075079329805196994
gpu5_extended,6,0,success,at,front_chunk_jump_h,0.047737738117575645
gpu5_extended,6,0,success,at,back_chunk_jump_h,0.04386106878519058
gpu5_extended,6,0,success,at,layer5_state_action_gap,0.30994167923927307
gpu5_extended,6,0,success,post5,frozen_conjunction_margin,0.045363794032753674
gpu5_extended,6,0,success,post5,layer5_gap_log_ratio,0.20006049261175957
gpu5_extended,6,0,success,post5,back_jump_log_ratio,0.17365542466237996
gpu5_extended,6,0,success,post5,nominal_action_log_margin,0.28847228206092446
gpu5_extended,6,0,success,post5,phase_match_distance,0.039078119397163394
gpu5_extended,6,0,success,post5,front_late_flow_wj,0.030911825597286224
gpu5_extended,6,0,success,post5,back_late_flow_wj,0.025646071881055832
gpu5_extended,6,0,success,post5,front_route_acceleration,0.012101730128226794
gpu5_extended,6,0,success,post5,back_route_acceleration,0.007044673964753617
gpu5_extended,6,0,success,post5,front_chunk_jump_h,0.040613303892314434
gpu5_extended,6,0,success,post5,back_chunk_jump_h,0.0433459747582674
gpu5_extended,6,0,success,post5,layer5_state_action_gap,0.6849684715270996
gpu5_extended,6,0,success,around5,frozen_conjunction_margin,0.083691935583925
gpu5_extended,6,0,success,around5,layer5_gap_log_ratio,0.20006049261175957
gpu5_extended,6,0,success,around5,back_jump_log_ratio,0.17365542466237996
gpu5_extended,6,0,success,around5,nominal_action_log_margin,0.33192170355902
gpu5_extended,6,0,success,around5,phase_match_distance,0.04237354472279549
gpu5_extended,6,0,success,around5,front_late_flow_wj,0.035274866968393326
gpu5_extended,6,0,success,around5,back_late_flow_wj,0.029442524537444115
gpu5_extended,6,0,success,around5,front_route_acceleration,0.01291515402296092
gpu5_extended,6,0,success,around5,back_route_acceleration,0.00788018107325426
gpu5_extended,6,0,success,around5,front_chunk_jump_h,0.047737738117575645
gpu5_extended,6,0,success,around5,back_chunk_jump_h,0.04386106878519058
gpu5_extended,6,0,success,around5,layer5_state_action_gap,0.6849684715270996
gpu5_extended,8,7,success,pre5,frozen_conjunction_margin,-0.05785368022923287
gpu5_extended,8,7,success,pre5,layer5_gap_log_ratio,-0.05785368022923287
gpu5_extended,8,7,success,pre5,back_jump_log_ratio,0.0015863369514937133
gpu5_extended,8,7,success,pre5,nominal_action_log_margin,0.19435440336966153
gpu5_extended,8,7,success,pre5,phase_match_distance,0.04115146696567536
gpu5_extended,8,7,success,pre5,front_late_flow_wj,0.037243716418743134
gpu5_extended,8,7,success,pre5,back_late_flow_wj,0.028290560469031334
gpu5_extended,8,7,success,pre5,front_route_acceleration,0.012901455895894318
gpu5_extended,8,7,success,pre5,back_route_acceleration,0.008080367374468173
gpu5_extended,8,7,success,pre5,front_chunk_jump_h,0.04361283127218485
gpu5_extended,8,7,success,pre5,back_chunk_jump_h,0.03380977688357234
gpu5_extended,8,7,success,pre5,layer5_state_action_gap,0.3303847014904022
gpu5_extended,8,7,success,at,frozen_conjunction_margin,-0.006136005730748201
gpu5_extended,8,7,success,at,layer5_gap_log_ratio,0.0039186728880439585
gpu5_extended,8,7,success,at,back_jump_log_ratio,-0.006136005730748201
gpu5_extended,8,7,success,at,nominal_action_log_margin,0.24706213081514716
gpu5_extended,8,7,success,at,phase_match_distance,0.04181942418217659
gpu5_extended,8,7,success,at,front_late_flow_wj,0.036170218139886856
gpu5_extended,8,7,success,at,back_late_flow_wj,0.026162978261709213
gpu5_extended,8,7,success,at,front_route_acceleration,0.01293668679024249
gpu5_extended,8,7,success,at,back_route_acceleration,0.007456681265422442
gpu5_extended,8,7,success,at,front_chunk_jump_h,0.044589427299797535
gpu5_extended,8,7,success,at,back_chunk_jump_h,0.04130105208605528
gpu5_extended,8,7,success,at,layer5_state_action_gap,0.33746203780174255
gpu5_extended,8,7,success,post5,frozen_conjunction_margin,-0.004619087625977644
gpu5_extended,8,7,success,post5,layer5_gap_log_ratio,0.0018732819509586548
gpu5_extended,8,7,success,post5,back_jump_log_ratio,0.018768793846819426
gpu5_extended,8,7,success,post5,nominal_action_log_margin,0.2676609336419516
gpu5_extended,8,7,success,post5,phase_match_distance,0.03837841898202896
gpu5_extended,8,7,success,post5,front_late_flow_wj,0.029866354539990425
gpu5_extended,8,7,success,post5,back_late_flow_wj,0.027902616187930107
gpu5_extended,8,7,success,post5,front_route_acceleration,0.011913923211499419
gpu5_extended,8,7,success,post5,back_route_acceleration,0.007374968170749932
gpu5_extended,8,7,success,post5,front_chunk_jump_h,0.044967032968997955
gpu5_extended,8,7,success,post5,back_chunk_jump_h,0.04317525587975979
gpu5_extended,8,7,success,post5,layer5_state_action_gap,0.6935469508171082
gpu5_extended,8,7,success,around5,frozen_conjunction_margin,-0.004619087625977644
gpu5_extended,8,7,success,around5,layer5_gap_log_ratio,0.0039186728880439585
gpu5_extended,8,7,success,around5,back_jump_log_ratio,0.018768793846819426
gpu5_extended,8,7,success,around5,nominal_action_log_margin,0.2676609336419516
gpu5_extended,8,7,success,around5,phase_match_distance,0.04181942418217659
gpu5_extended,8,7,success,around5,front_late_flow_wj,0.037243716418743134
gpu5_extended,8,7,success,around5,back_late_flow_wj,0.028290560469031334
gpu5_extended,8,7,success,around5,front_route_acceleration,0.01293668679024249
gpu5_extended,8,7,success,around5,back_route_acceleration,0.008080367374468173
gpu5_extended,8,7,success,around5,front_chunk_jump_h,0.044967032968997955
gpu5_extended,8,7,success,around5,back_chunk_jump_h,0.04317525587975979
gpu5_extended,8,7,success,around5,layer5_state_action_gap,0.6935469508171082
gpu5_extended,10,20,target_missed_grasp_proxy,pre5,frozen_conjunction_margin,-0.03377590471719963
gpu5_extended,10,20,target_missed_grasp_proxy,pre5,layer5_gap_log_ratio,0.06406165780625257
gpu5_extended,10,20,target_missed_grasp_proxy,pre5,back_jump_log_ratio,0.004035217252169888
gpu5_extended,10,20,target_missed_grasp_proxy,pre5,nominal_action_log_margin,0.13750873675067465
gpu5_extended,10,20,target_missed_grasp_proxy,pre5,phase_match_distance,0.04149625971913338
gpu5_extended,10,20,target_missed_grasp_proxy,pre5,front_late_flow_wj,0.03695245087146759
gpu5_extended,10,20,target_missed_grasp_proxy,pre5,back_late_flow_wj,0.03352454677224159
gpu5_extended,10,20,target_missed_grasp_proxy,pre5,front_route_acceleration,0.013318677522137052
gpu5_extended,10,20,target_missed_grasp_proxy,pre5,back_route_acceleration,0.009030445953241128
gpu5_extended,10,20,target_missed_grasp_proxy,pre5,front_chunk_jump_h,0.04350999929010868
gpu5_extended,10,20,target_missed_grasp_proxy,pre5,back_chunk_jump_h,0.029909620992839336
gpu5_extended,10,20,target_missed_grasp_proxy,pre5,layer5_state_action_gap,0.25256815552711487
gpu5_extended,10,20,target_missed_grasp_proxy,at,frozen_conjunction_margin,-0.16670281188649225
gpu5_extended,10,20,target_missed_grasp_proxy,at,layer5_gap_log_ratio,-0.04066357447948452
gpu5_extended,10,20,target_missed_grasp_proxy,at,back_jump_log_ratio,-0.11713799626018753
gpu5_extended,10,20,target_missed_grasp_proxy,at,nominal_action_log_margin,0.15130581409966462
gpu5_extended,10,20,target_missed_grasp_proxy,at,phase_match_distance,0.04172069728374481
gpu5_extended,10,20,target_missed_grasp_proxy,at,front_late_flow_wj,0.03379594534635544
gpu5_extended,10,20,target_missed_grasp_proxy,at,back_late_flow_wj,0.03158389776945114
gpu5_extended,10,20,target_missed_grasp_proxy,at,front_route_acceleration,0.012786825539395284
gpu5_extended,10,20,target_missed_grasp_proxy,at,back_route_acceleration,0.008247090664645105
gpu5_extended,10,20,target_missed_grasp_proxy,at,front_chunk_jump_h,0.046598209999501705
gpu5_extended,10,20,target_missed_grasp_proxy,at,back_chunk_jump_h,0.03550091199576855
gpu5_extended,10,20,target_missed_grasp_proxy,at,layer5_state_action_gap,0.3585873246192932
gpu5_extended,10,20,target_missed_grasp_proxy,post5,frozen_conjunction_margin,0.05151971629304323
gpu5_extended,10,20,target_missed_grasp_proxy,post5,layer5_gap_log_ratio,0.20443730080290534
gpu5_extended,10,20,target_missed_grasp_proxy,post5,back_jump_log_ratio,0.13412930712938564
gpu5_extended,10,20,target_missed_grasp_proxy,post5,nominal_action_log_margin,0.1455380471666815
gpu5_extended,10,20,target_missed_grasp_proxy,post5,phase_match_distance,0.04305647313594818
gpu5_extended,10,20,target_missed_grasp_proxy,post5,front_late_flow_wj,0.033641085028648376
gpu5_extended,10,20,target_missed_grasp_proxy,post5,back_late_flow_wj,0.030304230749607086
gpu5_extended,10,20,target_missed_grasp_proxy,post5,front_route_acceleration,0.012864800063519288
gpu5_extended,10,20,target_missed_grasp_proxy,post5,back_route_acceleration,0.00808581078298099
gpu5_extended,10,20,target_missed_grasp_proxy,post5,front_chunk_jump_h,0.046001136302948
gpu5_extended,10,20,target_missed_grasp_proxy,post5,back_chunk_jump_h,0.043545075692236423
gpu5_extended,10,20,target_missed_grasp_proxy,post5,layer5_state_action_gap,0.7036219239234924
gpu5_extended,10,20,target_missed_grasp_proxy,around5,frozen_conjunction_margin,0.05151971629304323
gpu5_extended,10,20,target_missed_grasp_proxy,around5,layer5_gap_log_ratio,0.20443730080290534
gpu5_extended,10,20,target_missed_grasp_proxy,around5,back_jump_log_ratio,0.13412930712938564
gpu5_extended,10,20,target_missed_grasp_proxy,around5,nominal_action_log_margin,0.15130581409966462
gpu5_extended,10,20,target_missed_grasp_proxy,around5,phase_match_distance,0.04305647313594818
gpu5_extended,10,20,target_missed_grasp_proxy,around5,front_late_flow_wj,0.03695245087146759
gpu5_extended,10,20,target_missed_grasp_proxy,around5,back_late_flow_wj,0.03352454677224159
gpu5_extended,10,20,target_missed_grasp_proxy,around5,front_route_acceleration,0.013318677522137052
gpu5_extended,10,20,target_missed_grasp_proxy,around5,back_route_acceleration,0.009030445953241128
gpu5_extended,10,20,target_missed_grasp_proxy,around5,front_chunk_jump_h,0.046598209999501705
gpu5_extended,10,20,target_missed_grasp_proxy,around5,back_chunk_jump_h,0.043545075692236423
gpu5_extended,10,20,target_missed_grasp_proxy,around5,layer5_state_action_gap,0.7036219239234924
gpu5_extended,12,7,success,pre5,frozen_conjunction_margin,-0.1499031260841655
gpu5_extended,12,7,success,pre5,layer5_gap_log_ratio,-0.1499031260841655
gpu5_extended,12,7,success,pre5,back_jump_log_ratio,0.08775882290553848
gpu5_extended,12,7,success,pre5,nominal_action_log_margin,0.2131230128134104
gpu5_extended,12,7,success,pre5,phase_match_distance,0.03810594007372856
gpu5_extended,12,7,success,pre5,front_late_flow_wj,0.03697057440876961
gpu5_extended,12,7,success,pre5,back_late_flow_wj,0.027912091463804245
gpu5_extended,12,7,success,pre5,front_route_acceleration,0.012591897959944878
gpu5_extended,12,7,success,pre5,back_route_acceleration,0.007581493851888261
gpu5_extended,12,7,success,pre5,front_chunk_jump_h,0.043990316800773144
gpu5_extended,12,7,success,pre5,back_chunk_jump_h,0.03734555561095476
gpu5_extended,12,7,success,pre5,layer5_state_action_gap,0.2657851576805115
gpu5_extended,12,7,success,at,frozen_conjunction_margin,-0.02010963348182021
gpu5_extended,12,7,success,at,layer5_gap_log_ratio,-0.02010963348182021
gpu5_extended,12,7,success,at,back_jump_log_ratio,0.024333680602275125
gpu5_extended,12,7,success,at,nominal_action_log_margin,0.21986697683325465
gpu5_extended,12,7,success,at,phase_match_distance,0.040082474052906034
gpu5_extended,12,7,success,at,front_late_flow_wj,0.0332317091524601
gpu5_extended,12,7,success,at,back_late_flow_wj,0.026257745921611786
gpu5_extended,12,7,success,at,front_route_acceleration,0.012796689764393021
gpu5_extended,12,7,success,at,back_route_acceleration,0.007566143734025138
gpu5_extended,12,7,success,at,front_chunk_jump_h,0.047188506461679935
gpu5_extended,12,7,success,at,back_chunk_jump_h,0.04257884807884693
gpu5_extended,12,7,success,at,layer5_state_action_gap,0.2775205671787262
gpu5_extended,12,7,success,post5,frozen_conjunction_margin,-0.024368367248292166
gpu5_extended,12,7,success,post5,layer5_gap_log_ratio,-0.02195882138528938
gpu5_extended,12,7,success,post5,back_jump_log_ratio,0.01568567638204504
gpu5_extended,12,7,success,post5,nominal_action_log_margin,0.2479918528777643
gpu5_extended,12,7,success,post5,phase_match_distance,0.03918760940432549
gpu5_extended,12,7,success,post5,front_late_flow_wj,0.03029693104326725
gpu5_extended,12,7,success,post5,back_late_flow_wj,0.027994759380817413
gpu5_extended,12,7,success,post5,front_route_acceleration,0.011932640921210182
gpu5_extended,12,7,success,post5,back_route_acceleration,0.007403941191375281
gpu5_extended,12,7,success,post5,front_chunk_jump_h,0.0406244657933712
gpu5_extended,12,7,success,post5,back_chunk_jump_h,0.04284277930855751
gpu5_extended,12,7,success,post5,layer5_state_action_gap,0.6872490644454956
gpu5_extended,12,7,success,around5,frozen_conjunction_margin,-0.02010963348182021
gpu5_extended,12,7,success,around5,layer5_gap_log_ratio,-0.02010963348182021
gpu5_extended,12,7,success,around5,back_jump_log_ratio,0.08775882290553848
gpu5_extended,12,7,success,around5,nominal_action_log_margin,0.2479918528777643
gpu5_extended,12,7,success,around5,phase_match_distance,0.040082474052906034
gpu5_extended,12,7,success,around5,front_late_flow_wj,0.03697057440876961
gpu5_extended,12,7,success,around5,back_late_flow_wj,0.027994759380817413
gpu5_extended,12,7,success,around5,front_route_acceleration,0.012796689764393021
gpu5_extended,12,7,success,around5,back_route_acceleration,0.007581493851888261
gpu5_extended,12,7,success,around5,front_chunk_jump_h,0.047188506461679935
gpu5_extended,12,7,success,around5,back_chunk_jump_h,0.04284277930855751
gpu5_extended,12,7,success,around5,layer5_state_action_gap,0.6872490644454956
gpu5_extended,13,0,success,pre5,frozen_conjunction_margin,-0.032654933421372996
gpu5_extended,13,0,success,pre5,layer5_gap_log_ratio,0.031167855537704875
gpu5_extended,13,0,success,pre5,back_jump_log_ratio,0.04631825328394153
gpu5_extended,13,0,success,pre5,nominal_action_log_margin,0.18692129631030172
gpu5_extended,13,0,success,pre5,phase_match_distance,0.03697567135095596
gpu5_extended,13,0,success,pre5,front_late_flow_wj,0.0347883366048336
gpu5_extended,13,0,success,pre5,back_late_flow_wj,0.026525435969233513
gpu5_extended,13,0,success,pre5,front_route_acceleration,0.012252665197632814
gpu5_extended,13,0,success,pre5,back_route_acceleration,0.007442581392249771
gpu5_extended,13,0,success,pre5,front_chunk_jump_h,0.041318440809845924
gpu5_extended,13,0,success,pre5,back_chunk_jump_h,0.03431843454018235
gpu5_extended,13,0,success,pre5,layer5_state_action_gap,0.23890654742717743
gpu5_extended,13,0,success,at,frozen_conjunction_margin,-0.0258091651597561
gpu5_extended,13,0,success,at,layer5_gap_log_ratio,-0.0258091651597561
gpu5_extended,13,0,success,at,back_jump_log_ratio,-0.001475641933448626
gpu5_extended,13,0,success,at,nominal_action_log_margin,0.2694598903356793
gpu5_extended,13,0,success,at,phase_match_distance,0.039136587828397754
gpu5_extended,13,0,success,at,front_late_flow_wj,0.03248140960931778
gpu5_extended,13,0,success,at,back_late_flow_wj,0.02645733952522278
gpu5_extended,13,0,success,at,front_route_acceleration,0.012418179493729888
gpu5_extended,13,0,success,at,back_route_acceleration,0.007309628838610685
gpu5_extended,13,0,success,at,front_chunk_jump_h,0.04492422752082348
gpu5_extended,13,0,success,at,back_chunk_jump_h,0.041033205576241016
gpu5_extended,13,0,success,at,layer5_state_action_gap,0.2521005868911743
gpu5_extended,13,0,success,post5,frozen_conjunction_margin,-0.04810025305203029
gpu5_extended,13,0,success,post5,layer5_gap_log_ratio,-0.010448172709225961
gpu5_extended,13,0,success,post5,back_jump_log_ratio,-0.01842730055457133
gpu5_extended,13,0,success,post5,nominal_action_log_margin,0.3979812296008162
gpu5_extended,13,0,success,post5,phase_match_distance,0.03704695552587509
gpu5_extended,13,0,success,post5,front_late_flow_wj,0.031195955350995064
gpu5_extended,13,0,success,post5,back_late_flow_wj,0.02630855329334736
gpu5_extended,13,0,success,post5,front_route_acceleration,0.011882135984266245
gpu5_extended,13,0,success,post5,back_route_acceleration,0.007188206264346074
gpu5_extended,13,0,success,post5,front_chunk_jump_h,0.04119663406163454
gpu5_extended,13,0,success,post5,back_chunk_jump_h,0.042960500344634056
gpu5_extended,13,0,success,post5,layer5_state_action_gap,0.7080584168434143
gpu5_extended,13,0,success,around5,frozen_conjunction_margin,-0.0258091651597561
gpu5_extended,13,0,success,around5,layer5_gap_log_ratio,0.031167855537704875
gpu5_extended,13,0,success,around5,back_jump_log_ratio,0.04631825328394153
gpu5_extended,13,0,success,around5,nominal_action_log_margin,0.3979812296008162
gpu5_extended,13,0,success,around5,phase_match_distance,0.039136587828397754
gpu5_extended,13,0,success,around5,front_late_flow_wj,0.0347883366048336
gpu5_extended,13,0,success,around5,back_late_flow_wj,0.026525435969233513
gpu5_extended,13,0,success,around5,front_route_acceleration,0.012418179493729888
gpu5_extended,13,0,success,around5,back_route_acceleration,0.007442581392249771
gpu5_extended,13,0,success,around5,front_chunk_jump_h,0.04492422752082348
gpu5_extended,13,0,success,around5,back_chunk_jump_h,0.042960500344634056
gpu5_extended,13,0,success,around5,layer5_state_action_gap,0.7080584168434143
gpu5_extended,14,20,target_missed_grasp_proxy,pre5,frozen_conjunction_margin,-0.07615377729514382
gpu5_extended,14,20,target_missed_grasp_proxy,pre5,layer5_gap_log_ratio,-0.07615377729514382
gpu5_extended,14,20,target_missed_grasp_proxy,pre5,back_jump_log_ratio,0.08930908766555819
gpu5_extended,14,20,target_missed_grasp_proxy,pre5,nominal_action_log_margin,0.16230676637234032
gpu5_extended,14,20,target_missed_grasp_proxy,pre5,phase_match_distance,0.03872606828808785
gpu5_extended,14,20,target_missed_grasp_proxy,pre5,front_late_flow_wj,0.03549763932824135
gpu5_extended,14,20,target_missed_grasp_proxy,pre5,back_late_flow_wj,0.02670007199048996
gpu5_extended,14,20,target_missed_grasp_proxy,pre5,front_route_acceleration,0.012673351165172191
gpu5_extended,14,20,target_missed_grasp_proxy,pre5,back_route_acceleration,0.007460487645475753
gpu5_extended,14,20,target_missed_grasp_proxy,pre5,front_chunk_jump_h,0.03945078235119581
gpu5_extended,14,20,target_missed_grasp_proxy,pre5,back_chunk_jump_h,0.03489087522029877
gpu5_extended,14,20,target_missed_grasp_proxy,pre5,layer5_state_action_gap,0.21442469954490662
gpu5_extended,14,20,target_missed_grasp_proxy,at,frozen_conjunction_margin,-0.1961841239139905
gpu5_extended,14,20,target_missed_grasp_proxy,at,layer5_gap_log_ratio,-0.1961841239139905
gpu5_extended,14,20,target_missed_grasp_proxy,at,back_jump_log_ratio,-0.08306799860828229
gpu5_extended,14,20,target_missed_grasp_proxy,at,nominal_action_log_margin,0.18930530208067176
gpu5_extended,14,20,target_missed_grasp_proxy,at,phase_match_distance,0.040859422832727435
gpu5_extended,14,20,target_missed_grasp_proxy,at,front_late_flow_wj,0.03637458384037018
gpu5_extended,14,20,target_missed_grasp_proxy,at,back_late_flow_wj,0.031018245965242386
gpu5_extended,14,20,target_missed_grasp_proxy,at,front_route_acceleration,0.013210020380410336
gpu5_extended,14,20,target_missed_grasp_proxy,at,back_route_acceleration,0.008469234204177062
gpu5_extended,14,20,target_missed_grasp_proxy,at,front_chunk_jump_h,0.045631153509020805
gpu5_extended,14,20,target_missed_grasp_proxy,at,back_chunk_jump_h,0.038242751732468605
gpu5_extended,14,20,target_missed_grasp_proxy,at,layer5_state_action_gap,0.16268762946128845
gpu5_extended,14,20,target_missed_grasp_proxy,post5,frozen_conjunction_margin,0.007748175738884949
gpu5_extended,14,20,target_missed_grasp_proxy,post5,layer5_gap_log_ratio,0.12571878709153445
gpu5_extended,14,20,target_missed_grasp_proxy,post5,back_jump_log_ratio,0.08190332281940874
gpu5_extended,14,20,target_missed_grasp_proxy,post5,nominal_action_log_margin,0.24936599879936996
gpu5_extended,14,20,target_missed_grasp_proxy,post5,phase_match_distance,0.04020562991499901
gpu5_extended,14,20,target_missed_grasp_proxy,post5,front_late_flow_wj,0.03093702718615532
gpu5_extended,14,20,target_missed_grasp_proxy,post5,back_late_flow_wj,0.027993924915790558
gpu5_extended,14,20,target_missed_grasp_proxy,post5,front_route_acceleration,0.012025199277720897
gpu5_extended,14,20,target_missed_grasp_proxy,post5,back_route_acceleration,0.007641577415424533
gpu5_extended,14,20,target_missed_grasp_proxy,post5,front_chunk_jump_h,0.04385494999587536
gpu5_extended,14,20,target_missed_grasp_proxy,post5,back_chunk_jump_h,0.04605171736329794
gpu5_extended,14,20,target_missed_grasp_proxy,post5,layer5_state_action_gap,0.7434103488922119
gpu5_extended,14,20,target_missed_grasp_proxy,around5,frozen_conjunction_margin,0.007748175738884949
gpu5_extended,14,20,target_missed_grasp_proxy,around5,layer5_gap_log_ratio,0.12571878709153445
gpu5_extended,14,20,target_missed_grasp_proxy,around5,back_jump_log_ratio,0.08930908766555819
gpu5_extended,14,20,target_missed_grasp_proxy,around5,nominal_action_log_margin,0.24936599879936996
gpu5_extended,14,20,target_missed_grasp_proxy,around5,phase_match_distance,0.040859422832727435
gpu5_extended,14,20,target_missed_grasp_proxy,around5,front_late_flow_wj,0.03637458384037018
gpu5_extended,14,20,target_missed_grasp_proxy,around5,back_late_flow_wj,0.031018245965242386
gpu5_extended,14,20,target_missed_grasp_proxy,around5,front_route_acceleration,0.013210020380410336
gpu5_extended,14,20,target_missed_grasp_proxy,around5,back_route_acceleration,0.008469234204177062
gpu5_extended,14,20,target_missed_grasp_proxy,around5,front_chunk_jump_h,0.045631153509020805
gpu5_extended,14,20,target_missed_grasp_proxy,around5,back_chunk_jump_h,0.04605171736329794
gpu5_extended,14,20,target_missed_grasp_proxy,around5,layer5_state_action_gap,0.7434103488922119
gpu5_extended,16,7,success,pre5,frozen_conjunction_margin,-0.09855111502054617
gpu5_extended,16,7,success,pre5,layer5_gap_log_ratio,-0.09855111502054617
gpu5_extended,16,7,success,pre5,back_jump_log_ratio,0.0992563018363043
gpu5_extended,16,7,success,pre5,nominal_action_log_margin,0.28232676897961023
gpu5_extended,16,7,success,pre5,phase_match_distance,0.036961044371128085
gpu5_extended,16,7,success,pre5,front_late_flow_wj,0.03236814960837364
gpu5_extended,16,7,success,pre5,back_late_flow_wj,0.026440497487783432
gpu5_extended,16,7,success,pre5,front_route_acceleration,0.012257938221130877
gpu5_extended,16,7,success,pre5,back_route_acceleration,0.007354795250544459
gpu5_extended,16,7,success,pre5,front_chunk_jump_h,0.039402492344379425
gpu5_extended,16,7,success,pre5,back_chunk_jump_h,0.03509774198755622
gpu5_extended,16,7,success,pre5,layer5_state_action_gap,0.3208884596824646
gpu5_extended,16,7,success,at,frozen_conjunction_margin,-0.09679238042626634
gpu5_extended,16,7,success,at,layer5_gap_log_ratio,-0.09679238042626634
gpu5_extended,16,7,success,at,back_jump_log_ratio,-0.04294471756697385
gpu5_extended,16,7,success,at,nominal_action_log_margin,0.1993392207104954
gpu5_extended,16,7,success,at,phase_match_distance,0.04126230701804161
gpu5_extended,16,7,success,at,front_late_flow_wj,0.034959807991981506
gpu5_extended,16,7,success,at,back_late_flow_wj,0.026504850015044212
gpu5_extended,16,7,success,at,front_route_acceleration,0.012861256744214572
gpu5_extended,16,7,success,at,back_route_acceleration,0.00772294986560258
gpu5_extended,16,7,success,at,front_chunk_jump_h,0.05205585528165102
gpu5_extended,16,7,success,at,back_chunk_jump_h,0.03980839438736439
gpu5_extended,16,7,success,at,layer5_state_action_gap,0.2586722671985626
gpu5_extended,16,7,success,post5,frozen_conjunction_margin,-0.002689885115225562
gpu5_extended,16,7,success,post5,layer5_gap_log_ratio,0.018736460822106966
gpu5_extended,16,7,success,post5,back_jump_log_ratio,0.024151942930350407
gpu5_extended,16,7,success,post5,nominal_action_log_margin,0.28871181079511554
gpu5_extended,16,7,success,post5,phase_match_distance,0.03982838019728661
gpu5_extended,16,7,success,post5,front_late_flow_wj,0.03172939270734787
gpu5_extended,16,7,success,post5,back_late_flow_wj,0.026571892201900482
gpu5_extended,16,7,success,post5,front_route_acceleration,0.012332579207361135
gpu5_extended,16,7,success,post5,back_route_acceleration,0.00721552091864088
gpu5_extended,16,7,success,post5,front_chunk_jump_h,0.04692215844988823
gpu5_extended,16,7,success,post5,back_chunk_jump_h,0.04242422245442867
gpu5_extended,16,7,success,post5,layer5_state_action_gap,0.7027350068092346
gpu5_extended,16,7,success,around5,frozen_conjunction_margin,-0.002689885115225562
gpu5_extended,16,7,success,around5,layer5_gap_log_ratio,0.018736460822106966
gpu5_extended,16,7,success,around5,back_jump_log_ratio,0.0992563018363043
gpu5_extended,16,7,success,around5,nominal_action_log_margin,0.28871181079511554
gpu5_extended,16,7,success,around5,phase_match_distance,0.04126230701804161
gpu5_extended,16,7,success,around5,front_late_flow_wj,0.034959807991981506
gpu5_extended,16,7,success,around5,back_late_flow_wj,0.026571892201900482
gpu5_extended,16,7,success,around5,front_route_acceleration,0.012861256744214572
gpu5_extended,16,7,success,around5,back_route_acceleration,0.00772294986560258
gpu5_extended,16,7,success,around5,front_chunk_jump_h,0.05205585528165102
gpu5_extended,16,7,success,around5,back_chunk_jump_h,0.04242422245442867
gpu5_extended,16,7,success,around5,layer5_state_action_gap,0.7027350068092346
gpu5_extended,18,0,success,pre5,frozen_conjunction_margin,-0.039139721715289115
gpu5_extended,18,0,success,pre5,layer5_gap_log_ratio,-0.004259617833294531
gpu5_extended,18,0,success,pre5,back_jump_log_ratio,0.11065336704954698
gpu5_extended,18,0,success,pre5,nominal_action_log_margin,0.26494631340198255
gpu5_extended,18,0,success,pre5,phase_match_distance,0.03952632397413254
gpu5_extended,18,0,success,pre5,front_late_flow_wj,0.0341174378991127
gpu5_extended,18,0,success,pre5,back_late_flow_wj,0.027901580557227135
gpu5_extended,18,0,success,pre5,front_route_acceleration,0.012605168763654103
gpu5_extended,18,0,success,pre5,back_route_acceleration,0.007631496409922479
gpu5_extended,18,0,success,pre5,front_chunk_jump_h,0.04274643212556839
gpu5_extended,18,0,success,pre5,back_chunk_jump_h,0.036560064647346735
gpu5_extended,18,0,success,pre5,layer5_state_action_gap,0.23317602276802063
gpu5_extended,18,0,success,at,frozen_conjunction_margin,-0.03400983644432928
gpu5_extended,18,0,success,at,layer5_gap_log_ratio,0.050165808296277745
gpu5_extended,18,0,success,at,back_jump_log_ratio,-0.03400983644432928
gpu5_extended,18,0,success,at,nominal_action_log_margin,0.31163468294857144
gpu5_extended,18,0,success,at,phase_match_distance,0.039560514688491824
gpu5_extended,18,0,success,at,front_late_flow_wj,0.03615396469831467
gpu5_extended,18,0,success,at,back_late_flow_wj,0.0328938253223896
gpu5_extended,18,0,success,at,front_route_acceleration,0.012787639827621452
gpu5_extended,18,0,success,at,back_route_acceleration,0.00899907688324896
gpu5_extended,18,0,success,at,front_chunk_jump_h,0.0462340759113431
gpu5_extended,18,0,success,at,back_chunk_jump_h,0.03831419721245766
gpu5_extended,18,0,success,at,layer5_state_action_gap,0.2466452270746231
gpu5_extended,18,0,success,post5,frozen_conjunction_margin,-0.054235582333995024
gpu5_extended,18,0,success,post5,layer5_gap_log_ratio,-0.016294012576944118
gpu5_extended,18,0,success,post5,back_jump_log_ratio,-0.01132167382398977
gpu5_extended,18,0,success,post5,nominal_action_log_margin,0.24263535468030342
gpu5_extended,18,0,success,post5,phase_match_distance,0.03965831696987152
gpu5_extended,18,0,success,post5,front_late_flow_wj,0.02970648556947708
gpu5_extended,18,0,success,post5,back_late_flow_wj,0.02660244144499302
gpu5_extended,18,0,success,post5,front_route_acceleration,0.011924773393899869
gpu5_extended,18,0,success,post5,back_route_acceleration,0.007161331429290682
gpu5_extended,18,0,success,post5,front_chunk_jump_h,0.042339449748396873
gpu5_extended,18,0,success,post5,back_chunk_jump_h,0.04561247956007719
gpu5_extended,18,0,success,post5,layer5_state_action_gap,0.6803665161132812
gpu5_extended,18,0,success,around5,frozen_conjunction_margin,-0.03400983644432928
gpu5_extended,18,0,success,around5,layer5_gap_log_ratio,0.050165808296277745
gpu5_extended,18,0,success,around5,back_jump_log_ratio,0.11065336704954698
gpu5_extended,18,0,success,around5,nominal_action_log_margin,0.31163468294857144
gpu5_extended,18,0,success,around5,phase_match_distance,0.03965831696987152
gpu5_extended,18,0,success,around5,front_late_flow_wj,0.03615396469831467
gpu5_extended,18,0,success,around5,back_late_flow_wj,0.0328938253223896
gpu5_extended,18,0,success,around5,front_route_acceleration,0.012787639827621452
gpu5_extended,18,0,success,around5,back_route_acceleration,0.00899907688324896
gpu5_extended,18,0,success,around5,front_chunk_jump_h,0.0462340759113431
gpu5_extended,18,0,success,around5,back_chunk_jump_h,0.04561247956007719
gpu5_extended,18,0,success,around5,layer5_state_action_gap,0.6803665161132812
gpu5_extended,20,7,success,pre5,frozen_conjunction_margin,-0.07938694557333438
gpu5_extended,20,7,success,pre5,layer5_gap_log_ratio,-0.0628751334743218
gpu5_extended,20,7,success,pre5,back_jump_log_ratio,0.04879613011846994
gpu5_extended,20,7,success,pre5,nominal_action_log_margin,0.24686426364253283
gpu5_extended,20,7,success,pre5,phase_match_distance,0.03857353925704956
gpu5_extended,20,7,success,pre5,front_late_flow_wj,0.032772522419691086
gpu5_extended,20,7,success,pre5,back_late_flow_wj,0.02439730241894722
gpu5_extended,20,7,success,pre5,front_route_acceleration,0.011994070335693807
gpu5_extended,20,7,success,pre5,back_route_acceleration,0.00701908601004284
gpu5_extended,20,7,success,pre5,front_chunk_jump_h,0.04175323527306318
gpu5_extended,20,7,success,pre5,back_chunk_jump_h,0.03328003315255046
gpu5_extended,20,7,success,pre5,layer5_state_action_gap,0.3367907404899597
gpu5_extended,20,7,success,at,frozen_conjunction_margin,-0.17443155167740088
gpu5_extended,20,7,success,at,layer5_gap_log_ratio,-0.17443155167740088
gpu5_extended,20,7,success,at,back_jump_log_ratio,-0.01320116027363603
gpu5_extended,20,7,success,at,nominal_action_log_margin,0.2483728128536057
gpu5_extended,20,7,success,at,phase_match_distance,0.03957211598753929
gpu5_extended,20,7,success,at,front_late_flow_wj,0.03311195224523544
gpu5_extended,20,7,success,at,back_late_flow_wj,0.025121387094259262
gpu5_extended,20,7,success,at,front_route_acceleration,0.012662128329927264
gpu5_extended,20,7,success,at,back_route_acceleration,0.007349583783465305
gpu5_extended,20,7,success,at,front_chunk_jump_h,0.04661474283784628
gpu5_extended,20,7,success,at,back_chunk_jump_h,0.04101026710122824
gpu5_extended,20,7,success,at,layer5_state_action_gap,0.24077118933200836
gpu5_extended,20,7,success,post5,frozen_conjunction_margin,-0.030836917953637643
gpu5_extended,20,7,success,post5,layer5_gap_log_ratio,0.00837952428585281
gpu5_extended,20,7,success,post5,back_jump_log_ratio,-0.024100687087463716
gpu5_extended,20,7,success,post5,nominal_action_log_margin,0.28696651236172516
gpu5_extended,20,7,success,post5,phase_match_distance,0.04082788228988647
gpu5_extended,20,7,success,post5,front_late_flow_wj,0.033607855439186096
gpu5_extended,20,7,success,post5,back_late_flow_wj,0.02882375381886959
gpu5_extended,20,7,success,post5,front_route_acceleration,0.012498521265159272
gpu5_extended,20,7,success,post5,back_route_acceleration,0.007581370186490443
gpu5_extended,20,7,success,post5,front_chunk_jump_h,0.04453080892562866
gpu5_extended,20,7,success,post5,back_chunk_jump_h,0.043574764393270016
gpu5_extended,20,7,success,post5,layer5_state_action_gap,0.6999012231826782
gpu5_extended,20,7,success,around5,frozen_conjunction_margin,-0.030836917953637643
gpu5_extended,20,7,success,around5,layer5_gap_log_ratio,0.00837952428585281
gpu5_extended,20,7,success,around5,back_jump_log_ratio,0.04879613011846994
gpu5_extended,20,7,success,around5,nominal_action_log_margin,0.28696651236172516
gpu5_extended,20,7,success,around5,phase_match_distance,0.04082788228988647
gpu5_extended,20,7,success,around5,front_late_flow_wj,0.033607855439186096
gpu5_extended,20,7,success,around5,back_late_flow_wj,0.02882375381886959
gpu5_extended,20,7,success,around5,front_route_acceleration,0.012662128329927264
gpu5_extended,20,7,success,around5,back_route_acceleration,0.007581370186490443
gpu5_extended,20,7,success,around5,front_chunk_jump_h,0.04661474283784628
gpu5_extended,20,7,success,around5,back_chunk_jump_h,0.043574764393270016
gpu5_extended,20,7,success,around5,layer5_state_action_gap,0.6999012231826782
gpu5_extended,21,20,target_missed_grasp_proxy,pre5,frozen_conjunction_margin,-0.023879227550382905
gpu5_extended,21,20,target_missed_grasp_proxy,pre5,layer5_gap_log_ratio,0.07445430059052492
gpu5_extended,21,20,target_missed_grasp_proxy,pre5,back_jump_log_ratio,0.03651345764218839
gpu5_extended,21,20,target_missed_grasp_proxy,pre5,nominal_action_log_margin,0.25577557938908524
gpu5_extended,21,20,target_missed_grasp_proxy,pre5,phase_match_distance,0.039185117930173874
gpu5_extended,21,20,target_missed_grasp_proxy,pre5,front_late_flow_wj,0.03582300245761871
gpu5_extended,21,20,target_missed_grasp_proxy,pre5,back_late_flow_wj,0.031034337356686592
gpu5_extended,21,20,target_missed_grasp_proxy,pre5,front_route_acceleration,0.012756998749771537
gpu5_extended,21,20,target_missed_grasp_proxy,pre5,back_route_acceleration,0.008357800694369385
gpu5_extended,21,20,target_missed_grasp_proxy,pre5,front_chunk_jump_h,0.04194829426705837
gpu5_extended,21,20,target_missed_grasp_proxy,pre5,back_chunk_jump_h,0.030296310782432556
gpu5_extended,21,20,target_missed_grasp_proxy,pre5,layer5_state_action_gap,0.253489226102829
gpu5_extended,21,20,target_missed_grasp_proxy,at,frozen_conjunction_margin,-0.0948099094374241
gpu5_extended,21,20,target_missed_grasp_proxy,at,layer5_gap_log_ratio,0.23329990009643406
gpu5_extended,21,20,target_missed_grasp_proxy,at,back_jump_log_ratio,-0.0948099094374241
gpu5_extended,21,20,target_missed_grasp_proxy,at,nominal_action_log_margin,0.07509325910583665
gpu5_extended,21,20,target_missed_grasp_proxy,at,phase_match_distance,0.0417815774679184
gpu5_extended,21,20,target_missed_grasp_proxy,at,front_late_flow_wj,0.035849157720804214
gpu5_extended,21,20,target_missed_grasp_proxy,at,back_late_flow_wj,0.0336308591067791
gpu5_extended,21,20,target_missed_grasp_proxy,at,front_route_acceleration,0.013097314957739942
gpu5_extended,21,20,target_missed_grasp_proxy,at,back_route_acceleration,0.008867317658562246
gpu5_extended,21,20,target_missed_grasp_proxy,at,front_chunk_jump_h,0.0468535665422678
gpu5_extended,21,20,target_missed_grasp_proxy,at,back_chunk_jump_h,0.03518051374703646
gpu5_extended,21,20,target_missed_grasp_proxy,at,layer5_state_action_gap,0.2991989850997925
gpu5_extended,21,20,target_missed_grasp_proxy,post5,frozen_conjunction_margin,-0.03807086597733003
gpu5_extended,21,20,target_missed_grasp_proxy,post5,layer5_gap_log_ratio,0.7576474252260433
gpu5_extended,21,20,target_missed_grasp_proxy,post5,back_jump_log_ratio,0.05615488142721933
gpu5_extended,21,20,target_missed_grasp_proxy,post5,nominal_action_log_margin,0.33086136010622963
gpu5_extended,21,20,target_missed_grasp_proxy,post5,phase_match_distance,0.04103085249662399
gpu5_extended,21,20,target_missed_grasp_proxy,post5,front_late_flow_wj,0.03266863152384758
gpu5_extended,21,20,target_missed_grasp_proxy,post5,back_late_flow_wj,0.032114461064338684
gpu5_extended,21,20,target_missed_grasp_proxy,post5,front_route_acceleration,0.012677788073809548
gpu5_extended,21,20,target_missed_grasp_proxy,post5,back_route_acceleration,0.008224675154464737
gpu5_extended,21,20,target_missed_grasp_proxy,post5,front_chunk_jump_h,0.043439457193017006
gpu5_extended,21,20,target_missed_grasp_proxy,post5,back_chunk_jump_h,0.04246368817985058
gpu5_extended,21,20,target_missed_grasp_proxy,post5,layer5_state_action_gap,0.7027596235275269
gpu5_extended,21,20,target_missed_grasp_proxy,around5,frozen_conjunction_margin,-0.023879227550382905
gpu5_extended,21,20,target_missed_grasp_proxy,around5,layer5_gap_log_ratio,0.7576474252260433
gpu5_extended,21,20,target_missed_grasp_proxy,around5,back_jump_log_ratio,0.05615488142721933
gpu5_extended,21,20,target_missed_grasp_proxy,around5,nominal_action_log_margin,0.33086136010622963
gpu5_extended,21,20,target_missed_grasp_proxy,around5,phase_match_distance,0.0417815774679184
gpu5_extended,21,20,target_missed_grasp_proxy,around5,front_late_flow_wj,0.035849157720804214
gpu5_extended,21,20,target_missed_grasp_proxy,around5,back_late_flow_wj,0.0336308591067791
gpu5_extended,21,20,target_missed_grasp_proxy,around5,front_route_acceleration,0.013097314957739942
gpu5_extended,21,20,target_missed_grasp_proxy,around5,back_route_acceleration,0.008867317658562246
gpu5_extended,21,20,target_missed_grasp_proxy,around5,front_chunk_jump_h,0.0468535665422678
gpu5_extended,21,20,target_missed_grasp_proxy,around5,back_chunk_jump_h,0.04246368817985058
gpu5_extended,21,20,target_missed_grasp_proxy,around5,layer5_state_action_gap,0.7027596235275269
gpu5_extended,23,0,target_missed_grasp_proxy,pre5,frozen_conjunction_margin,-0.22863124800281273
gpu5_extended,23,0,target_missed_grasp_proxy,pre5,layer5_gap_log_ratio,-0.22863124800281273
gpu5_extended,23,0,target_missed_grasp_proxy,pre5,back_jump_log_ratio,-0.22196227372590324
gpu5_extended,23,0,target_missed_grasp_proxy,pre5,nominal_action_log_margin,0.1733352435688596
gpu5_extended,23,0,target_missed_grasp_proxy,pre5,phase_match_distance,0.03946659341454506
gpu5_extended,23,0,target_missed_grasp_proxy,pre5,front_late_flow_wj,0.03503374755382538
gpu5_extended,23,0,target_missed_grasp_proxy,pre5,back_late_flow_wj,0.02738042362034321
gpu5_extended,23,0,target_missed_grasp_proxy,pre5,front_route_acceleration,0.012305098042145435
gpu5_extended,23,0,target_missed_grasp_proxy,pre5,back_route_acceleration,0.007666289755980814
gpu5_extended,23,0,target_missed_grasp_proxy,pre5,front_chunk_jump_h,0.03735005855560303
gpu5_extended,23,0,target_missed_grasp_proxy,pre5,back_chunk_jump_h,0.027010257821530104
gpu5_extended,23,0,target_missed_grasp_proxy,pre5,layer5_state_action_gap,0.166259765625
gpu5_extended,23,0,target_missed_grasp_proxy,at,frozen_conjunction_margin,-0.5936137632696235
gpu5_extended,23,0,target_missed_grasp_proxy,at,layer5_gap_log_ratio,-0.5936137632696235
gpu5_extended,23,0,target_missed_grasp_proxy,at,back_jump_log_ratio,0.02635144519888504
gpu5_extended,23,0,target_missed_grasp_proxy,at,nominal_action_log_margin,0.19916455917664824
gpu5_extended,23,0,target_missed_grasp_proxy,at,phase_match_distance,0.041478369385004044
gpu5_extended,23,0,target_missed_grasp_proxy,at,front_late_flow_wj,0.03562941402196884
gpu5_extended,23,0,target_missed_grasp_proxy,at,back_late_flow_wj,0.02887093462049961
gpu5_extended,23,0,target_missed_grasp_proxy,at,front_route_acceleration,0.01291684962689646
gpu5_extended,23,0,target_missed_grasp_proxy,at,back_route_acceleration,0.008078850227862488
gpu5_extended,23,0,target_missed_grasp_proxy,at,front_chunk_jump_h,0.048373485915362835
gpu5_extended,23,0,target_missed_grasp_proxy,at,back_chunk_jump_h,0.042664894834160805
gpu5_extended,23,0,target_missed_grasp_proxy,at,layer5_state_action_gap,0.16058701276779175
gpu5_extended,23,0,target_missed_grasp_proxy,post5,frozen_conjunction_margin,-0.007050113971069816
gpu5_extended,23,0,target_missed_grasp_proxy,post5,layer5_gap_log_ratio,0.1127263532545905
gpu5_extended,23,0,target_missed_grasp_proxy,post5,back_jump_log_ratio,0.07502174610770274
gpu5_extended,23,0,target_missed_grasp_proxy,post5,nominal_action_log_margin,0.3189715878567574
gpu5_extended,23,0,target_missed_grasp_proxy,post5,phase_match_distance,0.041009954363107684
gpu5_extended,23,0,target_missed_grasp_proxy,post5,front_late_flow_wj,0.030932852998375893
gpu5_extended,23,0,target_missed_grasp_proxy,post5,back_late_flow_wj,0.028001179918646812
gpu5_extended,23,0,target_missed_grasp_proxy,post5,front_route_acceleration,0.012464307978480253
gpu5_extended,23,0,target_missed_grasp_proxy,post5,back_route_acceleration,0.007907639635987675
gpu5_extended,23,0,target_missed_grasp_proxy,post5,front_chunk_jump_h,0.04548627603799105
gpu5_extended,23,0,target_missed_grasp_proxy,post5,back_chunk_jump_h,0.046131934970617294
gpu5_extended,23,0,target_missed_grasp_proxy,post5,layer5_state_action_gap,0.6850922703742981
gpu5_extended,23,0,target_missed_grasp_proxy,around5,frozen_conjunction_margin,-0.007050113971069816
gpu5_extended,23,0,target_missed_grasp_proxy,around5,layer5_gap_log_ratio,0.1127263532545905
gpu5_extended,23,0,target_missed_grasp_proxy,around5,back_jump_log_ratio,0.07502174610770274
gpu5_extended,23,0,target_missed_grasp_proxy,around5,nominal_action_log_margin,0.3189715878567574
gpu5_extended,23,0,target_missed_grasp_proxy,around5,phase_match_distance,0.041478369385004044
gpu5_extended,23,0,target_missed_grasp_proxy,around5,front_late_flow_wj,0.03562941402196884
gpu5_extended,23,0,target_missed_grasp_proxy,around5,back_late_flow_wj,0.02887093462049961
gpu5_extended,23,0,target_missed_grasp_proxy,around5,front_route_acceleration,0.01291684962689646
gpu5_extended,23,0,target_missed_grasp_proxy,around5,back_route_acceleration,0.008078850227862488
gpu5_extended,23,0,target_missed_grasp_proxy,around5,front_chunk_jump_h,0.048373485915362835
gpu5_extended,23,0,target_missed_grasp_proxy,around5,back_chunk_jump_h,0.046131934970617294
gpu5_extended,23,0,target_missed_grasp_proxy,around5,layer5_state_action_gap,0.6850922703742981
