failure_group,transition_phase,layer_group,token,metric,failures,matched_percentile_mean,failure_raw_mean,same_run_init_success_mean
all_failures,0.1,back_L12_15,state,lag1_soft_change,1267,0.572213888168335,0.1017787978053093,0.10084797441959381
all_failures,0.1,back_L12_15,state,lag1_hard_churn,1267,0.5218976736068726,0.667794942855835,0.6735042333602905
all_failures,0.1,back_L12_15,state,lag2_soft_change,1267,0.5545439720153809,0.13010364770889282,0.12936128675937653
all_failures,0.1,back_L12_15,T1,lag1_soft_change,1267,0.4230388104915619,0.04077194258570671,0.0417332649230957
all_failures,0.1,back_L12_15,T1,lag1_hard_churn,1267,0.4322842061519623,0.8249862194061279,0.8350085616111755
all_failures,0.1,back_L12_15,T1,lag2_soft_change,1267,0.3616173565387726,0.0469200536608696,0.04815556854009628
all_failures,0.1,back_L12_15,T2,lag1_soft_change,1267,0.42735370993614197,0.038700081408023834,0.03955671191215515
all_failures,0.1,back_L12_15,T2,lag1_hard_churn,1267,0.4490865170955658,0.8553550839424133,0.8613803386688232
all_failures,0.1,back_L12_15,T2,lag2_soft_change,1267,0.3579558730125427,0.04373288154602051,0.04514794424176216
all_failures,0.1,back_L12_15,T3,lag1_soft_change,1267,0.4646497964859009,0.03780761733651161,0.03821295127272606
all_failures,0.1,back_L12_15,T3,lag1_hard_churn,1267,0.4616506099700928,0.873863697052002,0.8790060877799988
all_failures,0.1,back_L12_15,T3,lag2_soft_change,1267,0.4005693793296814,0.041841328144073486,0.04263392463326454
all_failures,0.1,back_L12_15,T4,lag1_soft_change,1267,0.4895497262477875,0.03703329712152481,0.03695930540561676
all_failures,0.1,back_L12_15,T4,lag1_hard_churn,1267,0.47397473454475403,0.8748244643211365,0.8791605830192566
all_failures,0.1,back_L12_15,T4,lag2_soft_change,1267,0.3873254060745239,0.040587522089481354,0.041399743407964706
all_failures,0.1,back_L12_15,T5,lag1_soft_change,1267,0.5453717112541199,0.037102553993463516,0.03623724728822708
all_failures,0.1,back_L12_15,T5,lag1_hard_churn,1267,0.4914640486240387,0.8743553757667542,0.8785254955291748
all_failures,0.1,back_L12_15,T5,lag2_soft_change,1267,0.42311203479766846,0.039517953991889954,0.039817292243242264
all_failures,0.1,back_L12_15,T6,lag1_soft_change,1267,0.5224376916885376,0.03674059361219406,0.036194607615470886
all_failures,0.1,back_L12_15,T6,lag1_hard_churn,1267,0.40956202149391174,0.8641467094421387,0.8801681995391846
all_failures,0.1,back_L12_15,T6,lag2_soft_change,1267,0.4554549753665924,0.04001455008983612,0.04005337134003639
all_failures,0.1,back_L12_15,T7,lag1_soft_change,1267,0.5762721300125122,0.037573330104351044,0.03635772690176964
all_failures,0.1,back_L12_15,T7,lag1_hard_churn,1267,0.4426904320716858,0.864717960357666,0.8766038417816162
all_failures,0.1,back_L12_15,T7,lag2_soft_change,1267,0.48698511719703674,0.040812183171510696,0.04060058295726776
all_failures,0.1,back_L12_15,T8,lag1_soft_change,1267,0.6167514324188232,0.038683440536260605,0.03691384941339493
all_failures,0.1,back_L12_15,T8,lag1_hard_churn,1267,0.4722786247730255,0.8605518937110901,0.8679333925247192
all_failures,0.1,back_L12_15,T8,lag2_soft_change,1267,0.47967129945755005,0.041901301592588425,0.04158353433012962
all_failures,0.1,back_L12_15,T9,lag1_soft_change,1267,0.5949994325637817,0.04043286293745041,0.03856305032968521
all_failures,0.1,back_L12_15,T9,lag1_hard_churn,1267,0.4447021484375,0.8503125309944153,0.8607872128486633
all_failures,0.1,back_L12_15,T9,lag2_soft_change,1267,0.5170816779136658,0.044155653566122055,0.043498579412698746
all_failures,0.1,back_L12_15,T10,lag1_soft_change,1267,0.6291173696517944,0.04463997483253479,0.04137752577662468
all_failures,0.1,back_L12_15,T10,lag1_hard_churn,1267,0.4644927680492401,0.8308948278427124,0.8359431028366089
all_failures,0.1,back_L12_15,T10,lag2_soft_change,1267,0.5520613789558411,0.04880979284644127,0.0477898083627224
all_failures,0.2,back_L12_15,state,lag1_soft_change,1267,0.5170778632164001,0.1002625972032547,0.0999675914645195
all_failures,0.2,back_L12_15,state,lag1_hard_churn,1267,0.5339810252189636,0.6852065920829773,0.6788280606269836
all_failures,0.2,back_L12_15,state,lag2_soft_change,1267,0.4753013849258423,0.12733832001686096,0.1301591396331787
all_failures,0.2,back_L12_15,T1,lag1_soft_change,1267,0.6754739284515381,0.043915875256061554,0.03907705843448639
all_failures,0.2,back_L12_15,T1,lag1_hard_churn,1267,0.5634324550628662,0.8317984938621521,0.8202577829360962
all_failures,0.2,back_L12_15,T1,lag2_soft_change,1267,0.5968555808067322,0.04735873267054558,0.04583687707781792
all_failures,0.2,back_L12_15,T2,lag1_soft_change,1267,0.691323459148407,0.04159967228770256,0.037230558693408966
all_failures,0.2,back_L12_15,T2,lag1_hard_churn,1267,0.5533352494239807,0.8606352210044861,0.8514732718467712
all_failures,0.2,back_L12_15,T2,lag2_soft_change,1267,0.5688908100128174,0.04377538338303566,0.04276964068412781
all_failures,0.2,back_L12_15,T3,lag1_soft_change,1267,0.6995469927787781,0.040775179862976074,0.03614916652441025
all_failures,0.2,back_L12_15,T3,lag1_hard_churn,1267,0.5397498607635498,0.8722781538963318,0.8677565455436707
all_failures,0.2,back_L12_15,T3,lag2_soft_change,1267,0.5797553062438965,0.04194227606058121,0.04044965282082558
all_failures,0.2,back_L12_15,T4,lag1_soft_change,1267,0.715460479259491,0.03987305983901024,0.03533323109149933
all_failures,0.2,back_L12_15,T4,lag1_hard_churn,1267,0.5534592866897583,0.8719903230667114,0.8684210181236267
all_failures,0.2,back_L12_15,T4,lag2_soft_change,1267,0.5944066047668457,0.04071519523859024,0.03923935070633888
all_failures,0.2,back_L12_15,T5,lag1_soft_change,1267,0.7132923603057861,0.0400669127702713,0.03541407734155655
all_failures,0.2,back_L12_15,T5,lag1_hard_churn,1267,0.5489889979362488,0.8755140900611877,0.8745279312133789
all_failures,0.2,back_L12_15,T5,lag2_soft_change,1267,0.6563527584075928,0.041015006601810455,0.03858090192079544
all_failures,0.2,back_L12_15,T6,lag1_soft_change,1267,0.7395309805870056,0.04041995853185654,0.03543601930141449
all_failures,0.2,back_L12_15,T6,lag1_hard_churn,1267,0.5447064638137817,0.878775417804718,0.8752383589744568
all_failures,0.2,back_L12_15,T6,lag2_soft_change,1267,0.6602731943130493,0.04132666438817978,0.03863881900906563
all_failures,0.2,back_L12_15,T7,lag1_soft_change,1267,0.7231951951980591,0.040546488016843796,0.03568827360868454
all_failures,0.2,back_L12_15,T7,lag1_hard_churn,1267,0.508033037185669,0.8710758090019226,0.8709264993667603
all_failures,0.2,back_L12_15,T7,lag2_soft_change,1267,0.6538687348365784,0.041634563356637955,0.039228327572345734
all_failures,0.2,back_L12_15,T8,lag1_soft_change,1267,0.744827926158905,0.04228057339787483,0.036729373037815094
all_failures,0.2,back_L12_15,T8,lag1_hard_churn,1267,0.5489300489425659,0.8700578212738037,0.863123893737793
all_failures,0.2,back_L12_15,T8,lag2_soft_change,1267,0.6910947561264038,0.043386198580265045,0.04033266380429268
all_failures,0.2,back_L12_15,T9,lag1_soft_change,1267,0.7193149924278259,0.04427919536828995,0.03828190639615059
all_failures,0.2,back_L12_15,T9,lag1_hard_churn,1267,0.5556681156158447,0.8558335304260254,0.8501132726669312
all_failures,0.2,back_L12_15,T9,lag2_soft_change,1267,0.6909482479095459,0.046039510518312454,0.04224022105336189
all_failures,0.2,back_L12_15,T10,lag1_soft_change,1267,0.7174171209335327,0.049285002052783966,0.04234905168414116
all_failures,0.2,back_L12_15,T10,lag1_hard_churn,1267,0.5607657432556152,0.8308202624320984,0.8182576298713684
all_failures,0.2,back_L12_15,T10,lag2_soft_change,1267,0.6888035535812378,0.05170568823814392,0.047266602516174316
all_failures,0.3,back_L12_15,state,lag1_soft_change,1267,0.4263306260108948,0.09988841414451599,0.10483881831169128
all_failures,0.3,back_L12_15,state,lag1_hard_churn,1267,0.4194788634777069,0.6759971380233765,0.713211178779602
all_failures,0.3,back_L12_15,state,lag2_soft_change,1267,0.5145010352134705,0.13451048731803894,0.13520784676074982
all_failures,0.3,back_L12_15,T1,lag1_soft_change,1267,0.5174471139907837,0.04512231796979904,0.04408467561006546
all_failures,0.3,back_L12_15,T1,lag1_hard_churn,1267,0.38811543583869934,0.8167523145675659,0.8387808799743652
all_failures,0.3,back_L12_15,T1,lag2_soft_change,1267,0.666432797908783,0.05259574577212334,0.048936400562524796
all_failures,0.3,back_L12_15,T2,lag1_soft_change,1267,0.4884285032749176,0.04197785630822182,0.041835885494947433
all_failures,0.3,back_L12_15,T2,lag1_hard_churn,1267,0.39466291666030884,0.844075620174408,0.8649507164955139
all_failures,0.3,back_L12_15,T2,lag2_soft_change,1267,0.6309112310409546,0.04769260808825493,0.04528024420142174
all_failures,0.3,back_L12_15,T3,lag1_soft_change,1267,0.4475886821746826,0.04003749415278435,0.04085904359817505
all_failures,0.3,back_L12_15,T3,lag1_hard_churn,1267,0.3800209164619446,0.8577250838279724,0.8785197138786316
all_failures,0.3,back_L12_15,T3,lag2_soft_change,1267,0.6035944223403931,0.0449904203414917,0.04336591064929962
all_failures,0.3,back_L12_15,T4,lag1_soft_change,1267,0.42784979939460754,0.03889225795865059,0.04035032540559769
all_failures,0.3,back_L12_15,T4,lag1_hard_churn,1267,0.4268381595611572,0.8678114414215088,0.8804239630699158
all_failures,0.3,back_L12_15,T4,lag2_soft_change,1267,0.5792271494865417,0.043587300926446915,0.042288437485694885
all_failures,0.3,back_L12_15,T5,lag1_soft_change,1267,0.41897422075271606,0.038333673030138016,0.0403091125190258
all_failures,0.3,back_L12_15,T5,lag1_hard_churn,1267,0.42389509081840515,0.8693841099739075,0.8840963840484619
all_failures,0.3,back_L12_15,T5,lag2_soft_change,1267,0.5166984796524048,0.04269297793507576,0.04218297824263573
all_failures,0.3,back_L12_15,T6,lag1_soft_change,1267,0.4167398512363434,0.03834741935133934,0.04048370569944382
all_failures,0.3,back_L12_15,T6,lag1_hard_churn,1267,0.43123963475227356,0.8678006529808044,0.8816752433776855
all_failures,0.3,back_L12_15,T6,lag2_soft_change,1267,0.48126929998397827,0.042711805552244186,0.04256788641214371
all_failures,0.3,back_L12_15,T7,lag1_soft_change,1267,0.4093445837497711,0.03839614614844322,0.040812041610479355
all_failures,0.3,back_L12_15,T7,lag1_hard_churn,1267,0.40672796964645386,0.8623093366622925,0.879016101360321
all_failures,0.3,back_L12_15,T7,lag2_soft_change,1267,0.5013485550880432,0.04346814379096031,0.04308294504880905
all_failures,0.3,back_L12_15,T8,lag1_soft_change,1267,0.4021869897842407,0.039758216589689255,0.04210492968559265
all_failures,0.3,back_L12_15,T8,lag1_hard_churn,1267,0.4374918043613434,0.8633431196212769,0.8758680820465088
all_failures,0.3,back_L12_15,T8,lag2_soft_change,1267,0.5206942558288574,0.04484834894537926,0.04436790943145752
all_failures,0.3,back_L12_15,T9,lag1_soft_change,1267,0.35545817017555237,0.04065263643860817,0.0444076843559742
all_failures,0.3,back_L12_15,T9,lag1_hard_churn,1267,0.3996296226978302,0.8425947427749634,0.8642595410346985
all_failures,0.3,back_L12_15,T9,lag2_soft_change,1267,0.5081266164779663,0.04744784161448479,0.047430869191884995
all_failures,0.3,back_L12_15,T10,lag1_soft_change,1267,0.32459113001823425,0.044214773923158646,0.049484264105558395
all_failures,0.3,back_L12_15,T10,lag1_hard_churn,1267,0.3487953841686249,0.8065633773803711,0.8427959680557251
all_failures,0.3,back_L12_15,T10,lag2_soft_change,1267,0.457464337348938,0.0526106171309948,0.05351700633764267
all_failures,0.4,back_L12_15,state,lag1_soft_change,1267,0.41708505153656006,0.0981876328587532,0.1053648442029953
all_failures,0.4,back_L12_15,state,lag1_hard_churn,1267,0.4233514070510864,0.6807519197463989,0.714863121509552
all_failures,0.4,back_L12_15,state,lag2_soft_change,1267,0.46069759130477905,0.1313232034444809,0.13566970825195312
all_failures,0.4,back_L12_15,T1,lag1_soft_change,1267,0.48046648502349854,0.045144375413656235,0.04679812863469124
all_failures,0.4,back_L12_15,T1,lag1_hard_churn,1267,0.47014373540878296,0.8181233406066895,0.8332063555717468
all_failures,0.4,back_L12_15,T1,lag2_soft_change,1267,0.5305472016334534,0.05198727175593376,0.05170384794473648
all_failures,0.4,back_L12_15,T2,lag1_soft_change,1267,0.4638781249523163,0.04191810265183449,0.04364471137523651
all_failures,0.4,back_L12_15,T2,lag1_hard_churn,1267,0.42447370290756226,0.8396713137626648,0.8608693480491638
all_failures,0.4,back_L12_15,T2,lag2_soft_change,1267,0.560882031917572,0.04742051661014557,0.04708857461810112
all_failures,0.4,back_L12_15,T3,lag1_soft_change,1267,0.484975129365921,0.04038586467504501,0.04196758195757866
all_failures,0.4,back_L12_15,T3,lag1_hard_churn,1267,0.4110627770423889,0.8541836738586426,0.8745599985122681
all_failures,0.4,back_L12_15,T3,lag2_soft_change,1267,0.5422345995903015,0.044820401817560196,0.044774189591407776
all_failures,0.4,back_L12_15,T4,lag1_soft_change,1267,0.5045644640922546,0.0397324301302433,0.04116610437631607
all_failures,0.4,back_L12_15,T4,lag1_hard_churn,1267,0.4181959927082062,0.8623909950256348,0.8823398351669312
all_failures,0.4,back_L12_15,T4,lag2_soft_change,1267,0.5509812831878662,0.04344139248132706,0.04329737275838852
all_failures,0.4,back_L12_15,T5,lag1_soft_change,1267,0.5453877449035645,0.0397605299949646,0.04071713238954544
all_failures,0.4,back_L12_15,T5,lag1_hard_churn,1267,0.43364736437797546,0.865968644618988,0.882204532623291
all_failures,0.4,back_L12_15,T5,lag2_soft_change,1267,0.5488123893737793,0.04276531562209129,0.04260055720806122
all_failures,0.4,back_L12_15,T6,lag1_soft_change,1267,0.5519565939903259,0.03998900577425957,0.04079369083046913
all_failures,0.4,back_L12_15,T6,lag1_hard_churn,1267,0.4056248962879181,0.8599326610565186,0.8839131593704224
all_failures,0.4,back_L12_15,T6,lag2_soft_change,1267,0.5521321296691895,0.04290264844894409,0.04267539083957672
all_failures,0.4,back_L12_15,T7,lag1_soft_change,1267,0.5393118262290955,0.04015452042222023,0.041165441274642944
all_failures,0.4,back_L12_15,T7,lag1_hard_churn,1267,0.43598610162734985,0.8569274544715881,0.8773607611656189
all_failures,0.4,back_L12_15,T7,lag2_soft_change,1267,0.5516586899757385,0.043572425842285156,0.04333403334021568
all_failures,0.4,back_L12_15,T8,lag1_soft_change,1267,0.5369487404823303,0.04134109243750572,0.042352158576250076
all_failures,0.4,back_L12_15,T8,lag1_hard_churn,1267,0.4397035837173462,0.8539037108421326,0.8738124370574951
all_failures,0.4,back_L12_15,T8,lag2_soft_change,1267,0.5646626949310303,0.04501013457775116,0.044728975743055344
all_failures,0.4,back_L12_15,T9,lag1_soft_change,1267,0.539709746837616,0.042670927941799164,0.0440271720290184
all_failures,0.4,back_L12_15,T9,lag1_hard_churn,1267,0.40792015194892883,0.8396685719490051,0.8639223575592041
all_failures,0.4,back_L12_15,T9,lag2_soft_change,1267,0.5402415990829468,0.04735388606786728,0.04748869687318802
all_failures,0.4,back_L12_15,T10,lag1_soft_change,1267,0.5496430397033691,0.046554576605558395,0.04814254492521286
all_failures,0.4,back_L12_15,T10,lag1_hard_churn,1267,0.4277213215827942,0.8097233176231384,0.8311125040054321
all_failures,0.4,back_L12_15,T10,lag2_soft_change,1267,0.5465383529663086,0.05276147648692131,0.05297617241740227
all_failures,0.5,back_L12_15,state,lag1_soft_change,1267,0.19682002067565918,0.08755218237638474,0.11094067990779877
all_failures,0.5,back_L12_15,state,lag1_hard_churn,1267,0.2431148737668991,0.6257466077804565,0.7481902837753296
all_failures,0.5,back_L12_15,state,lag2_soft_change,1267,0.25916987657546997,0.11942563951015472,0.14082352817058563
all_failures,0.5,back_L12_15,T1,lag1_soft_change,1267,0.3303878903388977,0.04176688939332962,0.04837727174162865
all_failures,0.5,back_L12_15,T1,lag1_hard_churn,1267,0.26735907793045044,0.7745352387428284,0.8372166156768799
all_failures,0.5,back_L12_15,T1,lag2_soft_change,1267,0.36742258071899414,0.048788659274578094,0.052983712404966354
all_failures,0.5,back_L12_15,T2,lag1_soft_change,1267,0.3601527512073517,0.039500944316387177,0.04471876472234726
all_failures,0.5,back_L12_15,T2,lag1_hard_churn,1267,0.26462092995643616,0.8113449215888977,0.8697903752326965
all_failures,0.5,back_L12_15,T2,lag2_soft_change,1267,0.4043615162372589,0.045069899410009384,0.0479109100997448
all_failures,0.5,back_L12_15,T3,lag1_soft_change,1267,0.36402007937431335,0.03843388333916664,0.0430169440805912
all_failures,0.5,back_L12_15,T3,lag1_hard_churn,1267,0.24874861538410187,0.8247365355491638,0.8841530680656433
all_failures,0.5,back_L12_15,T3,lag2_soft_change,1267,0.42368996143341064,0.043112728744745255,0.04515766724944115
all_failures,0.5,back_L12_15,T4,lag1_soft_change,1267,0.3551376163959503,0.03750395402312279,0.0419110506772995
all_failures,0.5,back_L12_15,T4,lag1_hard_churn,1267,0.2586320638656616,0.8262845873832703,0.8864437937736511
all_failures,0.5,back_L12_15,T4,lag2_soft_change,1267,0.4248211681842804,0.04177684709429741,0.04369364306330681
all_failures,0.5,back_L12_15,T5,lag1_soft_change,1267,0.3734510540962219,0.03746017813682556,0.04166995733976364
all_failures,0.5,back_L12_15,T5,lag1_hard_churn,1267,0.22152069211006165,0.8277401924133301,0.8904035687446594
all_failures,0.5,back_L12_15,T5,lag2_soft_change,1267,0.45362532138824463,0.04185490682721138,0.0428936667740345
all_failures,0.5,back_L12_15,T6,lag1_soft_change,1267,0.37319180369377136,0.0375635027885437,0.041694093495607376
all_failures,0.5,back_L12_15,T6,lag1_hard_churn,1267,0.23750188946723938,0.8267537951469421,0.8886842131614685
all_failures,0.5,back_L12_15,T6,lag2_soft_change,1267,0.4454515278339386,0.041837263852357864,0.04311242699623108
all_failures,0.5,back_L12_15,T7,lag1_soft_change,1267,0.3730889856815338,0.03810618072748184,0.042144861072301865
all_failures,0.5,back_L12_15,T7,lag1_hard_churn,1267,0.22473756968975067,0.8191174268722534,0.8856338262557983
all_failures,0.5,back_L12_15,T7,lag2_soft_change,1267,0.44028785824775696,0.04267427325248718,0.04400832951068878
all_failures,0.5,back_L12_15,T8,lag1_soft_change,1267,0.3631395399570465,0.038595572113990784,0.043055444955825806
all_failures,0.5,back_L12_15,T8,lag1_hard_churn,1267,0.2132236510515213,0.8125252723693848,0.8797814846038818
all_failures,0.5,back_L12_15,T8,lag2_soft_change,1267,0.444602906703949,0.04401718080043793,0.04550798237323761
all_failures,0.5,back_L12_15,T9,lag1_soft_change,1267,0.34819555282592773,0.039903637021780014,0.04484124481678009
all_failures,0.5,back_L12_15,T9,lag1_hard_churn,1267,0.21512548625469208,0.8055104613304138,0.8712170720100403
all_failures,0.5,back_L12_15,T9,lag2_soft_change,1267,0.42375192046165466,0.04601243883371353,0.04814706742763519
all_failures,0.5,back_L12_15,T10,lag1_soft_change,1267,0.3213672935962677,0.042936936020851135,0.049043718725442886
all_failures,0.5,back_L12_15,T10,lag1_hard_churn,1267,0.19984062016010284,0.7683044075965881,0.8449386954307556
all_failures,0.5,back_L12_15,T10,lag2_soft_change,1267,0.39791688323020935,0.050235897302627563,0.0538308322429657
all_failures,0.6,back_L12_15,state,lag1_soft_change,1267,0.2741253077983856,0.07180071622133255,0.09828231483697891
all_failures,0.6,back_L12_15,state,lag1_hard_churn,1267,0.31015142798423767,0.52327561378479,0.672295093536377
all_failures,0.6,back_L12_15,state,lag2_soft_change,1267,0.23209978640079498,0.09723054617643356,0.13209305703639984
all_failures,0.6,back_L12_15,T1,lag1_soft_change,1267,0.39297521114349365,0.040155477821826935,0.043757423758506775
all_failures,0.6,back_L12_15,T1,lag1_hard_churn,1267,0.2287636697292328,0.7146676182746887,0.823893129825592
all_failures,0.6,back_L12_15,T1,lag2_soft_change,1267,0.410977303981781,0.04662994295358658,0.05108765885233879
all_failures,0.6,back_L12_15,T2,lag1_soft_change,1267,0.39268791675567627,0.03759412094950676,0.04072794318199158
all_failures,0.6,back_L12_15,T2,lag1_hard_churn,1267,0.21337832510471344,0.7467008233070374,0.8544756174087524
all_failures,0.6,back_L12_15,T2,lag2_soft_change,1267,0.41639822721481323,0.043179791420698166,0.04623664915561676
all_failures,0.6,back_L12_15,T3,lag1_soft_change,1267,0.4003078043460846,0.036480505019426346,0.03938668593764305
all_failures,0.6,back_L12_15,T3,lag1_hard_churn,1267,0.20638862252235413,0.7611138820648193,0.8702394366264343
all_failures,0.6,back_L12_15,T3,lag2_soft_change,1267,0.438022643327713,0.041553474962711334,0.04380246251821518
all_failures,0.6,back_L12_15,T4,lag1_soft_change,1267,0.4046362042427063,0.03620118275284767,0.03860409930348396
all_failures,0.6,back_L12_15,T4,lag1_hard_churn,1267,0.18456807732582092,0.7683358788490295,0.8809903860092163
all_failures,0.6,back_L12_15,T4,lag2_soft_change,1267,0.4508776366710663,0.040625616908073425,0.042236898094415665
all_failures,0.6,back_L12_15,T5,lag1_soft_change,1267,0.3989029824733734,0.03590394929051399,0.038544267416000366
all_failures,0.6,back_L12_15,T5,lag1_hard_churn,1267,0.18669834733009338,0.7681344151496887,0.8832765221595764
all_failures,0.6,back_L12_15,T5,lag2_soft_change,1267,0.4539691209793091,0.040192387998104095,0.041667744517326355
all_failures,0.6,back_L12_15,T6,lag1_soft_change,1267,0.4229905903339386,0.03657487779855728,0.03835100680589676
all_failures,0.6,back_L12_15,T6,lag1_hard_churn,1267,0.1597011387348175,0.7688494324684143,0.8839878439903259
all_failures,0.6,back_L12_15,T6,lag2_soft_change,1267,0.45328715443611145,0.04034046083688736,0.041842419654130936
all_failures,0.6,back_L12_15,T7,lag1_soft_change,1267,0.44307929277420044,0.03737274184823036,0.038326334208250046
all_failures,0.6,back_L12_15,T7,lag1_hard_churn,1267,0.19623695313930511,0.7692878842353821,0.8745426535606384
all_failures,0.6,back_L12_15,T7,lag2_soft_change,1267,0.476313054561615,0.04150325059890747,0.04257600009441376
all_failures,0.6,back_L12_15,T8,lag1_soft_change,1267,0.4369962215423584,0.037721145898103714,0.03869711235165596
all_failures,0.6,back_L12_15,T8,lag1_hard_churn,1267,0.18642789125442505,0.7558292150497437,0.8672599792480469
all_failures,0.6,back_L12_15,T8,lag2_soft_change,1267,0.45743533968925476,0.04292631521821022,0.043919652700424194
all_failures,0.6,back_L12_15,T9,lag1_soft_change,1267,0.43185532093048096,0.03894931077957153,0.04016023501753807
all_failures,0.6,back_L12_15,T9,lag1_hard_churn,1267,0.1949370950460434,0.7448851466178894,0.8576916456222534
all_failures,0.6,back_L12_15,T9,lag2_soft_change,1267,0.43970751762390137,0.044491201639175415,0.046111442148685455
all_failures,0.6,back_L12_15,T10,lag1_soft_change,1267,0.4238607883453369,0.04211537912487984,0.0439150296151638
all_failures,0.6,back_L12_15,T10,lag1_hard_churn,1267,0.20958217978477478,0.712874174118042,0.8267739415168762
all_failures,0.6,back_L12_15,T10,lag2_soft_change,1267,0.43208757042884827,0.04895823448896408,0.05116217955946922
all_failures,0.7,back_L12_15,state,lag1_soft_change,1267,0.16836261749267578,0.05393895134329796,0.09459526836872101
all_failures,0.7,back_L12_15,state,lag1_hard_churn,1267,0.1849653273820877,0.4185304045677185,0.6573075652122498
all_failures,0.7,back_L12_15,state,lag2_soft_change,1267,0.15538376569747925,0.0788407027721405,0.12723231315612793
all_failures,0.7,back_L12_15,T1,lag1_soft_change,1267,0.3122687041759491,0.033703383058309555,0.04088779166340828
all_failures,0.7,back_L12_15,T1,lag1_hard_churn,1267,0.17149817943572998,0.6560285687446594,0.8002079725265503
all_failures,0.7,back_L12_15,T1,lag2_soft_change,1267,0.3877985179424286,0.04176397994160652,0.047280967235565186
all_failures,0.7,back_L12_15,T2,lag1_soft_change,1267,0.3390931189060211,0.0324832946062088,0.03829292207956314
all_failures,0.7,back_L12_15,T2,lag1_hard_churn,1267,0.15577390789985657,0.696940004825592,0.8372659087181091
all_failures,0.7,back_L12_15,T2,lag2_soft_change,1267,0.38997575640678406,0.039435338228940964,0.043327294290065765
all_failures,0.7,back_L12_15,T3,lag1_soft_change,1267,0.33460181951522827,0.031706493347883224,0.036884188652038574
all_failures,0.7,back_L12_15,T3,lag1_hard_churn,1267,0.14032264053821564,0.7153807878494263,0.855454683303833
all_failures,0.7,back_L12_15,T3,lag2_soft_change,1267,0.3796398639678955,0.037439100444316864,0.04127288609743118
all_failures,0.7,back_L12_15,T4,lag1_soft_change,1267,0.36352992057800293,0.03180259093642235,0.03558213636279106
all_failures,0.7,back_L12_15,T4,lag1_hard_churn,1267,0.15521541237831116,0.7253351211547852,0.8569320440292358
all_failures,0.7,back_L12_15,T4,lag2_soft_change,1267,0.39555302262306213,0.03681664168834686,0.03966126590967178
all_failures,0.7,back_L12_15,T5,lag1_soft_change,1267,0.351199209690094,0.03148375451564789,0.03572794422507286
all_failures,0.7,back_L12_15,T5,lag1_hard_churn,1267,0.11722408980131149,0.7249857783317566,0.8670938611030579
all_failures,0.7,back_L12_15,T5,lag2_soft_change,1267,0.4045466184616089,0.03670579567551613,0.039313193410634995
all_failures,0.7,back_L12_15,T6,lag1_soft_change,1267,0.35407572984695435,0.031506117433309555,0.03568252921104431
all_failures,0.7,back_L12_15,T6,lag1_hard_churn,1267,0.11265572160482407,0.7190176844596863,0.8649984002113342
all_failures,0.7,back_L12_15,T6,lag2_soft_change,1267,0.4137652814388275,0.03732200339436531,0.039310477674007416
all_failures,0.7,back_L12_15,T7,lag1_soft_change,1267,0.36560001969337463,0.03171936795115471,0.035878006368875504
all_failures,0.7,back_L12_15,T7,lag1_hard_churn,1267,0.11837518960237503,0.7131590247154236,0.8576889634132385
all_failures,0.7,back_L12_15,T7,lag2_soft_change,1267,0.39407676458358765,0.03747899457812309,0.03994129225611687
all_failures,0.7,back_L12_15,T8,lag1_soft_change,1267,0.3803303837776184,0.033223509788513184,0.036460574716329575
all_failures,0.7,back_L12_15,T8,lag1_hard_churn,1267,0.13089562952518463,0.7149674296379089,0.8513844609260559
all_failures,0.7,back_L12_15,T8,lag2_soft_change,1267,0.40395280718803406,0.0385509617626667,0.04094386100769043
all_failures,0.7,back_L12_15,T9,lag1_soft_change,1267,0.37504714727401733,0.033858783543109894,0.037775542587041855
all_failures,0.7,back_L12_15,T9,lag1_hard_churn,1267,0.13743062317371368,0.6983420848846436,0.835173487663269
all_failures,0.7,back_L12_15,T9,lag2_soft_change,1267,0.37411051988601685,0.03994917869567871,0.04320431128144264
all_failures,0.7,back_L12_15,T10,lag1_soft_change,1267,0.3725075125694275,0.03619486466050148,0.04146689176559448
all_failures,0.7,back_L12_15,T10,lag1_hard_churn,1267,0.15377452969551086,0.6656550168991089,0.7993301153182983
all_failures,0.7,back_L12_15,T10,lag2_soft_change,1267,0.364784300327301,0.04275340959429741,0.04813539609313011
all_failures,0.8,back_L12_15,state,lag1_soft_change,1267,0.1181487888097763,0.048972662538290024,0.10048096626996994
all_failures,0.8,back_L12_15,state,lag1_hard_churn,1267,0.12131913006305695,0.3821934163570404,0.6973013877868652
all_failures,0.8,back_L12_15,state,lag2_soft_change,1267,0.11005062609910965,0.06866230815649033,0.13172633945941925
all_failures,0.8,back_L12_15,T1,lag1_soft_change,1267,0.20594049990177155,0.03261495754122734,0.043212734162807465
all_failures,0.8,back_L12_15,T1,lag1_hard_churn,1267,0.09704679995775223,0.6417728662490845,0.8310059309005737
all_failures,0.8,back_L12_15,T1,lag2_soft_change,1267,0.23050148785114288,0.0381619893014431,0.049289219081401825
all_failures,0.8,back_L12_15,T2,lag1_soft_change,1267,0.19204142689704895,0.030480941757559776,0.04069783538579941
all_failures,0.8,back_L12_15,T2,lag1_hard_churn,1267,0.07806812226772308,0.664515495300293,0.8602105379104614
all_failures,0.8,back_L12_15,T2,lag2_soft_change,1267,0.2287171632051468,0.03570044785737991,0.0451011024415493
all_failures,0.8,back_L12_15,T3,lag1_soft_change,1267,0.20608074963092804,0.030084285885095596,0.039469242095947266
all_failures,0.8,back_L12_15,T3,lag1_hard_churn,1267,0.07397525012493134,0.6809318661689758,0.8710546493530273
all_failures,0.8,back_L12_15,T3,lag2_soft_change,1267,0.2540720999240875,0.03468650206923485,0.04267137870192528
all_failures,0.8,back_L12_15,T4,lag1_soft_change,1267,0.2095879763364792,0.029693247750401497,0.038780778646469116
all_failures,0.8,back_L12_15,T4,lag1_hard_churn,1267,0.08037091791629791,0.6898905634880066,0.8753241896629333
all_failures,0.8,back_L12_15,T4,lag2_soft_change,1267,0.26934683322906494,0.03453265503048897,0.0414406880736351
all_failures,0.8,back_L12_15,T5,lag1_soft_change,1267,0.22779110074043274,0.02992776595056057,0.03855470195412636
all_failures,0.8,back_L12_15,T5,lag1_hard_churn,1267,0.08127187192440033,0.6949970722198486,0.8769912719726562
all_failures,0.8,back_L12_15,T5,lag2_soft_change,1267,0.27934151887893677,0.0345228910446167,0.04079880565404892
all_failures,0.8,back_L12_15,T6,lag1_soft_change,1267,0.21560601890087128,0.030250119045376778,0.038810595870018005
all_failures,0.8,back_L12_15,T6,lag1_hard_churn,1267,0.07858407497406006,0.7003762722015381,0.8759199976921082
all_failures,0.8,back_L12_15,T6,lag2_soft_change,1267,0.2764332592487335,0.03468257188796997,0.04093911871314049
all_failures,0.8,back_L12_15,T7,lag1_soft_change,1267,0.22715343534946442,0.03092544712126255,0.039210397750139236
all_failures,0.8,back_L12_15,T7,lag1_hard_churn,1267,0.0790758952498436,0.6916957497596741,0.8731805086135864
all_failures,0.8,back_L12_15,T7,lag2_soft_change,1267,0.2641622722148895,0.034980155527591705,0.041911642998456955
all_failures,0.8,back_L12_15,T8,lag1_soft_change,1267,0.22791847586631775,0.03204472362995148,0.04025120660662651
all_failures,0.8,back_L12_15,T8,lag1_hard_churn,1267,0.07822341471910477,0.6922932863235474,0.8694488406181335
all_failures,0.8,back_L12_15,T8,lag2_soft_change,1267,0.2694086730480194,0.03639838844537735,0.04335027560591698
all_failures,0.8,back_L12_15,T9,lag1_soft_change,1267,0.20072633028030396,0.03213711827993393,0.042304325848817825
all_failures,0.8,back_L12_15,T9,lag1_hard_churn,1267,0.08564996719360352,0.6728901863098145,0.8596599102020264
all_failures,0.8,back_L12_15,T9,lag2_soft_change,1267,0.2198568731546402,0.036871254444122314,0.046411994844675064
all_failures,0.8,back_L12_15,T10,lag1_soft_change,1267,0.17075254023075104,0.03435279056429863,0.04696290194988251
all_failures,0.8,back_L12_15,T10,lag1_hard_churn,1267,0.08822073042392731,0.6381206512451172,0.8318838477134705
all_failures,0.8,back_L12_15,T10,lag2_soft_change,1267,0.2116350382566452,0.040449392050504684,0.05280875414609909
all_failures,0.9,back_L12_15,state,lag1_soft_change,1267,0.1515020728111267,0.04368707537651062,0.09288763254880905
all_failures,0.9,back_L12_15,state,lag1_hard_churn,1267,0.11462970823049545,0.3446829319000244,0.6806932687759399
all_failures,0.9,back_L12_15,state,lag2_soft_change,1267,0.1111946627497673,0.061869241297245026,0.1311022937297821
all_failures,0.9,back_L12_15,T1,lag1_soft_change,1267,0.19847506284713745,0.030823837965726852,0.04258079081773758
all_failures,0.9,back_L12_15,T1,lag1_hard_churn,1267,0.13586898148059845,0.6161506175994873,0.8070616722106934
all_failures,0.9,back_L12_15,T1,lag2_soft_change,1267,0.1838708221912384,0.036533866077661514,0.050753455609083176
all_failures,0.9,back_L12_15,T2,lag1_soft_change,1267,0.21919825673103333,0.029997000470757484,0.039523106068372726
all_failures,0.9,back_L12_15,T2,lag1_hard_churn,1267,0.14155901968479156,0.655654788017273,0.8334378004074097
all_failures,0.9,back_L12_15,T2,lag2_soft_change,1267,0.1949816346168518,0.03443307802081108,0.04592827335000038
all_failures,0.9,back_L12_15,T3,lag1_soft_change,1267,0.2100570946931839,0.029054556041955948,0.03807130455970764
all_failures,0.9,back_L12_15,T3,lag1_hard_churn,1267,0.12690937519073486,0.6711557507514954,0.8494035601615906
all_failures,0.9,back_L12_15,T3,lag2_soft_change,1267,0.20234662294387817,0.03295515477657318,0.043243248015642166
all_failures,0.9,back_L12_15,T4,lag1_soft_change,1267,0.22964636981487274,0.02848953567445278,0.03720031678676605
all_failures,0.9,back_L12_15,T4,lag1_hard_churn,1267,0.11639267206192017,0.6753042340278625,0.8560367226600647
all_failures,0.9,back_L12_15,T4,lag2_soft_change,1267,0.2141445428133011,0.03225955367088318,0.04167712479829788
all_failures,0.9,back_L12_15,T5,lag1_soft_change,1267,0.2457653284072876,0.028749629855155945,0.03700327128171921
all_failures,0.9,back_L12_15,T5,lag1_hard_churn,1267,0.12185151129961014,0.6830630898475647,0.8619683384895325
all_failures,0.9,back_L12_15,T5,lag2_soft_change,1267,0.22383975982666016,0.0325709730386734,0.040969282388687134
all_failures,0.9,back_L12_15,T6,lag1_soft_change,1267,0.24019549787044525,0.029019594192504883,0.03725998103618622
all_failures,0.9,back_L12_15,T6,lag1_hard_churn,1267,0.10417956858873367,0.6748839020729065,0.8621339797973633
all_failures,0.9,back_L12_15,T6,lag2_soft_change,1267,0.24232004582881927,0.03315076231956482,0.041135046631097794
all_failures,0.9,back_L12_15,T7,lag1_soft_change,1267,0.23550891876220703,0.028994528576731682,0.03773248568177223
all_failures,0.9,back_L12_15,T7,lag1_hard_churn,1267,0.10795924812555313,0.6666257977485657,0.8544628024101257
all_failures,0.9,back_L12_15,T7,lag2_soft_change,1267,0.2280176877975464,0.03291955590248108,0.04203590378165245
all_failures,0.9,back_L12_15,T8,lag1_soft_change,1267,0.2266855090856552,0.02975102886557579,0.03873172774910927
all_failures,0.9,back_L12_15,T8,lag1_hard_churn,1267,0.10692121088504791,0.6653950810432434,0.8504924774169922
all_failures,0.9,back_L12_15,T8,lag2_soft_change,1267,0.20488682389259338,0.03347238153219223,0.043895650655031204
all_failures,0.9,back_L12_15,T9,lag1_soft_change,1267,0.241033136844635,0.03132762759923935,0.04060729220509529
all_failures,0.9,back_L12_15,T9,lag1_hard_churn,1267,0.1275307983160019,0.6673911809921265,0.8420949578285217
all_failures,0.9,back_L12_15,T9,lag2_soft_change,1267,0.1855050027370453,0.0350753478705883,0.047065094113349915
all_failures,0.9,back_L12_15,T10,lag1_soft_change,1267,0.18801644444465637,0.032093826681375504,0.04464299604296684
all_failures,0.9,back_L12_15,T10,lag1_hard_churn,1267,0.1205875352025032,0.6223984956741333,0.8051283955574036
all_failures,0.9,back_L12_15,T10,lag2_soft_change,1267,0.15990421175956726,0.03739060461521149,0.053087279200553894
all_failures,1.0,back_L12_15,state,lag1_soft_change,1267,0.15201418101787567,0.04177703335881233,0.0968019962310791
all_failures,1.0,back_L12_15,state,lag1_hard_churn,1267,0.12619981169700623,0.3363302946090698,0.7090262770652771
all_failures,1.0,back_L12_15,state,lag2_soft_change,1267,0.1673598438501358,0.05778246372938156,0.12619830667972565
all_failures,1.0,back_L12_15,T1,lag1_soft_change,1267,0.12761639058589935,0.029668033123016357,0.04779912158846855
all_failures,1.0,back_L12_15,T1,lag1_hard_churn,1267,0.1000262200832367,0.598995566368103,0.8288799524307251
all_failures,1.0,back_L12_15,T1,lag2_soft_change,1267,0.14690865576267242,0.03422825410962105,0.05238773301243782
all_failures,1.0,back_L12_15,T2,lag1_soft_change,1267,0.1312435120344162,0.028519058600068092,0.04465062543749809
all_failures,1.0,back_L12_15,T2,lag1_hard_churn,1267,0.09847373515367508,0.6404921412467957,0.8560572266578674
all_failures,1.0,back_L12_15,T2,lag2_soft_change,1267,0.14462873339653015,0.03255011886358261,0.04801757261157036
all_failures,1.0,back_L12_15,T3,lag1_soft_change,1267,0.14705269038677216,0.028131302446126938,0.04274730011820793
all_failures,1.0,back_L12_15,T3,lag1_hard_churn,1267,0.10533814132213593,0.6566388607025146,0.8649654984474182
all_failures,1.0,back_L12_15,T3,lag2_soft_change,1267,0.15418387949466705,0.0316581204533577,0.04558733478188515
all_failures,1.0,back_L12_15,T4,lag1_soft_change,1267,0.14554060995578766,0.027841046452522278,0.04189513251185417
all_failures,1.0,back_L12_15,T4,lag1_hard_churn,1267,0.10070590674877167,0.661260187625885,0.8762625455856323
all_failures,1.0,back_L12_15,T4,lag2_soft_change,1267,0.16689054667949677,0.031029773876070976,0.044244054704904556
all_failures,1.0,back_L12_15,T5,lag1_soft_change,1267,0.15707062184810638,0.028442449867725372,0.04238282889127731
all_failures,1.0,back_L12_15,T5,lag1_hard_churn,1267,0.08975487947463989,0.6699472069740295,0.8829198479652405
all_failures,1.0,back_L12_15,T5,lag2_soft_change,1267,0.18415656685829163,0.03169633448123932,0.04404633864760399
all_failures,1.0,back_L12_15,T6,lag1_soft_change,1267,0.15010248124599457,0.028533507138490677,0.04328200966119766
all_failures,1.0,back_L12_15,T6,lag1_hard_churn,1267,0.08148124814033508,0.6693894267082214,0.88725346326828
all_failures,1.0,back_L12_15,T6,lag2_soft_change,1267,0.1682824343442917,0.031804535537958145,0.04465209320187569
all_failures,1.0,back_L12_15,T7,lag1_soft_change,1267,0.1315649449825287,0.02885245531797409,0.04438399896025658
all_failures,1.0,back_L12_15,T7,lag1_hard_churn,1267,0.08464201539754868,0.6667029857635498,0.8837342262268066
all_failures,1.0,back_L12_15,T7,lag2_soft_change,1267,0.17138229310512543,0.032501403242349625,0.04565997049212456
all_failures,1.0,back_L12_15,T8,lag1_soft_change,1267,0.12320312112569809,0.029595382511615753,0.0460578128695488
all_failures,1.0,back_L12_15,T8,lag1_hard_churn,1267,0.09739679098129272,0.665746808052063,0.8761659860610962
all_failures,1.0,back_L12_15,T8,lag2_soft_change,1267,0.1552608609199524,0.032926857471466064,0.04762284457683563
all_failures,1.0,back_L12_15,T9,lag1_soft_change,1267,0.11639917641878128,0.03040173463523388,0.04881259426474571
all_failures,1.0,back_L12_15,T9,lag1_hard_churn,1267,0.10812798142433167,0.6530020236968994,0.8646379709243774
all_failures,1.0,back_L12_15,T9,lag2_soft_change,1267,0.14447639882564545,0.034651510417461395,0.050358790904283524
all_failures,1.0,back_L12_15,T10,lag1_soft_change,1267,0.09151287376880646,0.03175952285528183,0.054064515978097916
all_failures,1.0,back_L12_15,T10,lag1_hard_churn,1267,0.11112917959690094,0.616925060749054,0.8426216244697571
all_failures,1.0,back_L12_15,T10,lag2_soft_change,1267,0.1164703518152237,0.03638197109103203,0.056184932589530945
object_released_or_dropped_before_goal,0.1,back_L12_15,state,lag1_soft_change,531,0.5965616106987,0.12076257169246674,0.11877317726612091
object_released_or_dropped_before_goal,0.1,back_L12_15,state,lag1_hard_churn,531,0.5336477160453796,0.7546154856681824,0.7584838271141052
object_released_or_dropped_before_goal,0.1,back_L12_15,state,lag2_soft_change,531,0.5415046811103821,0.14745189249515533,0.14556798338890076
object_released_or_dropped_before_goal,0.1,back_L12_15,T1,lag1_soft_change,531,0.3626656234264374,0.04633678123354912,0.047614533454179764
object_released_or_dropped_before_goal,0.1,back_L12_15,T1,lag1_hard_churn,531,0.457673043012619,0.8617762327194214,0.8651910424232483
object_released_or_dropped_before_goal,0.1,back_L12_15,T1,lag2_soft_change,531,0.3879181444644928,0.05220074951648712,0.053040456026792526
object_released_or_dropped_before_goal,0.1,back_L12_15,T2,lag1_soft_change,531,0.3872833549976349,0.043632443994283676,0.04489494115114212
object_released_or_dropped_before_goal,0.1,back_L12_15,T2,lag1_hard_churn,531,0.45137476921081543,0.8862642645835876,0.8904188871383667
object_released_or_dropped_before_goal,0.1,back_L12_15,T2,lag2_soft_change,531,0.3773115575313568,0.04836082085967064,0.049541372805833817
object_released_or_dropped_before_goal,0.1,back_L12_15,T3,lag1_soft_change,531,0.41318759322166443,0.04200316593050957,0.042923007160425186
object_released_or_dropped_before_goal,0.1,back_L12_15,T3,lag1_hard_churn,531,0.46960943937301636,0.8976480960845947,0.8999097347259521
object_released_or_dropped_before_goal,0.1,back_L12_15,T3,lag2_soft_change,531,0.3893287777900696,0.04571093991398811,0.04645323008298874
object_released_or_dropped_before_goal,0.1,back_L12_15,T4,lag1_soft_change,531,0.43809226155281067,0.041109174489974976,0.04157372936606407
object_released_or_dropped_before_goal,0.1,back_L12_15,T4,lag1_hard_churn,531,0.4847664535045624,0.8998490571975708,0.9006842970848083
object_released_or_dropped_before_goal,0.1,back_L12_15,T4,lag2_soft_change,531,0.3920942544937134,0.044379062950611115,0.0452180951833725
object_released_or_dropped_before_goal,0.1,back_L12_15,T5,lag1_soft_change,531,0.5207049250602722,0.04079747945070267,0.04034625366330147
object_released_or_dropped_before_goal,0.1,back_L12_15,T5,lag1_hard_churn,531,0.5142486691474915,0.8992403745651245,0.8987628221511841
object_released_or_dropped_before_goal,0.1,back_L12_15,T5,lag2_soft_change,531,0.4170714318752289,0.04294368624687195,0.043171267956495285
object_released_or_dropped_before_goal,0.1,back_L12_15,T6,lag1_soft_change,531,0.5277960300445557,0.04073914512991905,0.04031892493367195
object_released_or_dropped_before_goal,0.1,back_L12_15,T6,lag1_hard_churn,531,0.4034850001335144,0.8902832865715027,0.902543306350708
object_released_or_dropped_before_goal,0.1,back_L12_15,T6,lag2_soft_change,531,0.4345088303089142,0.043179068714380264,0.043547842651605606
object_released_or_dropped_before_goal,0.1,back_L12_15,T7,lag1_soft_change,531,0.5843936800956726,0.041849907487630844,0.040462758392095566
object_released_or_dropped_before_goal,0.1,back_L12_15,T7,lag1_hard_churn,531,0.4507347643375397,0.8917768597602844,0.9023324847221375
object_released_or_dropped_before_goal,0.1,back_L12_15,T7,lag2_soft_change,531,0.44699716567993164,0.04391437768936157,0.04412557929754257
object_released_or_dropped_before_goal,0.1,back_L12_15,T8,lag1_soft_change,531,0.6596177220344543,0.04361717402935028,0.04104990139603615
object_released_or_dropped_before_goal,0.1,back_L12_15,T8,lag1_hard_churn,531,0.45888960361480713,0.8884816765785217,0.8966085314750671
object_released_or_dropped_before_goal,0.1,back_L12_15,T8,lag2_soft_change,531,0.4983384907245636,0.04572447016835213,0.04523354768753052
object_released_or_dropped_before_goal,0.1,back_L12_15,T9,lag1_soft_change,531,0.6545258164405823,0.04594535380601883,0.042705535888671875
object_released_or_dropped_before_goal,0.1,back_L12_15,T9,lag1_hard_churn,531,0.4427095353603363,0.8810248374938965,0.8904252052307129
object_released_or_dropped_before_goal,0.1,back_L12_15,T9,lag2_soft_change,531,0.5229772925376892,0.048473820090293884,0.04771825298666954
object_released_or_dropped_before_goal,0.1,back_L12_15,T10,lag1_soft_change,531,0.6735516786575317,0.05075167119503021,0.046254195272922516
object_released_or_dropped_before_goal,0.1,back_L12_15,T10,lag1_hard_churn,531,0.47815701365470886,0.8621217012405396,0.8639531135559082
object_released_or_dropped_before_goal,0.1,back_L12_15,T10,lag2_soft_change,531,0.5196996331214905,0.05394225940108299,0.05290135741233826
object_released_or_dropped_before_goal,0.2,back_L12_15,state,lag1_soft_change,531,0.4893627464771271,0.11650735139846802,0.11746145784854889
object_released_or_dropped_before_goal,0.2,back_L12_15,state,lag1_hard_churn,531,0.5142576098442078,0.7543705105781555,0.75812166929245
object_released_or_dropped_before_goal,0.2,back_L12_15,state,lag2_soft_change,531,0.5360097885131836,0.14695124328136444,0.14628353714942932
object_released_or_dropped_before_goal,0.2,back_L12_15,T1,lag1_soft_change,531,0.6926414370536804,0.0503244623541832,0.04526882618665695
object_released_or_dropped_before_goal,0.2,back_L12_15,T1,lag1_hard_churn,531,0.4997367262840271,0.8585538268089294,0.8612720370292664
object_released_or_dropped_before_goal,0.2,back_L12_15,T1,lag2_soft_change,531,0.6843457221984863,0.054201941937208176,0.05163755267858505
object_released_or_dropped_before_goal,0.2,back_L12_15,T2,lag1_soft_change,531,0.7048681974411011,0.04769470915198326,0.04298988729715347
object_released_or_dropped_before_goal,0.2,back_L12_15,T2,lag1_hard_churn,531,0.49783676862716675,0.8815742135047913,0.8848046660423279
object_released_or_dropped_before_goal,0.2,back_L12_15,T2,lag2_soft_change,531,0.6492624878883362,0.049911025911569595,0.04805480316281319
object_released_or_dropped_before_goal,0.2,back_L12_15,T3,lag1_soft_change,531,0.7347111105918884,0.046938277781009674,0.04143389314413071
object_released_or_dropped_before_goal,0.2,back_L12_15,T3,lag1_hard_churn,531,0.5030451416969299,0.8953774571418762,0.8966017365455627
object_released_or_dropped_before_goal,0.2,back_L12_15,T3,lag2_soft_change,531,0.6631214022636414,0.04764387756586075,0.045071545988321304
object_released_or_dropped_before_goal,0.2,back_L12_15,T4,lag1_soft_change,531,0.755544900894165,0.04594450816512108,0.040383849292993546
object_released_or_dropped_before_goal,0.2,back_L12_15,T4,lag1_hard_churn,531,0.5439103841781616,0.8966447114944458,0.8957075476646423
object_released_or_dropped_before_goal,0.2,back_L12_15,T4,lag2_soft_change,531,0.656760573387146,0.04621502757072449,0.043711043894290924
object_released_or_dropped_before_goal,0.2,back_L12_15,T5,lag1_soft_change,531,0.7623542547225952,0.0456584133207798,0.039811573922634125
object_released_or_dropped_before_goal,0.2,back_L12_15,T5,lag1_hard_churn,531,0.5591691732406616,0.8993741869926453,0.8964353799819946
object_released_or_dropped_before_goal,0.2,back_L12_15,T5,lag2_soft_change,531,0.7229148149490356,0.04574059322476387,0.042337365448474884
object_released_or_dropped_before_goal,0.2,back_L12_15,T6,lag1_soft_change,531,0.7736310362815857,0.045424867421388626,0.03989485651254654
object_released_or_dropped_before_goal,0.2,back_L12_15,T6,lag1_hard_churn,531,0.5751736164093018,0.9002693295478821,0.8960079550743103
object_released_or_dropped_before_goal,0.2,back_L12_15,T6,lag2_soft_change,531,0.7306212186813354,0.04574250057339668,0.04242134466767311
object_released_or_dropped_before_goal,0.2,back_L12_15,T7,lag1_soft_change,531,0.7368337512016296,0.045261528342962265,0.04062989354133606
object_released_or_dropped_before_goal,0.2,back_L12_15,T7,lag1_hard_churn,531,0.4832184314727783,0.8921878933906555,0.8954819440841675
object_released_or_dropped_before_goal,0.2,back_L12_15,T7,lag2_soft_change,531,0.7284429669380188,0.04616948962211609,0.04319150000810623
object_released_or_dropped_before_goal,0.2,back_L12_15,T8,lag1_soft_change,531,0.7505338191986084,0.046709999442100525,0.041796281933784485
object_released_or_dropped_before_goal,0.2,back_L12_15,T8,lag1_hard_churn,531,0.5341072678565979,0.8921632170677185,0.8895920515060425
object_released_or_dropped_before_goal,0.2,back_L12_15,T8,lag2_soft_change,531,0.764565110206604,0.048080652952194214,0.044532034546136856
object_released_or_dropped_before_goal,0.2,back_L12_15,T9,lag1_soft_change,531,0.7104321122169495,0.04902450740337372,0.043956708163022995
object_released_or_dropped_before_goal,0.2,back_L12_15,T9,lag1_hard_churn,531,0.5384692549705505,0.880369246006012,0.8793439269065857
object_released_or_dropped_before_goal,0.2,back_L12_15,T9,lag2_soft_change,531,0.7354784607887268,0.051175668835639954,0.0471477285027504
object_released_or_dropped_before_goal,0.2,back_L12_15,T10,lag1_soft_change,531,0.7037168741226196,0.054410260170698166,0.04849998280405998
object_released_or_dropped_before_goal,0.2,back_L12_15,T10,lag1_hard_churn,531,0.5500679612159729,0.8596227169036865,0.857251763343811
object_released_or_dropped_before_goal,0.2,back_L12_15,T10,lag2_soft_change,531,0.7212235927581787,0.0575079470872879,0.0527338944375515
object_released_or_dropped_before_goal,0.3,back_L12_15,state,lag1_soft_change,531,0.555443525314331,0.11491601914167404,0.11206316202878952
object_released_or_dropped_before_goal,0.3,back_L12_15,state,lag1_hard_churn,531,0.5492057800292969,0.7398152947425842,0.734380304813385
object_released_or_dropped_before_goal,0.3,back_L12_15,state,lag2_soft_change,531,0.6711940765380859,0.15095515549182892,0.1455690562725067
object_released_or_dropped_before_goal,0.3,back_L12_15,T1,lag1_soft_change,531,0.6395861506462097,0.04986505210399628,0.04634666442871094
object_released_or_dropped_before_goal,0.3,back_L12_15,T1,lag1_hard_churn,531,0.4321027994155884,0.8394675254821777,0.8516355752944946
object_released_or_dropped_before_goal,0.3,back_L12_15,T1,lag2_soft_change,531,0.7465881109237671,0.057696543633937836,0.05253027752041817
object_released_or_dropped_before_goal,0.3,back_L12_15,T2,lag1_soft_change,531,0.6093644499778748,0.046057187020778656,0.044070255011320114
object_released_or_dropped_before_goal,0.3,back_L12_15,T2,lag1_hard_churn,531,0.48249077796936035,0.8668453097343445,0.8752909898757935
object_released_or_dropped_before_goal,0.3,back_L12_15,T2,lag2_soft_change,531,0.6951291561126709,0.051776014268398285,0.04869717359542847
object_released_or_dropped_before_goal,0.3,back_L12_15,T3,lag1_soft_change,531,0.5630218982696533,0.04380993917584419,0.04316398873925209
object_released_or_dropped_before_goal,0.3,back_L12_15,T3,lag1_hard_churn,531,0.44269752502441406,0.8816176056861877,0.893412709236145
object_released_or_dropped_before_goal,0.3,back_L12_15,T3,lag2_soft_change,531,0.6504653096199036,0.04832787439227104,0.0464562252163887
object_released_or_dropped_before_goal,0.3,back_L12_15,T4,lag1_soft_change,531,0.5282586812973022,0.04220035672187805,0.04227632284164429
object_released_or_dropped_before_goal,0.3,back_L12_15,T4,lag1_hard_churn,531,0.46119940280914307,0.8857055902481079,0.8920177817344666
object_released_or_dropped_before_goal,0.3,back_L12_15,T4,lag2_soft_change,531,0.6250724196434021,0.04658575728535652,0.044872358441352844
object_released_or_dropped_before_goal,0.3,back_L12_15,T5,lag1_soft_change,531,0.5265455842018127,0.04163726791739464,0.04181312769651413
object_released_or_dropped_before_goal,0.3,back_L12_15,T5,lag1_hard_churn,531,0.4633031487464905,0.886669397354126,0.8959668874740601
object_released_or_dropped_before_goal,0.3,back_L12_15,T5,lag2_soft_change,531,0.5630365610122681,0.04559402912855148,0.04432030767202377
object_released_or_dropped_before_goal,0.3,back_L12_15,T6,lag1_soft_change,531,0.5512993931770325,0.041520021855831146,0.041566185653209686
object_released_or_dropped_before_goal,0.3,back_L12_15,T6,lag1_hard_churn,531,0.48783642053604126,0.8861240744590759,0.8914299607276917
object_released_or_dropped_before_goal,0.3,back_L12_15,T6,lag2_soft_change,531,0.5501610636711121,0.04539896175265312,0.044343579560518265
object_released_or_dropped_before_goal,0.3,back_L12_15,T7,lag1_soft_change,531,0.5274876356124878,0.04174957051873207,0.04228246584534645
object_released_or_dropped_before_goal,0.3,back_L12_15,T7,lag1_hard_churn,531,0.4319624602794647,0.879475474357605,0.8912797570228577
object_released_or_dropped_before_goal,0.3,back_L12_15,T7,lag2_soft_change,531,0.5468372106552124,0.046289194375276566,0.045171741396188736
object_released_or_dropped_before_goal,0.3,back_L12_15,T8,lag1_soft_change,531,0.5360853672027588,0.043178919702768326,0.04349988326430321
object_released_or_dropped_before_goal,0.3,back_L12_15,T8,lag1_hard_churn,531,0.46465563774108887,0.8779559135437012,0.8872485160827637
object_released_or_dropped_before_goal,0.3,back_L12_15,T8,lag2_soft_change,531,0.5845878720283508,0.04820921644568443,0.046556178480386734
object_released_or_dropped_before_goal,0.3,back_L12_15,T9,lag1_soft_change,531,0.4705519378185272,0.0443742461502552,0.04610016569495201
object_released_or_dropped_before_goal,0.3,back_L12_15,T9,lag1_hard_churn,531,0.4225272834300995,0.8593537211418152,0.8771069645881653
object_released_or_dropped_before_goal,0.3,back_L12_15,T9,lag2_soft_change,531,0.5744080543518066,0.051170218735933304,0.04974218085408211
object_released_or_dropped_before_goal,0.3,back_L12_15,T10,lag1_soft_change,531,0.41875743865966797,0.04852061718702316,0.0517968013882637
object_released_or_dropped_before_goal,0.3,back_L12_15,T10,lag1_hard_churn,531,0.42627856135368347,0.8386697173118591,0.8571317791938782
object_released_or_dropped_before_goal,0.3,back_L12_15,T10,lag2_soft_change,531,0.4946196973323822,0.05680873617529869,0.05603354424238205
object_released_or_dropped_before_goal,0.4,back_L12_15,state,lag1_soft_change,531,0.24227586388587952,0.10580290108919144,0.12244721502065659
object_released_or_dropped_before_goal,0.4,back_L12_15,state,lag1_hard_churn,531,0.3432857394218445,0.7135307192802429,0.7804190516471863
object_released_or_dropped_before_goal,0.4,back_L12_15,state,lag2_soft_change,531,0.3657396733760834,0.13930588960647583,0.1499447077512741
object_released_or_dropped_before_goal,0.4,back_L12_15,T1,lag1_soft_change,531,0.377760648727417,0.048041533678770065,0.0526898130774498
object_released_or_dropped_before_goal,0.4,back_L12_15,T1,lag1_hard_churn,531,0.42205458879470825,0.8274198174476624,0.8557907938957214
object_released_or_dropped_before_goal,0.4,back_L12_15,T1,lag2_soft_change,531,0.47905999422073364,0.05502675846219063,0.05519729480147362
object_released_or_dropped_before_goal,0.4,back_L12_15,T2,lag1_soft_change,531,0.3634647727012634,0.04484468325972557,0.0488288439810276
object_released_or_dropped_before_goal,0.4,back_L12_15,T2,lag1_hard_churn,531,0.3554261028766632,0.848181962966919,0.8856106996536255
object_released_or_dropped_before_goal,0.4,back_L12_15,T2,lag2_soft_change,531,0.5093710422515869,0.04998301714658737,0.0502077154815197
object_released_or_dropped_before_goal,0.4,back_L12_15,T3,lag1_soft_change,531,0.38977891206741333,0.043341707438230515,0.04697773978114128
object_released_or_dropped_before_goal,0.4,back_L12_15,T3,lag1_hard_churn,531,0.3045142590999603,0.8581401109695435,0.8979252576828003
object_released_or_dropped_before_goal,0.4,back_L12_15,T3,lag2_soft_change,531,0.531450629234314,0.04721880704164505,0.04750540107488632
object_released_or_dropped_before_goal,0.4,back_L12_15,T4,lag1_soft_change,531,0.4494967460632324,0.04263070225715637,0.0458773672580719
object_released_or_dropped_before_goal,0.4,back_L12_15,T4,lag1_hard_churn,531,0.3061167001724243,0.8626266121864319,0.9040374755859375
object_released_or_dropped_before_goal,0.4,back_L12_15,T4,lag2_soft_change,531,0.5693762898445129,0.04567171260714531,0.045692745596170425
object_released_or_dropped_before_goal,0.4,back_L12_15,T5,lag1_soft_change,531,0.5198187232017517,0.04340524971485138,0.045414190739393234
object_released_or_dropped_before_goal,0.4,back_L12_15,T5,lag1_hard_churn,531,0.34266361594200134,0.8683988451957703,0.904146671295166
object_released_or_dropped_before_goal,0.4,back_L12_15,T5,lag2_soft_change,531,0.5679040551185608,0.04536674544215202,0.04507480189204216
object_released_or_dropped_before_goal,0.4,back_L12_15,T6,lag1_soft_change,531,0.5430241823196411,0.04406634718179703,0.04510727524757385
object_released_or_dropped_before_goal,0.4,back_L12_15,T6,lag1_hard_churn,531,0.34641921520233154,0.8667725324630737,0.9020099639892578
object_released_or_dropped_before_goal,0.4,back_L12_15,T6,lag2_soft_change,531,0.5905700922012329,0.045526035130023956,0.044716812670230865
object_released_or_dropped_before_goal,0.4,back_L12_15,T7,lag1_soft_change,531,0.5253273248672485,0.044148486107587814,0.045722682029008865
object_released_or_dropped_before_goal,0.4,back_L12_15,T7,lag1_hard_churn,531,0.37449735403060913,0.8642985820770264,0.8952869772911072
object_released_or_dropped_before_goal,0.4,back_L12_15,T7,lag2_soft_change,531,0.590557873249054,0.046277932822704315,0.045411694794893265
object_released_or_dropped_before_goal,0.4,back_L12_15,T8,lag1_soft_change,531,0.4914342761039734,0.044614028185606,0.046947408467531204
object_released_or_dropped_before_goal,0.4,back_L12_15,T8,lag1_hard_churn,531,0.36972206830978394,0.8558193445205688,0.8900644183158875
object_released_or_dropped_before_goal,0.4,back_L12_15,T8,lag2_soft_change,531,0.6153854131698608,0.04770005866885185,0.04700960963964462
object_released_or_dropped_before_goal,0.4,back_L12_15,T9,lag1_soft_change,531,0.49268922209739685,0.046299342066049576,0.049421656876802444
object_released_or_dropped_before_goal,0.4,back_L12_15,T9,lag1_hard_churn,531,0.3064229190349579,0.8450325131416321,0.8866640329360962
object_released_or_dropped_before_goal,0.4,back_L12_15,T9,lag2_soft_change,531,0.5801684260368347,0.0503818579018116,0.050501592457294464
object_released_or_dropped_before_goal,0.4,back_L12_15,T10,lag1_soft_change,531,0.5440841317176819,0.05116141960024834,0.05444468930363655
object_released_or_dropped_before_goal,0.4,back_L12_15,T10,lag1_hard_churn,531,0.2961045801639557,0.8174740672111511,0.8658732175827026
object_released_or_dropped_before_goal,0.4,back_L12_15,T10,lag2_soft_change,531,0.5852679014205933,0.056442394852638245,0.05684300884604454
object_released_or_dropped_before_goal,0.5,back_L12_15,state,lag1_soft_change,531,0.15816675126552582,0.0965343788266182,0.12447807192802429
object_released_or_dropped_before_goal,0.5,back_L12_15,state,lag1_hard_churn,531,0.18218731880187988,0.6382048726081848,0.7909444570541382
object_released_or_dropped_before_goal,0.5,back_L12_15,state,lag2_soft_change,531,0.26779744029045105,0.1317654699087143,0.15518540143966675
object_released_or_dropped_before_goal,0.5,back_L12_15,T1,lag1_soft_change,531,0.46748244762420654,0.04825485125184059,0.05169953405857086
object_released_or_dropped_before_goal,0.5,back_L12_15,T1,lag1_hard_churn,531,0.2574044167995453,0.7858331203460693,0.854890763759613
object_released_or_dropped_before_goal,0.5,back_L12_15,T1,lag2_soft_change,531,0.5310479998588562,0.056089259684085846,0.0566113218665123
object_released_or_dropped_before_goal,0.5,back_L12_15,T2,lag1_soft_change,531,0.5085409283638,0.04541655257344246,0.04766300320625305
object_released_or_dropped_before_goal,0.5,back_L12_15,T2,lag1_hard_churn,531,0.26120227575302124,0.8193325400352478,0.8820198178291321
object_released_or_dropped_before_goal,0.5,back_L12_15,T2,lag2_soft_change,531,0.5419355034828186,0.05107852444052696,0.05125349387526512
object_released_or_dropped_before_goal,0.5,back_L12_15,T3,lag1_soft_change,531,0.5094178915023804,0.043865084648132324,0.04596756026148796
object_released_or_dropped_before_goal,0.5,back_L12_15,T3,lag1_hard_churn,531,0.24756330251693726,0.8278399109840393,0.8923264741897583
object_released_or_dropped_before_goal,0.5,back_L12_15,T3,lag2_soft_change,531,0.6013192534446716,0.04870310798287392,0.0481015220284462
object_released_or_dropped_before_goal,0.5,back_L12_15,T4,lag1_soft_change,531,0.5054076313972473,0.04302815720438957,0.04474954679608345
object_released_or_dropped_before_goal,0.5,back_L12_15,T4,lag1_hard_churn,531,0.2515783905982971,0.8330661058425903,0.896234393119812
object_released_or_dropped_before_goal,0.5,back_L12_15,T4,lag2_soft_change,531,0.6071230173110962,0.047331321984529495,0.04658035188913345
object_released_or_dropped_before_goal,0.5,back_L12_15,T5,lag1_soft_change,531,0.5330196619033813,0.04270957410335541,0.04449324682354927
object_released_or_dropped_before_goal,0.5,back_L12_15,T5,lag1_hard_churn,531,0.2259322851896286,0.8330358862876892,0.8967073559761047
object_released_or_dropped_before_goal,0.5,back_L12_15,T5,lag2_soft_change,531,0.6296373009681702,0.046981215476989746,0.04564638063311577
object_released_or_dropped_before_goal,0.5,back_L12_15,T6,lag1_soft_change,531,0.5376479625701904,0.04293934255838394,0.044149432331323624
object_released_or_dropped_before_goal,0.5,back_L12_15,T6,lag1_hard_churn,531,0.25059568881988525,0.8310016989707947,0.8952820897102356
object_released_or_dropped_before_goal,0.5,back_L12_15,T6,lag2_soft_change,531,0.6438525319099426,0.04728025570511818,0.04569213464856148
object_released_or_dropped_before_goal,0.5,back_L12_15,T7,lag1_soft_change,531,0.531821608543396,0.043704405426979065,0.04461995139718056
object_released_or_dropped_before_goal,0.5,back_L12_15,T7,lag1_hard_churn,531,0.18883605301380157,0.8206889629364014,0.8963800072669983
object_released_or_dropped_before_goal,0.5,back_L12_15,T7,lag2_soft_change,531,0.6537342071533203,0.04867639020085335,0.04674605280160904
object_released_or_dropped_before_goal,0.5,back_L12_15,T8,lag1_soft_change,531,0.5322744846343994,0.04443788900971413,0.04601199924945831
object_released_or_dropped_before_goal,0.5,back_L12_15,T8,lag1_hard_churn,531,0.20863085985183716,0.8171865344047546,0.8896514177322388
object_released_or_dropped_before_goal,0.5,back_L12_15,T8,lag2_soft_change,531,0.6273157596588135,0.05031733959913254,0.04868098720908165
object_released_or_dropped_before_goal,0.5,back_L12_15,T9,lag1_soft_change,531,0.49781307578086853,0.04553543031215668,0.04816874489188194
object_released_or_dropped_before_goal,0.5,back_L12_15,T9,lag1_hard_churn,531,0.20442496240139008,0.8068702220916748,0.878800094127655
object_released_or_dropped_before_goal,0.5,back_L12_15,T9,lag2_soft_change,531,0.5887163281440735,0.05268901586532593,0.051977258175611496
object_released_or_dropped_before_goal,0.5,back_L12_15,T10,lag1_soft_change,531,0.45790529251098633,0.049039892852306366,0.053125765174627304
object_released_or_dropped_before_goal,0.5,back_L12_15,T10,lag1_hard_churn,531,0.18549783527851105,0.7747856974601746,0.8626609444618225
object_released_or_dropped_before_goal,0.5,back_L12_15,T10,lag2_soft_change,531,0.5584038496017456,0.057820506393909454,0.058215536177158356
object_released_or_dropped_before_goal,0.6,back_L12_15,state,lag1_soft_change,531,0.3260398209095001,0.08564881980419159,0.11432398855686188
object_released_or_dropped_before_goal,0.6,back_L12_15,state,lag1_hard_churn,531,0.33546993136405945,0.587702214717865,0.7377866506576538
object_released_or_dropped_before_goal,0.6,back_L12_15,state,lag2_soft_change,531,0.28641659021377563,0.11527902632951736,0.1490388959646225
object_released_or_dropped_before_goal,0.6,back_L12_15,T1,lag1_soft_change,531,0.4799107611179352,0.0468851700425148,0.04905064404010773
object_released_or_dropped_before_goal,0.6,back_L12_15,T1,lag1_hard_churn,531,0.2941068112850189,0.7496278285980225,0.8427112102508545
object_released_or_dropped_before_goal,0.6,back_L12_15,T1,lag2_soft_change,531,0.5207685232162476,0.054587215185165405,0.05621325597167015
object_released_or_dropped_before_goal,0.6,back_L12_15,T2,lag1_soft_change,531,0.46186429262161255,0.04385029152035713,0.04612992703914642
object_released_or_dropped_before_goal,0.6,back_L12_15,T2,lag1_hard_churn,531,0.2547385096549988,0.7702850699424744,0.8700992465019226
object_released_or_dropped_before_goal,0.6,back_L12_15,T2,lag2_soft_change,531,0.5339981317520142,0.050619471818208694,0.050793956965208054
object_released_or_dropped_before_goal,0.6,back_L12_15,T3,lag1_soft_change,531,0.45173853635787964,0.041921891272068024,0.04482874274253845
object_released_or_dropped_before_goal,0.6,back_L12_15,T3,lag1_hard_churn,531,0.25358861684799194,0.781867504119873,0.8837104439735413
object_released_or_dropped_before_goal,0.6,back_L12_15,T3,lag2_soft_change,531,0.5536667108535767,0.048422519117593765,0.04814333841204643
object_released_or_dropped_before_goal,0.6,back_L12_15,T4,lag1_soft_change,531,0.4653449058532715,0.04160347208380699,0.043715789914131165
object_released_or_dropped_before_goal,0.6,back_L12_15,T4,lag1_hard_churn,531,0.2364536076784134,0.7872520089149475,0.8892403841018677
object_released_or_dropped_before_goal,0.6,back_L12_15,T4,lag2_soft_change,531,0.5674769878387451,0.046930160373449326,0.04631589725613594
object_released_or_dropped_before_goal,0.6,back_L12_15,T5,lag1_soft_change,531,0.4608982503414154,0.04104362800717354,0.0435987263917923
object_released_or_dropped_before_goal,0.6,back_L12_15,T5,lag1_hard_churn,531,0.24206681549549103,0.7888303995132446,0.893541693687439
object_released_or_dropped_before_goal,0.6,back_L12_15,T5,lag2_soft_change,531,0.5722755193710327,0.04647118225693703,0.045871224254369736
object_released_or_dropped_before_goal,0.6,back_L12_15,T6,lag1_soft_change,531,0.4744539260864258,0.04139544069766998,0.043273184448480606
object_released_or_dropped_before_goal,0.6,back_L12_15,T6,lag1_hard_churn,531,0.18142396211624146,0.7859153151512146,0.8961628675460815
object_released_or_dropped_before_goal,0.6,back_L12_15,T6,lag2_soft_change,531,0.5697898268699646,0.04661150649189949,0.04588794708251953
object_released_or_dropped_before_goal,0.6,back_L12_15,T7,lag1_soft_change,531,0.4916444420814514,0.04236311838030815,0.043116599321365356
object_released_or_dropped_before_goal,0.6,back_L12_15,T7,lag1_hard_churn,531,0.23493288457393646,0.7915009260177612,0.885115921497345
object_released_or_dropped_before_goal,0.6,back_L12_15,T7,lag2_soft_change,531,0.5879141092300415,0.04749865457415581,0.04664081707596779
object_released_or_dropped_before_goal,0.6,back_L12_15,T8,lag1_soft_change,531,0.4849649965763092,0.04253429174423218,0.04356946796178818
object_released_or_dropped_before_goal,0.6,back_L12_15,T8,lag1_hard_churn,531,0.2464672327041626,0.7796774506568909,0.87676602602005
object_released_or_dropped_before_goal,0.6,back_L12_15,T8,lag2_soft_change,531,0.5679977536201477,0.04895873740315437,0.04823250696063042
object_released_or_dropped_before_goal,0.6,back_L12_15,T9,lag1_soft_change,531,0.4760414958000183,0.04381664842367172,0.045457303524017334
object_released_or_dropped_before_goal,0.6,back_L12_15,T9,lag1_hard_churn,531,0.24650757014751434,0.7672917246818542,0.869915783405304
object_released_or_dropped_before_goal,0.6,back_L12_15,T9,lag2_soft_change,531,0.5327795743942261,0.050822846591472626,0.051206205040216446
object_released_or_dropped_before_goal,0.6,back_L12_15,T10,lag1_soft_change,531,0.421040803194046,0.0466533824801445,0.0506979376077652
object_released_or_dropped_before_goal,0.6,back_L12_15,T10,lag1_hard_churn,531,0.23624806106090546,0.7421736121177673,0.8509422540664673
object_released_or_dropped_before_goal,0.6,back_L12_15,T10,lag2_soft_change,531,0.47675615549087524,0.05529100447893143,0.05739784613251686
object_released_or_dropped_before_goal,0.7,back_L12_15,state,lag1_soft_change,531,0.10837265849113464,0.05967958644032478,0.11449502408504486
object_released_or_dropped_before_goal,0.7,back_L12_15,state,lag1_hard_churn,531,0.11516806483268738,0.4513665735721588,0.7353633642196655
object_released_or_dropped_before_goal,0.7,back_L12_15,state,lag2_soft_change,531,0.10816093534231186,0.09181436151266098,0.14779776334762573
object_released_or_dropped_before_goal,0.7,back_L12_15,T1,lag1_soft_change,531,0.21432489156723022,0.036324627697467804,0.04915526881814003
object_released_or_dropped_before_goal,0.7,back_L12_15,T1,lag1_hard_churn,531,0.09869018197059631,0.6666299700737,0.8437362313270569
object_released_or_dropped_before_goal,0.7,back_L12_15,T1,lag2_soft_change,531,0.32410719990730286,0.04692104458808899,0.05486251786351204
object_released_or_dropped_before_goal,0.7,back_L12_15,T2,lag1_soft_change,531,0.23670485615730286,0.03490103781223297,0.045937057584524155
object_released_or_dropped_before_goal,0.7,back_L12_15,T2,lag1_hard_churn,531,0.0891263410449028,0.7025353908538818,0.8720377087593079
object_released_or_dropped_before_goal,0.7,back_L12_15,T2,lag2_soft_change,531,0.3208058178424835,0.0437593013048172,0.04987003281712532
object_released_or_dropped_before_goal,0.7,back_L12_15,T3,lag1_soft_change,531,0.23572349548339844,0.03369349241256714,0.04402315244078636
object_released_or_dropped_before_goal,0.7,back_L12_15,T3,lag1_hard_churn,531,0.07686930149793625,0.717556893825531,0.8851502537727356
object_released_or_dropped_before_goal,0.7,back_L12_15,T3,lag2_soft_change,531,0.30369997024536133,0.04141144081950188,0.047228530049324036
object_released_or_dropped_before_goal,0.7,back_L12_15,T4,lag1_soft_change,531,0.24393846094608307,0.034160856157541275,0.04269740730524063
object_released_or_dropped_before_goal,0.7,back_L12_15,T4,lag1_hard_churn,531,0.07905685156583786,0.7347032427787781,0.8896870613098145
object_released_or_dropped_before_goal,0.7,back_L12_15,T4,lag2_soft_change,531,0.3032957911491394,0.04050939902663231,0.04539928585290909
object_released_or_dropped_before_goal,0.7,back_L12_15,T5,lag1_soft_change,531,0.24147959053516388,0.03318352252244949,0.04230682551860809
object_released_or_dropped_before_goal,0.7,back_L12_15,T5,lag1_hard_churn,531,0.06097695231437683,0.7290245890617371,0.8921185731887817
object_released_or_dropped_before_goal,0.7,back_L12_15,T5,lag2_soft_change,531,0.31905990839004517,0.03972458466887474,0.044489823281764984
object_released_or_dropped_before_goal,0.7,back_L12_15,T6,lag1_soft_change,531,0.24573004245758057,0.03343040496110916,0.04246072098612785
object_released_or_dropped_before_goal,0.7,back_L12_15,T6,lag1_hard_churn,531,0.059400346130132675,0.7249659299850464,0.8919858336448669
object_released_or_dropped_before_goal,0.7,back_L12_15,T6,lag2_soft_change,531,0.3255358338356018,0.0400586873292923,0.044410280883312225
object_released_or_dropped_before_goal,0.7,back_L12_15,T7,lag1_soft_change,531,0.2400280088186264,0.03322729468345642,0.04282546043395996
object_released_or_dropped_before_goal,0.7,back_L12_15,T7,lag1_hard_churn,531,0.0593472421169281,0.7179602980613708,0.8865979313850403
object_released_or_dropped_before_goal,0.7,back_L12_15,T7,lag2_soft_change,531,0.319304496049881,0.040623586624860764,0.045213717967271805
object_released_or_dropped_before_goal,0.7,back_L12_15,T8,lag1_soft_change,531,0.25454965233802795,0.034997981041669846,0.04331247881054878
object_released_or_dropped_before_goal,0.7,back_L12_15,T8,lag1_hard_churn,531,0.08243311941623688,0.7284108996391296,0.879224419593811
object_released_or_dropped_before_goal,0.7,back_L12_15,T8,lag2_soft_change,531,0.303557425737381,0.0416397824883461,0.0467037633061409
object_released_or_dropped_before_goal,0.7,back_L12_15,T9,lag1_soft_change,531,0.24967879056930542,0.03564072400331497,0.04519450291991234
object_released_or_dropped_before_goal,0.7,back_L12_15,T9,lag1_hard_churn,531,0.08722375333309174,0.7145875692367554,0.8675870895385742
object_released_or_dropped_before_goal,0.7,back_L12_15,T9,lag2_soft_change,531,0.27371060848236084,0.04291277006268501,0.04978388175368309
object_released_or_dropped_before_goal,0.7,back_L12_15,T10,lag1_soft_change,531,0.22709830105304718,0.037682466208934784,0.04986526444554329
object_released_or_dropped_before_goal,0.7,back_L12_15,T10,lag1_hard_churn,531,0.09792135655879974,0.679174542427063,0.8389647006988525
object_released_or_dropped_before_goal,0.7,back_L12_15,T10,lag2_soft_change,531,0.24044187366962433,0.04587097465991974,0.056423626840114594
object_released_or_dropped_before_goal,0.8,back_L12_15,state,lag1_soft_change,531,0.0938379094004631,0.05326533690094948,0.10803324729204178
object_released_or_dropped_before_goal,0.8,back_L12_15,state,lag1_hard_churn,531,0.09134584665298462,0.39415624737739563,0.7056266665458679
object_released_or_dropped_before_goal,0.8,back_L12_15,state,lag2_soft_change,531,0.08205050230026245,0.0752936452627182,0.1461341381072998
object_released_or_dropped_before_goal,0.8,back_L12_15,T1,lag1_soft_change,531,0.17629101872444153,0.034772954881191254,0.046830061823129654
object_released_or_dropped_before_goal,0.8,back_L12_15,T1,lag1_hard_churn,531,0.08288075774908066,0.6454288959503174,0.8325839042663574
object_released_or_dropped_before_goal,0.8,back_L12_15,T1,lag2_soft_change,531,0.19103559851646423,0.0408644899725914,0.05443627014756203
object_released_or_dropped_before_goal,0.8,back_L12_15,T2,lag1_soft_change,531,0.17116795480251312,0.03268204256892204,0.04379678890109062
object_released_or_dropped_before_goal,0.8,back_L12_15,T2,lag1_hard_churn,531,0.05397265404462814,0.6641939878463745,0.8647440075874329
object_released_or_dropped_before_goal,0.8,back_L12_15,T2,lag2_soft_change,531,0.2016381472349167,0.03833834081888199,0.049456194043159485
object_released_or_dropped_before_goal,0.8,back_L12_15,T3,lag1_soft_change,531,0.1732119470834732,0.03166084364056587,0.04200485721230507
object_released_or_dropped_before_goal,0.8,back_L12_15,T3,lag1_hard_churn,531,0.05343681946396828,0.6754385232925415,0.8764816522598267
object_released_or_dropped_before_goal,0.8,back_L12_15,T3,lag2_soft_change,531,0.2144068330526352,0.037099700421094894,0.04656391218304634
object_released_or_dropped_before_goal,0.8,back_L12_15,T4,lag1_soft_change,531,0.1876266598701477,0.031362853944301605,0.0411357618868351
object_released_or_dropped_before_goal,0.8,back_L12_15,T4,lag1_hard_churn,531,0.06347791850566864,0.6836249232292175,0.8825400471687317
object_released_or_dropped_before_goal,0.8,back_L12_15,T4,lag2_soft_change,531,0.23578445613384247,0.03673376888036728,0.04493848979473114
object_released_or_dropped_before_goal,0.8,back_L12_15,T5,lag1_soft_change,531,0.1856289952993393,0.03160018473863602,0.040738895535469055
object_released_or_dropped_before_goal,0.8,back_L12_15,T5,lag1_hard_churn,531,0.06035974621772766,0.690700352191925,0.8868191242218018
object_released_or_dropped_before_goal,0.8,back_L12_15,T5,lag2_soft_change,531,0.24536754190921783,0.036567572504282,0.04388023167848587
object_released_or_dropped_before_goal,0.8,back_L12_15,T6,lag1_soft_change,531,0.1768832504749298,0.0320199579000473,0.04105392470955849
object_released_or_dropped_before_goal,0.8,back_L12_15,T6,lag1_hard_churn,531,0.05303480103611946,0.6945806741714478,0.8866084218025208
object_released_or_dropped_before_goal,0.8,back_L12_15,T6,lag2_soft_change,531,0.2452360987663269,0.03687182068824768,0.044241856783628464
object_released_or_dropped_before_goal,0.8,back_L12_15,T7,lag1_soft_change,531,0.19874688982963562,0.032519564032554626,0.041499774903059006
object_released_or_dropped_before_goal,0.8,back_L12_15,T7,lag1_hard_churn,531,0.06351698189973831,0.6885583996772766,0.8798298239707947
object_released_or_dropped_before_goal,0.8,back_L12_15,T7,lag2_soft_change,531,0.20917581021785736,0.037185512483119965,0.04554581642150879
object_released_or_dropped_before_goal,0.8,back_L12_15,T8,lag1_soft_change,531,0.18943320214748383,0.03399721905589104,0.042683206498622894
object_released_or_dropped_before_goal,0.8,back_L12_15,T8,lag1_hard_churn,531,0.06360790133476257,0.6915572881698608,0.8757215142250061
object_released_or_dropped_before_goal,0.8,back_L12_15,T8,lag2_soft_change,531,0.2098960429430008,0.03867315500974655,0.04743753373622894
object_released_or_dropped_before_goal,0.8,back_L12_15,T9,lag1_soft_change,531,0.17641401290893555,0.03402094170451164,0.04459084942936897
object_released_or_dropped_before_goal,0.8,back_L12_15,T9,lag1_hard_churn,531,0.06475678831338882,0.68085116147995,0.8639562129974365
object_released_or_dropped_before_goal,0.8,back_L12_15,T9,lag2_soft_change,531,0.17317377030849457,0.03944208472967148,0.050711870193481445
object_released_or_dropped_before_goal,0.8,back_L12_15,T10,lag1_soft_change,531,0.15539032220840454,0.03626563772559166,0.04923013970255852
object_released_or_dropped_before_goal,0.8,back_L12_15,T10,lag1_hard_churn,531,0.07180821150541306,0.6507476568222046,0.8379403948783875
object_released_or_dropped_before_goal,0.8,back_L12_15,T10,lag2_soft_change,531,0.16611500084400177,0.0427657812833786,0.05747930705547333
object_released_or_dropped_before_goal,0.9,back_L12_15,state,lag1_soft_change,531,0.08199728280305862,0.043843887746334076,0.10681337118148804
object_released_or_dropped_before_goal,0.9,back_L12_15,state,lag1_hard_churn,531,0.0716235339641571,0.3337140679359436,0.7224584221839905
object_released_or_dropped_before_goal,0.9,back_L12_15,state,lag2_soft_change,531,0.06276097893714905,0.0626712366938591,0.14328376948833466
object_released_or_dropped_before_goal,0.9,back_L12_15,T1,lag1_soft_change,531,0.13345575332641602,0.03205012530088425,0.047703441232442856
object_released_or_dropped_before_goal,0.9,back_L12_15,T1,lag1_hard_churn,531,0.07686914503574371,0.6038922667503357,0.8310791850090027
object_released_or_dropped_before_goal,0.9,back_L12_15,T1,lag2_soft_change,531,0.13815034925937653,0.038472987711429596,0.05544581636786461
object_released_or_dropped_before_goal,0.9,back_L12_15,T2,lag1_soft_change,531,0.15336188673973083,0.03133823722600937,0.04427867755293846
object_released_or_dropped_before_goal,0.9,back_L12_15,T2,lag1_hard_churn,531,0.08543206006288528,0.6475194692611694,0.8566349148750305
object_released_or_dropped_before_goal,0.9,back_L12_15,T2,lag2_soft_change,531,0.15621595084667206,0.03636663779616356,0.04983919858932495
object_released_or_dropped_before_goal,0.9,back_L12_15,T3,lag1_soft_change,531,0.14517007768154144,0.03043397143483162,0.0425335168838501
object_released_or_dropped_before_goal,0.9,back_L12_15,T3,lag1_hard_churn,531,0.06773126125335693,0.6612396836280823,0.8716287016868591
object_released_or_dropped_before_goal,0.9,back_L12_15,T3,lag2_soft_change,531,0.153166726231575,0.03501800075173378,0.046631332486867905
object_released_or_dropped_before_goal,0.9,back_L12_15,T4,lag1_soft_change,531,0.14585161209106445,0.02944193221628666,0.04163117706775665
object_released_or_dropped_before_goal,0.9,back_L12_15,T4,lag1_hard_churn,531,0.05708087235689163,0.6591058969497681,0.8805939555168152
object_released_or_dropped_before_goal,0.9,back_L12_15,T4,lag2_soft_change,531,0.16903163492679596,0.03406360372900963,0.04477065056562424
object_released_or_dropped_before_goal,0.9,back_L12_15,T5,lag1_soft_change,531,0.15633025765419006,0.029319770634174347,0.04124211519956589
object_released_or_dropped_before_goal,0.9,back_L12_15,T5,lag1_hard_churn,531,0.05606938898563385,0.661296010017395,0.8847951889038086
object_released_or_dropped_before_goal,0.9,back_L12_15,T5,lag2_soft_change,531,0.1639590561389923,0.03380800411105156,0.04382660239934921
object_released_or_dropped_before_goal,0.9,back_L12_15,T6,lag1_soft_change,531,0.16784822940826416,0.029936496168375015,0.04144305735826492
object_released_or_dropped_before_goal,0.9,back_L12_15,T6,lag1_hard_churn,531,0.053657058626413345,0.6587180495262146,0.885124921798706
object_released_or_dropped_before_goal,0.9,back_L12_15,T6,lag2_soft_change,531,0.1881517916917801,0.03464171662926674,0.04408056661486626
object_released_or_dropped_before_goal,0.9,back_L12_15,T7,lag1_soft_change,531,0.15539970993995667,0.029841696843504906,0.04215826839208603
object_released_or_dropped_before_goal,0.9,back_L12_15,T7,lag1_hard_churn,531,0.057395417243242264,0.6525657773017883,0.879241406917572
object_released_or_dropped_before_goal,0.9,back_L12_15,T7,lag2_soft_change,531,0.1646478772163391,0.034338172525167465,0.04538001865148544
object_released_or_dropped_before_goal,0.9,back_L12_15,T8,lag1_soft_change,531,0.14771248400211334,0.030703619122505188,0.043597422540187836
object_released_or_dropped_before_goal,0.9,back_L12_15,T8,lag1_hard_churn,531,0.05811814218759537,0.6438174247741699,0.876255989074707
object_released_or_dropped_before_goal,0.9,back_L12_15,T8,lag2_soft_change,531,0.1502269059419632,0.035330455750226974,0.047683779150247574
object_released_or_dropped_before_goal,0.9,back_L12_15,T9,lag1_soft_change,531,0.14063669741153717,0.03213024511933327,0.04577189311385155
object_released_or_dropped_before_goal,0.9,back_L12_15,T9,lag1_hard_churn,531,0.05888540670275688,0.6491677165031433,0.8693638443946838
object_released_or_dropped_before_goal,0.9,back_L12_15,T9,lag2_soft_change,531,0.1332700103521347,0.03692958876490593,0.051371049135923386
object_released_or_dropped_before_goal,0.9,back_L12_15,T10,lag1_soft_change,531,0.11127743124961853,0.033483363687992096,0.0509592704474926
object_released_or_dropped_before_goal,0.9,back_L12_15,T10,lag1_hard_churn,531,0.0638696476817131,0.6220447421073914,0.8395622372627258
object_released_or_dropped_before_goal,0.9,back_L12_15,T10,lag2_soft_change,531,0.10841870307922363,0.03898176550865173,0.05833257734775543
object_released_or_dropped_before_goal,1.0,back_L12_15,state,lag1_soft_change,531,0.07507596909999847,0.037969477474689484,0.11156212538480759
object_released_or_dropped_before_goal,1.0,back_L12_15,state,lag1_hard_churn,531,0.07847920060157776,0.30853375792503357,0.7589088082313538
object_released_or_dropped_before_goal,1.0,back_L12_15,state,lag2_soft_change,531,0.06948989629745483,0.05301691219210625,0.14266082644462585
object_released_or_dropped_before_goal,1.0,back_L12_15,T1,lag1_soft_change,531,0.09200634062290192,0.030780145898461342,0.05390788987278938
object_released_or_dropped_before_goal,1.0,back_L12_15,T1,lag1_hard_churn,531,0.04346385970711708,0.5771661400794983,0.8517979383468628
object_released_or_dropped_before_goal,1.0,back_L12_15,T1,lag2_soft_change,531,0.09202045202255249,0.03546570613980293,0.057520002126693726
object_released_or_dropped_before_goal,1.0,back_L12_15,T2,lag1_soft_change,531,0.08972536027431488,0.029319388791918755,0.04975224286317825
object_released_or_dropped_before_goal,1.0,back_L12_15,T2,lag1_hard_churn,531,0.04381503537297249,0.6180118918418884,0.8709779381752014
object_released_or_dropped_before_goal,1.0,back_L12_15,T2,lag2_soft_change,531,0.09909964352846146,0.03349572420120239,0.05225025862455368
object_released_or_dropped_before_goal,1.0,back_L12_15,T3,lag1_soft_change,531,0.10940462350845337,0.02871130220592022,0.0473797507584095
object_released_or_dropped_before_goal,1.0,back_L12_15,T3,lag1_hard_churn,531,0.043814677745103836,0.621678352355957,0.8803892731666565
object_released_or_dropped_before_goal,1.0,back_L12_15,T3,lag2_soft_change,531,0.11282764375209808,0.032729022204875946,0.04896807670593262
object_released_or_dropped_before_goal,1.0,back_L12_15,T4,lag1_soft_change,531,0.10299594700336456,0.028813011944293976,0.04605114832520485
object_released_or_dropped_before_goal,1.0,back_L12_15,T4,lag1_hard_churn,531,0.034912560135126114,0.6336458325386047,0.891369104385376
object_released_or_dropped_before_goal,1.0,back_L12_15,T4,lag2_soft_change,531,0.14016887545585632,0.03242744132876396,0.04734444618225098
object_released_or_dropped_before_goal,1.0,back_L12_15,T5,lag1_soft_change,531,0.1181517019867897,0.028988612815737724,0.04630395025014877
object_released_or_dropped_before_goal,1.0,back_L12_15,T5,lag1_hard_churn,531,0.043848615139722824,0.6402941942214966,0.8964552879333496
object_released_or_dropped_before_goal,1.0,back_L12_15,T5,lag2_soft_change,531,0.14128810167312622,0.03187446668744087,0.04701141640543938
object_released_or_dropped_before_goal,1.0,back_L12_15,T6,lag1_soft_change,531,0.1336454451084137,0.029453860595822334,0.04748908802866936
object_released_or_dropped_before_goal,1.0,back_L12_15,T6,lag1_hard_churn,531,0.039893608540296555,0.6369482278823853,0.9007896184921265
object_released_or_dropped_before_goal,1.0,back_L12_15,T6,lag2_soft_change,531,0.13847695291042328,0.03255902975797653,0.04787366837263107
object_released_or_dropped_before_goal,1.0,back_L12_15,T7,lag1_soft_change,531,0.11130627244710922,0.0294466782361269,0.04876210168004036
object_released_or_dropped_before_goal,1.0,back_L12_15,T7,lag1_hard_churn,531,0.039840828627347946,0.6327320337295532,0.8974153995513916
object_released_or_dropped_before_goal,1.0,back_L12_15,T7,lag2_soft_change,531,0.13124725222587585,0.03308148682117462,0.0490763857960701
object_released_or_dropped_before_goal,1.0,back_L12_15,T8,lag1_soft_change,531,0.1062823235988617,0.0308611448854208,0.05110420659184456
object_released_or_dropped_before_goal,1.0,back_L12_15,T8,lag1_hard_churn,531,0.044015880674123764,0.6426499485969543,0.8936399817466736
object_released_or_dropped_before_goal,1.0,back_L12_15,T8,lag2_soft_change,531,0.11442618817090988,0.033267028629779816,0.051772188395261765
object_released_or_dropped_before_goal,1.0,back_L12_15,T9,lag1_soft_change,531,0.10159461200237274,0.0314088799059391,0.053954921662807465
object_released_or_dropped_before_goal,1.0,back_L12_15,T9,lag1_hard_churn,531,0.049941353499889374,0.6294004321098328,0.8877052664756775
object_released_or_dropped_before_goal,1.0,back_L12_15,T9,lag2_soft_change,531,0.10842155665159225,0.035092175006866455,0.054540686309337616
object_released_or_dropped_before_goal,1.0,back_L12_15,T10,lag1_soft_change,531,0.06375929713249207,0.03241591155529022,0.05962987244129181
object_released_or_dropped_before_goal,1.0,back_L12_15,T10,lag1_hard_churn,531,0.05267699807882309,0.5973297953605652,0.8672375082969666
object_released_or_dropped_before_goal,1.0,back_L12_15,T10,lag2_soft_change,531,0.07589694112539291,0.03681483864784241,0.060547541826963425
stable_grasp_not_observed,0.1,back_L12_15,state,lag1_soft_change,365,0.5247368812561035,0.08067737519741058,0.08137936145067215
stable_grasp_not_observed,0.1,back_L12_15,state,lag1_hard_churn,365,0.5576006174087524,0.566166877746582,0.5602984428405762
stable_grasp_not_observed,0.1,back_L12_15,state,lag2_soft_change,365,0.5893197655677795,0.11145193129777908,0.11068209260702133
stable_grasp_not_observed,0.1,back_L12_15,T1,lag1_soft_change,365,0.46433791518211365,0.035135138779878616,0.03617377206683159
stable_grasp_not_observed,0.1,back_L12_15,T1,lag1_hard_churn,365,0.37656116485595703,0.7834275364875793,0.8048811554908752
stable_grasp_not_observed,0.1,back_L12_15,T1,lag2_soft_change,365,0.3335284888744354,0.04183682054281235,0.043197013437747955
stable_grasp_not_observed,0.1,back_L12_15,T2,lag1_soft_change,365,0.44928768277168274,0.03358747065067291,0.03473460674285889
stable_grasp_not_observed,0.1,back_L12_15,T2,lag1_hard_churn,365,0.3986037075519562,0.8181883692741394,0.8336889147758484
stable_grasp_not_observed,0.1,back_L12_15,T2,lag2_soft_change,365,0.32376959919929504,0.039145246148109436,0.04074472561478615
stable_grasp_not_observed,0.1,back_L12_15,T3,lag1_soft_change,365,0.5101193189620972,0.03359069302678108,0.033995892852544785
stable_grasp_not_observed,0.1,back_L12_15,T3,lag1_hard_churn,365,0.42083489894866943,0.8456608057022095,0.8579114079475403
stable_grasp_not_observed,0.1,back_L12_15,T3,lag2_soft_change,365,0.4321158528327942,0.038134630769491196,0.03873298317193985
stable_grasp_not_observed,0.1,back_L12_15,T4,lag1_soft_change,365,0.5198414921760559,0.03276704624295235,0.03258029371500015
stable_grasp_not_observed,0.1,back_L12_15,T4,lag1_hard_churn,365,0.43899428844451904,0.84515780210495,0.8522346615791321
stable_grasp_not_observed,0.1,back_L12_15,T4,lag2_soft_change,365,0.3799847662448883,0.03694038838148117,0.03766029328107834
stable_grasp_not_observed,0.1,back_L12_15,T5,lag1_soft_change,365,0.5523957014083862,0.033083632588386536,0.032520052045583725
stable_grasp_not_observed,0.1,back_L12_15,T5,lag1_hard_churn,365,0.45994696021080017,0.846632719039917,0.8553563952445984
stable_grasp_not_observed,0.1,back_L12_15,T5,lag2_soft_change,365,0.41641101241111755,0.03615057095885277,0.03664078935980797
stable_grasp_not_observed,0.1,back_L12_15,T6,lag1_soft_change,365,0.4795915186405182,0.031926315277814865,0.032473962754011154
stable_grasp_not_observed,0.1,back_L12_15,T6,lag1_hard_churn,365,0.38692376017570496,0.83167964220047,0.8536798357963562
stable_grasp_not_observed,0.1,back_L12_15,T6,lag2_soft_change,365,0.45598480105400085,0.036883145570755005,0.03682226315140724
stable_grasp_not_observed,0.1,back_L12_15,T7,lag1_soft_change,365,0.525722861289978,0.03249094635248184,0.03268936276435852
stable_grasp_not_observed,0.1,back_L12_15,T7,lag1_hard_churn,365,0.42443662881851196,0.8312472701072693,0.8471065163612366
stable_grasp_not_observed,0.1,back_L12_15,T7,lag2_soft_change,365,0.5433735251426697,0.03786522150039673,0.03728974610567093
stable_grasp_not_observed,0.1,back_L12_15,T8,lag1_soft_change,365,0.5318222045898438,0.03301997855305672,0.0334135964512825
stable_grasp_not_observed,0.1,back_L12_15,T8,lag1_hard_churn,365,0.45991799235343933,0.8248391151428223,0.8336822986602783
stable_grasp_not_observed,0.1,back_L12_15,T8,lag2_soft_change,365,0.4585745930671692,0.03815213218331337,0.03826891630887985
stable_grasp_not_observed,0.1,back_L12_15,T9,lag1_soft_change,365,0.4850628674030304,0.03425520285964012,0.035313013941049576
stable_grasp_not_observed,0.1,back_L12_15,T9,lag1_hard_churn,365,0.41590434312820435,0.8114597201347351,0.8292962312698364
stable_grasp_not_observed,0.1,back_L12_15,T9,lag2_soft_change,365,0.5396454930305481,0.039767391979694366,0.03917496278882027
stable_grasp_not_observed,0.1,back_L12_15,T10,lag1_soft_change,365,0.534234344959259,0.037706781178712845,0.037383075803518295
stable_grasp_not_observed,0.1,back_L12_15,T10,lag1_hard_churn,365,0.3873324394226074,0.7928822040557861,0.8104910254478455
stable_grasp_not_observed,0.1,back_L12_15,T10,lag2_soft_change,365,0.599014937877655,0.04306615889072418,0.04220312088727951
stable_grasp_not_observed,0.2,back_L12_15,state,lag1_soft_change,365,0.5904841423034668,0.08734350651502609,0.08130541443824768
stable_grasp_not_observed,0.2,back_L12_15,state,lag1_hard_churn,365,0.5696772336959839,0.6327299475669861,0.5933952331542969
stable_grasp_not_observed,0.2,back_L12_15,state,lag2_soft_change,365,0.45793047547340393,0.10958423465490341,0.11430686712265015
stable_grasp_not_observed,0.2,back_L12_15,T1,lag1_soft_change,365,0.6847435235977173,0.03824378177523613,0.03247985988855362
stable_grasp_not_observed,0.2,back_L12_15,T1,lag1_hard_churn,365,0.6770015358924866,0.8175468444824219,0.7827574610710144
stable_grasp_not_observed,0.2,back_L12_15,T1,lag2_soft_change,365,0.5199570655822754,0.040805671364068985,0.0399588942527771
stable_grasp_not_observed,0.2,back_L12_15,T2,lag1_soft_change,365,0.707703709602356,0.0360666885972023,0.031225958839058876
stable_grasp_not_observed,0.2,back_L12_15,T2,lag1_hard_churn,365,0.6472569108009338,0.8514364361763,0.8193793892860413
stable_grasp_not_observed,0.2,back_L12_15,T2,lag2_soft_change,365,0.47234848141670227,0.037778325378894806,0.03754784166812897
stable_grasp_not_observed,0.2,back_L12_15,T3,lag1_soft_change,365,0.699317216873169,0.03524944186210632,0.030537210404872894
stable_grasp_not_observed,0.2,back_L12_15,T3,lag1_hard_churn,365,0.6249977946281433,0.8572521209716797,0.8382217884063721
stable_grasp_not_observed,0.2,back_L12_15,T3,lag2_soft_change,365,0.5138340592384338,0.036637548357248306,0.0359065905213356
stable_grasp_not_observed,0.2,back_L12_15,T4,lag1_soft_change,365,0.7064531445503235,0.034497737884521484,0.03000529855489731
stable_grasp_not_observed,0.2,back_L12_15,T4,lag1_hard_churn,365,0.605642557144165,0.8527815341949463,0.8401148319244385
stable_grasp_not_observed,0.2,back_L12_15,T4,lag2_soft_change,365,0.5348197817802429,0.035572607070207596,0.03489376977086067
stable_grasp_not_observed,0.2,back_L12_15,T5,lag1_soft_change,365,0.7175842523574829,0.0352071076631546,0.03049357607960701
stable_grasp_not_observed,0.2,back_L12_15,T5,lag1_hard_churn,365,0.5681666731834412,0.8592340350151062,0.8513004779815674
stable_grasp_not_observed,0.2,back_L12_15,T5,lag2_soft_change,365,0.599307656288147,0.03649408370256424,0.03498425334692001
stable_grasp_not_observed,0.2,back_L12_15,T6,lag1_soft_change,365,0.7462062835693359,0.036070872098207474,0.03036583587527275
stable_grasp_not_observed,0.2,back_L12_15,T6,lag1_hard_churn,365,0.5428810715675354,0.8612455129623413,0.8535980582237244
stable_grasp_not_observed,0.2,back_L12_15,T6,lag2_soft_change,365,0.5836412310600281,0.037116993218660355,0.0348898284137249
stable_grasp_not_observed,0.2,back_L12_15,T7,lag1_soft_change,365,0.773425817489624,0.036484695971012115,0.029826605692505836
stable_grasp_not_observed,0.2,back_L12_15,T7,lag1_hard_churn,365,0.5710597038269043,0.8534867763519287,0.8418686389923096
stable_grasp_not_observed,0.2,back_L12_15,T7,lag2_soft_change,365,0.6011760830879211,0.037247031927108765,0.03519758582115173
stable_grasp_not_observed,0.2,back_L12_15,T8,lag1_soft_change,365,0.8107004761695862,0.03846939653158188,0.030641963705420494
stable_grasp_not_observed,0.2,back_L12_15,T8,lag1_hard_churn,365,0.6239439845085144,0.8565901517868042,0.8318371176719666
stable_grasp_not_observed,0.2,back_L12_15,T8,lag2_soft_change,365,0.6330838203430176,0.03857458010315895,0.03597864508628845
stable_grasp_not_observed,0.2,back_L12_15,T9,lag1_soft_change,365,0.789026141166687,0.040298327803611755,0.03161546215415001
stable_grasp_not_observed,0.2,back_L12_15,T9,lag1_hard_churn,365,0.6233345866203308,0.8392354249954224,0.8197877407073975
stable_grasp_not_observed,0.2,back_L12_15,T9,lag2_soft_change,365,0.6642531156539917,0.04073454812169075,0.03710893169045448
stable_grasp_not_observed,0.2,back_L12_15,T10,lag1_soft_change,365,0.7914329171180725,0.0450572706758976,0.035220954567193985
stable_grasp_not_observed,0.2,back_L12_15,T10,lag1_hard_churn,365,0.6132498979568481,0.8084731698036194,0.7752031683921814
stable_grasp_not_observed,0.2,back_L12_15,T10,lag2_soft_change,365,0.6807517409324646,0.046172965317964554,0.04126067832112312
stable_grasp_not_observed,0.3,back_L12_15,state,lag1_soft_change,365,0.22511915862560272,0.08393339812755585,0.10068200528621674
stable_grasp_not_observed,0.3,back_L12_15,state,lag1_hard_churn,365,0.21717587113380432,0.6044602394104004,0.7052508592605591
stable_grasp_not_observed,0.3,back_L12_15,state,lag2_soft_change,365,0.33804237842559814,0.12078694254159927,0.12739890813827515
stable_grasp_not_observed,0.3,back_L12_15,T1,lag1_soft_change,365,0.36891061067581177,0.03987797722220421,0.04300443455576897
stable_grasp_not_observed,0.3,back_L12_15,T1,lag1_hard_churn,365,0.2708187401294708,0.7929006814956665,0.8339992761611938
stable_grasp_not_observed,0.3,back_L12_15,T1,lag2_soft_change,365,0.5932335257530212,0.047878578305244446,0.04583662003278732
stable_grasp_not_observed,0.3,back_L12_15,T2,lag1_soft_change,365,0.3202083706855774,0.037455588579177856,0.040940579026937485
stable_grasp_not_observed,0.3,back_L12_15,T2,lag1_hard_churn,365,0.21545128524303436,0.8192809224128723,0.8625240921974182
stable_grasp_not_observed,0.3,back_L12_15,T2,lag2_soft_change,365,0.5761322975158691,0.044134583324193954,0.042498648166656494
stable_grasp_not_observed,0.3,back_L12_15,T3,lag1_soft_change,365,0.27150270342826843,0.036074113100767136,0.04009160399436951
stable_grasp_not_observed,0.3,back_L12_15,T3,lag1_hard_churn,365,0.23461192846298218,0.8337789177894592,0.8737228512763977
stable_grasp_not_observed,0.3,back_L12_15,T3,lag2_soft_change,365,0.558743417263031,0.0422818697988987,0.04117920622229576
stable_grasp_not_observed,0.3,back_L12_15,T4,lag1_soft_change,365,0.25024211406707764,0.03540520370006561,0.04013984277844429
stable_grasp_not_observed,0.3,back_L12_15,T4,lag1_hard_churn,365,0.30169931054115295,0.849758505821228,0.8788445591926575
stable_grasp_not_observed,0.3,back_L12_15,T4,lag2_soft_change,365,0.5144414305686951,0.041051045060157776,0.04059894010424614
stable_grasp_not_observed,0.3,back_L12_15,T5,lag1_soft_change,365,0.23753683269023895,0.034921422600746155,0.04061529412865639
stable_grasp_not_observed,0.3,back_L12_15,T5,lag1_hard_churn,365,0.31869930028915405,0.8531031012535095,0.8811615705490112
stable_grasp_not_observed,0.3,back_L12_15,T5,lag2_soft_change,365,0.4266805648803711,0.04022650048136711,0.04101458564400673
stable_grasp_not_observed,0.3,back_L12_15,T6,lag1_soft_change,365,0.2186650037765503,0.03512740880250931,0.041094958782196045
stable_grasp_not_observed,0.3,back_L12_15,T6,lag1_hard_churn,365,0.32604101300239563,0.8521849513053894,0.87973952293396
stable_grasp_not_observed,0.3,back_L12_15,T6,lag2_soft_change,365,0.39162155985832214,0.040433816611766815,0.041616324335336685
stable_grasp_not_observed,0.3,back_L12_15,T7,lag1_soft_change,365,0.2196563333272934,0.03516180068254471,0.04085945710539818
stable_grasp_not_observed,0.3,back_L12_15,T7,lag1_hard_churn,365,0.3558192551136017,0.8508108258247375,0.8713966608047485
stable_grasp_not_observed,0.3,back_L12_15,T7,lag2_soft_change,365,0.42858001589775085,0.04099034518003464,0.04164869338274002
stable_grasp_not_observed,0.3,back_L12_15,T8,lag1_soft_change,365,0.2062862515449524,0.036453165113925934,0.04220711067318916
stable_grasp_not_observed,0.3,back_L12_15,T8,lag1_hard_churn,365,0.36326587200164795,0.8522544503211975,0.8719233274459839
stable_grasp_not_observed,0.3,back_L12_15,T8,lag2_soft_change,365,0.47046196460723877,0.04208754003047943,0.04264441877603531
stable_grasp_not_observed,0.3,back_L12_15,T9,lag1_soft_change,365,0.17709392309188843,0.037141114473342896,0.04434305429458618
stable_grasp_not_observed,0.3,back_L12_15,T9,lag1_hard_churn,365,0.34342119097709656,0.8287766575813293,0.8551913499832153
stable_grasp_not_observed,0.3,back_L12_15,T9,lag2_soft_change,365,0.4475625157356262,0.04437553137540817,0.04574280232191086
stable_grasp_not_observed,0.3,back_L12_15,T10,lag1_soft_change,365,0.16498662531375885,0.03985382243990898,0.049129631370306015
stable_grasp_not_observed,0.3,back_L12_15,T10,lag1_hard_churn,365,0.20892342925071716,0.7736261487007141,0.8367093801498413
stable_grasp_not_observed,0.3,back_L12_15,T10,lag2_soft_change,365,0.3968506157398224,0.04903867468237877,0.051692817360162735
stable_grasp_not_observed,0.4,back_L12_15,state,lag1_soft_change,365,0.5651119947433472,0.09374389797449112,0.091183140873909
stable_grasp_not_observed,0.4,back_L12_15,state,lag1_hard_churn,365,0.5248064398765564,0.6643967628479004,0.6478376984596252
stable_grasp_not_observed,0.4,back_L12_15,state,lag2_soft_change,365,0.5520105361938477,0.12788739800453186,0.12378406524658203
stable_grasp_not_observed,0.4,back_L12_15,T1,lag1_soft_change,365,0.5721896886825562,0.04345712065696716,0.04165366291999817
stable_grasp_not_observed,0.4,back_L12_15,T1,lag1_hard_churn,365,0.5326371192932129,0.8149951696395874,0.814629316329956
stable_grasp_not_observed,0.4,back_L12_15,T1,lag2_soft_change,365,0.5723726749420166,0.050017036497592926,0.048887383192777634
stable_grasp_not_observed,0.4,back_L12_15,T2,lag1_soft_change,365,0.5248389840126038,0.039862360805273056,0.03921164199709892
stable_grasp_not_observed,0.4,back_L12_15,T2,lag1_hard_churn,365,0.5072048902511597,0.8367812037467957,0.8408685326576233
stable_grasp_not_observed,0.4,back_L12_15,T2,lag2_soft_change,365,0.5957486033439636,0.04566400498151779,0.04463246092200279
stable_grasp_not_observed,0.4,back_L12_15,T3,lag1_soft_change,365,0.5423237681388855,0.03812458738684654,0.03772798180580139
stable_grasp_not_observed,0.4,back_L12_15,T3,lag1_hard_churn,365,0.5066627860069275,0.858607292175293,0.856663703918457
stable_grasp_not_observed,0.4,back_L12_15,T3,lag2_soft_change,365,0.5172100067138672,0.04300941899418831,0.042878229171037674
stable_grasp_not_observed,0.4,back_L12_15,T4,lag1_soft_change,365,0.515289306640625,0.037304628640413284,0.03701353818178177
stable_grasp_not_observed,0.4,back_L12_15,T4,lag1_hard_churn,365,0.5401578545570374,0.8716540932655334,0.8658375144004822
stable_grasp_not_observed,0.4,back_L12_15,T4,lag2_soft_change,365,0.4980301558971405,0.04161128029227257,0.04171274974942207
stable_grasp_not_observed,0.4,back_L12_15,T5,lag1_soft_change,365,0.5545316338539124,0.03661424666643143,0.03641223534941673
stable_grasp_not_observed,0.4,back_L12_15,T5,lag1_hard_churn,365,0.5561951398849487,0.8726927638053894,0.8618068695068359
stable_grasp_not_observed,0.4,back_L12_15,T5,lag2_soft_change,365,0.4767909348011017,0.04074258729815483,0.040913961827754974
stable_grasp_not_observed,0.4,back_L12_15,T6,lag1_soft_change,365,0.5592261552810669,0.03668732941150665,0.03675687313079834
stable_grasp_not_observed,0.4,back_L12_15,T6,lag1_hard_churn,365,0.5106167793273926,0.8621014952659607,0.8671889305114746
stable_grasp_not_observed,0.4,back_L12_15,T6,lag2_soft_change,365,0.4511738717556,0.04082433134317398,0.04145045578479767
stable_grasp_not_observed,0.4,back_L12_15,T7,lag1_soft_change,365,0.5458558201789856,0.03675561025738716,0.036733612418174744
stable_grasp_not_observed,0.4,back_L12_15,T7,lag1_hard_churn,365,0.5212541222572327,0.8569412231445312,0.8626943826675415
stable_grasp_not_observed,0.4,back_L12_15,T7,lag2_soft_change,365,0.4823497235774994,0.041427984833717346,0.04186761751770973
stable_grasp_not_observed,0.4,back_L12_15,T8,lag1_soft_change,365,0.5615907311439514,0.038606226444244385,0.03820022568106651
stable_grasp_not_observed,0.4,back_L12_15,T8,lag1_hard_churn,365,0.518608033657074,0.8560081124305725,0.860682487487793
stable_grasp_not_observed,0.4,back_L12_15,T8,lag2_soft_change,365,0.491586834192276,0.04295269399881363,0.04319548234343529
stable_grasp_not_observed,0.4,back_L12_15,T9,lag1_soft_change,365,0.5538087487220764,0.03926023095846176,0.03919631242752075
stable_grasp_not_observed,0.4,back_L12_15,T9,lag1_hard_churn,365,0.489899605512619,0.8343932032585144,0.8434354662895203
stable_grasp_not_observed,0.4,back_L12_15,T9,lag2_soft_change,365,0.46853888034820557,0.04482002183794975,0.04520295187830925
stable_grasp_not_observed,0.4,back_L12_15,T10,lag1_soft_change,365,0.545512318611145,0.042071063071489334,0.042489975690841675
stable_grasp_not_observed,0.4,back_L12_15,T10,lag1_hard_churn,365,0.5720446705818176,0.8045874834060669,0.798280656337738
stable_grasp_not_observed,0.4,back_L12_15,T10,lag2_soft_change,365,0.49122798442840576,0.04963218420743942,0.05007144808769226
stable_grasp_not_observed,0.5,back_L12_15,state,lag1_soft_change,365,0.2267630398273468,0.08232169598340988,0.09756239503622055
stable_grasp_not_observed,0.5,back_L12_15,state,lag1_hard_churn,365,0.36557433009147644,0.6416530013084412,0.6930999159812927
stable_grasp_not_observed,0.5,back_L12_15,state,lag2_soft_change,365,0.25797799229621887,0.11260275542736053,0.12877146899700165
stable_grasp_not_observed,0.5,back_L12_15,T1,lag1_soft_change,365,0.1705862134695053,0.03607075288891792,0.04464564844965935
stable_grasp_not_observed,0.5,back_L12_15,T1,lag1_hard_churn,365,0.2968028783798218,0.7810697555541992,0.8185220956802368
stable_grasp_not_observed,0.5,back_L12_15,T1,lag2_soft_change,365,0.15452803671360016,0.042269930243492126,0.04972299933433533
stable_grasp_not_observed,0.5,back_L12_15,T2,lag1_soft_change,365,0.20502273738384247,0.034146104007959366,0.04130513593554497
stable_grasp_not_observed,0.5,back_L12_15,T2,lag1_hard_churn,365,0.3117959201335907,0.8225136995315552,0.856843113899231
stable_grasp_not_observed,0.5,back_L12_15,T2,lag2_soft_change,365,0.22608935832977295,0.03961138799786568,0.044828206300735474
stable_grasp_not_observed,0.5,back_L12_15,T3,lag1_soft_change,365,0.1920936107635498,0.033502452075481415,0.03989957645535469
stable_grasp_not_observed,0.5,back_L12_15,T3,lag1_hard_churn,365,0.2781163156032562,0.840927243232727,0.8770514726638794
stable_grasp_not_observed,0.5,back_L12_15,T3,lag2_soft_change,365,0.1984959840774536,0.037933673709630966,0.042666610330343246
stable_grasp_not_observed,0.5,back_L12_15,T4,lag1_soft_change,365,0.17890779674053192,0.032527681440114975,0.03893492743372917
stable_grasp_not_observed,0.5,back_L12_15,T4,lag1_hard_churn,365,0.3097684383392334,0.8404298424720764,0.876748263835907
stable_grasp_not_observed,0.5,back_L12_15,T4,lag2_soft_change,365,0.20430147647857666,0.03657613322138786,0.04116515815258026
stable_grasp_not_observed,0.5,back_L12_15,T5,lag1_soft_change,365,0.1996292769908905,0.033015090972185135,0.03879069536924362
stable_grasp_not_observed,0.5,back_L12_15,T5,lag1_hard_churn,365,0.23635485768318176,0.8402326107025146,0.8848444819450378
stable_grasp_not_observed,0.5,back_L12_15,T5,lag2_soft_change,365,0.26237308979034424,0.037305381149053574,0.04031820967793465
stable_grasp_not_observed,0.5,back_L12_15,T6,lag1_soft_change,365,0.1978481113910675,0.033030156046152115,0.039080578833818436
stable_grasp_not_observed,0.5,back_L12_15,T6,lag1_hard_churn,365,0.2295297235250473,0.8374481797218323,0.8818306922912598
stable_grasp_not_observed,0.5,back_L12_15,T6,lag2_soft_change,365,0.226458340883255,0.03705042228102684,0.04050581529736519
stable_grasp_not_observed,0.5,back_L12_15,T7,lag1_soft_change,365,0.21561861038208008,0.03342185914516449,0.03958608955144882
stable_grasp_not_observed,0.5,back_L12_15,T7,lag1_hard_churn,365,0.26905199885368347,0.8330740332603455,0.8765736818313599
stable_grasp_not_observed,0.5,back_L12_15,T7,lag2_soft_change,365,0.22666776180267334,0.03753422200679779,0.041137006133794785
stable_grasp_not_observed,0.5,back_L12_15,T8,lag1_soft_change,365,0.21414491534233093,0.033540029078722,0.04005253314971924
stable_grasp_not_observed,0.5,back_L12_15,T8,lag1_hard_churn,365,0.2407316267490387,0.8234328031539917,0.8705435991287231
stable_grasp_not_observed,0.5,back_L12_15,T8,lag2_soft_change,365,0.25140783190727234,0.0385567769408226,0.04226309806108475
stable_grasp_not_observed,0.5,back_L12_15,T9,lag1_soft_change,365,0.2017875611782074,0.0347464494407177,0.04141104593873024
stable_grasp_not_observed,0.5,back_L12_15,T9,lag1_hard_churn,365,0.2452191859483719,0.8220489025115967,0.8647317290306091
stable_grasp_not_observed,0.5,back_L12_15,T9,lag2_soft_change,365,0.24328884482383728,0.04003191739320755,0.04438139870762825
stable_grasp_not_observed,0.5,back_L12_15,T10,lag1_soft_change,365,0.19024991989135742,0.03747608885169029,0.04475407674908638
stable_grasp_not_observed,0.5,back_L12_15,T10,lag1_hard_churn,365,0.23659400641918182,0.7748751044273376,0.8245553374290466
stable_grasp_not_observed,0.5,back_L12_15,T10,lag2_soft_change,365,0.2495168149471283,0.043573155999183655,0.049416445195674896
stable_grasp_not_observed,0.6,back_L12_15,state,lag1_soft_change,365,0.20835107564926147,0.05646314099431038,0.07941073924303055
stable_grasp_not_observed,0.6,back_L12_15,state,lag1_hard_churn,365,0.2838614583015442,0.44578656554222107,0.5787901282310486
stable_grasp_not_observed,0.6,back_L12_15,state,lag2_soft_change,365,0.17616131901741028,0.08004774153232574,0.11303236335515976
stable_grasp_not_observed,0.6,back_L12_15,T1,lag1_soft_change,365,0.30703964829444885,0.03339114412665367,0.03766908869147301
stable_grasp_not_observed,0.6,back_L12_15,T1,lag1_hard_churn,365,0.1485053151845932,0.674712598323822,0.7979258298873901
stable_grasp_not_observed,0.6,back_L12_15,T1,lag2_soft_change,365,0.3324790298938751,0.03976691886782646,0.04574808478355408
stable_grasp_not_observed,0.6,back_L12_15,T2,lag1_soft_change,365,0.3289816975593567,0.031148117035627365,0.03463619202375412
stable_grasp_not_observed,0.6,back_L12_15,T2,lag1_hard_churn,365,0.16281288862228394,0.7251487970352173,0.8325513601303101
stable_grasp_not_observed,0.6,back_L12_15,T2,lag2_soft_change,365,0.31125113368034363,0.03650170937180519,0.04147728160023689
stable_grasp_not_observed,0.6,back_L12_15,T3,lag1_soft_change,365,0.3483510911464691,0.030939562246203423,0.03347160667181015
stable_grasp_not_observed,0.6,back_L12_15,T3,lag1_hard_churn,365,0.14995388686656952,0.7416823506355286,0.8544303178787231
stable_grasp_not_observed,0.6,back_L12_15,T3,lag2_soft_change,365,0.3387930989265442,0.03559345752000809,0.03930579870939255
stable_grasp_not_observed,0.6,back_L12_15,T4,lag1_soft_change,365,0.3498070240020752,0.031053029000759125,0.033178798854351044
stable_grasp_not_observed,0.6,back_L12_15,T4,lag1_hard_churn,365,0.10693911463022232,0.7549058794975281,0.8734117746353149
stable_grasp_not_observed,0.6,back_L12_15,T4,lag2_soft_change,365,0.3615797162055969,0.03522246330976486,0.03792539983987808
stable_grasp_not_observed,0.6,back_L12_15,T5,lag1_soft_change,365,0.3451911211013794,0.03109489381313324,0.03315718099474907
stable_grasp_not_observed,0.6,back_L12_15,T5,lag1_hard_churn,365,0.12183844298124313,0.7505620121955872,0.8708019256591797
stable_grasp_not_observed,0.6,back_L12_15,T5,lag2_soft_change,365,0.35951730608940125,0.03493764251470566,0.037233538925647736
stable_grasp_not_observed,0.6,back_L12_15,T6,lag1_soft_change,365,0.3775676488876343,0.032066479325294495,0.033002130687236786
stable_grasp_not_observed,0.6,back_L12_15,T6,lag1_hard_churn,365,0.13272038102149963,0.753709077835083,0.8688585162162781
stable_grasp_not_observed,0.6,back_L12_15,T6,lag2_soft_change,365,0.3529972732067108,0.0353429913520813,0.03754651919007301
stable_grasp_not_observed,0.6,back_L12_15,T7,lag1_soft_change,365,0.39389878511428833,0.03270591422915459,0.032856568694114685
stable_grasp_not_observed,0.6,back_L12_15,T7,lag1_hard_churn,365,0.15445634722709656,0.7523539662361145,0.8610807061195374
stable_grasp_not_observed,0.6,back_L12_15,T7,lag2_soft_change,365,0.3969668745994568,0.03694434091448784,0.03811950236558914
stable_grasp_not_observed,0.6,back_L12_15,T8,lag1_soft_change,365,0.3695544898509979,0.03302738070487976,0.033095985651016235
stable_grasp_not_observed,0.6,back_L12_15,T8,lag1_hard_churn,365,0.12374678999185562,0.7304738759994507,0.8524082899093628
stable_grasp_not_observed,0.6,back_L12_15,T8,lag2_soft_change,365,0.3665018081665039,0.03826472908258438,0.03946729749441147
stable_grasp_not_observed,0.6,back_L12_15,T9,lag1_soft_change,365,0.3908039331436157,0.03429284691810608,0.03418974205851555
stable_grasp_not_observed,0.6,back_L12_15,T9,lag1_hard_churn,365,0.13884833455085754,0.7232155203819275,0.8399920463562012
stable_grasp_not_observed,0.6,back_L12_15,T9,lag2_soft_change,365,0.36219486594200134,0.039410192519426346,0.040922317653894424
stable_grasp_not_observed,0.6,back_L12_15,T10,lag1_soft_change,365,0.4208962619304657,0.03766191750764847,0.036415617913007736
stable_grasp_not_observed,0.6,back_L12_15,T10,lag1_hard_churn,365,0.18934142589569092,0.6849076151847839,0.7971433997154236
stable_grasp_not_observed,0.6,back_L12_15,T10,lag2_soft_change,365,0.3965420722961426,0.04392862319946289,0.04475807771086693
stable_grasp_not_observed,0.7,back_L12_15,state,lag1_soft_change,365,0.18551130592823029,0.04251617565751076,0.07184503972530365
stable_grasp_not_observed,0.7,back_L12_15,state,lag1_hard_churn,365,0.21144087612628937,0.34104007482528687,0.561334490776062
stable_grasp_not_observed,0.7,back_L12_15,state,lag2_soft_change,365,0.19469362497329712,0.0595196969807148,0.10300485044717789
stable_grasp_not_observed,0.7,back_L12_15,T1,lag1_soft_change,365,0.4071384370326996,0.029948430135846138,0.03179711103439331
stable_grasp_not_observed,0.7,back_L12_15,T1,lag1_hard_churn,365,0.2504441440105438,0.635701060295105,0.7419388294219971
stable_grasp_not_observed,0.7,back_L12_15,T1,lag2_soft_change,365,0.4444109797477722,0.035478606820106506,0.03880393132567406
stable_grasp_not_observed,0.7,back_L12_15,T2,lag1_soft_change,365,0.4323391914367676,0.02892957255244255,0.030156102031469345
stable_grasp_not_observed,0.7,back_L12_15,T2,lag1_hard_churn,365,0.20504532754421234,0.6816394329071045,0.7918258309364319
stable_grasp_not_observed,0.7,back_L12_15,T2,lag2_soft_change,365,0.4312674403190613,0.03411232307553291,0.036170437932014465
stable_grasp_not_observed,0.7,back_L12_15,T3,lag1_soft_change,365,0.4299156665802002,0.02870376780629158,0.029580945149064064
stable_grasp_not_observed,0.7,back_L12_15,T3,lag1_hard_churn,365,0.19099879264831543,0.7076166272163391,0.8191182017326355
stable_grasp_not_observed,0.7,back_L12_15,T3,lag2_soft_change,365,0.4293960928916931,0.032702866941690445,0.03490177169442177
stable_grasp_not_observed,0.7,back_L12_15,T4,lag1_soft_change,365,0.4739416539669037,0.02880946360528469,0.02836768329143524
stable_grasp_not_observed,0.7,back_L12_15,T4,lag1_hard_churn,365,0.22644369304180145,0.7130046486854553,0.8152982592582703
stable_grasp_not_observed,0.7,back_L12_15,T4,lag2_soft_change,365,0.4550777077674866,0.032583460211753845,0.03340037912130356
stable_grasp_not_observed,0.7,back_L12_15,T5,lag1_soft_change,365,0.449510395526886,0.02903697080910206,0.029187791049480438
stable_grasp_not_observed,0.7,back_L12_15,T5,lag1_hard_churn,365,0.14748942852020264,0.7158458828926086,0.8375603556632996
stable_grasp_not_observed,0.7,back_L12_15,T5,lag2_soft_change,365,0.46820059418678284,0.03329911828041077,0.03371444717049599
stable_grasp_not_observed,0.7,back_L12_15,T6,lag1_soft_change,365,0.4613233506679535,0.028657615184783936,0.02877248451113701
stable_grasp_not_observed,0.7,back_L12_15,T6,lag1_hard_churn,365,0.1391679048538208,0.703444242477417,0.8302227854728699
stable_grasp_not_observed,0.7,back_L12_15,T6,lag2_soft_change,365,0.48086732625961304,0.033983901143074036,0.033569443970918655
stable_grasp_not_observed,0.7,back_L12_15,T7,lag1_soft_change,365,0.47370025515556335,0.029208123683929443,0.028749240562319756
stable_grasp_not_observed,0.7,back_L12_15,T7,lag1_hard_churn,365,0.16484376788139343,0.6997240781784058,0.8199949264526367
stable_grasp_not_observed,0.7,back_L12_15,T7,lag2_soft_change,365,0.4395352303981781,0.03363610431551933,0.03409873694181442
stable_grasp_not_observed,0.7,back_L12_15,T8,lag1_soft_change,365,0.483024924993515,0.030209165066480637,0.029276350513100624
stable_grasp_not_observed,0.7,back_L12_15,T8,lag1_hard_churn,365,0.17126701772212982,0.6895177364349365,0.8121902942657471
stable_grasp_not_observed,0.7,back_L12_15,T8,lag2_soft_change,365,0.4783077836036682,0.034464675933122635,0.03451307862997055
stable_grasp_not_observed,0.7,back_L12_15,T9,lag1_soft_change,365,0.4544317424297333,0.030735140666365623,0.03019982948899269
stable_grasp_not_observed,0.7,back_L12_15,T9,lag1_hard_churn,365,0.15997889637947083,0.6692056059837341,0.7902591824531555
stable_grasp_not_observed,0.7,back_L12_15,T9,lag2_soft_change,365,0.4418323338031769,0.03609292581677437,0.03596852347254753
stable_grasp_not_observed,0.7,back_L12_15,T10,lag1_soft_change,365,0.48505014181137085,0.033053409308195114,0.032760776579380035
stable_grasp_not_observed,0.7,back_L12_15,T10,lag1_hard_churn,365,0.1850004494190216,0.6393885612487793,0.7433436512947083
stable_grasp_not_observed,0.7,back_L12_15,T10,lag2_soft_change,365,0.46450141072273254,0.03843065723776817,0.03893159329891205
stable_grasp_not_observed,0.8,back_L12_15,state,lag1_soft_change,365,0.0822797641158104,0.03593282774090767,0.0935196727514267
stable_grasp_not_observed,0.8,back_L12_15,state,lag1_hard_churn,365,0.09733739495277405,0.31215915083885193,0.6849191784858704
stable_grasp_not_observed,0.8,back_L12_15,state,lag2_soft_change,365,0.0884241983294487,0.053683068603277206,0.11635691672563553
stable_grasp_not_observed,0.8,back_L12_15,T1,lag1_soft_change,365,0.16287551820278168,0.027614301070570946,0.04031136631965637
stable_grasp_not_observed,0.8,back_L12_15,T1,lag1_hard_churn,365,0.0715489387512207,0.6209511160850525,0.8272994160652161
stable_grasp_not_observed,0.8,back_L12_15,T1,lag2_soft_change,365,0.1949993371963501,0.03272870555520058,0.044511571526527405
stable_grasp_not_observed,0.8,back_L12_15,T2,lag1_soft_change,365,0.14525265991687775,0.025706425309181213,0.03852749243378639
stable_grasp_not_observed,0.8,back_L12_15,T2,lag1_hard_churn,365,0.06698871403932571,0.6463093757629395,0.8557531833648682
stable_grasp_not_observed,0.8,back_L12_15,T2,lag2_soft_change,365,0.18127311766147614,0.030602488666772842,0.04118197038769722
stable_grasp_not_observed,0.8,back_L12_15,T3,lag1_soft_change,365,0.15511023998260498,0.0257228072732687,0.03804021328687668
stable_grasp_not_observed,0.8,back_L12_15,T3,lag1_hard_churn,365,0.05902082845568657,0.6657702326774597,0.8666231632232666
stable_grasp_not_observed,0.8,back_L12_15,T3,lag2_soft_change,365,0.2168302834033966,0.029984978958964348,0.0393071211874485
stable_grasp_not_observed,0.8,back_L12_15,T4,lag1_soft_change,365,0.15150336921215057,0.025409674271941185,0.03763730823993683
stable_grasp_not_observed,0.8,back_L12_15,T4,lag1_hard_churn,365,0.07571932673454285,0.6756597757339478,0.8676851391792297
stable_grasp_not_observed,0.8,back_L12_15,T4,lag2_soft_change,365,0.23206500709056854,0.030123060569167137,0.03868478164076805
stable_grasp_not_observed,0.8,back_L12_15,T5,lag1_soft_change,365,0.1860252022743225,0.025811193510890007,0.037679944187402725
stable_grasp_not_observed,0.8,back_L12_15,T5,lag1_hard_churn,365,0.08187931030988693,0.6810212731361389,0.8661167025566101
stable_grasp_not_observed,0.8,back_L12_15,T5,lag2_soft_change,365,0.2339342087507248,0.03033767081797123,0.03841914236545563
stable_grasp_not_observed,0.8,back_L12_15,T6,lag1_soft_change,365,0.15702737867832184,0.025807702913880348,0.03780325874686241
stable_grasp_not_observed,0.8,back_L12_15,T6,lag1_hard_churn,365,0.06771264970302582,0.6837010979652405,0.8650375604629517
stable_grasp_not_observed,0.8,back_L12_15,T6,lag2_soft_change,365,0.21911557018756866,0.030178895220160484,0.03820515424013138
stable_grasp_not_observed,0.8,back_L12_15,T7,lag1_soft_change,365,0.1640772819519043,0.026723120361566544,0.038211800158023834
stable_grasp_not_observed,0.8,back_L12_15,T7,lag1_hard_churn,365,0.07075180113315582,0.6735100150108337,0.8672107458114624
stable_grasp_not_observed,0.8,back_L12_15,T7,lag2_soft_change,365,0.23114013671875,0.030471302568912506,0.03902602195739746
stable_grasp_not_observed,0.8,back_L12_15,T8,lag1_soft_change,365,0.17485158145427704,0.02735128067433834,0.03884793817996979
stable_grasp_not_observed,0.8,back_L12_15,T8,lag1_hard_churn,365,0.0627249926328659,0.6735517382621765,0.8613428473472595
stable_grasp_not_observed,0.8,back_L12_15,T8,lag2_soft_change,365,0.23996247351169586,0.031822577118873596,0.03967517614364624
stable_grasp_not_observed,0.8,back_L12_15,T9,lag1_soft_change,365,0.14089952409267426,0.027208976447582245,0.04107773303985596
stable_grasp_not_observed,0.8,back_L12_15,T9,lag1_hard_churn,365,0.06429758667945862,0.6440289616584778,0.8556331992149353
stable_grasp_not_observed,0.8,back_L12_15,T9,lag2_soft_change,365,0.18770556151866913,0.031736910343170166,0.04263345152139664
stable_grasp_not_observed,0.8,back_L12_15,T10,lag1_soft_change,365,0.11394400149583817,0.028935803100466728,0.04596821963787079
stable_grasp_not_observed,0.8,back_L12_15,T10,lag1_hard_churn,365,0.0825665071606636,0.5975804328918457,0.8250654935836792
stable_grasp_not_observed,0.8,back_L12_15,T10,lag2_soft_change,365,0.19408205151557922,0.035185959190130234,0.048817019909620285
stable_grasp_not_observed,0.9,back_L12_15,state,lag1_soft_change,365,0.12731973826885223,0.031212856993079185,0.07851395756006241
stable_grasp_not_observed,0.9,back_L12_15,state,lag1_hard_churn,365,0.10078016668558121,0.2844080328941345,0.6361357569694519
stable_grasp_not_observed,0.9,back_L12_15,state,lag2_soft_change,365,0.09423274546861649,0.047117237001657486,0.12020746618509293
stable_grasp_not_observed,0.9,back_L12_15,T1,lag1_soft_change,365,0.15026213228702545,0.025680378079414368,0.03802083060145378
stable_grasp_not_observed,0.9,back_L12_15,T1,lag1_hard_churn,365,0.12992405891418457,0.5897392630577087,0.778800904750824
stable_grasp_not_observed,0.9,back_L12_15,T1,lag2_soft_change,365,0.1208948865532875,0.030633999034762383,0.04734248295426369
stable_grasp_not_observed,0.9,back_L12_15,T2,lag1_soft_change,365,0.17291149497032166,0.025244757533073425,0.035176780074834824
stable_grasp_not_observed,0.9,back_L12_15,T2,lag1_hard_churn,365,0.14673054218292236,0.633212149143219,0.8038769960403442
stable_grasp_not_observed,0.9,back_L12_15,T2,lag2_soft_change,365,0.1254371702671051,0.028951864689588547,0.04307354614138603
stable_grasp_not_observed,0.9,back_L12_15,T3,lag1_soft_change,365,0.1733420342206955,0.024666590616106987,0.03390985354781151
stable_grasp_not_observed,0.9,back_L12_15,T3,lag1_hard_churn,365,0.12475793063640594,0.6549856662750244,0.8244701027870178
stable_grasp_not_observed,0.9,back_L12_15,T3,lag2_soft_change,365,0.13638074696063995,0.027581168338656425,0.04074504226446152
stable_grasp_not_observed,0.9,back_L12_15,T4,lag1_soft_change,365,0.20508217811584473,0.02451930195093155,0.03295576944947243
stable_grasp_not_observed,0.9,back_L12_15,T4,lag1_hard_churn,365,0.12131761759519577,0.6657127141952515,0.8296191096305847
stable_grasp_not_observed,0.9,back_L12_15,T4,lag2_soft_change,365,0.16054557263851166,0.02738870307803154,0.0392691045999527
stable_grasp_not_observed,0.9,back_L12_15,T5,lag1_soft_change,365,0.23125271499156952,0.025156909599900246,0.033029839396476746
stable_grasp_not_observed,0.9,back_L12_15,T5,lag1_hard_churn,365,0.14644330739974976,0.6754345893859863,0.8384976387023926
stable_grasp_not_observed,0.9,back_L12_15,T5,lag2_soft_change,365,0.17833398282527924,0.028124770149588585,0.03881565108895302
stable_grasp_not_observed,0.9,back_L12_15,T6,lag1_soft_change,365,0.22338691353797913,0.025349566712975502,0.03336739167571068
stable_grasp_not_observed,0.9,back_L12_15,T6,lag1_hard_churn,365,0.10352683067321777,0.6641351580619812,0.8396198153495789
stable_grasp_not_observed,0.9,back_L12_15,T6,lag2_soft_change,365,0.20967863500118256,0.028545288369059563,0.03878883644938469
stable_grasp_not_observed,0.9,back_L12_15,T7,lag1_soft_change,365,0.20972779393196106,0.024967584758996964,0.033709269016981125
stable_grasp_not_observed,0.9,back_L12_15,T7,lag1_hard_churn,365,0.10810866951942444,0.6513686776161194,0.8274602293968201
stable_grasp_not_observed,0.9,back_L12_15,T7,lag2_soft_change,365,0.20056381821632385,0.02846979908645153,0.03929298743605614
stable_grasp_not_observed,0.9,back_L12_15,T8,lag1_soft_change,365,0.2028333693742752,0.025604331865906715,0.03415760397911072
stable_grasp_not_observed,0.9,back_L12_15,T8,lag1_hard_churn,365,0.09754227101802826,0.6601228713989258,0.820921003818512
stable_grasp_not_observed,0.9,back_L12_15,T8,lag2_soft_change,365,0.16470658779144287,0.028329791501164436,0.040721409022808075
stable_grasp_not_observed,0.9,back_L12_15,T9,lag1_soft_change,365,0.2523918151855469,0.027296891435980797,0.035392746329307556
stable_grasp_not_observed,0.9,back_L12_15,T9,lag1_hard_churn,365,0.13523811101913452,0.6563347578048706,0.8101174831390381
stable_grasp_not_observed,0.9,back_L12_15,T9,lag2_soft_change,365,0.14207762479782104,0.029720379039645195,0.04353129863739014
stable_grasp_not_observed,0.9,back_L12_15,T10,lag1_soft_change,365,0.18280714750289917,0.027155952528119087,0.038213007152080536
stable_grasp_not_observed,0.9,back_L12_15,T10,lag1_hard_churn,365,0.12270636111497879,0.5878127813339233,0.7639163732528687
stable_grasp_not_observed,0.9,back_L12_15,T10,lag2_soft_change,365,0.12501700222492218,0.032033324241638184,0.04874294251203537
stable_grasp_not_observed,1.0,back_L12_15,state,lag1_soft_change,365,0.1680191308259964,0.03354281559586525,0.08236242830753326
stable_grasp_not_observed,1.0,back_L12_15,state,lag1_hard_churn,365,0.12037474662065506,0.28462883830070496,0.6535676121711731
stable_grasp_not_observed,1.0,back_L12_15,state,lag2_soft_change,365,0.19219613075256348,0.047520555555820465,0.10982166230678558
stable_grasp_not_observed,1.0,back_L12_15,T1,lag1_soft_change,365,0.10633398592472076,0.024856865406036377,0.04158693552017212
stable_grasp_not_observed,1.0,back_L12_15,T1,lag1_hard_churn,365,0.1159512847661972,0.5795100927352905,0.8055593967437744
stable_grasp_not_observed,1.0,back_L12_15,T1,lag2_soft_change,365,0.14107826352119446,0.029003145173192024,0.04737872630357742
stable_grasp_not_observed,1.0,back_L12_15,T2,lag1_soft_change,365,0.1084039956331253,0.02426120825111866,0.03954416513442993
stable_grasp_not_observed,1.0,back_L12_15,T2,lag1_hard_churn,365,0.11484453082084656,0.6256007552146912,0.8441672325134277
stable_grasp_not_observed,1.0,back_L12_15,T2,lag2_soft_change,365,0.12245151400566101,0.02796657755970955,0.04412827268242836
stable_grasp_not_observed,1.0,back_L12_15,T3,lag1_soft_change,365,0.1296020895242691,0.02433750405907631,0.03780200704932213
stable_grasp_not_observed,1.0,back_L12_15,T3,lag1_hard_churn,365,0.13614699244499207,0.6559934616088867,0.848824679851532
stable_grasp_not_observed,1.0,back_L12_15,T3,lag2_soft_change,365,0.12810589373111725,0.02714078687131405,0.04248976334929466
stable_grasp_not_observed,1.0,back_L12_15,T4,lag1_soft_change,365,0.12936942279338837,0.02391638047993183,0.037356313318014145
stable_grasp_not_observed,1.0,back_L12_15,T4,lag1_hard_churn,365,0.13088279962539673,0.6591982245445251,0.8624299168586731
stable_grasp_not_observed,1.0,back_L12_15,T4,lag2_soft_change,365,0.12242811918258667,0.026344118639826775,0.041428640484809875
stable_grasp_not_observed,1.0,back_L12_15,T5,lag1_soft_change,365,0.13292986154556274,0.024856844916939735,0.038345735520124435
stable_grasp_not_observed,1.0,back_L12_15,T5,lag1_hard_churn,365,0.10117743164300919,0.6673170328140259,0.8680798411369324
stable_grasp_not_observed,1.0,back_L12_15,T5,lag2_soft_change,365,0.1445169597864151,0.0280019361525774,0.04168849438428879
stable_grasp_not_observed,1.0,back_L12_15,T6,lag1_soft_change,365,0.12430191040039062,0.024748345836997032,0.039354536682367325
stable_grasp_not_observed,1.0,back_L12_15,T6,lag1_hard_churn,365,0.09830071777105331,0.669841468334198,0.8751718401908875
stable_grasp_not_observed,1.0,back_L12_15,T6,lag2_soft_change,365,0.12135691195726395,0.027695849537849426,0.042259473353624344
stable_grasp_not_observed,1.0,back_L12_15,T7,lag1_soft_change,365,0.10123025625944138,0.025372952222824097,0.040503766387701035
stable_grasp_not_observed,1.0,back_L12_15,T7,lag1_hard_churn,365,0.0962122231721878,0.6722733378410339,0.8717902302742004
stable_grasp_not_observed,1.0,back_L12_15,T7,lag2_soft_change,365,0.1283283531665802,0.028374990448355675,0.04323049634695053
stable_grasp_not_observed,1.0,back_L12_15,T8,lag1_soft_change,365,0.09243951737880707,0.025399599224328995,0.04160002991557121
stable_grasp_not_observed,1.0,back_L12_15,T8,lag1_hard_churn,365,0.11529898643493652,0.6646203398704529,0.8601451516151428
stable_grasp_not_observed,1.0,back_L12_15,T8,lag2_soft_change,365,0.12361067533493042,0.028741303831338882,0.0443914458155632
stable_grasp_not_observed,1.0,back_L12_15,T9,lag1_soft_change,365,0.09485375136137009,0.026207106187939644,0.04424251243472099
stable_grasp_not_observed,1.0,back_L12_15,T9,lag1_hard_churn,365,0.12880799174308777,0.6482413411140442,0.8434022068977356
stable_grasp_not_observed,1.0,back_L12_15,T9,lag2_soft_change,365,0.12090685963630676,0.030518043786287308,0.04689998924732208
stable_grasp_not_observed,1.0,back_L12_15,T10,lag1_soft_change,365,0.08689774572849274,0.027727315202355385,0.04971540346741676
stable_grasp_not_observed,1.0,back_L12_15,T10,lag1_hard_churn,365,0.11963266879320145,0.5999986529350281,0.8220065236091614
stable_grasp_not_observed,1.0,back_L12_15,T10,lag2_soft_change,365,0.10167727619409561,0.031807877123355865,0.05284186080098152
object_moved_but_goal_unmet,0.1,back_L12_15,state,lag1_soft_change,190,0.5822890996932983,0.09545817971229553,0.09609832614660263
object_moved_but_goal_unmet,0.1,back_L12_15,state,lag1_hard_churn,190,0.4608229100704193,0.6338254809379578,0.6563531756401062
object_moved_but_goal_unmet,0.1,back_L12_15,state,lag2_soft_change,190,0.46119046211242676,0.12346214801073074,0.12652303278446198
object_moved_but_goal_unmet,0.1,back_L12_15,T1,lag1_soft_change,190,0.39472800493240356,0.037974391132593155,0.03995010629296303
object_moved_but_goal_unmet,0.1,back_L12_15,T1,lag1_hard_churn,190,0.39813703298568726,0.8099756240844727,0.82962965965271
object_moved_but_goal_unmet,0.1,back_L12_15,T1,lag2_soft_change,190,0.2533537745475769,0.04433566704392433,0.04740704968571663
object_moved_but_goal_unmet,0.1,back_L12_15,T2,lag1_soft_change,190,0.4071735441684723,0.03670567646622658,0.03776117041707039
object_moved_but_goal_unmet,0.1,back_L12_15,T2,lag1_hard_churn,190,0.5020379424095154,0.8467589616775513,0.8478291034698486
object_moved_but_goal_unmet,0.1,back_L12_15,T2,lag2_soft_change,190,0.30239349603652954,0.0418427400290966,0.044484905898571014
object_moved_but_goal_unmet,0.1,back_L12_15,T3,lag1_soft_change,190,0.4415760636329651,0.03599007800221443,0.036783408373594284
object_moved_but_goal_unmet,0.1,back_L12_15,T3,lag1_hard_churn,190,0.5253044366836548,0.8717203140258789,0.8709548711776733
object_moved_but_goal_unmet,0.1,back_L12_15,T3,lag2_soft_change,190,0.29438143968582153,0.03983205929398537,0.04237978905439377
object_moved_but_goal_unmet,0.1,back_L12_15,T4,lag1_soft_change,190,0.47216150164604187,0.03525041788816452,0.03564860671758652
object_moved_but_goal_unmet,0.1,back_L12_15,T4,lag1_hard_churn,190,0.5448575615882874,0.8702840805053711,0.873917818069458
object_moved_but_goal_unmet,0.1,back_L12_15,T4,lag2_soft_change,190,0.33786532282829285,0.038729336112737656,0.04056194797158241
object_moved_but_goal_unmet,0.1,back_L12_15,T5,lag1_soft_change,190,0.5177889466285706,0.035735055804252625,0.03504590317606926
object_moved_but_goal_unmet,0.1,back_L12_15,T5,lag1_hard_churn,190,0.5428501963615417,0.8714726567268372,0.8741998076438904
object_moved_but_goal_unmet,0.1,back_L12_15,T5,lag2_soft_change,190,0.38666993379592896,0.03791522607207298,0.03912423178553581
object_moved_but_goal_unmet,0.1,back_L12_15,T6,lag1_soft_change,190,0.5071911215782166,0.03558805212378502,0.03501921519637108
object_moved_but_goal_unmet,0.1,back_L12_15,T6,lag1_hard_churn,190,0.4781801700592041,0.8637110590934753,0.8762470483779907
object_moved_but_goal_unmet,0.1,back_L12_15,T6,lag2_soft_change,190,0.43556278944015503,0.03858037292957306,0.039217837154865265
object_moved_but_goal_unmet,0.1,back_L12_15,T7,lag1_soft_change,190,0.583164393901825,0.036575328558683395,0.03510219231247902
object_moved_but_goal_unmet,0.1,back_L12_15,T7,lag1_hard_churn,190,0.4586746096611023,0.8622500896453857,0.870768666267395
object_moved_but_goal_unmet,0.1,back_L12_15,T7,lag2_soft_change,190,0.4428309500217438,0.039535295218229294,0.03981013968586922
object_moved_but_goal_unmet,0.1,back_L12_15,T8,lag1_soft_change,190,0.610757052898407,0.037128839641809464,0.03550461307168007
object_moved_but_goal_unmet,0.1,back_L12_15,T8,lag1_hard_churn,190,0.5414658188819885,0.8592431545257568,0.8634113669395447
object_moved_but_goal_unmet,0.1,back_L12_15,T8,lag2_soft_change,190,0.3961319029331207,0.039942651987075806,0.04063214361667633
object_moved_but_goal_unmet,0.1,back_L12_15,T9,lag1_soft_change,190,0.5948380827903748,0.038250312209129333,0.03675875440239906
object_moved_but_goal_unmet,0.1,back_L12_15,T9,lag1_hard_churn,190,0.47019344568252563,0.8456436395645142,0.8525048494338989
object_moved_but_goal_unmet,0.1,back_L12_15,T9,lag2_soft_change,190,0.4579612612724304,0.04208719730377197,0.0425046868622303
object_moved_but_goal_unmet,0.1,back_L12_15,T10,lag1_soft_change,190,0.6304730772972107,0.042417917400598526,0.039013586938381195
object_moved_but_goal_unmet,0.1,back_L12_15,T10,lag1_hard_churn,190,0.5201486945152283,0.8211958408355713,0.8212755918502808
object_moved_but_goal_unmet,0.1,back_L12_15,T10,lag2_soft_change,190,0.5039862394332886,0.046796225011348724,0.046668633818626404
object_moved_but_goal_unmet,0.2,back_L12_15,state,lag1_soft_change,190,0.4573727548122406,0.09073381870985031,0.09374003857374191
object_moved_but_goal_unmet,0.2,back_L12_15,state,lag1_hard_churn,190,0.5421060919761658,0.6356128454208374,0.6398539543151855
object_moved_but_goal_unmet,0.2,back_L12_15,state,lag2_soft_change,190,0.40639376640319824,0.11705299466848373,0.12304329872131348
object_moved_but_goal_unmet,0.2,back_L12_15,T1,lag1_soft_change,190,0.6855815649032593,0.04122144728899002,0.03628656640648842
object_moved_but_goal_unmet,0.2,back_L12_15,T1,lag1_hard_churn,190,0.5673573017120361,0.8096463680267334,0.7964466214179993
object_moved_but_goal_unmet,0.2,back_L12_15,T1,lag2_soft_change,190,0.5744365453720093,0.0443597175180912,0.04324992746114731
object_moved_but_goal_unmet,0.2,back_L12_15,T2,lag1_soft_change,190,0.7008456587791443,0.03915931284427643,0.03470697999000549
object_moved_but_goal_unmet,0.2,back_L12_15,T2,lag1_hard_churn,190,0.5632086396217346,0.8395291566848755,0.8369460105895996
object_moved_but_goal_unmet,0.2,back_L12_15,T2,lag2_soft_change,190,0.5902283787727356,0.04123333841562271,0.040177274495363235
object_moved_but_goal_unmet,0.2,back_L12_15,T3,lag1_soft_change,190,0.6644271612167358,0.03804198279976845,0.03398013859987259
object_moved_but_goal_unmet,0.2,back_L12_15,T3,lag1_hard_churn,190,0.49454933404922485,0.849069356918335,0.8583298325538635
object_moved_but_goal_unmet,0.2,back_L12_15,T3,lag2_soft_change,190,0.5707528591156006,0.03926849737763405,0.038073815405368805
object_moved_but_goal_unmet,0.2,back_L12_15,T4,lag1_soft_change,190,0.7072473764419556,0.03736133873462677,0.03321785479784012
object_moved_but_goal_unmet,0.2,back_L12_15,T4,lag1_hard_churn,190,0.5193997621536255,0.8520393967628479,0.8552935123443604
object_moved_but_goal_unmet,0.2,back_L12_15,T4,lag2_soft_change,190,0.6139566898345947,0.03835390508174896,0.03690731152892113
object_moved_but_goal_unmet,0.2,back_L12_15,T5,lag1_soft_change,190,0.6722304224967957,0.03793025389313698,0.03381340950727463
object_moved_but_goal_unmet,0.2,back_L12_15,T5,lag1_hard_churn,190,0.5110701322555542,0.8564478754997253,0.8680024147033691
object_moved_but_goal_unmet,0.2,back_L12_15,T5,lag2_soft_change,190,0.6675238609313965,0.039392370730638504,0.03657088056206703
object_moved_but_goal_unmet,0.2,back_L12_15,T6,lag1_soft_change,190,0.7243534326553345,0.03865627944469452,0.033625561743974686
object_moved_but_goal_unmet,0.2,back_L12_15,T6,lag1_hard_churn,190,0.47344473004341125,0.8614383339881897,0.8684705495834351
object_moved_but_goal_unmet,0.2,back_L12_15,T6,lag2_soft_change,190,0.7057265639305115,0.03996014595031738,0.036565665155649185
object_moved_but_goal_unmet,0.2,back_L12_15,T7,lag1_soft_change,190,0.6707095503807068,0.03867596387863159,0.034041449427604675
object_moved_but_goal_unmet,0.2,back_L12_15,T7,lag1_hard_churn,190,0.4366183578968048,0.8531092405319214,0.868079662322998
object_moved_but_goal_unmet,0.2,back_L12_15,T7,lag2_soft_change,190,0.6580027341842651,0.040279798209667206,0.03719951584935188
object_moved_but_goal_unmet,0.2,back_L12_15,T8,lag1_soft_change,190,0.7013898491859436,0.041102733463048935,0.035210881382226944
object_moved_but_goal_unmet,0.2,back_L12_15,T8,lag1_hard_churn,190,0.49467772245407104,0.8518879413604736,0.857043445110321
object_moved_but_goal_unmet,0.2,back_L12_15,T8,lag2_soft_change,190,0.6889405250549316,0.04250714182853699,0.03832429647445679
object_moved_but_goal_unmet,0.2,back_L12_15,T9,lag1_soft_change,190,0.7271147966384888,0.04292555898427963,0.035981759428977966
object_moved_but_goal_unmet,0.2,back_L12_15,T9,lag1_hard_churn,190,0.540274977684021,0.8385887742042542,0.8336864113807678
object_moved_but_goal_unmet,0.2,back_L12_15,T9,lag2_soft_change,190,0.696102499961853,0.045107267796993256,0.03988908603787422
object_moved_but_goal_unmet,0.2,back_L12_15,T10,lag1_soft_change,190,0.6974166035652161,0.04744177311658859,0.04015699774026871
object_moved_but_goal_unmet,0.2,back_L12_15,T10,lag1_hard_churn,190,0.5465304851531982,0.8081461191177368,0.8005840182304382
object_moved_but_goal_unmet,0.2,back_L12_15,T10,lag2_soft_change,190,0.6856744885444641,0.049860525876283646,0.04532990604639053
object_moved_but_goal_unmet,0.3,back_L12_15,state,lag1_soft_change,190,0.4378487765789032,0.0974438339471817,0.10205445438623428
object_moved_but_goal_unmet,0.3,back_L12_15,state,lag1_hard_churn,190,0.45900145173072815,0.6718420386314392,0.7001010179519653
object_moved_but_goal_unmet,0.3,back_L12_15,state,lag2_soft_change,190,0.49777358770370483,0.12708674371242523,0.1298360973596573
object_moved_but_goal_unmet,0.3,back_L12_15,T1,lag1_soft_change,190,0.5141729116439819,0.04552993178367615,0.042605482041835785
object_moved_but_goal_unmet,0.3,back_L12_15,T1,lag1_hard_churn,190,0.4542537033557892,0.8112972974777222,0.8270207643508911
object_moved_but_goal_unmet,0.3,back_L12_15,T1,lag2_soft_change,190,0.649027943611145,0.051352109760046005,0.04721461981534958
object_moved_but_goal_unmet,0.3,back_L12_15,T2,lag1_soft_change,190,0.5043692588806152,0.04250182956457138,0.04022907465696335
object_moved_but_goal_unmet,0.3,back_L12_15,T2,lag1_hard_churn,190,0.43129676580429077,0.8378540873527527,0.8572242856025696
object_moved_but_goal_unmet,0.3,back_L12_15,T2,lag2_soft_change,190,0.6307681798934937,0.046550292521715164,0.043328285217285156
object_moved_but_goal_unmet,0.3,back_L12_15,T3,lag1_soft_change,190,0.4991190731525421,0.040744781494140625,0.039122324436903
object_moved_but_goal_unmet,0.3,back_L12_15,T3,lag1_hard_churn,190,0.4609760344028473,0.8531956672668457,0.8641775250434875
object_moved_but_goal_unmet,0.3,back_L12_15,T3,lag2_soft_change,190,0.6164360642433167,0.04420081526041031,0.041315581649541855
object_moved_but_goal_unmet,0.3,back_L12_15,T4,lag1_soft_change,190,0.4913497269153595,0.039582155644893646,0.03857588395476341
object_moved_but_goal_unmet,0.3,back_L12_15,T4,lag1_hard_churn,190,0.49634504318237305,0.8665248155593872,0.8682445883750916
object_moved_but_goal_unmet,0.3,back_L12_15,T4,lag2_soft_change,190,0.6106810569763184,0.04300395026803017,0.040553294122219086
object_moved_but_goal_unmet,0.3,back_L12_15,T5,lag1_soft_change,190,0.4720347225666046,0.038682468235492706,0.038689643144607544
object_moved_but_goal_unmet,0.3,back_L12_15,T5,lag1_hard_churn,190,0.47383734583854675,0.8641284108161926,0.8730942606925964
object_moved_but_goal_unmet,0.3,back_L12_15,T5,lag2_soft_change,190,0.5620056390762329,0.04222813621163368,0.040764983743429184
object_moved_but_goal_unmet,0.3,back_L12_15,T6,lag1_soft_change,190,0.4400264620780945,0.03855052590370178,0.03932984918355942
object_moved_but_goal_unmet,0.3,back_L12_15,T6,lag1_hard_churn,190,0.42603176832199097,0.8603928685188293,0.8740665912628174
object_moved_but_goal_unmet,0.3,back_L12_15,T6,lag2_soft_change,190,0.49331963062286377,0.04203929007053375,0.0415227934718132
object_moved_but_goal_unmet,0.3,back_L12_15,T7,lag1_soft_change,190,0.46326228976249695,0.03853887319564819,0.03977220132946968
object_moved_but_goal_unmet,0.3,back_L12_15,T7,lag1_hard_churn,190,0.4420277774333954,0.8569231629371643,0.8710746169090271
object_moved_but_goal_unmet,0.3,back_L12_15,T7,lag2_soft_change,190,0.5422691106796265,0.04312174767255783,0.04209151491522789
object_moved_but_goal_unmet,0.3,back_L12_15,T8,lag1_soft_change,190,0.42934882640838623,0.03974934294819832,0.041215963661670685
object_moved_but_goal_unmet,0.3,back_L12_15,T8,lag1_hard_churn,190,0.44388097524642944,0.8549973368644714,0.8658620715141296
object_moved_but_goal_unmet,0.3,back_L12_15,T8,lag2_soft_change,190,0.5206719040870667,0.04414571821689606,0.04360736533999443
object_moved_but_goal_unmet,0.3,back_L12_15,T9,lag1_soft_change,190,0.3908001482486725,0.04056556150317192,0.04317095875740051
object_moved_but_goal_unmet,0.3,back_L12_15,T9,lag1_hard_churn,190,0.4425884187221527,0.83692467212677,0.854291558265686
object_moved_but_goal_unmet,0.3,back_L12_15,T9,lag2_soft_change,190,0.5165874361991882,0.046650294214487076,0.046640507876873016
object_moved_but_goal_unmet,0.3,back_L12_15,T10,lag1_soft_change,190,0.3738703727722168,0.04419867694377899,0.04747781157493591
object_moved_but_goal_unmet,0.3,back_L12_15,T10,lag1_hard_churn,190,0.4067975580692291,0.7974702715873718,0.8231430649757385
object_moved_but_goal_unmet,0.3,back_L12_15,T10,lag2_soft_change,190,0.4978465735912323,0.05159464851021767,0.05269819498062134
object_moved_but_goal_unmet,0.4,back_L12_15,state,lag1_soft_change,190,0.5100151896476746,0.09408427029848099,0.09806699305772781
object_moved_but_goal_unmet,0.4,back_L12_15,state,lag1_hard_churn,190,0.4581165611743927,0.6563451290130615,0.6858999133110046
object_moved_but_goal_unmet,0.4,back_L12_15,state,lag2_soft_change,190,0.4551834762096405,0.12415691465139389,0.13005077838897705
object_moved_but_goal_unmet,0.4,back_L12_15,T1,lag1_soft_change,190,0.5198636054992676,0.04402090236544609,0.044958941638469696
object_moved_but_goal_unmet,0.4,back_L12_15,T1,lag1_hard_churn,190,0.44502779841423035,0.8126423358917236,0.8240479826927185
object_moved_but_goal_unmet,0.4,back_L12_15,T1,lag2_soft_change,190,0.5475784540176392,0.05081144720315933,0.05080956593155861
object_moved_but_goal_unmet,0.4,back_L12_15,T2,lag1_soft_change,190,0.5350720882415771,0.0409911684691906,0.04187432676553726
object_moved_but_goal_unmet,0.4,back_L12_15,T2,lag1_hard_churn,190,0.4375254213809967,0.8344125747680664,0.8441016674041748
object_moved_but_goal_unmet,0.4,back_L12_15,T2,lag2_soft_change,190,0.5726655721664429,0.04671274498105049,0.04611454904079437
object_moved_but_goal_unmet,0.4,back_L12_15,T3,lag1_soft_change,190,0.5529859066009521,0.039307162165641785,0.039984218776226044
object_moved_but_goal_unmet,0.4,back_L12_15,T3,lag1_hard_churn,190,0.4601205885410309,0.846942126750946,0.8594765067100525
object_moved_but_goal_unmet,0.4,back_L12_15,T3,lag2_soft_change,190,0.5481417775154114,0.04423319548368454,0.04370679333806038
object_moved_but_goal_unmet,0.4,back_L12_15,T4,lag1_soft_change,190,0.5462380051612854,0.03870004788041115,0.03972712159156799
object_moved_but_goal_unmet,0.4,back_L12_15,T4,lag1_hard_churn,190,0.4122277498245239,0.8531067967414856,0.8701798319816589
object_moved_but_goal_unmet,0.4,back_L12_15,T4,lag2_soft_change,190,0.5438886284828186,0.04303907975554466,0.042399391531944275
object_moved_but_goal_unmet,0.4,back_L12_15,T5,lag1_soft_change,190,0.544350802898407,0.03891947492957115,0.03962459787726402
object_moved_but_goal_unmet,0.4,back_L12_15,T5,lag1_hard_churn,190,0.42020082473754883,0.8565822243690491,0.873464822769165
object_moved_but_goal_unmet,0.4,back_L12_15,T5,lag2_soft_change,190,0.5778914093971252,0.04244760796427727,0.041873905807733536
object_moved_but_goal_unmet,0.4,back_L12_15,T6,lag1_soft_change,190,0.5134502649307251,0.038518909364938736,0.040378388017416
object_moved_but_goal_unmet,0.4,back_L12_15,T6,lag1_hard_churn,190,0.3784404695034027,0.8500030636787415,0.8747050166130066
object_moved_but_goal_unmet,0.4,back_L12_15,T6,lag2_soft_change,190,0.5699386596679688,0.042425487190485,0.042251136153936386
object_moved_but_goal_unmet,0.4,back_L12_15,T7,lag1_soft_change,190,0.5122181177139282,0.03908431529998779,0.040840402245521545
object_moved_but_goal_unmet,0.4,back_L12_15,T7,lag1_hard_churn,190,0.43295302987098694,0.8491617441177368,0.8663918972015381
object_moved_but_goal_unmet,0.4,back_L12_15,T7,lag2_soft_change,190,0.5265514254570007,0.0430130697786808,0.04312244802713394
object_moved_but_goal_unmet,0.4,back_L12_15,T8,lag1_soft_change,190,0.562549889087677,0.04054952785372734,0.04170667380094528
object_moved_but_goal_unmet,0.4,back_L12_15,T8,lag1_hard_churn,190,0.43878719210624695,0.8500757217407227,0.8651730418205261
object_moved_but_goal_unmet,0.4,back_L12_15,T8,lag2_soft_change,190,0.5211897492408752,0.044169019907712936,0.044377852231264114
object_moved_but_goal_unmet,0.4,back_L12_15,T9,lag1_soft_change,190,0.5809121131896973,0.04223836958408356,0.04283390939235687
object_moved_but_goal_unmet,0.4,back_L12_15,T9,lag1_hard_churn,190,0.4517614245414734,0.8356674909591675,0.8524304032325745
object_moved_but_goal_unmet,0.4,back_L12_15,T9,lag2_soft_change,190,0.5267124772071838,0.04639992117881775,0.0469265878200531
object_moved_but_goal_unmet,0.4,back_L12_15,T10,lag1_soft_change,190,0.5295187830924988,0.04561947286128998,0.04671347141265869
object_moved_but_goal_unmet,0.4,back_L12_15,T10,lag1_hard_churn,190,0.43127697706222534,0.8007195591926575,0.8163967132568359
object_moved_but_goal_unmet,0.4,back_L12_15,T10,lag2_soft_change,190,0.4948355555534363,0.05126454308629036,0.051997873932123184
object_moved_but_goal_unmet,0.5,back_L12_15,state,lag1_soft_change,190,0.22929435968399048,0.0836753323674202,0.10899735242128372
object_moved_but_goal_unmet,0.5,back_L12_15,state,lag1_hard_churn,190,0.21947868168354034,0.601051390171051,0.7517173290252686
object_moved_but_goal_unmet,0.5,back_L12_15,state,lag2_soft_change,190,0.23342382907867432,0.11221591383218765,0.1362406611442566
object_moved_but_goal_unmet,0.5,back_L12_15,T1,lag1_soft_change,190,0.27570435404777527,0.039159055799245834,0.0493788868188858
object_moved_but_goal_unmet,0.5,back_L12_15,T1,lag1_hard_churn,190,0.24576078355312347,0.7625595927238464,0.8395254015922546
object_moved_but_goal_unmet,0.5,back_L12_15,T1,lag2_soft_change,190,0.32057514786720276,0.0456269271671772,0.05227021127939224
object_moved_but_goal_unmet,0.5,back_L12_15,T2,lag1_soft_change,190,0.2800222933292389,0.03731898218393326,0.04587949439883232
object_moved_but_goal_unmet,0.5,back_L12_15,T2,lag1_hard_churn,190,0.22700881958007812,0.8036078214645386,0.8731721639633179
object_moved_but_goal_unmet,0.5,back_L12_15,T2,lag2_soft_change,190,0.3618752360343933,0.04262987896800041,0.04726797342300415
object_moved_but_goal_unmet,0.5,back_L12_15,T3,lag1_soft_change,190,0.28658008575439453,0.03613399714231491,0.043526966124773026
object_moved_but_goal_unmet,0.5,back_L12_15,T3,lag1_hard_churn,190,0.21175703406333923,0.8169447779655457,0.8850370049476624
object_moved_but_goal_unmet,0.5,back_L12_15,T3,lag2_soft_change,190,0.3721637427806854,0.040628474205732346,0.044417671859264374
object_moved_but_goal_unmet,0.5,back_L12_15,T4,lag1_soft_change,190,0.2784886062145233,0.035170260816812515,0.04224685952067375
object_moved_but_goal_unmet,0.5,back_L12_15,T4,lag1_hard_churn,190,0.23048382997512817,0.8166372179985046,0.8865538239479065
object_moved_but_goal_unmet,0.5,back_L12_15,T4,lag2_soft_change,190,0.36589232087135315,0.03945968672633171,0.04289815202355385
object_moved_but_goal_unmet,0.5,back_L12_15,T5,lag1_soft_change,190,0.2790617346763611,0.034847524017095566,0.04197614639997482
object_moved_but_goal_unmet,0.5,back_L12_15,T5,lag1_hard_churn,190,0.20989030599594116,0.8220344185829163,0.8895764946937561
object_moved_but_goal_unmet,0.5,back_L12_15,T5,lag2_soft_change,190,0.35365021228790283,0.03949106112122536,0.04227650910615921
object_moved_but_goal_unmet,0.5,back_L12_15,T6,lag1_soft_change,190,0.27189093828201294,0.03496140241622925,0.04232078418135643
object_moved_but_goal_unmet,0.5,back_L12_15,T6,lag1_hard_churn,190,0.23620083928108215,0.8236134052276611,0.8895136713981628
object_moved_but_goal_unmet,0.5,back_L12_15,T6,lag2_soft_change,190,0.3470531404018402,0.039076436311006546,0.04307674616575241
object_moved_but_goal_unmet,0.5,back_L12_15,T7,lag1_soft_change,190,0.2768917977809906,0.035336609929800034,0.04243464767932892
object_moved_but_goal_unmet,0.5,back_L12_15,T7,lag1_hard_churn,190,0.27894899249076843,0.8180519342422485,0.8785834908485413
object_moved_but_goal_unmet,0.5,back_L12_15,T7,lag2_soft_change,190,0.2921712398529053,0.03935393691062927,0.04406308755278587
object_moved_but_goal_unmet,0.5,back_L12_15,T8,lag1_soft_change,190,0.24858538806438446,0.03603309765458107,0.0430624894797802
object_moved_but_goal_unmet,0.5,back_L12_15,T8,lag1_hard_churn,190,0.21683521568775177,0.8076992630958557,0.8770068287849426
object_moved_but_goal_unmet,0.5,back_L12_15,T8,lag2_soft_change,190,0.3292687237262726,0.04093522951006889,0.04537271708250046
object_moved_but_goal_unmet,0.5,back_L12_15,T9,lag1_soft_change,190,0.26187795400619507,0.037753067910671234,0.04458389803767204
object_moved_but_goal_unmet,0.5,back_L12_15,T9,lag1_hard_churn,190,0.1986134946346283,0.8037530779838562,0.8709263205528259
object_moved_but_goal_unmet,0.5,back_L12_15,T9,lag2_soft_change,190,0.31454500555992126,0.04301783815026283,0.047670651227235794
object_moved_but_goal_unmet,0.5,back_L12_15,T10,lag1_soft_change,190,0.2618389427661896,0.04064813256263733,0.04875947907567024
object_moved_but_goal_unmet,0.5,back_L12_15,T10,lag1_hard_churn,190,0.19246268272399902,0.7654054164886475,0.8424586057662964
object_moved_but_goal_unmet,0.5,back_L12_15,T10,lag2_soft_change,190,0.27339065074920654,0.04651850834488869,0.05323950946331024
object_moved_but_goal_unmet,0.6,back_L12_15,state,lag1_soft_change,190,0.2507459819316864,0.07089122384786606,0.09495162218809128
object_moved_but_goal_unmet,0.6,back_L12_15,state,lag1_hard_churn,190,0.29603520035743713,0.5323411822319031,0.6675978302955627
object_moved_but_goal_unmet,0.6,back_L12_15,state,lag2_soft_change,190,0.19102713465690613,0.0927700474858284,0.12794683873653412
object_moved_but_goal_unmet,0.6,back_L12_15,T1,lag1_soft_change,190,0.33116310834884644,0.03893306478857994,0.04285522177815437
object_moved_but_goal_unmet,0.6,back_L12_15,T1,lag1_hard_churn,190,0.2009965032339096,0.7126601338386536,0.8240282535552979
object_moved_but_goal_unmet,0.6,back_L12_15,T1,lag2_soft_change,190,0.31817880272865295,0.04376322031021118,0.04972648620605469
object_moved_but_goal_unmet,0.6,back_L12_15,T2,lag1_soft_change,190,0.34026506543159485,0.036830492317676544,0.03975652903318405
object_moved_but_goal_unmet,0.6,back_L12_15,T2,lag1_hard_churn,190,0.21149525046348572,0.749071478843689,0.8566249012947083
object_moved_but_goal_unmet,0.6,back_L12_15,T2,lag2_soft_change,190,0.3447451889514923,0.04078134894371033,0.04522372782230377
object_moved_but_goal_unmet,0.6,back_L12_15,T3,lag1_soft_change,190,0.3569214642047882,0.0357653982937336,0.038108207285404205
object_moved_but_goal_unmet,0.6,back_L12_15,T3,lag1_hard_churn,190,0.2089787721633911,0.7670685052871704,0.8697283864021301
object_moved_but_goal_unmet,0.6,back_L12_15,T3,lag2_soft_change,190,0.3575021028518677,0.03906514495611191,0.04267456755042076
object_moved_but_goal_unmet,0.6,back_L12_15,T4,lag1_soft_change,190,0.3622979521751404,0.03528066352009773,0.03722374886274338
object_moved_but_goal_unmet,0.6,back_L12_15,T4,lag1_hard_churn,190,0.19787263870239258,0.7750498056411743,0.8792502880096436
object_moved_but_goal_unmet,0.6,back_L12_15,T4,lag2_soft_change,190,0.35838261246681213,0.038488637655973434,0.041358835995197296
object_moved_but_goal_unmet,0.6,back_L12_15,T5,lag1_soft_change,190,0.34045112133026123,0.03465994819998741,0.03707177937030792
object_moved_but_goal_unmet,0.6,back_L12_15,T5,lag1_hard_churn,190,0.1622283160686493,0.7757130861282349,0.8821508288383484
object_moved_but_goal_unmet,0.6,back_L12_15,T5,lag2_soft_change,190,0.36541542410850525,0.03800326585769653,0.040647242218256
object_moved_but_goal_unmet,0.6,back_L12_15,T6,lag1_soft_change,190,0.37958645820617676,0.03543571010231972,0.03705304116010666
object_moved_but_goal_unmet,0.6,back_L12_15,T6,lag1_hard_churn,190,0.15084388852119446,0.7799481749534607,0.8837404847145081
object_moved_but_goal_unmet,0.6,back_L12_15,T6,lag2_soft_change,190,0.37805765867233276,0.037598397582769394,0.040780093520879745
object_moved_but_goal_unmet,0.6,back_L12_15,T7,lag1_soft_change,190,0.42197301983833313,0.03605771064758301,0.03706967830657959
object_moved_but_goal_unmet,0.6,back_L12_15,T7,lag1_hard_churn,190,0.17070232331752777,0.7736231088638306,0.8751296401023865
object_moved_but_goal_unmet,0.6,back_L12_15,T7,lag2_soft_change,190,0.3960123062133789,0.03867558017373085,0.0415450744330883
object_moved_but_goal_unmet,0.6,back_L12_15,T8,lag1_soft_change,190,0.42406386137008667,0.03632790595293045,0.037457190454006195
object_moved_but_goal_unmet,0.6,back_L12_15,T8,lag1_hard_churn,190,0.15054911375045776,0.7641842365264893,0.8689600825309753
object_moved_but_goal_unmet,0.6,back_L12_15,T8,lag2_soft_change,190,0.3696199059486389,0.039684321731328964,0.042429983615875244
object_moved_but_goal_unmet,0.6,back_L12_15,T9,lag1_soft_change,190,0.38271385431289673,0.03749256953597069,0.03870706632733345
object_moved_but_goal_unmet,0.6,back_L12_15,T9,lag1_hard_churn,190,0.14946600794792175,0.7508867979049683,0.8639841079711914
object_moved_but_goal_unmet,0.6,back_L12_15,T9,lag2_soft_change,190,0.37321826815605164,0.041386786848306656,0.0441063717007637
object_moved_but_goal_unmet,0.6,back_L12_15,T10,lag1_soft_change,190,0.4187321662902832,0.04099535569548607,0.042063940316438675
object_moved_but_goal_unmet,0.6,back_L12_15,T10,lag1_hard_churn,190,0.16433647274971008,0.7102654576301575,0.8251721262931824
object_moved_but_goal_unmet,0.6,back_L12_15,T10,lag2_soft_change,190,0.40737131237983704,0.046010822057724,0.048755958676338196
object_moved_but_goal_unmet,0.7,back_L12_15,state,lag1_soft_change,190,0.3379615843296051,0.06442709267139435,0.08701644837856293
object_moved_but_goal_unmet,0.7,back_L12_15,state,lag1_hard_churn,190,0.3660484850406647,0.49580103158950806,0.6314963698387146
object_moved_but_goal_unmet,0.7,back_L12_15,state,lag2_soft_change,190,0.2531746029853821,0.08760634809732437,0.11971927434206009
object_moved_but_goal_unmet,0.7,back_L12_15,T1,lag1_soft_change,190,0.42359650135040283,0.036740705370903015,0.037993963807821274
object_moved_but_goal_unmet,0.7,back_L12_15,T1,lag1_hard_churn,190,0.2738824188709259,0.6948971152305603,0.797340452671051
object_moved_but_goal_unmet,0.7,back_L12_15,T1,lag2_soft_change,190,0.5022598505020142,0.04375466704368591,0.04478809982538223
object_moved_but_goal_unmet,0.7,back_L12_15,T2,lag1_soft_change,190,0.46238699555397034,0.03548746183514595,0.03547963500022888
object_moved_but_goal_unmet,0.7,back_L12_15,T2,lag1_hard_churn,190,0.25979533791542053,0.7333778738975525,0.8328676819801331
object_moved_but_goal_unmet,0.7,back_L12_15,T2,lag2_soft_change,190,0.5252965688705444,0.04123816639184952,0.041159842163324356
object_moved_but_goal_unmet,0.7,back_L12_15,T3,lag1_soft_change,190,0.45054304599761963,0.034640833735466,0.03401578590273857
object_moved_but_goal_unmet,0.7,back_L12_15,T3,lag1_hard_churn,190,0.23586884140968323,0.7469857335090637,0.8489037752151489
object_moved_but_goal_unmet,0.7,back_L12_15,T3,lag2_soft_change,190,0.5145530700683594,0.03914092108607292,0.03921186923980713
object_moved_but_goal_unmet,0.7,back_L12_15,T4,lag1_soft_change,190,0.4951503574848175,0.03407331183552742,0.0325305350124836
object_moved_but_goal_unmet,0.7,back_L12_15,T4,lag1_hard_churn,190,0.26802003383636475,0.7566806077957153,0.8464358448982239
object_moved_but_goal_unmet,0.7,back_L12_15,T4,lag2_soft_change,190,0.5444319248199463,0.03807274252176285,0.03789588436484337
object_moved_but_goal_unmet,0.7,back_L12_15,T5,lag1_soft_change,190,0.5067168474197388,0.03414019197225571,0.03271571174263954
object_moved_but_goal_unmet,0.7,back_L12_15,T5,lag1_hard_churn,190,0.2350246161222458,0.7595428228378296,0.8586567640304565
object_moved_but_goal_unmet,0.7,back_L12_15,T5,lag2_soft_change,190,0.5426733493804932,0.038261886686086655,0.03758884593844414
object_moved_but_goal_unmet,0.7,back_L12_15,T6,lag1_soft_change,190,0.4813646078109741,0.034182824194431305,0.03265391290187836
object_moved_but_goal_unmet,0.7,back_L12_15,T6,lag1_hard_churn,190,0.2279699295759201,0.7540275454521179,0.8572485446929932
object_moved_but_goal_unmet,0.7,back_L12_15,T6,lag2_soft_change,190,0.542752742767334,0.038755178451538086,0.0378117598593235
object_moved_but_goal_unmet,0.7,back_L12_15,T7,lag1_soft_change,190,0.5011069178581238,0.03425600379705429,0.03273044899106026
object_moved_but_goal_unmet,0.7,back_L12_15,T7,lag1_hard_churn,190,0.21682727336883545,0.7436733841896057,0.8496511578559875
object_moved_but_goal_unmet,0.7,back_L12_15,T7,lag2_soft_change,190,0.5177819728851318,0.03869654983282089,0.038055386394262314
object_moved_but_goal_unmet,0.7,back_L12_15,T8,lag1_soft_change,190,0.5163752436637878,0.03575430437922478,0.03356432914733887
object_moved_but_goal_unmet,0.7,back_L12_15,T8,lag1_hard_churn,190,0.22511696815490723,0.7446912527084351,0.8464394211769104
object_moved_but_goal_unmet,0.7,back_L12_15,T8,lag2_soft_change,190,0.5320927500724792,0.03996891900897026,0.03900066018104553
object_moved_but_goal_unmet,0.7,back_L12_15,T9,lag1_soft_change,190,0.5265288352966309,0.03684775158762932,0.03437031805515289
object_moved_but_goal_unmet,0.7,back_L12_15,T9,lag1_hard_churn,190,0.23918545246124268,0.7269977927207947,0.8322840929031372
object_moved_but_goal_unmet,0.7,back_L12_15,T9,lag2_soft_change,190,0.5066207051277161,0.041396744549274445,0.04087935388088226
object_moved_but_goal_unmet,0.7,back_L12_15,T10,lag1_soft_change,190,0.5286504030227661,0.03982792794704437,0.037716638296842575
object_moved_but_goal_unmet,0.7,back_L12_15,T10,lag1_hard_churn,190,0.2521846294403076,0.6990382075309753,0.7979546785354614
object_moved_but_goal_unmet,0.7,back_L12_15,T10,lag2_soft_change,190,0.49850043654441833,0.04500279575586319,0.04542087763547897
object_moved_but_goal_unmet,0.8,back_L12_15,state,lag1_soft_change,190,0.24194422364234924,0.05922831594944,0.09490378201007843
object_moved_but_goal_unmet,0.8,back_L12_15,state,lag1_hard_churn,190,0.24024835228919983,0.45536795258522034,0.6903821229934692
object_moved_but_goal_unmet,0.8,back_L12_15,state,lag2_soft_change,190,0.20303678512573242,0.07708368450403214,0.12496067583560944
object_moved_but_goal_unmet,0.8,back_L12_15,T1,lag1_soft_change,190,0.3467117249965668,0.036252301186323166,0.04056794196367264
object_moved_but_goal_unmet,0.8,back_L12_15,T1,lag1_hard_churn,190,0.18819087743759155,0.6719228029251099,0.829098641872406
object_moved_but_goal_unmet,0.8,back_L12_15,T1,lag2_soft_change,190,0.3618420958518982,0.041328467428684235,0.04644263535737991
object_moved_but_goal_unmet,0.8,back_L12_15,T2,lag1_soft_change,190,0.33653488755226135,0.033745914697647095,0.03811807557940483
object_moved_but_goal_unmet,0.8,back_L12_15,T2,lag1_hard_churn,190,0.16793003678321838,0.6953266263008118,0.8551508784294128
object_moved_but_goal_unmet,0.8,back_L12_15,T2,lag2_soft_change,190,0.3674561381340027,0.03866557404398918,0.04245098680257797
object_moved_but_goal_unmet,0.8,back_L12_15,T3,lag1_soft_change,190,0.35826191306114197,0.03344317153096199,0.03714087978005409
object_moved_but_goal_unmet,0.8,back_L12_15,T3,lag1_hard_churn,190,0.1554446518421173,0.7161862254142761,0.8660253286361694
object_moved_but_goal_unmet,0.8,back_L12_15,T3,lag2_soft_change,190,0.38840851187705994,0.03730005398392677,0.040256477892398834
object_moved_but_goal_unmet,0.8,back_L12_15,T4,lag1_soft_change,190,0.3377727270126343,0.03268919885158539,0.03660135343670845
object_moved_but_goal_unmet,0.8,back_L12_15,T4,lag1_hard_churn,190,0.15355846285820007,0.7259169816970825,0.8719583749771118
object_moved_but_goal_unmet,0.8,back_L12_15,T4,lag2_soft_change,190,0.38183560967445374,0.036776501685380936,0.039041921496391296
object_moved_but_goal_unmet,0.8,back_L12_15,T5,lag1_soft_change,190,0.35198140144348145,0.0324920155107975,0.036331526935100555
object_moved_but_goal_unmet,0.8,back_L12_15,T5,lag1_hard_churn,190,0.13687320053577423,0.7186012864112854,0.8716095089912415
object_moved_but_goal_unmet,0.8,back_L12_15,T5,lag2_soft_change,190,0.4015599191188812,0.036756861954927444,0.0386238731443882
object_moved_but_goal_unmet,0.8,back_L12_15,T6,lag1_soft_change,190,0.385098397731781,0.033010125160217285,0.03658588230609894
object_moved_but_goal_unmet,0.8,back_L12_15,T6,lag1_hard_churn,190,0.1455676406621933,0.7366178631782532,0.8699278831481934
object_moved_but_goal_unmet,0.8,back_L12_15,T6,lag2_soft_change,190,0.412019282579422,0.03673069179058075,0.0387759804725647
object_moved_but_goal_unmet,0.8,back_L12_15,T7,lag1_soft_change,190,0.359746515750885,0.03346787393093109,0.03688683360815048
object_moved_but_goal_unmet,0.8,back_L12_15,T7,lag1_hard_churn,190,0.15690204501152039,0.7294847369194031,0.864858865737915
object_moved_but_goal_unmet,0.8,back_L12_15,T7,lag2_soft_change,190,0.40455925464630127,0.03695519641041756,0.03935311362147331
object_moved_but_goal_unmet,0.8,back_L12_15,T8,lag1_soft_change,190,0.3593796193599701,0.034542158246040344,0.037990786135196686
object_moved_but_goal_unmet,0.8,back_L12_15,T8,lag1_hard_churn,190,0.14002925157546997,0.7235653400421143,0.8663598299026489
object_moved_but_goal_unmet,0.8,back_L12_15,T8,lag2_soft_change,190,0.40698355436325073,0.038163527846336365,0.04085244610905647
object_moved_but_goal_unmet,0.8,back_L12_15,T9,lag1_soft_change,190,0.32335376739501953,0.03513510897755623,0.03990017622709274
object_moved_but_goal_unmet,0.8,back_L12_15,T9,lag1_hard_churn,190,0.18454007804393768,0.7020323872566223,0.8512163758277893
object_moved_but_goal_unmet,0.8,back_L12_15,T9,lag2_soft_change,190,0.35896235704421997,0.03924846276640892,0.0438595712184906
object_moved_but_goal_unmet,0.8,back_L12_15,T10,lag1_soft_change,190,0.28765246272087097,0.038412388414144516,0.04440578073263168
object_moved_but_goal_unmet,0.8,back_L12_15,T10,lag1_hard_churn,190,0.15646615624427795,0.6780192852020264,0.8284154534339905
object_moved_but_goal_unmet,0.8,back_L12_15,T10,lag2_soft_change,190,0.3613576889038086,0.043312013149261475,0.04970770329236984
object_moved_but_goal_unmet,0.9,back_L12_15,state,lag1_soft_change,190,0.3099193274974823,0.05814169719815254,0.08569436520338058
object_moved_but_goal_unmet,0.9,back_L12_15,state,lag1_hard_churn,190,0.189259335398674,0.4234105050563812,0.6582792401313782
object_moved_but_goal_unmet,0.9,back_L12_15,state,lag2_soft_change,190,0.2033119946718216,0.07855145633220673,0.12435432523488998
object_moved_but_goal_unmet,0.9,back_L12_15,T1,lag1_soft_change,190,0.37681329250335693,0.03524082526564598,0.03915644809603691
object_moved_but_goal_unmet,0.9,back_L12_15,T1,lag1_hard_churn,190,0.23934203386306763,0.664013147354126,0.7978413105010986
object_moved_but_goal_unmet,0.9,back_L12_15,T1,lag2_soft_change,190,0.37475064396858215,0.04108763858675957,0.047093186527490616
object_moved_but_goal_unmet,0.9,back_L12_15,T2,lag1_soft_change,190,0.3927011489868164,0.03411083668470383,0.03654361516237259
object_moved_but_goal_unmet,0.9,back_L12_15,T2,lag1_hard_churn,190,0.21396291255950928,0.6993446946144104,0.830352783203125
object_moved_but_goal_unmet,0.9,back_L12_15,T2,lag2_soft_change,190,0.3809790313243866,0.03854074329137802,0.04306693747639656
object_moved_but_goal_unmet,0.9,back_L12_15,T3,lag1_soft_change,190,0.3859541118144989,0.032582707703113556,0.03509209677577019
object_moved_but_goal_unmet,0.9,back_L12_15,T3,lag1_hard_churn,190,0.2241920828819275,0.7133421301841736,0.8414848446846008
object_moved_but_goal_unmet,0.9,back_L12_15,T3,lag2_soft_change,190,0.40261542797088623,0.03667697310447693,0.0408068485558033
object_moved_but_goal_unmet,0.9,back_L12_15,T4,lag1_soft_change,190,0.4040777087211609,0.031982969492673874,0.03434013947844505
object_moved_but_goal_unmet,0.9,back_L12_15,T4,lag1_hard_churn,190,0.209102064371109,0.715785801410675,0.8462424874305725
object_moved_but_goal_unmet,0.9,back_L12_15,T4,lag2_soft_change,190,0.38306528329849243,0.03594671189785004,0.03951679542660713
object_moved_but_goal_unmet,0.9,back_L12_15,T5,lag1_soft_change,190,0.4205119013786316,0.03223344311118126,0.03415548428893089
object_moved_but_goal_unmet,0.9,back_L12_15,T5,lag1_hard_churn,190,0.19792699813842773,0.7308996915817261,0.8508286476135254
object_moved_but_goal_unmet,0.9,back_L12_15,T5,lag2_soft_change,190,0.4013373851776123,0.036294110119342804,0.038719821721315384
object_moved_but_goal_unmet,0.9,back_L12_15,T6,lag1_soft_change,190,0.3896096348762512,0.03204157575964928,0.034583378583192825
object_moved_but_goal_unmet,0.9,back_L12_15,T6,lag1_hard_churn,190,0.1739606410264969,0.7174083590507507,0.8505560755729675
object_moved_but_goal_unmet,0.9,back_L12_15,T6,lag2_soft_change,190,0.4039202928543091,0.03668435290455818,0.039056092500686646
object_moved_but_goal_unmet,0.9,back_L12_15,T7,lag1_soft_change,190,0.39891669154167175,0.03212001174688339,0.03492429479956627
object_moved_but_goal_unmet,0.9,back_L12_15,T7,lag1_hard_churn,190,0.16768890619277954,0.7100542783737183,0.8465878963470459
object_moved_but_goal_unmet,0.9,back_L12_15,T7,lag2_soft_change,190,0.3793841004371643,0.036133162677288055,0.03975251689553261
object_moved_but_goal_unmet,0.9,back_L12_15,T8,lag1_soft_change,190,0.3746388852596283,0.03287435695528984,0.03599511831998825
object_moved_but_goal_unmet,0.9,back_L12_15,T8,lag1_hard_churn,190,0.17001642286777496,0.7099829316139221,0.8447819948196411
object_moved_but_goal_unmet,0.9,back_L12_15,T8,lag2_soft_change,190,0.353972852230072,0.03683091700077057,0.04166178032755852
object_moved_but_goal_unmet,0.9,back_L12_15,T9,lag1_soft_change,190,0.4188953638076782,0.034968871623277664,0.03784709796309471
object_moved_but_goal_unmet,0.9,back_L12_15,T9,lag1_hard_churn,190,0.2191847562789917,0.7185555100440979,0.8367922902107239
object_moved_but_goal_unmet,0.9,back_L12_15,T9,lag2_soft_change,190,0.34326133131980896,0.03896678611636162,0.04433712363243103
object_moved_but_goal_unmet,0.9,back_L12_15,T10,lag1_soft_change,190,0.3377053439617157,0.035862088203430176,0.04139005020260811
object_moved_but_goal_unmet,0.9,back_L12_15,T10,lag1_hard_churn,190,0.19320960342884064,0.6650970578193665,0.7963400483131409
object_moved_but_goal_unmet,0.9,back_L12_15,T10,lag2_soft_change,190,0.3076319992542267,0.041717663407325745,0.04980266094207764
object_moved_but_goal_unmet,1.0,back_L12_15,state,lag1_soft_change,190,0.24983897805213928,0.0565757155418396,0.08932798355817795
object_moved_but_goal_unmet,1.0,back_L12_15,state,lag1_hard_churn,190,0.2087785005569458,0.43000003695487976,0.6776155233383179
object_moved_but_goal_unmet,1.0,back_L12_15,state,lag2_soft_change,190,0.2642073631286621,0.07481511682271957,0.11736056953668594
object_moved_but_goal_unmet,1.0,back_L12_15,T1,lag1_soft_change,190,0.1920107752084732,0.033751003444194794,0.045434240251779556
object_moved_but_goal_unmet,1.0,back_L12_15,T1,lag1_hard_churn,190,0.15963026881217957,0.6567005515098572,0.8203314542770386
object_moved_but_goal_unmet,1.0,back_L12_15,T1,lag2_soft_change,190,0.2377384454011917,0.03834647685289383,0.04985668137669563
object_moved_but_goal_unmet,1.0,back_L12_15,T2,lag1_soft_change,190,0.2081134021282196,0.03211690112948418,0.04288693517446518
object_moved_but_goal_unmet,1.0,back_L12_15,T2,lag1_hard_churn,190,0.1634191870689392,0.687703013420105,0.8459265232086182
object_moved_but_goal_unmet,1.0,back_L12_15,T2,lag2_soft_change,190,0.24875248968601227,0.036635518074035645,0.04581066593527794
object_moved_but_goal_unmet,1.0,back_L12_15,T3,lag1_soft_change,190,0.23632976412773132,0.03183029219508171,0.04159213975071907
object_moved_but_goal_unmet,1.0,back_L12_15,T3,lag1_hard_churn,190,0.16926813125610352,0.7132593989372253,0.85924232006073
object_moved_but_goal_unmet,1.0,back_L12_15,T3,lag2_soft_change,190,0.24514000117778778,0.03522895649075508,0.044335294514894485
object_moved_but_goal_unmet,1.0,back_L12_15,T4,lag1_soft_change,190,0.24561172723770142,0.03133869543671608,0.041184842586517334
object_moved_but_goal_unmet,1.0,back_L12_15,T4,lag1_hard_churn,190,0.1698342114686966,0.7101565599441528,0.8687070608139038
object_moved_but_goal_unmet,1.0,back_L12_15,T4,lag2_soft_change,190,0.26540979743003845,0.034517329186201096,0.04295317828655243
object_moved_but_goal_unmet,1.0,back_L12_15,T5,lag1_soft_change,190,0.2558475434780121,0.03203607723116875,0.04151790589094162
object_moved_but_goal_unmet,1.0,back_L12_15,T5,lag1_hard_churn,190,0.15314465761184692,0.7177180051803589,0.8806151747703552
object_moved_but_goal_unmet,1.0,back_L12_15,T5,lag2_soft_change,190,0.29998457431793213,0.03550012409687042,0.04252157732844353
object_moved_but_goal_unmet,1.0,back_L12_15,T6,lag1_soft_change,190,0.21182353794574738,0.03177011385560036,0.04185062274336815
object_moved_but_goal_unmet,1.0,back_L12_15,T6,lag1_hard_churn,190,0.13388961553573608,0.7146466970443726,0.8819901347160339
object_moved_but_goal_unmet,1.0,back_L12_15,T6,lag2_soft_change,190,0.2913272976875305,0.03563517704606056,0.04251844435930252
object_moved_but_goal_unmet,1.0,back_L12_15,T7,lag1_soft_change,190,0.21906980872154236,0.032254867255687714,0.042491983622312546
object_moved_but_goal_unmet,1.0,back_L12_15,T7,lag1_hard_churn,190,0.14686961472034454,0.7168495655059814,0.8740587830543518
object_moved_but_goal_unmet,1.0,back_L12_15,T7,lag2_soft_change,190,0.304898202419281,0.03677358478307724,0.04335705190896988
object_moved_but_goal_unmet,1.0,back_L12_15,T8,lag1_soft_change,190,0.1956435739994049,0.03258199617266655,0.04402504861354828
object_moved_but_goal_unmet,1.0,back_L12_15,T8,lag1_hard_churn,190,0.15462522208690643,0.712996244430542,0.8674741983413696
object_moved_but_goal_unmet,1.0,back_L12_15,T8,lag2_soft_change,190,0.2576691806316376,0.0370485819876194,0.04522192105650902
object_moved_but_goal_unmet,1.0,back_L12_15,T9,lag1_soft_change,190,0.16417726874351501,0.03389659523963928,0.04726628586649895
object_moved_but_goal_unmet,1.0,back_L12_15,T9,lag1_hard_churn,190,0.1814049631357193,0.7013934254646301,0.8509694933891296
object_moved_but_goal_unmet,1.0,back_L12_15,T9,lag2_soft_change,190,0.2185230255126953,0.038528431206941605,0.048557914793491364
object_moved_but_goal_unmet,1.0,back_L12_15,T10,lag1_soft_change,190,0.14106804132461548,0.03555146977305412,0.05170588195323944
object_moved_but_goal_unmet,1.0,back_L12_15,T10,lag1_hard_churn,190,0.2092900276184082,0.6698696613311768,0.8247786164283752
object_moved_but_goal_unmet,1.0,back_L12_15,T10,lag2_soft_change,190,0.19275328516960144,0.041014663875103,0.054176051169633865
goal_predicate_regressed,0.1,back_L12_15,state,lag1_soft_change,57,0.7624435424804688,0.09250584244728088,0.08133640885353088
goal_predicate_regressed,0.1,back_L12_15,state,lag1_hard_churn,57,0.5301865935325623,0.6555730700492859,0.6505563259124756
goal_predicate_regressed,0.1,back_L12_15,state,lag2_soft_change,57,0.7772329449653625,0.11797641217708588,0.11280084401369095
goal_predicate_regressed,0.1,back_L12_15,T1,lag1_soft_change,57,0.8053279519081116,0.037839777767658234,0.03163139522075653
goal_predicate_regressed,0.1,back_L12_15,T1,lag1_hard_churn,57,0.720426082611084,0.8222622871398926,0.7753605246543884
goal_predicate_regressed,0.1,back_L12_15,T1,lag2_soft_change,57,0.7138262391090393,0.04196466878056526,0.03788173943758011
goal_predicate_regressed,0.1,back_L12_15,T2,lag1_soft_change,57,0.7848299741744995,0.035751521587371826,0.029603494331240654
goal_predicate_regressed,0.1,back_L12_15,T2,lag1_hard_churn,57,0.6298406720161438,0.8507354855537415,0.8224363923072815
goal_predicate_regressed,0.1,back_L12_15,T2,lag2_soft_change,57,0.7040414214134216,0.038765471428632736,0.03497350215911865
goal_predicate_regressed,0.1,back_L12_15,T3,lag1_soft_change,57,0.7530180215835571,0.03473838418722153,0.029351597651839256
goal_predicate_regressed,0.1,back_L12_15,T3,lag1_hard_churn,57,0.5079853534698486,0.8529723882675171,0.8511521220207214
goal_predicate_regressed,0.1,back_L12_15,T3,lag2_soft_change,57,0.7210060358047485,0.03740979731082916,0.03348429873585701
goal_predicate_regressed,0.1,back_L12_15,T4,lag1_soft_change,57,0.7610614895820618,0.03379904851317406,0.028918709605932236
goal_predicate_regressed,0.1,back_L12_15,T4,lag1_hard_churn,57,0.42043420672416687,0.8524996042251587,0.8618857264518738
goal_predicate_regressed,0.1,back_L12_15,T4,lag2_soft_change,57,0.6798307299613953,0.03600720688700676,0.03312753140926361
goal_predicate_regressed,0.1,back_L12_15,T5,lag1_soft_change,57,0.8154413104057312,0.03513459488749504,0.028384758159518242
goal_predicate_regressed,0.1,back_L12_15,T5,lag1_hard_churn,57,0.42262354493141174,0.8389419317245483,0.8529961109161377
goal_predicate_regressed,0.1,back_L12_15,T5,lag2_soft_change,57,0.6898140907287598,0.03580997884273529,0.032352469861507416
goal_predicate_regressed,0.1,back_L12_15,T6,lag1_soft_change,57,0.7831523418426514,0.03633823245763779,0.028019625693559647
goal_predicate_regressed,0.1,back_L12_15,T6,lag1_hard_churn,57,0.37820589542388916,0.8380735516548157,0.8560258150100708
goal_predicate_regressed,0.1,back_L12_15,T6,lag2_soft_change,57,0.7800737619400024,0.03724748641252518,0.03245749697089195
goal_predicate_regressed,0.1,back_L12_15,T7,lag1_soft_change,57,0.7353999018669128,0.035666171461343765,0.029026100412011147
goal_predicate_regressed,0.1,back_L12_15,T7,lag1_hard_churn,57,0.4392954409122467,0.8330376148223877,0.8553773760795593
goal_predicate_regressed,0.1,back_L12_15,T7,lag2_soft_change,57,0.7240400910377502,0.037606894969940186,0.033010803163051605
goal_predicate_regressed,0.1,back_L12_15,T8,lag1_soft_change,57,0.6964936256408691,0.03593774512410164,0.029265953227877617
goal_predicate_regressed,0.1,back_L12_15,T8,lag1_hard_churn,57,0.4356466829776764,0.8380798101425171,0.8458247184753418
goal_predicate_regressed,0.1,back_L12_15,T8,lag2_soft_change,57,0.7813565731048584,0.038717690855264664,0.03349585831165314
goal_predicate_regressed,0.1,back_L12_15,T9,lag1_soft_change,57,0.7058230638504028,0.03746246546506882,0.031030023470520973
goal_predicate_regressed,0.1,back_L12_15,T9,lag1_hard_churn,57,0.494994580745697,0.8307543396949768,0.8331407308578491
goal_predicate_regressed,0.1,back_L12_15,T9,lag2_soft_change,57,0.6976666450500488,0.04149865731596947,0.03545217216014862
goal_predicate_regressed,0.1,back_L12_15,T10,lag1_soft_change,57,0.7177174091339111,0.04146384447813034,0.03347788751125336
goal_predicate_regressed,0.1,back_L12_15,T10,lag1_hard_churn,57,0.519758403301239,0.8187869787216187,0.8155232071876526
goal_predicate_regressed,0.1,back_L12_15,T10,lag2_soft_change,57,0.8103925585746765,0.046605587005615234,0.03958979249000549
goal_predicate_regressed,0.2,back_L12_15,state,lag1_soft_change,57,0.3232477903366089,0.07068130373954773,0.0882471576333046
goal_predicate_regressed,0.2,back_L12_15,state,lag1_hard_churn,57,0.3592035472393036,0.5715288519859314,0.6632882356643677
goal_predicate_regressed,0.2,back_L12_15,state,lag2_soft_change,57,0.19340015947818756,0.10083585977554321,0.11584268510341644
goal_predicate_regressed,0.2,back_L12_15,T1,lag1_soft_change,57,0.33213016390800476,0.030192848294973373,0.03483361005783081
goal_predicate_regressed,0.2,back_L12_15,T1,lag1_hard_churn,57,0.4541446566581726,0.7812389135360718,0.7998356819152832
goal_predicate_regressed,0.2,back_L12_15,T1,lag2_soft_change,57,0.25487953424453735,0.03530680760741234,0.03936845064163208
goal_predicate_regressed,0.2,back_L12_15,T2,lag1_soft_change,57,0.3733092248439789,0.02876780368387699,0.032941997051239014
goal_predicate_regressed,0.2,back_L12_15,T2,lag1_hard_churn,57,0.4295198619365692,0.8316274881362915,0.8372992873191833
goal_predicate_regressed,0.2,back_L12_15,T2,lag2_soft_change,57,0.2650299072265625,0.03295128419995308,0.036622826009988785
goal_predicate_regressed,0.2,back_L12_15,T3,lag1_soft_change,57,0.416669100522995,0.02891426719725132,0.032358355820178986
goal_predicate_regressed,0.2,back_L12_15,T3,lag1_hard_churn,57,0.4703352451324463,0.8550986051559448,0.853455662727356
goal_predicate_regressed,0.2,back_L12_15,T3,lag2_soft_change,57,0.23357628285884857,0.031633179634809494,0.03521595150232315
goal_predicate_regressed,0.2,back_L12_15,T4,lag1_soft_change,57,0.36036932468414307,0.027627965435385704,0.03167690336704254
goal_predicate_regressed,0.2,back_L12_15,T4,lag1_hard_churn,57,0.4625519812107086,0.8501428365707397,0.8550233840942383
goal_predicate_regressed,0.2,back_L12_15,T4,lag2_soft_change,57,0.2333117127418518,0.03001408278942108,0.03429915010929108
goal_predicate_regressed,0.2,back_L12_15,T5,lag1_soft_change,57,0.3347751498222351,0.02800876833498478,0.03297857195138931
goal_predicate_regressed,0.2,back_L12_15,T5,lag1_hard_churn,57,0.5339633822441101,0.8575129508972168,0.8540369868278503
goal_predicate_regressed,0.2,back_L12_15,T5,lag2_soft_change,57,0.2773946523666382,0.03147610276937485,0.03517618030309677
goal_predicate_regressed,0.2,back_L12_15,T6,lag1_soft_change,57,0.3915761709213257,0.028529804199934006,0.03468841314315796
goal_predicate_regressed,0.2,back_L12_15,T6,lag1_hard_churn,57,0.6051517724990845,0.8743424415588379,0.8582777976989746
goal_predicate_regressed,0.2,back_L12_15,T6,lag2_soft_change,57,0.2805255353450775,0.031665246933698654,0.036425717175006866
goal_predicate_regressed,0.2,back_L12_15,T7,lag1_soft_change,57,0.39153245091438293,0.029111020267009735,0.03438625484704971
goal_predicate_regressed,0.2,back_L12_15,T7,lag1_hard_churn,57,0.5853410959243774,0.863371729850769,0.8486644625663757
goal_predicate_regressed,0.2,back_L12_15,T7,lag2_soft_change,57,0.2507273852825165,0.03167610988020897,0.03667266294360161
goal_predicate_regressed,0.2,back_L12_15,T8,lag1_soft_change,57,0.40490391850471497,0.030058108270168304,0.03441577032208443
goal_predicate_regressed,0.2,back_L12_15,T8,lag1_hard_churn,57,0.5347594618797302,0.8474653363227844,0.8435839414596558
goal_predicate_regressed,0.2,back_L12_15,T8,lag2_soft_change,57,0.29034942388534546,0.03276635333895683,0.036993518471717834
goal_predicate_regressed,0.2,back_L12_15,T9,lag1_soft_change,57,0.3720521032810211,0.031191809102892876,0.03577895835042
goal_predicate_regressed,0.2,back_L12_15,T9,lag1_hard_churn,57,0.5279030799865723,0.8244260549545288,0.8290590643882751
goal_predicate_regressed,0.2,back_L12_15,T9,lag2_soft_change,57,0.3118836283683777,0.03454137220978737,0.0382670983672142
goal_predicate_regressed,0.2,back_L12_15,T10,lag1_soft_change,57,0.43142035603523254,0.035859495401382446,0.03907187283039093
goal_predicate_regressed,0.2,back_L12_15,T10,lag1_hard_churn,57,0.4651310443878174,0.8010392189025879,0.7991275191307068
goal_predicate_regressed,0.2,back_L12_15,T10,lag2_soft_change,57,0.3382032513618469,0.03901270776987076,0.042645327746868134
goal_predicate_regressed,0.3,back_L12_15,state,lag1_soft_change,57,0.4414284825325012,0.07912680506706238,0.08439934253692627
goal_predicate_regressed,0.3,back_L12_15,state,lag1_hard_churn,57,0.2709237039089203,0.5854328274726868,0.6702509522438049
goal_predicate_regressed,0.3,back_L12_15,state,lag2_soft_change,57,0.4639654755592346,0.11489017307758331,0.12002481520175934
goal_predicate_regressed,0.3,back_L12_15,T1,lag1_soft_change,57,0.4244143068790436,0.03550276905298233,0.036948591470718384
goal_predicate_regressed,0.3,back_L12_15,T1,lag1_hard_churn,57,0.4019027054309845,0.795907735824585,0.8162466883659363
goal_predicate_regressed,0.3,back_L12_15,T1,lag2_soft_change,57,0.6005986928939819,0.04422065615653992,0.04318218305706978
goal_predicate_regressed,0.3,back_L12_15,T2,lag1_soft_change,57,0.38753587007522583,0.033128608018159866,0.03534872829914093
goal_predicate_regressed,0.3,back_L12_15,T2,lag1_hard_churn,57,0.5205519795417786,0.834771454334259,0.8399730324745178
goal_predicate_regressed,0.3,back_L12_15,T2,lag2_soft_change,57,0.5132971405982971,0.04021809995174408,0.04049859941005707
goal_predicate_regressed,0.3,back_L12_15,T3,lag1_soft_change,57,0.43262138962745667,0.032028697431087494,0.03383889049291611
goal_predicate_regressed,0.3,back_L12_15,T3,lag1_hard_churn,57,0.49466845393180847,0.8483521342277527,0.8448702692985535
goal_predicate_regressed,0.3,back_L12_15,T3,lag2_soft_change,57,0.5118768811225891,0.038404639810323715,0.038502391427755356
goal_predicate_regressed,0.3,back_L12_15,T4,lag1_soft_change,57,0.40232160687446594,0.03195136785507202,0.033807456493377686
goal_predicate_regressed,0.3,back_L12_15,T4,lag1_hard_churn,57,0.5743295550346375,0.8594774007797241,0.8506056666374207
goal_predicate_regressed,0.3,back_L12_15,T4,lag2_soft_change,57,0.506644606590271,0.03787439316511154,0.03799447417259216
goal_predicate_regressed,0.3,back_L12_15,T5,lag1_soft_change,57,0.40363284945487976,0.03180905431509018,0.03377244248986244
goal_predicate_regressed,0.3,back_L12_15,T5,lag1_hard_churn,57,0.5785787105560303,0.8657063841819763,0.847823441028595
goal_predicate_regressed,0.3,back_L12_15,T5,lag2_soft_change,57,0.49621275067329407,0.0370529405772686,0.03791152685880661
goal_predicate_regressed,0.3,back_L12_15,T6,lag1_soft_change,57,0.3868160545825958,0.03199756518006325,0.034409452229738235
goal_predicate_regressed,0.3,back_L12_15,T6,lag1_hard_churn,57,0.5311678647994995,0.8620442748069763,0.8504015803337097
goal_predicate_regressed,0.3,back_L12_15,T6,lag2_soft_change,57,0.37622740864753723,0.037417665123939514,0.039192188531160355
goal_predicate_regressed,0.3,back_L12_15,T7,lag1_soft_change,57,0.38117516040802,0.03144821524620056,0.03453334420919418
goal_predicate_regressed,0.3,back_L12_15,T7,lag1_hard_churn,57,0.4447241425514221,0.8479123115539551,0.8570625185966492
goal_predicate_regressed,0.3,back_L12_15,T7,lag2_soft_change,57,0.457503080368042,0.03802558407187462,0.03918749839067459
goal_predicate_regressed,0.3,back_L12_15,T8,lag1_soft_change,57,0.36617934703826904,0.03239184245467186,0.03570115193724632
goal_predicate_regressed,0.3,back_L12_15,T8,lag1_hard_churn,57,0.5770555734634399,0.8602665066719055,0.84723299741745
goal_predicate_regressed,0.3,back_L12_15,T8,lag2_soft_change,57,0.39998728036880493,0.03810037299990654,0.04021463915705681
goal_predicate_regressed,0.3,back_L12_15,T9,lag1_soft_change,57,0.3683236241340637,0.03243837505578995,0.037513505667448044
goal_predicate_regressed,0.3,back_L12_15,T9,lag1_hard_churn,57,0.40023067593574524,0.8281645774841309,0.8463619351387024
goal_predicate_regressed,0.3,back_L12_15,T9,lag2_soft_change,57,0.3784467577934265,0.04001005366444588,0.042904384434223175
goal_predicate_regressed,0.3,back_L12_15,T10,lag1_soft_change,57,0.33077138662338257,0.034918736666440964,0.04105811193585396
goal_predicate_regressed,0.3,back_L12_15,T10,lag1_hard_churn,57,0.4010969400405884,0.7902827858924866,0.8297025561332703
goal_predicate_regressed,0.3,back_L12_15,T10,lag2_soft_change,57,0.4198388159275055,0.04435061290860176,0.048053935170173645
goal_predicate_regressed,0.4,back_L12_15,state,lag1_soft_change,57,0.8517711758613586,0.09475456923246384,0.07274598628282547
goal_predicate_regressed,0.4,back_L12_15,state,lag1_hard_churn,57,0.7084422707557678,0.719530463218689,0.6505539417266846
goal_predicate_regressed,0.4,back_L12_15,state,lag2_soft_change,57,0.888868510723114,0.12853534519672394,0.11047649383544922
goal_predicate_regressed,0.4,back_L12_15,T1,lag1_soft_change,57,0.799838125705719,0.0418756939470768,0.03350144252181053
goal_predicate_regressed,0.4,back_L12_15,T1,lag1_hard_churn,57,0.7337169051170349,0.8465439081192017,0.7917956113815308
goal_predicate_regressed,0.4,back_L12_15,T1,lag2_soft_change,57,0.8155087828636169,0.048518430441617966,0.041859790682792664
goal_predicate_regressed,0.4,back_L12_15,T2,lag1_soft_change,57,0.8017799258232117,0.038676612079143524,0.031912144273519516
goal_predicate_regressed,0.4,back_L12_15,T2,lag1_hard_churn,57,0.6757415533065796,0.8656107783317566,0.8333626985549927
goal_predicate_regressed,0.4,back_L12_15,T2,lag2_soft_change,57,0.8308213353157043,0.04370687156915665,0.03874689340591431
goal_predicate_regressed,0.4,back_L12_15,T3,lag1_soft_change,57,0.8040509223937988,0.03733556717634201,0.031002651900053024
goal_predicate_regressed,0.4,back_L12_15,T3,lag1_hard_churn,57,0.7226255536079407,0.8827560544013977,0.8452494144439697
goal_predicate_regressed,0.4,back_L12_15,T3,lag2_soft_change,57,0.8073195219039917,0.040964677929878235,0.036825813353061676
goal_predicate_regressed,0.4,back_L12_15,T4,lag1_soft_change,57,0.8229256272315979,0.03733845055103302,0.030299101024866104
goal_predicate_regressed,0.4,back_L12_15,T4,lag1_hard_churn,57,0.7814684510231018,0.8923701047897339,0.8503740429878235
goal_predicate_regressed,0.4,back_L12_15,T4,lag2_soft_change,57,0.7855288982391357,0.03986993059515953,0.0357295460999012
goal_predicate_regressed,0.4,back_L12_15,T5,lag1_soft_change,57,0.8209177255630493,0.03588881716132164,0.02996048517525196
goal_predicate_regressed,0.4,back_L12_15,T5,lag1_hard_churn,57,0.7054250836372375,0.8878948092460632,0.8566465973854065
goal_predicate_regressed,0.4,back_L12_15,T5,lag2_soft_change,57,0.787146270275116,0.038556575775146484,0.03485552594065666
goal_predicate_regressed,0.4,back_L12_15,T6,lag1_soft_change,57,0.806218683719635,0.03561575338244438,0.029446206986904144
goal_predicate_regressed,0.4,back_L12_15,T6,lag1_hard_churn,57,0.5934573411941528,0.8842087984085083,0.8663648366928101
goal_predicate_regressed,0.4,back_L12_15,T6,lag2_soft_change,57,0.7998570203781128,0.03871743008494377,0.034606434404850006
goal_predicate_regressed,0.4,back_L12_15,T7,lag1_soft_change,57,0.7990742921829224,0.03570552170276642,0.029343431815505028
goal_predicate_regressed,0.4,back_L12_15,T7,lag1_hard_churn,57,0.6137984395027161,0.8754411935806274,0.8602551817893982
goal_predicate_regressed,0.4,back_L12_15,T7,lag2_soft_change,57,0.7388631105422974,0.039125341922044754,0.03544090688228607
goal_predicate_regressed,0.4,back_L12_15,T8,lag1_soft_change,57,0.8072503805160522,0.03742562234401703,0.029996056109666824
goal_predicate_regressed,0.4,back_L12_15,T8,lag1_hard_churn,57,0.7760494351387024,0.8869900703430176,0.8465625047683716
goal_predicate_regressed,0.4,back_L12_15,T8,lag2_soft_change,57,0.8024712204933167,0.040892552584409714,0.03613653779029846
goal_predicate_regressed,0.4,back_L12_15,T9,lag1_soft_change,57,0.8232362866401672,0.03820459172129631,0.031043505296111107
goal_predicate_regressed,0.4,back_L12_15,T9,lag1_hard_churn,57,0.7382214665412903,0.8697518706321716,0.8327891826629639
goal_predicate_regressed,0.4,back_L12_15,T9,lag2_soft_change,57,0.7693110704421997,0.043841831386089325,0.03849369287490845
goal_predicate_regressed,0.4,back_L12_15,T10,lag1_soft_change,57,0.8184253573417664,0.04172148182988167,0.033320702612400055
goal_predicate_regressed,0.4,back_L12_15,T10,lag1_hard_churn,57,0.7718904614448547,0.8399122953414917,0.7821646332740784
goal_predicate_regressed,0.4,back_L12_15,T10,lag2_soft_change,57,0.8017270565032959,0.04917318746447563,0.04208843782544136
goal_predicate_regressed,0.5,back_L12_15,state,lag1_soft_change,57,0.19193780422210693,0.06858602166175842,0.0878274142742157
goal_predicate_regressed,0.5,back_L12_15,state,lag1_hard_churn,57,0.20713400840759277,0.5847870111465454,0.7061286568641663
goal_predicate_regressed,0.5,back_L12_15,state,lag2_soft_change,57,0.20570386946201324,0.09961774945259094,0.11555550992488861
goal_predicate_regressed,0.5,back_L12_15,T1,lag1_soft_change,57,0.38164520263671875,0.0331825315952301,0.038874004036188126
goal_predicate_regressed,0.5,back_L12_15,T1,lag1_hard_churn,57,0.2861959636211395,0.7411863207817078,0.8016034960746765
goal_predicate_regressed,0.5,back_L12_15,T1,lag2_soft_change,57,0.4467090368270874,0.040932442992925644,0.04372166469693184
goal_predicate_regressed,0.5,back_L12_15,T2,lag1_soft_change,57,0.42330050468444824,0.03194950893521309,0.03652217984199524
goal_predicate_regressed,0.5,back_L12_15,T2,lag1_hard_churn,57,0.18826676905155182,0.7723913788795471,0.8465185165405273
goal_predicate_regressed,0.5,back_L12_15,T2,lag2_soft_change,57,0.49942895770072937,0.03868658095598221,0.03986068442463875
goal_predicate_regressed,0.5,back_L12_15,T3,lag1_soft_change,57,0.4397895634174347,0.032790206372737885,0.035556305199861526
goal_predicate_regressed,0.5,back_L12_15,T3,lag1_hard_churn,57,0.20778603851795197,0.7935255169868469,0.872018039226532
goal_predicate_regressed,0.5,back_L12_15,T3,lag2_soft_change,57,0.48742976784706116,0.037894558161497116,0.0376797690987587
goal_predicate_regressed,0.5,back_L12_15,T4,lag1_soft_change,57,0.41783490777015686,0.031539805233478546,0.034327901899814606
goal_predicate_regressed,0.5,back_L12_15,T4,lag1_hard_churn,57,0.1362857073545456,0.7838972806930542,0.869606077671051
goal_predicate_regressed,0.5,back_L12_15,T4,lag2_soft_change,57,0.4992386996746063,0.03702082484960556,0.0365624725818634
goal_predicate_regressed,0.5,back_L12_15,T5,lag1_soft_change,57,0.43394148349761963,0.031527891755104065,0.034182339906692505
goal_predicate_regressed,0.5,back_L12_15,T5,lag1_hard_churn,57,0.1340501457452774,0.7891332507133484,0.8857353329658508
goal_predicate_regressed,0.5,back_L12_15,T5,lag2_soft_change,57,0.5077294111251831,0.0371672622859478,0.03656209632754326
goal_predicate_regressed,0.5,back_L12_15,T6,lag1_soft_change,57,0.4114323556423187,0.030920948833227158,0.034542445093393326
goal_predicate_regressed,0.5,back_L12_15,T6,lag1_hard_churn,57,0.13602085411548615,0.793602705001831,0.883100688457489
goal_predicate_regressed,0.5,back_L12_15,T6,lag2_soft_change,57,0.4897118806838989,0.03692329674959183,0.036450181156396866
goal_predicate_regressed,0.5,back_L12_15,T7,lag1_soft_change,57,0.3589002788066864,0.030200794339179993,0.03479214757680893
goal_predicate_regressed,0.5,back_L12_15,T7,lag1_hard_churn,57,0.1306947022676468,0.7815580368041992,0.8761929869651794
goal_predicate_regressed,0.5,back_L12_15,T7,lag2_soft_change,57,0.46027106046676636,0.03647702559828758,0.036927949637174606
goal_predicate_regressed,0.5,back_L12_15,T8,lag1_soft_change,57,0.25536131858825684,0.029438219964504242,0.03569520637392998
goal_predicate_regressed,0.5,back_L12_15,T8,lag1_hard_churn,57,0.12117894738912582,0.7665392756462097,0.8661102652549744
goal_predicate_regressed,0.5,back_L12_15,T8,lag2_soft_change,57,0.4116770327091217,0.03673616796731949,0.03827707841992378
goal_predicate_regressed,0.5,back_L12_15,T9,lag1_soft_change,57,0.23934614658355713,0.03104376420378685,0.0376114547252655
goal_predicate_regressed,0.5,back_L12_15,T9,lag1_hard_churn,57,0.14566554129123688,0.7698266506195068,0.8608962893486023
goal_predicate_regressed,0.5,back_L12_15,T9,lag2_soft_change,57,0.3844453692436218,0.03855733945965767,0.04051761329174042
goal_predicate_regressed,0.5,back_L12_15,T10,lag1_soft_change,57,0.15566597878932953,0.03263513371348381,0.04124375432729721
goal_predicate_regressed,0.5,back_L12_15,T10,lag1_hard_churn,57,0.1376388818025589,0.7292251586914062,0.8345103859901428
goal_predicate_regressed,0.5,back_L12_15,T10,lag2_soft_change,57,0.34998995065689087,0.041227079927921295,0.045547004789114
goal_predicate_regressed,0.6,back_L12_15,state,lag1_soft_change,57,0.271243155002594,0.05026688054203987,0.08132471889257431
goal_predicate_regressed,0.6,back_L12_15,state,lag1_hard_churn,57,0.3594508171081543,0.44237929582595825,0.6464955806732178
goal_predicate_regressed,0.6,back_L12_15,state,lag2_soft_change,57,0.21831481158733368,0.06843544542789459,0.11304614692926407
goal_predicate_regressed,0.6,back_L12_15,T1,lag1_soft_change,57,0.2788696587085724,0.027952812612056732,0.03740932047367096
goal_predicate_regressed,0.6,back_L12_15,T1,lag1_hard_churn,57,0.2306133359670639,0.667892336845398,0.798663318157196
goal_predicate_regressed,0.6,back_L12_15,T1,lag2_soft_change,57,0.23652082681655884,0.03284948319196701,0.0435098297894001
goal_predicate_regressed,0.6,back_L12_15,T2,lag1_soft_change,57,0.2878272533416748,0.02606775425374508,0.03450389578938484
goal_predicate_regressed,0.6,back_L12_15,T2,lag1_hard_churn,57,0.14613625407218933,0.6881043910980225,0.8298004269599915
goal_predicate_regressed,0.6,back_L12_15,T2,lag2_soft_change,57,0.2613643407821655,0.030530758202075958,0.038997698575258255
goal_predicate_regressed,0.6,back_L12_15,T3,lag1_soft_change,57,0.3342178165912628,0.026638934388756752,0.03296646475791931
goal_predicate_regressed,0.6,back_L12_15,T3,lag1_hard_churn,57,0.1706991046667099,0.7204694747924805,0.8497477173805237
goal_predicate_regressed,0.6,back_L12_15,T3,lag2_soft_change,57,0.2860466539859772,0.029770225286483765,0.03737327829003334
goal_predicate_regressed,0.6,back_L12_15,T4,lag1_soft_change,57,0.3418729603290558,0.02611559070646763,0.03273368999361992
goal_predicate_regressed,0.6,back_L12_15,T4,lag1_hard_churn,57,0.13732212781906128,0.7139774560928345,0.8674148321151733
goal_predicate_regressed,0.6,back_L12_15,T4,lag2_soft_change,57,0.29324114322662354,0.029429912567138672,0.03659002482891083
goal_predicate_regressed,0.6,back_L12_15,T5,lag1_soft_change,57,0.31685754656791687,0.026515332981944084,0.033252593129873276
goal_predicate_regressed,0.6,back_L12_15,T5,lag1_hard_churn,57,0.15243376791477203,0.7203391790390015,0.8827438950538635
goal_predicate_regressed,0.6,back_L12_15,T5,lag2_soft_change,57,0.2878623306751251,0.02915891446173191,0.03609772026538849
goal_predicate_regressed,0.6,back_L12_15,T6,lag1_soft_change,57,0.32297518849372864,0.028325442224740982,0.03340722620487213
goal_predicate_regressed,0.6,back_L12_15,T6,lag1_hard_churn,57,0.1540023386478424,0.7270383834838867,0.8760873079299927
goal_predicate_regressed,0.6,back_L12_15,T6,lag2_soft_change,57,0.33846598863601685,0.029740994796156883,0.03701861575245857
goal_predicate_regressed,0.6,back_L12_15,T7,lag1_soft_change,57,0.3294714093208313,0.028481580317020416,0.034664303064346313
goal_predicate_regressed,0.6,back_L12_15,T7,lag1_hard_churn,57,0.16578644514083862,0.7152957320213318,0.8597325682640076
goal_predicate_regressed,0.6,back_L12_15,T7,lag2_soft_change,57,0.33707159757614136,0.031103771179914474,0.03806893900036812
goal_predicate_regressed,0.6,back_L12_15,T8,lag1_soft_change,57,0.3633643388748169,0.02884283848106861,0.034401584416627884
goal_predicate_regressed,0.6,back_L12_15,T8,lag1_hard_churn,57,0.13067713379859924,0.6958629488945007,0.8687511086463928
goal_predicate_regressed,0.6,back_L12_15,T8,lag2_soft_change,57,0.34358397126197815,0.03280363976955414,0.03875167667865753
goal_predicate_regressed,0.6,back_L12_15,T9,lag1_soft_change,57,0.3822152018547058,0.02966058813035488,0.03536735847592354
goal_predicate_regressed,0.6,back_L12_15,T9,lag1_hard_churn,57,0.16521307826042175,0.6902915835380554,0.8501890301704407
goal_predicate_regressed,0.6,back_L12_15,T9,lag2_soft_change,57,0.3268815279006958,0.03379562869668007,0.04044029489159584
goal_predicate_regressed,0.6,back_L12_15,T10,lag1_soft_change,57,0.38939806818962097,0.033482059836387634,0.03786972165107727
goal_predicate_regressed,0.6,back_L12_15,T10,lag1_hard_churn,57,0.1963488906621933,0.6578854918479919,0.8216872215270996
goal_predicate_regressed,0.6,back_L12_15,T10,lag2_soft_change,57,0.3488208055496216,0.037794385105371475,0.045024994760751724
goal_predicate_regressed,0.7,back_L12_15,state,lag1_soft_change,57,0.12607909739017487,0.040975172072649,0.07944891601800919
goal_predicate_regressed,0.7,back_L12_15,state,lag1_hard_churn,57,0.1548151671886444,0.38594740629196167,0.5988136529922485
goal_predicate_regressed,0.7,back_L12_15,state,lag2_soft_change,57,0.12032860517501831,0.0618843249976635,0.11479880660772324
goal_predicate_regressed,0.7,back_L12_15,T1,lag1_soft_change,57,0.290723979473114,0.02680877409875393,0.033701226115226746
goal_predicate_regressed,0.7,back_L12_15,T1,lag1_hard_churn,57,0.15975749492645264,0.6128780245780945,0.78009033203125
goal_predicate_regressed,0.7,back_L12_15,T1,lag2_soft_change,57,0.3340928554534912,0.03234558179974556,0.04083109647035599
goal_predicate_regressed,0.7,back_L12_15,T2,lag1_soft_change,57,0.27708178758621216,0.026187408715486526,0.030985357239842415
goal_predicate_regressed,0.7,back_L12_15,T2,lag1_hard_churn,57,0.1868887096643448,0.6626349091529846,0.815308690071106
goal_predicate_regressed,0.7,back_L12_15,T2,lag2_soft_change,57,0.3491211533546448,0.03123350813984871,0.03701521456241608
goal_predicate_regressed,0.7,back_L12_15,T3,lag1_soft_change,57,0.27885955572128296,0.025851882994174957,0.029522543773055077
goal_predicate_regressed,0.7,back_L12_15,T3,lag1_hard_churn,57,0.10972359031438828,0.668515145778656,0.8317062258720398
goal_predicate_regressed,0.7,back_L12_15,T3,lag2_soft_change,57,0.31258559226989746,0.02944663166999817,0.035333096981048584
goal_predicate_regressed,0.7,back_L12_15,T4,lag1_soft_change,57,0.29235848784446716,0.02522766776382923,0.02874201349914074
goal_predicate_regressed,0.7,back_L12_15,T4,lag1_hard_churn,57,0.12075721472501755,0.6725154519081116,0.8402913212776184
goal_predicate_regressed,0.7,back_L12_15,T4,lag2_soft_change,57,0.33101433515548706,0.029120512306690216,0.03433889523148537
goal_predicate_regressed,0.7,back_L12_15,T5,lag1_soft_change,57,0.2901178002357483,0.025899600237607956,0.029387004673480988
goal_predicate_regressed,0.7,back_L12_15,T5,lag1_hard_churn,57,0.12683580815792084,0.6855430603027344,0.8470138907432556
goal_predicate_regressed,0.7,back_L12_15,T5,lag2_soft_change,57,0.33144786953926086,0.02949598990380764,0.034320443868637085
goal_predicate_regressed,0.7,back_L12_15,T6,lag1_soft_change,57,0.276415079832077,0.0255086999386549,0.02969612367451191
goal_predicate_regressed,0.7,back_L12_15,T6,lag1_hard_churn,57,0.1275707483291626,0.694941520690918,0.8547506332397461
goal_predicate_regressed,0.7,back_L12_15,T6,lag2_soft_change,57,0.3829743266105652,0.03117215819656849,0.035020872950553894
goal_predicate_regressed,0.7,back_L12_15,T7,lag1_soft_change,57,0.3172968029975891,0.02676178328692913,0.029879990965127945
goal_predicate_regressed,0.7,back_L12_15,T7,lag1_hard_churn,57,0.10880764573812485,0.6905922889709473,0.8437594175338745
goal_predicate_regressed,0.7,back_L12_15,T7,lag2_soft_change,57,0.32258278131484985,0.03116181492805481,0.03572358191013336
goal_predicate_regressed,0.7,back_L12_15,T8,lag1_soft_change,57,0.377995103597641,0.02810673788189888,0.029926404356956482
goal_predicate_regressed,0.7,back_L12_15,T8,lag1_hard_churn,57,0.11865775287151337,0.6850192546844482,0.838676393032074
goal_predicate_regressed,0.7,back_L12_15,T8,lag2_soft_change,57,0.38574838638305664,0.032249439507722855,0.035453055053949356
goal_predicate_regressed,0.7,back_L12_15,T9,lag1_soft_change,57,0.4039609730243683,0.028136491775512695,0.02977706864476204
goal_predicate_regressed,0.7,back_L12_15,T9,lag1_hard_churn,57,0.15617910027503967,0.6660280227661133,0.8110170960426331
goal_predicate_regressed,0.7,back_L12_15,T9,lag2_soft_change,57,0.40355053544044495,0.03391888365149498,0.03678564727306366
goal_predicate_regressed,0.7,back_L12_15,T10,lag1_soft_change,57,0.3599647283554077,0.030935272574424744,0.03310616686940193
goal_predicate_regressed,0.7,back_L12_15,T10,lag1_hard_churn,57,0.15966004133224487,0.6267051100730896,0.7854941487312317
goal_predicate_regressed,0.7,back_L12_15,T10,lag2_soft_change,57,0.3718981146812439,0.036391790956258774,0.040569473057985306
goal_predicate_regressed,0.8,back_L12_15,state,lag1_soft_change,57,0.06615149229764938,0.044975608587265015,0.0939008891582489
goal_predicate_regressed,0.8,back_L12_15,state,lag1_hard_churn,57,0.09523144364356995,0.40908271074295044,0.7217018008232117
goal_predicate_regressed,0.8,back_L12_15,state,lag2_soft_change,57,0.09718740731477737,0.06498618423938751,0.11969523131847382
goal_predicate_regressed,0.8,back_L12_15,T1,lag1_soft_change,57,0.15488721430301666,0.028136370703577995,0.037848684936761856
goal_predicate_regressed,0.8,back_L12_15,T1,lag1_hard_churn,57,0.11079086363315582,0.6228145360946655,0.8230739831924438
goal_predicate_regressed,0.8,back_L12_15,T1,lag2_soft_change,57,0.2216888964176178,0.03396330028772354,0.04232069477438927
goal_predicate_regressed,0.8,back_L12_15,T2,lag1_soft_change,57,0.09724310785531998,0.026174470782279968,0.03607889264822006
goal_predicate_regressed,0.8,back_L12_15,T2,lag1_hard_churn,57,0.06477304548025131,0.6455322504043579,0.85689777135849
goal_predicate_regressed,0.8,back_L12_15,T2,lag2_soft_change,57,0.17014941573143005,0.031722478568553925,0.039733145385980606
goal_predicate_regressed,0.8,back_L12_15,T3,lag1_soft_change,57,0.18162253499031067,0.027308952063322067,0.03480864688754082
goal_predicate_regressed,0.8,back_L12_15,T3,lag1_hard_churn,57,0.0782511830329895,0.674436092376709,0.8613492250442505
goal_predicate_regressed,0.8,back_L12_15,T3,lag2_soft_change,57,0.19939403235912323,0.031175848096609116,0.03788294270634651
goal_predicate_regressed,0.8,back_L12_15,T4,lag1_soft_change,57,0.1682787835597992,0.026894381269812584,0.03428483381867409
goal_predicate_regressed,0.8,back_L12_15,T4,lag1_hard_churn,57,0.07102478295564651,0.6813876628875732,0.8678611516952515
goal_predicate_regressed,0.8,back_L12_15,T4,lag2_soft_change,57,0.2490471601486206,0.03213795647025108,0.036801181733608246
goal_predicate_regressed,0.8,back_L12_15,T5,lag1_soft_change,57,0.2492620348930359,0.027596818283200264,0.033989910036325455
goal_predicate_regressed,0.8,back_L12_15,T5,lag1_hard_churn,57,0.04288499057292938,0.6859549283981323,0.8714898824691772
goal_predicate_regressed,0.8,back_L12_15,T5,lag2_soft_change,57,0.27813979983329773,0.03202375769615173,0.03634285926818848
goal_predicate_regressed,0.8,back_L12_15,T6,lag1_soft_change,57,0.19572241604328156,0.028420981019735336,0.034656036645174026
goal_predicate_regressed,0.8,back_L12_15,T6,lag1_hard_churn,57,0.07583935558795929,0.7011570334434509,0.8725357055664062
goal_predicate_regressed,0.8,back_L12_15,T6,lag2_soft_change,57,0.25379088521003723,0.03236900642514229,0.0367310494184494
goal_predicate_regressed,0.8,back_L12_15,T7,lag1_soft_change,57,0.26401087641716003,0.03014123998582363,0.03489158675074577
goal_predicate_regressed,0.8,back_L12_15,T7,lag1_hard_churn,57,0.04613708332180977,0.6964219212532043,0.8687042593955994
goal_predicate_regressed,0.8,back_L12_15,T7,lag2_soft_change,57,0.2936362624168396,0.032590437680482864,0.03707413375377655
goal_predicate_regressed,0.8,back_L12_15,T8,lag1_soft_change,57,0.3146156370639801,0.03135077282786369,0.036108676344156265
goal_predicate_regressed,0.8,back_L12_15,T8,lag1_hard_churn,57,0.1021260917186737,0.6930484175682068,0.8650041818618774
goal_predicate_regressed,0.8,back_L12_15,T8,lag2_soft_change,57,0.3089771568775177,0.03486228361725807,0.038843508809804916
goal_predicate_regressed,0.8,back_L12_15,T9,lag1_soft_change,57,0.25008898973464966,0.031313952058553696,0.038548871874809265
goal_predicate_regressed,0.8,back_L12_15,T9,lag1_hard_churn,57,0.05261462926864624,0.6573792695999146,0.862777829170227
goal_predicate_regressed,0.8,back_L12_15,T9,lag2_soft_change,57,0.2187400907278061,0.035007692873477936,0.041133638471364975
goal_predicate_regressed,0.8,back_L12_15,T10,lag1_soft_change,57,0.1230086088180542,0.033229079097509384,0.042882855981588364
goal_predicate_regressed,0.8,back_L12_15,T10,lag1_hard_churn,57,0.05739348754286766,0.6352481245994568,0.824701726436615
goal_predicate_regressed,0.8,back_L12_15,T10,lag2_soft_change,57,0.18000799417495728,0.039817217737436295,0.04775790870189667
goal_predicate_regressed,0.9,back_L12_15,state,lag1_soft_change,57,0.07645200192928314,0.03514125198125839,0.0827125757932663
goal_predicate_regressed,0.9,back_L12_15,state,lag1_hard_churn,57,0.07278253138065338,0.3005547523498535,0.6696971654891968
goal_predicate_regressed,0.9,back_L12_15,state,lag2_soft_change,57,0.05250626802444458,0.04804408177733421,0.11499402672052383
goal_predicate_regressed,0.9,back_L12_15,T1,lag1_soft_change,57,0.182832270860672,0.0270773284137249,0.038451798260211945
goal_predicate_regressed,0.9,back_L12_15,T1,lag1_hard_churn,57,0.1132044717669487,0.5911712050437927,0.7884200215339661
goal_predicate_regressed,0.9,back_L12_15,T1,lag2_soft_change,57,0.13787730038166046,0.0315161757171154,0.04550808295607567
goal_predicate_regressed,0.9,back_L12_15,T2,lag1_soft_change,57,0.2225073128938675,0.02651357650756836,0.03560600429773331
goal_predicate_regressed,0.9,back_L12_15,T2,lag1_hard_churn,57,0.09549371898174286,0.6303570866584778,0.8167745471000671
goal_predicate_regressed,0.9,back_L12_15,T2,lag2_soft_change,57,0.1202424094080925,0.029275154694914818,0.041109807789325714
goal_predicate_regressed,0.9,back_L12_15,T3,lag1_soft_change,57,0.20127297937870026,0.02500978112220764,0.0348329171538353
goal_predicate_regressed,0.9,back_L12_15,T3,lag1_hard_churn,57,0.12681174278259277,0.6377919316291809,0.8263195753097534
goal_predicate_regressed,0.9,back_L12_15,T3,lag2_soft_change,57,0.13160395622253418,0.02730242908000946,0.03856387361884117
goal_predicate_regressed,0.9,back_L12_15,T4,lag1_soft_change,57,0.2909225523471832,0.025892876088619232,0.033927638083696365
goal_predicate_regressed,0.9,back_L12_15,T4,lag1_hard_churn,57,0.1058487668633461,0.6572034955024719,0.8226417899131775
goal_predicate_regressed,0.9,back_L12_15,T4,lag2_soft_change,57,0.14119435846805573,0.026858042925596237,0.0375860333442688
goal_predicate_regressed,0.9,back_L12_15,T5,lag1_soft_change,57,0.29208701848983765,0.027049405500292778,0.03346600756049156
goal_predicate_regressed,0.9,back_L12_15,T5,lag1_hard_churn,57,0.09595365822315216,0.6650320887565613,0.8382291793823242
goal_predicate_regressed,0.9,back_L12_15,T5,lag2_soft_change,57,0.2327469289302826,0.029354168102145195,0.036883238703012466
goal_predicate_regressed,0.9,back_L12_15,T6,lag1_soft_change,57,0.28372514247894287,0.027005508542060852,0.033481527119874954
goal_predicate_regressed,0.9,back_L12_15,T6,lag1_hard_churn,57,0.11559998989105225,0.6483196020126343,0.8331148028373718
goal_predicate_regressed,0.9,back_L12_15,T6,lag2_soft_change,57,0.19330285489559174,0.029850224032998085,0.03734392300248146
goal_predicate_regressed,0.9,back_L12_15,T7,lag1_soft_change,57,0.3012663722038269,0.02717454545199871,0.03357326611876488
goal_predicate_regressed,0.9,back_L12_15,T7,lag1_hard_churn,57,0.10177413374185562,0.6480095982551575,0.8245550394058228
goal_predicate_regressed,0.9,back_L12_15,T7,lag2_soft_change,57,0.2138933539390564,0.02941061183810234,0.038074564188718796
goal_predicate_regressed,0.9,back_L12_15,T8,lag1_soft_change,57,0.26393938064575195,0.027469970285892487,0.03409254550933838
goal_predicate_regressed,0.9,back_L12_15,T8,lag1_hard_churn,57,0.08919520676136017,0.6384330987930298,0.8271603584289551
goal_predicate_regressed,0.9,back_L12_15,T8,lag2_soft_change,57,0.13408520817756653,0.029257753863930702,0.039348192512989044
goal_predicate_regressed,0.9,back_L12_15,T9,lag1_soft_change,57,0.2913833558559418,0.0291463453322649,0.036155231297016144
goal_predicate_regressed,0.9,back_L12_15,T9,lag1_hard_churn,57,0.11956298351287842,0.6488041281700134,0.8172112703323364
goal_predicate_regressed,0.9,back_L12_15,T9,lag2_soft_change,57,0.11765525490045547,0.03062060847878456,0.042114757001399994
goal_predicate_regressed,0.9,back_L12_15,T10,lag1_soft_change,57,0.20207805931568146,0.028747353702783585,0.03862573206424713
goal_predicate_regressed,0.9,back_L12_15,T10,lag1_hard_churn,57,0.12867850065231323,0.599890947341919,0.7750409841537476
goal_predicate_regressed,0.9,back_L12_15,T10,lag2_soft_change,57,0.07815712690353394,0.032760102301836014,0.0475916787981987
goal_predicate_regressed,1.0,back_L12_15,state,lag1_soft_change,57,0.1488124430179596,0.04203633591532707,0.07852549850940704
goal_predicate_regressed,1.0,back_L12_15,state,lag1_hard_churn,57,0.1170591413974762,0.33908942341804504,0.6942734718322754
goal_predicate_regressed,1.0,back_L12_15,state,lag2_soft_change,57,0.18393827974796295,0.06084641069173813,0.11055583506822586
goal_predicate_regressed,1.0,back_L12_15,T1,lag1_soft_change,57,0.15750809013843536,0.026136470958590508,0.03735993802547455
goal_predicate_regressed,1.0,back_L12_15,T1,lag1_hard_churn,57,0.07579293102025986,0.602142870426178,0.7961876392364502
goal_predicate_regressed,1.0,back_L12_15,T1,lag2_soft_change,57,0.14464259147644043,0.03091464750468731,0.04538219794631004
goal_predicate_regressed,1.0,back_L12_15,T2,lag1_soft_change,57,0.17824815213680267,0.026134489104151726,0.034878674894571304
goal_predicate_regressed,1.0,back_L12_15,T2,lag1_hard_churn,57,0.09789752215147018,0.6502882242202759,0.8205023407936096
goal_predicate_regressed,1.0,back_L12_15,T2,lag2_soft_change,57,0.16560544073581696,0.030541058629751205,0.04185662418603897
goal_predicate_regressed,1.0,back_L12_15,T3,lag1_soft_change,57,0.16502688825130463,0.026184702292084694,0.0345771387219429
goal_predicate_regressed,1.0,back_L12_15,T3,lag1_hard_churn,57,0.12247942388057709,0.6776106953620911,0.831276535987854
goal_predicate_regressed,1.0,back_L12_15,T3,lag2_soft_change,57,0.16209076344966888,0.029643401503562927,0.0397910512983799
goal_predicate_regressed,1.0,back_L12_15,T4,lag1_soft_change,57,0.13984981179237366,0.025194581598043442,0.033914849162101746
goal_predicate_regressed,1.0,back_L12_15,T4,lag1_hard_churn,57,0.08455880731344223,0.6518086791038513,0.8456964492797852
goal_predicate_regressed,1.0,back_L12_15,T4,lag2_soft_change,57,0.15842705965042114,0.029207825660705566,0.039417874068021774
goal_predicate_regressed,1.0,back_L12_15,T5,lag1_soft_change,57,0.23303790390491486,0.027168909087777138,0.034500423818826675
goal_predicate_regressed,1.0,back_L12_15,T5,lag1_hard_churn,57,0.06596782803535461,0.6817418336868286,0.8596010208129883
goal_predicate_regressed,1.0,back_L12_15,T5,lag2_soft_change,57,0.238991379737854,0.03221667557954788,0.03890732303261757
goal_predicate_regressed,1.0,back_L12_15,T6,lag1_soft_change,57,0.2222609966993332,0.02674941159784794,0.03498642519116402
goal_predicate_regressed,1.0,back_L12_15,T6,lag1_hard_churn,57,0.03853239491581917,0.6792731881141663,0.8658756017684937
goal_predicate_regressed,1.0,back_L12_15,T6,lag2_soft_change,57,0.14934881031513214,0.03093082085251808,0.03964248299598694
goal_predicate_regressed,1.0,back_L12_15,T7,lag1_soft_change,57,0.1261797696352005,0.026741910725831985,0.03644874691963196
goal_predicate_regressed,1.0,back_L12_15,T7,lag1_hard_churn,57,0.06549303233623505,0.6835296750068665,0.8756511211395264
goal_predicate_regressed,1.0,back_L12_15,T7,lag2_soft_change,57,0.19626863300800323,0.031629547476768494,0.04004679247736931
goal_predicate_regressed,1.0,back_L12_15,T8,lag1_soft_change,57,0.13125424087047577,0.026275618001818657,0.03738012909889221
goal_predicate_regressed,1.0,back_L12_15,T8,lag1_hard_churn,57,0.058251697570085526,0.6446408033370972,0.8588024377822876
goal_predicate_regressed,1.0,back_L12_15,T8,lag2_soft_change,57,0.16746048629283905,0.03169599175453186,0.04155481606721878
goal_predicate_regressed,1.0,back_L12_15,T9,lag1_soft_change,57,0.10641580075025558,0.027206744998693466,0.039199091494083405
goal_predicate_regressed,1.0,back_L12_15,T9,lag1_hard_churn,57,0.06392067670822144,0.6403676271438599,0.8433307409286499
goal_predicate_regressed,1.0,back_L12_15,T9,lag2_soft_change,57,0.18099433183670044,0.03401236608624458,0.04320749640464783
goal_predicate_regressed,1.0,back_L12_15,T10,lag1_soft_change,57,0.10963841527700424,0.028945617377758026,0.043942831456661224
goal_predicate_regressed,1.0,back_L12_15,T10,lag1_hard_churn,57,0.06496351212263107,0.616900622844696,0.8217750787734985
goal_predicate_regressed,1.0,back_L12_15,T10,lag2_soft_change,57,0.08986978232860565,0.03449144586920738,0.04863424226641655
timeout_while_holding_target,0.1,back_L12_15,state,lag1_soft_change,50,0.4206666648387909,0.08692923188209534,0.08809589594602585
timeout_while_holding_target,0.1,back_L12_15,state,lag1_hard_churn,50,0.45780953764915466,0.5837962031364441,0.6193521022796631
timeout_while_holding_target,0.1,back_L12_15,state,lag2_soft_change,50,0.6912222504615784,0.11829184740781784,0.1148534044623375
timeout_while_holding_target,0.1,back_L12_15,T1,lag1_soft_change,50,0.4550793468952179,0.035910464823246,0.03756020963191986
timeout_while_holding_target,0.1,back_L12_15,T1,lag1_hard_churn,50,0.4062381088733673,0.7871618866920471,0.8081401586532593
timeout_while_holding_target,0.1,back_L12_15,T1,lag2_soft_change,50,0.3396667242050171,0.0433511920273304,0.0458676777780056
timeout_while_holding_target,0.1,back_L12_15,T2,lag1_soft_change,50,0.4089365005493164,0.03409087285399437,0.03595483675599098
timeout_while_holding_target,0.1,back_L12_15,T2,lag1_hard_churn,50,0.46160316467285156,0.8262647390365601,0.8299996256828308
timeout_while_holding_target,0.1,back_L12_15,T2,lag2_soft_change,50,0.21444445848464966,0.04010789096355438,0.043638162314891815
timeout_while_holding_target,0.1,back_L12_15,T3,lag1_soft_change,50,0.5382063388824463,0.034087423235177994,0.03451738506555557
timeout_while_holding_target,0.1,back_L12_15,T3,lag1_hard_churn,50,0.45076191425323486,0.8519309759140015,0.8595542907714844
timeout_while_holding_target,0.1,back_L12_15,T3,lag2_soft_change,50,0.3377460241317749,0.0394054539501667,0.040981389582157135
timeout_while_holding_target,0.1,back_L12_15,T4,lag1_soft_change,50,0.47052380442619324,0.032920874655246735,0.0340389721095562
timeout_while_holding_target,0.1,back_L12_15,T4,lag1_hard_churn,50,0.3715079426765442,0.8518275618553162,0.8724145293235779
timeout_while_holding_target,0.1,back_L12_15,T4,lag2_soft_change,50,0.28152382373809814,0.03786316141486168,0.039451152086257935
timeout_while_holding_target,0.1,back_L12_15,T5,lag1_soft_change,50,0.47031745314598083,0.03335169702768326,0.03377876430749893
timeout_while_holding_target,0.1,back_L12_15,T5,lag1_hard_churn,50,0.41476190090179443,0.854866087436676,0.8685736656188965
timeout_while_holding_target,0.1,back_L12_15,T5,lag2_soft_change,50,0.3152381181716919,0.036959268152713776,0.03804247826337814
timeout_while_holding_target,0.1,back_L12_15,T6,lag1_soft_change,50,0.43317463994026184,0.0334668792784214,0.03398047760128975
timeout_while_holding_target,0.1,back_L12_15,T6,lag1_hard_churn,50,0.35393649339675903,0.8456791043281555,0.8714988231658936
timeout_while_holding_target,0.1,back_L12_15,T6,lag2_soft_change,50,0.3410317599773407,0.03764066845178604,0.038133855909109116
timeout_while_holding_target,0.1,back_L12_15,T7,lag1_soft_change,50,0.5347777605056763,0.03424752503633499,0.0336073599755764
timeout_while_holding_target,0.1,back_L12_15,T7,lag1_hard_churn,50,0.40696823596954346,0.8503894805908203,0.8641425967216492
timeout_while_holding_target,0.1,back_L12_15,T7,lag2_soft_change,50,0.36204761266708374,0.03763214871287346,0.03871407359838486
timeout_while_holding_target,0.1,back_L12_15,T8,lag1_soft_change,50,0.5837777853012085,0.03496066480875015,0.03374139219522476
timeout_while_holding_target,0.1,back_L12_15,T8,lag1_hard_churn,50,0.4862222373485565,0.8455766439437866,0.8478429317474365
timeout_while_holding_target,0.1,back_L12_15,T8,lag2_soft_change,50,0.38298413157463074,0.038276635110378265,0.03940891847014427
timeout_while_holding_target,0.1,back_L12_15,T9,lag1_soft_change,50,0.49888888001441956,0.03617306426167488,0.03488084673881531
timeout_while_holding_target,0.1,back_L12_15,T9,lag1_hard_churn,50,0.4763015806674957,0.83221036195755,0.8342763781547546
timeout_while_holding_target,0.1,back_L12_15,T9,lag2_soft_change,50,0.3120635151863098,0.03960263729095459,0.04146577790379524
timeout_while_holding_target,0.1,back_L12_15,T10,lag1_soft_change,50,0.547365128993988,0.03966044634580612,0.037263091653585434
timeout_while_holding_target,0.1,back_L12_15,T10,lag1_hard_churn,50,0.6263332962989807,0.8292700052261353,0.8116488456726074
timeout_while_holding_target,0.1,back_L12_15,T10,lag2_soft_change,50,0.5041269659996033,0.04430467635393143,0.045329056680202484
timeout_while_holding_target,0.2,back_L12_15,state,lag1_soft_change,50,0.6881904602050781,0.08603993058204651,0.08449844270944595
timeout_while_holding_target,0.2,back_L12_15,state,lag1_hard_churn,50,0.5691904425621033,0.5908495187759399,0.5921735763549805
timeout_while_holding_target,0.2,back_L12_15,state,lag2_soft_change,50,0.40023812651634216,0.11048141121864319,0.11690373718738556
timeout_while_holding_target,0.2,back_L12_15,T1,lag1_soft_change,50,0.6815397143363953,0.03861610218882561,0.03364467993378639
timeout_while_holding_target,0.2,back_L12_15,T1,lag1_hard_churn,50,0.5890952348709106,0.7846229076385498,0.7662160396575928
timeout_while_holding_target,0.2,back_L12_15,T1,lag2_soft_change,50,0.5611905455589294,0.04210297018289566,0.041625481098890305
timeout_while_holding_target,0.2,back_L12_15,T2,lag1_soft_change,50,0.6686031222343445,0.03775050863623619,0.03157135471701622
timeout_while_holding_target,0.2,back_L12_15,T2,lag1_hard_churn,50,0.6331428289413452,0.8287114500999451,0.8031574487686157
timeout_while_holding_target,0.2,back_L12_15,T2,lag2_soft_change,50,0.5154762268066406,0.039738159626722336,0.03902507200837135
timeout_while_holding_target,0.2,back_L12_15,T3,lag1_soft_change,50,0.7298412322998047,0.03646286949515343,0.030373655259609222
timeout_while_holding_target,0.2,back_L12_15,T3,lag1_hard_churn,50,0.6632381677627563,0.8572676181793213,0.8225165009498596
timeout_while_holding_target,0.2,back_L12_15,T3,lag2_soft_change,50,0.45455560088157654,0.03755767270922661,0.036828361451625824
timeout_while_holding_target,0.2,back_L12_15,T4,lag1_soft_change,50,0.7055555582046509,0.03495156392455101,0.029530860483646393
timeout_while_holding_target,0.2,back_L12_15,T4,lag1_hard_churn,50,0.625619113445282,0.850176215171814,0.8348259925842285
timeout_while_holding_target,0.2,back_L12_15,T4,lag2_soft_change,50,0.5643174648284912,0.03614112734794617,0.03540104255080223
timeout_while_holding_target,0.2,back_L12_15,T5,lag1_soft_change,50,0.6907142400741577,0.03467574343085289,0.030778145417571068
timeout_while_holding_target,0.2,back_L12_15,T5,lag1_hard_churn,50,0.5258889198303223,0.8376962542533875,0.8505592346191406
timeout_while_holding_target,0.2,back_L12_15,T5,lag2_soft_change,50,0.5595714449882507,0.035754285752773285,0.03520864620804787
timeout_while_holding_target,0.2,back_L12_15,T6,lag1_soft_change,50,0.7293968796730042,0.035558611154556274,0.030946779996156693
timeout_while_holding_target,0.2,back_L12_15,T6,lag1_hard_churn,50,0.49542853236198425,0.8497723937034607,0.8506016731262207
timeout_while_holding_target,0.2,back_L12_15,T6,lag2_soft_change,50,0.6061905026435852,0.03617144376039505,0.035146769136190414
timeout_while_holding_target,0.2,back_L12_15,T7,lag1_soft_change,50,0.7585873603820801,0.035765741020441055,0.030992714688181877
timeout_while_holding_target,0.2,back_L12_15,T7,lag1_hard_churn,50,0.5193333625793457,0.8454933762550354,0.8441445231437683
timeout_while_holding_target,0.2,back_L12_15,T7,lag2_soft_change,50,0.5890952348709106,0.03604121506214142,0.03533129394054413
timeout_while_holding_target,0.2,back_L12_15,T8,lag1_soft_change,50,0.734000027179718,0.03752736374735832,0.03212801367044449
timeout_while_holding_target,0.2,back_L12_15,T8,lag1_hard_churn,50,0.4709523916244507,0.8268276453018188,0.8358405828475952
timeout_while_holding_target,0.2,back_L12_15,T8,lag2_soft_change,50,0.6990476250648499,0.03854653611779213,0.036455534398555756
timeout_while_holding_target,0.2,back_L12_15,T9,lag1_soft_change,50,0.7340952157974243,0.04067585617303848,0.03336213901638985
timeout_while_holding_target,0.2,back_L12_15,T9,lag1_hard_churn,50,0.4668729901313782,0.8179991245269775,0.8270471096038818
timeout_while_holding_target,0.2,back_L12_15,T9,lag2_soft_change,50,0.7400000095367432,0.04140734300017357,0.03763604909181595
timeout_while_holding_target,0.2,back_L12_15,T10,lag1_soft_change,50,0.7219206094741821,0.04600876197218895,0.036850184202194214
timeout_while_holding_target,0.2,back_L12_15,T10,lag1_hard_churn,50,0.5494444370269775,0.8059942722320557,0.7908374071121216
timeout_while_holding_target,0.2,back_L12_15,T10,lag2_soft_change,50,0.6882380843162537,0.046194981783628464,0.041961703449487686
timeout_while_holding_target,0.3,back_L12_15,state,lag1_soft_change,50,0.3076825439929962,0.08452370762825012,0.09418409317731857
timeout_while_holding_target,0.3,back_L12_15,state,lag1_hard_churn,50,0.3838889002799988,0.6122352480888367,0.6588823795318604
timeout_while_holding_target,0.3,back_L12_15,state,lag2_soft_change,50,0.3835237920284271,0.11886698007583618,0.12201717495918274
timeout_while_holding_target,0.3,back_L12_15,T1,lag1_soft_change,50,0.3792063593864441,0.038635242730379105,0.039958804845809937
timeout_while_holding_target,0.3,back_L12_15,T1,lag1_hard_churn,50,0.4655555784702301,0.8000209927558899,0.810580849647522
timeout_while_holding_target,0.3,back_L12_15,T1,lag2_soft_change,50,0.5147618651390076,0.04648345336318016,0.04526858404278755
timeout_while_holding_target,0.3,back_L12_15,T2,lag1_soft_change,50,0.3586190938949585,0.0357363224029541,0.03781384974718094
timeout_while_holding_target,0.3,back_L12_15,T2,lag1_hard_churn,50,0.40276190638542175,0.8228733539581299,0.8381466865539551
timeout_while_holding_target,0.3,back_L12_15,T2,lag2_soft_change,50,0.4887143075466156,0.042293500155210495,0.041449543088674545
timeout_while_holding_target,0.3,back_L12_15,T3,lag1_soft_change,50,0.24503174424171448,0.03296910598874092,0.03655542433261871
timeout_while_holding_target,0.3,back_L12_15,T3,lag1_hard_churn,50,0.3645555377006531,0.8315190672874451,0.8561817407608032
timeout_while_holding_target,0.3,back_L12_15,T3,lag2_soft_change,50,0.4830000400543213,0.03949471935629845,0.039402686059474945
timeout_while_holding_target,0.3,back_L12_15,T4,lag1_soft_change,50,0.2741428315639496,0.03248300030827522,0.03613825887441635
timeout_while_holding_target,0.3,back_L12_15,T4,lag1_hard_churn,50,0.49619045853614807,0.8524584770202637,0.8574575185775757
timeout_while_holding_target,0.3,back_L12_15,T4,lag2_soft_change,50,0.5116825103759766,0.03849560394883156,0.038528136909008026
timeout_while_holding_target,0.3,back_L12_15,T5,lag1_soft_change,50,0.2876983880996704,0.03143990412354469,0.03637372702360153
timeout_while_holding_target,0.3,back_L12_15,T5,lag1_hard_churn,50,0.39831748604774475,0.8497657179832458,0.8655551075935364
timeout_while_holding_target,0.3,back_L12_15,T5,lag2_soft_change,50,0.42992064356803894,0.03719853609800339,0.03870068117976189
timeout_while_holding_target,0.3,back_L12_15,T6,lag1_soft_change,50,0.2411746084690094,0.030936116352677345,0.03678937256336212
timeout_while_holding_target,0.3,back_L12_15,T6,lag1_hard_churn,50,0.4758412837982178,0.8419680595397949,0.8556885719299316
timeout_while_holding_target,0.3,back_L12_15,T6,lag2_soft_change,50,0.32182541489601135,0.03698427602648735,0.03917780518531799
timeout_while_holding_target,0.3,back_L12_15,T7,lag1_soft_change,50,0.2107301652431488,0.0309604462236166,0.0367405079305172
timeout_while_holding_target,0.3,back_L12_15,T7,lag1_hard_churn,50,0.33734920620918274,0.8252291083335876,0.8579308390617371
timeout_while_holding_target,0.3,back_L12_15,T7,lag2_soft_change,50,0.35185715556144714,0.03735806420445442,0.03938690572977066
timeout_while_holding_target,0.3,back_L12_15,T8,lag1_soft_change,50,0.20515872538089752,0.03259257972240448,0.03818265348672867
timeout_while_holding_target,0.3,back_L12_15,T8,lag1_hard_churn,50,0.49522221088409424,0.8455323576927185,0.8512471914291382
timeout_while_holding_target,0.3,back_L12_15,T8,lag2_soft_change,50,0.3437936305999756,0.038294922560453415,0.040658846497535706
timeout_while_holding_target,0.3,back_L12_15,T9,lag1_soft_change,50,0.15293651819229126,0.0327504426240921,0.04089635983109474
timeout_while_holding_target,0.3,back_L12_15,T9,lag1_hard_churn,50,0.3403809666633606,0.8199319243431091,0.8502609729766846
timeout_while_holding_target,0.3,back_L12_15,T9,lag2_soft_change,50,0.30409523844718933,0.04060349985957146,0.04342839866876602
timeout_while_holding_target,0.3,back_L12_15,T10,lag1_soft_change,50,0.1468571424484253,0.03514333814382553,0.04624908044934273
timeout_while_holding_target,0.3,back_L12_15,T10,lag1_hard_churn,50,0.22415871918201447,0.7666200399398804,0.8289408683776855
timeout_while_holding_target,0.3,back_L12_15,T10,lag2_soft_change,50,0.3031904995441437,0.0447821319103241,0.04969082772731781
timeout_while_holding_target,0.4,back_L12_15,state,lag1_soft_change,50,0.5205238461494446,0.0863526239991188,0.090357206761837
timeout_while_holding_target,0.4,back_L12_15,state,lag1_hard_churn,50,0.3939841091632843,0.5996496081352234,0.653930127620697
timeout_while_holding_target,0.4,back_L12_15,state,lag2_soft_change,50,0.45995238423347473,0.12040970474481583,0.12356659770011902
timeout_while_holding_target,0.4,back_L12_15,T1,lag1_soft_change,50,0.505126953125,0.03613702952861786,0.042429350316524506
timeout_while_holding_target,0.4,back_L12_15,T1,lag1_hard_churn,50,0.49758729338645935,0.7818456888198853,0.803184986114502
timeout_while_holding_target,0.4,back_L12_15,T1,lag2_soft_change,50,0.5103174448013306,0.04302961379289627,0.048387862741947174
timeout_while_holding_target,0.4,back_L12_15,T2,lag1_soft_change,50,0.4856031537055969,0.0334320031106472,0.03976822644472122
timeout_while_holding_target,0.4,back_L12_15,T2,lag1_hard_churn,50,0.41617462038993835,0.8118180632591248,0.8359230756759644
timeout_while_holding_target,0.4,back_L12_15,T2,lag2_soft_change,50,0.5137301087379456,0.03911616653203964,0.0442301370203495
timeout_while_holding_target,0.4,back_L12_15,T3,lag1_soft_change,50,0.4831904470920563,0.03297453001141548,0.038421839475631714
timeout_while_holding_target,0.4,back_L12_15,T3,lag1_hard_churn,50,0.45752379298210144,0.8257467746734619,0.8504012823104858
timeout_while_holding_target,0.4,back_L12_15,T3,lag2_soft_change,50,0.48842853307724,0.03794217109680176,0.04200240597128868
timeout_while_holding_target,0.4,back_L12_15,T4,lag1_soft_change,50,0.5027459859848022,0.03311038762331009,0.03773142769932747
timeout_while_holding_target,0.4,back_L12_15,T4,lag1_hard_churn,50,0.4832381010055542,0.8404696583747864,0.8603611588478088
timeout_while_holding_target,0.4,back_L12_15,T4,lag2_soft_change,50,0.4779682457447052,0.03759538009762764,0.040429964661598206
timeout_while_holding_target,0.4,back_L12_15,T5,lag1_soft_change,50,0.5135079622268677,0.03259003534913063,0.03677158057689667
timeout_while_holding_target,0.4,back_L12_15,T5,lag1_hard_churn,50,0.43998414278030396,0.8454229235649109,0.8588475584983826
timeout_while_holding_target,0.4,back_L12_15,T5,lag2_soft_change,50,0.500349223613739,0.03589663654565811,0.039105311036109924
timeout_while_holding_target,0.4,back_L12_15,T6,lag1_soft_change,50,0.5243015885353088,0.032225798815488815,0.03630945831537247
timeout_while_holding_target,0.4,back_L12_15,T6,lag1_hard_churn,50,0.4158571660518646,0.8385867476463318,0.8619543313980103
timeout_while_holding_target,0.4,back_L12_15,T6,lag2_soft_change,50,0.460317462682724,0.035463739186525345,0.03927691653370857
timeout_while_holding_target,0.4,back_L12_15,T7,lag1_soft_change,50,0.5254444479942322,0.03339008241891861,0.03629793971776962
timeout_while_holding_target,0.4,back_L12_15,T7,lag1_hard_churn,50,0.5273492336273193,0.8448401093482971,0.8478482961654663
timeout_while_holding_target,0.4,back_L12_15,T7,lag2_soft_change,50,0.47063490748405457,0.0360238254070282,0.03960117697715759
timeout_while_holding_target,0.4,back_L12_15,T8,lag1_soft_change,50,0.5271111726760864,0.03490230813622475,0.03747335821390152
timeout_while_holding_target,0.4,back_L12_15,T8,lag1_hard_churn,50,0.5122222304344177,0.8501172065734863,0.8505914211273193
timeout_while_holding_target,0.4,back_L12_15,T8,lag2_soft_change,50,0.43184125423431396,0.03750958293676376,0.04100063443183899
timeout_while_holding_target,0.4,back_L12_15,T9,lag1_soft_change,50,0.5031428337097168,0.036634404212236404,0.038681697100400925
timeout_while_holding_target,0.4,back_L12_15,T9,lag1_hard_churn,50,0.5558571219444275,0.8456666469573975,0.8365545868873596
timeout_while_holding_target,0.4,back_L12_15,T9,lag2_soft_change,50,0.46874603629112244,0.04027995094656944,0.04282592236995697
timeout_while_holding_target,0.4,back_L12_15,T10,lag1_soft_change,50,0.5491745471954346,0.04002911224961281,0.04252093657851219
timeout_while_holding_target,0.4,back_L12_15,T10,lag1_hard_churn,50,0.5286349654197693,0.8085553050041199,0.7954260110855103
timeout_while_holding_target,0.4,back_L12_15,T10,lag2_soft_change,50,0.48971426486968994,0.04548175632953644,0.04731215909123421
timeout_while_holding_target,0.5,back_L12_15,state,lag1_soft_change,50,0.17630159854888916,0.07186216861009598,0.09832204133272171
timeout_while_holding_target,0.5,back_L12_15,state,lag1_hard_churn,50,0.1567777842283249,0.5651094913482666,0.7209195494651794
timeout_while_holding_target,0.5,back_L12_15,state,lag2_soft_change,50,0.3249523937702179,0.1051686555147171,0.12316948175430298
timeout_while_holding_target,0.5,back_L12_15,T1,lag1_soft_change,50,0.17069841921329498,0.030964737758040428,0.04614607244729996
timeout_while_holding_target,0.5,back_L12_15,T1,lag1_hard_churn,50,0.24088889360427856,0.7162690162658691,0.8142368197441101
timeout_while_holding_target,0.5,back_L12_15,T1,lag2_soft_change,50,0.17649206519126892,0.03856251388788223,0.05011135712265968
timeout_while_holding_target,0.5,back_L12_15,T2,lag1_soft_change,50,0.14065079391002655,0.029602793976664543,0.04241850972175598
timeout_while_holding_target,0.5,back_L12_15,T2,lag1_hard_churn,50,0.24790477752685547,0.7617095708847046,0.8533188700675964
timeout_while_holding_target,0.5,back_L12_15,T2,lag2_soft_change,50,0.1735079437494278,0.036075133830308914,0.045144062489271164
timeout_while_holding_target,0.5,back_L12_15,T3,lag1_soft_change,50,0.16384129226207733,0.02918010950088501,0.040458787232637405
timeout_while_holding_target,0.5,back_L12_15,T3,lag1_hard_churn,50,0.22495236992835999,0.7694261074066162,0.8699120879173279
timeout_while_holding_target,0.5,back_L12_15,T3,lag2_soft_change,50,0.15296825766563416,0.035114120692014694,0.042114462703466415
timeout_while_holding_target,0.5,back_L12_15,T4,lag1_soft_change,50,0.16780954599380493,0.028496742248535156,0.039480533450841904
timeout_while_holding_target,0.5,back_L12_15,T4,lag1_hard_churn,50,0.2098730057477951,0.7794976830482483,0.8786230683326721
timeout_while_holding_target,0.5,back_L12_15,T4,lag2_soft_change,50,0.1634126901626587,0.033872079104185104,0.04045956954360008
timeout_while_holding_target,0.5,back_L12_15,T5,lag1_soft_change,50,0.17690475285053253,0.028863942250609398,0.03869975730776787
timeout_while_holding_target,0.5,back_L12_15,T5,lag1_hard_churn,50,0.24873016774654388,0.7869428396224976,0.8782757520675659
timeout_while_holding_target,0.5,back_L12_15,T5,lag2_soft_change,50,0.19907937943935394,0.034314945340156555,0.039518360048532486
timeout_while_holding_target,0.5,back_L12_15,T6,lag1_soft_change,50,0.15214285254478455,0.029146291315555573,0.038517437875270844
timeout_while_holding_target,0.5,back_L12_15,T6,lag1_hard_churn,50,0.29692062735557556,0.785519003868103,0.8748850226402283
timeout_while_holding_target,0.5,back_L12_15,T6,lag2_soft_change,50,0.18020635843276978,0.03425128757953644,0.039622291922569275
timeout_while_holding_target,0.5,back_L12_15,T7,lag1_soft_change,50,0.1466190665960312,0.029678285121917725,0.03882278501987457
timeout_while_holding_target,0.5,back_L12_15,T7,lag1_hard_churn,50,0.18269842863082886,0.783549964427948,0.8742989897727966
timeout_while_holding_target,0.5,back_L12_15,T7,lag2_soft_change,50,0.19104762375354767,0.034769196063280106,0.040213692933321
timeout_while_holding_target,0.5,back_L12_15,T8,lag1_soft_change,50,0.15447621047496796,0.031042836606502533,0.03969919681549072
timeout_while_holding_target,0.5,back_L12_15,T8,lag1_hard_churn,50,0.2026190310716629,0.7847690582275391,0.8684685230255127
timeout_while_holding_target,0.5,back_L12_15,T8,lag2_soft_change,50,0.28963494300842285,0.03621813282370567,0.041648950427770615
timeout_while_holding_target,0.5,back_L12_15,T9,lag1_soft_change,50,0.15928572416305542,0.03285398706793785,0.04176151379942894
timeout_while_holding_target,0.5,back_L12_15,T9,lag1_hard_churn,50,0.27850794792175293,0.7758405208587646,0.8550395965576172
timeout_while_holding_target,0.5,back_L12_15,T9,lag2_soft_change,50,0.3747936487197876,0.0386587493121624,0.04395558312535286
timeout_while_holding_target,0.5,back_L12_15,T10,lag1_soft_change,50,0.23625396192073822,0.03636523336172104,0.04513062909245491
timeout_while_holding_target,0.5,back_L12_15,T10,lag1_hard_churn,50,0.2180793583393097,0.751628577709198,0.8278585076332092
timeout_while_holding_target,0.5,back_L12_15,T10,lag2_soft_change,50,0.3339206278324127,0.04350736737251282,0.049422215670347214
timeout_while_holding_target,0.6,back_L12_15,state,lag1_soft_change,50,0.24063491821289062,0.054424405097961426,0.09037665277719498
timeout_while_holding_target,0.6,back_L12_15,state,lag1_hard_churn,50,0.3027459979057312,0.44421523809432983,0.6436965465545654
timeout_while_holding_target,0.6,back_L12_15,state,lag2_soft_change,50,0.22161906957626343,0.07656373828649521,0.12487847357988358
timeout_while_holding_target,0.6,back_L12_15,T1,lag1_soft_change,50,0.2906666696071625,0.02999758906662464,0.03900432959198952
timeout_while_holding_target,0.6,back_L12_15,T1,lag1_hard_churn,50,0.1896190494298935,0.6788161993026733,0.8202627301216125
timeout_while_holding_target,0.6,back_L12_15,T1,lag2_soft_change,50,0.25741270184516907,0.034724824130535126,0.04711824283003807
timeout_while_holding_target,0.6,back_L12_15,T2,lag1_soft_change,50,0.3072063624858856,0.02823500894010067,0.0355716235935688
timeout_while_holding_target,0.6,back_L12_15,T2,lag1_hard_churn,50,0.1759047657251358,0.704454243183136,0.8539809584617615
timeout_while_holding_target,0.6,back_L12_15,T2,lag2_soft_change,50,0.2577301561832428,0.032224178314208984,0.04258197918534279
timeout_while_holding_target,0.6,back_L12_15,T3,lag1_soft_change,50,0.31282538175582886,0.02812492847442627,0.03432105481624603
timeout_while_holding_target,0.6,back_L12_15,T3,lag1_hard_churn,50,0.16996826231479645,0.7179704904556274,0.865557074546814
timeout_while_holding_target,0.6,back_L12_15,T3,lag2_soft_change,50,0.2695237994194031,0.03165853023529053,0.04022499918937683
timeout_while_holding_target,0.6,back_L12_15,T4,lag1_soft_change,50,0.30755555629730225,0.028247477486729622,0.03344755992293358
timeout_while_holding_target,0.6,back_L12_15,T4,lag1_hard_churn,50,0.2076507955789566,0.7254314422607422,0.8711053729057312
timeout_while_holding_target,0.6,back_L12_15,T4,lag2_soft_change,50,0.28809523582458496,0.031258970499038696,0.03833799064159393
timeout_while_holding_target,0.6,back_L12_15,T5,lag1_soft_change,50,0.31682541966438293,0.02805645763874054,0.03354538604617119
timeout_while_holding_target,0.6,back_L12_15,T5,lag1_hard_churn,50,0.19831745326519012,0.7178590297698975,0.8721482753753662
timeout_while_holding_target,0.6,back_L12_15,T5,lag2_soft_change,50,0.32955554127693176,0.031299591064453125,0.0375145748257637
timeout_while_holding_target,0.6,back_L12_15,T6,lag1_soft_change,50,0.35968253016471863,0.028373045846819878,0.0328965038061142
timeout_while_holding_target,0.6,back_L12_15,T6,lag1_hard_churn,50,0.18625396490097046,0.7191219329833984,0.8698959946632385
timeout_while_holding_target,0.6,back_L12_15,T6,lag2_soft_change,50,0.33444443345069885,0.031629811972379684,0.03716433048248291
timeout_while_holding_target,0.6,back_L12_15,T7,lag1_soft_change,50,0.40533334016799927,0.030071252956986427,0.03265340253710747
timeout_while_holding_target,0.6,back_L12_15,T7,lag1_hard_churn,50,0.21866664290428162,0.7258914709091187,0.8624098896980286
timeout_while_holding_target,0.6,back_L12_15,T7,lag2_soft_change,50,0.3648730516433716,0.03278877213597298,0.037828005850315094
timeout_while_holding_target,0.6,back_L12_15,T8,lag1_soft_change,50,0.42168253660202026,0.031410716474056244,0.03329179435968399
timeout_while_holding_target,0.6,back_L12_15,T8,lag1_hard_churn,50,0.2014603167772293,0.7226333022117615,0.8543837070465088
timeout_while_holding_target,0.6,back_L12_15,T8,lag2_soft_change,50,0.35733333230018616,0.03482602909207344,0.03912532329559326
timeout_while_holding_target,0.6,back_L12_15,T9,lag1_soft_change,50,0.4201270043849945,0.03222706913948059,0.034284889698028564
timeout_while_holding_target,0.6,back_L12_15,T9,lag1_hard_churn,50,0.23355557024478912,0.7026743292808533,0.8425319790840149
timeout_while_holding_target,0.6,back_L12_15,T9,lag2_soft_change,50,0.36126983165740967,0.03684404492378235,0.04082100838422775
timeout_while_holding_target,0.6,back_L12_15,T10,lag1_soft_change,50,0.4364444315433502,0.03506992384791374,0.03620150312781334
timeout_while_holding_target,0.6,back_L12_15,T10,lag1_hard_churn,50,0.23911109566688538,0.6657866835594177,0.7959547638893127
timeout_while_holding_target,0.6,back_L12_15,T10,lag2_soft_change,50,0.36438095569610596,0.04036442190408707,0.0449000783264637
timeout_while_holding_target,0.7,back_L12_15,state,lag1_soft_change,50,0.10201587527990341,0.037981901317834854,0.07968462258577347
timeout_while_holding_target,0.7,back_L12_15,state,lag1_hard_churn,50,0.1307857185602188,0.3140181005001068,0.5963133573532104
timeout_while_holding_target,0.7,back_L12_15,state,lag2_soft_change,50,0.08122222870588303,0.05430792272090912,0.11594272404909134
timeout_while_holding_target,0.7,back_L12_15,T1,lag1_soft_change,50,0.30106350779533386,0.026096956804394722,0.03130257502198219
timeout_while_holding_target,0.7,back_L12_15,T1,lag1_hard_churn,50,0.12044443935155869,0.5988028645515442,0.7434468865394592
timeout_while_holding_target,0.7,back_L12_15,T1,lag2_soft_change,50,0.27625396847724915,0.030745312571525574,0.038879748433828354
timeout_while_holding_target,0.7,back_L12_15,T2,lag1_soft_change,50,0.3605555295944214,0.025986425578594208,0.02945713698863983
timeout_while_holding_target,0.7,back_L12_15,T2,lag1_hard_churn,50,0.12690477073192596,0.6515281200408936,0.7975029945373535
timeout_while_holding_target,0.7,back_L12_15,T2,lag2_soft_change,50,0.34439682960510254,0.030127249658107758,0.035852666944265366
timeout_while_holding_target,0.7,back_L12_15,T3,lag1_soft_change,50,0.3743491768836975,0.024811670184135437,0.028336405754089355
timeout_while_holding_target,0.7,back_L12_15,T3,lag1_hard_churn,50,0.08896825462579727,0.6614900231361389,0.8259540796279907
timeout_while_holding_target,0.7,back_L12_15,T3,lag2_soft_change,50,0.3574603199958801,0.027855291962623596,0.033978402614593506
timeout_while_holding_target,0.7,back_L12_15,T4,lag1_soft_change,50,0.41380950808525085,0.024614978581666946,0.02725318819284439
timeout_while_holding_target,0.7,back_L12_15,T4,lag1_hard_churn,50,0.09066666662693024,0.6564090847969055,0.8359347581863403
timeout_while_holding_target,0.7,back_L12_15,T4,lag2_soft_change,50,0.4370952546596527,0.028092198073863983,0.032572515308856964
timeout_while_holding_target,0.7,back_L12_15,T5,lag1_soft_change,50,0.32896822690963745,0.02450057491660118,0.027819955721497536
timeout_while_holding_target,0.7,back_L12_15,T5,lag1_hard_churn,50,0.10336507856845856,0.6634333729743958,0.8424750566482544
timeout_while_holding_target,0.7,back_L12_15,T5,lag2_soft_change,50,0.42947617173194885,0.027725839987397194,0.03271825984120369
timeout_while_holding_target,0.7,back_L12_15,T6,lag1_soft_change,50,0.3933650553226471,0.025962132960557938,0.02765846997499466
timeout_while_holding_target,0.7,back_L12_15,T6,lag1_hard_churn,50,0.0969841256737709,0.6722381711006165,0.8426049947738647
timeout_while_holding_target,0.7,back_L12_15,T6,lag2_soft_change,50,0.46504759788513184,0.030493194237351418,0.03237167373299599
timeout_while_holding_target,0.7,back_L12_15,T7,lag1_soft_change,50,0.43355557322502136,0.026827001944184303,0.027666637673974037
timeout_while_holding_target,0.7,back_L12_15,T7,lag1_hard_churn,50,0.09706349670886993,0.6637361645698547,0.838530421257019
timeout_while_holding_target,0.7,back_L12_15,T7,lag2_soft_change,50,0.4734920561313629,0.030766749754548073,0.03254762664437294
timeout_while_holding_target,0.7,back_L12_15,T8,lag1_soft_change,50,0.5176984071731567,0.02995876967906952,0.02839268185198307
timeout_while_holding_target,0.7,back_L12_15,T8,lag1_hard_churn,50,0.06752380728721619,0.6742532849311829,0.8382818698883057
timeout_while_holding_target,0.7,back_L12_15,T8,lag2_soft_change,50,0.48979365825653076,0.03308076784014702,0.03341399133205414
timeout_while_holding_target,0.7,back_L12_15,T9,lag1_soft_change,50,0.5577459931373596,0.03005499392747879,0.028844691812992096
timeout_while_holding_target,0.7,back_L12_15,T9,lag1_hard_churn,50,0.1507936418056488,0.6530699729919434,0.8094236850738525
timeout_while_holding_target,0.7,back_L12_15,T9,lag2_soft_change,50,0.4889841377735138,0.03485031798481941,0.03522062674164772
timeout_while_holding_target,0.7,back_L12_15,T10,lag1_soft_change,50,0.520031750202179,0.03171733021736145,0.03151706978678703
timeout_while_holding_target,0.7,back_L12_15,T10,lag1_hard_churn,50,0.16812698543071747,0.6278356909751892,0.7641721963882446
timeout_while_holding_target,0.7,back_L12_15,T10,lag2_soft_change,50,0.5028571486473083,0.03544547036290169,0.03821314871311188
timeout_while_holding_target,0.8,back_L12_15,state,lag1_soft_change,50,0.09444444626569748,0.048919692635536194,0.09377601742744446
timeout_while_holding_target,0.8,back_L12_15,state,lag1_hard_churn,50,0.10733333230018616,0.37187618017196655,0.6818235516548157
timeout_while_holding_target,0.8,back_L12_15,state,lag2_soft_change,50,0.1517460197210312,0.06686399132013321,0.12157133221626282
timeout_while_holding_target,0.8,back_L12_15,T1,lag1_soft_change,50,0.23657143115997314,0.029109938070178032,0.03765023872256279
timeout_while_holding_target,0.8,back_L12_15,T1,lag1_hard_churn,50,0.05507936328649521,0.630160927772522,0.8321099877357483
timeout_while_holding_target,0.8,back_L12_15,T1,lag2_soft_change,50,0.34753966331481934,0.034310370683670044,0.04291590675711632
timeout_while_holding_target,0.8,back_L12_15,T2,lag1_soft_change,50,0.19409525394439697,0.02733864262700081,0.035376571118831635
timeout_while_holding_target,0.8,back_L12_15,T2,lag1_hard_churn,50,0.05923809856176376,0.6726067066192627,0.8523065447807312
timeout_while_holding_target,0.8,back_L12_15,T2,lag2_soft_change,50,0.30498412251472473,0.03201575204730034,0.039667412638664246
timeout_while_holding_target,0.8,back_L12_15,T3,lag1_soft_change,50,0.24761903285980225,0.02799428626894951,0.03488899767398834
timeout_while_holding_target,0.8,back_L12_15,T3,lag1_hard_churn,50,0.03888889029622078,0.6853846907615662,0.8659459948539734
timeout_while_holding_target,0.8,back_L12_15,T3,lag2_soft_change,50,0.37057140469551086,0.03151147440075874,0.037741586565971375
timeout_while_holding_target,0.8,back_L12_15,T4,lag1_soft_change,50,0.29452380537986755,0.027981871739029884,0.034482523798942566
timeout_while_holding_target,0.8,back_L12_15,T4,lag1_hard_churn,50,0.036349207162857056,0.7003189921379089,0.8680705428123474
timeout_while_holding_target,0.8,back_L12_15,T4,lag2_soft_change,50,0.4001905024051666,0.03235189989209175,0.03685058280825615
timeout_while_holding_target,0.8,back_L12_15,T5,lag1_soft_change,50,0.35784125328063965,0.028626099228858948,0.0340840183198452
timeout_while_holding_target,0.8,back_L12_15,T5,lag1_hard_churn,50,0.08447618782520294,0.7205677032470703,0.8699626326560974
timeout_while_holding_target,0.8,back_L12_15,T5,lag2_soft_change,50,0.3941904306411743,0.032210834324359894,0.036783698946237564
timeout_while_holding_target,0.8,back_L12_15,T6,lag1_soft_change,50,0.32828572392463684,0.03031276725232601,0.034201811999082565
timeout_while_holding_target,0.8,back_L12_15,T6,lag1_hard_churn,50,0.13958731293678284,0.7242095470428467,0.8621772527694702
timeout_while_holding_target,0.8,back_L12_15,T6,lag2_soft_change,50,0.40799999237060547,0.03328854218125343,0.03636106103658676
timeout_while_holding_target,0.8,back_L12_15,T7,lag1_soft_change,50,0.2914920747280121,0.030627775937318802,0.03435865044593811
timeout_while_holding_target,0.8,back_L12_15,T7,lag1_hard_churn,50,0.06904761493206024,0.6988762021064758,0.8658918142318726
timeout_while_holding_target,0.8,back_L12_15,T7,lag2_soft_change,50,0.38852381706237793,0.033522509038448334,0.036722805351018906
timeout_while_holding_target,0.8,back_L12_15,T8,lag1_soft_change,50,0.277571439743042,0.030328232795000076,0.03546036407351494
timeout_while_holding_target,0.8,back_L12_15,T8,lag1_hard_churn,50,0.07238095253705978,0.6837018728256226,0.8609281778335571
timeout_while_holding_target,0.8,back_L12_15,T8,lag2_soft_change,50,0.4244762063026428,0.03467703238129616,0.037852782756090164
timeout_while_holding_target,0.8,back_L12_15,T9,lag1_soft_change,50,0.21822220087051392,0.029971573501825333,0.03777042776346207
timeout_while_holding_target,0.8,back_L12_15,T9,lag1_hard_churn,50,0.061428576707839966,0.6638133525848389,0.8577709794044495
timeout_while_holding_target,0.8,back_L12_15,T9,lag2_soft_change,50,0.3087618947029114,0.034181203693151474,0.04059427231550217
timeout_while_holding_target,0.8,back_L12_15,T10,lag1_soft_change,50,0.2013174593448639,0.0325874499976635,0.042096663266420364
timeout_while_holding_target,0.8,back_L12_15,T10,lag1_hard_churn,50,0.06498412787914276,0.6381133198738098,0.8240039944648743
timeout_while_holding_target,0.8,back_L12_15,T10,lag2_soft_change,50,0.23579365015029907,0.03773557394742966,0.04674955829977989
timeout_while_holding_target,0.9,back_L12_15,state,lag1_soft_change,50,0.46396827697753906,0.06525629758834839,0.08413369953632355
timeout_while_holding_target,0.9,back_L12_15,state,lag1_hard_churn,50,0.3525714576244354,0.5015580654144287,0.6544491648674011
timeout_while_holding_target,0.9,back_L12_15,state,lag2_soft_change,50,0.33992063999176025,0.08717948198318481,0.12165459990501404
timeout_while_holding_target,0.9,back_L12_15,T1,lag1_soft_change,50,0.40217459201812744,0.03385698422789574,0.03803621232509613
timeout_while_holding_target,0.9,back_L12_15,T1,lag1_hard_churn,50,0.353730171918869,0.7140367031097412,0.795728325843811
timeout_while_holding_target,0.9,back_L12_15,T1,lag2_soft_change,50,0.22892063856124878,0.03849272429943085,0.04571180045604706
timeout_while_holding_target,0.9,back_L12_15,T2,lag1_soft_change,50,0.4332857131958008,0.03189307078719139,0.035328272730112076
timeout_while_holding_target,0.9,back_L12_15,T2,lag1_hard_churn,50,0.4507618844509125,0.7386991381645203,0.8158450126647949
timeout_while_holding_target,0.9,back_L12_15,T2,lag2_soft_change,50,0.2866032123565674,0.03599999472498894,0.041787028312683105
timeout_while_holding_target,0.9,back_L12_15,T3,lag1_soft_change,50,0.341825395822525,0.03141586109995842,0.0347408764064312
timeout_while_holding_target,0.9,back_L12_15,T3,lag1_hard_churn,50,0.36560317873954773,0.749741792678833,0.8353472352027893
timeout_while_holding_target,0.9,back_L12_15,T3,lag2_soft_change,50,0.29226982593536377,0.034895140677690506,0.04006366804242134
timeout_while_holding_target,0.9,back_L12_15,T4,lag1_soft_change,50,0.4251110851764679,0.03108130395412445,0.03428303450345993
timeout_while_holding_target,0.9,back_L12_15,T4,lag1_hard_churn,50,0.35126984119415283,0.7586908936500549,0.8431487083435059
timeout_while_holding_target,0.9,back_L12_15,T4,lag2_soft_change,50,0.30188891291618347,0.0339067205786705,0.03908009082078934
timeout_while_holding_target,0.9,back_L12_15,T5,lag1_soft_change,50,0.4604126811027527,0.03150780871510506,0.03434392809867859
timeout_while_holding_target,0.9,back_L12_15,T5,lag1_hard_churn,50,0.37226980924606323,0.7656113505363464,0.8450736403465271
timeout_while_holding_target,0.9,back_L12_15,T5,lag2_soft_change,50,0.324920654296875,0.03479333966970444,0.038994401693344116
timeout_while_holding_target,0.9,back_L12_15,T6,lag1_soft_change,50,0.39780953526496887,0.030873479321599007,0.03427843376994133
timeout_while_holding_target,0.9,back_L12_15,T6,lag1_hard_churn,50,0.35555553436279297,0.7549356818199158,0.8444680571556091
timeout_while_holding_target,0.9,back_L12_15,T6,lag2_soft_change,50,0.31884127855300903,0.0350414402782917,0.03855229541659355
timeout_while_holding_target,0.9,back_L12_15,T7,lag1_soft_change,50,0.4573650658130646,0.03231550753116608,0.03409378230571747
timeout_while_holding_target,0.9,back_L12_15,T7,lag1_hard_churn,50,0.41952380537986755,0.7363232970237732,0.8348532319068909
timeout_while_holding_target,0.9,back_L12_15,T7,lag2_soft_change,50,0.4204285740852356,0.03617819771170616,0.03889605402946472
timeout_while_holding_target,0.9,back_L12_15,T8,lag1_soft_change,50,0.508126974105835,0.034043919295072556,0.034483399242162704
timeout_while_holding_target,0.9,back_L12_15,T8,lag1_hard_churn,50,0.42711111903190613,0.738201379776001,0.8218443393707275
timeout_while_holding_target,0.9,back_L12_15,T8,lag2_soft_change,50,0.4286190867424011,0.03753063082695007,0.039917200803756714
timeout_while_holding_target,0.9,back_L12_15,T9,lag1_soft_change,50,0.45612701773643494,0.03429306671023369,0.036690548062324524
timeout_while_holding_target,0.9,back_L12_15,T9,lag1_hard_churn,50,0.4215872883796692,0.7182532548904419,0.8172972798347473
timeout_while_holding_target,0.9,back_L12_15,T9,lag2_soft_change,50,0.41203173995018005,0.03866240382194519,0.04235914349555969
timeout_while_holding_target,0.9,back_L12_15,T10,lag1_soft_change,50,0.4261111319065094,0.035500794649124146,0.04020387679338455
timeout_while_holding_target,0.9,back_L12_15,T10,lag1_hard_churn,50,0.41517460346221924,0.6940814256668091,0.785521388053894
timeout_while_holding_target,0.9,back_L12_15,T10,lag2_soft_change,50,0.3675079643726349,0.041690994054079056,0.047496896237134933
timeout_while_holding_target,1.0,back_L12_15,state,lag1_soft_change,50,0.37655556201934814,0.06412755697965622,0.09138686954975128
timeout_while_holding_target,1.0,back_L12_15,state,lag1_hard_churn,50,0.3419524133205414,0.5236190557479858,0.699846088886261
timeout_while_holding_target,1.0,back_L12_15,state,lag2_soft_change,50,0.5214762091636658,0.09252162277698517,0.11794652044773102
timeout_while_holding_target,1.0,back_L12_15,T1,lag1_soft_change,50,0.3152063488960266,0.034279774874448776,0.047431133687496185
timeout_while_holding_target,1.0,back_L12_15,T1,lag1_hard_churn,50,0.33239686489105225,0.7058953046798706,0.8312429189682007
timeout_while_holding_target,1.0,back_L12_15,T1,lag2_soft_change,50,0.3941904306411743,0.04128522425889969,0.04973180219531059
timeout_while_holding_target,1.0,back_L12_15,T2,lag1_soft_change,50,0.31134921312332153,0.03349253535270691,0.04421548917889595
timeout_while_holding_target,1.0,back_L12_15,T2,lag1_hard_churn,50,0.2737143039703369,0.7498286366462708,0.8669757843017578
timeout_while_holding_target,1.0,back_L12_15,T2,lag2_soft_change,50,0.33888888359069824,0.03823748603463173,0.0457802340388298
timeout_while_holding_target,1.0,back_L12_15,T3,lag1_soft_change,50,0.2892063558101654,0.03229645639657974,0.04243471473455429
timeout_while_holding_target,1.0,back_L12_15,T3,lag1_hard_churn,50,0.25142860412597656,0.7584475874900818,0.8757603168487549
timeout_while_holding_target,1.0,back_L12_15,T3,lag2_soft_change,50,0.3465714156627655,0.036986932158470154,0.04371758922934532
timeout_while_holding_target,1.0,back_L12_15,T4,lag1_soft_change,50,0.3079841136932373,0.031192438676953316,0.041889410465955734
timeout_while_holding_target,1.0,back_L12_15,T4,lag1_hard_churn,50,0.3195555806159973,0.7587523460388184,0.8778966665267944
timeout_while_holding_target,1.0,back_L12_15,T4,lag2_soft_change,50,0.37223806977272034,0.03572411462664604,0.04278486594557762
timeout_while_holding_target,1.0,back_L12_15,T5,lag1_soft_change,50,0.2647777795791626,0.03180820122361183,0.04211791977286339
timeout_while_holding_target,1.0,back_L12_15,T5,lag1_hard_churn,50,0.23999997973442078,0.764880895614624,0.8834095597267151
timeout_while_holding_target,1.0,back_L12_15,T5,lag2_soft_change,50,0.35496821999549866,0.036682792007923126,0.04195065423846245
timeout_while_holding_target,1.0,back_L12_15,T6,lag1_soft_change,50,0.17657144367694855,0.031122831627726555,0.042388733476400375
timeout_while_holding_target,1.0,back_L12_15,T6,lag1_hard_churn,50,0.23155555129051208,0.7696952223777771,0.8856214284896851
timeout_while_holding_target,1.0,back_L12_15,T6,lag2_soft_change,50,0.2889682650566101,0.03517888858914375,0.04232710227370262
timeout_while_holding_target,1.0,back_L12_15,T7,lag1_soft_change,50,0.17006349563598633,0.03229503333568573,0.043242231011390686
timeout_while_holding_target,1.0,back_L12_15,T7,lag1_hard_churn,50,0.21479366719722748,0.7555952668190002,0.8802751302719116
timeout_while_holding_target,1.0,back_L12_15,T7,lag2_soft_change,50,0.319444477558136,0.03653993830084801,0.042851902544498444
timeout_while_holding_target,1.0,back_L12_15,T8,lag1_soft_change,50,0.1706031858921051,0.03360182046890259,0.04386758804321289
timeout_while_holding_target,1.0,back_L12_15,T8,lag1_hard_churn,50,0.30396825075149536,0.7399809956550598,0.867367684841156
timeout_while_holding_target,1.0,back_L12_15,T8,lag2_soft_change,50,0.32612696290016174,0.03830593079328537,0.04377622902393341
timeout_while_holding_target,1.0,back_L12_15,T9,lag1_soft_change,50,0.18661905825138092,0.03337235376238823,0.045894522219896317
timeout_while_holding_target,1.0,back_L12_15,T9,lag1_hard_churn,50,0.3175238370895386,0.7166810035705566,0.8575169444084167
timeout_while_holding_target,1.0,back_L12_15,T9,lag2_soft_change,50,0.3277301788330078,0.03977334871888161,0.0467706061899662
timeout_while_holding_target,1.0,back_L12_15,T10,lag1_soft_change,50,0.1298888921737671,0.034879833459854126,0.04974980279803276
timeout_while_holding_target,1.0,back_L12_15,T10,lag1_hard_churn,50,0.31836509704589844,0.7000952363014221,0.825965166091919
timeout_while_holding_target,1.0,back_L12_15,T10,lag2_soft_change,50,0.30960318446159363,0.04285704717040062,0.051194414496421814
object_released_outside_goal,0.1,back_L12_15,state,lag1_soft_change,48,0.5415178537368774,0.11463216692209244,0.11525338888168335
object_released_outside_goal,0.1,back_L12_15,state,lag1_hard_churn,48,0.43417656421661377,0.7559306025505066,0.7750749588012695
object_released_outside_goal,0.1,back_L12_15,state,lag2_soft_change,48,0.48025795817375183,0.14259850978851318,0.14442171156406403
object_released_outside_goal,0.1,back_L12_15,T1,lag1_soft_change,48,0.4374504089355469,0.04424525424838066,0.043853163719177246
object_released_outside_goal,0.1,back_L12_15,T1,lag1_hard_churn,48,0.40927577018737793,0.8480803370475769,0.8576154708862305
object_released_outside_goal,0.1,back_L12_15,T1,lag2_soft_change,48,0.32827380299568176,0.048735249787569046,0.05062493309378624
object_released_outside_goal,0.1,back_L12_15,T2,lag1_soft_change,48,0.43115079402923584,0.04103146865963936,0.0413157194852829
object_released_outside_goal,0.1,back_L12_15,T2,lag1_hard_churn,48,0.3578373193740845,0.8715154528617859,0.88836669921875
object_released_outside_goal,0.1,back_L12_15,T2,lag2_soft_change,48,0.3816964328289032,0.045548271387815475,0.04717889428138733
object_released_outside_goal,0.1,back_L12_15,T3,lag1_soft_change,48,0.4415178596973419,0.04001186415553093,0.03963064029812813
object_released_outside_goal,0.1,back_L12_15,T3,lag1_hard_churn,48,0.404017835855484,0.8874618411064148,0.8983507752418518
object_released_outside_goal,0.1,back_L12_15,T3,lag2_soft_change,48,0.4310019910335541,0.04362507537007332,0.044436875730752945
object_released_outside_goal,0.1,back_L12_15,T4,lag1_soft_change,48,0.5839781761169434,0.04042164608836174,0.03827519714832306
object_released_outside_goal,0.1,back_L12_15,T4,lag1_hard_churn,48,0.5235118865966797,0.8969359993934631,0.8957052826881409
object_released_outside_goal,0.1,back_L12_15,T4,lag2_soft_change,48,0.3388392925262451,0.042418405413627625,0.043641168624162674
object_released_outside_goal,0.1,back_L12_15,T5,lag1_soft_change,48,0.6489583849906921,0.03978179767727852,0.03695076331496239
object_released_outside_goal,0.1,back_L12_15,T5,lag1_hard_churn,48,0.46121034026145935,0.888083279132843,0.8928089737892151
object_released_outside_goal,0.1,back_L12_15,T5,lag2_soft_change,48,0.4913194179534912,0.04140767827630043,0.04117382690310478
object_released_outside_goal,0.1,back_L12_15,T6,lag1_soft_change,48,0.6667658686637878,0.03949654474854469,0.03687451034784317
object_released_outside_goal,0.1,back_L12_15,T6,lag1_hard_churn,48,0.47807538509368896,0.8896973729133606,0.8944327235221863
object_released_outside_goal,0.1,back_L12_15,T6,lag2_soft_change,48,0.506845235824585,0.04144984483718872,0.041372861713171005
object_released_outside_goal,0.1,back_L12_15,T7,lag1_soft_change,48,0.7126488089561462,0.040525395423173904,0.03689499944448471
object_released_outside_goal,0.1,back_L12_15,T7,lag1_hard_churn,48,0.5522817373275757,0.897383451461792,0.886930525302887
object_released_outside_goal,0.1,back_L12_15,T7,lag2_soft_change,48,0.49940475821495056,0.04238054156303406,0.0423247329890728
object_released_outside_goal,0.1,back_L12_15,T8,lag1_soft_change,48,0.7559523582458496,0.04287143424153328,0.03747024014592171
object_released_outside_goal,0.1,back_L12_15,T8,lag1_hard_churn,48,0.4302579462528229,0.8777325749397278,0.8886522650718689
object_released_outside_goal,0.1,back_L12_15,T8,lag2_soft_change,48,0.5509424805641174,0.044937197118997574,0.04334993287920952
object_released_outside_goal,0.1,back_L12_15,T9,lag1_soft_change,48,0.8159721493721008,0.045942872762680054,0.03873078152537346
object_released_outside_goal,0.1,back_L12_15,T9,lag1_hard_churn,48,0.5077877044677734,0.8773903846740723,0.8762685656547546
object_released_outside_goal,0.1,back_L12_15,T9,lag2_soft_change,48,0.5678075551986694,0.04757736250758171,0.0462656170129776
object_released_outside_goal,0.1,back_L12_15,T10,lag1_soft_change,48,0.8310019969940186,0.050073642283678055,0.042388666421175
object_released_outside_goal,0.1,back_L12_15,T10,lag1_hard_churn,48,0.48923611640930176,0.848358154296875,0.8445813655853271
object_released_outside_goal,0.1,back_L12_15,T10,lag2_soft_change,48,0.5134424567222595,0.05275003984570503,0.05167235806584358
object_released_outside_goal,0.2,back_L12_15,state,lag1_soft_change,48,0.4682539701461792,0.1152203306555748,0.11435499042272568
object_released_outside_goal,0.2,back_L12_15,state,lag1_hard_churn,48,0.5421131253242493,0.7702479958534241,0.763422966003418
object_released_outside_goal,0.2,back_L12_15,state,lag2_soft_change,48,0.545634925365448,0.14426197111606598,0.14240670204162598
object_released_outside_goal,0.2,back_L12_15,T1,lag1_soft_change,48,0.7660219073295593,0.04983052611351013,0.044467777013778687
object_released_outside_goal,0.2,back_L12_15,T1,lag1_hard_churn,48,0.5042659044265747,0.8577222228050232,0.8504483699798584
object_released_outside_goal,0.2,back_L12_15,T1,lag2_soft_change,48,0.7408234477043152,0.054720569401979446,0.05038227513432503
object_released_outside_goal,0.2,back_L12_15,T2,lag1_soft_change,48,0.7502480149269104,0.04643625020980835,0.042167067527770996
object_released_outside_goal,0.2,back_L12_15,T2,lag1_hard_churn,48,0.45694446563720703,0.8727262020111084,0.8809418678283691
object_released_outside_goal,0.2,back_L12_15,T2,lag2_soft_change,48,0.707589328289032,0.04973991587758064,0.046810537576675415
object_released_outside_goal,0.2,back_L12_15,T3,lag1_soft_change,48,0.7433035969734192,0.04521187022328377,0.040983524173498154
object_released_outside_goal,0.2,back_L12_15,T3,lag1_hard_churn,48,0.4208829402923584,0.8774047493934631,0.89466792345047
object_released_outside_goal,0.2,back_L12_15,T3,lag2_soft_change,48,0.7303571701049805,0.04740193858742714,0.04418839514255524
object_released_outside_goal,0.2,back_L12_15,T4,lag1_soft_change,48,0.7736606597900391,0.04411589726805687,0.03995533287525177
object_released_outside_goal,0.2,back_L12_15,T4,lag1_hard_churn,48,0.42371031641960144,0.886020839214325,0.8966505527496338
object_released_outside_goal,0.2,back_L12_15,T4,lag2_soft_change,48,0.7484623789787292,0.04640607163310051,0.042722705751657486
object_released_outside_goal,0.2,back_L12_15,T5,lag1_soft_change,48,0.7833333015441895,0.04498624429106712,0.03928173705935478
object_released_outside_goal,0.2,back_L12_15,T5,lag1_hard_churn,48,0.5338789820671082,0.8947847485542297,0.8984115123748779
object_released_outside_goal,0.2,back_L12_15,T5,lag2_soft_change,48,0.8421626687049866,0.04723509028553963,0.040874216705560684
object_released_outside_goal,0.2,back_L12_15,T6,lag1_soft_change,48,0.7845733761787415,0.045231688767671585,0.038764867931604385
object_released_outside_goal,0.2,back_L12_15,T6,lag1_hard_churn,48,0.4545634686946869,0.8923899531364441,0.89781254529953
object_released_outside_goal,0.2,back_L12_15,T6,lag2_soft_change,48,0.782886803150177,0.04770464822649956,0.04111771658062935
object_released_outside_goal,0.2,back_L12_15,T7,lag1_soft_change,48,0.7554563879966736,0.04615243151783943,0.040093883872032166
object_released_outside_goal,0.2,back_L12_15,T7,lag1_hard_churn,48,0.4680555760860443,0.8911478519439697,0.8964176774024963
object_released_outside_goal,0.2,back_L12_15,T7,lag2_soft_change,48,0.774305522441864,0.049121130257844925,0.04262279346585274
object_released_outside_goal,0.2,back_L12_15,T8,lag1_soft_change,48,0.761160671710968,0.047510694712400436,0.04187997803092003
object_released_outside_goal,0.2,back_L12_15,T8,lag1_hard_churn,48,0.48204365372657776,0.8868005871772766,0.8929774761199951
object_released_outside_goal,0.2,back_L12_15,T8,lag2_soft_change,48,0.8047618865966797,0.05041172727942467,0.04440160468220711
object_released_outside_goal,0.2,back_L12_15,T9,lag1_soft_change,48,0.6883928775787354,0.0487964041531086,0.04476402327418327
object_released_outside_goal,0.2,back_L12_15,T9,lag1_hard_churn,48,0.45471230149269104,0.8751527667045593,0.8798360824584961
object_released_outside_goal,0.2,back_L12_15,T9,lag2_soft_change,48,0.764186441898346,0.053489819169044495,0.04735522344708443
object_released_outside_goal,0.2,back_L12_15,T10,lag1_soft_change,48,0.6825892925262451,0.05399950221180916,0.048802584409713745
object_released_outside_goal,0.2,back_L12_15,T10,lag1_hard_churn,48,0.4537946283817291,0.8497609496116638,0.8554365634918213
object_released_outside_goal,0.2,back_L12_15,T10,lag2_soft_change,48,0.7786210179328918,0.05923860892653465,0.05301244929432869
object_released_outside_goal,0.3,back_L12_15,state,lag1_soft_change,48,0.6043651103973389,0.11697719246149063,0.11250960826873779
object_released_outside_goal,0.3,back_L12_15,state,lag1_hard_churn,48,0.5980654358863831,0.768578827381134,0.7444987297058105
object_released_outside_goal,0.3,back_L12_15,state,lag2_soft_change,48,0.4636904299259186,0.14083655178546906,0.14511549472808838
object_released_outside_goal,0.3,back_L12_15,T1,lag1_soft_change,48,0.6217758059501648,0.05156069993972778,0.04717819392681122
object_released_outside_goal,0.3,back_L12_15,T1,lag1_hard_churn,48,0.5128968358039856,0.8468199372291565,0.8462438583374023
object_released_outside_goal,0.3,back_L12_15,T1,lag2_soft_change,48,0.6983135342597961,0.055702950805425644,0.05247855558991432
object_released_outside_goal,0.3,back_L12_15,T2,lag1_soft_change,48,0.6284722089767456,0.04765411093831062,0.043780941516160965
object_released_outside_goal,0.3,back_L12_15,T2,lag1_hard_churn,48,0.5532242059707642,0.8695887923240662,0.871337890625
object_released_outside_goal,0.3,back_L12_15,T2,lag2_soft_change,48,0.6925099492073059,0.05043632909655571,0.048095062375068665
object_released_outside_goal,0.3,back_L12_15,T3,lag1_soft_change,48,0.5451884865760803,0.0442662239074707,0.04240059480071068
object_released_outside_goal,0.3,back_L12_15,T3,lag1_hard_churn,48,0.4374503791332245,0.8734032511711121,0.8853203654289246
object_released_outside_goal,0.3,back_L12_15,T3,lag2_soft_change,48,0.6688491702079773,0.04708046838641167,0.045508354902267456
object_released_outside_goal,0.3,back_L12_15,T4,lag1_soft_change,48,0.6148313879966736,0.0426478236913681,0.04130484536290169
object_released_outside_goal,0.3,back_L12_15,T4,lag1_hard_churn,48,0.5057539939880371,0.8769112229347229,0.8890464901924133
object_released_outside_goal,0.3,back_L12_15,T4,lag2_soft_change,48,0.6428075432777405,0.04562070965766907,0.043751418590545654
object_released_outside_goal,0.3,back_L12_15,T5,lag1_soft_change,48,0.577480137348175,0.04259282723069191,0.0408378541469574
object_released_outside_goal,0.3,back_L12_15,T5,lag1_hard_churn,48,0.5072420239448547,0.8790779113769531,0.8913251757621765
object_released_outside_goal,0.3,back_L12_15,T5,lag2_soft_change,48,0.6426091194152832,0.04495424032211304,0.04292389377951622
object_released_outside_goal,0.3,back_L12_15,T6,lag1_soft_change,48,0.5893352627754211,0.04359239339828491,0.04051893204450607
object_released_outside_goal,0.3,back_L12_15,T6,lag1_hard_churn,48,0.5300595164299011,0.8819608092308044,0.8928596377372742
object_released_outside_goal,0.3,back_L12_15,T6,lag2_soft_change,48,0.647470235824585,0.046700406819581985,0.043341148644685745
object_released_outside_goal,0.3,back_L12_15,T7,lag1_soft_change,48,0.5749503970146179,0.042892590165138245,0.04135148599743843
object_released_outside_goal,0.3,back_L12_15,T7,lag1_hard_churn,48,0.47237107157707214,0.8759767413139343,0.8920623660087585
object_released_outside_goal,0.3,back_L12_15,T7,lag2_soft_change,48,0.6116567254066467,0.04696453735232353,0.044727057218551636
object_released_outside_goal,0.3,back_L12_15,T8,lag1_soft_change,48,0.543154776096344,0.04422035813331604,0.042688172310590744
object_released_outside_goal,0.3,back_L12_15,T8,lag1_hard_churn,48,0.49717259407043457,0.8749147057533264,0.8895002007484436
object_released_outside_goal,0.3,back_L12_15,T8,lag2_soft_change,48,0.5753471851348877,0.04763605818152428,0.04654917120933533
object_released_outside_goal,0.3,back_L12_15,T9,lag1_soft_change,48,0.5125992298126221,0.04562537744641304,0.04480179026722908
object_released_outside_goal,0.3,back_L12_15,T9,lag1_hard_churn,48,0.4954861104488373,0.8611165881156921,0.8793901801109314
object_released_outside_goal,0.3,back_L12_15,T9,lag2_soft_change,48,0.5872519612312317,0.05007590353488922,0.04926365241408348
object_released_outside_goal,0.3,back_L12_15,T10,lag1_soft_change,48,0.4714781939983368,0.05089150369167328,0.050258975476026535
object_released_outside_goal,0.3,back_L12_15,T10,lag1_hard_churn,48,0.4226686656475067,0.8340222835540771,0.854927122592926
object_released_outside_goal,0.3,back_L12_15,T10,lag2_soft_change,48,0.5307539105415344,0.05589012801647186,0.05502009391784668
object_released_outside_goal,0.4,back_L12_15,state,lag1_soft_change,48,0.28333333134651184,0.09883322566747665,0.11863178014755249
object_released_outside_goal,0.4,back_L12_15,state,lag1_hard_churn,48,0.2105654925107956,0.6872787475585938,0.7934878468513489
object_released_outside_goal,0.4,back_L12_15,state,lag2_soft_change,48,0.35257935523986816,0.1315995305776596,0.1463104784488678
object_released_outside_goal,0.4,back_L12_15,T1,lag1_soft_change,48,0.46493053436279297,0.04859833046793938,0.05082618072628975
object_released_outside_goal,0.4,back_L12_15,T1,lag1_hard_churn,48,0.39697423577308655,0.809955358505249,0.854498565196991
object_released_outside_goal,0.4,back_L12_15,T1,lag2_soft_change,48,0.5101190209388733,0.056643977761268616,0.05523562803864479
object_released_outside_goal,0.4,back_L12_15,T2,lag1_soft_change,48,0.4521825313568115,0.04573686048388481,0.04716995358467102
object_released_outside_goal,0.4,back_L12_15,T2,lag1_hard_churn,48,0.29379960894584656,0.8315704464912415,0.8794915676116943
object_released_outside_goal,0.4,back_L12_15,T2,lag2_soft_change,48,0.6590277552604675,0.052355486899614334,0.049457941204309464
object_released_outside_goal,0.4,back_L12_15,T3,lag1_soft_change,48,0.5345733761787415,0.04445385932922363,0.04485004022717476
object_released_outside_goal,0.4,back_L12_15,T3,lag1_hard_churn,48,0.33251485228538513,0.8474712371826172,0.8866860270500183
object_released_outside_goal,0.4,back_L12_15,T3,lag2_soft_change,48,0.678720235824585,0.04960329458117485,0.04662971571087837
object_released_outside_goal,0.4,back_L12_15,T4,lag1_soft_change,48,0.5803571343421936,0.04363016411662102,0.04384344816207886
object_released_outside_goal,0.4,back_L12_15,T4,lag1_hard_churn,48,0.30689486861228943,0.8512251973152161,0.8938363194465637
object_released_outside_goal,0.4,back_L12_15,T4,lag2_soft_change,48,0.685863196849823,0.04777634143829346,0.04516260698437691
object_released_outside_goal,0.4,back_L12_15,T5,lag1_soft_change,48,0.5190475583076477,0.04288792237639427,0.043666619807481766
object_released_outside_goal,0.4,back_L12_15,T5,lag1_hard_churn,48,0.2750992178916931,0.8570277690887451,0.8997393250465393
object_released_outside_goal,0.4,back_L12_15,T5,lag2_soft_change,48,0.6354166865348816,0.046083688735961914,0.04464757442474365
object_released_outside_goal,0.4,back_L12_15,T6,lag1_soft_change,48,0.5470734238624573,0.04348714277148247,0.044641364365816116
object_released_outside_goal,0.4,back_L12_15,T6,lag1_hard_churn,48,0.1875,0.8446865081787109,0.9057276844978333
object_released_outside_goal,0.4,back_L12_15,T6,lag2_soft_change,48,0.7052578926086426,0.04749155417084694,0.04506922885775566
object_released_outside_goal,0.4,back_L12_15,T7,lag1_soft_change,48,0.5680555701255798,0.042990025132894516,0.04588684067130089
object_released_outside_goal,0.4,back_L12_15,T7,lag1_hard_churn,48,0.23695437610149384,0.8444950580596924,0.8993933200836182
object_released_outside_goal,0.4,back_L12_15,T7,lag2_soft_change,48,0.6598214507102966,0.04815077409148216,0.046615779399871826
object_released_outside_goal,0.4,back_L12_15,T8,lag1_soft_change,48,0.5125992298126221,0.04446130990982056,0.046921491622924805
object_released_outside_goal,0.4,back_L12_15,T8,lag1_hard_churn,48,0.21165674924850464,0.8364176750183105,0.8933257460594177
object_released_outside_goal,0.4,back_L12_15,T8,lag2_soft_change,48,0.6618055701255798,0.04996463656425476,0.04803180694580078
object_released_outside_goal,0.4,back_L12_15,T9,lag1_soft_change,48,0.5558035969734192,0.046009525656700134,0.04871304705739021
object_released_outside_goal,0.4,back_L12_15,T9,lag1_hard_churn,48,0.24201388657093048,0.8332886695861816,0.8895705342292786
object_released_outside_goal,0.4,back_L12_15,T9,lag2_soft_change,48,0.5735118985176086,0.05169963836669922,0.051070164889097214
object_released_outside_goal,0.4,back_L12_15,T10,lag1_soft_change,48,0.45347222685813904,0.049990635365247726,0.05318820849061012
object_released_outside_goal,0.4,back_L12_15,T10,lag1_hard_churn,48,0.26626983284950256,0.803901731967926,0.8659093976020813
object_released_outside_goal,0.4,back_L12_15,T10,lag2_soft_change,48,0.5509920716285706,0.05677090585231781,0.05682474747300148
object_released_outside_goal,0.5,back_L12_15,state,lag1_soft_change,48,0.28258928656578064,0.09740763902664185,0.1208832859992981
object_released_outside_goal,0.5,back_L12_15,state,lag1_hard_churn,48,0.2576884925365448,0.6634201407432556,0.790985107421875
object_released_outside_goal,0.5,back_L12_15,state,lag2_soft_change,48,0.2966269850730896,0.12084943056106567,0.14960235357284546
object_released_outside_goal,0.5,back_L12_15,T1,lag1_soft_change,48,0.4607142508029938,0.05033430457115173,0.051468003541231155
object_released_outside_goal,0.5,back_L12_15,T1,lag1_hard_churn,48,0.2892360985279083,0.7946626543998718,0.8580408096313477
object_released_outside_goal,0.5,back_L12_15,T1,lag2_soft_change,48,0.5754464268684387,0.05617169663310051,0.05616556480526924
object_released_outside_goal,0.5,back_L12_15,T2,lag1_soft_change,48,0.47852182388305664,0.047024618834257126,0.047285228967666626
object_released_outside_goal,0.5,back_L12_15,T2,lag1_hard_churn,48,0.22852182388305664,0.8083903789520264,0.8849472999572754
object_released_outside_goal,0.5,back_L12_15,T2,lag2_soft_change,48,0.6331349015235901,0.051506269723176956,0.05056038498878479
object_released_outside_goal,0.5,back_L12_15,T3,lag1_soft_change,48,0.5507440567016602,0.045316535979509354,0.044778745621442795
object_released_outside_goal,0.5,back_L12_15,T3,lag1_hard_churn,48,0.2695436477661133,0.8315401673316956,0.8904003500938416
object_released_outside_goal,0.5,back_L12_15,T3,lag2_soft_change,48,0.6934523582458496,0.049339283257722855,0.047443825751543045
object_released_outside_goal,0.5,back_L12_15,T4,lag1_soft_change,48,0.5763888955116272,0.04421083256602287,0.0438239686191082
object_released_outside_goal,0.5,back_L12_15,T4,lag1_hard_churn,48,0.26899802684783936,0.8228670954704285,0.8951969146728516
object_released_outside_goal,0.5,back_L12_15,T4,lag2_soft_change,48,0.6515873074531555,0.04715912044048309,0.04631730914115906
object_released_outside_goal,0.5,back_L12_15,T5,lag1_soft_change,48,0.5572916865348816,0.043740708380937576,0.04341522231698036
object_released_outside_goal,0.5,back_L12_15,T5,lag1_hard_churn,48,0.1915178745985031,0.8228769302368164,0.8975560069084167
object_released_outside_goal,0.5,back_L12_15,T5,lag2_soft_change,48,0.6778273582458496,0.04670430347323418,0.04572532698512077
object_released_outside_goal,0.5,back_L12_15,T6,lag1_soft_change,48,0.5485615134239197,0.043868422508239746,0.04397474601864815
object_released_outside_goal,0.5,back_L12_15,T6,lag1_hard_churn,48,0.21299605071544647,0.8270411491394043,0.8992746472358704
object_released_outside_goal,0.5,back_L12_15,T6,lag2_soft_change,48,0.6336805820465088,0.04715370014309883,0.04631439968943596
object_released_outside_goal,0.5,back_L12_15,T7,lag1_soft_change,48,0.5582341551780701,0.04501618072390556,0.04528820514678955
object_released_outside_goal,0.5,back_L12_15,T7,lag1_hard_churn,48,0.24072420597076416,0.8167361617088318,0.8965606689453125
object_released_outside_goal,0.5,back_L12_15,T7,lag2_soft_change,48,0.6363095641136169,0.04843929037451744,0.048014432191848755
object_released_outside_goal,0.5,back_L12_15,T8,lag1_soft_change,48,0.5489583015441895,0.04588702693581581,0.04637393355369568
object_released_outside_goal,0.5,back_L12_15,T8,lag1_hard_churn,48,0.19166667759418488,0.8144370913505554,0.8925693035125732
object_released_outside_goal,0.5,back_L12_15,T8,lag2_soft_change,48,0.6332340836524963,0.049527090042829514,0.04912114515900612
object_released_outside_goal,0.5,back_L12_15,T9,lag1_soft_change,48,0.5234623551368713,0.04720146954059601,0.048565421253442764
object_released_outside_goal,0.5,back_L12_15,T9,lag1_hard_churn,48,0.14494048058986664,0.7855927348136902,0.889495849609375
object_released_outside_goal,0.5,back_L12_15,T9,lag2_soft_change,48,0.6107142567634583,0.05138130486011505,0.051069438457489014
object_released_outside_goal,0.5,back_L12_15,T10,lag1_soft_change,48,0.4027281701564789,0.04906024411320686,0.05298422649502754
object_released_outside_goal,0.5,back_L12_15,T10,lag1_hard_churn,48,0.13551586866378784,0.7549231052398682,0.8667864203453064
object_released_outside_goal,0.5,back_L12_15,T10,lag2_soft_change,48,0.5082836747169495,0.05512994900345802,0.056976158171892166
object_released_outside_goal,0.6,back_L12_15,state,lag1_soft_change,48,0.33447420597076416,0.0905364453792572,0.11512573808431625
object_released_outside_goal,0.6,back_L12_15,state,lag1_hard_churn,48,0.2304067611694336,0.5882381796836853,0.7674272656440735
object_released_outside_goal,0.6,back_L12_15,state,lag2_soft_change,48,0.21542657911777496,0.11173326522111893,0.1460227221250534
object_released_outside_goal,0.6,back_L12_15,T1,lag1_soft_change,48,0.5722718238830566,0.04902683570981026,0.04985762760043144
object_released_outside_goal,0.6,back_L12_15,T1,lag1_hard_churn,48,0.2651785910129547,0.7540585398674011,0.8607780337333679
object_released_outside_goal,0.6,back_L12_15,T1,lag2_soft_change,48,0.5346229672431946,0.0534304678440094,0.05580759048461914
object_released_outside_goal,0.6,back_L12_15,T2,lag1_soft_change,48,0.5320932269096375,0.045829132199287415,0.04617638885974884
object_released_outside_goal,0.6,back_L12_15,T2,lag1_hard_churn,48,0.24990080296993256,0.7759048342704773,0.8833441138267517
object_released_outside_goal,0.6,back_L12_15,T2,lag2_soft_change,48,0.5473710298538208,0.04987682029604912,0.05020805820822716
object_released_outside_goal,0.6,back_L12_15,T3,lag1_soft_change,48,0.5539682507514954,0.043415993452072144,0.04422583058476448
object_released_outside_goal,0.6,back_L12_15,T3,lag1_hard_churn,48,0.21016865968704224,0.7748462557792664,0.8865794539451599
object_released_outside_goal,0.6,back_L12_15,T3,lag2_soft_change,48,0.625099241733551,0.04767182469367981,0.04711119830608368
object_released_outside_goal,0.6,back_L12_15,T4,lag1_soft_change,48,0.5139880776405334,0.04188976809382439,0.04299699142575264
object_released_outside_goal,0.6,back_L12_15,T4,lag1_hard_churn,48,0.2289186716079712,0.7848005890846252,0.8958351612091064
object_released_outside_goal,0.6,back_L12_15,T4,lag2_soft_change,48,0.6159226298332214,0.04622972011566162,0.04517083242535591
object_released_outside_goal,0.6,back_L12_15,T5,lag1_soft_change,48,0.5284225940704346,0.04198094829916954,0.04271221160888672
object_released_outside_goal,0.6,back_L12_15,T5,lag1_hard_churn,48,0.20575396716594696,0.7860515713691711,0.8976162075996399
object_released_outside_goal,0.6,back_L12_15,T5,lag2_soft_change,48,0.5900297164916992,0.044898033142089844,0.04462688788771629
object_released_outside_goal,0.6,back_L12_15,T6,lag1_soft_change,48,0.5138888955116272,0.04180486872792244,0.04288597032427788
object_released_outside_goal,0.6,back_L12_15,T6,lag1_hard_churn,48,0.13859127461910248,0.7778928875923157,0.9033627510070801
object_released_outside_goal,0.6,back_L12_15,T6,lag2_soft_change,48,0.5373511910438538,0.04466243460774422,0.04525303840637207
object_released_outside_goal,0.6,back_L12_15,T7,lag1_soft_change,48,0.5270833373069763,0.04309685900807381,0.04369672015309334
object_released_outside_goal,0.6,back_L12_15,T7,lag1_hard_churn,48,0.21989087760448456,0.782031774520874,0.8984975814819336
object_released_outside_goal,0.6,back_L12_15,T7,lag2_soft_change,48,0.5243055820465088,0.045961249619722366,0.04662361368536949
object_released_outside_goal,0.6,back_L12_15,T8,lag1_soft_change,48,0.5758432745933533,0.044551122933626175,0.04432327672839165
object_released_outside_goal,0.6,back_L12_15,T8,lag1_hard_churn,48,0.21686507761478424,0.7842985987663269,0.8907591700553894
object_released_outside_goal,0.6,back_L12_15,T8,lag2_soft_change,48,0.5582837462425232,0.04809805750846863,0.047960925847291946
object_released_outside_goal,0.6,back_L12_15,T9,lag1_soft_change,48,0.546230137348175,0.04663814231753349,0.0460054874420166
object_released_outside_goal,0.6,back_L12_15,T9,lag1_hard_churn,48,0.243303582072258,0.771871030330658,0.8710616230964661
object_released_outside_goal,0.6,back_L12_15,T9,lag2_soft_change,48,0.5273313522338867,0.04946437105536461,0.05066516995429993
object_released_outside_goal,0.6,back_L12_15,T10,lag1_soft_change,48,0.5368055701255798,0.050519559532403946,0.05073684826493263
object_released_outside_goal,0.6,back_L12_15,T10,lag1_hard_churn,48,0.25877976417541504,0.7483512759208679,0.8493948578834534
object_released_outside_goal,0.6,back_L12_15,T10,lag2_soft_change,48,0.4987103044986725,0.05418483912944794,0.05608702078461647
object_released_outside_goal,0.7,back_L12_15,state,lag1_soft_change,48,0.17564482986927032,0.07358026504516602,0.11380124092102051
object_released_outside_goal,0.7,back_L12_15,state,lag1_hard_churn,48,0.14444445073604584,0.5040456652641296,0.7575110793113708
object_released_outside_goal,0.7,back_L12_15,state,lag2_soft_change,48,0.13893848657608032,0.09894312173128128,0.14535100758075714
object_released_outside_goal,0.7,back_L12_15,T1,lag1_soft_change,48,0.3000496029853821,0.040073126554489136,0.04810565710067749
object_released_outside_goal,0.7,back_L12_15,T1,lag1_hard_churn,48,0.0729166641831398,0.6779573559761047,0.8592537045478821
object_released_outside_goal,0.7,back_L12_15,T1,lag2_soft_change,48,0.4055555760860443,0.04959426447749138,0.05389333888888359
object_released_outside_goal,0.7,back_L12_15,T2,lag1_soft_change,48,0.3424603044986725,0.037707436829805374,0.04419541358947754
object_released_outside_goal,0.7,back_L12_15,T2,lag1_hard_churn,48,0.13859127461910248,0.7197906970977783,0.8827621340751648
object_released_outside_goal,0.7,back_L12_15,T2,lag2_soft_change,48,0.4067460596561432,0.04647952690720558,0.048897456377744675
object_released_outside_goal,0.7,back_L12_15,T3,lag1_soft_change,48,0.3067460358142853,0.03734363242983818,0.042167648673057556
object_released_outside_goal,0.7,back_L12_15,T3,lag1_hard_churn,48,0.15163691341876984,0.7528803944587708,0.8893772959709167
object_released_outside_goal,0.7,back_L12_15,T3,lag2_soft_change,48,0.4293650686740875,0.04441620036959648,0.04632507637143135
object_released_outside_goal,0.7,back_L12_15,T4,lag1_soft_change,48,0.3541666567325592,0.036765336990356445,0.04017094895243645
object_released_outside_goal,0.7,back_L12_15,T4,lag1_hard_churn,48,0.132688507437706,0.7493536472320557,0.8927397727966309
object_released_outside_goal,0.7,back_L12_15,T4,lag2_soft_change,48,0.4273809492588043,0.043245960026979446,0.04396054148674011
object_released_outside_goal,0.7,back_L12_15,T5,lag1_soft_change,48,0.3351190388202667,0.03656977787613869,0.04002954438328743
object_released_outside_goal,0.7,back_L12_15,T5,lag1_hard_churn,48,0.0672123059630394,0.7432668805122375,0.8992426991462708
object_released_outside_goal,0.7,back_L12_15,T5,lag2_soft_change,48,0.4281249940395355,0.04281654953956604,0.043566927313804626
object_released_outside_goal,0.7,back_L12_15,T6,lag1_soft_change,48,0.3060515820980072,0.03636954352259636,0.04047880321741104
object_released_outside_goal,0.7,back_L12_15,T6,lag1_hard_churn,48,0.09320435672998428,0.7346284985542297,0.8962460160255432
object_released_outside_goal,0.7,back_L12_15,T6,lag2_soft_change,48,0.38874006271362305,0.043069805949926376,0.04411746934056282
object_released_outside_goal,0.7,back_L12_15,T7,lag1_soft_change,48,0.37857142090797424,0.037103429436683655,0.041014544665813446
object_released_outside_goal,0.7,back_L12_15,T7,lag1_hard_churn,48,0.100694440305233,0.7366617321968079,0.8903741836547852
object_released_outside_goal,0.7,back_L12_15,T7,lag2_soft_change,48,0.41403770446777344,0.04345548525452614,0.04544248804450035
object_released_outside_goal,0.7,back_L12_15,T8,lag1_soft_change,48,0.34841272234916687,0.03814053535461426,0.0420827679336071
object_released_outside_goal,0.7,back_L12_15,T8,lag1_hard_churn,48,0.09915674477815628,0.7330446839332581,0.8854824900627136
object_released_outside_goal,0.7,back_L12_15,T8,lag2_soft_change,48,0.3717261850833893,0.04466940462589264,0.04721785709261894
object_released_outside_goal,0.7,back_L12_15,T9,lag1_soft_change,48,0.3529761731624603,0.03912482038140297,0.04413985088467598
object_released_outside_goal,0.7,back_L12_15,T9,lag1_hard_churn,48,0.11354166269302368,0.7286553382873535,0.8775990009307861
object_released_outside_goal,0.7,back_L12_15,T9,lag2_soft_change,48,0.28382936120033264,0.04552819952368736,0.04977959394454956
object_released_outside_goal,0.7,back_L12_15,T10,lag1_soft_change,48,0.3775297701358795,0.0423872210085392,0.048413265496492386
object_released_outside_goal,0.7,back_L12_15,T10,lag1_hard_churn,48,0.144841268658638,0.6893253922462463,0.8403037190437317
object_released_outside_goal,0.7,back_L12_15,T10,lag2_soft_change,48,0.28511905670166016,0.04922918602824211,0.055769603699445724
object_released_outside_goal,0.8,back_L12_15,state,lag1_soft_change,48,0.26552578806877136,0.06759390234947205,0.10479521751403809
object_released_outside_goal,0.8,back_L12_15,state,lag1_hard_churn,48,0.22822420299053192,0.45466867089271545,0.7061924934387207
object_released_outside_goal,0.8,back_L12_15,state,lag2_soft_change,48,0.18249006569385529,0.08414027094841003,0.13958998024463654
object_released_outside_goal,0.8,back_L12_15,T1,lag1_soft_change,48,0.36592260003089905,0.04206721484661102,0.045235663652420044
object_released_outside_goal,0.8,back_L12_15,T1,lag1_hard_churn,48,0.1438492089509964,0.6792539954185486,0.8443600535392761
object_released_outside_goal,0.8,back_L12_15,T1,lag2_soft_change,48,0.35749006271362305,0.04642903432250023,0.05186055228114128
object_released_outside_goal,0.8,back_L12_15,T2,lag1_soft_change,48,0.3422122895717621,0.03836377337574959,0.042129069566726685
object_released_outside_goal,0.8,back_L12_15,T2,lag1_hard_churn,48,0.13829363882541656,0.7058641314506531,0.8691180348396301
object_released_outside_goal,0.8,back_L12_15,T2,lag2_soft_change,48,0.3745039999485016,0.04282775893807411,0.04686048999428749
object_released_outside_goal,0.8,back_L12_15,T3,lag1_soft_change,48,0.372271865606308,0.038607146590948105,0.040252670645713806
object_released_outside_goal,0.8,back_L12_15,T3,lag1_hard_churn,48,0.12460317462682724,0.7214166522026062,0.8762750029563904
object_released_outside_goal,0.8,back_L12_15,T3,lag2_soft_change,48,0.4521825313568115,0.04189108684659004,0.043676067143678665
object_released_outside_goal,0.8,back_L12_15,T4,lag1_soft_change,48,0.3823908865451813,0.03774977847933769,0.03866594284772873
object_released_outside_goal,0.8,back_L12_15,T4,lag1_hard_churn,48,0.10183531045913696,0.7329623103141785,0.8776993751525879
object_released_outside_goal,0.8,back_L12_15,T4,lag2_soft_change,48,0.4273313581943512,0.040779050439596176,0.04197908565402031
object_released_outside_goal,0.8,back_L12_15,T5,lag1_soft_change,48,0.4057539701461792,0.03729904815554619,0.03852922096848488
object_released_outside_goal,0.8,back_L12_15,T5,lag1_hard_churn,48,0.13878966867923737,0.731193482875824,0.8821514248847961
object_released_outside_goal,0.8,back_L12_15,T5,lag2_soft_change,48,0.44479167461395264,0.040747616440057755,0.04160735011100769
object_released_outside_goal,0.8,back_L12_15,T6,lag1_soft_change,48,0.36299601197242737,0.03667028248310089,0.038936465978622437
object_released_outside_goal,0.8,back_L12_15,T6,lag1_hard_churn,48,0.10481151193380356,0.7295377254486084,0.8816432952880859
object_released_outside_goal,0.8,back_L12_15,T6,lag2_soft_change,48,0.46413692831993103,0.041592106223106384,0.041939590126276016
object_released_outside_goal,0.8,back_L12_15,T7,lag1_soft_change,48,0.37187501788139343,0.03654184564948082,0.039524827152490616
object_released_outside_goal,0.8,back_L12_15,T7,lag1_hard_churn,48,0.07137896865606308,0.706489086151123,0.8833017945289612
object_released_outside_goal,0.8,back_L12_15,T7,lag2_soft_change,48,0.39697420597076416,0.041386425495147705,0.04312602058053017
object_released_outside_goal,0.8,back_L12_15,T8,lag1_soft_change,48,0.38754960894584656,0.039448630064725876,0.04126909002661705
object_released_outside_goal,0.8,back_L12_15,T8,lag1_hard_churn,48,0.110863097012043,0.7279305458068848,0.880977213382721
object_released_outside_goal,0.8,back_L12_15,T8,lag2_soft_change,48,0.39241066575050354,0.042886871844530106,0.045078884810209274
object_released_outside_goal,0.8,back_L12_15,T9,lag1_soft_change,48,0.3613095283508301,0.04059119522571564,0.04322301968932152
object_released_outside_goal,0.8,back_L12_15,T9,lag1_hard_churn,48,0.14846231043338776,0.720461368560791,0.8639863133430481
object_released_outside_goal,0.8,back_L12_15,T9,lag2_soft_change,48,0.3531250059604645,0.0433708131313324,0.04790956899523735
object_released_outside_goal,0.8,back_L12_15,T10,lag1_soft_change,48,0.3323908746242523,0.04170115664601326,0.04741686210036278
object_released_outside_goal,0.8,back_L12_15,T10,lag1_hard_churn,48,0.09469246119260788,0.6548839211463928,0.8349373936653137
object_released_outside_goal,0.8,back_L12_15,T10,lag2_soft_change,48,0.2908730208873749,0.046543631702661514,0.0538598895072937
object_released_outside_goal,0.9,back_L12_15,state,lag1_soft_change,48,0.1622023731470108,0.06564600020647049,0.10167872905731201
object_released_outside_goal,0.9,back_L12_15,state,lag1_hard_churn,48,0.1557539701461792,0.4934166669845581,0.7107901573181152
object_released_outside_goal,0.9,back_L12_15,state,lag2_soft_change,48,0.14097221195697784,0.08337829262018204,0.1380121111869812
object_released_outside_goal,0.9,back_L12_15,T1,lag1_soft_change,48,0.3273313641548157,0.04021844640374184,0.04541854187846184
object_released_outside_goal,0.9,back_L12_15,T1,lag1_hard_churn,48,0.14613096415996552,0.6874682307243347,0.8369932174682617
object_released_outside_goal,0.9,back_L12_15,T1,lag2_soft_change,48,0.3246527910232544,0.044677574187517166,0.05232870578765869
object_released_outside_goal,0.9,back_L12_15,T2,lag1_soft_change,48,0.3290674388408661,0.03726058080792427,0.04222904518246651
object_released_outside_goal,0.9,back_L12_15,T2,lag1_hard_churn,48,0.13323412835597992,0.6879072189331055,0.8580554127693176
object_released_outside_goal,0.9,back_L12_15,T2,lag2_soft_change,48,0.33511900901794434,0.0420178659260273,0.046906907111406326
object_released_outside_goal,0.9,back_L12_15,T3,lag1_soft_change,48,0.33025792241096497,0.03598836064338684,0.040622953325510025
object_released_outside_goal,0.9,back_L12_15,T3,lag1_hard_churn,48,0.09880953282117844,0.7072678208351135,0.8706607222557068
object_released_outside_goal,0.9,back_L12_15,T3,lag2_soft_change,48,0.3903769552707672,0.04030723497271538,0.04415289685130119
object_released_outside_goal,0.9,back_L12_15,T4,lag1_soft_change,48,0.36473217606544495,0.034554775804281235,0.0394388772547245
object_released_outside_goal,0.9,back_L12_15,T4,lag1_hard_churn,48,0.07500001043081284,0.7027450203895569,0.8745822906494141
object_released_outside_goal,0.9,back_L12_15,T4,lag2_soft_change,48,0.4084325134754181,0.038996562361717224,0.04215316101908684
object_released_outside_goal,0.9,back_L12_15,T5,lag1_soft_change,48,0.3423115313053131,0.03491337597370148,0.039188582450151443
object_released_outside_goal,0.9,back_L12_15,T5,lag1_hard_churn,48,0.0625,0.719038724899292,0.8812004923820496
object_released_outside_goal,0.9,back_L12_15,T5,lag2_soft_change,48,0.3766864836215973,0.038791678845882416,0.041678790003061295
object_released_outside_goal,0.9,back_L12_15,T6,lag1_soft_change,48,0.3623511791229248,0.0354401133954525,0.03955831751227379
object_released_outside_goal,0.9,back_L12_15,T6,lag1_hard_churn,48,0.08224206417798996,0.7164499163627625,0.8824790120124817
object_released_outside_goal,0.9,back_L12_15,T6,lag2_soft_change,48,0.3754960298538208,0.038934070616960526,0.04205818846821785
object_released_outside_goal,0.9,back_L12_15,T7,lag1_soft_change,48,0.33025792241096497,0.03642014041543007,0.04018636792898178
object_released_outside_goal,0.9,back_L12_15,T7,lag1_hard_churn,48,0.07678572088479996,0.7097907066345215,0.8773201107978821
object_released_outside_goal,0.9,back_L12_15,T7,lag2_soft_change,48,0.3313492238521576,0.039118148386478424,0.043459225445985794
object_released_outside_goal,0.9,back_L12_15,T8,lag1_soft_change,48,0.29409724473953247,0.036317866295576096,0.04195258021354675
object_released_outside_goal,0.9,back_L12_15,T8,lag1_hard_churn,48,0.09236111491918564,0.7181825041770935,0.8764201998710632
object_released_outside_goal,0.9,back_L12_15,T8,lag2_soft_change,48,0.3131944537162781,0.03951187804341316,0.04568472504615784
object_released_outside_goal,0.9,back_L12_15,T9,lag1_soft_change,48,0.24543650448322296,0.03828335180878639,0.04465802013874054
object_released_outside_goal,0.9,back_L12_15,T9,lag1_hard_churn,48,0.14399801194667816,0.7203710675239563,0.8637666702270508
object_released_outside_goal,0.9,back_L12_15,T9,lag2_soft_change,48,0.24672619998455048,0.04132402315735817,0.04927697405219078
object_released_outside_goal,0.9,back_L12_15,T10,lag1_soft_change,48,0.18194444477558136,0.039613958448171616,0.04947054758667946
object_released_outside_goal,0.9,back_L12_15,T10,lag1_hard_churn,48,0.09856150299310684,0.6801131367683411,0.8316928744316101
object_released_outside_goal,0.9,back_L12_15,T10,lag2_soft_change,48,0.2142360955476761,0.04390415549278259,0.055322159081697464
object_released_outside_goal,1.0,back_L12_15,state,lag1_soft_change,48,0.21617065370082855,0.060341011732816696,0.10562983900308609
object_released_outside_goal,1.0,back_L12_15,state,lag1_hard_churn,48,0.16602182388305664,0.43883928656578064,0.7513085007667542
object_released_outside_goal,1.0,back_L12_15,state,lag2_soft_change,48,0.1843254119157791,0.0742078647017479,0.13702668249607086
object_released_outside_goal,1.0,back_L12_15,T1,lag1_soft_change,48,0.23943452537059784,0.03790389001369476,0.051471609622240067
object_released_outside_goal,1.0,back_L12_15,T1,lag1_hard_churn,48,0.15605159103870392,0.6460217833518982,0.8399726748466492
object_released_outside_goal,1.0,back_L12_15,T1,lag2_soft_change,48,0.2457341104745865,0.04105833172798157,0.05596211552619934
object_released_outside_goal,1.0,back_L12_15,T2,lag1_soft_change,48,0.24692459404468536,0.03572891280055046,0.04764871671795845
object_released_outside_goal,1.0,back_L12_15,T2,lag1_hard_churn,48,0.14295634627342224,0.6749404072761536,0.8615013957023621
object_released_outside_goal,1.0,back_L12_15,T2,lag2_soft_change,48,0.24047620594501495,0.03774431720376015,0.050342947244644165
object_released_outside_goal,1.0,back_L12_15,T3,lag1_soft_change,48,0.22480158507823944,0.03443882241845131,0.045296162366867065
object_released_outside_goal,1.0,back_L12_15,T3,lag1_hard_churn,48,0.13452380895614624,0.6804413795471191,0.8733126521110535
object_released_outside_goal,1.0,back_L12_15,T3,lag2_soft_change,48,0.28680554032325745,0.037328090518713,0.04680953547358513
object_released_outside_goal,1.0,back_L12_15,T4,lag1_soft_change,48,0.2430555671453476,0.03374344855546951,0.04410392418503761
object_released_outside_goal,1.0,back_L12_15,T4,lag1_hard_churn,48,0.12688492238521576,0.6895089149475098,0.8871853947639465
object_released_outside_goal,1.0,back_L12_15,T4,lag2_soft_change,48,0.2609623074531555,0.03553738072514534,0.0448555164039135
object_released_outside_goal,1.0,back_L12_15,T5,lag1_soft_change,48,0.23417659103870392,0.03393485024571419,0.04389176145195961
object_released_outside_goal,1.0,back_L12_15,T5,lag1_hard_churn,48,0.12643848359584808,0.6909474730491638,0.8857257962226868
object_released_outside_goal,1.0,back_L12_15,T5,lag2_soft_change,48,0.29156747460365295,0.03661352023482323,0.04470835626125336
object_released_outside_goal,1.0,back_L12_15,T6,lag1_soft_change,48,0.22802579402923584,0.033676642924547195,0.044181983917951584
object_released_outside_goal,1.0,back_L12_15,T6,lag1_hard_churn,48,0.1314484030008316,0.7011458277702332,0.8831564784049988
object_released_outside_goal,1.0,back_L12_15,T6,lag2_soft_change,48,0.2917162775993347,0.03677815943956375,0.045002084225416183
object_released_outside_goal,1.0,back_L12_15,T7,lag1_soft_change,48,0.2557043731212616,0.03449663892388344,0.04471810534596443
object_released_outside_goal,1.0,back_L12_15,T7,lag1_hard_churn,48,0.13333334028720856,0.6714484095573425,0.8814336657524109
object_released_outside_goal,1.0,back_L12_15,T7,lag2_soft_change,48,0.26949405670166016,0.037056200206279755,0.04609427973628044
object_released_outside_goal,1.0,back_L12_15,T8,lag1_soft_change,48,0.2405753880739212,0.03618258610367775,0.04618823900818825
object_released_outside_goal,1.0,back_L12_15,T8,lag1_hard_churn,48,0.1443452388048172,0.6826537251472473,0.8765695691108704
object_released_outside_goal,1.0,back_L12_15,T8,lag2_soft_change,48,0.28134921193122864,0.04026803746819496,0.04825524985790253
object_released_outside_goal,1.0,back_L12_15,T9,lag1_soft_change,48,0.23482143878936768,0.03818967938423157,0.049010440707206726
object_released_outside_goal,1.0,back_L12_15,T9,lag1_hard_churn,48,0.14007937908172607,0.6974404454231262,0.863584041595459
object_released_outside_goal,1.0,back_L12_15,T9,lag2_soft_change,48,0.22286705672740936,0.04084934666752815,0.05094045028090477
object_released_outside_goal,1.0,back_L12_15,T10,lag1_soft_change,48,0.19801586866378784,0.03994688764214516,0.053476959466934204
object_released_outside_goal,1.0,back_L12_15,T10,lag1_hard_churn,48,0.13978175818920135,0.6468997597694397,0.8471576571464539
object_released_outside_goal,1.0,back_L12_15,T10,lag2_soft_change,48,0.21478171646595,0.04298609495162964,0.056591182947158813
approached_target_without_observed_contact,0.1,back_L12_15,state,lag1_soft_change,17,0.7058823704719543,0.08579374849796295,0.08627840131521225
approached_target_without_observed_contact,0.1,back_L12_15,state,lag1_hard_churn,17,0.5665265917778015,0.5961344242095947,0.6065771579742432
approached_target_without_observed_contact,0.1,back_L12_15,state,lag2_soft_change,17,0.5375816822052002,0.11448745429515839,0.11403873562812805
approached_target_without_observed_contact,0.1,back_L12_15,T1,lag1_soft_change,17,0.42810460925102234,0.03842763230204582,0.04090457409620285
approached_target_without_observed_contact,0.1,back_L12_15,T1,lag1_hard_churn,17,0.571195125579834,0.8221848607063293,0.8241580724716187
approached_target_without_observed_contact,0.1,back_L12_15,T1,lag2_soft_change,17,0.41316524147987366,0.04707178473472595,0.047764912247657776
approached_target_without_observed_contact,0.1,back_L12_15,T2,lag1_soft_change,17,0.36181139945983887,0.03770894184708595,0.038886476308107376
approached_target_without_observed_contact,0.1,back_L12_15,T2,lag1_hard_churn,17,0.5373482704162598,0.8531512022018433,0.8520067930221558
approached_target_without_observed_contact,0.1,back_L12_15,T2,lag2_soft_change,17,0.3832866847515106,0.04484684020280838,0.04588105529546738
approached_target_without_observed_contact,0.1,back_L12_15,T3,lag1_soft_change,17,0.3305321931838989,0.03732066974043846,0.03769523277878761
approached_target_without_observed_contact,0.1,back_L12_15,T3,lag1_hard_churn,17,0.5105042457580566,0.8716680407524109,0.8715382814407349
approached_target_without_observed_contact,0.1,back_L12_15,T3,lag2_soft_change,17,0.363211989402771,0.04408879205584526,0.043754030019044876
approached_target_without_observed_contact,0.1,back_L12_15,T4,lag1_soft_change,17,0.5520541071891785,0.038848958909511566,0.036326996982097626
approached_target_without_observed_contact,0.1,back_L12_15,T4,lag1_hard_churn,17,0.44397756457328796,0.870246410369873,0.8763934969902039
approached_target_without_observed_contact,0.1,back_L12_15,T4,lag2_soft_change,17,0.48669466376304626,0.04292180389165878,0.041716620326042175
approached_target_without_observed_contact,0.1,back_L12_15,T5,lag1_soft_change,17,0.5242763757705688,0.037387292832136154,0.03545194864273071
approached_target_without_observed_contact,0.1,back_L12_15,T5,lag1_hard_churn,17,0.3900560140609741,0.8651778697967529,0.8725342154502869
approached_target_without_observed_contact,0.1,back_L12_15,T5,lag2_soft_change,17,0.4493463933467865,0.04053659737110138,0.03979036211967468
approached_target_without_observed_contact,0.1,back_L12_15,T6,lag1_soft_change,17,0.5683940649032593,0.03644799441099167,0.03516152873635292
approached_target_without_observed_contact,0.1,back_L12_15,T6,lag1_hard_churn,17,0.3837535083293915,0.8313822746276855,0.8662893176078796
approached_target_without_observed_contact,0.1,back_L12_15,T6,lag2_soft_change,17,0.479925274848938,0.03984878957271576,0.03910449519753456
approached_target_without_observed_contact,0.1,back_L12_15,T7,lag1_soft_change,17,0.6209149956703186,0.036394938826560974,0.03450331836938858
approached_target_without_observed_contact,0.1,back_L12_15,T7,lag1_hard_churn,17,0.24439777433872223,0.8316610455513,0.8574075102806091
approached_target_without_observed_contact,0.1,back_L12_15,T7,lag2_soft_change,17,0.6377217173576355,0.04029211029410362,0.03840271383523941
approached_target_without_observed_contact,0.1,back_L12_15,T8,lag1_soft_change,17,0.7044817805290222,0.03725817799568176,0.034682273864746094
approached_target_without_observed_contact,0.1,back_L12_15,T8,lag1_hard_churn,17,0.5641923546791077,0.8487842679023743,0.8447058796882629
approached_target_without_observed_contact,0.1,back_L12_15,T8,lag2_soft_change,17,0.4911298155784607,0.04098925366997719,0.03975295647978783
approached_target_without_observed_contact,0.1,back_L12_15,T9,lag1_soft_change,17,0.5823996067047119,0.03836944326758385,0.03699544444680214
approached_target_without_observed_contact,0.1,back_L12_15,T9,lag1_hard_churn,17,0.4176003932952881,0.8347366452217102,0.8476047515869141
approached_target_without_observed_contact,0.1,back_L12_15,T9,lag2_soft_change,17,0.5196078419685364,0.04323529452085495,0.04227151349186897
approached_target_without_observed_contact,0.1,back_L12_15,T10,lag1_soft_change,17,0.809990644454956,0.0434442013502121,0.0391073152422905
approached_target_without_observed_contact,0.1,back_L12_15,T10,lag1_hard_churn,17,0.410597562789917,0.8083025217056274,0.8177192807197571
approached_target_without_observed_contact,0.1,back_L12_15,T10,lag2_soft_change,17,0.6421568393707275,0.04836723953485489,0.04638168215751648
approached_target_without_observed_contact,0.2,back_L12_15,state,lag1_soft_change,17,0.5784313678741455,0.0870523527264595,0.08402004837989807
approached_target_without_observed_contact,0.2,back_L12_15,state,lag1_hard_churn,17,0.5980391502380371,0.6315350532531738,0.5871709585189819
approached_target_without_observed_contact,0.2,back_L12_15,state,lag2_soft_change,17,0.47058823704719543,0.10894797742366791,0.11469972133636475
approached_target_without_observed_contact,0.2,back_L12_15,T1,lag1_soft_change,17,0.7012138366699219,0.04348525404930115,0.036602865904569626
approached_target_without_observed_contact,0.2,back_L12_15,T1,lag1_hard_churn,17,0.5665265917778015,0.8198236227035522,0.7886829376220703
approached_target_without_observed_contact,0.2,back_L12_15,T1,lag2_soft_change,17,0.4897291958332062,0.04404201731085777,0.045169517397880554
approached_target_without_observed_contact,0.2,back_L12_15,T2,lag1_soft_change,17,0.6974790096282959,0.04076918587088585,0.03491905331611633
approached_target_without_observed_contact,0.2,back_L12_15,T2,lag1_hard_churn,17,0.7037815451622009,0.8458543419837952,0.8076462745666504
approached_target_without_observed_contact,0.2,back_L12_15,T2,lag2_soft_change,17,0.524509847164154,0.041966039687395096,0.04276958107948303
approached_target_without_observed_contact,0.2,back_L12_15,T3,lag1_soft_change,17,0.676237165927887,0.04022883623838425,0.03471598029136658
approached_target_without_observed_contact,0.2,back_L12_15,T3,lag1_hard_churn,17,0.5662931799888611,0.8579327464103699,0.8401422500610352
approached_target_without_observed_contact,0.2,back_L12_15,T3,lag2_soft_change,17,0.47385621070861816,0.04128672927618027,0.041251834481954575
approached_target_without_observed_contact,0.2,back_L12_15,T4,lag1_soft_change,17,0.720588207244873,0.0394548662006855,0.03447673097252846
approached_target_without_observed_contact,0.2,back_L12_15,T4,lag1_hard_churn,17,0.5613912343978882,0.8569328188896179,0.8523540496826172
approached_target_without_observed_contact,0.2,back_L12_15,T4,lag2_soft_change,17,0.5336134433746338,0.04074710234999657,0.0400129072368145
approached_target_without_observed_contact,0.2,back_L12_15,T5,lag1_soft_change,17,0.6764705777168274,0.039118632674217224,0.034898754209280014
approached_target_without_observed_contact,0.2,back_L12_15,T5,lag1_hard_churn,17,0.5350140333175659,0.8352800607681274,0.8482146263122559
approached_target_without_observed_contact,0.2,back_L12_15,T5,lag2_soft_change,17,0.702380895614624,0.040974002331495285,0.03905108943581581
approached_target_without_observed_contact,0.2,back_L12_15,T6,lag1_soft_change,17,0.6993464231491089,0.040054112672805786,0.034178052097558975
approached_target_without_observed_contact,0.2,back_L12_15,T6,lag1_hard_churn,17,0.5861344337463379,0.8623473048210144,0.8486772775650024
approached_target_without_observed_contact,0.2,back_L12_15,T6,lag2_soft_change,17,0.5737627744674683,0.04043837636709213,0.03838378190994263
approached_target_without_observed_contact,0.2,back_L12_15,T7,lag1_soft_change,17,0.7184873819351196,0.04094073176383972,0.03367570415139198
approached_target_without_observed_contact,0.2,back_L12_15,T7,lag1_hard_churn,17,0.5989729166030884,0.8673585653305054,0.8529945015907288
approached_target_without_observed_contact,0.2,back_L12_15,T7,lag2_soft_change,17,0.5798319578170776,0.04067567363381386,0.03786180913448334
approached_target_without_observed_contact,0.2,back_L12_15,T8,lag1_soft_change,17,0.720588207244873,0.04341284558176994,0.035735465586185455
approached_target_without_observed_contact,0.2,back_L12_15,T8,lag1_hard_churn,17,0.58753502368927,0.8688571453094482,0.8510331511497498
approached_target_without_observed_contact,0.2,back_L12_15,T8,lag2_soft_change,17,0.6192810535430908,0.04283444210886955,0.039232224225997925
approached_target_without_observed_contact,0.2,back_L12_15,T9,lag1_soft_change,17,0.6489262580871582,0.04333589971065521,0.03780153766274452
approached_target_without_observed_contact,0.2,back_L12_15,T9,lag1_hard_churn,17,0.45985057950019836,0.8353501558303833,0.8440431356430054
approached_target_without_observed_contact,0.2,back_L12_15,T9,lag2_soft_change,17,0.6307188868522644,0.0435124970972538,0.04126589745283127
approached_target_without_observed_contact,0.2,back_L12_15,T10,lag1_soft_change,17,0.7497665882110596,0.04808463901281357,0.041025493294000626
approached_target_without_observed_contact,0.2,back_L12_15,T10,lag1_hard_churn,17,0.5606909394264221,0.8215602040290833,0.7845569849014282
approached_target_without_observed_contact,0.2,back_L12_15,T10,lag2_soft_change,17,0.7016806602478027,0.05043846368789673,0.046258483082056046
approached_target_without_observed_contact,0.3,back_L12_15,state,lag1_soft_change,17,0.43814194202423096,0.09433694928884506,0.09846749156713486
approached_target_without_observed_contact,0.3,back_L12_15,state,lag1_hard_churn,17,0.4049953520298004,0.645476222038269,0.6746973991394043
approached_target_without_observed_contact,0.3,back_L12_15,state,lag2_soft_change,17,0.39822596311569214,0.12347143888473511,0.12318895757198334
approached_target_without_observed_contact,0.3,back_L12_15,T1,lag1_soft_change,17,0.3907563090324402,0.04518834501504898,0.04728977009654045
approached_target_without_observed_contact,0.3,back_L12_15,T1,lag1_hard_churn,17,0.32212886214256287,0.7999733686447144,0.8369663953781128
approached_target_without_observed_contact,0.3,back_L12_15,T1,lag2_soft_change,17,0.5812325477600098,0.05317990481853485,0.04868654906749725
approached_target_without_observed_contact,0.3,back_L12_15,T2,lag1_soft_change,17,0.4084967076778412,0.043417789041996,0.0441865436732769
approached_target_without_observed_contact,0.3,back_L12_15,T2,lag1_hard_churn,17,0.32096171379089355,0.8376568555831909,0.8570436835289001
approached_target_without_observed_contact,0.3,back_L12_15,T2,lag2_soft_change,17,0.498132586479187,0.04814464971423149,0.045138098299503326
approached_target_without_observed_contact,0.3,back_L12_15,T3,lag1_soft_change,17,0.4019607901573181,0.03990074619650841,0.04297032579779625
approached_target_without_observed_contact,0.3,back_L12_15,T3,lag1_hard_churn,17,0.2471988946199417,0.8294509649276733,0.8689150810241699
approached_target_without_observed_contact,0.3,back_L12_15,T3,lag2_soft_change,17,0.4792250394821167,0.04489590600132942,0.04419248178601265
approached_target_without_observed_contact,0.3,back_L12_15,T4,lag1_soft_change,17,0.3709150552749634,0.03902783617377281,0.0423395112156868
approached_target_without_observed_contact,0.3,back_L12_15,T4,lag1_hard_churn,17,0.47572359442710876,0.8446583151817322,0.8647809028625488
approached_target_without_observed_contact,0.3,back_L12_15,T4,lag2_soft_change,17,0.4869281053543091,0.04389572888612747,0.043855808675289154
approached_target_without_observed_contact,0.3,back_L12_15,T5,lag1_soft_change,17,0.3464052379131317,0.03782307356595993,0.04274054989218712
approached_target_without_observed_contact,0.3,back_L12_15,T5,lag1_hard_churn,17,0.34663867950439453,0.8577017188072205,0.8804087042808533
approached_target_without_observed_contact,0.3,back_L12_15,T5,lag2_soft_change,17,0.4183006286621094,0.04280366376042366,0.04413233697414398
approached_target_without_observed_contact,0.3,back_L12_15,T6,lag1_soft_change,17,0.35457515716552734,0.038484130054712296,0.042634785175323486
approached_target_without_observed_contact,0.3,back_L12_15,T6,lag1_hard_churn,17,0.3877217471599579,0.8639775514602661,0.8765527009963989
approached_target_without_observed_contact,0.3,back_L12_15,T6,lag2_soft_change,17,0.406862735748291,0.04289202392101288,0.043623872101306915
approached_target_without_observed_contact,0.3,back_L12_15,T7,lag1_soft_change,17,0.3480392396450043,0.03844429552555084,0.04255957528948784
approached_target_without_observed_contact,0.3,back_L12_15,T7,lag1_hard_churn,17,0.2808123230934143,0.8372114300727844,0.8697342872619629
approached_target_without_observed_contact,0.3,back_L12_15,T7,lag2_soft_change,17,0.406862735748291,0.04379744455218315,0.04412649944424629
approached_target_without_observed_contact,0.3,back_L12_15,T8,lag1_soft_change,17,0.33496731519699097,0.04070422425866127,0.044074367731809616
approached_target_without_observed_contact,0.3,back_L12_15,T8,lag1_hard_churn,17,0.3433706760406494,0.8529958128929138,0.8711147308349609
approached_target_without_observed_contact,0.3,back_L12_15,T8,lag2_soft_change,17,0.372782438993454,0.04579096660017967,0.045888423919677734
approached_target_without_observed_contact,0.3,back_L12_15,T9,lag1_soft_change,17,0.2231559306383133,0.04157349467277527,0.04644923657178879
approached_target_without_observed_contact,0.3,back_L12_15,T9,lag1_hard_churn,17,0.38141924142837524,0.8331498503684998,0.8492876291275024
approached_target_without_observed_contact,0.3,back_L12_15,T9,lag2_soft_change,17,0.37955179810523987,0.04820102080702782,0.04898332804441452
approached_target_without_observed_contact,0.3,back_L12_15,T10,lag1_soft_change,17,0.2747432291507721,0.045246608555316925,0.05065656080842018
approached_target_without_observed_contact,0.3,back_L12_15,T10,lag1_hard_churn,17,0.38352006673812866,0.7963570952415466,0.8228667974472046
approached_target_without_observed_contact,0.3,back_L12_15,T10,lag2_soft_change,17,0.40919703245162964,0.05388092249631882,0.05587627738714218
approached_target_without_observed_contact,0.4,back_L12_15,state,lag1_soft_change,17,0.3543417453765869,0.0671728178858757,0.07950228452682495
approached_target_without_observed_contact,0.4,back_L12_15,state,lag1_hard_churn,17,0.29598507285118103,0.488571435213089,0.5970174670219421
approached_target_without_observed_contact,0.4,back_L12_15,state,lag2_soft_change,17,0.4334733784198761,0.10457196086645126,0.10927096754312515
approached_target_without_observed_contact,0.4,back_L12_15,T1,lag1_soft_change,17,0.24883286654949188,0.0367659367620945,0.04286191239953041
approached_target_without_observed_contact,0.4,back_L12_15,T1,lag1_hard_churn,17,0.3097572326660156,0.737282931804657,0.7996609210968018
approached_target_without_observed_contact,0.4,back_L12_15,T1,lag2_soft_change,17,0.27450981736183167,0.043829213827848434,0.04937073588371277
approached_target_without_observed_contact,0.4,back_L12_15,T2,lag1_soft_change,17,0.37581703066825867,0.03502240777015686,0.04037676006555557
approached_target_without_observed_contact,0.4,back_L12_15,T2,lag1_hard_churn,17,0.36741364002227783,0.7793949246406555,0.8238280415534973
approached_target_without_observed_contact,0.4,back_L12_15,T2,lag2_soft_change,17,0.3244631290435791,0.04158969968557358,0.04593157023191452
approached_target_without_observed_contact,0.4,back_L12_15,T3,lag1_soft_change,17,0.3510737717151642,0.03381612151861191,0.03980491682887077
approached_target_without_observed_contact,0.4,back_L12_15,T3,lag1_hard_churn,17,0.3543417453765869,0.7867367267608643,0.8415592312812805
approached_target_without_observed_contact,0.4,back_L12_15,T3,lag2_soft_change,17,0.345004677772522,0.039875585585832596,0.044421058148145676
approached_target_without_observed_contact,0.4,back_L12_15,T4,lag1_soft_change,17,0.343137264251709,0.03333315625786781,0.03971000015735626
approached_target_without_observed_contact,0.4,back_L12_15,T4,lag1_hard_churn,17,0.3842203617095947,0.8125377893447876,0.8480194211006165
approached_target_without_observed_contact,0.4,back_L12_15,T4,lag2_soft_change,17,0.3888888955116272,0.03930435702204704,0.04355785623192787
approached_target_without_observed_contact,0.4,back_L12_15,T5,lag1_soft_change,17,0.4990662932395935,0.03273564577102661,0.03908131644129753
approached_target_without_observed_contact,0.4,back_L12_15,T5,lag1_hard_churn,17,0.3739495575428009,0.8230980634689331,0.8515903949737549
approached_target_without_observed_contact,0.4,back_L12_15,T5,lag2_soft_change,17,0.3699813485145569,0.038904789835214615,0.042605552822351456
approached_target_without_observed_contact,0.4,back_L12_15,T6,lag1_soft_change,17,0.4551820755004883,0.03303135558962822,0.03877398744225502
approached_target_without_observed_contact,0.4,back_L12_15,T6,lag1_hard_churn,17,0.4080298840999603,0.8194930553436279,0.8549517393112183
approached_target_without_observed_contact,0.4,back_L12_15,T6,lag2_soft_change,17,0.4346405565738678,0.03865250572562218,0.04251507297158241
approached_target_without_observed_contact,0.4,back_L12_15,T7,lag1_soft_change,17,0.3529411852359772,0.03259680047631264,0.039324432611465454
approached_target_without_observed_contact,0.4,back_L12_15,T7,lag1_hard_churn,17,0.3867880702018738,0.7938039302825928,0.847292423248291
approached_target_without_observed_contact,0.4,back_L12_15,T7,lag2_soft_change,17,0.5177404880523682,0.04015118256211281,0.042967788875103
approached_target_without_observed_contact,0.4,back_L12_15,T8,lag1_soft_change,17,0.4257703125476837,0.03474931791424751,0.04007325693964958
approached_target_without_observed_contact,0.4,back_L12_15,T8,lag1_hard_churn,17,0.4185340702533722,0.8141849040985107,0.855746865272522
approached_target_without_observed_contact,0.4,back_L12_15,T8,lag2_soft_change,17,0.3842203617095947,0.040423933416604996,0.043836742639541626
approached_target_without_observed_contact,0.4,back_L12_15,T9,lag1_soft_change,17,0.46591970324516296,0.03555368259549141,0.04051845148205757
approached_target_without_observed_contact,0.4,back_L12_15,T9,lag1_hard_churn,17,0.45308125019073486,0.7971765398979187,0.8336121439933777
approached_target_without_observed_contact,0.4,back_L12_15,T9,lag2_soft_change,17,0.4164332449436188,0.04312965273857117,0.04595879465341568
approached_target_without_observed_contact,0.4,back_L12_15,T10,lag1_soft_change,17,0.4474790096282959,0.040085673332214355,0.04363720491528511
approached_target_without_observed_contact,0.4,back_L12_15,T10,lag1_hard_churn,17,0.5562558174133301,0.7660532593727112,0.7906637191772461
approached_target_without_observed_contact,0.4,back_L12_15,T10,lag2_soft_change,17,0.480392187833786,0.0483841672539711,0.050871241837739944
approached_target_without_observed_contact,0.5,back_L12_15,state,lag1_soft_change,17,0.26143792271614075,0.07190722972154617,0.10086923837661743
approached_target_without_observed_contact,0.5,back_L12_15,state,lag1_hard_churn,17,0.20961719751358032,0.5553221702575684,0.7244389653205872
approached_target_without_observed_contact,0.5,back_L12_15,state,lag2_soft_change,17,0.26143792271614075,0.09874647855758667,0.12599454820156097
approached_target_without_observed_contact,0.5,back_L12_15,T1,lag1_soft_change,17,0.111111119389534,0.03498086333274841,0.049039121717214584
approached_target_without_observed_contact,0.5,back_L12_15,T1,lag1_hard_churn,17,0.23996266722679138,0.731253445148468,0.8178895711898804
approached_target_without_observed_contact,0.5,back_L12_15,T1,lag2_soft_change,17,0.14472456276416779,0.04087579995393753,0.052752796560525894
approached_target_without_observed_contact,0.5,back_L12_15,T2,lag1_soft_change,17,0.12418300658464432,0.03418276086449623,0.04552746191620827
approached_target_without_observed_contact,0.5,back_L12_15,T2,lag1_hard_churn,17,0.20004667341709137,0.7716036438941956,0.846274733543396
approached_target_without_observed_contact,0.5,back_L12_15,T2,lag2_soft_change,17,0.220354825258255,0.039080988615751266,0.04806867241859436
approached_target_without_observed_contact,0.5,back_L12_15,T3,lag1_soft_change,17,0.18627452850341797,0.032996006309986115,0.04488440230488777
approached_target_without_observed_contact,0.5,back_L12_15,T3,lag1_hard_churn,17,0.23132586479187012,0.7908053398132324,0.8747777938842773
approached_target_without_observed_contact,0.5,back_L12_15,T3,lag2_soft_change,17,0.15499532222747803,0.03744056075811386,0.04596410691738129
approached_target_without_observed_contact,0.5,back_L12_15,T4,lag1_soft_change,17,0.0882352963089943,0.031910717487335205,0.04584913328289986
approached_target_without_observed_contact,0.5,back_L12_15,T4,lag1_hard_churn,17,0.2560690939426422,0.7848599553108215,0.8745208978652954
approached_target_without_observed_contact,0.5,back_L12_15,T4,lag2_soft_change,17,0.11858075857162476,0.03637752681970596,0.04613611102104187
approached_target_without_observed_contact,0.5,back_L12_15,T5,lag1_soft_change,17,0.12931840121746063,0.03285393863916397,0.046033214777708054
approached_target_without_observed_contact,0.5,back_L12_15,T5,lag1_hard_churn,17,0.24323062598705292,0.8020167946815491,0.8829076886177063
approached_target_without_observed_contact,0.5,back_L12_15,T5,lag2_soft_change,17,0.2362278252840042,0.03684404119849205,0.04549722000956535
approached_target_without_observed_contact,0.5,back_L12_15,T6,lag1_soft_change,17,0.19794584810733795,0.03272344917058945,0.046392299234867096
approached_target_without_observed_contact,0.5,back_L12_15,T6,lag1_hard_churn,17,0.28221291303634644,0.8091386556625366,0.8777779340744019
approached_target_without_observed_contact,0.5,back_L12_15,T6,lag2_soft_change,17,0.26844072341918945,0.03700698912143707,0.04590311273932457
approached_target_without_observed_contact,0.5,back_L12_15,T7,lag1_soft_change,17,0.158730149269104,0.033917397260665894,0.04770287498831749
approached_target_without_observed_contact,0.5,back_L12_15,T7,lag1_hard_churn,17,0.22595705091953278,0.7898249626159668,0.8804605007171631
approached_target_without_observed_contact,0.5,back_L12_15,T7,lag2_soft_change,17,0.23482726514339447,0.0383220873773098,0.046851664781570435
approached_target_without_observed_contact,0.5,back_L12_15,T8,lag1_soft_change,17,0.10130719095468521,0.03329376503825188,0.04665372148156166
approached_target_without_observed_contact,0.5,back_L12_15,T8,lag1_hard_churn,17,0.18884220719337463,0.7971568703651428,0.8705109357833862
approached_target_without_observed_contact,0.5,back_L12_15,T8,lag2_soft_change,17,0.25023341178894043,0.03873740881681442,0.047778934240341187
approached_target_without_observed_contact,0.5,back_L12_15,T9,lag1_soft_change,17,0.2082166224718094,0.03611689433455467,0.04675308242440224
approached_target_without_observed_contact,0.5,back_L12_15,T9,lag1_hard_churn,17,0.303454726934433,0.7897339463233948,0.8462899923324585
approached_target_without_observed_contact,0.5,back_L12_15,T9,lag2_soft_change,17,0.17040149867534637,0.04025508090853691,0.04908183217048645
approached_target_without_observed_contact,0.5,back_L12_15,T10,lag1_soft_change,17,0.19094304740428925,0.03815709426999092,0.05037408322095871
approached_target_without_observed_contact,0.5,back_L12_15,T10,lag1_hard_churn,17,0.2658730149269104,0.740882396697998,0.8184747099876404
approached_target_without_observed_contact,0.5,back_L12_15,T10,lag2_soft_change,17,0.1101774126291275,0.043079763650894165,0.0546441376209259
approached_target_without_observed_contact,0.6,back_L12_15,state,lag1_soft_change,17,0.3333333432674408,0.0745043009519577,0.08859378844499588
approached_target_without_observed_contact,0.6,back_L12_15,state,lag1_hard_churn,17,0.4117647111415863,0.5650812387466431,0.6312968134880066
approached_target_without_observed_contact,0.6,back_L12_15,state,lag2_soft_change,17,0.3753501772880554,0.09924797713756561,0.11978112906217575
approached_target_without_observed_contact,0.6,back_L12_15,T1,lag1_soft_change,17,0.5147058963775635,0.04370029643177986,0.04402114823460579
approached_target_without_observed_contact,0.6,back_L12_15,T1,lag1_hard_churn,17,0.2728758156299591,0.7366358041763306,0.8192729949951172
approached_target_without_observed_contact,0.6,back_L12_15,T1,lag2_soft_change,17,0.5504202246665955,0.0501081645488739,0.05118503049015999
approached_target_without_observed_contact,0.6,back_L12_15,T2,lag1_soft_change,17,0.5441176295280457,0.04054500162601471,0.04021922126412392
approached_target_without_observed_contact,0.6,back_L12_15,T2,lag1_hard_churn,17,0.29808589816093445,0.7645182609558105,0.8435094356536865
approached_target_without_observed_contact,0.6,back_L12_15,T2,lag2_soft_change,17,0.5882353186607361,0.046696122735738754,0.04676980525255203
approached_target_without_observed_contact,0.6,back_L12_15,T3,lag1_soft_change,17,0.5504202246665955,0.0388614796102047,0.03894241154193878
approached_target_without_observed_contact,0.6,back_L12_15,T3,lag1_hard_churn,17,0.13935576379299164,0.7609831690788269,0.8689730167388916
approached_target_without_observed_contact,0.6,back_L12_15,T3,lag2_soft_change,17,0.5147058963775635,0.04280615597963333,0.0447593629360199
approached_target_without_observed_contact,0.6,back_L12_15,T4,lag1_soft_change,17,0.5014005303382874,0.03794625774025917,0.03834090381860733
approached_target_without_observed_contact,0.6,back_L12_15,T4,lag1_hard_churn,17,0.08613445609807968,0.7580336332321167,0.871032178401947
approached_target_without_observed_contact,0.6,back_L12_15,T4,lag2_soft_change,17,0.48949578404426575,0.04153633862733841,0.04378489404916763
approached_target_without_observed_contact,0.6,back_L12_15,T5,lag1_soft_change,17,0.5553221106529236,0.037872880697250366,0.038243237882852554
approached_target_without_observed_contact,0.6,back_L12_15,T5,lag1_hard_churn,17,0.16503266990184784,0.758002758026123,0.8687788844108582
approached_target_without_observed_contact,0.6,back_L12_15,T5,lag2_soft_change,17,0.5049019455909729,0.04077761992812157,0.04372619837522507
approached_target_without_observed_contact,0.6,back_L12_15,T6,lag1_soft_change,17,0.6470588445663452,0.038875412195920944,0.038585077971220016
approached_target_without_observed_contact,0.6,back_L12_15,T6,lag1_hard_churn,17,0.1774042844772339,0.7619468569755554,0.8734188675880432
approached_target_without_observed_contact,0.6,back_L12_15,T6,lag2_soft_change,17,0.48669466376304626,0.040139198303222656,0.044428855180740356
approached_target_without_observed_contact,0.6,back_L12_15,T7,lag1_soft_change,17,0.6232492923736572,0.039684996008872986,0.038352854549884796
approached_target_without_observed_contact,0.6,back_L12_15,T7,lag1_hard_churn,17,0.1676003783941269,0.7528543472290039,0.8589591979980469
approached_target_without_observed_contact,0.6,back_L12_15,T7,lag2_soft_change,17,0.4523809552192688,0.04096119478344917,0.04469079524278641
approached_target_without_observed_contact,0.6,back_L12_15,T8,lag1_soft_change,17,0.6036414504051208,0.04066740348935127,0.0389842689037323
approached_target_without_observed_contact,0.6,back_L12_15,T8,lag1_hard_churn,17,0.13772176206111908,0.7480055689811707,0.8560028672218323
approached_target_without_observed_contact,0.6,back_L12_15,T8,lag2_soft_change,17,0.5126050710678101,0.04340549185872078,0.04553882032632828
approached_target_without_observed_contact,0.6,back_L12_15,T9,lag1_soft_change,17,0.5133053064346313,0.040688492357730865,0.040437087416648865
approached_target_without_observed_contact,0.6,back_L12_15,T9,lag1_hard_churn,17,0.18207283318042755,0.7454957962036133,0.850109338760376
approached_target_without_observed_contact,0.6,back_L12_15,T9,lag2_soft_change,17,0.47549018263816833,0.044786013662815094,0.046820249408483505
approached_target_without_observed_contact,0.6,back_L12_15,T10,lag1_soft_change,17,0.5581232309341431,0.043241918087005615,0.0427689366042614
approached_target_without_observed_contact,0.6,back_L12_15,T10,lag1_hard_churn,17,0.17927171289920807,0.7179075479507446,0.8104803562164307
approached_target_without_observed_contact,0.6,back_L12_15,T10,lag2_soft_change,17,0.52801114320755,0.05062531679868698,0.05075995996594429
approached_target_without_observed_contact,0.7,back_L12_15,state,lag1_soft_change,17,0.18394024670124054,0.056962449103593826,0.08401079475879669
approached_target_without_observed_contact,0.7,back_L12_15,state,lag1_hard_churn,17,0.24556487798690796,0.48345935344696045,0.6262819170951843
approached_target_without_observed_contact,0.7,back_L12_15,state,lag2_soft_change,17,0.1577964574098587,0.0894240289926529,0.11585424840450287
approached_target_without_observed_contact,0.7,back_L12_15,T1,lag1_soft_change,17,0.39542487263679504,0.03340506553649902,0.0373709462583065
approached_target_without_observed_contact,0.7,back_L12_15,T1,lag1_hard_churn,17,0.16503268480300903,0.6541638374328613,0.7752722501754761
approached_target_without_observed_contact,0.7,back_L12_15,T1,lag2_soft_change,17,0.5457516312599182,0.04536221921443939,0.04579893499612808
approached_target_without_observed_contact,0.7,back_L12_15,T2,lag1_soft_change,17,0.4719887971878052,0.03178756311535835,0.034798514097929
approached_target_without_observed_contact,0.7,back_L12_15,T2,lag1_hard_churn,17,0.12021476030349731,0.7093221545219421,0.8217442631721497
approached_target_without_observed_contact,0.7,back_L12_15,T2,lag2_soft_change,17,0.5816993713378906,0.04201730713248253,0.04231122508645058
approached_target_without_observed_contact,0.7,back_L12_15,T3,lag1_soft_change,17,0.4066293239593506,0.03105437383055687,0.03389787673950195
approached_target_without_observed_contact,0.7,back_L12_15,T3,lag1_hard_churn,17,0.20354808866977692,0.7255840301513672,0.8434008955955505
approached_target_without_observed_contact,0.7,back_L12_15,T3,lag2_soft_change,17,0.5261437296867371,0.039361726492643356,0.04066786170005798
approached_target_without_observed_contact,0.7,back_L12_15,T4,lag1_soft_change,17,0.5669934749603271,0.03292473778128624,0.032515041530132294
approached_target_without_observed_contact,0.7,back_L12_15,T4,lag1_hard_churn,17,0.19514472782611847,0.733536422252655,0.8451212644577026
approached_target_without_observed_contact,0.7,back_L12_15,T4,lag2_soft_change,17,0.5490196347236633,0.03965221717953682,0.03910183534026146
approached_target_without_observed_contact,0.7,back_L12_15,T5,lag1_soft_change,17,0.422502338886261,0.031113239005208015,0.03290889784693718
approached_target_without_observed_contact,0.7,back_L12_15,T5,lag1_hard_churn,17,0.11951448023319244,0.7130910754203796,0.8544678688049316
approached_target_without_observed_contact,0.7,back_L12_15,T5,lag2_soft_change,17,0.48366013169288635,0.03906906396150589,0.039620816707611084
approached_target_without_observed_contact,0.7,back_L12_15,T6,lag1_soft_change,17,0.4724556505680084,0.031572163105010986,0.03253161907196045
approached_target_without_observed_contact,0.7,back_L12_15,T6,lag1_hard_churn,17,0.028711484745144844,0.7183221578598022,0.8594233989715576
approached_target_without_observed_contact,0.7,back_L12_15,T6,lag2_soft_change,17,0.529411792755127,0.040237411856651306,0.03942885249853134
approached_target_without_observed_contact,0.7,back_L12_15,T7,lag1_soft_change,17,0.5042016506195068,0.03072916716337204,0.03240006044507027
approached_target_without_observed_contact,0.7,back_L12_15,T7,lag1_hard_churn,17,0.06302520632743835,0.7049888372421265,0.8535155057907104
approached_target_without_observed_contact,0.7,back_L12_15,T7,lag2_soft_change,17,0.47058823704719543,0.04033181071281433,0.039796117693185806
approached_target_without_observed_contact,0.7,back_L12_15,T8,lag1_soft_change,17,0.4117647111415863,0.03279726579785347,0.03343035280704498
approached_target_without_observed_contact,0.7,back_L12_15,T8,lag1_hard_churn,17,0.10270774364471436,0.7341652512550354,0.8512992262840271
approached_target_without_observed_contact,0.7,back_L12_15,T8,lag2_soft_change,17,0.5658263564109802,0.04154852777719498,0.04034784436225891
approached_target_without_observed_contact,0.7,back_L12_15,T9,lag1_soft_change,17,0.4612511694431305,0.0335054025053978,0.03514353185892105
approached_target_without_observed_contact,0.7,back_L12_15,T9,lag1_hard_churn,17,0.12231558561325073,0.7002395391464233,0.8370539546012878
approached_target_without_observed_contact,0.7,back_L12_15,T9,lag2_soft_change,17,0.5326797366142273,0.04155098646879196,0.04176398739218712
approached_target_without_observed_contact,0.7,back_L12_15,T10,lag1_soft_change,17,0.4852941036224365,0.03628452122211456,0.038482990115880966
approached_target_without_observed_contact,0.7,back_L12_15,T10,lag1_hard_churn,17,0.1727357655763626,0.6697367429733276,0.7941577434539795
approached_target_without_observed_contact,0.7,back_L12_15,T10,lag2_soft_change,17,0.5424836277961731,0.04665351286530495,0.04626777395606041
approached_target_without_observed_contact,0.8,back_L12_15,state,lag1_soft_change,17,0.09570495039224625,0.052977412939071655,0.10653842985630035
approached_target_without_observed_contact,0.8,back_L12_15,state,lag1_hard_churn,17,0.075396828353405,0.4933837354183197,0.7308191061019897
approached_target_without_observed_contact,0.8,back_L12_15,state,lag2_soft_change,17,0.12511670589447021,0.08077884465456009,0.13251788914203644
approached_target_without_observed_contact,0.8,back_L12_15,T1,lag1_soft_change,17,0.16293184459209442,0.03504151850938797,0.04699729382991791
approached_target_without_observed_contact,0.8,back_L12_15,T1,lag1_hard_churn,17,0.06489262729883194,0.6579663753509521,0.8600279092788696
approached_target_without_observed_contact,0.8,back_L12_15,T1,lag2_soft_change,17,0.2063492089509964,0.04347963258624077,0.05222820118069649
approached_target_without_observed_contact,0.8,back_L12_15,T2,lag1_soft_change,17,0.16433240473270416,0.033143430948257446,0.04355800896883011
approached_target_without_observed_contact,0.8,back_L12_15,T2,lag1_hard_churn,17,0.02707749977707863,0.6730840802192688,0.8691664934158325
approached_target_without_observed_contact,0.8,back_L12_15,T2,lag2_soft_change,17,0.22408965229988098,0.04023626446723938,0.04749864712357521
approached_target_without_observed_contact,0.8,back_L12_15,T3,lag1_soft_change,17,0.1587301641702652,0.03150526434183121,0.04186132177710533
approached_target_without_observed_contact,0.8,back_L12_15,T3,lag1_hard_churn,17,0.05228758230805397,0.6962268948554993,0.8746395707130432
approached_target_without_observed_contact,0.8,back_L12_15,T3,lag2_soft_change,17,0.20704948902130127,0.0380459763109684,0.04451378807425499
approached_target_without_observed_contact,0.8,back_L12_15,T4,lag1_soft_change,17,0.15452848374843597,0.03150147944688797,0.040796730667352676
approached_target_without_observed_contact,0.8,back_L12_15,T4,lag1_hard_churn,17,0.03267974033951759,0.7040756344795227,0.8804469108581543
approached_target_without_observed_contact,0.8,back_L12_15,T4,lag2_soft_change,17,0.24066293239593506,0.03825634717941284,0.042654529213905334
approached_target_without_observed_contact,0.8,back_L12_15,T5,lag1_soft_change,17,0.1498599499464035,0.030657533556222916,0.04127848148345947
approached_target_without_observed_contact,0.8,back_L12_15,T5,lag1_hard_churn,17,0.03267974033951759,0.7200503945350647,0.877469003200531
approached_target_without_observed_contact,0.8,back_L12_15,T5,lag2_soft_change,17,0.2712418735027313,0.03760531544685364,0.04187255725264549
approached_target_without_observed_contact,0.8,back_L12_15,T6,lag1_soft_change,17,0.16293184459209442,0.0313786044716835,0.041123270988464355
approached_target_without_observed_contact,0.8,back_L12_15,T6,lag1_hard_churn,17,0.09990663081407547,0.7195714712142944,0.8745443820953369
approached_target_without_observed_contact,0.8,back_L12_15,T6,lag2_soft_change,17,0.2630718946456909,0.03851427137851715,0.04266224801540375
approached_target_without_observed_contact,0.8,back_L12_15,T7,lag1_soft_change,17,0.32679739594459534,0.034986939281225204,0.04182511195540428
approached_target_without_observed_contact,0.8,back_L12_15,T7,lag1_hard_churn,17,0.07749766111373901,0.726305365562439,0.8861680030822754
approached_target_without_observed_contact,0.8,back_L12_15,T7,lag2_soft_change,17,0.41339871287345886,0.040681153535842896,0.044175829738378525
approached_target_without_observed_contact,0.8,back_L12_15,T8,lag1_soft_change,17,0.27450981736183167,0.035066891461610794,0.04346364736557007
approached_target_without_observed_contact,0.8,back_L12_15,T8,lag1_hard_churn,17,0.06302520632743835,0.7200644612312317,0.8780437111854553
approached_target_without_observed_contact,0.8,back_L12_15,T8,lag2_soft_change,17,0.4295051097869873,0.04146575182676315,0.045436304062604904
approached_target_without_observed_contact,0.8,back_L12_15,T9,lag1_soft_change,17,0.2511671185493469,0.035215817391872406,0.046434976160526276
approached_target_without_observed_contact,0.8,back_L12_15,T9,lag1_hard_churn,17,0.08263305574655533,0.6977114677429199,0.8798132538795471
approached_target_without_observed_contact,0.8,back_L12_15,T9,lag2_soft_change,17,0.29598504304885864,0.042538516223430634,0.04902153089642525
approached_target_without_observed_contact,0.8,back_L12_15,T10,lag1_soft_change,17,0.20915032923221588,0.03822224959731102,0.05198404937982559
approached_target_without_observed_contact,0.8,back_L12_15,T10,lag1_hard_churn,17,0.09243696928024292,0.661400556564331,0.8682462573051453
approached_target_without_observed_contact,0.8,back_L12_15,T10,lag2_soft_change,17,0.2602708041667938,0.048540763556957245,0.05539949983358383
approached_target_without_observed_contact,0.9,back_L12_15,state,lag1_soft_change,17,0.45378151535987854,0.05814523249864578,0.08162104338407516
approached_target_without_observed_contact,0.9,back_L12_15,state,lag1_hard_churn,17,0.2390289604663849,0.43313726782798767,0.6044895052909851
approached_target_without_observed_contact,0.9,back_L12_15,state,lag2_soft_change,17,0.4575163424015045,0.09241621941328049,0.12270241975784302
approached_target_without_observed_contact,0.9,back_L12_15,T1,lag1_soft_change,17,0.4575163424015045,0.03511478006839752,0.03834100440144539
approached_target_without_observed_contact,0.9,back_L12_15,T1,lag1_hard_churn,17,0.42810457944869995,0.6658851504325867,0.7766450047492981
approached_target_without_observed_contact,0.9,back_L12_15,T1,lag2_soft_change,17,0.4514472484588623,0.04463531821966171,0.04713127017021179
approached_target_without_observed_contact,0.9,back_L12_15,T2,lag1_soft_change,17,0.4533146619796753,0.03278709203004837,0.03574647381901741
approached_target_without_observed_contact,0.9,back_L12_15,T2,lag1_hard_churn,17,0.31792715191841125,0.673970639705658,0.8089274764060974
approached_target_without_observed_contact,0.9,back_L12_15,T2,lag2_soft_change,17,0.4164332449436188,0.041186098009347916,0.043316248804330826
approached_target_without_observed_contact,0.9,back_L12_15,T3,lag1_soft_change,17,0.44771239161491394,0.031505268067121506,0.034747615456581116
approached_target_without_observed_contact,0.9,back_L12_15,T3,lag1_hard_churn,17,0.3790849447250366,0.6765209436416626,0.8319799304008484
approached_target_without_observed_contact,0.9,back_L12_15,T3,lag2_soft_change,17,0.45704948902130127,0.03922732546925545,0.04116399958729744
approached_target_without_observed_contact,0.9,back_L12_15,T4,lag1_soft_change,17,0.3846871852874756,0.032400429248809814,0.03450053557753563
approached_target_without_observed_contact,0.9,back_L12_15,T4,lag1_hard_churn,17,0.3501400649547577,0.7140657901763916,0.8494095802307129
approached_target_without_observed_contact,0.9,back_L12_15,T4,lag2_soft_change,17,0.420634925365448,0.03833936154842377,0.04075811803340912
approached_target_without_observed_contact,0.9,back_L12_15,T5,lag1_soft_change,17,0.4183006286621094,0.032114479690790176,0.034689780324697495
approached_target_without_observed_contact,0.9,back_L12_15,T5,lag1_hard_churn,17,0.3639122247695923,0.7349145412445068,0.846976101398468
approached_target_without_observed_contact,0.9,back_L12_15,T5,lag2_soft_change,17,0.38842201232910156,0.0381820909678936,0.040484942495822906
approached_target_without_observed_contact,0.9,back_L12_15,T6,lag1_soft_change,17,0.33006536960601807,0.031872645020484924,0.034744974225759506
approached_target_without_observed_contact,0.9,back_L12_15,T6,lag1_hard_churn,17,0.24743232131004333,0.685644268989563,0.8479774594306946
approached_target_without_observed_contact,0.9,back_L12_15,T6,lag2_soft_change,17,0.4953314960002899,0.03933698311448097,0.04056009650230408
approached_target_without_observed_contact,0.9,back_L12_15,T7,lag1_soft_change,17,0.4407096207141876,0.03229455649852753,0.035499293357133865
approached_target_without_observed_contact,0.9,back_L12_15,T7,lag1_hard_churn,17,0.2577030658721924,0.701623260974884,0.8350710272789001
approached_target_without_observed_contact,0.9,back_L12_15,T7,lag2_soft_change,17,0.39028945565223694,0.037787504494190216,0.04102800413966179
approached_target_without_observed_contact,0.9,back_L12_15,T8,lag1_soft_change,17,0.4953314960002899,0.03385838121175766,0.03533664345741272
approached_target_without_observed_contact,0.9,back_L12_15,T8,lag1_hard_churn,17,0.34290385246276855,0.7125826478004456,0.8293208479881287
approached_target_without_observed_contact,0.9,back_L12_15,T8,lag2_soft_change,17,0.4654528498649597,0.03876820206642151,0.041605204343795776
approached_target_without_observed_contact,0.9,back_L12_15,T9,lag1_soft_change,17,0.42530345916748047,0.033980030566453934,0.03802074119448662
approached_target_without_observed_contact,0.9,back_L12_15,T9,lag1_hard_churn,17,0.20588235557079315,0.6805224418640137,0.8270326256752014
approached_target_without_observed_contact,0.9,back_L12_15,T9,lag2_soft_change,17,0.47292250394821167,0.04074038192629814,0.044893939048051834
approached_target_without_observed_contact,0.9,back_L12_15,T10,lag1_soft_change,17,0.3930905759334564,0.036116525530815125,0.04199836030602455
approached_target_without_observed_contact,0.9,back_L12_15,T10,lag1_hard_churn,17,0.26750698685646057,0.6360868811607361,0.7905991077423096
approached_target_without_observed_contact,0.9,back_L12_15,T10,lag2_soft_change,17,0.4355742633342743,0.04448072984814644,0.04974852502346039
approached_target_without_observed_contact,1.0,back_L12_15,state,lag1_soft_change,17,0.2670401334762573,0.05433494970202446,0.08777125924825668
approached_target_without_observed_contact,1.0,back_L12_15,state,lag1_hard_churn,17,0.14414098858833313,0.4343697726726532,0.6716494560241699
approached_target_without_observed_contact,1.0,back_L12_15,state,lag2_soft_change,17,0.4514472484588623,0.08266811817884445,0.11427419632673264
approached_target_without_observed_contact,1.0,back_L12_15,T1,lag1_soft_change,17,0.03501400351524353,0.02910967729985714,0.04569366201758385
approached_target_without_observed_contact,1.0,back_L12_15,T1,lag1_hard_churn,17,0.07563025504350662,0.6004201769828796,0.81154465675354
approached_target_without_observed_contact,1.0,back_L12_15,T1,lag2_soft_change,17,0.0,0.03600539267063141,0.0506899431347847
approached_target_without_observed_contact,1.0,back_L12_15,T2,lag1_soft_change,17,0.03921568766236305,0.02793022058904171,0.043262604624032974
approached_target_without_observed_contact,1.0,back_L12_15,T2,lag1_hard_churn,17,0.04901960864663124,0.6759664416313171,0.8495335578918457
approached_target_without_observed_contact,1.0,back_L12_15,T2,lag2_soft_change,17,0.009803921915590763,0.0334644615650177,0.04618409648537636
approached_target_without_observed_contact,1.0,back_L12_15,T3,lag1_soft_change,17,0.029411764815449715,0.027361813932657242,0.04111873731017113
approached_target_without_observed_contact,1.0,back_L12_15,T3,lag1_hard_churn,17,0.03221288323402405,0.6761484742164612,0.865293562412262
approached_target_without_observed_contact,1.0,back_L12_15,T3,lag2_soft_change,17,0.06209150329232216,0.03278306499123573,0.04348469898104668
approached_target_without_observed_contact,1.0,back_L12_15,T4,lag1_soft_change,17,0.029411764815449715,0.02675439417362213,0.040583085268735886
approached_target_without_observed_contact,1.0,back_L12_15,T4,lag1_hard_churn,17,0.06629317998886108,0.6721148490905762,0.8666473031044006
approached_target_without_observed_contact,1.0,back_L12_15,T4,lag2_soft_change,17,0.06862745434045792,0.031243134289979935,0.04231203347444534
approached_target_without_observed_contact,1.0,back_L12_15,T5,lag1_soft_change,17,0.05578898638486862,0.02831616811454296,0.04193222522735596
approached_target_without_observed_contact,1.0,back_L12_15,T5,lag1_hard_churn,17,0.10130719095468521,0.7221848368644714,0.8882781863212585
approached_target_without_observed_contact,1.0,back_L12_15,T5,lag2_soft_change,17,0.10364145040512085,0.0330672562122345,0.04236491397023201
approached_target_without_observed_contact,1.0,back_L12_15,T6,lag1_soft_change,17,0.05112044885754585,0.030336229130625725,0.04311879351735115
approached_target_without_observed_contact,1.0,back_L12_15,T6,lag1_hard_churn,17,0.021475257351994514,0.7333474159240723,0.891331672668457
approached_target_without_observed_contact,1.0,back_L12_15,T6,lag2_soft_change,17,0.15546217560768127,0.034146253019571304,0.043557263910770416
approached_target_without_observed_contact,1.0,back_L12_15,T7,lag1_soft_change,17,0.019607843831181526,0.02952004224061966,0.044154077768325806
approached_target_without_observed_contact,1.0,back_L12_15,T7,lag1_hard_churn,17,0.095238097012043,0.7107563018798828,0.8822789788246155
approached_target_without_observed_contact,1.0,back_L12_15,T7,lag2_soft_change,17,0.10994397848844528,0.03452398627996445,0.04460740089416504
approached_target_without_observed_contact,1.0,back_L12_15,T8,lag1_soft_change,17,0.028011206537485123,0.029331881552934647,0.0452263168990612
approached_target_without_observed_contact,1.0,back_L12_15,T8,lag1_hard_churn,17,0.13305321335792542,0.692759096622467,0.876316487789154
approached_target_without_observed_contact,1.0,back_L12_15,T8,lag2_soft_change,17,0.10644257813692093,0.03466811031103134,0.04608413577079773
approached_target_without_observed_contact,1.0,back_L12_15,T9,lag1_soft_change,17,0.03641456738114357,0.03145779296755791,0.04776885360479355
approached_target_without_observed_contact,1.0,back_L12_15,T9,lag1_hard_churn,17,0.1031746044754982,0.6889076232910156,0.8655646443367004
approached_target_without_observed_contact,1.0,back_L12_15,T9,lag2_soft_change,17,0.10084034502506256,0.037115372717380524,0.049462832510471344
approached_target_without_observed_contact,1.0,back_L12_15,T10,lag1_soft_change,17,0.04411764815449715,0.03299694508314133,0.052492063492536545
approached_target_without_observed_contact,1.0,back_L12_15,T10,lag1_hard_churn,17,0.1636321246623993,0.6602241396903992,0.8479911684989929
approached_target_without_observed_contact,1.0,back_L12_15,T10,lag2_soft_change,17,0.12044817954301834,0.039290934801101685,0.055799659341573715
mechanism_threshold_not_reached,0.1,back_L12_15,state,lag1_soft_change,7,0.22448979318141937,0.06961458176374435,0.07724340260028839
mechanism_threshold_not_reached,0.1,back_L12_15,state,lag1_hard_churn,7,0.1734694093465805,0.5758844017982483,0.6514518857002258
mechanism_threshold_not_reached,0.1,back_L12_15,state,lag2_soft_change,7,0.040816329419612885,0.1070827841758728,0.12773264944553375
mechanism_threshold_not_reached,0.1,back_L12_15,T1,lag1_soft_change,7,0.1428571492433548,0.031381186097860336,0.03661955147981644
mechanism_threshold_not_reached,0.1,back_L12_15,T1,lag1_hard_churn,7,0.08163265883922577,0.7580578923225403,0.814005434513092
mechanism_threshold_not_reached,0.1,back_L12_15,T1,lag2_soft_change,7,0.26530614495277405,0.038796622306108475,0.043735481798648834
mechanism_threshold_not_reached,0.1,back_L12_15,T2,lag1_soft_change,7,0.3265306055545807,0.032290294766426086,0.03459322080016136
mechanism_threshold_not_reached,0.1,back_L12_15,T2,lag1_hard_churn,7,0.44897961616516113,0.8389217257499695,0.8529305458068848
mechanism_threshold_not_reached,0.1,back_L12_15,T2,lag2_soft_change,7,0.26530614495277405,0.03765735402703285,0.04061681404709816
mechanism_threshold_not_reached,0.1,back_L12_15,T3,lag1_soft_change,7,0.22448979318141937,0.029764946550130844,0.033249471336603165
mechanism_threshold_not_reached,0.1,back_L12_15,T3,lag1_hard_churn,7,0.3469387888908386,0.8458673357963562,0.8662847876548767
mechanism_threshold_not_reached,0.1,back_L12_15,T3,lag2_soft_change,7,0.3265306353569031,0.03591541200876236,0.03737444058060646
mechanism_threshold_not_reached,0.1,back_L12_15,T4,lag1_soft_change,7,0.26530614495277405,0.029359247535467148,0.03308553993701935
mechanism_threshold_not_reached,0.1,back_L12_15,T4,lag1_hard_churn,7,0.3469387888908386,0.8508232235908508,0.8829674124717712
mechanism_threshold_not_reached,0.1,back_L12_15,T4,lag2_soft_change,7,0.3265306055545807,0.035370394587516785,0.037509720772504807
mechanism_threshold_not_reached,0.1,back_L12_15,T5,lag1_soft_change,7,0.36734694242477417,0.03057420626282692,0.03284374624490738
mechanism_threshold_not_reached,0.1,back_L12_15,T5,lag1_hard_churn,7,0.5714285969734192,0.8854285478591919,0.8780845403671265
mechanism_threshold_not_reached,0.1,back_L12_15,T5,lag2_soft_change,7,0.40816327929496765,0.03538106754422188,0.037272386252880096
mechanism_threshold_not_reached,0.1,back_L12_15,T6,lag1_soft_change,7,0.26530614495277405,0.027920113876461983,0.032733071595430374
mechanism_threshold_not_reached,0.1,back_L12_15,T6,lag1_hard_churn,7,0.40816327929496765,0.8536020517349243,0.8841069340705872
mechanism_threshold_not_reached,0.1,back_L12_15,T6,lag2_soft_change,7,0.30612245202064514,0.03562239930033684,0.03804522007703781
mechanism_threshold_not_reached,0.1,back_L12_15,T7,lag1_soft_change,7,0.2448979616165161,0.02914305590093136,0.03408875688910484
mechanism_threshold_not_reached,0.1,back_L12_15,T7,lag1_hard_churn,7,0.2857142984867096,0.848714292049408,0.8761953711509705
mechanism_threshold_not_reached,0.1,back_L12_15,T7,lag2_soft_change,7,0.2857142984867096,0.035993438214063644,0.03882233053445816
mechanism_threshold_not_reached,0.1,back_L12_15,T8,lag1_soft_change,7,0.2857142984867096,0.029091741889715195,0.033992499113082886
mechanism_threshold_not_reached,0.1,back_L12_15,T8,lag1_hard_churn,7,0.6530612707138062,0.8583163022994995,0.8513537645339966
mechanism_threshold_not_reached,0.1,back_L12_15,T8,lag2_soft_change,7,0.2857142984867096,0.03742155060172081,0.03985149785876274
mechanism_threshold_not_reached,0.1,back_L12_15,T9,lag1_soft_change,7,0.1428571492433548,0.029278229922056198,0.03656020760536194
mechanism_threshold_not_reached,0.1,back_L12_15,T9,lag1_hard_churn,7,0.3877551257610321,0.8244149088859558,0.8370374441146851
mechanism_threshold_not_reached,0.1,back_L12_15,T9,lag2_soft_change,7,0.26530614495277405,0.037732988595962524,0.0425560437142849
mechanism_threshold_not_reached,0.1,back_L12_15,T10,lag1_soft_change,7,0.1428571492433548,0.0338134765625,0.03963922709226608
mechanism_threshold_not_reached,0.1,back_L12_15,T10,lag1_hard_churn,7,0.40816327929496765,0.781649649143219,0.7828561663627625
mechanism_threshold_not_reached,0.1,back_L12_15,T10,lag2_soft_change,7,0.12244898080825806,0.041396044194698334,0.046263743191957474
mechanism_threshold_not_reached,0.2,back_L12_15,state,lag1_soft_change,7,0.9591836929321289,0.09714299440383911,0.07767642289400101
mechanism_threshold_not_reached,0.2,back_L12_15,state,lag1_hard_churn,7,0.918367326259613,0.7950748801231384,0.6606413722038269
mechanism_threshold_not_reached,0.2,back_L12_15,state,lag2_soft_change,7,1.0,0.13972942531108856,0.10918810218572617
mechanism_threshold_not_reached,0.2,back_L12_15,T1,lag1_soft_change,7,0.8775510191917419,0.04440587759017944,0.035367757081985474
mechanism_threshold_not_reached,0.2,back_L12_15,T1,lag1_hard_churn,7,0.6326531171798706,0.8301020860671997,0.7873517870903015
mechanism_threshold_not_reached,0.2,back_L12_15,T1,lag2_soft_change,7,0.918367326259613,0.052791986614465714,0.04109054058790207
mechanism_threshold_not_reached,0.2,back_L12_15,T2,lag1_soft_change,7,0.9387755393981934,0.04188323765993118,0.03320562466979027
mechanism_threshold_not_reached,0.2,back_L12_15,T2,lag1_hard_churn,7,0.4897959232330322,0.8410816788673401,0.813426673412323
mechanism_threshold_not_reached,0.2,back_L12_15,T2,lag2_soft_change,7,0.9591836929321289,0.04785245284438133,0.03856538608670235
mechanism_threshold_not_reached,0.2,back_L12_15,T3,lag1_soft_change,7,0.8979591727256775,0.040140461176633835,0.033046964555978775
mechanism_threshold_not_reached,0.2,back_L12_15,T3,lag1_hard_churn,7,0.5510204434394836,0.8541632890701294,0.8480777740478516
mechanism_threshold_not_reached,0.2,back_L12_15,T3,lag2_soft_change,7,0.8979592323303223,0.0451999306678772,0.03703209385275841
mechanism_threshold_not_reached,0.2,back_L12_15,T4,lag1_soft_change,7,0.9795918464660645,0.04058864712715149,0.03294790908694267
mechanism_threshold_not_reached,0.2,back_L12_15,T4,lag1_hard_churn,7,0.7346938848495483,0.8913809657096863,0.8624218702316284
mechanism_threshold_not_reached,0.2,back_L12_15,T4,lag2_soft_change,7,0.8571428656578064,0.04349129647016525,0.036353699862957
mechanism_threshold_not_reached,0.2,back_L12_15,T5,lag1_soft_change,7,0.9387755393981934,0.03931292146444321,0.03274237737059593
mechanism_threshold_not_reached,0.2,back_L12_15,T5,lag1_hard_churn,7,0.3877551257610321,0.8719931840896606,0.8787716627120972
mechanism_threshold_not_reached,0.2,back_L12_15,T5,lag2_soft_change,7,0.8571428656578064,0.04237184673547745,0.035138990730047226
mechanism_threshold_not_reached,0.2,back_L12_15,T6,lag1_soft_change,7,0.9795918464660645,0.040875304490327835,0.033345382660627365
mechanism_threshold_not_reached,0.2,back_L12_15,T6,lag1_hard_churn,7,0.6530612707138062,0.8940884470939636,0.8860622048377991
mechanism_threshold_not_reached,0.2,back_L12_15,T6,lag2_soft_change,7,0.9795918464660645,0.04324951395392418,0.034657467156648636
mechanism_threshold_not_reached,0.2,back_L12_15,T7,lag1_soft_change,7,0.9387754797935486,0.040715791285037994,0.034055911004543304
mechanism_threshold_not_reached,0.2,back_L12_15,T7,lag1_hard_churn,7,0.5306122303009033,0.8860816955566406,0.8796015381813049
mechanism_threshold_not_reached,0.2,back_L12_15,T7,lag2_soft_change,7,0.9183673858642578,0.042896758764982224,0.03675321489572525
mechanism_threshold_not_reached,0.2,back_L12_15,T8,lag1_soft_change,7,0.9183673858642578,0.039322879165410995,0.03374262526631355
mechanism_threshold_not_reached,0.2,back_L12_15,T8,lag1_hard_churn,7,0.285714328289032,0.8567346930503845,0.8662089705467224
mechanism_threshold_not_reached,0.2,back_L12_15,T8,lag2_soft_change,7,1.0,0.04351752996444702,0.03672081604599953
mechanism_threshold_not_reached,0.2,back_L12_15,T9,lag1_soft_change,7,0.8571428656578064,0.04003944247961044,0.03379502519965172
mechanism_threshold_not_reached,0.2,back_L12_15,T9,lag1_hard_churn,7,0.6938775777816772,0.8613266348838806,0.8337006568908691
mechanism_threshold_not_reached,0.2,back_L12_15,T9,lag2_soft_change,7,1.0,0.04762958735227585,0.03834075108170509
mechanism_threshold_not_reached,0.2,back_L12_15,T10,lag1_soft_change,7,0.9591836929321289,0.04278983548283577,0.03624234348535538
mechanism_threshold_not_reached,0.2,back_L12_15,T10,lag1_hard_churn,7,0.7755102515220642,0.8308843970298767,0.7872847318649292
mechanism_threshold_not_reached,0.2,back_L12_15,T10,lag2_soft_change,7,1.0,0.05356089025735855,0.042297303676605225
mechanism_threshold_not_reached,0.3,back_L12_15,state,lag1_soft_change,7,0.26530614495277405,0.058207012712955475,0.07218372076749802
mechanism_threshold_not_reached,0.3,back_L12_15,state,lag1_hard_churn,7,0.44897958636283875,0.46959182620048523,0.5875228643417358
mechanism_threshold_not_reached,0.3,back_L12_15,state,lag2_soft_change,7,0.40816327929496765,0.09165126830339432,0.10192839801311493
mechanism_threshold_not_reached,0.3,back_L12_15,T1,lag1_soft_change,7,0.5714285969734192,0.03612920641899109,0.033081624656915665
mechanism_threshold_not_reached,0.3,back_L12_15,T1,lag1_hard_churn,7,0.12244898080825806,0.6854149699211121,0.8157337307929993
mechanism_threshold_not_reached,0.3,back_L12_15,T1,lag2_soft_change,7,0.6734694242477417,0.04394787549972534,0.040155958384275436
mechanism_threshold_not_reached,0.3,back_L12_15,T2,lag1_soft_change,7,0.6326531171798706,0.03588946908712387,0.031014570966362953
mechanism_threshold_not_reached,0.3,back_L12_15,T2,lag1_hard_churn,7,0.06122449040412903,0.7237755060195923,0.8413410782814026
mechanism_threshold_not_reached,0.3,back_L12_15,T2,lag2_soft_change,7,0.6734694242477417,0.04221930727362633,0.03700459748506546
mechanism_threshold_not_reached,0.3,back_L12_15,T3,lag1_soft_change,7,0.6122449040412903,0.03499545529484749,0.030468862503767014
mechanism_threshold_not_reached,0.3,back_L12_15,T3,lag1_hard_churn,7,0.22448979318141937,0.7265204191207886,0.8439645767211914
mechanism_threshold_not_reached,0.3,back_L12_15,T3,lag2_soft_change,7,0.6734694242477417,0.04067814722657204,0.035212237387895584
mechanism_threshold_not_reached,0.3,back_L12_15,T4,lag1_soft_change,7,0.6326531171798706,0.03456106409430504,0.03049933724105358
mechanism_threshold_not_reached,0.3,back_L12_15,T4,lag1_hard_churn,7,0.22448979318141937,0.7444047927856445,0.8547074198722839
mechanism_threshold_not_reached,0.3,back_L12_15,T4,lag2_soft_change,7,0.6530612707138062,0.04047562554478645,0.034689780324697495
mechanism_threshold_not_reached,0.3,back_L12_15,T5,lag1_soft_change,7,0.5510204434394836,0.03709770366549492,0.031523387879133224
mechanism_threshold_not_reached,0.3,back_L12_15,T5,lag1_hard_churn,7,0.22448979318141937,0.7662415504455566,0.8573746681213379
mechanism_threshold_not_reached,0.3,back_L12_15,T5,lag2_soft_change,7,0.6326531171798706,0.04012664780020714,0.034959085285663605
mechanism_threshold_not_reached,0.3,back_L12_15,T6,lag1_soft_change,7,0.4897959232330322,0.03555091843008995,0.03325224295258522
mechanism_threshold_not_reached,0.3,back_L12_15,T6,lag1_hard_churn,7,0.18367347121238708,0.738193929195404,0.8673493266105652
mechanism_threshold_not_reached,0.3,back_L12_15,T6,lag2_soft_change,7,0.6326531171798706,0.03995480760931969,0.03542656451463699
mechanism_threshold_not_reached,0.3,back_L12_15,T7,lag1_soft_change,7,0.5102040767669678,0.03376665338873863,0.0322568379342556
mechanism_threshold_not_reached,0.3,back_L12_15,T7,lag1_hard_churn,7,0.20408163964748383,0.72744220495224,0.8639450669288635
mechanism_threshold_not_reached,0.3,back_L12_15,T7,lag2_soft_change,7,0.6326531171798706,0.0388680100440979,0.035763803869485855
mechanism_threshold_not_reached,0.3,back_L12_15,T8,lag1_soft_change,7,0.5918367505073547,0.03735442832112312,0.03195274621248245
mechanism_threshold_not_reached,0.3,back_L12_15,T8,lag1_hard_churn,7,0.3265306055545807,0.7364456057548523,0.8590515851974487
mechanism_threshold_not_reached,0.3,back_L12_15,T8,lag2_soft_change,7,0.6734694242477417,0.04162730649113655,0.03616193309426308
mechanism_threshold_not_reached,0.3,back_L12_15,T9,lag1_soft_change,7,0.5102041363716125,0.03729385510087013,0.03220588341355324
mechanism_threshold_not_reached,0.3,back_L12_15,T9,lag1_hard_churn,7,0.20408163964748383,0.7008945345878601,0.8502123951911926
mechanism_threshold_not_reached,0.3,back_L12_15,T9,lag2_soft_change,7,0.6938775777816772,0.04410553351044655,0.037006113678216934
mechanism_threshold_not_reached,0.3,back_L12_15,T10,lag1_soft_change,7,0.5918367505073547,0.045193854719400406,0.036582350730895996
mechanism_threshold_not_reached,0.3,back_L12_15,T10,lag1_hard_churn,7,0.16326531767845154,0.6707483530044556,0.8025519251823425
mechanism_threshold_not_reached,0.3,back_L12_15,T10,lag2_soft_change,7,0.7142857313156128,0.05460162088274956,0.04253613203763962
mechanism_threshold_not_reached,0.4,back_L12_15,state,lag1_soft_change,7,0.20408163964748383,0.07179886847734451,0.10497567802667618
mechanism_threshold_not_reached,0.4,back_L12_15,state,lag1_hard_churn,7,0.040816329419612885,0.5495238304138184,0.7908649444580078
mechanism_threshold_not_reached,0.4,back_L12_15,state,lag2_soft_change,7,0.36734694242477417,0.09494286775588989,0.12490896135568619
mechanism_threshold_not_reached,0.4,back_L12_15,T1,lag1_soft_change,7,0.30612245202064514,0.03911907598376274,0.04472992941737175
mechanism_threshold_not_reached,0.4,back_L12_15,T1,lag1_hard_churn,7,0.08163265883922577,0.7539864182472229,0.870743453502655
mechanism_threshold_not_reached,0.4,back_L12_15,T1,lag2_soft_change,7,0.5306122899055481,0.0461856983602047,0.04849481210112572
mechanism_threshold_not_reached,0.4,back_L12_15,T2,lag1_soft_change,7,0.3469387888908386,0.03677920252084732,0.04177147150039673
mechanism_threshold_not_reached,0.4,back_L12_15,T2,lag1_hard_churn,7,0.16326531767845154,0.7614286541938782,0.8786782622337341
mechanism_threshold_not_reached,0.4,back_L12_15,T2,lag2_soft_change,7,0.5306122899055481,0.042662132531404495,0.04450784996151924
mechanism_threshold_not_reached,0.4,back_L12_15,T3,lag1_soft_change,7,0.40816327929496765,0.0365583710372448,0.041482239961624146
mechanism_threshold_not_reached,0.4,back_L12_15,T3,lag1_hard_churn,7,0.10204081982374191,0.790095329284668,0.8881661295890808
mechanism_threshold_not_reached,0.4,back_L12_15,T3,lag2_soft_change,7,0.4285714328289032,0.041152071207761765,0.0426509752869606
mechanism_threshold_not_reached,0.4,back_L12_15,T4,lag1_soft_change,7,0.4285714328289032,0.036948949098587036,0.041874464601278305
mechanism_threshold_not_reached,0.4,back_L12_15,T4,lag1_hard_churn,7,0.12244898080825806,0.7972312569618225,0.8955374360084534
mechanism_threshold_not_reached,0.4,back_L12_15,T4,lag2_soft_change,7,0.3469387888908386,0.039602793753147125,0.04212161898612976
mechanism_threshold_not_reached,0.4,back_L12_15,T5,lag1_soft_change,7,0.3265306353569031,0.03588954359292984,0.043403737246990204
mechanism_threshold_not_reached,0.4,back_L12_15,T5,lag1_hard_churn,7,0.26530614495277405,0.8036462664604187,0.8913722634315491
mechanism_threshold_not_reached,0.4,back_L12_15,T5,lag2_soft_change,7,0.3265306055545807,0.03724580258131027,0.042277008295059204
mechanism_threshold_not_reached,0.4,back_L12_15,T6,lag1_soft_change,7,0.30612248182296753,0.03397592902183533,0.043657008558511734
mechanism_threshold_not_reached,0.4,back_L12_15,T6,lag1_hard_churn,7,0.16326531767845154,0.7602449059486389,0.8919990658760071
mechanism_threshold_not_reached,0.4,back_L12_15,T6,lag2_soft_change,7,0.30612245202064514,0.03894958645105362,0.04291222617030144
mechanism_threshold_not_reached,0.4,back_L12_15,T7,lag1_soft_change,7,0.2448979765176773,0.034093987196683884,0.04346190765500069
mechanism_threshold_not_reached,0.4,back_L12_15,T7,lag1_hard_churn,7,0.10204081982374191,0.7650272250175476,0.894067108631134
mechanism_threshold_not_reached,0.4,back_L12_15,T7,lag2_soft_change,7,0.30612245202064514,0.040090400725603104,0.0428372398018837
mechanism_threshold_not_reached,0.4,back_L12_15,T8,lag1_soft_change,7,0.3265306353569031,0.036347486078739166,0.04274113103747368
mechanism_threshold_not_reached,0.4,back_L12_15,T8,lag1_hard_churn,7,0.0,0.7561905980110168,0.8937230110168457
mechanism_threshold_not_reached,0.4,back_L12_15,T8,lag2_soft_change,7,0.5102041363716125,0.042674340307712555,0.04269525408744812
mechanism_threshold_not_reached,0.4,back_L12_15,T9,lag1_soft_change,7,0.4285714626312256,0.03808967024087906,0.0438760407269001
mechanism_threshold_not_reached,0.4,back_L12_15,T9,lag1_hard_churn,7,0.040816329419612885,0.7455987334251404,0.8867842555046082
mechanism_threshold_not_reached,0.4,back_L12_15,T9,lag2_soft_change,7,0.3469387888908386,0.0437965951859951,0.045408401638269424
mechanism_threshold_not_reached,0.4,back_L12_15,T10,lag1_soft_change,7,0.4693877696990967,0.04143005982041359,0.046715039759874344
mechanism_threshold_not_reached,0.4,back_L12_15,T10,lag1_hard_churn,7,0.040816329419612885,0.7024694085121155,0.8607064485549927
mechanism_threshold_not_reached,0.4,back_L12_15,T10,lag2_soft_change,7,0.36734697222709656,0.05028704181313515,0.05262861028313637
mechanism_threshold_not_reached,0.5,back_L12_15,state,lag1_soft_change,7,0.18367348611354828,0.043115515261888504,0.08481871336698532
mechanism_threshold_not_reached,0.5,back_L12_15,state,lag1_hard_churn,7,0.08163265883922577,0.3582993447780609,0.6658187508583069
mechanism_threshold_not_reached,0.5,back_L12_15,state,lag2_soft_change,7,0.1428571492433548,0.06792991608381271,0.12829911708831787
mechanism_threshold_not_reached,0.5,back_L12_15,T1,lag1_soft_change,7,0.20408163964748383,0.03033651039004326,0.04073534160852432
mechanism_threshold_not_reached,0.5,back_L12_15,T1,lag1_hard_churn,7,0.10204081982374191,0.6374830007553101,0.813139021396637
mechanism_threshold_not_reached,0.5,back_L12_15,T1,lag2_soft_change,7,0.26530614495277405,0.036137763410806656,0.04798676818609238
mechanism_threshold_not_reached,0.5,back_L12_15,T2,lag1_soft_change,7,0.2857142984867096,0.029857521876692772,0.03760436177253723
mechanism_threshold_not_reached,0.5,back_L12_15,T2,lag1_hard_churn,7,0.16326531767845154,0.6979592442512512,0.8335641026496887
mechanism_threshold_not_reached,0.5,back_L12_15,T2,lag2_soft_change,7,0.2857142984867096,0.035146232694387436,0.04459475353360176
mechanism_threshold_not_reached,0.5,back_L12_15,T3,lag1_soft_change,7,0.3265306353569031,0.029961535707116127,0.03681676834821701
mechanism_threshold_not_reached,0.5,back_L12_15,T3,lag1_hard_churn,7,0.1428571492433548,0.6993026733398438,0.8283892273902893
mechanism_threshold_not_reached,0.5,back_L12_15,T3,lag2_soft_change,7,0.2857142984867096,0.034706562757492065,0.0427711047232151
mechanism_threshold_not_reached,0.5,back_L12_15,T4,lag1_soft_change,7,0.2857142984867096,0.027647078037261963,0.03508921340107918
mechanism_threshold_not_reached,0.5,back_L12_15,T4,lag1_hard_churn,7,0.10204081982374191,0.6860033869743347,0.8439043164253235
mechanism_threshold_not_reached,0.5,back_L12_15,T4,lag2_soft_change,7,0.26530614495277405,0.03268517553806305,0.04120552912354469
mechanism_threshold_not_reached,0.5,back_L12_15,T5,lag1_soft_change,7,0.2448979616165161,0.02648603729903698,0.03470350056886673
mechanism_threshold_not_reached,0.5,back_L12_15,T5,lag1_hard_churn,7,0.16326531767845154,0.7011734247207642,0.8556122183799744
mechanism_threshold_not_reached,0.5,back_L12_15,T5,lag2_soft_change,7,0.2857142984867096,0.03298443555831909,0.04041311889886856
mechanism_threshold_not_reached,0.5,back_L12_15,T6,lag1_soft_change,7,0.2448979765176773,0.025888042524456978,0.034732259809970856
mechanism_threshold_not_reached,0.5,back_L12_15,T6,lag1_hard_churn,7,0.08163265883922577,0.6936224699020386,0.8703936338424683
mechanism_threshold_not_reached,0.5,back_L12_15,T6,lag2_soft_change,7,0.2857142984867096,0.030787693336606026,0.040628399699926376
mechanism_threshold_not_reached,0.5,back_L12_15,T7,lag1_soft_change,7,0.2448979616165161,0.027044987305998802,0.03438348323106766
mechanism_threshold_not_reached,0.5,back_L12_15,T7,lag1_hard_churn,7,0.18367348611354828,0.7301701307296753,0.8704543709754944
mechanism_threshold_not_reached,0.5,back_L12_15,T7,lag2_soft_change,7,0.30612245202064514,0.0314510203897953,0.04053695127367973
mechanism_threshold_not_reached,0.5,back_L12_15,T8,lag1_soft_change,7,0.2448979616165161,0.027606258168816566,0.03402763977646828
mechanism_threshold_not_reached,0.5,back_L12_15,T8,lag1_hard_churn,7,0.12244898825883865,0.715050995349884,0.8576166033744812
mechanism_threshold_not_reached,0.5,back_L12_15,T8,lag2_soft_change,7,0.3265306353569031,0.03243774175643921,0.04033916816115379
mechanism_threshold_not_reached,0.5,back_L12_15,T9,lag1_soft_change,7,0.30612245202064514,0.028320282697677612,0.03562355414032936
mechanism_threshold_not_reached,0.5,back_L12_15,T9,lag1_hard_churn,7,0.20408163964748383,0.6489455103874207,0.846059262752533
mechanism_threshold_not_reached,0.5,back_L12_15,T9,lag2_soft_change,7,0.26530614495277405,0.03202143311500549,0.04366886988282204
mechanism_threshold_not_reached,0.5,back_L12_15,T10,lag1_soft_change,7,0.22448979318141937,0.033919550478458405,0.038711875677108765
mechanism_threshold_not_reached,0.5,back_L12_15,T10,lag1_hard_churn,7,0.1428571492433548,0.6612585186958313,0.8122425079345703
mechanism_threshold_not_reached,0.5,back_L12_15,T10,lag2_soft_change,7,0.2448979616165161,0.03754029422998428,0.04861121252179146
mechanism_threshold_not_reached,0.6,back_L12_15,state,lag1_soft_change,7,0.18367347121238708,0.027954401448369026,0.06558611989021301
mechanism_threshold_not_reached,0.6,back_L12_15,state,lag1_hard_churn,7,0.18367347121238708,0.24503402411937714,0.5788823962211609
mechanism_threshold_not_reached,0.6,back_L12_15,state,lag2_soft_change,7,0.16326531767845154,0.046142514795064926,0.1023469939827919
mechanism_threshold_not_reached,0.6,back_L12_15,T1,lag1_soft_change,7,0.20408163964748383,0.024843377992510796,0.030869638547301292
mechanism_threshold_not_reached,0.6,back_L12_15,T1,lag1_hard_churn,7,0.18367347121238708,0.5725442171096802,0.7491798400878906
mechanism_threshold_not_reached,0.6,back_L12_15,T1,lag2_soft_change,7,0.1428571492433548,0.029147794470191002,0.03944339230656624
mechanism_threshold_not_reached,0.6,back_L12_15,T2,lag1_soft_change,7,0.1428571492433548,0.02318001352250576,0.02925034798681736
mechanism_threshold_not_reached,0.6,back_L12_15,T2,lag1_hard_churn,7,0.18367347121238708,0.6010748147964478,0.7963401079177856
mechanism_threshold_not_reached,0.6,back_L12_15,T2,lag2_soft_change,7,0.12244898080825806,0.026822254061698914,0.03588410094380379
mechanism_threshold_not_reached,0.6,back_L12_15,T3,lag1_soft_change,7,0.2448979616165161,0.024151043966412544,0.028100401163101196
mechanism_threshold_not_reached,0.6,back_L12_15,T3,lag1_hard_churn,7,0.2448979616165161,0.6195986866950989,0.7863866686820984
mechanism_threshold_not_reached,0.6,back_L12_15,T3,lag2_soft_change,7,0.12244898080825806,0.0269921962171793,0.03513496741652489
mechanism_threshold_not_reached,0.6,back_L12_15,T4,lag1_soft_change,7,0.1428571492433548,0.022004786878824234,0.028445255011320114
mechanism_threshold_not_reached,0.6,back_L12_15,T4,lag1_hard_churn,7,0.1428571492433548,0.5846123099327087,0.8100894093513489
mechanism_threshold_not_reached,0.6,back_L12_15,T4,lag2_soft_change,7,0.12244898080825806,0.026596976444125175,0.034042537212371826
mechanism_threshold_not_reached,0.6,back_L12_15,T5,lag1_soft_change,7,0.18367347121238708,0.0229949951171875,0.02826629765331745
mechanism_threshold_not_reached,0.6,back_L12_15,T5,lag1_hard_churn,7,0.20408163964748383,0.6205102205276489,0.8205549120903015
mechanism_threshold_not_reached,0.6,back_L12_15,T5,lag2_soft_change,7,0.12244898080825806,0.02411826327443123,0.033193450421094894
mechanism_threshold_not_reached,0.6,back_L12_15,T6,lag1_soft_change,7,0.2857142984867096,0.026782823726534843,0.02853582426905632
mechanism_threshold_not_reached,0.6,back_L12_15,T6,lag1_hard_churn,7,0.16326531767845154,0.6584625244140625,0.82707679271698
mechanism_threshold_not_reached,0.6,back_L12_15,T6,lag2_soft_change,7,0.1428571492433548,0.02638036198914051,0.03318755701184273
mechanism_threshold_not_reached,0.6,back_L12_15,T7,lag1_soft_change,7,0.20408163964748383,0.024398263543844223,0.029269279912114143
mechanism_threshold_not_reached,0.6,back_L12_15,T7,lag1_hard_churn,7,0.18367347121238708,0.6336122155189514,0.8388115167617798
mechanism_threshold_not_reached,0.6,back_L12_15,T7,lag2_soft_change,7,0.12244898080825806,0.02665667049586773,0.03423616662621498
mechanism_threshold_not_reached,0.6,back_L12_15,T8,lag1_soft_change,7,0.1428571492433548,0.024717548862099648,0.029864506796002388
mechanism_threshold_not_reached,0.6,back_L12_15,T8,lag1_hard_churn,7,0.18367347121238708,0.6420680284500122,0.8266510963439941
mechanism_threshold_not_reached,0.6,back_L12_15,T8,lag2_soft_change,7,0.1428571492433548,0.02728935517370701,0.03527571260929108
mechanism_threshold_not_reached,0.6,back_L12_15,T9,lag1_soft_change,7,0.18367347121238708,0.025307586416602135,0.03080630861222744
mechanism_threshold_not_reached,0.6,back_L12_15,T9,lag1_hard_churn,7,0.16326531767845154,0.6308639645576477,0.7995519638061523
mechanism_threshold_not_reached,0.6,back_L12_15,T9,lag2_soft_change,7,0.1428571492433548,0.02836444042623043,0.03739728406071663
mechanism_threshold_not_reached,0.6,back_L12_15,T10,lag1_soft_change,7,0.1428571492433548,0.027198990806937218,0.03393273800611496
mechanism_threshold_not_reached,0.6,back_L12_15,T10,lag1_hard_churn,7,0.16326531767845154,0.6005986332893372,0.7535393834114075
mechanism_threshold_not_reached,0.6,back_L12_15,T10,lag2_soft_change,7,0.16326531767845154,0.03148490563035011,0.04195287451148033
mechanism_threshold_not_reached,0.7,back_L12_15,state,lag1_soft_change,7,0.0,0.013596300967037678,0.10061878710985184
mechanism_threshold_not_reached,0.7,back_L12_15,state,lag1_hard_churn,7,0.0,0.17666666209697723,0.722250759601593
mechanism_threshold_not_reached,0.7,back_L12_15,state,lag2_soft_change,7,0.0,0.023648589849472046,0.1229155883193016
mechanism_threshold_not_reached,0.7,back_L12_15,T1,lag1_soft_change,7,0.0,0.02016107365489006,0.05207217484712601
mechanism_threshold_not_reached,0.7,back_L12_15,T1,lag1_hard_churn,7,0.0,0.49777892231941223,0.8404465913772583
mechanism_threshold_not_reached,0.7,back_L12_15,T1,lag2_soft_change,7,0.0,0.02307874895632267,0.053900208324193954
mechanism_threshold_not_reached,0.7,back_L12_15,T2,lag1_soft_change,7,0.0,0.020448753610253334,0.048733729869127274
mechanism_threshold_not_reached,0.7,back_L12_15,T2,lag1_hard_churn,7,0.020408164709806442,0.5243061780929565,0.8665428161621094
mechanism_threshold_not_reached,0.7,back_L12_15,T2,lag2_soft_change,7,0.0,0.024118836969137192,0.04883798956871033
mechanism_threshold_not_reached,0.7,back_L12_15,T3,lag1_soft_change,7,0.0,0.021122172474861145,0.04672321677207947
mechanism_threshold_not_reached,0.7,back_L12_15,T3,lag1_hard_churn,7,0.0,0.5743638873100281,0.8783848881721497
mechanism_threshold_not_reached,0.7,back_L12_15,T3,lag2_soft_change,7,0.0,0.022947115823626518,0.046512115746736526
mechanism_threshold_not_reached,0.7,back_L12_15,T4,lag1_soft_change,7,0.0,0.01880924217402935,0.047057103365659714
mechanism_threshold_not_reached,0.7,back_L12_15,T4,lag1_hard_churn,7,0.0,0.5636904835700989,0.887057363986969
mechanism_threshold_not_reached,0.7,back_L12_15,T4,lag2_soft_change,7,0.0,0.021663354709744453,0.04623972624540329
mechanism_threshold_not_reached,0.7,back_L12_15,T5,lag1_soft_change,7,0.020408164709806442,0.02263813093304634,0.04616399481892586
mechanism_threshold_not_reached,0.7,back_L12_15,T5,lag1_hard_churn,7,0.0,0.6225101351737976,0.8875146508216858
mechanism_threshold_not_reached,0.7,back_L12_15,T5,lag2_soft_change,7,0.0,0.023066503927111626,0.04500150308012962
mechanism_threshold_not_reached,0.7,back_L12_15,T6,lag1_soft_change,7,0.020408164709806442,0.02037172205746174,0.04653601720929146
mechanism_threshold_not_reached,0.7,back_L12_15,T6,lag1_hard_churn,7,0.0,0.5945034027099609,0.8822089433670044
mechanism_threshold_not_reached,0.7,back_L12_15,T6,lag2_soft_change,7,0.0,0.022328322753310204,0.04570605605840683
mechanism_threshold_not_reached,0.7,back_L12_15,T7,lag1_soft_change,7,0.020408164709806442,0.022638101130723953,0.04790820553898811
mechanism_threshold_not_reached,0.7,back_L12_15,T7,lag1_hard_churn,7,0.020408164709806442,0.6376836895942688,0.8815704584121704
mechanism_threshold_not_reached,0.7,back_L12_15,T7,lag2_soft_change,7,0.0,0.021488280966877937,0.04741966351866722
mechanism_threshold_not_reached,0.7,back_L12_15,T8,lag1_soft_change,7,0.020408164709806442,0.022575000301003456,0.05002620071172714
mechanism_threshold_not_reached,0.7,back_L12_15,T8,lag1_hard_churn,7,0.020408164709806442,0.611414909362793,0.8712988495826721
mechanism_threshold_not_reached,0.7,back_L12_15,T8,lag2_soft_change,7,0.0,0.0236384104937315,0.05041462182998657
mechanism_threshold_not_reached,0.7,back_L12_15,T9,lag1_soft_change,7,0.0,0.020252391695976257,0.05442582815885544
mechanism_threshold_not_reached,0.7,back_L12_15,T9,lag1_hard_churn,7,0.0,0.5737108588218689,0.8727434277534485
mechanism_threshold_not_reached,0.7,back_L12_15,T9,lag2_soft_change,7,0.0,0.023993870243430138,0.053847141563892365
mechanism_threshold_not_reached,0.7,back_L12_15,T10,lag1_soft_change,7,0.0,0.023353617638349533,0.059305500239133835
mechanism_threshold_not_reached,0.7,back_L12_15,T10,lag1_hard_churn,7,0.0,0.549068033695221,0.837738573551178
mechanism_threshold_not_reached,0.7,back_L12_15,T10,lag2_soft_change,7,0.0,0.024172862991690636,0.05971382185816765
mechanism_threshold_not_reached,0.8,back_L12_15,state,lag1_soft_change,7,0.0,0.015248592011630535,0.10033726692199707
mechanism_threshold_not_reached,0.8,back_L12_15,state,lag1_hard_churn,7,0.0,0.19904761016368866,0.6770262718200684
mechanism_threshold_not_reached,0.8,back_L12_15,state,lag2_soft_change,7,0.0,0.02248043194413185,0.1354111135005951
mechanism_threshold_not_reached,0.8,back_L12_15,T1,lag1_soft_change,7,0.0,0.022253138944506645,0.05359978601336479
mechanism_threshold_not_reached,0.8,back_L12_15,T1,lag1_hard_churn,7,0.0,0.5534421801567078,0.8459863662719727
mechanism_threshold_not_reached,0.8,back_L12_15,T1,lag2_soft_change,7,0.0,0.02299204096198082,0.06023890897631645
mechanism_threshold_not_reached,0.8,back_L12_15,T2,lag1_soft_change,7,0.0,0.021246271207928658,0.049352385103702545
mechanism_threshold_not_reached,0.8,back_L12_15,T2,lag1_hard_churn,7,0.020408164709806442,0.5797006487846375,0.8851302266120911
mechanism_threshold_not_reached,0.8,back_L12_15,T2,lag2_soft_change,7,0.0,0.02149677649140358,0.053577300161123276
mechanism_threshold_not_reached,0.8,back_L12_15,T3,lag1_soft_change,7,0.020408164709806442,0.023063866421580315,0.04585281014442444
mechanism_threshold_not_reached,0.8,back_L12_15,T3,lag1_hard_churn,7,0.0,0.6307210922241211,0.8925160765647888
mechanism_threshold_not_reached,0.8,back_L12_15,T3,lag2_soft_change,7,0.0,0.02131909504532814,0.05014798045158386
mechanism_threshold_not_reached,0.8,back_L12_15,T4,lag1_soft_change,7,0.020408164709806442,0.020973561331629753,0.043580055236816406
mechanism_threshold_not_reached,0.8,back_L12_15,T4,lag1_hard_churn,7,0.0,0.5915034413337708,0.8980174660682678
mechanism_threshold_not_reached,0.8,back_L12_15,T4,lag2_soft_change,7,0.0,0.02211916074156761,0.04838595166802406
mechanism_threshold_not_reached,0.8,back_L12_15,T5,lag1_soft_change,7,0.020408164709806442,0.02417922019958496,0.04331940412521362
mechanism_threshold_not_reached,0.8,back_L12_15,T5,lag1_hard_churn,7,0.020408164709806442,0.6548571586608887,0.900551974773407
mechanism_threshold_not_reached,0.8,back_L12_15,T5,lag2_soft_change,7,0.06122449412941933,0.025440892204642296,0.04706447944045067
mechanism_threshold_not_reached,0.8,back_L12_15,T6,lag1_soft_change,7,0.0,0.02133394591510296,0.043686237186193466
mechanism_threshold_not_reached,0.8,back_L12_15,T6,lag1_hard_churn,7,0.0,0.5978571176528931,0.8923750519752502
mechanism_threshold_not_reached,0.8,back_L12_15,T6,lag2_soft_change,7,0.020408164709806442,0.022857150062918663,0.04778800159692764
mechanism_threshold_not_reached,0.8,back_L12_15,T7,lag1_soft_change,7,0.0,0.021098153665661812,0.0438348613679409
mechanism_threshold_not_reached,0.8,back_L12_15,T7,lag1_hard_churn,7,0.0,0.5801904797554016,0.8874480128288269
mechanism_threshold_not_reached,0.8,back_L12_15,T7,lag2_soft_change,7,0.020408164709806442,0.024157067760825157,0.04869841784238815
mechanism_threshold_not_reached,0.8,back_L12_15,T8,lag1_soft_change,7,0.0,0.02153732255101204,0.04495692253112793
mechanism_threshold_not_reached,0.8,back_L12_15,T8,lag1_hard_churn,7,0.0,0.6032925248146057,0.8843070268630981
mechanism_threshold_not_reached,0.8,back_L12_15,T8,lag2_soft_change,7,0.0,0.025111760944128036,0.051639389246702194
mechanism_threshold_not_reached,0.8,back_L12_15,T9,lag1_soft_change,7,0.0,0.02266976423561573,0.04664497449994087
mechanism_threshold_not_reached,0.8,back_L12_15,T9,lag1_hard_churn,7,0.0,0.5814694166183472,0.8756656646728516
mechanism_threshold_not_reached,0.8,back_L12_15,T9,lag2_soft_change,7,0.0,0.023192191496491432,0.05432049557566643
mechanism_threshold_not_reached,0.8,back_L12_15,T10,lag1_soft_change,7,0.0,0.023991931229829788,0.051271457225084305
mechanism_threshold_not_reached,0.8,back_L12_15,T10,lag1_hard_churn,7,0.020408164709806442,0.5563060641288757,0.8346306681632996
mechanism_threshold_not_reached,0.8,back_L12_15,T10,lag2_soft_change,7,0.0,0.026749780401587486,0.06206472963094711
mechanism_threshold_not_reached,0.9,back_L12_15,state,lag1_soft_change,7,0.0,0.01636921800673008,0.09156131744384766
mechanism_threshold_not_reached,0.9,back_L12_15,state,lag1_hard_churn,7,0.020408164709806442,0.16597960889339447,0.6718979477882385
mechanism_threshold_not_reached,0.9,back_L12_15,state,lag2_soft_change,7,0.0,0.026058629155158997,0.12941156327724457
mechanism_threshold_not_reached,0.9,back_L12_15,T1,lag1_soft_change,7,0.020408164709806442,0.02256236970424652,0.04346763715147972
mechanism_threshold_not_reached,0.9,back_L12_15,T1,lag1_hard_churn,7,0.0,0.5254762172698975,0.7998619675636292
mechanism_threshold_not_reached,0.9,back_L12_15,T1,lag2_soft_change,7,0.10204081982374191,0.026762062683701515,0.051682595163583755
mechanism_threshold_not_reached,0.9,back_L12_15,T2,lag1_soft_change,7,0.10204081982374191,0.02476240135729313,0.03993896394968033
mechanism_threshold_not_reached,0.9,back_L12_15,T2,lag1_hard_churn,7,0.0,0.5857449173927307,0.8423668742179871
mechanism_threshold_not_reached,0.9,back_L12_15,T2,lag2_soft_change,7,0.08163265883922577,0.026106087490916252,0.04638109728693962
mechanism_threshold_not_reached,0.9,back_L12_15,T3,lag1_soft_change,7,0.06122449040412903,0.021655866876244545,0.038433320820331573
mechanism_threshold_not_reached,0.9,back_L12_15,T3,lag1_hard_churn,7,0.0,0.5441395044326782,0.8609635233879089
mechanism_threshold_not_reached,0.9,back_L12_15,T3,lag2_soft_change,7,0.020408164709806442,0.024264348670840263,0.043361131101846695
mechanism_threshold_not_reached,0.9,back_L12_15,T4,lag1_soft_change,7,0.0,0.02234892174601555,0.03787671774625778
mechanism_threshold_not_reached,0.9,back_L12_15,T4,lag1_hard_churn,7,0.0,0.5831564664840698,0.8751875758171082
mechanism_threshold_not_reached,0.9,back_L12_15,T4,lag2_soft_change,7,0.040816329419612885,0.022854505106806755,0.04161306843161583
mechanism_threshold_not_reached,0.9,back_L12_15,T5,lag1_soft_change,7,0.12244898080825806,0.024387063458561897,0.037484847009181976
mechanism_threshold_not_reached,0.9,back_L12_15,T5,lag1_hard_churn,7,0.040816329419612885,0.616207480430603,0.8607706427574158
mechanism_threshold_not_reached,0.9,back_L12_15,T5,lag2_soft_change,7,0.1428571492433548,0.025830382481217384,0.0412522554397583
mechanism_threshold_not_reached,0.9,back_L12_15,T6,lag1_soft_change,7,0.08163265883922577,0.02292393334209919,0.03826049342751503
mechanism_threshold_not_reached,0.9,back_L12_15,T6,lag1_hard_churn,7,0.020408164709806442,0.6224353909492493,0.8567055463790894
mechanism_threshold_not_reached,0.9,back_L12_15,T6,lag2_soft_change,7,0.06122449040412903,0.02526136301457882,0.04193368926644325
mechanism_threshold_not_reached,0.9,back_L12_15,T7,lag1_soft_change,7,0.020408164709806442,0.023152481764554977,0.0371704176068306
mechanism_threshold_not_reached,0.9,back_L12_15,T7,lag1_hard_churn,7,0.020408164709806442,0.6027346849441528,0.8553522825241089
mechanism_threshold_not_reached,0.9,back_L12_15,T7,lag2_soft_change,7,0.06122449040412903,0.023688163608312607,0.042066145688295364
mechanism_threshold_not_reached,0.9,back_L12_15,T8,lag1_soft_change,7,0.08163265883922577,0.0238866675645113,0.038127511739730835
mechanism_threshold_not_reached,0.9,back_L12_15,T8,lag1_hard_churn,7,0.0,0.6050884127616882,0.8535884618759155
mechanism_threshold_not_reached,0.9,back_L12_15,T8,lag2_soft_change,7,0.06122449040412903,0.023365911096334457,0.043363574892282486
mechanism_threshold_not_reached,0.9,back_L12_15,T9,lag1_soft_change,7,0.08163265883922577,0.026309505105018616,0.03901060298085213
mechanism_threshold_not_reached,0.9,back_L12_15,T9,lag1_hard_churn,7,0.0,0.6286224126815796,0.844923198223114
mechanism_threshold_not_reached,0.9,back_L12_15,T9,lag2_soft_change,7,0.0,0.025075433775782585,0.04487113282084465
mechanism_threshold_not_reached,0.9,back_L12_15,T10,lag1_soft_change,7,0.0,0.024104798212647438,0.04249216243624687
mechanism_threshold_not_reached,0.9,back_L12_15,T10,lag1_hard_churn,7,0.0,0.5180374383926392,0.7970179915428162
mechanism_threshold_not_reached,0.9,back_L12_15,T10,lag2_soft_change,7,0.06122449040412903,0.02573370561003685,0.049921996891498566
mechanism_threshold_not_reached,1.0,back_L12_15,state,lag1_soft_change,7,0.10204081982374191,0.026421433314681053,0.0800778716802597
mechanism_threshold_not_reached,1.0,back_L12_15,state,lag1_hard_churn,7,0.06122449040412903,0.21251700818538666,0.6326045393943787
mechanism_threshold_not_reached,1.0,back_L12_15,state,lag2_soft_change,7,0.10204081982374191,0.03205738589167595,0.11197707802057266
mechanism_threshold_not_reached,1.0,back_L12_15,T1,lag1_soft_change,7,0.10204081982374191,0.025099484249949455,0.038728680461645126
mechanism_threshold_not_reached,1.0,back_L12_15,T1,lag1_hard_churn,7,0.020408164709806442,0.5244558453559875,0.7473517656326294
mechanism_threshold_not_reached,1.0,back_L12_15,T1,lag2_soft_change,7,0.12244898080825806,0.02577265165746212,0.04820974916219711
mechanism_threshold_not_reached,1.0,back_L12_15,T2,lag1_soft_change,7,0.18367348611354828,0.027778329327702522,0.03666422888636589
mechanism_threshold_not_reached,1.0,back_L12_15,T2,lag1_hard_churn,7,0.22448979318141937,0.6063605546951294,0.7923663854598999
mechanism_threshold_not_reached,1.0,back_L12_15,T2,lag2_soft_change,7,0.08163265883922577,0.025731490924954414,0.044178497046232224
mechanism_threshold_not_reached,1.0,back_L12_15,T3,lag1_soft_change,7,0.12244898080825806,0.025860672816634178,0.03620461747050285
mechanism_threshold_not_reached,1.0,back_L12_15,T3,lag1_hard_churn,7,0.13265307247638702,0.6302380561828613,0.81298828125
mechanism_threshold_not_reached,1.0,back_L12_15,T3,lag2_soft_change,7,0.10204081982374191,0.025291144847869873,0.042681630700826645
mechanism_threshold_not_reached,1.0,back_L12_15,T4,lag1_soft_change,7,0.040816329419612885,0.02365531027317047,0.03618454188108444
mechanism_threshold_not_reached,1.0,back_L12_15,T4,lag1_hard_churn,7,0.08163265883922577,0.6323809027671814,0.8222984075546265
mechanism_threshold_not_reached,1.0,back_L12_15,T4,lag2_soft_change,7,0.08163265883922577,0.024044642224907875,0.041856177151203156
mechanism_threshold_not_reached,1.0,back_L12_15,T5,lag1_soft_change,7,0.06122449412941933,0.025998173281550407,0.03640643507242203
mechanism_threshold_not_reached,1.0,back_L12_15,T5,lag1_hard_churn,7,0.040816329419612885,0.6527210474014282,0.8341447710990906
mechanism_threshold_not_reached,1.0,back_L12_15,T5,lag2_soft_change,7,0.06122449412941933,0.030464185401797295,0.041182029992341995
mechanism_threshold_not_reached,1.0,back_L12_15,T6,lag1_soft_change,7,0.040816329419612885,0.024802297353744507,0.036295417696237564
mechanism_threshold_not_reached,1.0,back_L12_15,T6,lag1_hard_churn,7,0.020408164709806442,0.6490135788917542,0.8246210217475891
mechanism_threshold_not_reached,1.0,back_L12_15,T6,lag2_soft_change,7,0.06122449040412903,0.027379682287573814,0.04185997322201729
mechanism_threshold_not_reached,1.0,back_L12_15,T7,lag1_soft_change,7,0.10204081982374191,0.025317346677184105,0.03698916360735893
mechanism_threshold_not_reached,1.0,back_L12_15,T7,lag1_hard_churn,7,0.08163265883922577,0.6443877816200256,0.8278036117553711
mechanism_threshold_not_reached,1.0,back_L12_15,T7,lag2_soft_change,7,0.10204081982374191,0.02973337657749653,0.04237254709005356
mechanism_threshold_not_reached,1.0,back_L12_15,T8,lag1_soft_change,7,0.10204081982374191,0.024434732273221016,0.038054876029491425
mechanism_threshold_not_reached,1.0,back_L12_15,T8,lag1_hard_churn,7,0.08163265883922577,0.5997958779335022,0.8141933679580688
mechanism_threshold_not_reached,1.0,back_L12_15,T8,lag2_soft_change,7,0.10204081982374191,0.029270315542817116,0.04400363191962242
mechanism_threshold_not_reached,1.0,back_L12_15,T9,lag1_soft_change,7,0.06122449412941933,0.026195568963885307,0.03926097974181175
mechanism_threshold_not_reached,1.0,back_L12_15,T9,lag1_hard_churn,7,0.06122449040412903,0.5694217681884766,0.8108698129653931
mechanism_threshold_not_reached,1.0,back_L12_15,T9,lag2_soft_change,7,0.10204081982374191,0.030849052593111992,0.04605045169591904
mechanism_threshold_not_reached,1.0,back_L12_15,T10,lag1_soft_change,7,0.08163265883922577,0.03034782037138939,0.04376860707998276
mechanism_threshold_not_reached,1.0,back_L12_15,T10,lag1_hard_churn,7,0.040816329419612885,0.5971428751945496,0.7717443704605103
mechanism_threshold_not_reached,1.0,back_L12_15,T10,lag2_soft_change,7,0.08163265883922577,0.03184348717331886,0.05169516056776047
no_meaningful_target_progress,0.1,back_L12_15,state,lag1_soft_change,2,1.0,0.08853692561388016,0.08155611157417297
no_meaningful_target_progress,0.1,back_L12_15,state,lag1_hard_churn,2,1.0,0.6550000309944153,0.6170238256454468
no_meaningful_target_progress,0.1,back_L12_15,state,lag2_soft_change,2,0.5,0.11338353902101517,0.11423762142658234
no_meaningful_target_progress,0.1,back_L12_15,T1,lag1_soft_change,2,0.5,0.032327987253665924,0.030554862692952156
no_meaningful_target_progress,0.1,back_L12_15,T1,lag1_hard_churn,2,0.1428571492433548,0.7947976589202881,0.8256292343139648
no_meaningful_target_progress,0.1,back_L12_15,T1,lag2_soft_change,2,0.0,0.03212900832295418,0.036790307611227036
no_meaningful_target_progress,0.1,back_L12_15,T2,lag1_soft_change,2,0.0714285746216774,0.025848302990198135,0.027433011680841446
no_meaningful_target_progress,0.1,back_L12_15,T2,lag1_hard_churn,2,0.0,0.7958571314811707,0.8486547470092773
no_meaningful_target_progress,0.1,back_L12_15,T2,lag2_soft_change,2,0.0,0.03224606066942215,0.03386996313929558
no_meaningful_target_progress,0.1,back_L12_15,T3,lag1_soft_change,2,0.5,0.026009056717157364,0.02580038458108902
no_meaningful_target_progress,0.1,back_L12_15,T3,lag1_hard_churn,2,0.0714285746216774,0.8437380790710449,0.8675357699394226
no_meaningful_target_progress,0.1,back_L12_15,T3,lag2_soft_change,2,0.0,0.02783576026558876,0.0323641262948513
no_meaningful_target_progress,0.1,back_L12_15,T4,lag1_soft_change,2,1.0,0.027946092188358307,0.025030367076396942
no_meaningful_target_progress,0.1,back_L12_15,T4,lag1_hard_churn,2,0.8571428656578064,0.8797261714935303,0.850828230381012
no_meaningful_target_progress,0.1,back_L12_15,T4,lag2_soft_change,2,0.0,0.02919081598520279,0.03126535192131996
no_meaningful_target_progress,0.1,back_L12_15,T5,lag1_soft_change,2,0.9285714626312256,0.02544715628027916,0.023546479642391205
no_meaningful_target_progress,0.1,back_L12_15,T5,lag1_hard_churn,2,0.5,0.8069285154342651,0.8308230638504028
no_meaningful_target_progress,0.1,back_L12_15,T5,lag2_soft_change,2,0.0,0.026905588805675507,0.02858896553516388
no_meaningful_target_progress,0.1,back_L12_15,T6,lag1_soft_change,2,0.2142857164144516,0.023746781051158905,0.024786703288555145
no_meaningful_target_progress,0.1,back_L12_15,T6,lag1_hard_churn,2,0.5,0.7984881401062012,0.8129234910011292
no_meaningful_target_progress,0.1,back_L12_15,T6,lag2_soft_change,2,0.5,0.02810690551996231,0.02922055870294571
no_meaningful_target_progress,0.1,back_L12_15,T7,lag1_soft_change,2,1.0,0.03065883181989193,0.023744793608784676
no_meaningful_target_progress,0.1,back_L12_15,T7,lag1_hard_churn,2,0.7142857313156128,0.8375952243804932,0.8165068030357361
no_meaningful_target_progress,0.1,back_L12_15,T7,lag2_soft_change,2,0.5,0.03080163151025772,0.031030118465423584
no_meaningful_target_progress,0.1,back_L12_15,T8,lag1_soft_change,2,0.9285714626312256,0.026540938764810562,0.02458330988883972
no_meaningful_target_progress,0.1,back_L12_15,T8,lag1_hard_churn,2,0.0,0.7974166870117188,0.8257108926773071
no_meaningful_target_progress,0.1,back_L12_15,T8,lag2_soft_change,2,0.0,0.02906658500432968,0.03189704939723015
no_meaningful_target_progress,0.1,back_L12_15,T9,lag1_soft_change,2,0.5,0.027123775333166122,0.026328451931476593
no_meaningful_target_progress,0.1,back_L12_15,T9,lag1_hard_churn,2,0.5,0.8135356903076172,0.8001717925071716
no_meaningful_target_progress,0.1,back_L12_15,T9,lag2_soft_change,2,0.0714285746216774,0.03277545049786568,0.034118976444005966
no_meaningful_target_progress,0.1,back_L12_15,T10,lag1_soft_change,2,0.8571428656578064,0.031045816838741302,0.02929842099547386
no_meaningful_target_progress,0.1,back_L12_15,T10,lag1_hard_churn,2,0.0714285746216774,0.7298809289932251,0.7604200839996338
no_meaningful_target_progress,0.1,back_L12_15,T10,lag2_soft_change,2,0.6428571343421936,0.03623359650373459,0.0361032597720623
no_meaningful_target_progress,0.2,back_L12_15,state,lag1_soft_change,2,0.5,0.013101652264595032,0.04184350743889809
no_meaningful_target_progress,0.2,back_L12_15,state,lag1_hard_churn,2,0.5,0.24000000953674316,0.342108815908432
no_meaningful_target_progress,0.2,back_L12_15,state,lag2_soft_change,2,0.5,0.02084941230714321,0.0684250071644783
no_meaningful_target_progress,0.2,back_L12_15,T1,lag1_soft_change,2,0.0,0.01715700514614582,0.025633063167333603
no_meaningful_target_progress,0.2,back_L12_15,T1,lag1_hard_churn,2,0.0,0.5394523739814758,0.628928542137146
no_meaningful_target_progress,0.2,back_L12_15,T1,lag2_soft_change,2,0.5,0.018691018223762512,0.027079250663518906
no_meaningful_target_progress,0.2,back_L12_15,T2,lag1_soft_change,2,0.5,0.016896914690732956,0.022673970088362694
no_meaningful_target_progress,0.2,back_L12_15,T2,lag1_hard_churn,2,0.0,0.5138809680938721,0.6495237350463867
no_meaningful_target_progress,0.2,back_L12_15,T2,lag2_soft_change,2,0.5,0.0180961973965168,0.02534426748752594
no_meaningful_target_progress,0.2,back_L12_15,T3,lag1_soft_change,2,0.5,0.018802005797624588,0.02273445948958397
no_meaningful_target_progress,0.2,back_L12_15,T3,lag1_hard_churn,2,0.5,0.6136189699172974,0.6912721395492554
no_meaningful_target_progress,0.2,back_L12_15,T3,lag2_soft_change,2,0.5,0.016852324828505516,0.023257266730070114
no_meaningful_target_progress,0.2,back_L12_15,T4,lag1_soft_change,2,0.5,0.018757428973913193,0.02166745997965336
no_meaningful_target_progress,0.2,back_L12_15,T4,lag1_hard_churn,2,0.0,0.6185952425003052,0.7386088371276855
no_meaningful_target_progress,0.2,back_L12_15,T4,lag2_soft_change,2,0.0,0.016117852181196213,0.023296458646655083
no_meaningful_target_progress,0.2,back_L12_15,T5,lag1_soft_change,2,0.0,0.01649240031838417,0.02415001019835472
no_meaningful_target_progress,0.2,back_L12_15,T5,lag1_hard_churn,2,0.0,0.6733332872390747,0.7358707189559937
no_meaningful_target_progress,0.2,back_L12_15,T5,lag2_soft_change,2,0.0,0.015281395986676216,0.022930782288312912
no_meaningful_target_progress,0.2,back_L12_15,T6,lag1_soft_change,2,0.5,0.019311249256134033,0.02057105116546154
no_meaningful_target_progress,0.2,back_L12_15,T6,lag1_hard_churn,2,0.5,0.6290952563285828,0.6985918283462524
no_meaningful_target_progress,0.2,back_L12_15,T6,lag2_soft_change,2,0.5,0.01898619346320629,0.022501405328512192
no_meaningful_target_progress,0.2,back_L12_15,T7,lag1_soft_change,2,0.0,0.014622027054429054,0.021470649167895317
no_meaningful_target_progress,0.2,back_L12_15,T7,lag1_hard_churn,2,0.0,0.5391428470611572,0.7392483353614807
no_meaningful_target_progress,0.2,back_L12_15,T7,lag2_soft_change,2,0.0,0.014743112958967686,0.024427199736237526
no_meaningful_target_progress,0.2,back_L12_15,T8,lag1_soft_change,2,0.5,0.016079312190413475,0.02293257787823677
no_meaningful_target_progress,0.2,back_L12_15,T8,lag1_hard_churn,2,0.5,0.5647618770599365,0.7377448678016663
no_meaningful_target_progress,0.2,back_L12_15,T8,lag2_soft_change,2,0.0,0.017916133627295494,0.027235813438892365
no_meaningful_target_progress,0.2,back_L12_15,T9,lag1_soft_change,2,0.0,0.01702297478914261,0.02530805766582489
no_meaningful_target_progress,0.2,back_L12_15,T9,lag1_hard_churn,2,0.0,0.5412380695343018,0.7567346692085266
no_meaningful_target_progress,0.2,back_L12_15,T9,lag2_soft_change,2,0.5,0.019714491441845894,0.026622861623764038
no_meaningful_target_progress,0.2,back_L12_15,T10,lag1_soft_change,2,0.5,0.019521448761224747,0.027011342346668243
no_meaningful_target_progress,0.2,back_L12_15,T10,lag1_hard_churn,2,0.0,0.5094524025917053,0.7350339889526367
no_meaningful_target_progress,0.2,back_L12_15,T10,lag2_soft_change,2,0.5,0.019221264868974686,0.028159264475107193
no_meaningful_target_progress,0.3,back_L12_15,state,lag1_soft_change,2,0.5,0.012847508303821087,0.04315229505300522
no_meaningful_target_progress,0.3,back_L12_15,state,lag1_hard_churn,2,0.0,0.11749999970197678,0.38999998569488525
no_meaningful_target_progress,0.3,back_L12_15,state,lag2_soft_change,2,0.0,0.020537076517939568,0.06308887898921967
no_meaningful_target_progress,0.3,back_L12_15,T1,lag1_soft_change,2,0.0,0.01702442392706871,0.02474263310432434
no_meaningful_target_progress,0.3,back_L12_15,T1,lag1_hard_churn,2,0.0,0.5500237941741943,0.6798962354660034
no_meaningful_target_progress,0.3,back_L12_15,T1,lag2_soft_change,2,0.0,0.019588937982916832,0.027575859799981117
no_meaningful_target_progress,0.3,back_L12_15,T2,lag1_soft_change,2,0.5,0.015534494072198868,0.02130156010389328
no_meaningful_target_progress,0.3,back_L12_15,T2,lag1_hard_churn,2,0.5,0.5732619166374207,0.6750458478927612
no_meaningful_target_progress,0.3,back_L12_15,T2,lag2_soft_change,2,0.0,0.018877990543842316,0.02582499012351036
no_meaningful_target_progress,0.3,back_L12_15,T3,lag1_soft_change,2,0.0,0.016856947913765907,0.023030053824186325
no_meaningful_target_progress,0.3,back_L12_15,T3,lag1_hard_churn,2,0.0,0.5602738261222839,0.7192602157592773
no_meaningful_target_progress,0.3,back_L12_15,T3,lag2_soft_change,2,0.0,0.01904374733567238,0.024525297805666924
no_meaningful_target_progress,0.3,back_L12_15,T4,lag1_soft_change,2,0.0,0.01335449144244194,0.022417664527893066
no_meaningful_target_progress,0.3,back_L12_15,T4,lag1_hard_churn,2,0.0,0.565500020980835,0.6875952482223511
no_meaningful_target_progress,0.3,back_L12_15,T4,lag2_soft_change,2,0.0,0.015360376797616482,0.023976925760507584
no_meaningful_target_progress,0.3,back_L12_15,T5,lag1_soft_change,2,0.0,0.015570483170449734,0.02103843167424202
no_meaningful_target_progress,0.3,back_L12_15,T5,lag1_hard_churn,2,0.0,0.5735952258110046,0.7619897723197937
no_meaningful_target_progress,0.3,back_L12_15,T5,lag2_soft_change,2,0.5,0.01862782984972,0.022388091310858727
no_meaningful_target_progress,0.3,back_L12_15,T6,lag1_soft_change,2,0.0,0.013377992436289787,0.02280413545668125
no_meaningful_target_progress,0.3,back_L12_15,T6,lag1_hard_churn,2,0.0,0.5127142667770386,0.7340884208679199
no_meaningful_target_progress,0.3,back_L12_15,T6,lag2_soft_change,2,0.5,0.015356752090156078,0.022484857589006424
no_meaningful_target_progress,0.3,back_L12_15,T7,lag1_soft_change,2,0.5,0.016558673232793808,0.02341894619166851
no_meaningful_target_progress,0.3,back_L12_15,T7,lag1_hard_churn,2,0.5,0.6095714569091797,0.7393077611923218
no_meaningful_target_progress,0.3,back_L12_15,T7,lag2_soft_change,2,0.5,0.016838375478982925,0.02515406906604767
no_meaningful_target_progress,0.3,back_L12_15,T8,lag1_soft_change,2,0.5,0.017940782010555267,0.022907065227627754
no_meaningful_target_progress,0.3,back_L12_15,T8,lag1_hard_churn,2,0.5,0.5875476598739624,0.7286003828048706
no_meaningful_target_progress,0.3,back_L12_15,T8,lag2_soft_change,2,0.0,0.015643028542399406,0.024710696190595627
no_meaningful_target_progress,0.3,back_L12_15,T9,lag1_soft_change,2,0.5,0.017932601273059845,0.02449806220829487
no_meaningful_target_progress,0.3,back_L12_15,T9,lag1_hard_churn,2,0.5,0.5630595088005066,0.728474497795105
no_meaningful_target_progress,0.3,back_L12_15,T9,lag2_soft_change,2,0.5,0.02092795819044113,0.02530525252223015
no_meaningful_target_progress,0.3,back_L12_15,T10,lag1_soft_change,2,0.0,0.01770102232694626,0.02846471779048443
no_meaningful_target_progress,0.3,back_L12_15,T10,lag1_hard_churn,2,0.0,0.5228809118270874,0.7531054019927979
no_meaningful_target_progress,0.3,back_L12_15,T10,lag2_soft_change,2,0.5,0.02105552889406681,0.029733622446656227
no_meaningful_target_progress,0.4,back_L12_15,state,lag1_soft_change,2,0.5,0.011345865204930305,0.059068188071250916
no_meaningful_target_progress,0.4,back_L12_15,state,lag1_hard_churn,2,0.0,0.14000001549720764,0.4981972575187683
no_meaningful_target_progress,0.4,back_L12_15,state,lag2_soft_change,2,0.5,0.020127665251493454,0.07585158199071884
no_meaningful_target_progress,0.4,back_L12_15,T1,lag1_soft_change,2,0.5,0.018354929983615875,0.028340458869934082
no_meaningful_target_progress,0.4,back_L12_15,T1,lag1_hard_churn,2,0.5,0.6460952758789062,0.6708741188049316
no_meaningful_target_progress,0.4,back_L12_15,T1,lag2_soft_change,2,0.0,0.0169661957770586,0.032910361886024475
no_meaningful_target_progress,0.4,back_L12_15,T2,lag1_soft_change,2,0.5,0.017627889290452003,0.0254982877522707
no_meaningful_target_progress,0.4,back_L12_15,T2,lag1_hard_churn,2,0.0,0.544785737991333,0.7483265399932861
no_meaningful_target_progress,0.4,back_L12_15,T2,lag2_soft_change,2,0.0,0.01610538363456726,0.030931010842323303
no_meaningful_target_progress,0.4,back_L12_15,T3,lag1_soft_change,2,0.0,0.01459340751171112,0.02596539631485939
no_meaningful_target_progress,0.4,back_L12_15,T3,lag1_hard_churn,2,0.0,0.5397143363952637,0.7512483596801758
no_meaningful_target_progress,0.4,back_L12_15,T3,lag2_soft_change,2,0.0,0.016257908195257187,0.02877497300505638
no_meaningful_target_progress,0.4,back_L12_15,T4,lag1_soft_change,2,0.0,0.01576242223381996,0.026091311126947403
no_meaningful_target_progress,0.4,back_L12_15,T4,lag1_hard_churn,2,0.5,0.6048095226287842,0.7186360359191895
no_meaningful_target_progress,0.4,back_L12_15,T4,lag2_soft_change,2,0.0,0.016006384044885635,0.026334399357438087
no_meaningful_target_progress,0.4,back_L12_15,T5,lag1_soft_change,2,0.5,0.013992603868246078,0.02200201526284218
no_meaningful_target_progress,0.4,back_L12_15,T5,lag1_hard_churn,2,0.5,0.5711666345596313,0.7289999723434448
no_meaningful_target_progress,0.4,back_L12_15,T5,lag2_soft_change,2,0.5,0.015573037788271904,0.02260018140077591
no_meaningful_target_progress,0.4,back_L12_15,T6,lag1_soft_change,2,0.5,0.014616861939430237,0.022021161392331123
no_meaningful_target_progress,0.4,back_L12_15,T6,lag1_hard_churn,2,0.0,0.4917857050895691,0.7495714426040649
no_meaningful_target_progress,0.4,back_L12_15,T6,lag2_soft_change,2,0.5,0.016095923259854317,0.02254231832921505
no_meaningful_target_progress,0.4,back_L12_15,T7,lag1_soft_change,2,0.5,0.01503498200327158,0.0238177627325058
no_meaningful_target_progress,0.4,back_L12_15,T7,lag1_hard_churn,2,0.5,0.5662857294082642,0.7302380800247192
no_meaningful_target_progress,0.4,back_L12_15,T7,lag2_soft_change,2,0.5,0.01660284772515297,0.02380150929093361
no_meaningful_target_progress,0.4,back_L12_15,T8,lag1_soft_change,2,0.5,0.01787310093641281,0.02382746711373329
no_meaningful_target_progress,0.4,back_L12_15,T8,lag1_hard_churn,2,0.5,0.5759047269821167,0.7486156225204468
no_meaningful_target_progress,0.4,back_L12_15,T8,lag2_soft_change,2,0.5,0.019338315352797508,0.025965791195631027
no_meaningful_target_progress,0.4,back_L12_15,T9,lag1_soft_change,2,0.0,0.017479725182056427,0.028345009312033653
no_meaningful_target_progress,0.4,back_L12_15,T9,lag1_hard_churn,2,0.0,0.5946190357208252,0.7901972532272339
no_meaningful_target_progress,0.4,back_L12_15,T9,lag2_soft_change,2,0.5,0.0174856074154377,0.02537134662270546
no_meaningful_target_progress,0.4,back_L12_15,T10,lag1_soft_change,2,0.5,0.02185003086924553,0.027437180280685425
no_meaningful_target_progress,0.4,back_L12_15,T10,lag1_hard_churn,2,0.5,0.5996428728103638,0.6841939091682434
no_meaningful_target_progress,0.4,back_L12_15,T10,lag2_soft_change,2,0.5,0.022683370858430862,0.028025148436427116
no_meaningful_target_progress,0.5,back_L12_15,state,lag1_soft_change,2,0.0,0.010407764464616776,0.05552315711975098
no_meaningful_target_progress,0.5,back_L12_15,state,lag1_hard_churn,2,0.0,0.07500000298023224,0.4595237970352173
no_meaningful_target_progress,0.5,back_L12_15,state,lag2_soft_change,2,0.0,0.01608901657164097,0.08329549431800842
no_meaningful_target_progress,0.5,back_L12_15,T1,lag1_soft_change,2,0.0,0.013278807513415813,0.02574937418103218
no_meaningful_target_progress,0.5,back_L12_15,T1,lag1_hard_churn,2,0.0,0.49172618985176086,0.675365686416626
no_meaningful_target_progress,0.5,back_L12_15,T1,lag2_soft_change,2,0.0,0.014413256198167801,0.03158144652843475
no_meaningful_target_progress,0.5,back_L12_15,T2,lag1_soft_change,2,0.0,0.014509331434965134,0.023282207548618317
no_meaningful_target_progress,0.5,back_L12_15,T2,lag1_hard_churn,2,0.5,0.5439881086349487,0.7023979425430298
no_meaningful_target_progress,0.5,back_L12_15,T2,lag2_soft_change,2,0.0,0.01572108082473278,0.02940731681883335
no_meaningful_target_progress,0.5,back_L12_15,T3,lag1_soft_change,2,0.5,0.017805447801947594,0.020226027816534042
no_meaningful_target_progress,0.5,back_L12_15,T3,lag1_hard_churn,2,0.5,0.6226190328598022,0.7530017495155334
no_meaningful_target_progress,0.5,back_L12_15,T3,lag2_soft_change,2,0.5,0.016932375729084015,0.024312099441885948
no_meaningful_target_progress,0.5,back_L12_15,T4,lag1_soft_change,2,0.0,0.016932494938373566,0.02090366557240486
no_meaningful_target_progress,0.5,back_L12_15,T4,lag1_hard_churn,2,0.5,0.6635714173316956,0.7615901827812195
no_meaningful_target_progress,0.5,back_L12_15,T4,lag2_soft_change,2,0.0,0.01802876777946949,0.023360256105661392
no_meaningful_target_progress,0.5,back_L12_15,T5,lag1_soft_change,2,0.0,0.013980629853904247,0.02152763307094574
no_meaningful_target_progress,0.5,back_L12_15,T5,lag1_hard_churn,2,0.0,0.5825595259666443,0.7599319815635681
no_meaningful_target_progress,0.5,back_L12_15,T5,lag2_soft_change,2,0.0,0.015025092288851738,0.024125143885612488
no_meaningful_target_progress,0.5,back_L12_15,T6,lag1_soft_change,2,0.5,0.01524323783814907,0.020166605710983276
no_meaningful_target_progress,0.5,back_L12_15,T6,lag1_hard_churn,2,0.5,0.6300594806671143,0.71558678150177
no_meaningful_target_progress,0.5,back_L12_15,T6,lag2_soft_change,2,0.0,0.01443352922797203,0.02254638448357582
no_meaningful_target_progress,0.5,back_L12_15,T7,lag1_soft_change,2,0.0,0.014258978888392448,0.021538883447647095
no_meaningful_target_progress,0.5,back_L12_15,T7,lag1_hard_churn,2,0.0,0.5330952405929565,0.7430527210235596
no_meaningful_target_progress,0.5,back_L12_15,T7,lag2_soft_change,2,0.0,0.014765538275241852,0.024448640644550323
no_meaningful_target_progress,0.5,back_L12_15,T8,lag1_soft_change,2,0.0,0.011866826564073563,0.020492661744356155
no_meaningful_target_progress,0.5,back_L12_15,T8,lag1_hard_churn,2,0.0,0.47315478324890137,0.7307738065719604
no_meaningful_target_progress,0.5,back_L12_15,T8,lag2_soft_change,2,0.5,0.016289912164211273,0.022743912413716316
no_meaningful_target_progress,0.5,back_L12_15,T9,lag1_soft_change,2,0.5,0.01648305356502533,0.02152528613805771
no_meaningful_target_progress,0.5,back_L12_15,T9,lag1_hard_churn,2,0.5,0.5120238065719604,0.6289114952087402
no_meaningful_target_progress,0.5,back_L12_15,T9,lag2_soft_change,2,0.5,0.014677492901682854,0.023543981835246086
no_meaningful_target_progress,0.5,back_L12_15,T10,lag1_soft_change,2,0.0,0.019765937700867653,0.025528602302074432
no_meaningful_target_progress,0.5,back_L12_15,T10,lag1_hard_churn,2,0.5,0.5833333134651184,0.6344727873802185
no_meaningful_target_progress,0.5,back_L12_15,T10,lag2_soft_change,2,0.0,0.018392030149698257,0.03366593271493912
no_meaningful_target_progress,0.6,back_L12_15,state,lag1_soft_change,2,0.0,0.009583461098372936,0.07317964732646942
no_meaningful_target_progress,0.6,back_L12_15,state,lag1_hard_churn,2,0.0,0.03999999910593033,0.637653112411499
no_meaningful_target_progress,0.6,back_L12_15,state,lag2_soft_change,2,0.0,0.015890352427959442,0.1030968502163887
no_meaningful_target_progress,0.6,back_L12_15,T1,lag1_soft_change,2,0.0,0.016314255073666573,0.03144610673189163
no_meaningful_target_progress,0.6,back_L12_15,T1,lag1_hard_churn,2,0.0,0.5099524259567261,0.7792482376098633
no_meaningful_target_progress,0.6,back_L12_15,T1,lag2_soft_change,2,0.0,0.017596498131752014,0.03587884455919266
no_meaningful_target_progress,0.6,back_L12_15,T2,lag1_soft_change,2,0.0,0.015726976096630096,0.03055618889629841
no_meaningful_target_progress,0.6,back_L12_15,T2,lag1_hard_churn,2,0.0,0.576619029045105,0.8228299617767334
no_meaningful_target_progress,0.6,back_L12_15,T2,lag2_soft_change,2,0.0,0.0155687490478158,0.035147927701473236
no_meaningful_target_progress,0.6,back_L12_15,T3,lag1_soft_change,2,0.0,0.016784967854619026,0.03223259374499321
no_meaningful_target_progress,0.6,back_L12_15,T3,lag1_hard_churn,2,0.0,0.6354047656059265,0.8405646085739136
no_meaningful_target_progress,0.6,back_L12_15,T3,lag2_soft_change,2,0.0,0.01858942210674286,0.0345512218773365
no_meaningful_target_progress,0.6,back_L12_15,T4,lag1_soft_change,2,0.0,0.013489402830600739,0.03128533810377121
no_meaningful_target_progress,0.6,back_L12_15,T4,lag1_hard_churn,2,0.0,0.5165238380432129,0.8496019840240479
no_meaningful_target_progress,0.6,back_L12_15,T4,lag2_soft_change,2,0.0,0.015962805598974228,0.03304146230220795
no_meaningful_target_progress,0.6,back_L12_15,T5,lag1_soft_change,2,0.0,0.013513113372027874,0.033898577094078064
no_meaningful_target_progress,0.6,back_L12_15,T5,lag1_hard_churn,2,0.0,0.5521667003631592,0.833442211151123
no_meaningful_target_progress,0.6,back_L12_15,T5,lag2_soft_change,2,0.0,0.015253185294568539,0.03555376082658768
no_meaningful_target_progress,0.6,back_L12_15,T6,lag1_soft_change,2,0.0,0.017069686204195023,0.031772010028362274
no_meaningful_target_progress,0.6,back_L12_15,T6,lag1_hard_churn,2,0.0,0.6093333959579468,0.8375680446624756
no_meaningful_target_progress,0.6,back_L12_15,T6,lag2_soft_change,2,0.0,0.01460583508014679,0.03356289863586426
no_meaningful_target_progress,0.6,back_L12_15,T7,lag1_soft_change,2,0.0,0.013364535756409168,0.03290325403213501
no_meaningful_target_progress,0.6,back_L12_15,T7,lag1_hard_churn,2,0.0,0.48271429538726807,0.8763673901557922
no_meaningful_target_progress,0.6,back_L12_15,T7,lag2_soft_change,2,0.0,0.014178071171045303,0.035837240517139435
no_meaningful_target_progress,0.6,back_L12_15,T8,lag1_soft_change,2,0.0,0.016145043075084686,0.036085717380046844
no_meaningful_target_progress,0.6,back_L12_15,T8,lag1_hard_churn,2,0.0,0.5780951976776123,0.8455884456634521
no_meaningful_target_progress,0.6,back_L12_15,T8,lag2_soft_change,2,0.0,0.017585918307304382,0.039576005190610886
no_meaningful_target_progress,0.6,back_L12_15,T9,lag1_soft_change,2,0.0,0.016083411872386932,0.03503556549549103
no_meaningful_target_progress,0.6,back_L12_15,T9,lag1_hard_churn,2,0.0,0.5379047393798828,0.784466028213501
no_meaningful_target_progress,0.6,back_L12_15,T9,lag2_soft_change,2,0.0,0.016226697713136673,0.04002070054411888
no_meaningful_target_progress,0.6,back_L12_15,T10,lag1_soft_change,2,0.0,0.019553571939468384,0.03363925591111183
no_meaningful_target_progress,0.6,back_L12_15,T10,lag1_hard_churn,2,0.0,0.5286667346954346,0.7371496558189392
no_meaningful_target_progress,0.6,back_L12_15,T10,lag2_soft_change,2,0.0,0.02008017711341381,0.04184576869010925
no_meaningful_target_progress,0.7,back_L12_15,state,lag1_soft_change,2,0.0,0.03058440424501896,0.09548984467983246
no_meaningful_target_progress,0.7,back_L12_15,state,lag1_hard_churn,2,0.0,0.2854761779308319,0.7241326570510864
no_meaningful_target_progress,0.7,back_L12_15,state,lag2_soft_change,2,0.0,0.0450170524418354,0.11593116074800491
no_meaningful_target_progress,0.7,back_L12_15,T1,lag1_soft_change,2,0.0,0.018212243914604187,0.04180111363530159
no_meaningful_target_progress,0.7,back_L12_15,T1,lag1_hard_churn,2,0.0,0.5624761581420898,0.7964200973510742
no_meaningful_target_progress,0.7,back_L12_15,T1,lag2_soft_change,2,0.0,0.02130792662501335,0.04284626990556717
no_meaningful_target_progress,0.7,back_L12_15,T2,lag1_soft_change,2,0.0,0.018240557983517647,0.04166610166430473
no_meaningful_target_progress,0.7,back_L12_15,T2,lag1_hard_churn,2,0.0,0.6056785583496094,0.873401403427124
no_meaningful_target_progress,0.7,back_L12_15,T2,lag2_soft_change,2,0.0,0.020658962428569794,0.04069015756249428
no_meaningful_target_progress,0.7,back_L12_15,T3,lag1_soft_change,2,0.0,0.019916381686925888,0.03447524830698967
no_meaningful_target_progress,0.7,back_L12_15,T3,lag1_hard_churn,2,0.5,0.7419286370277405,0.8474251627922058
no_meaningful_target_progress,0.7,back_L12_15,T3,lag2_soft_change,2,0.0,0.01978408731520176,0.03577183559536934
no_meaningful_target_progress,0.7,back_L12_15,T4,lag1_soft_change,2,0.0,0.02012036368250847,0.031962789595127106
no_meaningful_target_progress,0.7,back_L12_15,T4,lag1_hard_churn,2,0.0,0.6587262153625488,0.8905408382415771
no_meaningful_target_progress,0.7,back_L12_15,T4,lag2_soft_change,2,0.0,0.021694809198379517,0.03399202227592468
no_meaningful_target_progress,0.7,back_L12_15,T5,lag1_soft_change,2,0.0,0.020144294947385788,0.031390462070703506
no_meaningful_target_progress,0.7,back_L12_15,T5,lag1_hard_churn,2,0.0,0.7217143177986145,0.8663979768753052
no_meaningful_target_progress,0.7,back_L12_15,T5,lag2_soft_change,2,0.0,0.020076602697372437,0.03305532783269882
no_meaningful_target_progress,0.7,back_L12_15,T6,lag1_soft_change,2,0.0,0.017385631799697876,0.02977277711033821
no_meaningful_target_progress,0.7,back_L12_15,T6,lag1_hard_churn,2,0.0,0.5787023901939392,0.8717619180679321
no_meaningful_target_progress,0.7,back_L12_15,T6,lag2_soft_change,2,0.0,0.019526883959770203,0.03239670395851135
no_meaningful_target_progress,0.7,back_L12_15,T7,lag1_soft_change,2,0.5,0.023269565775990486,0.03175486624240875
no_meaningful_target_progress,0.7,back_L12_15,T7,lag1_hard_churn,2,0.0,0.6397143006324768,0.8684898614883423
no_meaningful_target_progress,0.7,back_L12_15,T7,lag2_soft_change,2,0.5,0.024376582354307175,0.03361744433641434
no_meaningful_target_progress,0.7,back_L12_15,T8,lag1_soft_change,2,0.5,0.022123001515865326,0.034809574484825134
no_meaningful_target_progress,0.7,back_L12_15,T8,lag1_hard_churn,2,0.0,0.6033214330673218,0.8849574327468872
no_meaningful_target_progress,0.7,back_L12_15,T8,lag2_soft_change,2,0.5,0.025732090696692467,0.035988472402095795
no_meaningful_target_progress,0.7,back_L12_15,T9,lag1_soft_change,2,0.5,0.029288023710250854,0.036684390157461166
no_meaningful_target_progress,0.7,back_L12_15,T9,lag1_hard_churn,2,0.0,0.7256190776824951,0.867173433303833
no_meaningful_target_progress,0.7,back_L12_15,T9,lag2_soft_change,2,0.5,0.027029717341065407,0.03743784874677658
no_meaningful_target_progress,0.7,back_L12_15,T10,lag1_soft_change,2,0.5,0.02681322582066059,0.040080033242702484
no_meaningful_target_progress,0.7,back_L12_15,T10,lag1_hard_churn,2,0.0,0.5592738389968872,0.8239489793777466
no_meaningful_target_progress,0.7,back_L12_15,T10,lag2_soft_change,2,0.5,0.03071797452867031,0.04099695011973381
no_meaningful_target_progress,0.8,back_L12_15,state,lag1_soft_change,2,0.5,0.06707286834716797,0.09624295681715012
no_meaningful_target_progress,0.8,back_L12_15,state,lag1_hard_churn,2,0.5,0.48380953073501587,0.6682313084602356
no_meaningful_target_progress,0.8,back_L12_15,state,lag2_soft_change,2,0.5,0.0786278173327446,0.14252319931983948
no_meaningful_target_progress,0.8,back_L12_15,T1,lag1_soft_change,2,0.5,0.030791524797677994,0.03843044489622116
no_meaningful_target_progress,0.8,back_L12_15,T1,lag1_hard_churn,2,0.0,0.7094285488128662,0.848527193069458
no_meaningful_target_progress,0.8,back_L12_15,T1,lag2_soft_change,2,0.0,0.03684544190764427,0.058010466396808624
no_meaningful_target_progress,0.8,back_L12_15,T2,lag1_soft_change,2,0.5,0.029059574007987976,0.034808941185474396
no_meaningful_target_progress,0.8,back_L12_15,T2,lag1_hard_churn,2,0.0,0.7158571481704712,0.8655884265899658
no_meaningful_target_progress,0.8,back_L12_15,T2,lag2_soft_change,2,0.0,0.029623152688145638,0.05238470435142517
no_meaningful_target_progress,0.8,back_L12_15,T3,lag1_soft_change,2,0.5,0.027676787227392197,0.03411389887332916
no_meaningful_target_progress,0.8,back_L12_15,T3,lag1_hard_churn,2,0.5,0.7051428556442261,0.8901598453521729
no_meaningful_target_progress,0.8,back_L12_15,T3,lag2_soft_change,2,0.0,0.028473105281591415,0.0463690310716629
no_meaningful_target_progress,0.8,back_L12_15,T4,lag1_soft_change,2,0.5,0.02789359726011753,0.0336749441921711
no_meaningful_target_progress,0.8,back_L12_15,T4,lag1_hard_churn,2,0.0,0.6996666789054871,0.8874626159667969
no_meaningful_target_progress,0.8,back_L12_15,T4,lag2_soft_change,2,0.0,0.026375673711299896,0.043041665107011795
no_meaningful_target_progress,0.8,back_L12_15,T5,lag1_soft_change,2,0.5,0.029552027583122253,0.03214511275291443
no_meaningful_target_progress,0.8,back_L12_15,T5,lag1_hard_churn,2,0.5,0.821238100528717,0.8856768608093262
no_meaningful_target_progress,0.8,back_L12_15,T5,lag2_soft_change,2,0.0,0.02845403179526329,0.040495749562978745
no_meaningful_target_progress,0.8,back_L12_15,T6,lag1_soft_change,2,0.5,0.026992492377758026,0.03227382153272629
no_meaningful_target_progress,0.8,back_L12_15,T6,lag1_hard_churn,2,0.5,0.7170952558517456,0.8502007722854614
no_meaningful_target_progress,0.8,back_L12_15,T6,lag2_soft_change,2,0.0,0.024565452709794044,0.04026120528578758
no_meaningful_target_progress,0.8,back_L12_15,T7,lag1_soft_change,2,0.5,0.02795090153813362,0.0327865332365036
no_meaningful_target_progress,0.8,back_L12_15,T7,lag1_hard_churn,2,0.0,0.680476188659668,0.8943469524383545
no_meaningful_target_progress,0.8,back_L12_15,T7,lag2_soft_change,2,0.0,0.02491438016295433,0.04217096418142319
no_meaningful_target_progress,0.8,back_L12_15,T8,lag1_soft_change,2,0.5,0.029038654640316963,0.03502023592591286
no_meaningful_target_progress,0.8,back_L12_15,T8,lag1_hard_churn,2,0.0,0.7505714297294617,0.9148367643356323
no_meaningful_target_progress,0.8,back_L12_15,T8,lag2_soft_change,2,0.0,0.027363967150449753,0.04383078217506409
no_meaningful_target_progress,0.8,back_L12_15,T9,lag1_soft_change,2,0.5,0.028225287795066833,0.03550409525632858
no_meaningful_target_progress,0.8,back_L12_15,T9,lag1_hard_churn,2,0.5,0.694190502166748,0.8831667304039001
no_meaningful_target_progress,0.8,back_L12_15,T9,lag2_soft_change,2,0.0,0.02957935258746147,0.04693349450826645
no_meaningful_target_progress,0.8,back_L12_15,T10,lag1_soft_change,2,0.5,0.03260253742337227,0.03874858468770981
no_meaningful_target_progress,0.8,back_L12_15,T10,lag1_hard_churn,2,0.5,0.6620952486991882,0.8073979616165161
no_meaningful_target_progress,0.8,back_L12_15,T10,lag2_soft_change,2,0.0,0.03284993767738342,0.05165563523769379
no_meaningful_target_progress,0.9,back_L12_15,state,lag1_soft_change,2,0.0,0.05543628707528114,0.10041725635528564
no_meaningful_target_progress,0.9,back_L12_15,state,lag1_hard_churn,2,0.5,0.41773808002471924,0.7787908315658569
no_meaningful_target_progress,0.9,back_L12_15,state,lag2_soft_change,2,0.0,0.06710025668144226,0.13304179906845093
no_meaningful_target_progress,0.9,back_L12_15,T1,lag1_soft_change,2,0.0,0.02223065122961998,0.0361407995223999
no_meaningful_target_progress,0.9,back_L12_15,T1,lag1_hard_churn,2,0.0,0.5916547775268555,0.8439574241638184
no_meaningful_target_progress,0.9,back_L12_15,T1,lag2_soft_change,2,0.5,0.029736172407865524,0.040422748774290085
no_meaningful_target_progress,0.9,back_L12_15,T2,lag1_soft_change,2,0.0,0.022524677217006683,0.03538785129785538
no_meaningful_target_progress,0.9,back_L12_15,T2,lag1_hard_churn,2,0.0,0.7206547260284424,0.8635033965110779
no_meaningful_target_progress,0.9,back_L12_15,T2,lag2_soft_change,2,0.5,0.02870349958539009,0.03837774693965912
no_meaningful_target_progress,0.9,back_L12_15,T3,lag1_soft_change,2,0.0,0.023347824811935425,0.03714162856340408
no_meaningful_target_progress,0.9,back_L12_15,T3,lag1_hard_churn,2,0.0,0.765666663646698,0.8580935001373291
no_meaningful_target_progress,0.9,back_L12_15,T3,lag2_soft_change,2,0.0,0.025705093517899513,0.03936803340911865
no_meaningful_target_progress,0.9,back_L12_15,T4,lag1_soft_change,2,0.0,0.020214566960930824,0.04021210968494415
no_meaningful_target_progress,0.9,back_L12_15,T4,lag1_hard_churn,2,0.0,0.6463571786880493,0.9059574604034424
no_meaningful_target_progress,0.9,back_L12_15,T4,lag2_soft_change,2,0.0,0.02425018697977066,0.04317404329776764
no_meaningful_target_progress,0.9,back_L12_15,T5,lag1_soft_change,2,0.0,0.020324621349573135,0.04010758176445961
no_meaningful_target_progress,0.9,back_L12_15,T5,lag1_hard_churn,2,0.0,0.6899523735046387,0.9121122360229492
no_meaningful_target_progress,0.9,back_L12_15,T5,lag2_soft_change,2,0.0,0.024591105058789253,0.04101032018661499
no_meaningful_target_progress,0.9,back_L12_15,T6,lag1_soft_change,2,0.0,0.022318419069051743,0.036269284784793854
no_meaningful_target_progress,0.9,back_L12_15,T6,lag1_hard_churn,2,0.0,0.7390357255935669,0.8865237832069397
no_meaningful_target_progress,0.9,back_L12_15,T6,lag2_soft_change,2,0.0,0.02514094114303589,0.03733787685632706
no_meaningful_target_progress,0.9,back_L12_15,T7,lag1_soft_change,2,0.0,0.02509346231818199,0.03526560589671135
no_meaningful_target_progress,0.9,back_L12_15,T7,lag1_hard_churn,2,0.0,0.7365714311599731,0.9075850248336792
no_meaningful_target_progress,0.9,back_L12_15,T7,lag2_soft_change,2,0.0,0.023769162595272064,0.03737637400627136
no_meaningful_target_progress,0.9,back_L12_15,T8,lag1_soft_change,2,0.0,0.022592000663280487,0.033743858337402344
no_meaningful_target_progress,0.9,back_L12_15,T8,lag1_hard_churn,2,0.0,0.6119285821914673,0.87761390209198
no_meaningful_target_progress,0.9,back_L12_15,T8,lag2_soft_change,2,0.0,0.023687541484832764,0.03712200000882149
no_meaningful_target_progress,0.9,back_L12_15,T9,lag1_soft_change,2,0.0,0.024035407230257988,0.03843800723552704
no_meaningful_target_progress,0.9,back_L12_15,T9,lag1_hard_churn,2,0.5,0.6736667156219482,0.8690067529678345
no_meaningful_target_progress,0.9,back_L12_15,T9,lag2_soft_change,2,0.0,0.024532737210392952,0.03969215974211693
no_meaningful_target_progress,0.9,back_L12_15,T10,lag1_soft_change,2,0.0,0.02983384020626545,0.04679340124130249
no_meaningful_target_progress,0.9,back_L12_15,T10,lag1_hard_churn,2,0.0,0.6849880814552307,0.8810101747512817
no_meaningful_target_progress,0.9,back_L12_15,T10,lag2_soft_change,2,0.0,0.03023790568113327,0.04754554480314255
no_meaningful_target_progress,1.0,back_L12_15,state,lag1_soft_change,2,0.5,0.08486485481262207,0.10292406380176544
no_meaningful_target_progress,1.0,back_L12_15,state,lag1_hard_churn,2,0.0,0.6321429014205933,0.7908163070678711
no_meaningful_target_progress,1.0,back_L12_15,state,lag2_soft_change,2,0.5,0.10622892528772354,0.12707087397575378
no_meaningful_target_progress,1.0,back_L12_15,T1,lag1_soft_change,2,0.0,0.032987818121910095,0.05252818018198013
no_meaningful_target_progress,1.0,back_L12_15,T1,lag1_hard_churn,2,0.5714285969734192,0.826785683631897,0.8514286279678345
no_meaningful_target_progress,1.0,back_L12_15,T1,lag2_soft_change,2,0.0,0.03661634027957916,0.05369097739458084
no_meaningful_target_progress,1.0,back_L12_15,T2,lag1_soft_change,2,0.0,0.02947961911559105,0.04682360589504242
no_meaningful_target_progress,1.0,back_L12_15,T2,lag1_hard_churn,2,0.0,0.8202381134033203,0.9150509834289551
no_meaningful_target_progress,1.0,back_L12_15,T2,lag2_soft_change,2,0.0,0.03638294339179993,0.04842548072338104
no_meaningful_target_progress,1.0,back_L12_15,T3,lag1_soft_change,2,0.0,0.029561655595898628,0.04132148623466492
no_meaningful_target_progress,1.0,back_L12_15,T3,lag1_hard_churn,2,0.4285714328289032,0.889880895614624,0.9283843040466309
no_meaningful_target_progress,1.0,back_L12_15,T3,lag2_soft_change,2,0.0,0.03335986286401749,0.042899176478385925
no_meaningful_target_progress,1.0,back_L12_15,T4,lag1_soft_change,2,0.0,0.027627795934677124,0.03999492526054382
no_meaningful_target_progress,1.0,back_L12_15,T4,lag1_hard_churn,2,0.2142857164144516,0.886904776096344,0.9464285969734192
no_meaningful_target_progress,1.0,back_L12_15,T4,lag2_soft_change,2,0.0,0.03278297930955887,0.041665881872177124
no_meaningful_target_progress,1.0,back_L12_15,T5,lag1_soft_change,2,0.0,0.02637740969657898,0.04006471484899521
no_meaningful_target_progress,1.0,back_L12_15,T5,lag1_hard_churn,2,0.2857142984867096,0.8873809576034546,0.9266496300697327
no_meaningful_target_progress,1.0,back_L12_15,T5,lag2_soft_change,2,0.5,0.03242716193199158,0.039258960634469986
no_meaningful_target_progress,1.0,back_L12_15,T6,lag1_soft_change,2,0.0,0.027908898890018463,0.04204632341861725
no_meaningful_target_progress,1.0,back_L12_15,T6,lag1_hard_churn,2,0.0714285746216774,0.8767856955528259,0.9312924742698669
no_meaningful_target_progress,1.0,back_L12_15,T6,lag2_soft_change,2,0.0,0.03416968882083893,0.04025202989578247
no_meaningful_target_progress,1.0,back_L12_15,T7,lag1_soft_change,2,0.0,0.02818937599658966,0.04439748078584671
no_meaningful_target_progress,1.0,back_L12_15,T7,lag1_hard_churn,2,0.0,0.7933332920074463,0.9305101633071899
no_meaningful_target_progress,1.0,back_L12_15,T7,lag2_soft_change,2,0.0,0.03276877850294113,0.04096677154302597
no_meaningful_target_progress,1.0,back_L12_15,T8,lag1_soft_change,2,0.0,0.03219788894057274,0.04691508412361145
no_meaningful_target_progress,1.0,back_L12_15,T8,lag1_hard_churn,2,0.1428571492433548,0.8559523820877075,0.9070748686790466
no_meaningful_target_progress,1.0,back_L12_15,T8,lag2_soft_change,2,0.0,0.037322863936424255,0.04346233606338501
no_meaningful_target_progress,1.0,back_L12_15,T9,lag1_soft_change,2,0.0,0.03213886916637421,0.048959881067276
no_meaningful_target_progress,1.0,back_L12_15,T9,lag1_hard_churn,2,0.2857142984867096,0.8797619342803955,0.9052211046218872
no_meaningful_target_progress,1.0,back_L12_15,T9,lag2_soft_change,2,0.0,0.03749287873506546,0.044633232057094574
no_meaningful_target_progress,1.0,back_L12_15,T10,lag1_soft_change,2,0.0,0.033244788646698,0.05408240109682083
no_meaningful_target_progress,1.0,back_L12_15,T10,lag1_hard_churn,2,0.0,0.7820237874984741,0.8686054348945618
no_meaningful_target_progress,1.0,back_L12_15,T10,lag2_soft_change,2,0.0,0.04078369215130806,0.04806627333164215
