target,band,split,model,variant,snapshot_key,worker,mixed_strata,pairs,auc
trap,next_1_4,heldout_snapshot,rate_only,aligned,w00_s000,0,1,55,0.5
trap,next_1_4,heldout_snapshot,rate_only,aligned,w00_s005,0,3,69,0.5
trap,next_1_4,heldout_snapshot,rate_only,aligned,w01_s003,1,3,62,0.5
trap,next_1_4,heldout_snapshot,rate_only,aligned,w02_s001,2,2,59,0.5
trap,next_1_4,heldout_snapshot,rate_only,aligned,w00_s001,0,3,62,0.5
trap,next_1_4,heldout_snapshot,rate_only,aligned,w01_s004,1,3,77,0.5
trap,next_1_4,heldout_snapshot,rate_only,aligned,w02_s002,2,3,87,0.5
trap,next_1_4,heldout_snapshot,rate_only,aligned,w03_s005,3,1,15,0.5
trap,next_1_4,heldout_snapshot,rate_only,aligned,w00_s002,0,2,80,0.5
trap,next_1_4,heldout_snapshot,rate_only,aligned,w01_s000,1,3,69,0.5
trap,next_1_4,heldout_snapshot,rate_only,aligned,w02_s003,2,3,86,0.5
trap,next_1_4,heldout_snapshot,rate_only,aligned,w00_s003,0,3,81,0.5
trap,next_1_4,heldout_snapshot,rate_only,aligned,w01_s001,1,3,62,0.5
trap,next_1_4,heldout_snapshot,rate_only,aligned,w02_s004,2,3,87,0.5
trap,next_1_4,heldout_snapshot,rate_only,aligned,w00_s004,0,1,63,0.5
trap,next_1_4,heldout_snapshot,rate_only,aligned,w01_s002,1,2,61,0.5
trap,next_1_4,heldout_snapshot,rate_only,aligned,w02_s000,2,3,71,0.5
trap,next_1_4,heldout_snapshot,physical_action,aligned,w00_s000,0,1,55,1.0
trap,next_1_4,heldout_snapshot,physical_action,aligned,w00_s005,0,3,69,0.9710144927536232
trap,next_1_4,heldout_snapshot,physical_action,aligned,w01_s003,1,3,62,0.8064516129032258
trap,next_1_4,heldout_snapshot,physical_action,aligned,w02_s001,2,2,59,0.9152542372881356
trap,next_1_4,heldout_snapshot,physical_action,aligned,w00_s001,0,3,62,1.0
trap,next_1_4,heldout_snapshot,physical_action,aligned,w01_s004,1,3,77,0.974025974025974
trap,next_1_4,heldout_snapshot,physical_action,aligned,w02_s002,2,3,87,0.8275862068965517
trap,next_1_4,heldout_snapshot,physical_action,aligned,w03_s005,3,1,15,0.6666666666666667
trap,next_1_4,heldout_snapshot,physical_action,aligned,w00_s002,0,2,80,0.95
trap,next_1_4,heldout_snapshot,physical_action,aligned,w01_s000,1,3,69,0.9710144927536232
trap,next_1_4,heldout_snapshot,physical_action,aligned,w02_s003,2,3,86,0.872093023255814
trap,next_1_4,heldout_snapshot,physical_action,aligned,w00_s003,0,3,81,0.9506172839506173
trap,next_1_4,heldout_snapshot,physical_action,aligned,w01_s001,1,3,62,1.0
trap,next_1_4,heldout_snapshot,physical_action,aligned,w02_s004,2,3,87,0.8045977011494253
trap,next_1_4,heldout_snapshot,physical_action,aligned,w00_s004,0,1,63,1.0
trap,next_1_4,heldout_snapshot,physical_action,aligned,w01_s002,1,2,61,1.0
trap,next_1_4,heldout_snapshot,physical_action,aligned,w02_s000,2,3,71,0.704225352112676
trap,next_1_4,heldout_snapshot,physical,aligned,w00_s000,0,1,55,1.0
trap,next_1_4,heldout_snapshot,physical,aligned,w00_s005,0,3,69,0.9420289855072463
trap,next_1_4,heldout_snapshot,physical,aligned,w01_s003,1,3,62,0.7903225806451613
trap,next_1_4,heldout_snapshot,physical,aligned,w02_s001,2,2,59,0.9661016949152542
trap,next_1_4,heldout_snapshot,physical,aligned,w00_s001,0,3,62,0.9838709677419355
trap,next_1_4,heldout_snapshot,physical,aligned,w01_s004,1,3,77,0.961038961038961
trap,next_1_4,heldout_snapshot,physical,aligned,w02_s002,2,3,87,0.735632183908046
trap,next_1_4,heldout_snapshot,physical,aligned,w03_s005,3,1,15,0.8666666666666667
trap,next_1_4,heldout_snapshot,physical,aligned,w00_s002,0,2,80,0.9625
trap,next_1_4,heldout_snapshot,physical,aligned,w01_s000,1,3,69,0.8695652173913043
trap,next_1_4,heldout_snapshot,physical,aligned,w02_s003,2,3,86,0.8837209302325582
trap,next_1_4,heldout_snapshot,physical,aligned,w00_s003,0,3,81,0.8641975308641975
trap,next_1_4,heldout_snapshot,physical,aligned,w01_s001,1,3,62,0.967741935483871
trap,next_1_4,heldout_snapshot,physical,aligned,w02_s004,2,3,87,0.735632183908046
trap,next_1_4,heldout_snapshot,physical,aligned,w00_s004,0,1,63,1.0
trap,next_1_4,heldout_snapshot,physical,aligned,w01_s002,1,2,61,1.0
trap,next_1_4,heldout_snapshot,physical,aligned,w02_s000,2,3,71,0.7183098591549296
trap,next_1_4,heldout_snapshot,moe_aggregate_current,aligned,w00_s000,0,1,55,0.7272727272727273
trap,next_1_4,heldout_snapshot,moe_aggregate_current,aligned,w00_s005,0,3,69,0.6521739130434783
trap,next_1_4,heldout_snapshot,moe_aggregate_current,aligned,w01_s003,1,3,62,0.6129032258064516
trap,next_1_4,heldout_snapshot,moe_aggregate_current,aligned,w02_s001,2,2,59,0.6610169491525424
trap,next_1_4,heldout_snapshot,moe_aggregate_current,aligned,w00_s001,0,3,62,0.6612903225806451
trap,next_1_4,heldout_snapshot,moe_aggregate_current,aligned,w01_s004,1,3,77,0.8441558441558441
trap,next_1_4,heldout_snapshot,moe_aggregate_current,aligned,w02_s002,2,3,87,0.8505747126436781
trap,next_1_4,heldout_snapshot,moe_aggregate_current,aligned,w03_s005,3,1,15,0.8
trap,next_1_4,heldout_snapshot,moe_aggregate_current,aligned,w00_s002,0,2,80,0.85
trap,next_1_4,heldout_snapshot,moe_aggregate_current,aligned,w01_s000,1,3,69,0.927536231884058
trap,next_1_4,heldout_snapshot,moe_aggregate_current,aligned,w02_s003,2,3,86,0.813953488372093
trap,next_1_4,heldout_snapshot,moe_aggregate_current,aligned,w00_s003,0,3,81,0.8395061728395061
trap,next_1_4,heldout_snapshot,moe_aggregate_current,aligned,w01_s001,1,3,62,0.8709677419354839
trap,next_1_4,heldout_snapshot,moe_aggregate_current,aligned,w02_s004,2,3,87,0.8045977011494253
trap,next_1_4,heldout_snapshot,moe_aggregate_current,aligned,w00_s004,0,1,63,0.6825396825396826
trap,next_1_4,heldout_snapshot,moe_aggregate_current,aligned,w01_s002,1,2,61,0.6065573770491803
trap,next_1_4,heldout_snapshot,moe_aggregate_current,aligned,w02_s000,2,3,71,0.8028169014084507
trap,next_1_4,heldout_snapshot,physical_action+aggregate_current,aligned,w00_s000,0,1,55,1.0
trap,next_1_4,heldout_snapshot,physical_action+aggregate_current,aligned,w00_s005,0,3,69,0.9710144927536232
trap,next_1_4,heldout_snapshot,physical_action+aggregate_current,aligned,w01_s003,1,3,62,0.8870967741935484
trap,next_1_4,heldout_snapshot,physical_action+aggregate_current,aligned,w02_s001,2,2,59,0.9322033898305084
trap,next_1_4,heldout_snapshot,physical_action+aggregate_current,aligned,w00_s001,0,3,62,1.0
trap,next_1_4,heldout_snapshot,physical_action+aggregate_current,aligned,w01_s004,1,3,77,0.9090909090909091
trap,next_1_4,heldout_snapshot,physical_action+aggregate_current,aligned,w02_s002,2,3,87,0.7701149425287356
trap,next_1_4,heldout_snapshot,physical_action+aggregate_current,aligned,w03_s005,3,1,15,0.6
trap,next_1_4,heldout_snapshot,physical_action+aggregate_current,aligned,w00_s002,0,2,80,0.95
trap,next_1_4,heldout_snapshot,physical_action+aggregate_current,aligned,w01_s000,1,3,69,0.9130434782608695
trap,next_1_4,heldout_snapshot,physical_action+aggregate_current,aligned,w02_s003,2,3,86,0.8953488372093024
trap,next_1_4,heldout_snapshot,physical_action+aggregate_current,aligned,w00_s003,0,3,81,0.9259259259259259
trap,next_1_4,heldout_snapshot,physical_action+aggregate_current,aligned,w01_s001,1,3,62,0.9838709677419355
trap,next_1_4,heldout_snapshot,physical_action+aggregate_current,aligned,w02_s004,2,3,87,0.8390804597701149
trap,next_1_4,heldout_snapshot,physical_action+aggregate_current,aligned,w00_s004,0,1,63,1.0
trap,next_1_4,heldout_snapshot,physical_action+aggregate_current,aligned,w01_s002,1,2,61,0.9508196721311475
trap,next_1_4,heldout_snapshot,physical_action+aggregate_current,aligned,w02_s000,2,3,71,0.7183098591549296
trap,next_1_4,heldout_snapshot,physical+aggregate_current,aligned,w00_s000,0,1,55,1.0
trap,next_1_4,heldout_snapshot,physical+aggregate_current,aligned,w00_s005,0,3,69,0.8840579710144928
trap,next_1_4,heldout_snapshot,physical+aggregate_current,aligned,w01_s003,1,3,62,0.8225806451612904
trap,next_1_4,heldout_snapshot,physical+aggregate_current,aligned,w02_s001,2,2,59,0.9491525423728814
trap,next_1_4,heldout_snapshot,physical+aggregate_current,aligned,w00_s001,0,3,62,1.0
trap,next_1_4,heldout_snapshot,physical+aggregate_current,aligned,w01_s004,1,3,77,0.922077922077922
trap,next_1_4,heldout_snapshot,physical+aggregate_current,aligned,w02_s002,2,3,87,0.8390804597701149
trap,next_1_4,heldout_snapshot,physical+aggregate_current,aligned,w03_s005,3,1,15,0.7333333333333333
trap,next_1_4,heldout_snapshot,physical+aggregate_current,aligned,w00_s002,0,2,80,0.9625
trap,next_1_4,heldout_snapshot,physical+aggregate_current,aligned,w01_s000,1,3,69,0.9130434782608695
trap,next_1_4,heldout_snapshot,physical+aggregate_current,aligned,w02_s003,2,3,86,0.9418604651162791
trap,next_1_4,heldout_snapshot,physical+aggregate_current,aligned,w00_s003,0,3,81,0.8148148148148148
trap,next_1_4,heldout_snapshot,physical+aggregate_current,aligned,w01_s001,1,3,62,0.967741935483871
trap,next_1_4,heldout_snapshot,physical+aggregate_current,aligned,w02_s004,2,3,87,0.8505747126436781
trap,next_1_4,heldout_snapshot,physical+aggregate_current,aligned,w00_s004,0,1,63,1.0
trap,next_1_4,heldout_snapshot,physical+aggregate_current,aligned,w01_s002,1,2,61,0.9508196721311475
trap,next_1_4,heldout_snapshot,physical+aggregate_current,aligned,w02_s000,2,3,71,0.7605633802816901
trap,next_1_4,heldout_snapshot,physical_action+aggregate_current,shift_1,w00_s000,0,1,55,1.0
trap,next_1_4,heldout_snapshot,physical_action+aggregate_current,shift_1,w00_s005,0,3,69,0.9130434782608695
trap,next_1_4,heldout_snapshot,physical_action+aggregate_current,shift_1,w01_s003,1,3,62,0.8548387096774194
trap,next_1_4,heldout_snapshot,physical_action+aggregate_current,shift_1,w02_s001,2,2,59,0.9152542372881356
trap,next_1_4,heldout_snapshot,physical_action+aggregate_current,shift_1,w00_s001,0,3,62,1.0
trap,next_1_4,heldout_snapshot,physical_action+aggregate_current,shift_1,w01_s004,1,3,77,0.8311688311688312
trap,next_1_4,heldout_snapshot,physical_action+aggregate_current,shift_1,w02_s002,2,3,87,0.6896551724137931
trap,next_1_4,heldout_snapshot,physical_action+aggregate_current,shift_1,w03_s005,3,1,15,0.6666666666666667
trap,next_1_4,heldout_snapshot,physical_action+aggregate_current,shift_1,w00_s002,0,2,80,0.9125
trap,next_1_4,heldout_snapshot,physical_action+aggregate_current,shift_1,w01_s000,1,3,69,0.8115942028985508
trap,next_1_4,heldout_snapshot,physical_action+aggregate_current,shift_1,w02_s003,2,3,86,0.7558139534883721
trap,next_1_4,heldout_snapshot,physical_action+aggregate_current,shift_1,w00_s003,0,3,81,0.9259259259259259
trap,next_1_4,heldout_snapshot,physical_action+aggregate_current,shift_1,w01_s001,1,3,62,0.967741935483871
trap,next_1_4,heldout_snapshot,physical_action+aggregate_current,shift_1,w02_s004,2,3,87,0.7471264367816092
trap,next_1_4,heldout_snapshot,physical_action+aggregate_current,shift_1,w00_s004,0,1,63,1.0
trap,next_1_4,heldout_snapshot,physical_action+aggregate_current,shift_1,w01_s002,1,2,61,0.9672131147540984
trap,next_1_4,heldout_snapshot,physical_action+aggregate_current,shift_1,w02_s000,2,3,71,0.6619718309859155
trap,next_1_4,heldout_snapshot,physical+aggregate_current,shift_1,w00_s000,0,1,55,1.0
trap,next_1_4,heldout_snapshot,physical+aggregate_current,shift_1,w00_s005,0,3,69,0.7681159420289855
trap,next_1_4,heldout_snapshot,physical+aggregate_current,shift_1,w01_s003,1,3,62,0.8064516129032258
trap,next_1_4,heldout_snapshot,physical+aggregate_current,shift_1,w02_s001,2,2,59,0.8813559322033898
trap,next_1_4,heldout_snapshot,physical+aggregate_current,shift_1,w00_s001,0,3,62,0.967741935483871
trap,next_1_4,heldout_snapshot,physical+aggregate_current,shift_1,w01_s004,1,3,77,0.7402597402597403
trap,next_1_4,heldout_snapshot,physical+aggregate_current,shift_1,w02_s002,2,3,87,0.735632183908046
trap,next_1_4,heldout_snapshot,physical+aggregate_current,shift_1,w03_s005,3,1,15,0.8
trap,next_1_4,heldout_snapshot,physical+aggregate_current,shift_1,w00_s002,0,2,80,0.925
trap,next_1_4,heldout_snapshot,physical+aggregate_current,shift_1,w01_s000,1,3,69,0.6231884057971016
trap,next_1_4,heldout_snapshot,physical+aggregate_current,shift_1,w02_s003,2,3,86,0.7674418604651163
trap,next_1_4,heldout_snapshot,physical+aggregate_current,shift_1,w00_s003,0,3,81,0.8641975308641975
trap,next_1_4,heldout_snapshot,physical+aggregate_current,shift_1,w01_s001,1,3,62,0.9193548387096774
trap,next_1_4,heldout_snapshot,physical+aggregate_current,shift_1,w02_s004,2,3,87,0.7011494252873564
trap,next_1_4,heldout_snapshot,physical+aggregate_current,shift_1,w00_s004,0,1,63,0.9365079365079365
trap,next_1_4,heldout_snapshot,physical+aggregate_current,shift_1,w01_s002,1,2,61,0.9016393442622951
trap,next_1_4,heldout_snapshot,physical+aggregate_current,shift_1,w02_s000,2,3,71,0.5915492957746479
trap,next_1_4,heldout_snapshot,physical_action+aggregate_current,shift_2,w00_s000,0,1,55,1.0
trap,next_1_4,heldout_snapshot,physical_action+aggregate_current,shift_2,w00_s005,0,3,69,0.9855072463768116
trap,next_1_4,heldout_snapshot,physical_action+aggregate_current,shift_2,w01_s003,1,3,62,0.9516129032258065
trap,next_1_4,heldout_snapshot,physical_action+aggregate_current,shift_2,w02_s001,2,2,59,0.8813559322033898
trap,next_1_4,heldout_snapshot,physical_action+aggregate_current,shift_2,w00_s001,0,3,62,1.0
trap,next_1_4,heldout_snapshot,physical_action+aggregate_current,shift_2,w01_s004,1,3,77,0.935064935064935
trap,next_1_4,heldout_snapshot,physical_action+aggregate_current,shift_2,w02_s002,2,3,87,0.6206896551724138
trap,next_1_4,heldout_snapshot,physical_action+aggregate_current,shift_2,w03_s005,3,1,15,0.6666666666666667
trap,next_1_4,heldout_snapshot,physical_action+aggregate_current,shift_2,w00_s002,0,2,80,0.9375
trap,next_1_4,heldout_snapshot,physical_action+aggregate_current,shift_2,w01_s000,1,3,69,0.8985507246376812
trap,next_1_4,heldout_snapshot,physical_action+aggregate_current,shift_2,w02_s003,2,3,86,0.8488372093023255
trap,next_1_4,heldout_snapshot,physical_action+aggregate_current,shift_2,w00_s003,0,3,81,0.9012345679012346
trap,next_1_4,heldout_snapshot,physical_action+aggregate_current,shift_2,w01_s001,1,3,62,0.967741935483871
trap,next_1_4,heldout_snapshot,physical_action+aggregate_current,shift_2,w02_s004,2,3,87,0.6551724137931034
trap,next_1_4,heldout_snapshot,physical_action+aggregate_current,shift_2,w00_s004,0,1,63,1.0
trap,next_1_4,heldout_snapshot,physical_action+aggregate_current,shift_2,w01_s002,1,2,61,1.0
trap,next_1_4,heldout_snapshot,physical_action+aggregate_current,shift_2,w02_s000,2,3,71,0.6338028169014085
trap,next_1_4,heldout_snapshot,physical+aggregate_current,shift_2,w00_s000,0,1,55,1.0
trap,next_1_4,heldout_snapshot,physical+aggregate_current,shift_2,w00_s005,0,3,69,0.8260869565217391
trap,next_1_4,heldout_snapshot,physical+aggregate_current,shift_2,w01_s003,1,3,62,0.7741935483870968
trap,next_1_4,heldout_snapshot,physical+aggregate_current,shift_2,w02_s001,2,2,59,0.9830508474576272
trap,next_1_4,heldout_snapshot,physical+aggregate_current,shift_2,w00_s001,0,3,62,0.9838709677419355
trap,next_1_4,heldout_snapshot,physical+aggregate_current,shift_2,w01_s004,1,3,77,0.9090909090909091
trap,next_1_4,heldout_snapshot,physical+aggregate_current,shift_2,w02_s002,2,3,87,0.5862068965517241
trap,next_1_4,heldout_snapshot,physical+aggregate_current,shift_2,w03_s005,3,1,15,0.8666666666666667
trap,next_1_4,heldout_snapshot,physical+aggregate_current,shift_2,w00_s002,0,2,80,0.95
trap,next_1_4,heldout_snapshot,physical+aggregate_current,shift_2,w01_s000,1,3,69,0.7246376811594203
trap,next_1_4,heldout_snapshot,physical+aggregate_current,shift_2,w02_s003,2,3,86,0.872093023255814
trap,next_1_4,heldout_snapshot,physical+aggregate_current,shift_2,w00_s003,0,3,81,0.9012345679012346
trap,next_1_4,heldout_snapshot,physical+aggregate_current,shift_2,w01_s001,1,3,62,0.8225806451612904
trap,next_1_4,heldout_snapshot,physical+aggregate_current,shift_2,w02_s004,2,3,87,0.6206896551724138
trap,next_1_4,heldout_snapshot,physical+aggregate_current,shift_2,w00_s004,0,1,63,0.888888888888889
trap,next_1_4,heldout_snapshot,physical+aggregate_current,shift_2,w01_s002,1,2,61,1.0
trap,next_1_4,heldout_snapshot,physical+aggregate_current,shift_2,w02_s000,2,3,71,0.8028169014084507
trap,next_1_4,heldout_snapshot,physical_action+aggregate_current,shift_3,w00_s000,0,1,55,1.0
trap,next_1_4,heldout_snapshot,physical_action+aggregate_current,shift_3,w00_s005,0,3,69,0.855072463768116
trap,next_1_4,heldout_snapshot,physical_action+aggregate_current,shift_3,w01_s003,1,3,62,0.9516129032258065
trap,next_1_4,heldout_snapshot,physical_action+aggregate_current,shift_3,w02_s001,2,2,59,0.9830508474576272
trap,next_1_4,heldout_snapshot,physical_action+aggregate_current,shift_3,w00_s001,0,3,62,0.9838709677419355
trap,next_1_4,heldout_snapshot,physical_action+aggregate_current,shift_3,w01_s004,1,3,77,0.8311688311688312
trap,next_1_4,heldout_snapshot,physical_action+aggregate_current,shift_3,w02_s002,2,3,87,0.8045977011494253
trap,next_1_4,heldout_snapshot,physical_action+aggregate_current,shift_3,w03_s005,3,1,15,0.6666666666666667
trap,next_1_4,heldout_snapshot,physical_action+aggregate_current,shift_3,w00_s002,0,2,80,0.95
trap,next_1_4,heldout_snapshot,physical_action+aggregate_current,shift_3,w01_s000,1,3,69,0.9420289855072463
trap,next_1_4,heldout_snapshot,physical_action+aggregate_current,shift_3,w02_s003,2,3,86,0.7906976744186046
trap,next_1_4,heldout_snapshot,physical_action+aggregate_current,shift_3,w00_s003,0,3,81,0.8765432098765432
trap,next_1_4,heldout_snapshot,physical_action+aggregate_current,shift_3,w01_s001,1,3,62,0.9193548387096774
trap,next_1_4,heldout_snapshot,physical_action+aggregate_current,shift_3,w02_s004,2,3,87,0.7126436781609196
trap,next_1_4,heldout_snapshot,physical_action+aggregate_current,shift_3,w00_s004,0,1,63,1.0
trap,next_1_4,heldout_snapshot,physical_action+aggregate_current,shift_3,w01_s002,1,2,61,0.9508196721311477
trap,next_1_4,heldout_snapshot,physical_action+aggregate_current,shift_3,w02_s000,2,3,71,0.5774647887323944
trap,next_1_4,heldout_snapshot,physical+aggregate_current,shift_3,w00_s000,0,1,55,1.0
trap,next_1_4,heldout_snapshot,physical+aggregate_current,shift_3,w00_s005,0,3,69,0.8260869565217391
trap,next_1_4,heldout_snapshot,physical+aggregate_current,shift_3,w01_s003,1,3,62,0.9516129032258065
trap,next_1_4,heldout_snapshot,physical+aggregate_current,shift_3,w02_s001,2,2,59,0.9152542372881356
trap,next_1_4,heldout_snapshot,physical+aggregate_current,shift_3,w00_s001,0,3,62,0.9838709677419355
trap,next_1_4,heldout_snapshot,physical+aggregate_current,shift_3,w01_s004,1,3,77,0.7012987012987013
trap,next_1_4,heldout_snapshot,physical+aggregate_current,shift_3,w02_s002,2,3,87,0.8390804597701149
trap,next_1_4,heldout_snapshot,physical+aggregate_current,shift_3,w03_s005,3,1,15,1.0
trap,next_1_4,heldout_snapshot,physical+aggregate_current,shift_3,w00_s002,0,2,80,0.925
trap,next_1_4,heldout_snapshot,physical+aggregate_current,shift_3,w01_s000,1,3,69,0.7681159420289855
trap,next_1_4,heldout_snapshot,physical+aggregate_current,shift_3,w02_s003,2,3,86,0.7790697674418605
trap,next_1_4,heldout_snapshot,physical+aggregate_current,shift_3,w00_s003,0,3,81,0.8765432098765432
trap,next_1_4,heldout_snapshot,physical+aggregate_current,shift_3,w01_s001,1,3,62,0.7580645161290323
trap,next_1_4,heldout_snapshot,physical+aggregate_current,shift_3,w02_s004,2,3,87,0.7241379310344828
trap,next_1_4,heldout_snapshot,physical+aggregate_current,shift_3,w00_s004,0,1,63,0.9841269841269841
trap,next_1_4,heldout_snapshot,physical+aggregate_current,shift_3,w01_s002,1,2,61,0.8852459016393442
trap,next_1_4,heldout_snapshot,physical+aggregate_current,shift_3,w02_s000,2,3,71,0.7746478873239436
trap,next_1_4,heldout_snapshot,moe_token_current,aligned,w00_s000,0,1,55,0.7272727272727273
trap,next_1_4,heldout_snapshot,moe_token_current,aligned,w00_s005,0,3,69,0.6521739130434783
trap,next_1_4,heldout_snapshot,moe_token_current,aligned,w01_s003,1,3,62,0.6129032258064516
trap,next_1_4,heldout_snapshot,moe_token_current,aligned,w02_s001,2,2,59,0.6610169491525424
trap,next_1_4,heldout_snapshot,moe_token_current,aligned,w00_s001,0,3,62,0.6612903225806451
trap,next_1_4,heldout_snapshot,moe_token_current,aligned,w01_s004,1,3,77,0.8441558441558441
trap,next_1_4,heldout_snapshot,moe_token_current,aligned,w02_s002,2,3,87,0.8505747126436781
trap,next_1_4,heldout_snapshot,moe_token_current,aligned,w03_s005,3,1,15,0.8
trap,next_1_4,heldout_snapshot,moe_token_current,aligned,w00_s002,0,2,80,0.8125
trap,next_1_4,heldout_snapshot,moe_token_current,aligned,w01_s000,1,3,69,0.927536231884058
trap,next_1_4,heldout_snapshot,moe_token_current,aligned,w02_s003,2,3,86,0.7790697674418605
trap,next_1_4,heldout_snapshot,moe_token_current,aligned,w00_s003,0,3,81,0.8395061728395061
trap,next_1_4,heldout_snapshot,moe_token_current,aligned,w01_s001,1,3,62,0.8709677419354839
trap,next_1_4,heldout_snapshot,moe_token_current,aligned,w02_s004,2,3,87,0.8275862068965517
trap,next_1_4,heldout_snapshot,moe_token_current,aligned,w00_s004,0,1,63,0.6825396825396826
trap,next_1_4,heldout_snapshot,moe_token_current,aligned,w01_s002,1,2,61,0.6065573770491803
trap,next_1_4,heldout_snapshot,moe_token_current,aligned,w02_s000,2,3,71,0.8732394366197183
trap,next_1_4,heldout_snapshot,physical_action+token_current,aligned,w00_s000,0,1,55,1.0
trap,next_1_4,heldout_snapshot,physical_action+token_current,aligned,w00_s005,0,3,69,0.9565217391304348
trap,next_1_4,heldout_snapshot,physical_action+token_current,aligned,w01_s003,1,3,62,0.9838709677419355
trap,next_1_4,heldout_snapshot,physical_action+token_current,aligned,w02_s001,2,2,59,0.9322033898305084
trap,next_1_4,heldout_snapshot,physical_action+token_current,aligned,w00_s001,0,3,62,1.0
trap,next_1_4,heldout_snapshot,physical_action+token_current,aligned,w01_s004,1,3,77,0.8831168831168831
trap,next_1_4,heldout_snapshot,physical_action+token_current,aligned,w02_s002,2,3,87,0.7701149425287356
trap,next_1_4,heldout_snapshot,physical_action+token_current,aligned,w03_s005,3,1,15,0.6
trap,next_1_4,heldout_snapshot,physical_action+token_current,aligned,w00_s002,0,2,80,0.95
trap,next_1_4,heldout_snapshot,physical_action+token_current,aligned,w01_s000,1,3,69,0.9710144927536232
trap,next_1_4,heldout_snapshot,physical_action+token_current,aligned,w02_s003,2,3,86,0.8372093023255814
trap,next_1_4,heldout_snapshot,physical_action+token_current,aligned,w00_s003,0,3,81,0.9506172839506173
trap,next_1_4,heldout_snapshot,physical_action+token_current,aligned,w01_s001,1,3,62,0.9516129032258065
trap,next_1_4,heldout_snapshot,physical_action+token_current,aligned,w02_s004,2,3,87,0.8275862068965517
trap,next_1_4,heldout_snapshot,physical_action+token_current,aligned,w00_s004,0,1,63,1.0
trap,next_1_4,heldout_snapshot,physical_action+token_current,aligned,w01_s002,1,2,61,0.9836065573770493
trap,next_1_4,heldout_snapshot,physical_action+token_current,aligned,w02_s000,2,3,71,0.6338028169014085
trap,next_1_4,heldout_snapshot,physical+token_current,aligned,w00_s000,0,1,55,1.0
trap,next_1_4,heldout_snapshot,physical+token_current,aligned,w00_s005,0,3,69,0.8840579710144928
trap,next_1_4,heldout_snapshot,physical+token_current,aligned,w01_s003,1,3,62,0.8225806451612904
trap,next_1_4,heldout_snapshot,physical+token_current,aligned,w02_s001,2,2,59,0.9491525423728814
trap,next_1_4,heldout_snapshot,physical+token_current,aligned,w00_s001,0,3,62,0.9838709677419355
trap,next_1_4,heldout_snapshot,physical+token_current,aligned,w01_s004,1,3,77,0.8701298701298701
trap,next_1_4,heldout_snapshot,physical+token_current,aligned,w02_s002,2,3,87,0.8045977011494253
trap,next_1_4,heldout_snapshot,physical+token_current,aligned,w03_s005,3,1,15,0.7333333333333333
trap,next_1_4,heldout_snapshot,physical+token_current,aligned,w00_s002,0,2,80,0.95
trap,next_1_4,heldout_snapshot,physical+token_current,aligned,w01_s000,1,3,69,0.9130434782608695
trap,next_1_4,heldout_snapshot,physical+token_current,aligned,w02_s003,2,3,86,0.872093023255814
trap,next_1_4,heldout_snapshot,physical+token_current,aligned,w00_s003,0,3,81,0.8148148148148148
trap,next_1_4,heldout_snapshot,physical+token_current,aligned,w01_s001,1,3,62,0.967741935483871
trap,next_1_4,heldout_snapshot,physical+token_current,aligned,w02_s004,2,3,87,0.8275862068965517
trap,next_1_4,heldout_snapshot,physical+token_current,aligned,w00_s004,0,1,63,1.0
trap,next_1_4,heldout_snapshot,physical+token_current,aligned,w01_s002,1,2,61,0.9508196721311475
trap,next_1_4,heldout_snapshot,physical+token_current,aligned,w02_s000,2,3,71,0.8309859154929577
trap,next_1_4,heldout_snapshot,physical_action+token_current,shift_1,w00_s000,0,1,55,1.0
trap,next_1_4,heldout_snapshot,physical_action+token_current,shift_1,w00_s005,0,3,69,0.9565217391304348
trap,next_1_4,heldout_snapshot,physical_action+token_current,shift_1,w01_s003,1,3,62,0.8225806451612904
trap,next_1_4,heldout_snapshot,physical_action+token_current,shift_1,w02_s001,2,2,59,0.9830508474576272
trap,next_1_4,heldout_snapshot,physical_action+token_current,shift_1,w00_s001,0,3,62,1.0
trap,next_1_4,heldout_snapshot,physical_action+token_current,shift_1,w01_s004,1,3,77,0.8181818181818182
trap,next_1_4,heldout_snapshot,physical_action+token_current,shift_1,w02_s002,2,3,87,0.8160919540229885
trap,next_1_4,heldout_snapshot,physical_action+token_current,shift_1,w03_s005,3,1,15,0.8
trap,next_1_4,heldout_snapshot,physical_action+token_current,shift_1,w00_s002,0,2,80,0.95
trap,next_1_4,heldout_snapshot,physical_action+token_current,shift_1,w01_s000,1,3,69,0.9710144927536232
trap,next_1_4,heldout_snapshot,physical_action+token_current,shift_1,w02_s003,2,3,86,0.8255813953488372
trap,next_1_4,heldout_snapshot,physical_action+token_current,shift_1,w00_s003,0,3,81,0.9629629629629629
trap,next_1_4,heldout_snapshot,physical_action+token_current,shift_1,w01_s001,1,3,62,1.0
trap,next_1_4,heldout_snapshot,physical_action+token_current,shift_1,w02_s004,2,3,87,0.7816091954022989
trap,next_1_4,heldout_snapshot,physical_action+token_current,shift_1,w00_s004,0,1,63,1.0
trap,next_1_4,heldout_snapshot,physical_action+token_current,shift_1,w01_s002,1,2,61,1.0
trap,next_1_4,heldout_snapshot,physical_action+token_current,shift_1,w02_s000,2,3,71,0.7183098591549296
trap,next_1_4,heldout_snapshot,physical+token_current,shift_1,w00_s000,0,1,55,1.0
trap,next_1_4,heldout_snapshot,physical+token_current,shift_1,w00_s005,0,3,69,0.7681159420289855
trap,next_1_4,heldout_snapshot,physical+token_current,shift_1,w01_s003,1,3,62,0.8064516129032258
trap,next_1_4,heldout_snapshot,physical+token_current,shift_1,w02_s001,2,2,59,0.8813559322033898
trap,next_1_4,heldout_snapshot,physical+token_current,shift_1,w00_s001,0,3,62,0.9838709677419355
trap,next_1_4,heldout_snapshot,physical+token_current,shift_1,w01_s004,1,3,77,0.6493506493506493
trap,next_1_4,heldout_snapshot,physical+token_current,shift_1,w02_s002,2,3,87,0.735632183908046
trap,next_1_4,heldout_snapshot,physical+token_current,shift_1,w03_s005,3,1,15,0.8
trap,next_1_4,heldout_snapshot,physical+token_current,shift_1,w00_s002,0,2,80,0.9375
trap,next_1_4,heldout_snapshot,physical+token_current,shift_1,w01_s000,1,3,69,0.8260869565217391
trap,next_1_4,heldout_snapshot,physical+token_current,shift_1,w02_s003,2,3,86,0.7558139534883721
trap,next_1_4,heldout_snapshot,physical+token_current,shift_1,w00_s003,0,3,81,0.8641975308641975
trap,next_1_4,heldout_snapshot,physical+token_current,shift_1,w01_s001,1,3,62,0.9032258064516129
trap,next_1_4,heldout_snapshot,physical+token_current,shift_1,w02_s004,2,3,87,0.7586206896551724
trap,next_1_4,heldout_snapshot,physical+token_current,shift_1,w00_s004,0,1,63,0.9682539682539681
trap,next_1_4,heldout_snapshot,physical+token_current,shift_1,w01_s002,1,2,61,0.9508196721311477
trap,next_1_4,heldout_snapshot,physical+token_current,shift_1,w02_s000,2,3,71,0.676056338028169
trap,next_1_4,heldout_snapshot,physical_action+token_current,shift_2,w00_s000,0,1,55,1.0
trap,next_1_4,heldout_snapshot,physical_action+token_current,shift_2,w00_s005,0,3,69,0.9565217391304348
trap,next_1_4,heldout_snapshot,physical_action+token_current,shift_2,w01_s003,1,3,62,0.9516129032258065
trap,next_1_4,heldout_snapshot,physical_action+token_current,shift_2,w02_s001,2,2,59,0.8983050847457628
trap,next_1_4,heldout_snapshot,physical_action+token_current,shift_2,w00_s001,0,3,62,1.0
trap,next_1_4,heldout_snapshot,physical_action+token_current,shift_2,w01_s004,1,3,77,0.974025974025974
trap,next_1_4,heldout_snapshot,physical_action+token_current,shift_2,w02_s002,2,3,87,0.8505747126436781
trap,next_1_4,heldout_snapshot,physical_action+token_current,shift_2,w03_s005,3,1,15,0.6666666666666667
trap,next_1_4,heldout_snapshot,physical_action+token_current,shift_2,w00_s002,0,2,80,0.95
trap,next_1_4,heldout_snapshot,physical_action+token_current,shift_2,w01_s000,1,3,69,0.855072463768116
trap,next_1_4,heldout_snapshot,physical_action+token_current,shift_2,w02_s003,2,3,86,0.7906976744186046
trap,next_1_4,heldout_snapshot,physical_action+token_current,shift_2,w00_s003,0,3,81,0.9629629629629629
trap,next_1_4,heldout_snapshot,physical_action+token_current,shift_2,w01_s001,1,3,62,0.9193548387096774
trap,next_1_4,heldout_snapshot,physical_action+token_current,shift_2,w02_s004,2,3,87,0.7816091954022989
trap,next_1_4,heldout_snapshot,physical_action+token_current,shift_2,w00_s004,0,1,63,1.0
trap,next_1_4,heldout_snapshot,physical_action+token_current,shift_2,w01_s002,1,2,61,1.0
trap,next_1_4,heldout_snapshot,physical_action+token_current,shift_2,w02_s000,2,3,71,0.7464788732394366
trap,next_1_4,heldout_snapshot,physical+token_current,shift_2,w00_s000,0,1,55,1.0
trap,next_1_4,heldout_snapshot,physical+token_current,shift_2,w00_s005,0,3,69,0.8260869565217391
trap,next_1_4,heldout_snapshot,physical+token_current,shift_2,w01_s003,1,3,62,0.7741935483870968
trap,next_1_4,heldout_snapshot,physical+token_current,shift_2,w02_s001,2,2,59,0.9830508474576272
trap,next_1_4,heldout_snapshot,physical+token_current,shift_2,w00_s001,0,3,62,1.0
trap,next_1_4,heldout_snapshot,physical+token_current,shift_2,w01_s004,1,3,77,0.935064935064935
trap,next_1_4,heldout_snapshot,physical+token_current,shift_2,w02_s002,2,3,87,0.5862068965517241
trap,next_1_4,heldout_snapshot,physical+token_current,shift_2,w03_s005,3,1,15,0.8666666666666667
trap,next_1_4,heldout_snapshot,physical+token_current,shift_2,w00_s002,0,2,80,0.8875
trap,next_1_4,heldout_snapshot,physical+token_current,shift_2,w01_s000,1,3,69,0.7971014492753623
trap,next_1_4,heldout_snapshot,physical+token_current,shift_2,w02_s003,2,3,86,0.813953488372093
trap,next_1_4,heldout_snapshot,physical+token_current,shift_2,w00_s003,0,3,81,0.9135802469135802
trap,next_1_4,heldout_snapshot,physical+token_current,shift_2,w01_s001,1,3,62,0.7419354838709677
trap,next_1_4,heldout_snapshot,physical+token_current,shift_2,w02_s004,2,3,87,0.6436781609195402
trap,next_1_4,heldout_snapshot,physical+token_current,shift_2,w00_s004,0,1,63,0.9047619047619049
trap,next_1_4,heldout_snapshot,physical+token_current,shift_2,w01_s002,1,2,61,1.0
trap,next_1_4,heldout_snapshot,physical+token_current,shift_2,w02_s000,2,3,71,0.8873239436619719
trap,next_1_4,heldout_snapshot,physical_action+token_current,shift_3,w00_s000,0,1,55,1.0
trap,next_1_4,heldout_snapshot,physical_action+token_current,shift_3,w00_s005,0,3,69,0.9565217391304348
trap,next_1_4,heldout_snapshot,physical_action+token_current,shift_3,w01_s003,1,3,62,0.8225806451612904
trap,next_1_4,heldout_snapshot,physical_action+token_current,shift_3,w02_s001,2,2,59,0.9152542372881356
trap,next_1_4,heldout_snapshot,physical_action+token_current,shift_3,w00_s001,0,3,62,1.0
trap,next_1_4,heldout_snapshot,physical_action+token_current,shift_3,w01_s004,1,3,77,0.8701298701298701
trap,next_1_4,heldout_snapshot,physical_action+token_current,shift_3,w02_s002,2,3,87,0.8850574712643678
trap,next_1_4,heldout_snapshot,physical_action+token_current,shift_3,w03_s005,3,1,15,0.6666666666666667
trap,next_1_4,heldout_snapshot,physical_action+token_current,shift_3,w00_s002,0,2,80,0.95
trap,next_1_4,heldout_snapshot,physical_action+token_current,shift_3,w01_s000,1,3,69,0.9855072463768116
trap,next_1_4,heldout_snapshot,physical_action+token_current,shift_3,w02_s003,2,3,86,0.7906976744186046
trap,next_1_4,heldout_snapshot,physical_action+token_current,shift_3,w00_s003,0,3,81,0.8888888888888888
trap,next_1_4,heldout_snapshot,physical_action+token_current,shift_3,w01_s001,1,3,62,0.9838709677419355
trap,next_1_4,heldout_snapshot,physical_action+token_current,shift_3,w02_s004,2,3,87,0.8390804597701149
trap,next_1_4,heldout_snapshot,physical_action+token_current,shift_3,w00_s004,0,1,63,1.0
trap,next_1_4,heldout_snapshot,physical_action+token_current,shift_3,w01_s002,1,2,61,0.9672131147540984
trap,next_1_4,heldout_snapshot,physical_action+token_current,shift_3,w02_s000,2,3,71,0.7323943661971831
trap,next_1_4,heldout_snapshot,physical+token_current,shift_3,w00_s000,0,1,55,1.0
trap,next_1_4,heldout_snapshot,physical+token_current,shift_3,w00_s005,0,3,69,0.8260869565217391
trap,next_1_4,heldout_snapshot,physical+token_current,shift_3,w01_s003,1,3,62,0.9516129032258065
trap,next_1_4,heldout_snapshot,physical+token_current,shift_3,w02_s001,2,2,59,0.9152542372881356
trap,next_1_4,heldout_snapshot,physical+token_current,shift_3,w00_s001,0,3,62,0.9838709677419355
trap,next_1_4,heldout_snapshot,physical+token_current,shift_3,w01_s004,1,3,77,0.6493506493506493
trap,next_1_4,heldout_snapshot,physical+token_current,shift_3,w02_s002,2,3,87,0.8390804597701149
trap,next_1_4,heldout_snapshot,physical+token_current,shift_3,w03_s005,3,1,15,1.0
trap,next_1_4,heldout_snapshot,physical+token_current,shift_3,w00_s002,0,2,80,0.9125
trap,next_1_4,heldout_snapshot,physical+token_current,shift_3,w01_s000,1,3,69,0.9130434782608695
trap,next_1_4,heldout_snapshot,physical+token_current,shift_3,w02_s003,2,3,86,0.7209302325581395
trap,next_1_4,heldout_snapshot,physical+token_current,shift_3,w00_s003,0,3,81,0.9135802469135802
trap,next_1_4,heldout_snapshot,physical+token_current,shift_3,w01_s001,1,3,62,0.7258064516129032
trap,next_1_4,heldout_snapshot,physical+token_current,shift_3,w02_s004,2,3,87,0.735632183908046
trap,next_1_4,heldout_snapshot,physical+token_current,shift_3,w00_s004,0,1,63,0.9682539682539683
trap,next_1_4,heldout_snapshot,physical+token_current,shift_3,w01_s002,1,2,61,0.8688524590163934
trap,next_1_4,heldout_snapshot,physical+token_current,shift_3,w02_s000,2,3,71,0.7183098591549296
trap,next_1_4,heldout_snapshot,moe_token_history,aligned,w00_s000,0,1,55,0.8727272727272727
trap,next_1_4,heldout_snapshot,moe_token_history,aligned,w00_s005,0,3,69,0.4782608695652174
trap,next_1_4,heldout_snapshot,moe_token_history,aligned,w01_s003,1,3,62,0.7741935483870968
trap,next_1_4,heldout_snapshot,moe_token_history,aligned,w02_s001,2,2,59,0.864406779661017
trap,next_1_4,heldout_snapshot,moe_token_history,aligned,w00_s001,0,3,62,0.8709677419354839
trap,next_1_4,heldout_snapshot,moe_token_history,aligned,w01_s004,1,3,77,0.8181818181818181
trap,next_1_4,heldout_snapshot,moe_token_history,aligned,w02_s002,2,3,87,0.8275862068965517
trap,next_1_4,heldout_snapshot,moe_token_history,aligned,w03_s005,3,1,15,1.0
trap,next_1_4,heldout_snapshot,moe_token_history,aligned,w00_s002,0,2,80,0.8875
trap,next_1_4,heldout_snapshot,moe_token_history,aligned,w01_s000,1,3,69,0.9855072463768116
trap,next_1_4,heldout_snapshot,moe_token_history,aligned,w02_s003,2,3,86,0.7093023255813954
trap,next_1_4,heldout_snapshot,moe_token_history,aligned,w00_s003,0,3,81,0.8641975308641975
trap,next_1_4,heldout_snapshot,moe_token_history,aligned,w01_s001,1,3,62,0.9193548387096774
trap,next_1_4,heldout_snapshot,moe_token_history,aligned,w02_s004,2,3,87,0.7126436781609196
trap,next_1_4,heldout_snapshot,moe_token_history,aligned,w00_s004,0,1,63,0.7777777777777778
trap,next_1_4,heldout_snapshot,moe_token_history,aligned,w01_s002,1,2,61,0.8688524590163934
trap,next_1_4,heldout_snapshot,moe_token_history,aligned,w02_s000,2,3,71,0.9154929577464789
trap,next_1_4,heldout_snapshot,physical_action+token_history,aligned,w00_s000,0,1,55,1.0
trap,next_1_4,heldout_snapshot,physical_action+token_history,aligned,w00_s005,0,3,69,0.9565217391304348
trap,next_1_4,heldout_snapshot,physical_action+token_history,aligned,w01_s003,1,3,62,0.9032258064516129
trap,next_1_4,heldout_snapshot,physical_action+token_history,aligned,w02_s001,2,2,59,0.9661016949152542
trap,next_1_4,heldout_snapshot,physical_action+token_history,aligned,w00_s001,0,3,62,1.0
trap,next_1_4,heldout_snapshot,physical_action+token_history,aligned,w01_s004,1,3,77,0.8441558441558441
trap,next_1_4,heldout_snapshot,physical_action+token_history,aligned,w02_s002,2,3,87,0.7241379310344828
trap,next_1_4,heldout_snapshot,physical_action+token_history,aligned,w03_s005,3,1,15,0.6
trap,next_1_4,heldout_snapshot,physical_action+token_history,aligned,w00_s002,0,2,80,0.95
trap,next_1_4,heldout_snapshot,physical_action+token_history,aligned,w01_s000,1,3,69,0.9710144927536232
trap,next_1_4,heldout_snapshot,physical_action+token_history,aligned,w02_s003,2,3,86,0.8372093023255814
trap,next_1_4,heldout_snapshot,physical_action+token_history,aligned,w00_s003,0,3,81,0.9259259259259259
trap,next_1_4,heldout_snapshot,physical_action+token_history,aligned,w01_s001,1,3,62,0.9354838709677419
trap,next_1_4,heldout_snapshot,physical_action+token_history,aligned,w02_s004,2,3,87,0.8045977011494253
trap,next_1_4,heldout_snapshot,physical_action+token_history,aligned,w00_s004,0,1,63,1.0
trap,next_1_4,heldout_snapshot,physical_action+token_history,aligned,w01_s002,1,2,61,0.9836065573770493
trap,next_1_4,heldout_snapshot,physical_action+token_history,aligned,w02_s000,2,3,71,0.6338028169014085
trap,next_1_4,heldout_snapshot,physical+token_history,aligned,w00_s000,0,1,55,1.0
trap,next_1_4,heldout_snapshot,physical+token_history,aligned,w00_s005,0,3,69,0.9565217391304348
trap,next_1_4,heldout_snapshot,physical+token_history,aligned,w01_s003,1,3,62,0.8548387096774194
trap,next_1_4,heldout_snapshot,physical+token_history,aligned,w02_s001,2,2,59,0.9491525423728814
trap,next_1_4,heldout_snapshot,physical+token_history,aligned,w00_s001,0,3,62,1.0
trap,next_1_4,heldout_snapshot,physical+token_history,aligned,w01_s004,1,3,77,0.8961038961038961
trap,next_1_4,heldout_snapshot,physical+token_history,aligned,w02_s002,2,3,87,0.7701149425287356
trap,next_1_4,heldout_snapshot,physical+token_history,aligned,w03_s005,3,1,15,0.7333333333333333
trap,next_1_4,heldout_snapshot,physical+token_history,aligned,w00_s002,0,2,80,0.95
trap,next_1_4,heldout_snapshot,physical+token_history,aligned,w01_s000,1,3,69,0.9565217391304348
trap,next_1_4,heldout_snapshot,physical+token_history,aligned,w02_s003,2,3,86,0.9302325581395349
trap,next_1_4,heldout_snapshot,physical+token_history,aligned,w00_s003,0,3,81,0.8148148148148148
trap,next_1_4,heldout_snapshot,physical+token_history,aligned,w01_s001,1,3,62,0.9516129032258065
trap,next_1_4,heldout_snapshot,physical+token_history,aligned,w02_s004,2,3,87,0.8045977011494253
trap,next_1_4,heldout_snapshot,physical+token_history,aligned,w00_s004,0,1,63,1.0
trap,next_1_4,heldout_snapshot,physical+token_history,aligned,w01_s002,1,2,61,0.9836065573770493
trap,next_1_4,heldout_snapshot,physical+token_history,aligned,w02_s000,2,3,71,0.7887323943661971
trap,next_1_4,heldout_snapshot,physical_action+token_history,shift_1,w00_s000,0,1,55,1.0
trap,next_1_4,heldout_snapshot,physical_action+token_history,shift_1,w00_s005,0,3,69,0.927536231884058
trap,next_1_4,heldout_snapshot,physical_action+token_history,shift_1,w01_s003,1,3,62,0.7741935483870968
trap,next_1_4,heldout_snapshot,physical_action+token_history,shift_1,w02_s001,2,2,59,0.9491525423728814
trap,next_1_4,heldout_snapshot,physical_action+token_history,shift_1,w00_s001,0,3,62,1.0
trap,next_1_4,heldout_snapshot,physical_action+token_history,shift_1,w01_s004,1,3,77,0.7662337662337663
trap,next_1_4,heldout_snapshot,physical_action+token_history,shift_1,w02_s002,2,3,87,0.8275862068965517
trap,next_1_4,heldout_snapshot,physical_action+token_history,shift_1,w03_s005,3,1,15,0.9333333333333333
trap,next_1_4,heldout_snapshot,physical_action+token_history,shift_1,w00_s002,0,2,80,0.9375
trap,next_1_4,heldout_snapshot,physical_action+token_history,shift_1,w01_s000,1,3,69,0.9130434782608695
trap,next_1_4,heldout_snapshot,physical_action+token_history,shift_1,w02_s003,2,3,86,0.6627906976744186
trap,next_1_4,heldout_snapshot,physical_action+token_history,shift_1,w00_s003,0,3,81,0.9629629629629629
trap,next_1_4,heldout_snapshot,physical_action+token_history,shift_1,w01_s001,1,3,62,0.9838709677419355
trap,next_1_4,heldout_snapshot,physical_action+token_history,shift_1,w02_s004,2,3,87,0.7011494252873564
trap,next_1_4,heldout_snapshot,physical_action+token_history,shift_1,w00_s004,0,1,63,1.0
trap,next_1_4,heldout_snapshot,physical_action+token_history,shift_1,w01_s002,1,2,61,0.9672131147540984
trap,next_1_4,heldout_snapshot,physical_action+token_history,shift_1,w02_s000,2,3,71,0.647887323943662
trap,next_1_4,heldout_snapshot,physical+token_history,shift_1,w00_s000,0,1,55,1.0
trap,next_1_4,heldout_snapshot,physical+token_history,shift_1,w00_s005,0,3,69,0.7681159420289855
trap,next_1_4,heldout_snapshot,physical+token_history,shift_1,w01_s003,1,3,62,0.7580645161290323
trap,next_1_4,heldout_snapshot,physical+token_history,shift_1,w02_s001,2,2,59,0.9152542372881356
trap,next_1_4,heldout_snapshot,physical+token_history,shift_1,w00_s001,0,3,62,0.967741935483871
trap,next_1_4,heldout_snapshot,physical+token_history,shift_1,w01_s004,1,3,77,0.5714285714285714
trap,next_1_4,heldout_snapshot,physical+token_history,shift_1,w02_s002,2,3,87,0.7126436781609196
trap,next_1_4,heldout_snapshot,physical+token_history,shift_1,w03_s005,3,1,15,0.8
trap,next_1_4,heldout_snapshot,physical+token_history,shift_1,w00_s002,0,2,80,0.9
trap,next_1_4,heldout_snapshot,physical+token_history,shift_1,w01_s000,1,3,69,0.7971014492753623
trap,next_1_4,heldout_snapshot,physical+token_history,shift_1,w02_s003,2,3,86,0.7906976744186046
trap,next_1_4,heldout_snapshot,physical+token_history,shift_1,w00_s003,0,3,81,0.8765432098765432
trap,next_1_4,heldout_snapshot,physical+token_history,shift_1,w01_s001,1,3,62,0.7741935483870968
trap,next_1_4,heldout_snapshot,physical+token_history,shift_1,w02_s004,2,3,87,0.7701149425287356
trap,next_1_4,heldout_snapshot,physical+token_history,shift_1,w00_s004,0,1,63,0.9206349206349207
trap,next_1_4,heldout_snapshot,physical+token_history,shift_1,w01_s002,1,2,61,0.8524590163934426
trap,next_1_4,heldout_snapshot,physical+token_history,shift_1,w02_s000,2,3,71,0.6197183098591549
trap,next_1_4,heldout_snapshot,physical_action+token_history,shift_2,w00_s000,0,1,55,1.0
trap,next_1_4,heldout_snapshot,physical_action+token_history,shift_2,w00_s005,0,3,69,0.9130434782608695
trap,next_1_4,heldout_snapshot,physical_action+token_history,shift_2,w01_s003,1,3,62,0.9193548387096774
trap,next_1_4,heldout_snapshot,physical_action+token_history,shift_2,w02_s001,2,2,59,0.9322033898305084
trap,next_1_4,heldout_snapshot,physical_action+token_history,shift_2,w00_s001,0,3,62,1.0
trap,next_1_4,heldout_snapshot,physical_action+token_history,shift_2,w01_s004,1,3,77,0.948051948051948
trap,next_1_4,heldout_snapshot,physical_action+token_history,shift_2,w02_s002,2,3,87,0.8850574712643678
trap,next_1_4,heldout_snapshot,physical_action+token_history,shift_2,w03_s005,3,1,15,0.7333333333333333
trap,next_1_4,heldout_snapshot,physical_action+token_history,shift_2,w00_s002,0,2,80,0.9375
trap,next_1_4,heldout_snapshot,physical_action+token_history,shift_2,w01_s000,1,3,69,0.7536231884057971
trap,next_1_4,heldout_snapshot,physical_action+token_history,shift_2,w02_s003,2,3,86,0.686046511627907
trap,next_1_4,heldout_snapshot,physical_action+token_history,shift_2,w00_s003,0,3,81,1.0
trap,next_1_4,heldout_snapshot,physical_action+token_history,shift_2,w01_s001,1,3,62,0.9193548387096774
trap,next_1_4,heldout_snapshot,physical_action+token_history,shift_2,w02_s004,2,3,87,0.5632183908045977
trap,next_1_4,heldout_snapshot,physical_action+token_history,shift_2,w00_s004,0,1,63,1.0
trap,next_1_4,heldout_snapshot,physical_action+token_history,shift_2,w01_s002,1,2,61,0.9836065573770493
trap,next_1_4,heldout_snapshot,physical_action+token_history,shift_2,w02_s000,2,3,71,0.5774647887323943
trap,next_1_4,heldout_snapshot,physical+token_history,shift_2,w00_s000,0,1,55,1.0
trap,next_1_4,heldout_snapshot,physical+token_history,shift_2,w00_s005,0,3,69,0.8405797101449275
trap,next_1_4,heldout_snapshot,physical+token_history,shift_2,w01_s003,1,3,62,0.7741935483870968
trap,next_1_4,heldout_snapshot,physical+token_history,shift_2,w02_s001,2,2,59,1.0
trap,next_1_4,heldout_snapshot,physical+token_history,shift_2,w00_s001,0,3,62,0.967741935483871
trap,next_1_4,heldout_snapshot,physical+token_history,shift_2,w01_s004,1,3,77,0.8961038961038961
trap,next_1_4,heldout_snapshot,physical+token_history,shift_2,w02_s002,2,3,87,0.5632183908045977
trap,next_1_4,heldout_snapshot,physical+token_history,shift_2,w03_s005,3,1,15,0.8666666666666667
trap,next_1_4,heldout_snapshot,physical+token_history,shift_2,w00_s002,0,2,80,0.875
trap,next_1_4,heldout_snapshot,physical+token_history,shift_2,w01_s000,1,3,69,0.5942028985507246
trap,next_1_4,heldout_snapshot,physical+token_history,shift_2,w02_s003,2,3,86,0.8023255813953488
trap,next_1_4,heldout_snapshot,physical+token_history,shift_2,w00_s003,0,3,81,0.8271604938271605
trap,next_1_4,heldout_snapshot,physical+token_history,shift_2,w01_s001,1,3,62,0.6129032258064516
trap,next_1_4,heldout_snapshot,physical+token_history,shift_2,w02_s004,2,3,87,0.4827586206896552
trap,next_1_4,heldout_snapshot,physical+token_history,shift_2,w00_s004,0,1,63,0.9047619047619048
trap,next_1_4,heldout_snapshot,physical+token_history,shift_2,w01_s002,1,2,61,0.819672131147541
trap,next_1_4,heldout_snapshot,physical+token_history,shift_2,w02_s000,2,3,71,0.8309859154929577
trap,next_1_4,heldout_snapshot,physical_action+token_history,shift_3,w00_s000,0,1,55,1.0
trap,next_1_4,heldout_snapshot,physical_action+token_history,shift_3,w00_s005,0,3,69,0.9130434782608695
trap,next_1_4,heldout_snapshot,physical_action+token_history,shift_3,w01_s003,1,3,62,0.9193548387096774
trap,next_1_4,heldout_snapshot,physical_action+token_history,shift_3,w02_s001,2,2,59,0.9152542372881356
trap,next_1_4,heldout_snapshot,physical_action+token_history,shift_3,w00_s001,0,3,62,1.0
trap,next_1_4,heldout_snapshot,physical_action+token_history,shift_3,w01_s004,1,3,77,0.7272727272727273
trap,next_1_4,heldout_snapshot,physical_action+token_history,shift_3,w02_s002,2,3,87,0.8045977011494253
trap,next_1_4,heldout_snapshot,physical_action+token_history,shift_3,w03_s005,3,1,15,0.8666666666666667
trap,next_1_4,heldout_snapshot,physical_action+token_history,shift_3,w00_s002,0,2,80,0.95
trap,next_1_4,heldout_snapshot,physical_action+token_history,shift_3,w01_s000,1,3,69,0.8985507246376812
trap,next_1_4,heldout_snapshot,physical_action+token_history,shift_3,w02_s003,2,3,86,0.6744186046511628
trap,next_1_4,heldout_snapshot,physical_action+token_history,shift_3,w00_s003,0,3,81,0.9135802469135802
trap,next_1_4,heldout_snapshot,physical_action+token_history,shift_3,w01_s001,1,3,62,0.967741935483871
trap,next_1_4,heldout_snapshot,physical_action+token_history,shift_3,w02_s004,2,3,87,0.7241379310344828
trap,next_1_4,heldout_snapshot,physical_action+token_history,shift_3,w00_s004,0,1,63,1.0
trap,next_1_4,heldout_snapshot,physical_action+token_history,shift_3,w01_s002,1,2,61,0.9672131147540984
trap,next_1_4,heldout_snapshot,physical_action+token_history,shift_3,w02_s000,2,3,71,0.647887323943662
trap,next_1_4,heldout_snapshot,physical+token_history,shift_3,w00_s000,0,1,55,1.0
trap,next_1_4,heldout_snapshot,physical+token_history,shift_3,w00_s005,0,3,69,0.7971014492753623
trap,next_1_4,heldout_snapshot,physical+token_history,shift_3,w01_s003,1,3,62,0.9516129032258065
trap,next_1_4,heldout_snapshot,physical+token_history,shift_3,w02_s001,2,2,59,0.8813559322033898
trap,next_1_4,heldout_snapshot,physical+token_history,shift_3,w00_s001,0,3,62,0.9354838709677419
trap,next_1_4,heldout_snapshot,physical+token_history,shift_3,w01_s004,1,3,77,0.5844155844155844
trap,next_1_4,heldout_snapshot,physical+token_history,shift_3,w02_s002,2,3,87,0.7931034482758621
trap,next_1_4,heldout_snapshot,physical+token_history,shift_3,w03_s005,3,1,15,1.0
trap,next_1_4,heldout_snapshot,physical+token_history,shift_3,w00_s002,0,2,80,0.9125
trap,next_1_4,heldout_snapshot,physical+token_history,shift_3,w01_s000,1,3,69,0.8115942028985508
trap,next_1_4,heldout_snapshot,physical+token_history,shift_3,w02_s003,2,3,86,0.6511627906976745
trap,next_1_4,heldout_snapshot,physical+token_history,shift_3,w00_s003,0,3,81,0.8395061728395061
trap,next_1_4,heldout_snapshot,physical+token_history,shift_3,w01_s001,1,3,62,0.7258064516129032
trap,next_1_4,heldout_snapshot,physical+token_history,shift_3,w02_s004,2,3,87,0.6666666666666666
trap,next_1_4,heldout_snapshot,physical+token_history,shift_3,w00_s004,0,1,63,1.0
trap,next_1_4,heldout_snapshot,physical+token_history,shift_3,w01_s002,1,2,61,0.7704918032786885
trap,next_1_4,heldout_snapshot,physical+token_history,shift_3,w02_s000,2,3,71,0.6619718309859155
trap,next_1_4,heldout_worker,rate_only,aligned,w00_s000,0,1,55,0.5
trap,next_1_4,heldout_worker,rate_only,aligned,w00_s001,0,3,62,0.5
trap,next_1_4,heldout_worker,rate_only,aligned,w00_s002,0,2,80,0.5
trap,next_1_4,heldout_worker,rate_only,aligned,w00_s003,0,3,81,0.5
trap,next_1_4,heldout_worker,rate_only,aligned,w00_s004,0,1,63,0.5
trap,next_1_4,heldout_worker,rate_only,aligned,w00_s005,0,3,69,0.5
trap,next_1_4,heldout_worker,rate_only,aligned,w01_s000,1,3,69,0.5
trap,next_1_4,heldout_worker,rate_only,aligned,w01_s001,1,3,62,0.5
trap,next_1_4,heldout_worker,rate_only,aligned,w01_s002,1,2,61,0.5
trap,next_1_4,heldout_worker,rate_only,aligned,w01_s003,1,3,62,0.5
trap,next_1_4,heldout_worker,rate_only,aligned,w01_s004,1,3,77,0.5
trap,next_1_4,heldout_worker,rate_only,aligned,w02_s000,2,3,71,0.5
trap,next_1_4,heldout_worker,rate_only,aligned,w02_s001,2,2,59,0.5
trap,next_1_4,heldout_worker,rate_only,aligned,w02_s002,2,3,87,0.5
trap,next_1_4,heldout_worker,rate_only,aligned,w02_s003,2,3,86,0.5
trap,next_1_4,heldout_worker,rate_only,aligned,w02_s004,2,3,87,0.5
trap,next_1_4,heldout_worker,rate_only,aligned,w03_s005,3,1,15,0.5
trap,next_1_4,heldout_worker,physical_action,aligned,w00_s000,0,1,55,1.0
trap,next_1_4,heldout_worker,physical_action,aligned,w00_s001,0,3,62,1.0
trap,next_1_4,heldout_worker,physical_action,aligned,w00_s002,0,2,80,0.95
trap,next_1_4,heldout_worker,physical_action,aligned,w00_s003,0,3,81,0.9629629629629629
trap,next_1_4,heldout_worker,physical_action,aligned,w00_s004,0,1,63,1.0
trap,next_1_4,heldout_worker,physical_action,aligned,w00_s005,0,3,69,0.9710144927536232
trap,next_1_4,heldout_worker,physical_action,aligned,w01_s000,1,3,69,0.9420289855072463
trap,next_1_4,heldout_worker,physical_action,aligned,w01_s001,1,3,62,1.0
trap,next_1_4,heldout_worker,physical_action,aligned,w01_s002,1,2,61,0.9836065573770493
trap,next_1_4,heldout_worker,physical_action,aligned,w01_s003,1,3,62,0.8709677419354839
trap,next_1_4,heldout_worker,physical_action,aligned,w01_s004,1,3,77,0.935064935064935
trap,next_1_4,heldout_worker,physical_action,aligned,w02_s000,2,3,71,0.6619718309859155
trap,next_1_4,heldout_worker,physical_action,aligned,w02_s001,2,2,59,0.8983050847457628
trap,next_1_4,heldout_worker,physical_action,aligned,w02_s002,2,3,87,0.7931034482758621
trap,next_1_4,heldout_worker,physical_action,aligned,w02_s003,2,3,86,0.8953488372093024
trap,next_1_4,heldout_worker,physical_action,aligned,w02_s004,2,3,87,0.735632183908046
trap,next_1_4,heldout_worker,physical_action,aligned,w03_s005,3,1,15,0.6
trap,next_1_4,heldout_worker,physical,aligned,w00_s000,0,1,55,1.0
trap,next_1_4,heldout_worker,physical,aligned,w00_s001,0,3,62,0.9838709677419355
trap,next_1_4,heldout_worker,physical,aligned,w00_s002,0,2,80,0.9375
trap,next_1_4,heldout_worker,physical,aligned,w00_s003,0,3,81,0.8641975308641975
trap,next_1_4,heldout_worker,physical,aligned,w00_s004,0,1,63,1.0
trap,next_1_4,heldout_worker,physical,aligned,w00_s005,0,3,69,0.927536231884058
trap,next_1_4,heldout_worker,physical,aligned,w01_s000,1,3,69,0.8115942028985507
trap,next_1_4,heldout_worker,physical,aligned,w01_s001,1,3,62,0.967741935483871
trap,next_1_4,heldout_worker,physical,aligned,w01_s002,1,2,61,1.0
trap,next_1_4,heldout_worker,physical,aligned,w01_s003,1,3,62,0.7903225806451613
trap,next_1_4,heldout_worker,physical,aligned,w01_s004,1,3,77,0.948051948051948
trap,next_1_4,heldout_worker,physical,aligned,w02_s000,2,3,71,0.6056338028169014
trap,next_1_4,heldout_worker,physical,aligned,w02_s001,2,2,59,1.0
trap,next_1_4,heldout_worker,physical,aligned,w02_s002,2,3,87,0.7126436781609196
trap,next_1_4,heldout_worker,physical,aligned,w02_s003,2,3,86,0.8604651162790697
trap,next_1_4,heldout_worker,physical,aligned,w02_s004,2,3,87,0.6896551724137931
trap,next_1_4,heldout_worker,physical,aligned,w03_s005,3,1,15,0.9333333333333333
trap,next_1_4,heldout_worker,moe_aggregate_current,aligned,w00_s000,0,1,55,0.5818181818181818
trap,next_1_4,heldout_worker,moe_aggregate_current,aligned,w00_s001,0,3,62,0.5483870967741935
trap,next_1_4,heldout_worker,moe_aggregate_current,aligned,w00_s002,0,2,80,0.7375
trap,next_1_4,heldout_worker,moe_aggregate_current,aligned,w00_s003,0,3,81,0.8024691358024691
trap,next_1_4,heldout_worker,moe_aggregate_current,aligned,w00_s004,0,1,63,0.6190476190476191
trap,next_1_4,heldout_worker,moe_aggregate_current,aligned,w00_s005,0,3,69,0.6231884057971014
trap,next_1_4,heldout_worker,moe_aggregate_current,aligned,w01_s000,1,3,69,0.9420289855072463
trap,next_1_4,heldout_worker,moe_aggregate_current,aligned,w01_s001,1,3,62,0.8870967741935484
trap,next_1_4,heldout_worker,moe_aggregate_current,aligned,w01_s002,1,2,61,0.6229508196721312
trap,next_1_4,heldout_worker,moe_aggregate_current,aligned,w01_s003,1,3,62,0.8548387096774194
trap,next_1_4,heldout_worker,moe_aggregate_current,aligned,w01_s004,1,3,77,0.8181818181818182
trap,next_1_4,heldout_worker,moe_aggregate_current,aligned,w02_s000,2,3,71,0.7464788732394366
trap,next_1_4,heldout_worker,moe_aggregate_current,aligned,w02_s001,2,2,59,0.6440677966101694
trap,next_1_4,heldout_worker,moe_aggregate_current,aligned,w02_s002,2,3,87,0.8275862068965517
trap,next_1_4,heldout_worker,moe_aggregate_current,aligned,w02_s003,2,3,86,0.8023255813953488
trap,next_1_4,heldout_worker,moe_aggregate_current,aligned,w02_s004,2,3,87,0.7471264367816092
trap,next_1_4,heldout_worker,moe_aggregate_current,aligned,w03_s005,3,1,15,0.7333333333333333
trap,next_1_4,heldout_worker,physical_action+aggregate_current,aligned,w00_s000,0,1,55,1.0
trap,next_1_4,heldout_worker,physical_action+aggregate_current,aligned,w00_s001,0,3,62,0.9838709677419355
trap,next_1_4,heldout_worker,physical_action+aggregate_current,aligned,w00_s002,0,2,80,0.95
trap,next_1_4,heldout_worker,physical_action+aggregate_current,aligned,w00_s003,0,3,81,0.9135802469135802
trap,next_1_4,heldout_worker,physical_action+aggregate_current,aligned,w00_s004,0,1,63,1.0
trap,next_1_4,heldout_worker,physical_action+aggregate_current,aligned,w00_s005,0,3,69,0.9420289855072463
trap,next_1_4,heldout_worker,physical_action+aggregate_current,aligned,w01_s000,1,3,69,0.8840579710144928
trap,next_1_4,heldout_worker,physical_action+aggregate_current,aligned,w01_s001,1,3,62,0.9354838709677419
trap,next_1_4,heldout_worker,physical_action+aggregate_current,aligned,w01_s002,1,2,61,0.8360655737704918
trap,next_1_4,heldout_worker,physical_action+aggregate_current,aligned,w01_s003,1,3,62,0.8548387096774194
trap,next_1_4,heldout_worker,physical_action+aggregate_current,aligned,w01_s004,1,3,77,0.8701298701298701
trap,next_1_4,heldout_worker,physical_action+aggregate_current,aligned,w02_s000,2,3,71,0.7323943661971831
trap,next_1_4,heldout_worker,physical_action+aggregate_current,aligned,w02_s001,2,2,59,0.8983050847457628
trap,next_1_4,heldout_worker,physical_action+aggregate_current,aligned,w02_s002,2,3,87,0.735632183908046
trap,next_1_4,heldout_worker,physical_action+aggregate_current,aligned,w02_s003,2,3,86,0.8837209302325582
trap,next_1_4,heldout_worker,physical_action+aggregate_current,aligned,w02_s004,2,3,87,0.735632183908046
trap,next_1_4,heldout_worker,physical_action+aggregate_current,aligned,w03_s005,3,1,15,0.6
trap,next_1_4,heldout_worker,physical+aggregate_current,aligned,w00_s000,0,1,55,1.0
trap,next_1_4,heldout_worker,physical+aggregate_current,aligned,w00_s001,0,3,62,0.967741935483871
trap,next_1_4,heldout_worker,physical+aggregate_current,aligned,w00_s002,0,2,80,0.925
trap,next_1_4,heldout_worker,physical+aggregate_current,aligned,w00_s003,0,3,81,0.9135802469135802
trap,next_1_4,heldout_worker,physical+aggregate_current,aligned,w00_s004,0,1,63,0.9523809523809523
trap,next_1_4,heldout_worker,physical+aggregate_current,aligned,w00_s005,0,3,69,0.8695652173913043
trap,next_1_4,heldout_worker,physical+aggregate_current,aligned,w01_s000,1,3,69,0.898550724637681
trap,next_1_4,heldout_worker,physical+aggregate_current,aligned,w01_s001,1,3,62,0.9838709677419355
trap,next_1_4,heldout_worker,physical+aggregate_current,aligned,w01_s002,1,2,61,0.9016393442622951
trap,next_1_4,heldout_worker,physical+aggregate_current,aligned,w01_s003,1,3,62,0.9193548387096774
trap,next_1_4,heldout_worker,physical+aggregate_current,aligned,w01_s004,1,3,77,0.9090909090909091
trap,next_1_4,heldout_worker,physical+aggregate_current,aligned,w02_s000,2,3,71,0.7323943661971831
trap,next_1_4,heldout_worker,physical+aggregate_current,aligned,w02_s001,2,2,59,1.0
trap,next_1_4,heldout_worker,physical+aggregate_current,aligned,w02_s002,2,3,87,0.735632183908046
trap,next_1_4,heldout_worker,physical+aggregate_current,aligned,w02_s003,2,3,86,0.9302325581395349
trap,next_1_4,heldout_worker,physical+aggregate_current,aligned,w02_s004,2,3,87,0.7471264367816092
trap,next_1_4,heldout_worker,physical+aggregate_current,aligned,w03_s005,3,1,15,0.6666666666666667
trap,next_1_4,heldout_worker,physical_action+aggregate_current,shift_1,w00_s000,0,1,55,1.0
trap,next_1_4,heldout_worker,physical_action+aggregate_current,shift_1,w00_s001,0,3,62,0.9838709677419355
trap,next_1_4,heldout_worker,physical_action+aggregate_current,shift_1,w00_s002,0,2,80,0.875
trap,next_1_4,heldout_worker,physical_action+aggregate_current,shift_1,w00_s003,0,3,81,0.8518518518518519
trap,next_1_4,heldout_worker,physical_action+aggregate_current,shift_1,w00_s004,0,1,63,0.8571428571428572
trap,next_1_4,heldout_worker,physical_action+aggregate_current,shift_1,w00_s005,0,3,69,0.8115942028985507
trap,next_1_4,heldout_worker,physical_action+aggregate_current,shift_1,w01_s000,1,3,69,0.7536231884057971
trap,next_1_4,heldout_worker,physical_action+aggregate_current,shift_1,w01_s001,1,3,62,0.9516129032258065
trap,next_1_4,heldout_worker,physical_action+aggregate_current,shift_1,w01_s002,1,2,61,0.9508196721311477
trap,next_1_4,heldout_worker,physical_action+aggregate_current,shift_1,w01_s003,1,3,62,0.8870967741935484
trap,next_1_4,heldout_worker,physical_action+aggregate_current,shift_1,w01_s004,1,3,77,0.7532467532467533
trap,next_1_4,heldout_worker,physical_action+aggregate_current,shift_1,w02_s000,2,3,71,0.4788732394366197
trap,next_1_4,heldout_worker,physical_action+aggregate_current,shift_1,w02_s001,2,2,59,0.847457627118644
trap,next_1_4,heldout_worker,physical_action+aggregate_current,shift_1,w02_s002,2,3,87,0.735632183908046
trap,next_1_4,heldout_worker,physical_action+aggregate_current,shift_1,w02_s003,2,3,86,0.7325581395348837
trap,next_1_4,heldout_worker,physical_action+aggregate_current,shift_1,w02_s004,2,3,87,0.6091954022988506
trap,next_1_4,heldout_worker,physical_action+aggregate_current,shift_1,w03_s005,3,1,15,0.7333333333333333
trap,next_1_4,heldout_worker,physical+aggregate_current,shift_1,w00_s000,0,1,55,1.0
trap,next_1_4,heldout_worker,physical+aggregate_current,shift_1,w00_s001,0,3,62,0.9032258064516129
trap,next_1_4,heldout_worker,physical+aggregate_current,shift_1,w00_s002,0,2,80,0.9
trap,next_1_4,heldout_worker,physical+aggregate_current,shift_1,w00_s003,0,3,81,0.8271604938271605
trap,next_1_4,heldout_worker,physical+aggregate_current,shift_1,w00_s004,0,1,63,0.9047619047619049
trap,next_1_4,heldout_worker,physical+aggregate_current,shift_1,w00_s005,0,3,69,0.7971014492753623
trap,next_1_4,heldout_worker,physical+aggregate_current,shift_1,w01_s000,1,3,69,0.5942028985507246
trap,next_1_4,heldout_worker,physical+aggregate_current,shift_1,w01_s001,1,3,62,0.8064516129032258
trap,next_1_4,heldout_worker,physical+aggregate_current,shift_1,w01_s002,1,2,61,0.8524590163934426
trap,next_1_4,heldout_worker,physical+aggregate_current,shift_1,w01_s003,1,3,62,0.8870967741935484
trap,next_1_4,heldout_worker,physical+aggregate_current,shift_1,w01_s004,1,3,77,0.6363636363636364
trap,next_1_4,heldout_worker,physical+aggregate_current,shift_1,w02_s000,2,3,71,0.5211267605633803
trap,next_1_4,heldout_worker,physical+aggregate_current,shift_1,w02_s001,2,2,59,1.0
trap,next_1_4,heldout_worker,physical+aggregate_current,shift_1,w02_s002,2,3,87,0.7471264367816092
trap,next_1_4,heldout_worker,physical+aggregate_current,shift_1,w02_s003,2,3,86,0.8255813953488372
trap,next_1_4,heldout_worker,physical+aggregate_current,shift_1,w02_s004,2,3,87,0.6436781609195402
trap,next_1_4,heldout_worker,physical+aggregate_current,shift_1,w03_s005,3,1,15,0.8
trap,next_1_4,heldout_worker,physical_action+aggregate_current,shift_2,w00_s000,0,1,55,1.0
trap,next_1_4,heldout_worker,physical_action+aggregate_current,shift_2,w00_s001,0,3,62,1.0
trap,next_1_4,heldout_worker,physical_action+aggregate_current,shift_2,w00_s002,0,2,80,0.8875
trap,next_1_4,heldout_worker,physical_action+aggregate_current,shift_2,w00_s003,0,3,81,0.8518518518518519
trap,next_1_4,heldout_worker,physical_action+aggregate_current,shift_2,w00_s004,0,1,63,0.746031746031746
trap,next_1_4,heldout_worker,physical_action+aggregate_current,shift_2,w00_s005,0,3,69,0.8115942028985508
trap,next_1_4,heldout_worker,physical_action+aggregate_current,shift_2,w01_s000,1,3,69,0.9130434782608695
trap,next_1_4,heldout_worker,physical_action+aggregate_current,shift_2,w01_s001,1,3,62,0.9516129032258065
trap,next_1_4,heldout_worker,physical_action+aggregate_current,shift_2,w01_s002,1,2,61,1.0
trap,next_1_4,heldout_worker,physical_action+aggregate_current,shift_2,w01_s003,1,3,62,0.8709677419354839
trap,next_1_4,heldout_worker,physical_action+aggregate_current,shift_2,w01_s004,1,3,77,0.974025974025974
trap,next_1_4,heldout_worker,physical_action+aggregate_current,shift_2,w02_s000,2,3,71,0.7323943661971831
trap,next_1_4,heldout_worker,physical_action+aggregate_current,shift_2,w02_s001,2,2,59,0.9322033898305084
trap,next_1_4,heldout_worker,physical_action+aggregate_current,shift_2,w02_s002,2,3,87,0.735632183908046
trap,next_1_4,heldout_worker,physical_action+aggregate_current,shift_2,w02_s003,2,3,86,0.7674418604651163
trap,next_1_4,heldout_worker,physical_action+aggregate_current,shift_2,w02_s004,2,3,87,0.5977011494252874
trap,next_1_4,heldout_worker,physical_action+aggregate_current,shift_2,w03_s005,3,1,15,0.6666666666666667
trap,next_1_4,heldout_worker,physical+aggregate_current,shift_2,w00_s000,0,1,55,1.0
trap,next_1_4,heldout_worker,physical+aggregate_current,shift_2,w00_s001,0,3,62,0.967741935483871
trap,next_1_4,heldout_worker,physical+aggregate_current,shift_2,w00_s002,0,2,80,0.8875
trap,next_1_4,heldout_worker,physical+aggregate_current,shift_2,w00_s003,0,3,81,0.8765432098765432
trap,next_1_4,heldout_worker,physical+aggregate_current,shift_2,w00_s004,0,1,63,0.7936507936507937
trap,next_1_4,heldout_worker,physical+aggregate_current,shift_2,w00_s005,0,3,69,0.8115942028985508
trap,next_1_4,heldout_worker,physical+aggregate_current,shift_2,w01_s000,1,3,69,0.6231884057971013
trap,next_1_4,heldout_worker,physical+aggregate_current,shift_2,w01_s001,1,3,62,0.7419354838709677
trap,next_1_4,heldout_worker,physical+aggregate_current,shift_2,w01_s002,1,2,61,0.9672131147540984
trap,next_1_4,heldout_worker,physical+aggregate_current,shift_2,w01_s003,1,3,62,0.8064516129032258
trap,next_1_4,heldout_worker,physical+aggregate_current,shift_2,w01_s004,1,3,77,0.8961038961038961
trap,next_1_4,heldout_worker,physical+aggregate_current,shift_2,w02_s000,2,3,71,0.8169014084507042
trap,next_1_4,heldout_worker,physical+aggregate_current,shift_2,w02_s001,2,2,59,1.0
trap,next_1_4,heldout_worker,physical+aggregate_current,shift_2,w02_s002,2,3,87,0.6896551724137931
trap,next_1_4,heldout_worker,physical+aggregate_current,shift_2,w02_s003,2,3,86,0.9069767441860465
trap,next_1_4,heldout_worker,physical+aggregate_current,shift_2,w02_s004,2,3,87,0.6896551724137931
trap,next_1_4,heldout_worker,physical+aggregate_current,shift_2,w03_s005,3,1,15,0.8666666666666667
trap,next_1_4,heldout_worker,physical_action+aggregate_current,shift_3,w00_s000,0,1,55,0.9818181818181818
trap,next_1_4,heldout_worker,physical_action+aggregate_current,shift_3,w00_s001,0,3,62,1.0
trap,next_1_4,heldout_worker,physical_action+aggregate_current,shift_3,w00_s002,0,2,80,0.9125
trap,next_1_4,heldout_worker,physical_action+aggregate_current,shift_3,w00_s003,0,3,81,0.7530864197530864
trap,next_1_4,heldout_worker,physical_action+aggregate_current,shift_3,w00_s004,0,1,63,0.9682539682539683
trap,next_1_4,heldout_worker,physical_action+aggregate_current,shift_3,w00_s005,0,3,69,0.8115942028985508
trap,next_1_4,heldout_worker,physical_action+aggregate_current,shift_3,w01_s000,1,3,69,0.9275362318840579
trap,next_1_4,heldout_worker,physical_action+aggregate_current,shift_3,w01_s001,1,3,62,0.8709677419354839
trap,next_1_4,heldout_worker,physical_action+aggregate_current,shift_3,w01_s002,1,2,61,0.8852459016393444
trap,next_1_4,heldout_worker,physical_action+aggregate_current,shift_3,w01_s003,1,3,62,0.8548387096774194
trap,next_1_4,heldout_worker,physical_action+aggregate_current,shift_3,w01_s004,1,3,77,0.7272727272727273
trap,next_1_4,heldout_worker,physical_action+aggregate_current,shift_3,w02_s000,2,3,71,0.6197183098591549
trap,next_1_4,heldout_worker,physical_action+aggregate_current,shift_3,w02_s001,2,2,59,0.9491525423728814
trap,next_1_4,heldout_worker,physical_action+aggregate_current,shift_3,w02_s002,2,3,87,0.8275862068965517
trap,next_1_4,heldout_worker,physical_action+aggregate_current,shift_3,w02_s003,2,3,86,0.7441860465116279
trap,next_1_4,heldout_worker,physical_action+aggregate_current,shift_3,w02_s004,2,3,87,0.5402298850574713
trap,next_1_4,heldout_worker,physical_action+aggregate_current,shift_3,w03_s005,3,1,15,0.6
trap,next_1_4,heldout_worker,physical+aggregate_current,shift_3,w00_s000,0,1,55,1.0
trap,next_1_4,heldout_worker,physical+aggregate_current,shift_3,w00_s001,0,3,62,0.9838709677419355
trap,next_1_4,heldout_worker,physical+aggregate_current,shift_3,w00_s002,0,2,80,0.9125
trap,next_1_4,heldout_worker,physical+aggregate_current,shift_3,w00_s003,0,3,81,0.8148148148148148
trap,next_1_4,heldout_worker,physical+aggregate_current,shift_3,w00_s004,0,1,63,0.9682539682539683
trap,next_1_4,heldout_worker,physical+aggregate_current,shift_3,w00_s005,0,3,69,0.7971014492753623
trap,next_1_4,heldout_worker,physical+aggregate_current,shift_3,w01_s000,1,3,69,0.782608695652174
trap,next_1_4,heldout_worker,physical+aggregate_current,shift_3,w01_s001,1,3,62,0.6290322580645161
trap,next_1_4,heldout_worker,physical+aggregate_current,shift_3,w01_s002,1,2,61,0.8524590163934426
trap,next_1_4,heldout_worker,physical+aggregate_current,shift_3,w01_s003,1,3,62,0.7741935483870968
trap,next_1_4,heldout_worker,physical+aggregate_current,shift_3,w01_s004,1,3,77,0.7142857142857143
trap,next_1_4,heldout_worker,physical+aggregate_current,shift_3,w02_s000,2,3,71,0.6056338028169014
trap,next_1_4,heldout_worker,physical+aggregate_current,shift_3,w02_s001,2,2,59,1.0
trap,next_1_4,heldout_worker,physical+aggregate_current,shift_3,w02_s002,2,3,87,0.7241379310344828
trap,next_1_4,heldout_worker,physical+aggregate_current,shift_3,w02_s003,2,3,86,0.8372093023255814
trap,next_1_4,heldout_worker,physical+aggregate_current,shift_3,w02_s004,2,3,87,0.6666666666666666
trap,next_1_4,heldout_worker,physical+aggregate_current,shift_3,w03_s005,3,1,15,1.0
trap,next_1_4,heldout_worker,moe_token_current,aligned,w00_s000,0,1,55,0.5818181818181818
trap,next_1_4,heldout_worker,moe_token_current,aligned,w00_s001,0,3,62,0.5483870967741935
trap,next_1_4,heldout_worker,moe_token_current,aligned,w00_s002,0,2,80,0.7375
trap,next_1_4,heldout_worker,moe_token_current,aligned,w00_s003,0,3,81,0.8024691358024691
trap,next_1_4,heldout_worker,moe_token_current,aligned,w00_s004,0,1,63,0.6190476190476191
trap,next_1_4,heldout_worker,moe_token_current,aligned,w00_s005,0,3,69,0.6231884057971014
trap,next_1_4,heldout_worker,moe_token_current,aligned,w01_s000,1,3,69,0.9420289855072463
trap,next_1_4,heldout_worker,moe_token_current,aligned,w01_s001,1,3,62,0.8870967741935484
trap,next_1_4,heldout_worker,moe_token_current,aligned,w01_s002,1,2,61,0.6229508196721312
trap,next_1_4,heldout_worker,moe_token_current,aligned,w01_s003,1,3,62,0.8548387096774194
trap,next_1_4,heldout_worker,moe_token_current,aligned,w01_s004,1,3,77,0.8181818181818182
trap,next_1_4,heldout_worker,moe_token_current,aligned,w02_s000,2,3,71,0.8028169014084507
trap,next_1_4,heldout_worker,moe_token_current,aligned,w02_s001,2,2,59,0.6440677966101694
trap,next_1_4,heldout_worker,moe_token_current,aligned,w02_s002,2,3,87,0.7471264367816092
trap,next_1_4,heldout_worker,moe_token_current,aligned,w02_s003,2,3,86,0.7441860465116279
trap,next_1_4,heldout_worker,moe_token_current,aligned,w02_s004,2,3,87,0.7586206896551724
trap,next_1_4,heldout_worker,moe_token_current,aligned,w03_s005,3,1,15,0.8666666666666667
trap,next_1_4,heldout_worker,physical_action+token_current,aligned,w00_s000,0,1,55,1.0
trap,next_1_4,heldout_worker,physical_action+token_current,aligned,w00_s001,0,3,62,0.9838709677419355
trap,next_1_4,heldout_worker,physical_action+token_current,aligned,w00_s002,0,2,80,0.95
trap,next_1_4,heldout_worker,physical_action+token_current,aligned,w00_s003,0,3,81,0.9629629629629629
trap,next_1_4,heldout_worker,physical_action+token_current,aligned,w00_s004,0,1,63,1.0
trap,next_1_4,heldout_worker,physical_action+token_current,aligned,w00_s005,0,3,69,0.9565217391304348
trap,next_1_4,heldout_worker,physical_action+token_current,aligned,w01_s000,1,3,69,0.8840579710144928
trap,next_1_4,heldout_worker,physical_action+token_current,aligned,w01_s001,1,3,62,0.8225806451612904
trap,next_1_4,heldout_worker,physical_action+token_current,aligned,w01_s002,1,2,61,0.7540983606557377
trap,next_1_4,heldout_worker,physical_action+token_current,aligned,w01_s003,1,3,62,0.8870967741935484
trap,next_1_4,heldout_worker,physical_action+token_current,aligned,w01_s004,1,3,77,0.7532467532467533
trap,next_1_4,heldout_worker,physical_action+token_current,aligned,w02_s000,2,3,71,0.7183098591549296
trap,next_1_4,heldout_worker,physical_action+token_current,aligned,w02_s001,2,2,59,0.9322033898305084
trap,next_1_4,heldout_worker,physical_action+token_current,aligned,w02_s002,2,3,87,0.7701149425287356
trap,next_1_4,heldout_worker,physical_action+token_current,aligned,w02_s003,2,3,86,0.8023255813953488
trap,next_1_4,heldout_worker,physical_action+token_current,aligned,w02_s004,2,3,87,0.7471264367816092
trap,next_1_4,heldout_worker,physical_action+token_current,aligned,w03_s005,3,1,15,0.6
trap,next_1_4,heldout_worker,physical+token_current,aligned,w00_s000,0,1,55,1.0
trap,next_1_4,heldout_worker,physical+token_current,aligned,w00_s001,0,3,62,0.967741935483871
trap,next_1_4,heldout_worker,physical+token_current,aligned,w00_s002,0,2,80,0.925
trap,next_1_4,heldout_worker,physical+token_current,aligned,w00_s003,0,3,81,0.9135802469135802
trap,next_1_4,heldout_worker,physical+token_current,aligned,w00_s004,0,1,63,0.9523809523809523
trap,next_1_4,heldout_worker,physical+token_current,aligned,w00_s005,0,3,69,0.8695652173913043
trap,next_1_4,heldout_worker,physical+token_current,aligned,w01_s000,1,3,69,0.8985507246376812
trap,next_1_4,heldout_worker,physical+token_current,aligned,w01_s001,1,3,62,0.967741935483871
trap,next_1_4,heldout_worker,physical+token_current,aligned,w01_s002,1,2,61,0.8524590163934426
trap,next_1_4,heldout_worker,physical+token_current,aligned,w01_s003,1,3,62,0.8870967741935484
trap,next_1_4,heldout_worker,physical+token_current,aligned,w01_s004,1,3,77,0.8831168831168831
trap,next_1_4,heldout_worker,physical+token_current,aligned,w02_s000,2,3,71,0.7323943661971831
trap,next_1_4,heldout_worker,physical+token_current,aligned,w02_s001,2,2,59,1.0
trap,next_1_4,heldout_worker,physical+token_current,aligned,w02_s002,2,3,87,0.7816091954022989
trap,next_1_4,heldout_worker,physical+token_current,aligned,w02_s003,2,3,86,0.7441860465116279
trap,next_1_4,heldout_worker,physical+token_current,aligned,w02_s004,2,3,87,0.7011494252873564
trap,next_1_4,heldout_worker,physical+token_current,aligned,w03_s005,3,1,15,0.6666666666666667
trap,next_1_4,heldout_worker,physical_action+token_current,shift_1,w00_s000,0,1,55,1.0
trap,next_1_4,heldout_worker,physical_action+token_current,shift_1,w00_s001,0,3,62,1.0
trap,next_1_4,heldout_worker,physical_action+token_current,shift_1,w00_s002,0,2,80,0.95
trap,next_1_4,heldout_worker,physical_action+token_current,shift_1,w00_s003,0,3,81,0.9012345679012346
trap,next_1_4,heldout_worker,physical_action+token_current,shift_1,w00_s004,0,1,63,1.0
trap,next_1_4,heldout_worker,physical_action+token_current,shift_1,w00_s005,0,3,69,0.9710144927536232
trap,next_1_4,heldout_worker,physical_action+token_current,shift_1,w01_s000,1,3,69,0.8405797101449275
trap,next_1_4,heldout_worker,physical_action+token_current,shift_1,w01_s001,1,3,62,0.9838709677419355
trap,next_1_4,heldout_worker,physical_action+token_current,shift_1,w01_s002,1,2,61,0.9836065573770493
trap,next_1_4,heldout_worker,physical_action+token_current,shift_1,w01_s003,1,3,62,0.9032258064516129
trap,next_1_4,heldout_worker,physical_action+token_current,shift_1,w01_s004,1,3,77,0.7662337662337663
trap,next_1_4,heldout_worker,physical_action+token_current,shift_1,w02_s000,2,3,71,0.6197183098591549
trap,next_1_4,heldout_worker,physical_action+token_current,shift_1,w02_s001,2,2,59,0.864406779661017
trap,next_1_4,heldout_worker,physical_action+token_current,shift_1,w02_s002,2,3,87,0.8045977011494253
trap,next_1_4,heldout_worker,physical_action+token_current,shift_1,w02_s003,2,3,86,0.813953488372093
trap,next_1_4,heldout_worker,physical_action+token_current,shift_1,w02_s004,2,3,87,0.6436781609195402
trap,next_1_4,heldout_worker,physical_action+token_current,shift_1,w03_s005,3,1,15,0.6
trap,next_1_4,heldout_worker,physical+token_current,shift_1,w00_s000,0,1,55,1.0
trap,next_1_4,heldout_worker,physical+token_current,shift_1,w00_s001,0,3,62,0.9032258064516129
trap,next_1_4,heldout_worker,physical+token_current,shift_1,w00_s002,0,2,80,0.9
trap,next_1_4,heldout_worker,physical+token_current,shift_1,w00_s003,0,3,81,0.8271604938271605
trap,next_1_4,heldout_worker,physical+token_current,shift_1,w00_s004,0,1,63,0.9047619047619049
trap,next_1_4,heldout_worker,physical+token_current,shift_1,w00_s005,0,3,69,0.7971014492753623
trap,next_1_4,heldout_worker,physical+token_current,shift_1,w01_s000,1,3,69,0.6521739130434783
trap,next_1_4,heldout_worker,physical+token_current,shift_1,w01_s001,1,3,62,0.8548387096774194
trap,next_1_4,heldout_worker,physical+token_current,shift_1,w01_s002,1,2,61,0.9016393442622951
trap,next_1_4,heldout_worker,physical+token_current,shift_1,w01_s003,1,3,62,0.9193548387096774
trap,next_1_4,heldout_worker,physical+token_current,shift_1,w01_s004,1,3,77,0.5714285714285714
trap,next_1_4,heldout_worker,physical+token_current,shift_1,w02_s000,2,3,71,0.5633802816901409
trap,next_1_4,heldout_worker,physical+token_current,shift_1,w02_s001,2,2,59,0.9491525423728814
trap,next_1_4,heldout_worker,physical+token_current,shift_1,w02_s002,2,3,87,0.7471264367816092
trap,next_1_4,heldout_worker,physical+token_current,shift_1,w02_s003,2,3,86,0.6395348837209303
trap,next_1_4,heldout_worker,physical+token_current,shift_1,w02_s004,2,3,87,0.632183908045977
trap,next_1_4,heldout_worker,physical+token_current,shift_1,w03_s005,3,1,15,0.8
trap,next_1_4,heldout_worker,physical_action+token_current,shift_2,w00_s000,0,1,55,1.0
trap,next_1_4,heldout_worker,physical_action+token_current,shift_2,w00_s001,0,3,62,1.0
trap,next_1_4,heldout_worker,physical_action+token_current,shift_2,w00_s002,0,2,80,0.95
trap,next_1_4,heldout_worker,physical_action+token_current,shift_2,w00_s003,0,3,81,0.9259259259259259
trap,next_1_4,heldout_worker,physical_action+token_current,shift_2,w00_s004,0,1,63,1.0
trap,next_1_4,heldout_worker,physical_action+token_current,shift_2,w00_s005,0,3,69,0.9420289855072463
trap,next_1_4,heldout_worker,physical_action+token_current,shift_2,w01_s000,1,3,69,0.9420289855072463
trap,next_1_4,heldout_worker,physical_action+token_current,shift_2,w01_s001,1,3,62,0.9193548387096774
trap,next_1_4,heldout_worker,physical_action+token_current,shift_2,w01_s002,1,2,61,0.9836065573770493
trap,next_1_4,heldout_worker,physical_action+token_current,shift_2,w01_s003,1,3,62,0.8548387096774194
trap,next_1_4,heldout_worker,physical_action+token_current,shift_2,w01_s004,1,3,77,0.8831168831168831
trap,next_1_4,heldout_worker,physical_action+token_current,shift_2,w02_s000,2,3,71,0.676056338028169
trap,next_1_4,heldout_worker,physical_action+token_current,shift_2,w02_s001,2,2,59,0.8983050847457628
trap,next_1_4,heldout_worker,physical_action+token_current,shift_2,w02_s002,2,3,87,0.7126436781609196
trap,next_1_4,heldout_worker,physical_action+token_current,shift_2,w02_s003,2,3,86,0.8255813953488372
trap,next_1_4,heldout_worker,physical_action+token_current,shift_2,w02_s004,2,3,87,0.7126436781609196
trap,next_1_4,heldout_worker,physical_action+token_current,shift_2,w03_s005,3,1,15,0.6
trap,next_1_4,heldout_worker,physical+token_current,shift_2,w00_s000,0,1,55,1.0
trap,next_1_4,heldout_worker,physical+token_current,shift_2,w00_s001,0,3,62,0.967741935483871
trap,next_1_4,heldout_worker,physical+token_current,shift_2,w00_s002,0,2,80,0.8875
trap,next_1_4,heldout_worker,physical+token_current,shift_2,w00_s003,0,3,81,0.8765432098765432
trap,next_1_4,heldout_worker,physical+token_current,shift_2,w00_s004,0,1,63,0.7936507936507937
trap,next_1_4,heldout_worker,physical+token_current,shift_2,w00_s005,0,3,69,0.8115942028985508
trap,next_1_4,heldout_worker,physical+token_current,shift_2,w01_s000,1,3,69,0.6376811594202898
trap,next_1_4,heldout_worker,physical+token_current,shift_2,w01_s001,1,3,62,0.6774193548387096
trap,next_1_4,heldout_worker,physical+token_current,shift_2,w01_s002,1,2,61,0.9508196721311477
trap,next_1_4,heldout_worker,physical+token_current,shift_2,w01_s003,1,3,62,0.8064516129032258
trap,next_1_4,heldout_worker,physical+token_current,shift_2,w01_s004,1,3,77,0.8571428571428571
trap,next_1_4,heldout_worker,physical+token_current,shift_2,w02_s000,2,3,71,0.8169014084507042
trap,next_1_4,heldout_worker,physical+token_current,shift_2,w02_s001,2,2,59,0.9830508474576272
trap,next_1_4,heldout_worker,physical+token_current,shift_2,w02_s002,2,3,87,0.6896551724137931
trap,next_1_4,heldout_worker,physical+token_current,shift_2,w02_s003,2,3,86,0.7674418604651163
trap,next_1_4,heldout_worker,physical+token_current,shift_2,w02_s004,2,3,87,0.6436781609195402
trap,next_1_4,heldout_worker,physical+token_current,shift_2,w03_s005,3,1,15,0.8666666666666667
trap,next_1_4,heldout_worker,physical_action+token_current,shift_3,w00_s000,0,1,55,1.0
trap,next_1_4,heldout_worker,physical_action+token_current,shift_3,w00_s001,0,3,62,1.0
trap,next_1_4,heldout_worker,physical_action+token_current,shift_3,w00_s002,0,2,80,0.95
trap,next_1_4,heldout_worker,physical_action+token_current,shift_3,w00_s003,0,3,81,0.9012345679012346
trap,next_1_4,heldout_worker,physical_action+token_current,shift_3,w00_s004,0,1,63,1.0
trap,next_1_4,heldout_worker,physical_action+token_current,shift_3,w00_s005,0,3,69,0.9565217391304348
trap,next_1_4,heldout_worker,physical_action+token_current,shift_3,w01_s000,1,3,69,0.9710144927536232
trap,next_1_4,heldout_worker,physical_action+token_current,shift_3,w01_s001,1,3,62,0.9516129032258065
trap,next_1_4,heldout_worker,physical_action+token_current,shift_3,w01_s002,1,2,61,0.8688524590163934
trap,next_1_4,heldout_worker,physical_action+token_current,shift_3,w01_s003,1,3,62,0.8709677419354839
trap,next_1_4,heldout_worker,physical_action+token_current,shift_3,w01_s004,1,3,77,0.7402597402597403
trap,next_1_4,heldout_worker,physical_action+token_current,shift_3,w02_s000,2,3,71,0.7183098591549296
trap,next_1_4,heldout_worker,physical_action+token_current,shift_3,w02_s001,2,2,59,0.8983050847457628
trap,next_1_4,heldout_worker,physical_action+token_current,shift_3,w02_s002,2,3,87,0.8160919540229885
trap,next_1_4,heldout_worker,physical_action+token_current,shift_3,w02_s003,2,3,86,0.8604651162790697
trap,next_1_4,heldout_worker,physical_action+token_current,shift_3,w02_s004,2,3,87,0.6896551724137931
trap,next_1_4,heldout_worker,physical_action+token_current,shift_3,w03_s005,3,1,15,0.6
trap,next_1_4,heldout_worker,physical+token_current,shift_3,w00_s000,0,1,55,1.0
trap,next_1_4,heldout_worker,physical+token_current,shift_3,w00_s001,0,3,62,0.9838709677419355
trap,next_1_4,heldout_worker,physical+token_current,shift_3,w00_s002,0,2,80,0.9125
trap,next_1_4,heldout_worker,physical+token_current,shift_3,w00_s003,0,3,81,0.8148148148148148
trap,next_1_4,heldout_worker,physical+token_current,shift_3,w00_s004,0,1,63,0.9682539682539683
trap,next_1_4,heldout_worker,physical+token_current,shift_3,w00_s005,0,3,69,0.7971014492753623
trap,next_1_4,heldout_worker,physical+token_current,shift_3,w01_s000,1,3,69,0.855072463768116
trap,next_1_4,heldout_worker,physical+token_current,shift_3,w01_s001,1,3,62,0.7903225806451613
trap,next_1_4,heldout_worker,physical+token_current,shift_3,w01_s002,1,2,61,0.8852459016393444
trap,next_1_4,heldout_worker,physical+token_current,shift_3,w01_s003,1,3,62,0.7580645161290323
trap,next_1_4,heldout_worker,physical+token_current,shift_3,w01_s004,1,3,77,0.7272727272727273
trap,next_1_4,heldout_worker,physical+token_current,shift_3,w02_s000,2,3,71,0.7464788732394366
trap,next_1_4,heldout_worker,physical+token_current,shift_3,w02_s001,2,2,59,0.9491525423728814
trap,next_1_4,heldout_worker,physical+token_current,shift_3,w02_s002,2,3,87,0.8735632183908046
trap,next_1_4,heldout_worker,physical+token_current,shift_3,w02_s003,2,3,86,0.7790697674418605
trap,next_1_4,heldout_worker,physical+token_current,shift_3,w02_s004,2,3,87,0.6436781609195402
trap,next_1_4,heldout_worker,physical+token_current,shift_3,w03_s005,3,1,15,1.0
trap,next_1_4,heldout_worker,moe_token_history,aligned,w00_s000,0,1,55,0.8181818181818182
trap,next_1_4,heldout_worker,moe_token_history,aligned,w00_s001,0,3,62,0.9032258064516129
trap,next_1_4,heldout_worker,moe_token_history,aligned,w00_s002,0,2,80,0.9
trap,next_1_4,heldout_worker,moe_token_history,aligned,w00_s003,0,3,81,0.8888888888888888
trap,next_1_4,heldout_worker,moe_token_history,aligned,w00_s004,0,1,63,0.5873015873015872
trap,next_1_4,heldout_worker,moe_token_history,aligned,w00_s005,0,3,69,0.4927536231884058
trap,next_1_4,heldout_worker,moe_token_history,aligned,w01_s000,1,3,69,0.9565217391304348
trap,next_1_4,heldout_worker,moe_token_history,aligned,w01_s001,1,3,62,0.9032258064516129
trap,next_1_4,heldout_worker,moe_token_history,aligned,w01_s002,1,2,61,0.819672131147541
trap,next_1_4,heldout_worker,moe_token_history,aligned,w01_s003,1,3,62,0.9354838709677419
trap,next_1_4,heldout_worker,moe_token_history,aligned,w01_s004,1,3,77,0.8311688311688312
trap,next_1_4,heldout_worker,moe_token_history,aligned,w02_s000,2,3,71,0.7887323943661971
trap,next_1_4,heldout_worker,moe_token_history,aligned,w02_s001,2,2,59,0.847457627118644
trap,next_1_4,heldout_worker,moe_token_history,aligned,w02_s002,2,3,87,0.7816091954022989
trap,next_1_4,heldout_worker,moe_token_history,aligned,w02_s003,2,3,86,0.686046511627907
trap,next_1_4,heldout_worker,moe_token_history,aligned,w02_s004,2,3,87,0.7241379310344828
trap,next_1_4,heldout_worker,moe_token_history,aligned,w03_s005,3,1,15,0.9333333333333333
trap,next_1_4,heldout_worker,physical_action+token_history,aligned,w00_s000,0,1,55,1.0
trap,next_1_4,heldout_worker,physical_action+token_history,aligned,w00_s001,0,3,62,0.9838709677419355
trap,next_1_4,heldout_worker,physical_action+token_history,aligned,w00_s002,0,2,80,0.95
trap,next_1_4,heldout_worker,physical_action+token_history,aligned,w00_s003,0,3,81,0.9382716049382716
trap,next_1_4,heldout_worker,physical_action+token_history,aligned,w00_s004,0,1,63,1.0
trap,next_1_4,heldout_worker,physical_action+token_history,aligned,w00_s005,0,3,69,0.9130434782608695
trap,next_1_4,heldout_worker,physical_action+token_history,aligned,w01_s000,1,3,69,0.8260869565217391
trap,next_1_4,heldout_worker,physical_action+token_history,aligned,w01_s001,1,3,62,0.8387096774193549
trap,next_1_4,heldout_worker,physical_action+token_history,aligned,w01_s002,1,2,61,0.7540983606557377
trap,next_1_4,heldout_worker,physical_action+token_history,aligned,w01_s003,1,3,62,0.8225806451612904
trap,next_1_4,heldout_worker,physical_action+token_history,aligned,w01_s004,1,3,77,0.7402597402597403
trap,next_1_4,heldout_worker,physical_action+token_history,aligned,w02_s000,2,3,71,0.704225352112676
trap,next_1_4,heldout_worker,physical_action+token_history,aligned,w02_s001,2,2,59,0.8983050847457628
trap,next_1_4,heldout_worker,physical_action+token_history,aligned,w02_s002,2,3,87,0.7126436781609196
trap,next_1_4,heldout_worker,physical_action+token_history,aligned,w02_s003,2,3,86,0.8255813953488372
trap,next_1_4,heldout_worker,physical_action+token_history,aligned,w02_s004,2,3,87,0.7701149425287356
trap,next_1_4,heldout_worker,physical_action+token_history,aligned,w03_s005,3,1,15,0.5333333333333333
trap,next_1_4,heldout_worker,physical+token_history,aligned,w00_s000,0,1,55,1.0
trap,next_1_4,heldout_worker,physical+token_history,aligned,w00_s001,0,3,62,0.9838709677419355
trap,next_1_4,heldout_worker,physical+token_history,aligned,w00_s002,0,2,80,0.95
trap,next_1_4,heldout_worker,physical+token_history,aligned,w00_s003,0,3,81,0.8888888888888888
trap,next_1_4,heldout_worker,physical+token_history,aligned,w00_s004,0,1,63,0.9682539682539681
trap,next_1_4,heldout_worker,physical+token_history,aligned,w00_s005,0,3,69,0.9130434782608695
trap,next_1_4,heldout_worker,physical+token_history,aligned,w01_s000,1,3,69,0.855072463768116
trap,next_1_4,heldout_worker,physical+token_history,aligned,w01_s001,1,3,62,0.9516129032258065
trap,next_1_4,heldout_worker,physical+token_history,aligned,w01_s002,1,2,61,0.819672131147541
trap,next_1_4,heldout_worker,physical+token_history,aligned,w01_s003,1,3,62,0.8225806451612904
trap,next_1_4,heldout_worker,physical+token_history,aligned,w01_s004,1,3,77,0.8701298701298701
trap,next_1_4,heldout_worker,physical+token_history,aligned,w02_s000,2,3,71,0.7605633802816901
trap,next_1_4,heldout_worker,physical+token_history,aligned,w02_s001,2,2,59,1.0
trap,next_1_4,heldout_worker,physical+token_history,aligned,w02_s002,2,3,87,0.7011494252873564
trap,next_1_4,heldout_worker,physical+token_history,aligned,w02_s003,2,3,86,0.9302325581395349
trap,next_1_4,heldout_worker,physical+token_history,aligned,w02_s004,2,3,87,0.7701149425287356
trap,next_1_4,heldout_worker,physical+token_history,aligned,w03_s005,3,1,15,0.7333333333333333
trap,next_1_4,heldout_worker,physical_action+token_history,shift_1,w00_s000,0,1,55,1.0
trap,next_1_4,heldout_worker,physical_action+token_history,shift_1,w00_s001,0,3,62,0.9838709677419355
trap,next_1_4,heldout_worker,physical_action+token_history,shift_1,w00_s002,0,2,80,0.925
trap,next_1_4,heldout_worker,physical_action+token_history,shift_1,w00_s003,0,3,81,0.9506172839506173
trap,next_1_4,heldout_worker,physical_action+token_history,shift_1,w00_s004,0,1,63,1.0
trap,next_1_4,heldout_worker,physical_action+token_history,shift_1,w00_s005,0,3,69,0.8985507246376812
trap,next_1_4,heldout_worker,physical_action+token_history,shift_1,w01_s000,1,3,69,0.8115942028985508
trap,next_1_4,heldout_worker,physical_action+token_history,shift_1,w01_s001,1,3,62,0.967741935483871
trap,next_1_4,heldout_worker,physical_action+token_history,shift_1,w01_s002,1,2,61,0.9672131147540983
trap,next_1_4,heldout_worker,physical_action+token_history,shift_1,w01_s003,1,3,62,0.8387096774193549
trap,next_1_4,heldout_worker,physical_action+token_history,shift_1,w01_s004,1,3,77,0.7662337662337663
trap,next_1_4,heldout_worker,physical_action+token_history,shift_1,w02_s000,2,3,71,0.5774647887323944
trap,next_1_4,heldout_worker,physical_action+token_history,shift_1,w02_s001,2,2,59,0.864406779661017
trap,next_1_4,heldout_worker,physical_action+token_history,shift_1,w02_s002,2,3,87,0.7126436781609196
trap,next_1_4,heldout_worker,physical_action+token_history,shift_1,w02_s003,2,3,86,0.6976744186046512
trap,next_1_4,heldout_worker,physical_action+token_history,shift_1,w02_s004,2,3,87,0.6206896551724138
trap,next_1_4,heldout_worker,physical_action+token_history,shift_1,w03_s005,3,1,15,0.8666666666666667
trap,next_1_4,heldout_worker,physical+token_history,shift_1,w00_s000,0,1,55,1.0
trap,next_1_4,heldout_worker,physical+token_history,shift_1,w00_s001,0,3,62,0.9193548387096774
trap,next_1_4,heldout_worker,physical+token_history,shift_1,w00_s002,0,2,80,0.825
trap,next_1_4,heldout_worker,physical+token_history,shift_1,w00_s003,0,3,81,0.8148148148148148
trap,next_1_4,heldout_worker,physical+token_history,shift_1,w00_s004,0,1,63,0.8412698412698412
trap,next_1_4,heldout_worker,physical+token_history,shift_1,w00_s005,0,3,69,0.7681159420289855
trap,next_1_4,heldout_worker,physical+token_history,shift_1,w01_s000,1,3,69,0.6376811594202898
trap,next_1_4,heldout_worker,physical+token_history,shift_1,w01_s001,1,3,62,0.8548387096774194
trap,next_1_4,heldout_worker,physical+token_history,shift_1,w01_s002,1,2,61,0.8360655737704918
trap,next_1_4,heldout_worker,physical+token_history,shift_1,w01_s003,1,3,62,0.9193548387096774
trap,next_1_4,heldout_worker,physical+token_history,shift_1,w01_s004,1,3,77,0.5844155844155844
trap,next_1_4,heldout_worker,physical+token_history,shift_1,w02_s000,2,3,71,0.5633802816901409
trap,next_1_4,heldout_worker,physical+token_history,shift_1,w02_s001,2,2,59,0.9491525423728814
trap,next_1_4,heldout_worker,physical+token_history,shift_1,w02_s002,2,3,87,0.6896551724137931
trap,next_1_4,heldout_worker,physical+token_history,shift_1,w02_s003,2,3,86,0.7906976744186046
trap,next_1_4,heldout_worker,physical+token_history,shift_1,w02_s004,2,3,87,0.7241379310344828
trap,next_1_4,heldout_worker,physical+token_history,shift_1,w03_s005,3,1,15,0.8
trap,next_1_4,heldout_worker,physical_action+token_history,shift_2,w00_s000,0,1,55,0.9818181818181818
trap,next_1_4,heldout_worker,physical_action+token_history,shift_2,w00_s001,0,3,62,0.9838709677419355
trap,next_1_4,heldout_worker,physical_action+token_history,shift_2,w00_s002,0,2,80,0.85
trap,next_1_4,heldout_worker,physical_action+token_history,shift_2,w00_s003,0,3,81,0.9506172839506173
trap,next_1_4,heldout_worker,physical_action+token_history,shift_2,w00_s004,0,1,63,1.0
trap,next_1_4,heldout_worker,physical_action+token_history,shift_2,w00_s005,0,3,69,0.8840579710144928
trap,next_1_4,heldout_worker,physical_action+token_history,shift_2,w01_s000,1,3,69,0.8695652173913043
trap,next_1_4,heldout_worker,physical_action+token_history,shift_2,w01_s001,1,3,62,0.9193548387096774
trap,next_1_4,heldout_worker,physical_action+token_history,shift_2,w01_s002,1,2,61,0.9836065573770493
trap,next_1_4,heldout_worker,physical_action+token_history,shift_2,w01_s003,1,3,62,0.8387096774193549
trap,next_1_4,heldout_worker,physical_action+token_history,shift_2,w01_s004,1,3,77,0.8701298701298701
trap,next_1_4,heldout_worker,physical_action+token_history,shift_2,w02_s000,2,3,71,0.5774647887323944
trap,next_1_4,heldout_worker,physical_action+token_history,shift_2,w02_s001,2,2,59,0.9322033898305084
trap,next_1_4,heldout_worker,physical_action+token_history,shift_2,w02_s002,2,3,87,0.6551724137931034
trap,next_1_4,heldout_worker,physical_action+token_history,shift_2,w02_s003,2,3,86,0.7325581395348837
trap,next_1_4,heldout_worker,physical_action+token_history,shift_2,w02_s004,2,3,87,0.5057471264367817
trap,next_1_4,heldout_worker,physical_action+token_history,shift_2,w03_s005,3,1,15,0.6
trap,next_1_4,heldout_worker,physical+token_history,shift_2,w00_s000,0,1,55,1.0
trap,next_1_4,heldout_worker,physical+token_history,shift_2,w00_s001,0,3,62,0.967741935483871
trap,next_1_4,heldout_worker,physical+token_history,shift_2,w00_s002,0,2,80,0.8375
trap,next_1_4,heldout_worker,physical+token_history,shift_2,w00_s003,0,3,81,0.7777777777777778
trap,next_1_4,heldout_worker,physical+token_history,shift_2,w00_s004,0,1,63,0.7301587301587301
trap,next_1_4,heldout_worker,physical+token_history,shift_2,w00_s005,0,3,69,0.8260869565217391
trap,next_1_4,heldout_worker,physical+token_history,shift_2,w01_s000,1,3,69,0.5652173913043478
trap,next_1_4,heldout_worker,physical+token_history,shift_2,w01_s001,1,3,62,0.6774193548387096
trap,next_1_4,heldout_worker,physical+token_history,shift_2,w01_s002,1,2,61,0.9836065573770493
trap,next_1_4,heldout_worker,physical+token_history,shift_2,w01_s003,1,3,62,0.7903225806451613
trap,next_1_4,heldout_worker,physical+token_history,shift_2,w01_s004,1,3,77,0.8701298701298701
trap,next_1_4,heldout_worker,physical+token_history,shift_2,w02_s000,2,3,71,0.7464788732394366
trap,next_1_4,heldout_worker,physical+token_history,shift_2,w02_s001,2,2,59,0.9830508474576272
trap,next_1_4,heldout_worker,physical+token_history,shift_2,w02_s002,2,3,87,0.6206896551724138
trap,next_1_4,heldout_worker,physical+token_history,shift_2,w02_s003,2,3,86,0.7790697674418605
trap,next_1_4,heldout_worker,physical+token_history,shift_2,w02_s004,2,3,87,0.5057471264367817
trap,next_1_4,heldout_worker,physical+token_history,shift_2,w03_s005,3,1,15,0.8666666666666667
trap,next_1_4,heldout_worker,physical_action+token_history,shift_3,w00_s000,0,1,55,1.0
trap,next_1_4,heldout_worker,physical_action+token_history,shift_3,w00_s001,0,3,62,0.9032258064516129
trap,next_1_4,heldout_worker,physical_action+token_history,shift_3,w00_s002,0,2,80,0.9
trap,next_1_4,heldout_worker,physical_action+token_history,shift_3,w00_s003,0,3,81,0.9012345679012346
trap,next_1_4,heldout_worker,physical_action+token_history,shift_3,w00_s004,0,1,63,1.0
trap,next_1_4,heldout_worker,physical_action+token_history,shift_3,w00_s005,0,3,69,0.8115942028985508
trap,next_1_4,heldout_worker,physical_action+token_history,shift_3,w01_s000,1,3,69,0.9565217391304348
trap,next_1_4,heldout_worker,physical_action+token_history,shift_3,w01_s001,1,3,62,0.9193548387096774
trap,next_1_4,heldout_worker,physical_action+token_history,shift_3,w01_s002,1,2,61,0.9016393442622952
trap,next_1_4,heldout_worker,physical_action+token_history,shift_3,w01_s003,1,3,62,0.8870967741935484
trap,next_1_4,heldout_worker,physical_action+token_history,shift_3,w01_s004,1,3,77,0.6493506493506493
trap,next_1_4,heldout_worker,physical_action+token_history,shift_3,w02_s000,2,3,71,0.647887323943662
trap,next_1_4,heldout_worker,physical_action+token_history,shift_3,w02_s001,2,2,59,0.8813559322033898
trap,next_1_4,heldout_worker,physical_action+token_history,shift_3,w02_s002,2,3,87,0.735632183908046
trap,next_1_4,heldout_worker,physical_action+token_history,shift_3,w02_s003,2,3,86,0.7093023255813954
trap,next_1_4,heldout_worker,physical_action+token_history,shift_3,w02_s004,2,3,87,0.5632183908045977
trap,next_1_4,heldout_worker,physical_action+token_history,shift_3,w03_s005,3,1,15,0.6666666666666667
trap,next_1_4,heldout_worker,physical+token_history,shift_3,w00_s000,0,1,55,1.0
trap,next_1_4,heldout_worker,physical+token_history,shift_3,w00_s001,0,3,62,0.9354838709677419
trap,next_1_4,heldout_worker,physical+token_history,shift_3,w00_s002,0,2,80,0.9
trap,next_1_4,heldout_worker,physical+token_history,shift_3,w00_s003,0,3,81,0.7777777777777778
trap,next_1_4,heldout_worker,physical+token_history,shift_3,w00_s004,0,1,63,1.0
trap,next_1_4,heldout_worker,physical+token_history,shift_3,w00_s005,0,3,69,0.7391304347826086
trap,next_1_4,heldout_worker,physical+token_history,shift_3,w01_s000,1,3,69,0.782608695652174
trap,next_1_4,heldout_worker,physical+token_history,shift_3,w01_s001,1,3,62,0.8064516129032258
trap,next_1_4,heldout_worker,physical+token_history,shift_3,w01_s002,1,2,61,0.8524590163934426
trap,next_1_4,heldout_worker,physical+token_history,shift_3,w01_s003,1,3,62,0.8064516129032258
trap,next_1_4,heldout_worker,physical+token_history,shift_3,w01_s004,1,3,77,0.6883116883116882
trap,next_1_4,heldout_worker,physical+token_history,shift_3,w02_s000,2,3,71,0.6619718309859155
trap,next_1_4,heldout_worker,physical+token_history,shift_3,w02_s001,2,2,59,0.9661016949152542
trap,next_1_4,heldout_worker,physical+token_history,shift_3,w02_s002,2,3,87,0.7816091954022989
trap,next_1_4,heldout_worker,physical+token_history,shift_3,w02_s003,2,3,86,0.7209302325581395
trap,next_1_4,heldout_worker,physical+token_history,shift_3,w02_s004,2,3,87,0.5287356321839081
trap,next_1_4,heldout_worker,physical+token_history,shift_3,w03_s005,3,1,15,1.0
trap,next_5_8,heldout_snapshot,rate_only,aligned,w00_s000,0,1,55,0.5
trap,next_5_8,heldout_snapshot,rate_only,aligned,w00_s005,0,4,78,0.5
trap,next_5_8,heldout_snapshot,rate_only,aligned,w01_s003,1,2,47,0.5
trap,next_5_8,heldout_snapshot,rate_only,aligned,w02_s001,2,3,87,0.5
trap,next_5_8,heldout_snapshot,rate_only,aligned,w03_s004,3,1,15,0.5
trap,next_5_8,heldout_snapshot,rate_only,aligned,w00_s001,0,3,62,0.5
trap,next_5_8,heldout_snapshot,rate_only,aligned,w01_s004,1,2,62,0.5
trap,next_5_8,heldout_snapshot,rate_only,aligned,w02_s002,2,3,84,0.5
trap,next_5_8,heldout_snapshot,rate_only,aligned,w03_s005,3,1,15,0.5
trap,next_5_8,heldout_snapshot,rate_only,aligned,w00_s002,0,2,80,0.5
trap,next_5_8,heldout_snapshot,rate_only,aligned,w01_s000,1,3,69,0.5
trap,next_5_8,heldout_snapshot,rate_only,aligned,w02_s003,2,3,86,0.5
trap,next_5_8,heldout_snapshot,rate_only,aligned,w00_s003,0,4,85,0.5
trap,next_5_8,heldout_snapshot,rate_only,aligned,w01_s001,1,3,62,0.5
trap,next_5_8,heldout_snapshot,rate_only,aligned,w02_s004,2,4,95,0.5
trap,next_5_8,heldout_snapshot,rate_only,aligned,w00_s004,0,2,71,0.5
trap,next_5_8,heldout_snapshot,rate_only,aligned,w01_s002,1,2,61,0.5
trap,next_5_8,heldout_snapshot,rate_only,aligned,w02_s000,2,4,80,0.5
trap,next_5_8,heldout_snapshot,physical_action,aligned,w00_s000,0,1,55,1.0
trap,next_5_8,heldout_snapshot,physical_action,aligned,w00_s005,0,4,78,0.9615384615384616
trap,next_5_8,heldout_snapshot,physical_action,aligned,w01_s003,1,2,47,1.0
trap,next_5_8,heldout_snapshot,physical_action,aligned,w02_s001,2,3,87,0.7816091954022989
trap,next_5_8,heldout_snapshot,physical_action,aligned,w03_s004,3,1,15,0.7333333333333333
trap,next_5_8,heldout_snapshot,physical_action,aligned,w00_s001,0,3,62,1.0
trap,next_5_8,heldout_snapshot,physical_action,aligned,w01_s004,1,2,62,0.9516129032258066
trap,next_5_8,heldout_snapshot,physical_action,aligned,w02_s002,2,3,84,0.8928571428571429
trap,next_5_8,heldout_snapshot,physical_action,aligned,w03_s005,3,1,15,1.0
trap,next_5_8,heldout_snapshot,physical_action,aligned,w00_s002,0,2,80,0.9
trap,next_5_8,heldout_snapshot,physical_action,aligned,w01_s000,1,3,69,0.7536231884057971
trap,next_5_8,heldout_snapshot,physical_action,aligned,w02_s003,2,3,86,0.872093023255814
trap,next_5_8,heldout_snapshot,physical_action,aligned,w00_s003,0,4,85,0.8941176470588236
trap,next_5_8,heldout_snapshot,physical_action,aligned,w01_s001,1,3,62,0.9193548387096774
trap,next_5_8,heldout_snapshot,physical_action,aligned,w02_s004,2,4,95,0.8315789473684211
trap,next_5_8,heldout_snapshot,physical_action,aligned,w00_s004,0,2,71,0.9577464788732394
trap,next_5_8,heldout_snapshot,physical_action,aligned,w01_s002,1,2,61,0.9672131147540983
trap,next_5_8,heldout_snapshot,physical_action,aligned,w02_s000,2,4,80,0.75
trap,next_5_8,heldout_snapshot,physical,aligned,w00_s000,0,1,55,0.9090909090909091
trap,next_5_8,heldout_snapshot,physical,aligned,w00_s005,0,4,78,0.8333333333333334
trap,next_5_8,heldout_snapshot,physical,aligned,w01_s003,1,2,47,0.9787234042553191
trap,next_5_8,heldout_snapshot,physical,aligned,w02_s001,2,3,87,0.5977011494252874
trap,next_5_8,heldout_snapshot,physical,aligned,w03_s004,3,1,15,0.6666666666666667
trap,next_5_8,heldout_snapshot,physical,aligned,w00_s001,0,3,62,0.8709677419354839
trap,next_5_8,heldout_snapshot,physical,aligned,w01_s004,1,2,62,0.9838709677419355
trap,next_5_8,heldout_snapshot,physical,aligned,w02_s002,2,3,84,0.6785714285714286
trap,next_5_8,heldout_snapshot,physical,aligned,w03_s005,3,1,15,0.8
trap,next_5_8,heldout_snapshot,physical,aligned,w00_s002,0,2,80,0.9125
trap,next_5_8,heldout_snapshot,physical,aligned,w01_s000,1,3,69,0.6666666666666666
trap,next_5_8,heldout_snapshot,physical,aligned,w02_s003,2,3,86,0.686046511627907
trap,next_5_8,heldout_snapshot,physical,aligned,w00_s003,0,4,85,0.9294117647058824
trap,next_5_8,heldout_snapshot,physical,aligned,w01_s001,1,3,62,0.9193548387096774
trap,next_5_8,heldout_snapshot,physical,aligned,w02_s004,2,4,95,0.4842105263157895
trap,next_5_8,heldout_snapshot,physical,aligned,w00_s004,0,2,71,0.9577464788732394
trap,next_5_8,heldout_snapshot,physical,aligned,w01_s002,1,2,61,0.9836065573770493
trap,next_5_8,heldout_snapshot,physical,aligned,w02_s000,2,4,80,0.6375
trap,next_5_8,heldout_snapshot,moe_aggregate_current,aligned,w00_s000,0,1,55,0.38181818181818183
trap,next_5_8,heldout_snapshot,moe_aggregate_current,aligned,w00_s005,0,4,78,0.41025641025641024
trap,next_5_8,heldout_snapshot,moe_aggregate_current,aligned,w01_s003,1,2,47,0.6595744680851063
trap,next_5_8,heldout_snapshot,moe_aggregate_current,aligned,w02_s001,2,3,87,0.6781609195402298
trap,next_5_8,heldout_snapshot,moe_aggregate_current,aligned,w03_s004,3,1,15,0.19999999999999993
trap,next_5_8,heldout_snapshot,moe_aggregate_current,aligned,w00_s001,0,3,62,0.5483870967741935
trap,next_5_8,heldout_snapshot,moe_aggregate_current,aligned,w01_s004,1,2,62,0.5483870967741935
trap,next_5_8,heldout_snapshot,moe_aggregate_current,aligned,w02_s002,2,3,84,0.5714285714285714
trap,next_5_8,heldout_snapshot,moe_aggregate_current,aligned,w03_s005,3,1,15,0.1333333333333333
trap,next_5_8,heldout_snapshot,moe_aggregate_current,aligned,w00_s002,0,2,80,0.5875
trap,next_5_8,heldout_snapshot,moe_aggregate_current,aligned,w01_s000,1,3,69,0.6231884057971014
trap,next_5_8,heldout_snapshot,moe_aggregate_current,aligned,w02_s003,2,3,86,0.6744186046511628
trap,next_5_8,heldout_snapshot,moe_aggregate_current,aligned,w00_s003,0,4,85,0.6235294117647059
trap,next_5_8,heldout_snapshot,moe_aggregate_current,aligned,w01_s001,1,3,62,0.435483870967742
trap,next_5_8,heldout_snapshot,moe_aggregate_current,aligned,w02_s004,2,4,95,0.5368421052631579
trap,next_5_8,heldout_snapshot,moe_aggregate_current,aligned,w00_s004,0,2,71,0.7605633802816901
trap,next_5_8,heldout_snapshot,moe_aggregate_current,aligned,w01_s002,1,2,61,0.6229508196721312
trap,next_5_8,heldout_snapshot,moe_aggregate_current,aligned,w02_s000,2,4,80,0.3625
trap,next_5_8,heldout_snapshot,physical_action+aggregate_current,aligned,w00_s000,0,1,55,1.0
trap,next_5_8,heldout_snapshot,physical_action+aggregate_current,aligned,w00_s005,0,4,78,0.9615384615384616
trap,next_5_8,heldout_snapshot,physical_action+aggregate_current,aligned,w01_s003,1,2,47,0.9787234042553191
trap,next_5_8,heldout_snapshot,physical_action+aggregate_current,aligned,w02_s001,2,3,87,0.8850574712643678
trap,next_5_8,heldout_snapshot,physical_action+aggregate_current,aligned,w03_s004,3,1,15,0.7333333333333333
trap,next_5_8,heldout_snapshot,physical_action+aggregate_current,aligned,w00_s001,0,3,62,1.0
trap,next_5_8,heldout_snapshot,physical_action+aggregate_current,aligned,w01_s004,1,2,62,0.9516129032258066
trap,next_5_8,heldout_snapshot,physical_action+aggregate_current,aligned,w02_s002,2,3,84,0.9166666666666666
trap,next_5_8,heldout_snapshot,physical_action+aggregate_current,aligned,w03_s005,3,1,15,0.9333333333333333
trap,next_5_8,heldout_snapshot,physical_action+aggregate_current,aligned,w00_s002,0,2,80,0.8875
trap,next_5_8,heldout_snapshot,physical_action+aggregate_current,aligned,w01_s000,1,3,69,0.8260869565217391
trap,next_5_8,heldout_snapshot,physical_action+aggregate_current,aligned,w02_s003,2,3,86,0.8604651162790697
trap,next_5_8,heldout_snapshot,physical_action+aggregate_current,aligned,w00_s003,0,4,85,0.8941176470588236
trap,next_5_8,heldout_snapshot,physical_action+aggregate_current,aligned,w01_s001,1,3,62,0.8709677419354839
trap,next_5_8,heldout_snapshot,physical_action+aggregate_current,aligned,w02_s004,2,4,95,0.8947368421052632
trap,next_5_8,heldout_snapshot,physical_action+aggregate_current,aligned,w00_s004,0,2,71,0.9295774647887324
trap,next_5_8,heldout_snapshot,physical_action+aggregate_current,aligned,w01_s002,1,2,61,0.918032786885246
trap,next_5_8,heldout_snapshot,physical_action+aggregate_current,aligned,w02_s000,2,4,80,0.5375
trap,next_5_8,heldout_snapshot,physical+aggregate_current,aligned,w00_s000,0,1,55,0.8727272727272729
trap,next_5_8,heldout_snapshot,physical+aggregate_current,aligned,w00_s005,0,4,78,0.8333333333333334
trap,next_5_8,heldout_snapshot,physical+aggregate_current,aligned,w01_s003,1,2,47,0.7872340425531915
trap,next_5_8,heldout_snapshot,physical+aggregate_current,aligned,w02_s001,2,3,87,0.7241379310344828
trap,next_5_8,heldout_snapshot,physical+aggregate_current,aligned,w03_s004,3,1,15,0.6666666666666667
trap,next_5_8,heldout_snapshot,physical+aggregate_current,aligned,w00_s001,0,3,62,0.8709677419354839
trap,next_5_8,heldout_snapshot,physical+aggregate_current,aligned,w01_s004,1,2,62,0.967741935483871
trap,next_5_8,heldout_snapshot,physical+aggregate_current,aligned,w02_s002,2,3,84,0.6904761904761905
trap,next_5_8,heldout_snapshot,physical+aggregate_current,aligned,w03_s005,3,1,15,0.5333333333333333
trap,next_5_8,heldout_snapshot,physical+aggregate_current,aligned,w00_s002,0,2,80,0.8625
trap,next_5_8,heldout_snapshot,physical+aggregate_current,aligned,w01_s000,1,3,69,0.8260869565217391
trap,next_5_8,heldout_snapshot,physical+aggregate_current,aligned,w02_s003,2,3,86,0.7441860465116279
trap,next_5_8,heldout_snapshot,physical+aggregate_current,aligned,w00_s003,0,4,85,0.8117647058823529
trap,next_5_8,heldout_snapshot,physical+aggregate_current,aligned,w01_s001,1,3,62,0.6935483870967742
trap,next_5_8,heldout_snapshot,physical+aggregate_current,aligned,w02_s004,2,4,95,0.6631578947368421
trap,next_5_8,heldout_snapshot,physical+aggregate_current,aligned,w00_s004,0,2,71,0.9436619718309859
trap,next_5_8,heldout_snapshot,physical+aggregate_current,aligned,w01_s002,1,2,61,0.8032786885245902
trap,next_5_8,heldout_snapshot,physical+aggregate_current,aligned,w02_s000,2,4,80,0.5125
trap,next_5_8,heldout_snapshot,physical_action+aggregate_current,shift_1,w00_s000,0,1,55,0.9818181818181818
trap,next_5_8,heldout_snapshot,physical_action+aggregate_current,shift_1,w00_s005,0,4,78,0.9358974358974359
trap,next_5_8,heldout_snapshot,physical_action+aggregate_current,shift_1,w01_s003,1,2,47,0.9574468085106383
trap,next_5_8,heldout_snapshot,physical_action+aggregate_current,shift_1,w02_s001,2,3,87,0.7931034482758621
trap,next_5_8,heldout_snapshot,physical_action+aggregate_current,shift_1,w03_s004,3,1,15,0.7333333333333333
trap,next_5_8,heldout_snapshot,physical_action+aggregate_current,shift_1,w00_s001,0,3,62,1.0
trap,next_5_8,heldout_snapshot,physical_action+aggregate_current,shift_1,w01_s004,1,2,62,0.8870967741935484
trap,next_5_8,heldout_snapshot,physical_action+aggregate_current,shift_1,w02_s002,2,3,84,0.8690476190476191
trap,next_5_8,heldout_snapshot,physical_action+aggregate_current,shift_1,w03_s005,3,1,15,0.9333333333333333
trap,next_5_8,heldout_snapshot,physical_action+aggregate_current,shift_1,w00_s002,0,2,80,0.9375
trap,next_5_8,heldout_snapshot,physical_action+aggregate_current,shift_1,w01_s000,1,3,69,0.782608695652174
trap,next_5_8,heldout_snapshot,physical_action+aggregate_current,shift_1,w02_s003,2,3,86,0.8837209302325582
trap,next_5_8,heldout_snapshot,physical_action+aggregate_current,shift_1,w00_s003,0,4,85,0.8823529411764706
trap,next_5_8,heldout_snapshot,physical_action+aggregate_current,shift_1,w01_s001,1,3,62,0.9354838709677419
trap,next_5_8,heldout_snapshot,physical_action+aggregate_current,shift_1,w02_s004,2,4,95,0.7894736842105263
trap,next_5_8,heldout_snapshot,physical_action+aggregate_current,shift_1,w00_s004,0,2,71,0.9436619718309859
trap,next_5_8,heldout_snapshot,physical_action+aggregate_current,shift_1,w01_s002,1,2,61,0.9344262295081969
trap,next_5_8,heldout_snapshot,physical_action+aggregate_current,shift_1,w02_s000,2,4,80,0.7
trap,next_5_8,heldout_snapshot,physical+aggregate_current,shift_1,w00_s000,0,1,55,0.8909090909090909
trap,next_5_8,heldout_snapshot,physical+aggregate_current,shift_1,w00_s005,0,4,78,0.8076923076923077
trap,next_5_8,heldout_snapshot,physical+aggregate_current,shift_1,w01_s003,1,2,47,0.8723404255319149
trap,next_5_8,heldout_snapshot,physical+aggregate_current,shift_1,w02_s001,2,3,87,0.735632183908046
trap,next_5_8,heldout_snapshot,physical+aggregate_current,shift_1,w03_s004,3,1,15,0.6666666666666667
trap,next_5_8,heldout_snapshot,physical+aggregate_current,shift_1,w00_s001,0,3,62,0.8225806451612904
trap,next_5_8,heldout_snapshot,physical+aggregate_current,shift_1,w01_s004,1,2,62,0.6129032258064516
trap,next_5_8,heldout_snapshot,physical+aggregate_current,shift_1,w02_s002,2,3,84,0.6547619047619048
trap,next_5_8,heldout_snapshot,physical+aggregate_current,shift_1,w03_s005,3,1,15,0.9333333333333333
trap,next_5_8,heldout_snapshot,physical+aggregate_current,shift_1,w00_s002,0,2,80,0.95
trap,next_5_8,heldout_snapshot,physical+aggregate_current,shift_1,w01_s000,1,3,69,0.6086956521739131
trap,next_5_8,heldout_snapshot,physical+aggregate_current,shift_1,w02_s003,2,3,86,0.7674418604651163
trap,next_5_8,heldout_snapshot,physical+aggregate_current,shift_1,w00_s003,0,4,85,0.8470588235294118
trap,next_5_8,heldout_snapshot,physical+aggregate_current,shift_1,w01_s001,1,3,62,0.8387096774193549
trap,next_5_8,heldout_snapshot,physical+aggregate_current,shift_1,w02_s004,2,4,95,0.4421052631578947
trap,next_5_8,heldout_snapshot,physical+aggregate_current,shift_1,w00_s004,0,2,71,0.971830985915493
trap,next_5_8,heldout_snapshot,physical+aggregate_current,shift_1,w01_s002,1,2,61,0.7868852459016392
trap,next_5_8,heldout_snapshot,physical+aggregate_current,shift_1,w02_s000,2,4,80,0.7
trap,next_5_8,heldout_snapshot,physical_action+aggregate_current,shift_2,w00_s000,0,1,55,1.0
trap,next_5_8,heldout_snapshot,physical_action+aggregate_current,shift_2,w00_s005,0,4,78,0.9487179487179487
trap,next_5_8,heldout_snapshot,physical_action+aggregate_current,shift_2,w01_s003,1,2,47,1.0
trap,next_5_8,heldout_snapshot,physical_action+aggregate_current,shift_2,w02_s001,2,3,87,0.7931034482758621
trap,next_5_8,heldout_snapshot,physical_action+aggregate_current,shift_2,w03_s004,3,1,15,0.7333333333333333
trap,next_5_8,heldout_snapshot,physical_action+aggregate_current,shift_2,w00_s001,0,3,62,1.0
trap,next_5_8,heldout_snapshot,physical_action+aggregate_current,shift_2,w01_s004,1,2,62,0.9032258064516129
trap,next_5_8,heldout_snapshot,physical_action+aggregate_current,shift_2,w02_s002,2,3,84,0.8452380952380952
trap,next_5_8,heldout_snapshot,physical_action+aggregate_current,shift_2,w03_s005,3,1,15,1.0
trap,next_5_8,heldout_snapshot,physical_action+aggregate_current,shift_2,w00_s002,0,2,80,0.85
trap,next_5_8,heldout_snapshot,physical_action+aggregate_current,shift_2,w01_s000,1,3,69,0.8695652173913043
trap,next_5_8,heldout_snapshot,physical_action+aggregate_current,shift_2,w02_s003,2,3,86,0.8372093023255814
trap,next_5_8,heldout_snapshot,physical_action+aggregate_current,shift_2,w00_s003,0,4,85,0.8941176470588236
trap,next_5_8,heldout_snapshot,physical_action+aggregate_current,shift_2,w01_s001,1,3,62,0.9516129032258065
trap,next_5_8,heldout_snapshot,physical_action+aggregate_current,shift_2,w02_s004,2,4,95,0.8421052631578947
trap,next_5_8,heldout_snapshot,physical_action+aggregate_current,shift_2,w00_s004,0,2,71,0.9577464788732394
trap,next_5_8,heldout_snapshot,physical_action+aggregate_current,shift_2,w01_s002,1,2,61,1.0
trap,next_5_8,heldout_snapshot,physical_action+aggregate_current,shift_2,w02_s000,2,4,80,0.7125
trap,next_5_8,heldout_snapshot,physical+aggregate_current,shift_2,w00_s000,0,1,55,0.9454545454545454
trap,next_5_8,heldout_snapshot,physical+aggregate_current,shift_2,w00_s005,0,4,78,0.7051282051282052
trap,next_5_8,heldout_snapshot,physical+aggregate_current,shift_2,w01_s003,1,2,47,0.851063829787234
trap,next_5_8,heldout_snapshot,physical+aggregate_current,shift_2,w02_s001,2,3,87,0.7586206896551724
trap,next_5_8,heldout_snapshot,physical+aggregate_current,shift_2,w03_s004,3,1,15,0.6666666666666667
trap,next_5_8,heldout_snapshot,physical+aggregate_current,shift_2,w00_s001,0,3,62,0.8548387096774194
trap,next_5_8,heldout_snapshot,physical+aggregate_current,shift_2,w01_s004,1,2,62,0.7096774193548387
trap,next_5_8,heldout_snapshot,physical+aggregate_current,shift_2,w02_s002,2,3,84,0.6785714285714286
trap,next_5_8,heldout_snapshot,physical+aggregate_current,shift_2,w03_s005,3,1,15,0.8
trap,next_5_8,heldout_snapshot,physical+aggregate_current,shift_2,w00_s002,0,2,80,0.8875
trap,next_5_8,heldout_snapshot,physical+aggregate_current,shift_2,w01_s000,1,3,69,0.7681159420289855
trap,next_5_8,heldout_snapshot,physical+aggregate_current,shift_2,w02_s003,2,3,86,0.7209302325581395
trap,next_5_8,heldout_snapshot,physical+aggregate_current,shift_2,w00_s003,0,4,85,0.8823529411764706
trap,next_5_8,heldout_snapshot,physical+aggregate_current,shift_2,w01_s001,1,3,62,0.9193548387096774
trap,next_5_8,heldout_snapshot,physical+aggregate_current,shift_2,w02_s004,2,4,95,0.7368421052631579
trap,next_5_8,heldout_snapshot,physical+aggregate_current,shift_2,w00_s004,0,2,71,0.8873239436619719
trap,next_5_8,heldout_snapshot,physical+aggregate_current,shift_2,w01_s002,1,2,61,0.9016393442622951
trap,next_5_8,heldout_snapshot,physical+aggregate_current,shift_2,w02_s000,2,4,80,0.7625
trap,next_5_8,heldout_snapshot,physical_action+aggregate_current,shift_3,w00_s000,0,1,55,1.0
trap,next_5_8,heldout_snapshot,physical_action+aggregate_current,shift_3,w00_s005,0,4,78,0.9615384615384616
trap,next_5_8,heldout_snapshot,physical_action+aggregate_current,shift_3,w01_s003,1,2,47,1.0
trap,next_5_8,heldout_snapshot,physical_action+aggregate_current,shift_3,w02_s001,2,3,87,0.7816091954022989
trap,next_5_8,heldout_snapshot,physical_action+aggregate_current,shift_3,w03_s004,3,1,15,0.8
trap,next_5_8,heldout_snapshot,physical_action+aggregate_current,shift_3,w00_s001,0,3,62,1.0
trap,next_5_8,heldout_snapshot,physical_action+aggregate_current,shift_3,w01_s004,1,2,62,0.9838709677419355
trap,next_5_8,heldout_snapshot,physical_action+aggregate_current,shift_3,w02_s002,2,3,84,0.9642857142857143
trap,next_5_8,heldout_snapshot,physical_action+aggregate_current,shift_3,w03_s005,3,1,15,0.9333333333333333
trap,next_5_8,heldout_snapshot,physical_action+aggregate_current,shift_3,w00_s002,0,2,80,0.8875
trap,next_5_8,heldout_snapshot,physical_action+aggregate_current,shift_3,w01_s000,1,3,69,0.9130434782608695
trap,next_5_8,heldout_snapshot,physical_action+aggregate_current,shift_3,w02_s003,2,3,86,0.8255813953488372
trap,next_5_8,heldout_snapshot,physical_action+aggregate_current,shift_3,w00_s003,0,4,85,0.8588235294117647
trap,next_5_8,heldout_snapshot,physical_action+aggregate_current,shift_3,w01_s001,1,3,62,0.9032258064516129
trap,next_5_8,heldout_snapshot,physical_action+aggregate_current,shift_3,w02_s004,2,4,95,0.8210526315789474
trap,next_5_8,heldout_snapshot,physical_action+aggregate_current,shift_3,w00_s004,0,2,71,0.9154929577464789
trap,next_5_8,heldout_snapshot,physical_action+aggregate_current,shift_3,w01_s002,1,2,61,1.0
trap,next_5_8,heldout_snapshot,physical_action+aggregate_current,shift_3,w02_s000,2,4,80,0.775
trap,next_5_8,heldout_snapshot,physical+aggregate_current,shift_3,w00_s000,0,1,55,0.9818181818181818
trap,next_5_8,heldout_snapshot,physical+aggregate_current,shift_3,w00_s005,0,4,78,0.8589743589743589
trap,next_5_8,heldout_snapshot,physical+aggregate_current,shift_3,w01_s003,1,2,47,0.723404255319149
trap,next_5_8,heldout_snapshot,physical+aggregate_current,shift_3,w02_s001,2,3,87,0.6781609195402298
trap,next_5_8,heldout_snapshot,physical+aggregate_current,shift_3,w03_s004,3,1,15,0.6
trap,next_5_8,heldout_snapshot,physical+aggregate_current,shift_3,w00_s001,0,3,62,0.9032258064516129
trap,next_5_8,heldout_snapshot,physical+aggregate_current,shift_3,w01_s004,1,2,62,0.6774193548387096
trap,next_5_8,heldout_snapshot,physical+aggregate_current,shift_3,w02_s002,2,3,84,0.6904761904761905
trap,next_5_8,heldout_snapshot,physical+aggregate_current,shift_3,w03_s005,3,1,15,1.0
trap,next_5_8,heldout_snapshot,physical+aggregate_current,shift_3,w00_s002,0,2,80,0.85
trap,next_5_8,heldout_snapshot,physical+aggregate_current,shift_3,w01_s000,1,3,69,0.826086956521739
trap,next_5_8,heldout_snapshot,physical+aggregate_current,shift_3,w02_s003,2,3,86,0.7441860465116279
trap,next_5_8,heldout_snapshot,physical+aggregate_current,shift_3,w00_s003,0,4,85,0.8823529411764706
trap,next_5_8,heldout_snapshot,physical+aggregate_current,shift_3,w01_s001,1,3,62,0.8709677419354839
trap,next_5_8,heldout_snapshot,physical+aggregate_current,shift_3,w02_s004,2,4,95,0.5263157894736842
trap,next_5_8,heldout_snapshot,physical+aggregate_current,shift_3,w00_s004,0,2,71,0.9154929577464789
trap,next_5_8,heldout_snapshot,physical+aggregate_current,shift_3,w01_s002,1,2,61,0.9672131147540983
trap,next_5_8,heldout_snapshot,physical+aggregate_current,shift_3,w02_s000,2,4,80,0.6375
trap,next_5_8,heldout_snapshot,moe_token_current,aligned,w00_s000,0,1,55,0.7454545454545454
trap,next_5_8,heldout_snapshot,moe_token_current,aligned,w00_s005,0,4,78,0.8205128205128205
trap,next_5_8,heldout_snapshot,moe_token_current,aligned,w01_s003,1,2,47,0.8297872340425532
trap,next_5_8,heldout_snapshot,moe_token_current,aligned,w02_s001,2,3,87,0.7011494252873564
trap,next_5_8,heldout_snapshot,moe_token_current,aligned,w03_s004,3,1,15,0.06666666666666665
trap,next_5_8,heldout_snapshot,moe_token_current,aligned,w00_s001,0,3,62,0.7903225806451613
trap,next_5_8,heldout_snapshot,moe_token_current,aligned,w01_s004,1,2,62,0.6451612903225805
trap,next_5_8,heldout_snapshot,moe_token_current,aligned,w02_s002,2,3,84,0.7738095238095238
trap,next_5_8,heldout_snapshot,moe_token_current,aligned,w03_s005,3,1,15,1.0
trap,next_5_8,heldout_snapshot,moe_token_current,aligned,w00_s002,0,2,80,0.7375
trap,next_5_8,heldout_snapshot,moe_token_current,aligned,w01_s000,1,3,69,0.855072463768116
trap,next_5_8,heldout_snapshot,moe_token_current,aligned,w02_s003,2,3,86,0.4883720930232558
trap,next_5_8,heldout_snapshot,moe_token_current,aligned,w00_s003,0,4,85,0.8470588235294118
trap,next_5_8,heldout_snapshot,moe_token_current,aligned,w01_s001,1,3,62,0.7580645161290323
trap,next_5_8,heldout_snapshot,moe_token_current,aligned,w02_s004,2,4,95,0.6526315789473685
trap,next_5_8,heldout_snapshot,moe_token_current,aligned,w00_s004,0,2,71,0.7323943661971832
trap,next_5_8,heldout_snapshot,moe_token_current,aligned,w01_s002,1,2,61,0.6229508196721312
trap,next_5_8,heldout_snapshot,moe_token_current,aligned,w02_s000,2,4,80,0.625
trap,next_5_8,heldout_snapshot,physical_action+token_current,aligned,w00_s000,0,1,55,0.9818181818181818
trap,next_5_8,heldout_snapshot,physical_action+token_current,aligned,w00_s005,0,4,78,0.9743589743589743
trap,next_5_8,heldout_snapshot,physical_action+token_current,aligned,w01_s003,1,2,47,1.0
trap,next_5_8,heldout_snapshot,physical_action+token_current,aligned,w02_s001,2,3,87,0.7931034482758621
trap,next_5_8,heldout_snapshot,physical_action+token_current,aligned,w03_s004,3,1,15,0.7333333333333333
trap,next_5_8,heldout_snapshot,physical_action+token_current,aligned,w00_s001,0,3,62,1.0
trap,next_5_8,heldout_snapshot,physical_action+token_current,aligned,w01_s004,1,2,62,0.9032258064516129
trap,next_5_8,heldout_snapshot,physical_action+token_current,aligned,w02_s002,2,3,84,0.9523809523809523
trap,next_5_8,heldout_snapshot,physical_action+token_current,aligned,w03_s005,3,1,15,0.8666666666666667
trap,next_5_8,heldout_snapshot,physical_action+token_current,aligned,w00_s002,0,2,80,0.8375
trap,next_5_8,heldout_snapshot,physical_action+token_current,aligned,w01_s000,1,3,69,0.7971014492753623
trap,next_5_8,heldout_snapshot,physical_action+token_current,aligned,w02_s003,2,3,86,0.8488372093023255
trap,next_5_8,heldout_snapshot,physical_action+token_current,aligned,w00_s003,0,4,85,0.9058823529411765
trap,next_5_8,heldout_snapshot,physical_action+token_current,aligned,w01_s001,1,3,62,0.9032258064516129
trap,next_5_8,heldout_snapshot,physical_action+token_current,aligned,w02_s004,2,4,95,0.8210526315789474
trap,next_5_8,heldout_snapshot,physical_action+token_current,aligned,w00_s004,0,2,71,0.9577464788732394
trap,next_5_8,heldout_snapshot,physical_action+token_current,aligned,w01_s002,1,2,61,0.9344262295081968
trap,next_5_8,heldout_snapshot,physical_action+token_current,aligned,w02_s000,2,4,80,0.6
trap,next_5_8,heldout_snapshot,physical+token_current,aligned,w00_s000,0,1,55,0.9272727272727272
trap,next_5_8,heldout_snapshot,physical+token_current,aligned,w00_s005,0,4,78,0.8333333333333334
trap,next_5_8,heldout_snapshot,physical+token_current,aligned,w01_s003,1,2,47,0.8936170212765957
trap,next_5_8,heldout_snapshot,physical+token_current,aligned,w02_s001,2,3,87,0.8850574712643678
trap,next_5_8,heldout_snapshot,physical+token_current,aligned,w03_s004,3,1,15,0.4
trap,next_5_8,heldout_snapshot,physical+token_current,aligned,w00_s001,0,3,62,0.9516129032258065
trap,next_5_8,heldout_snapshot,physical+token_current,aligned,w01_s004,1,2,62,0.8709677419354839
trap,next_5_8,heldout_snapshot,physical+token_current,aligned,w02_s002,2,3,84,0.7976190476190477
trap,next_5_8,heldout_snapshot,physical+token_current,aligned,w03_s005,3,1,15,1.0
trap,next_5_8,heldout_snapshot,physical+token_current,aligned,w00_s002,0,2,80,0.925
trap,next_5_8,heldout_snapshot,physical+token_current,aligned,w01_s000,1,3,69,0.782608695652174
trap,next_5_8,heldout_snapshot,physical+token_current,aligned,w02_s003,2,3,86,0.7790697674418605
trap,next_5_8,heldout_snapshot,physical+token_current,aligned,w00_s003,0,4,85,0.9411764705882353
trap,next_5_8,heldout_snapshot,physical+token_current,aligned,w01_s001,1,3,62,0.8225806451612904
trap,next_5_8,heldout_snapshot,physical+token_current,aligned,w02_s004,2,4,95,0.5368421052631579
trap,next_5_8,heldout_snapshot,physical+token_current,aligned,w00_s004,0,2,71,0.8450704225352114
trap,next_5_8,heldout_snapshot,physical+token_current,aligned,w01_s002,1,2,61,0.7377049180327869
trap,next_5_8,heldout_snapshot,physical+token_current,aligned,w02_s000,2,4,80,0.65
trap,next_5_8,heldout_snapshot,physical_action+token_current,shift_1,w00_s000,0,1,55,0.9818181818181818
trap,next_5_8,heldout_snapshot,physical_action+token_current,shift_1,w00_s005,0,4,78,0.7948717948717948
trap,next_5_8,heldout_snapshot,physical_action+token_current,shift_1,w01_s003,1,2,47,1.0
trap,next_5_8,heldout_snapshot,physical_action+token_current,shift_1,w02_s001,2,3,87,0.8160919540229885
trap,next_5_8,heldout_snapshot,physical_action+token_current,shift_1,w03_s004,3,1,15,0.8
trap,next_5_8,heldout_snapshot,physical_action+token_current,shift_1,w00_s001,0,3,62,1.0
trap,next_5_8,heldout_snapshot,physical_action+token_current,shift_1,w01_s004,1,2,62,0.9516129032258065
trap,next_5_8,heldout_snapshot,physical_action+token_current,shift_1,w02_s002,2,3,84,0.9285714285714286
trap,next_5_8,heldout_snapshot,physical_action+token_current,shift_1,w03_s005,3,1,15,0.8
trap,next_5_8,heldout_snapshot,physical_action+token_current,shift_1,w00_s002,0,2,80,0.8875
trap,next_5_8,heldout_snapshot,physical_action+token_current,shift_1,w01_s000,1,3,69,0.8840579710144928
trap,next_5_8,heldout_snapshot,physical_action+token_current,shift_1,w02_s003,2,3,86,0.8372093023255814
trap,next_5_8,heldout_snapshot,physical_action+token_current,shift_1,w00_s003,0,4,85,0.9058823529411765
trap,next_5_8,heldout_snapshot,physical_action+token_current,shift_1,w01_s001,1,3,62,0.7419354838709677
trap,next_5_8,heldout_snapshot,physical_action+token_current,shift_1,w02_s004,2,4,95,0.8
trap,next_5_8,heldout_snapshot,physical_action+token_current,shift_1,w00_s004,0,2,71,0.9154929577464789
trap,next_5_8,heldout_snapshot,physical_action+token_current,shift_1,w01_s002,1,2,61,0.8852459016393442
trap,next_5_8,heldout_snapshot,physical_action+token_current,shift_1,w02_s000,2,4,80,0.7
trap,next_5_8,heldout_snapshot,physical+token_current,shift_1,w00_s000,0,1,55,0.8181818181818182
trap,next_5_8,heldout_snapshot,physical+token_current,shift_1,w00_s005,0,4,78,0.6794871794871795
trap,next_5_8,heldout_snapshot,physical+token_current,shift_1,w01_s003,1,2,47,0.7021276595744681
trap,next_5_8,heldout_snapshot,physical+token_current,shift_1,w02_s001,2,3,87,0.7931034482758621
trap,next_5_8,heldout_snapshot,physical+token_current,shift_1,w03_s004,3,1,15,0.7333333333333333
trap,next_5_8,heldout_snapshot,physical+token_current,shift_1,w00_s001,0,3,62,0.8548387096774194
trap,next_5_8,heldout_snapshot,physical+token_current,shift_1,w01_s004,1,2,62,0.5161290322580645
trap,next_5_8,heldout_snapshot,physical+token_current,shift_1,w02_s002,2,3,84,0.6190476190476191
trap,next_5_8,heldout_snapshot,physical+token_current,shift_1,w03_s005,3,1,15,0.5333333333333333
trap,next_5_8,heldout_snapshot,physical+token_current,shift_1,w00_s002,0,2,80,0.725
trap,next_5_8,heldout_snapshot,physical+token_current,shift_1,w01_s000,1,3,69,0.7101449275362319
trap,next_5_8,heldout_snapshot,physical+token_current,shift_1,w02_s003,2,3,86,0.7558139534883721
trap,next_5_8,heldout_snapshot,physical+token_current,shift_1,w00_s003,0,4,85,0.8470588235294118
trap,next_5_8,heldout_snapshot,physical+token_current,shift_1,w01_s001,1,3,62,0.7258064516129032
trap,next_5_8,heldout_snapshot,physical+token_current,shift_1,w02_s004,2,4,95,0.4631578947368421
trap,next_5_8,heldout_snapshot,physical+token_current,shift_1,w00_s004,0,2,71,0.7605633802816902
trap,next_5_8,heldout_snapshot,physical+token_current,shift_1,w01_s002,1,2,61,0.8524590163934426
trap,next_5_8,heldout_snapshot,physical+token_current,shift_1,w02_s000,2,4,80,0.6125
trap,next_5_8,heldout_snapshot,physical_action+token_current,shift_2,w00_s000,0,1,55,1.0
trap,next_5_8,heldout_snapshot,physical_action+token_current,shift_2,w00_s005,0,4,78,0.9487179487179487
trap,next_5_8,heldout_snapshot,physical_action+token_current,shift_2,w01_s003,1,2,47,0.8723404255319149
trap,next_5_8,heldout_snapshot,physical_action+token_current,shift_2,w02_s001,2,3,87,0.7471264367816092
trap,next_5_8,heldout_snapshot,physical_action+token_current,shift_2,w03_s004,3,1,15,0.7333333333333333
trap,next_5_8,heldout_snapshot,physical_action+token_current,shift_2,w00_s001,0,3,62,1.0
trap,next_5_8,heldout_snapshot,physical_action+token_current,shift_2,w01_s004,1,2,62,0.9516129032258066
trap,next_5_8,heldout_snapshot,physical_action+token_current,shift_2,w02_s002,2,3,84,0.7738095238095238
trap,next_5_8,heldout_snapshot,physical_action+token_current,shift_2,w03_s005,3,1,15,0.6
trap,next_5_8,heldout_snapshot,physical_action+token_current,shift_2,w00_s002,0,2,80,0.9375
trap,next_5_8,heldout_snapshot,physical_action+token_current,shift_2,w01_s000,1,3,69,0.8405797101449275
trap,next_5_8,heldout_snapshot,physical_action+token_current,shift_2,w02_s003,2,3,86,0.8837209302325582
trap,next_5_8,heldout_snapshot,physical_action+token_current,shift_2,w00_s003,0,4,85,0.8235294117647058
trap,next_5_8,heldout_snapshot,physical_action+token_current,shift_2,w01_s001,1,3,62,0.8709677419354839
trap,next_5_8,heldout_snapshot,physical_action+token_current,shift_2,w02_s004,2,4,95,0.7578947368421053
trap,next_5_8,heldout_snapshot,physical_action+token_current,shift_2,w00_s004,0,2,71,0.9154929577464789
trap,next_5_8,heldout_snapshot,physical_action+token_current,shift_2,w01_s002,1,2,61,0.9672131147540984
trap,next_5_8,heldout_snapshot,physical_action+token_current,shift_2,w02_s000,2,4,80,0.725
trap,next_5_8,heldout_snapshot,physical+token_current,shift_2,w00_s000,0,1,55,0.9272727272727272
trap,next_5_8,heldout_snapshot,physical+token_current,shift_2,w00_s005,0,4,78,0.7051282051282052
trap,next_5_8,heldout_snapshot,physical+token_current,shift_2,w01_s003,1,2,47,0.8085106382978723
trap,next_5_8,heldout_snapshot,physical+token_current,shift_2,w02_s001,2,3,87,0.7471264367816092
trap,next_5_8,heldout_snapshot,physical+token_current,shift_2,w03_s004,3,1,15,0.6666666666666667
trap,next_5_8,heldout_snapshot,physical+token_current,shift_2,w00_s001,0,3,62,0.8548387096774194
trap,next_5_8,heldout_snapshot,physical+token_current,shift_2,w01_s004,1,2,62,0.7580645161290323
trap,next_5_8,heldout_snapshot,physical+token_current,shift_2,w02_s002,2,3,84,0.6904761904761905
trap,next_5_8,heldout_snapshot,physical+token_current,shift_2,w03_s005,3,1,15,1.0
trap,next_5_8,heldout_snapshot,physical+token_current,shift_2,w00_s002,0,2,80,0.725
trap,next_5_8,heldout_snapshot,physical+token_current,shift_2,w01_s000,1,3,69,0.7246376811594203
trap,next_5_8,heldout_snapshot,physical+token_current,shift_2,w02_s003,2,3,86,0.7441860465116279
trap,next_5_8,heldout_snapshot,physical+token_current,shift_2,w00_s003,0,4,85,0.8588235294117647
trap,next_5_8,heldout_snapshot,physical+token_current,shift_2,w01_s001,1,3,62,0.7580645161290323
trap,next_5_8,heldout_snapshot,physical+token_current,shift_2,w02_s004,2,4,95,0.5578947368421052
trap,next_5_8,heldout_snapshot,physical+token_current,shift_2,w00_s004,0,2,71,0.6478873239436621
trap,next_5_8,heldout_snapshot,physical+token_current,shift_2,w01_s002,1,2,61,0.7540983606557377
trap,next_5_8,heldout_snapshot,physical+token_current,shift_2,w02_s000,2,4,80,0.6375
trap,next_5_8,heldout_snapshot,physical_action+token_current,shift_3,w00_s000,0,1,55,1.0
trap,next_5_8,heldout_snapshot,physical_action+token_current,shift_3,w00_s005,0,4,78,0.8974358974358975
trap,next_5_8,heldout_snapshot,physical_action+token_current,shift_3,w01_s003,1,2,47,1.0
trap,next_5_8,heldout_snapshot,physical_action+token_current,shift_3,w02_s001,2,3,87,0.7701149425287356
trap,next_5_8,heldout_snapshot,physical_action+token_current,shift_3,w03_s004,3,1,15,0.8
trap,next_5_8,heldout_snapshot,physical_action+token_current,shift_3,w00_s001,0,3,62,1.0
trap,next_5_8,heldout_snapshot,physical_action+token_current,shift_3,w01_s004,1,2,62,0.9516129032258066
trap,next_5_8,heldout_snapshot,physical_action+token_current,shift_3,w02_s002,2,3,84,0.8571428571428571
trap,next_5_8,heldout_snapshot,physical_action+token_current,shift_3,w03_s005,3,1,15,0.8666666666666667
trap,next_5_8,heldout_snapshot,physical_action+token_current,shift_3,w00_s002,0,2,80,0.9125
trap,next_5_8,heldout_snapshot,physical_action+token_current,shift_3,w01_s000,1,3,69,0.8115942028985508
trap,next_5_8,heldout_snapshot,physical_action+token_current,shift_3,w02_s003,2,3,86,0.813953488372093
trap,next_5_8,heldout_snapshot,physical_action+token_current,shift_3,w00_s003,0,4,85,0.8941176470588236
trap,next_5_8,heldout_snapshot,physical_action+token_current,shift_3,w01_s001,1,3,62,0.8870967741935484
trap,next_5_8,heldout_snapshot,physical_action+token_current,shift_3,w02_s004,2,4,95,0.6842105263157895
trap,next_5_8,heldout_snapshot,physical_action+token_current,shift_3,w00_s004,0,2,71,0.9154929577464789
trap,next_5_8,heldout_snapshot,physical_action+token_current,shift_3,w01_s002,1,2,61,0.9508196721311477
trap,next_5_8,heldout_snapshot,physical_action+token_current,shift_3,w02_s000,2,4,80,0.6875
trap,next_5_8,heldout_snapshot,physical+token_current,shift_3,w00_s000,0,1,55,0.9454545454545454
trap,next_5_8,heldout_snapshot,physical+token_current,shift_3,w00_s005,0,4,78,0.7435897435897436
trap,next_5_8,heldout_snapshot,physical+token_current,shift_3,w01_s003,1,2,47,0.9574468085106383
trap,next_5_8,heldout_snapshot,physical+token_current,shift_3,w02_s001,2,3,87,0.6206896551724138
trap,next_5_8,heldout_snapshot,physical+token_current,shift_3,w03_s004,3,1,15,0.6
trap,next_5_8,heldout_snapshot,physical+token_current,shift_3,w00_s001,0,3,62,0.5967741935483871
trap,next_5_8,heldout_snapshot,physical+token_current,shift_3,w01_s004,1,2,62,0.7258064516129032
trap,next_5_8,heldout_snapshot,physical+token_current,shift_3,w02_s002,2,3,84,0.8095238095238095
trap,next_5_8,heldout_snapshot,physical+token_current,shift_3,w03_s005,3,1,15,0.7333333333333333
trap,next_5_8,heldout_snapshot,physical+token_current,shift_3,w00_s002,0,2,80,0.8125
trap,next_5_8,heldout_snapshot,physical+token_current,shift_3,w01_s000,1,3,69,0.6521739130434783
trap,next_5_8,heldout_snapshot,physical+token_current,shift_3,w02_s003,2,3,86,0.7790697674418605
trap,next_5_8,heldout_snapshot,physical+token_current,shift_3,w00_s003,0,4,85,0.9058823529411765
trap,next_5_8,heldout_snapshot,physical+token_current,shift_3,w01_s001,1,3,62,0.6451612903225806
trap,next_5_8,heldout_snapshot,physical+token_current,shift_3,w02_s004,2,4,95,0.3263157894736842
trap,next_5_8,heldout_snapshot,physical+token_current,shift_3,w00_s004,0,2,71,0.7746478873239436
trap,next_5_8,heldout_snapshot,physical+token_current,shift_3,w01_s002,1,2,61,0.819672131147541
trap,next_5_8,heldout_snapshot,physical+token_current,shift_3,w02_s000,2,4,80,0.6
trap,next_5_8,heldout_snapshot,moe_token_history,aligned,w00_s000,0,1,55,0.8727272727272729
trap,next_5_8,heldout_snapshot,moe_token_history,aligned,w00_s005,0,4,78,0.8589743589743589
trap,next_5_8,heldout_snapshot,moe_token_history,aligned,w01_s003,1,2,47,1.0
trap,next_5_8,heldout_snapshot,moe_token_history,aligned,w02_s001,2,3,87,0.7816091954022989
trap,next_5_8,heldout_snapshot,moe_token_history,aligned,w03_s004,3,1,15,0.6
trap,next_5_8,heldout_snapshot,moe_token_history,aligned,w00_s001,0,3,62,0.9354838709677419
trap,next_5_8,heldout_snapshot,moe_token_history,aligned,w01_s004,1,2,62,0.8870967741935484
trap,next_5_8,heldout_snapshot,moe_token_history,aligned,w02_s002,2,3,84,0.7857142857142857
trap,next_5_8,heldout_snapshot,moe_token_history,aligned,w03_s005,3,1,15,1.0
trap,next_5_8,heldout_snapshot,moe_token_history,aligned,w00_s002,0,2,80,0.7375
trap,next_5_8,heldout_snapshot,moe_token_history,aligned,w01_s000,1,3,69,0.9420289855072463
trap,next_5_8,heldout_snapshot,moe_token_history,aligned,w02_s003,2,3,86,0.6744186046511628
trap,next_5_8,heldout_snapshot,moe_token_history,aligned,w00_s003,0,4,85,0.9176470588235294
trap,next_5_8,heldout_snapshot,moe_token_history,aligned,w01_s001,1,3,62,0.967741935483871
trap,next_5_8,heldout_snapshot,moe_token_history,aligned,w02_s004,2,4,95,0.7473684210526316
trap,next_5_8,heldout_snapshot,moe_token_history,aligned,w00_s004,0,2,71,0.7323943661971832
trap,next_5_8,heldout_snapshot,moe_token_history,aligned,w01_s002,1,2,61,0.5409836065573771
trap,next_5_8,heldout_snapshot,moe_token_history,aligned,w02_s000,2,4,80,0.6
trap,next_5_8,heldout_snapshot,physical_action+token_history,aligned,w00_s000,0,1,55,0.9818181818181818
trap,next_5_8,heldout_snapshot,physical_action+token_history,aligned,w00_s005,0,4,78,0.9487179487179487
trap,next_5_8,heldout_snapshot,physical_action+token_history,aligned,w01_s003,1,2,47,1.0
trap,next_5_8,heldout_snapshot,physical_action+token_history,aligned,w02_s001,2,3,87,0.8390804597701149
trap,next_5_8,heldout_snapshot,physical_action+token_history,aligned,w03_s004,3,1,15,0.8
trap,next_5_8,heldout_snapshot,physical_action+token_history,aligned,w00_s001,0,3,62,1.0
trap,next_5_8,heldout_snapshot,physical_action+token_history,aligned,w01_s004,1,2,62,0.8870967741935484
trap,next_5_8,heldout_snapshot,physical_action+token_history,aligned,w02_s002,2,3,84,0.9285714285714286
trap,next_5_8,heldout_snapshot,physical_action+token_history,aligned,w03_s005,3,1,15,0.9333333333333333
trap,next_5_8,heldout_snapshot,physical_action+token_history,aligned,w00_s002,0,2,80,0.8375
trap,next_5_8,heldout_snapshot,physical_action+token_history,aligned,w01_s000,1,3,69,0.8115942028985508
trap,next_5_8,heldout_snapshot,physical_action+token_history,aligned,w02_s003,2,3,86,0.8488372093023255
trap,next_5_8,heldout_snapshot,physical_action+token_history,aligned,w00_s003,0,4,85,0.9058823529411765
trap,next_5_8,heldout_snapshot,physical_action+token_history,aligned,w01_s001,1,3,62,0.9032258064516129
trap,next_5_8,heldout_snapshot,physical_action+token_history,aligned,w02_s004,2,4,95,0.8526315789473684
trap,next_5_8,heldout_snapshot,physical_action+token_history,aligned,w00_s004,0,2,71,0.9436619718309859
trap,next_5_8,heldout_snapshot,physical_action+token_history,aligned,w01_s002,1,2,61,0.8852459016393442
trap,next_5_8,heldout_snapshot,physical_action+token_history,aligned,w02_s000,2,4,80,0.6375
trap,next_5_8,heldout_snapshot,physical+token_history,aligned,w00_s000,0,1,55,0.9454545454545454
trap,next_5_8,heldout_snapshot,physical+token_history,aligned,w00_s005,0,4,78,0.8461538461538461
trap,next_5_8,heldout_snapshot,physical+token_history,aligned,w01_s003,1,2,47,1.0
trap,next_5_8,heldout_snapshot,physical+token_history,aligned,w02_s001,2,3,87,0.9080459770114943
trap,next_5_8,heldout_snapshot,physical+token_history,aligned,w03_s004,3,1,15,0.8
trap,next_5_8,heldout_snapshot,physical+token_history,aligned,w00_s001,0,3,62,1.0
trap,next_5_8,heldout_snapshot,physical+token_history,aligned,w01_s004,1,2,62,0.9838709677419355
trap,next_5_8,heldout_snapshot,physical+token_history,aligned,w02_s002,2,3,84,0.8214285714285714
trap,next_5_8,heldout_snapshot,physical+token_history,aligned,w03_s005,3,1,15,1.0
trap,next_5_8,heldout_snapshot,physical+token_history,aligned,w00_s002,0,2,80,0.8375
trap,next_5_8,heldout_snapshot,physical+token_history,aligned,w01_s000,1,3,69,0.8260869565217391
trap,next_5_8,heldout_snapshot,physical+token_history,aligned,w02_s003,2,3,86,0.7906976744186046
trap,next_5_8,heldout_snapshot,physical+token_history,aligned,w00_s003,0,4,85,0.9411764705882353
trap,next_5_8,heldout_snapshot,physical+token_history,aligned,w01_s001,1,3,62,0.8709677419354839
trap,next_5_8,heldout_snapshot,physical+token_history,aligned,w02_s004,2,4,95,0.7578947368421053
trap,next_5_8,heldout_snapshot,physical+token_history,aligned,w00_s004,0,2,71,0.7746478873239436
trap,next_5_8,heldout_snapshot,physical+token_history,aligned,w01_s002,1,2,61,0.6721311475409836
trap,next_5_8,heldout_snapshot,physical+token_history,aligned,w02_s000,2,4,80,0.5625
trap,next_5_8,heldout_snapshot,physical_action+token_history,shift_1,w00_s000,0,1,55,0.9818181818181818
trap,next_5_8,heldout_snapshot,physical_action+token_history,shift_1,w00_s005,0,4,78,0.7564102564102564
trap,next_5_8,heldout_snapshot,physical_action+token_history,shift_1,w01_s003,1,2,47,0.9787234042553191
trap,next_5_8,heldout_snapshot,physical_action+token_history,shift_1,w02_s001,2,3,87,0.8275862068965517
trap,next_5_8,heldout_snapshot,physical_action+token_history,shift_1,w03_s004,3,1,15,0.8
trap,next_5_8,heldout_snapshot,physical_action+token_history,shift_1,w00_s001,0,3,62,0.9838709677419355
trap,next_5_8,heldout_snapshot,physical_action+token_history,shift_1,w01_s004,1,2,62,0.967741935483871
trap,next_5_8,heldout_snapshot,physical_action+token_history,shift_1,w02_s002,2,3,84,0.9047619047619048
trap,next_5_8,heldout_snapshot,physical_action+token_history,shift_1,w03_s005,3,1,15,0.8
trap,next_5_8,heldout_snapshot,physical_action+token_history,shift_1,w00_s002,0,2,80,0.8875
trap,next_5_8,heldout_snapshot,physical_action+token_history,shift_1,w01_s000,1,3,69,0.9130434782608695
trap,next_5_8,heldout_snapshot,physical_action+token_history,shift_1,w02_s003,2,3,86,0.8488372093023255
trap,next_5_8,heldout_snapshot,physical_action+token_history,shift_1,w00_s003,0,4,85,0.8823529411764706
trap,next_5_8,heldout_snapshot,physical_action+token_history,shift_1,w01_s001,1,3,62,0.7741935483870968
trap,next_5_8,heldout_snapshot,physical_action+token_history,shift_1,w02_s004,2,4,95,0.8526315789473684
trap,next_5_8,heldout_snapshot,physical_action+token_history,shift_1,w00_s004,0,2,71,0.9295774647887324
trap,next_5_8,heldout_snapshot,physical_action+token_history,shift_1,w01_s002,1,2,61,0.9016393442622951
trap,next_5_8,heldout_snapshot,physical_action+token_history,shift_1,w02_s000,2,4,80,0.6375
trap,next_5_8,heldout_snapshot,physical+token_history,shift_1,w00_s000,0,1,55,0.8545454545454545
trap,next_5_8,heldout_snapshot,physical+token_history,shift_1,w00_s005,0,4,78,0.5897435897435898
trap,next_5_8,heldout_snapshot,physical+token_history,shift_1,w01_s003,1,2,47,0.6170212765957447
trap,next_5_8,heldout_snapshot,physical+token_history,shift_1,w02_s001,2,3,87,0.735632183908046
trap,next_5_8,heldout_snapshot,physical+token_history,shift_1,w03_s004,3,1,15,0.4666666666666667
trap,next_5_8,heldout_snapshot,physical+token_history,shift_1,w00_s001,0,3,62,0.8064516129032258
trap,next_5_8,heldout_snapshot,physical+token_history,shift_1,w01_s004,1,2,62,0.4516129032258065
trap,next_5_8,heldout_snapshot,physical+token_history,shift_1,w02_s002,2,3,84,0.6428571428571429
trap,next_5_8,heldout_snapshot,physical+token_history,shift_1,w03_s005,3,1,15,0.4
trap,next_5_8,heldout_snapshot,physical+token_history,shift_1,w00_s002,0,2,80,0.65
trap,next_5_8,heldout_snapshot,physical+token_history,shift_1,w01_s000,1,3,69,0.6811594202898551
trap,next_5_8,heldout_snapshot,physical+token_history,shift_1,w02_s003,2,3,86,0.6511627906976745
trap,next_5_8,heldout_snapshot,physical+token_history,shift_1,w00_s003,0,4,85,0.7529411764705882
trap,next_5_8,heldout_snapshot,physical+token_history,shift_1,w01_s001,1,3,62,0.6290322580645161
trap,next_5_8,heldout_snapshot,physical+token_history,shift_1,w02_s004,2,4,95,0.47368421052631576
trap,next_5_8,heldout_snapshot,physical+token_history,shift_1,w00_s004,0,2,71,0.49295774647887325
trap,next_5_8,heldout_snapshot,physical+token_history,shift_1,w01_s002,1,2,61,0.7704918032786885
trap,next_5_8,heldout_snapshot,physical+token_history,shift_1,w02_s000,2,4,80,0.65
trap,next_5_8,heldout_snapshot,physical_action+token_history,shift_2,w00_s000,0,1,55,1.0
trap,next_5_8,heldout_snapshot,physical_action+token_history,shift_2,w00_s005,0,4,78,0.9615384615384616
trap,next_5_8,heldout_snapshot,physical_action+token_history,shift_2,w01_s003,1,2,47,0.8723404255319149
trap,next_5_8,heldout_snapshot,physical_action+token_history,shift_2,w02_s001,2,3,87,0.7701149425287356
trap,next_5_8,heldout_snapshot,physical_action+token_history,shift_2,w03_s004,3,1,15,0.8
trap,next_5_8,heldout_snapshot,physical_action+token_history,shift_2,w00_s001,0,3,62,1.0
trap,next_5_8,heldout_snapshot,physical_action+token_history,shift_2,w01_s004,1,2,62,0.9516129032258066
trap,next_5_8,heldout_snapshot,physical_action+token_history,shift_2,w02_s002,2,3,84,0.75
trap,next_5_8,heldout_snapshot,physical_action+token_history,shift_2,w03_s005,3,1,15,0.6
trap,next_5_8,heldout_snapshot,physical_action+token_history,shift_2,w00_s002,0,2,80,0.9125
trap,next_5_8,heldout_snapshot,physical_action+token_history,shift_2,w01_s000,1,3,69,0.8260869565217391
trap,next_5_8,heldout_snapshot,physical_action+token_history,shift_2,w02_s003,2,3,86,0.8604651162790697
trap,next_5_8,heldout_snapshot,physical_action+token_history,shift_2,w00_s003,0,4,85,0.8470588235294118
trap,next_5_8,heldout_snapshot,physical_action+token_history,shift_2,w01_s001,1,3,62,0.9193548387096774
trap,next_5_8,heldout_snapshot,physical_action+token_history,shift_2,w02_s004,2,4,95,0.7052631578947368
trap,next_5_8,heldout_snapshot,physical_action+token_history,shift_2,w00_s004,0,2,71,0.887323943661972
trap,next_5_8,heldout_snapshot,physical_action+token_history,shift_2,w01_s002,1,2,61,0.9672131147540984
trap,next_5_8,heldout_snapshot,physical_action+token_history,shift_2,w02_s000,2,4,80,0.7375
trap,next_5_8,heldout_snapshot,physical+token_history,shift_2,w00_s000,0,1,55,0.8909090909090909
trap,next_5_8,heldout_snapshot,physical+token_history,shift_2,w00_s005,0,4,78,0.6666666666666666
trap,next_5_8,heldout_snapshot,physical+token_history,shift_2,w01_s003,1,2,47,0.5106382978723404
trap,next_5_8,heldout_snapshot,physical+token_history,shift_2,w02_s001,2,3,87,0.7241379310344828
trap,next_5_8,heldout_snapshot,physical+token_history,shift_2,w03_s004,3,1,15,0.7333333333333333
trap,next_5_8,heldout_snapshot,physical+token_history,shift_2,w00_s001,0,3,62,0.7258064516129032
trap,next_5_8,heldout_snapshot,physical+token_history,shift_2,w01_s004,1,2,62,0.6774193548387096
trap,next_5_8,heldout_snapshot,physical+token_history,shift_2,w02_s002,2,3,84,0.4642857142857143
trap,next_5_8,heldout_snapshot,physical+token_history,shift_2,w03_s005,3,1,15,0.8
trap,next_5_8,heldout_snapshot,physical+token_history,shift_2,w00_s002,0,2,80,0.775
trap,next_5_8,heldout_snapshot,physical+token_history,shift_2,w01_s000,1,3,69,0.6086956521739131
trap,next_5_8,heldout_snapshot,physical+token_history,shift_2,w02_s003,2,3,86,0.6744186046511628
trap,next_5_8,heldout_snapshot,physical+token_history,shift_2,w00_s003,0,4,85,0.7411764705882353
trap,next_5_8,heldout_snapshot,physical+token_history,shift_2,w01_s001,1,3,62,0.4354838709677419
trap,next_5_8,heldout_snapshot,physical+token_history,shift_2,w02_s004,2,4,95,0.5684210526315789
trap,next_5_8,heldout_snapshot,physical+token_history,shift_2,w00_s004,0,2,71,0.5211267605633803
trap,next_5_8,heldout_snapshot,physical+token_history,shift_2,w01_s002,1,2,61,0.819672131147541
trap,next_5_8,heldout_snapshot,physical+token_history,shift_2,w02_s000,2,4,80,0.675
trap,next_5_8,heldout_snapshot,physical_action+token_history,shift_3,w00_s000,0,1,55,0.9818181818181818
trap,next_5_8,heldout_snapshot,physical_action+token_history,shift_3,w00_s005,0,4,78,0.8846153846153846
trap,next_5_8,heldout_snapshot,physical_action+token_history,shift_3,w01_s003,1,2,47,0.9574468085106383
trap,next_5_8,heldout_snapshot,physical_action+token_history,shift_3,w02_s001,2,3,87,0.7126436781609196
trap,next_5_8,heldout_snapshot,physical_action+token_history,shift_3,w03_s004,3,1,15,0.8
trap,next_5_8,heldout_snapshot,physical_action+token_history,shift_3,w00_s001,0,3,62,0.9838709677419355
trap,next_5_8,heldout_snapshot,physical_action+token_history,shift_3,w01_s004,1,2,62,0.9193548387096775
trap,next_5_8,heldout_snapshot,physical_action+token_history,shift_3,w02_s002,2,3,84,0.8452380952380952
trap,next_5_8,heldout_snapshot,physical_action+token_history,shift_3,w03_s005,3,1,15,0.8666666666666667
trap,next_5_8,heldout_snapshot,physical_action+token_history,shift_3,w00_s002,0,2,80,0.9125
trap,next_5_8,heldout_snapshot,physical_action+token_history,shift_3,w01_s000,1,3,69,0.8405797101449275
trap,next_5_8,heldout_snapshot,physical_action+token_history,shift_3,w02_s003,2,3,86,0.8023255813953488
trap,next_5_8,heldout_snapshot,physical_action+token_history,shift_3,w00_s003,0,4,85,0.8470588235294118
trap,next_5_8,heldout_snapshot,physical_action+token_history,shift_3,w01_s001,1,3,62,0.9516129032258065
trap,next_5_8,heldout_snapshot,physical_action+token_history,shift_3,w02_s004,2,4,95,0.6421052631578947
trap,next_5_8,heldout_snapshot,physical_action+token_history,shift_3,w00_s004,0,2,71,0.9014084507042254
trap,next_5_8,heldout_snapshot,physical_action+token_history,shift_3,w01_s002,1,2,61,0.9672131147540983
trap,next_5_8,heldout_snapshot,physical_action+token_history,shift_3,w02_s000,2,4,80,0.6125
trap,next_5_8,heldout_snapshot,physical+token_history,shift_3,w00_s000,0,1,55,0.8181818181818182
trap,next_5_8,heldout_snapshot,physical+token_history,shift_3,w00_s005,0,4,78,0.6923076923076923
trap,next_5_8,heldout_snapshot,physical+token_history,shift_3,w01_s003,1,2,47,0.8723404255319149
trap,next_5_8,heldout_snapshot,physical+token_history,shift_3,w02_s001,2,3,87,0.4942528735632184
trap,next_5_8,heldout_snapshot,physical+token_history,shift_3,w03_s004,3,1,15,0.33333333333333337
trap,next_5_8,heldout_snapshot,physical+token_history,shift_3,w00_s001,0,3,62,0.5161290322580645
trap,next_5_8,heldout_snapshot,physical+token_history,shift_3,w01_s004,1,2,62,0.7258064516129034
trap,next_5_8,heldout_snapshot,physical+token_history,shift_3,w02_s002,2,3,84,0.6904761904761905
trap,next_5_8,heldout_snapshot,physical+token_history,shift_3,w03_s005,3,1,15,0.9333333333333333
trap,next_5_8,heldout_snapshot,physical+token_history,shift_3,w00_s002,0,2,80,0.65
trap,next_5_8,heldout_snapshot,physical+token_history,shift_3,w01_s000,1,3,69,0.5797101449275363
trap,next_5_8,heldout_snapshot,physical+token_history,shift_3,w02_s003,2,3,86,0.6976744186046512
trap,next_5_8,heldout_snapshot,physical+token_history,shift_3,w00_s003,0,4,85,0.8352941176470589
trap,next_5_8,heldout_snapshot,physical+token_history,shift_3,w01_s001,1,3,62,0.7258064516129032
trap,next_5_8,heldout_snapshot,physical+token_history,shift_3,w02_s004,2,4,95,0.35789473684210527
trap,next_5_8,heldout_snapshot,physical+token_history,shift_3,w00_s004,0,2,71,0.647887323943662
trap,next_5_8,heldout_snapshot,physical+token_history,shift_3,w01_s002,1,2,61,0.8360655737704918
trap,next_5_8,heldout_snapshot,physical+token_history,shift_3,w02_s000,2,4,80,0.5625
trap,next_5_8,heldout_worker,rate_only,aligned,w00_s000,0,1,55,0.5
trap,next_5_8,heldout_worker,rate_only,aligned,w00_s001,0,3,62,0.5
trap,next_5_8,heldout_worker,rate_only,aligned,w00_s002,0,2,80,0.5
trap,next_5_8,heldout_worker,rate_only,aligned,w00_s003,0,4,85,0.5
trap,next_5_8,heldout_worker,rate_only,aligned,w00_s004,0,2,71,0.5
trap,next_5_8,heldout_worker,rate_only,aligned,w00_s005,0,4,78,0.5
trap,next_5_8,heldout_worker,rate_only,aligned,w01_s000,1,3,69,0.5
trap,next_5_8,heldout_worker,rate_only,aligned,w01_s001,1,3,62,0.5
trap,next_5_8,heldout_worker,rate_only,aligned,w01_s002,1,2,61,0.5
trap,next_5_8,heldout_worker,rate_only,aligned,w01_s003,1,2,47,0.5
trap,next_5_8,heldout_worker,rate_only,aligned,w01_s004,1,2,62,0.5
trap,next_5_8,heldout_worker,rate_only,aligned,w02_s000,2,4,80,0.5
trap,next_5_8,heldout_worker,rate_only,aligned,w02_s001,2,3,87,0.5
trap,next_5_8,heldout_worker,rate_only,aligned,w02_s002,2,3,84,0.5
trap,next_5_8,heldout_worker,rate_only,aligned,w02_s003,2,3,86,0.5
trap,next_5_8,heldout_worker,rate_only,aligned,w02_s004,2,4,95,0.5
trap,next_5_8,heldout_worker,rate_only,aligned,w03_s004,3,1,15,0.5
trap,next_5_8,heldout_worker,rate_only,aligned,w03_s005,3,1,15,0.5
trap,next_5_8,heldout_worker,physical_action,aligned,w00_s000,0,1,55,1.0
trap,next_5_8,heldout_worker,physical_action,aligned,w00_s001,0,3,62,1.0
trap,next_5_8,heldout_worker,physical_action,aligned,w00_s002,0,2,80,0.8625
trap,next_5_8,heldout_worker,physical_action,aligned,w00_s003,0,4,85,0.9058823529411765
trap,next_5_8,heldout_worker,physical_action,aligned,w00_s004,0,2,71,0.8873239436619719
trap,next_5_8,heldout_worker,physical_action,aligned,w00_s005,0,4,78,0.8846153846153846
trap,next_5_8,heldout_worker,physical_action,aligned,w01_s000,1,3,69,0.7391304347826086
trap,next_5_8,heldout_worker,physical_action,aligned,w01_s001,1,3,62,0.9193548387096774
trap,next_5_8,heldout_worker,physical_action,aligned,w01_s002,1,2,61,0.7704918032786885
trap,next_5_8,heldout_worker,physical_action,aligned,w01_s003,1,2,47,0.723404255319149
trap,next_5_8,heldout_worker,physical_action,aligned,w01_s004,1,2,62,0.7580645161290323
trap,next_5_8,heldout_worker,physical_action,aligned,w02_s000,2,4,80,0.7125
trap,next_5_8,heldout_worker,physical_action,aligned,w02_s001,2,3,87,0.7126436781609196
trap,next_5_8,heldout_worker,physical_action,aligned,w02_s002,2,3,84,0.8452380952380952
trap,next_5_8,heldout_worker,physical_action,aligned,w02_s003,2,3,86,0.9186046511627907
trap,next_5_8,heldout_worker,physical_action,aligned,w02_s004,2,4,95,0.7684210526315789
trap,next_5_8,heldout_worker,physical_action,aligned,w03_s004,3,1,15,0.7333333333333333
trap,next_5_8,heldout_worker,physical_action,aligned,w03_s005,3,1,15,1.0
trap,next_5_8,heldout_worker,physical,aligned,w00_s000,0,1,55,0.9272727272727272
trap,next_5_8,heldout_worker,physical,aligned,w00_s001,0,3,62,0.8548387096774194
trap,next_5_8,heldout_worker,physical,aligned,w00_s002,0,2,80,0.9125
trap,next_5_8,heldout_worker,physical,aligned,w00_s003,0,4,85,0.9411764705882353
trap,next_5_8,heldout_worker,physical,aligned,w00_s004,0,2,71,0.9577464788732394
trap,next_5_8,heldout_worker,physical,aligned,w00_s005,0,4,78,0.8589743589743589
trap,next_5_8,heldout_worker,physical,aligned,w01_s000,1,3,69,0.6376811594202898
trap,next_5_8,heldout_worker,physical,aligned,w01_s001,1,3,62,0.8870967741935484
trap,next_5_8,heldout_worker,physical,aligned,w01_s002,1,2,61,0.9508196721311475
trap,next_5_8,heldout_worker,physical,aligned,w01_s003,1,2,47,0.8297872340425532
trap,next_5_8,heldout_worker,physical,aligned,w01_s004,1,2,62,0.9193548387096774
trap,next_5_8,heldout_worker,physical,aligned,w02_s000,2,4,80,0.575
trap,next_5_8,heldout_worker,physical,aligned,w02_s001,2,3,87,0.6666666666666666
trap,next_5_8,heldout_worker,physical,aligned,w02_s002,2,3,84,0.7619047619047619
trap,next_5_8,heldout_worker,physical,aligned,w02_s003,2,3,86,0.6511627906976745
trap,next_5_8,heldout_worker,physical,aligned,w02_s004,2,4,95,0.5157894736842106
trap,next_5_8,heldout_worker,physical,aligned,w03_s004,3,1,15,0.6666666666666667
trap,next_5_8,heldout_worker,physical,aligned,w03_s005,3,1,15,0.7333333333333333
trap,next_5_8,heldout_worker,moe_aggregate_current,aligned,w00_s000,0,1,55,0.7636363636363637
trap,next_5_8,heldout_worker,moe_aggregate_current,aligned,w00_s001,0,3,62,0.7580645161290323
trap,next_5_8,heldout_worker,moe_aggregate_current,aligned,w00_s002,0,2,80,0.5125
trap,next_5_8,heldout_worker,moe_aggregate_current,aligned,w00_s003,0,4,85,0.5882352941176471
trap,next_5_8,heldout_worker,moe_aggregate_current,aligned,w00_s004,0,2,71,0.7746478873239436
trap,next_5_8,heldout_worker,moe_aggregate_current,aligned,w00_s005,0,4,78,0.3974358974358974
trap,next_5_8,heldout_worker,moe_aggregate_current,aligned,w01_s000,1,3,69,0.5942028985507246
trap,next_5_8,heldout_worker,moe_aggregate_current,aligned,w01_s001,1,3,62,0.5967741935483871
trap,next_5_8,heldout_worker,moe_aggregate_current,aligned,w01_s002,1,2,61,0.49180327868852464
trap,next_5_8,heldout_worker,moe_aggregate_current,aligned,w01_s003,1,2,47,0.5531914893617021
trap,next_5_8,heldout_worker,moe_aggregate_current,aligned,w01_s004,1,2,62,0.532258064516129
trap,next_5_8,heldout_worker,moe_aggregate_current,aligned,w02_s000,2,4,80,0.35
trap,next_5_8,heldout_worker,moe_aggregate_current,aligned,w02_s001,2,3,87,0.7586206896551724
trap,next_5_8,heldout_worker,moe_aggregate_current,aligned,w02_s002,2,3,84,0.5833333333333334
trap,next_5_8,heldout_worker,moe_aggregate_current,aligned,w02_s003,2,3,86,0.6162790697674418
trap,next_5_8,heldout_worker,moe_aggregate_current,aligned,w02_s004,2,4,95,0.631578947368421
trap,next_5_8,heldout_worker,moe_aggregate_current,aligned,w03_s004,3,1,15,0.4666666666666667
trap,next_5_8,heldout_worker,moe_aggregate_current,aligned,w03_s005,3,1,15,0.6666666666666667
trap,next_5_8,heldout_worker,physical_action+aggregate_current,aligned,w00_s000,0,1,55,1.0
trap,next_5_8,heldout_worker,physical_action+aggregate_current,aligned,w00_s001,0,3,62,1.0
trap,next_5_8,heldout_worker,physical_action+aggregate_current,aligned,w00_s002,0,2,80,0.8875
trap,next_5_8,heldout_worker,physical_action+aggregate_current,aligned,w00_s003,0,4,85,0.8823529411764706
trap,next_5_8,heldout_worker,physical_action+aggregate_current,aligned,w00_s004,0,2,71,0.8591549295774648
trap,next_5_8,heldout_worker,physical_action+aggregate_current,aligned,w00_s005,0,4,78,0.8846153846153846
trap,next_5_8,heldout_worker,physical_action+aggregate_current,aligned,w01_s000,1,3,69,0.782608695652174
trap,next_5_8,heldout_worker,physical_action+aggregate_current,aligned,w01_s001,1,3,62,0.8225806451612904
trap,next_5_8,heldout_worker,physical_action+aggregate_current,aligned,w01_s002,1,2,61,0.7868852459016394
trap,next_5_8,heldout_worker,physical_action+aggregate_current,aligned,w01_s003,1,2,47,0.723404255319149
trap,next_5_8,heldout_worker,physical_action+aggregate_current,aligned,w01_s004,1,2,62,0.7419354838709677
trap,next_5_8,heldout_worker,physical_action+aggregate_current,aligned,w02_s000,2,4,80,0.5125
trap,next_5_8,heldout_worker,physical_action+aggregate_current,aligned,w02_s001,2,3,87,0.7931034482758621
trap,next_5_8,heldout_worker,physical_action+aggregate_current,aligned,w02_s002,2,3,84,0.8690476190476191
trap,next_5_8,heldout_worker,physical_action+aggregate_current,aligned,w02_s003,2,3,86,0.8953488372093024
trap,next_5_8,heldout_worker,physical_action+aggregate_current,aligned,w02_s004,2,4,95,0.8526315789473684
trap,next_5_8,heldout_worker,physical_action+aggregate_current,aligned,w03_s004,3,1,15,0.7333333333333333
trap,next_5_8,heldout_worker,physical_action+aggregate_current,aligned,w03_s005,3,1,15,0.9333333333333333
trap,next_5_8,heldout_worker,physical+aggregate_current,aligned,w00_s000,0,1,55,0.8909090909090909
trap,next_5_8,heldout_worker,physical+aggregate_current,aligned,w00_s001,0,3,62,0.8709677419354839
trap,next_5_8,heldout_worker,physical+aggregate_current,aligned,w00_s002,0,2,80,0.9125
trap,next_5_8,heldout_worker,physical+aggregate_current,aligned,w00_s003,0,4,85,0.9294117647058824
trap,next_5_8,heldout_worker,physical+aggregate_current,aligned,w00_s004,0,2,71,0.9577464788732394
trap,next_5_8,heldout_worker,physical+aggregate_current,aligned,w00_s005,0,4,78,0.8846153846153846
trap,next_5_8,heldout_worker,physical+aggregate_current,aligned,w01_s000,1,3,69,0.7246376811594203
trap,next_5_8,heldout_worker,physical+aggregate_current,aligned,w01_s001,1,3,62,0.8387096774193549
trap,next_5_8,heldout_worker,physical+aggregate_current,aligned,w01_s002,1,2,61,0.7377049180327869
trap,next_5_8,heldout_worker,physical+aggregate_current,aligned,w01_s003,1,2,47,0.8085106382978723
trap,next_5_8,heldout_worker,physical+aggregate_current,aligned,w01_s004,1,2,62,0.8870967741935484
trap,next_5_8,heldout_worker,physical+aggregate_current,aligned,w02_s000,2,4,80,0.6625
trap,next_5_8,heldout_worker,physical+aggregate_current,aligned,w02_s001,2,3,87,0.7011494252873564
trap,next_5_8,heldout_worker,physical+aggregate_current,aligned,w02_s002,2,3,84,0.6904761904761905
trap,next_5_8,heldout_worker,physical+aggregate_current,aligned,w02_s003,2,3,86,0.6976744186046512
trap,next_5_8,heldout_worker,physical+aggregate_current,aligned,w02_s004,2,4,95,0.5473684210526316
trap,next_5_8,heldout_worker,physical+aggregate_current,aligned,w03_s004,3,1,15,0.5333333333333333
trap,next_5_8,heldout_worker,physical+aggregate_current,aligned,w03_s005,3,1,15,0.4666666666666667
trap,next_5_8,heldout_worker,physical_action+aggregate_current,shift_1,w00_s000,0,1,55,1.0
trap,next_5_8,heldout_worker,physical_action+aggregate_current,shift_1,w00_s001,0,3,62,1.0
trap,next_5_8,heldout_worker,physical_action+aggregate_current,shift_1,w00_s002,0,2,80,0.8625
trap,next_5_8,heldout_worker,physical_action+aggregate_current,shift_1,w00_s003,0,4,85,0.8941176470588236
trap,next_5_8,heldout_worker,physical_action+aggregate_current,shift_1,w00_s004,0,2,71,0.8732394366197183
trap,next_5_8,heldout_worker,physical_action+aggregate_current,shift_1,w00_s005,0,4,78,0.8717948717948718
trap,next_5_8,heldout_worker,physical_action+aggregate_current,shift_1,w01_s000,1,3,69,0.6956521739130435
trap,next_5_8,heldout_worker,physical_action+aggregate_current,shift_1,w01_s001,1,3,62,0.8870967741935484
trap,next_5_8,heldout_worker,physical_action+aggregate_current,shift_1,w01_s002,1,2,61,0.7377049180327869
trap,next_5_8,heldout_worker,physical_action+aggregate_current,shift_1,w01_s003,1,2,47,0.723404255319149
trap,next_5_8,heldout_worker,physical_action+aggregate_current,shift_1,w01_s004,1,2,62,0.6774193548387096
trap,next_5_8,heldout_worker,physical_action+aggregate_current,shift_1,w02_s000,2,4,80,0.7
trap,next_5_8,heldout_worker,physical_action+aggregate_current,shift_1,w02_s001,2,3,87,0.7011494252873564
trap,next_5_8,heldout_worker,physical_action+aggregate_current,shift_1,w02_s002,2,3,84,0.8333333333333334
trap,next_5_8,heldout_worker,physical_action+aggregate_current,shift_1,w02_s003,2,3,86,0.872093023255814
trap,next_5_8,heldout_worker,physical_action+aggregate_current,shift_1,w02_s004,2,4,95,0.7263157894736842
trap,next_5_8,heldout_worker,physical_action+aggregate_current,shift_1,w03_s004,3,1,15,0.7333333333333333
trap,next_5_8,heldout_worker,physical_action+aggregate_current,shift_1,w03_s005,3,1,15,0.9333333333333333
trap,next_5_8,heldout_worker,physical+aggregate_current,shift_1,w00_s000,0,1,55,0.8363636363636363
trap,next_5_8,heldout_worker,physical+aggregate_current,shift_1,w00_s001,0,3,62,0.7580645161290323
trap,next_5_8,heldout_worker,physical+aggregate_current,shift_1,w00_s002,0,2,80,0.7
trap,next_5_8,heldout_worker,physical+aggregate_current,shift_1,w00_s003,0,4,85,0.8941176470588236
trap,next_5_8,heldout_worker,physical+aggregate_current,shift_1,w00_s004,0,2,71,0.9295774647887324
trap,next_5_8,heldout_worker,physical+aggregate_current,shift_1,w00_s005,0,4,78,0.8846153846153846
trap,next_5_8,heldout_worker,physical+aggregate_current,shift_1,w01_s000,1,3,69,0.6086956521739131
trap,next_5_8,heldout_worker,physical+aggregate_current,shift_1,w01_s001,1,3,62,0.8548387096774194
trap,next_5_8,heldout_worker,physical+aggregate_current,shift_1,w01_s002,1,2,61,0.7213114754098361
trap,next_5_8,heldout_worker,physical+aggregate_current,shift_1,w01_s003,1,2,47,0.723404255319149
trap,next_5_8,heldout_worker,physical+aggregate_current,shift_1,w01_s004,1,2,62,0.6290322580645161
trap,next_5_8,heldout_worker,physical+aggregate_current,shift_1,w02_s000,2,4,80,0.65
trap,next_5_8,heldout_worker,physical+aggregate_current,shift_1,w02_s001,2,3,87,0.7471264367816092
trap,next_5_8,heldout_worker,physical+aggregate_current,shift_1,w02_s002,2,3,84,0.7142857142857143
trap,next_5_8,heldout_worker,physical+aggregate_current,shift_1,w02_s003,2,3,86,0.6395348837209303
trap,next_5_8,heldout_worker,physical+aggregate_current,shift_1,w02_s004,2,4,95,0.42105263157894735
trap,next_5_8,heldout_worker,physical+aggregate_current,shift_1,w03_s004,3,1,15,0.8
trap,next_5_8,heldout_worker,physical+aggregate_current,shift_1,w03_s005,3,1,15,0.7333333333333333
trap,next_5_8,heldout_worker,physical_action+aggregate_current,shift_2,w00_s000,0,1,55,0.9818181818181818
trap,next_5_8,heldout_worker,physical_action+aggregate_current,shift_2,w00_s001,0,3,62,1.0
trap,next_5_8,heldout_worker,physical_action+aggregate_current,shift_2,w00_s002,0,2,80,0.85
trap,next_5_8,heldout_worker,physical_action+aggregate_current,shift_2,w00_s003,0,4,85,0.8705882352941177
trap,next_5_8,heldout_worker,physical_action+aggregate_current,shift_2,w00_s004,0,2,71,0.8309859154929577
trap,next_5_8,heldout_worker,physical_action+aggregate_current,shift_2,w00_s005,0,4,78,0.8461538461538461
trap,next_5_8,heldout_worker,physical_action+aggregate_current,shift_2,w01_s000,1,3,69,0.7536231884057971
trap,next_5_8,heldout_worker,physical_action+aggregate_current,shift_2,w01_s001,1,3,62,0.8870967741935484
trap,next_5_8,heldout_worker,physical_action+aggregate_current,shift_2,w01_s002,1,2,61,0.819672131147541
trap,next_5_8,heldout_worker,physical_action+aggregate_current,shift_2,w01_s003,1,2,47,0.7659574468085106
trap,next_5_8,heldout_worker,physical_action+aggregate_current,shift_2,w01_s004,1,2,62,0.7580645161290323
trap,next_5_8,heldout_worker,physical_action+aggregate_current,shift_2,w02_s000,2,4,80,0.75
trap,next_5_8,heldout_worker,physical_action+aggregate_current,shift_2,w02_s001,2,3,87,0.7126436781609196
trap,next_5_8,heldout_worker,physical_action+aggregate_current,shift_2,w02_s002,2,3,84,0.8095238095238095
trap,next_5_8,heldout_worker,physical_action+aggregate_current,shift_2,w02_s003,2,3,86,0.8488372093023255
trap,next_5_8,heldout_worker,physical_action+aggregate_current,shift_2,w02_s004,2,4,95,0.7684210526315789
trap,next_5_8,heldout_worker,physical_action+aggregate_current,shift_2,w03_s004,3,1,15,0.7333333333333333
trap,next_5_8,heldout_worker,physical_action+aggregate_current,shift_2,w03_s005,3,1,15,1.0
trap,next_5_8,heldout_worker,physical+aggregate_current,shift_2,w00_s000,0,1,55,0.9636363636363636
trap,next_5_8,heldout_worker,physical+aggregate_current,shift_2,w00_s001,0,3,62,0.8709677419354839
trap,next_5_8,heldout_worker,physical+aggregate_current,shift_2,w00_s002,0,2,80,0.7625
trap,next_5_8,heldout_worker,physical+aggregate_current,shift_2,w00_s003,0,4,85,0.8823529411764706
trap,next_5_8,heldout_worker,physical+aggregate_current,shift_2,w00_s004,0,2,71,0.9577464788732394
trap,next_5_8,heldout_worker,physical+aggregate_current,shift_2,w00_s005,0,4,78,0.7435897435897436
trap,next_5_8,heldout_worker,physical+aggregate_current,shift_2,w01_s000,1,3,69,0.7101449275362319
trap,next_5_8,heldout_worker,physical+aggregate_current,shift_2,w01_s001,1,3,62,0.7903225806451613
trap,next_5_8,heldout_worker,physical+aggregate_current,shift_2,w01_s002,1,2,61,0.918032786885246
trap,next_5_8,heldout_worker,physical+aggregate_current,shift_2,w01_s003,1,2,47,0.48936170212765956
trap,next_5_8,heldout_worker,physical+aggregate_current,shift_2,w01_s004,1,2,62,0.7258064516129032
trap,next_5_8,heldout_worker,physical+aggregate_current,shift_2,w02_s000,2,4,80,0.675
trap,next_5_8,heldout_worker,physical+aggregate_current,shift_2,w02_s001,2,3,87,0.6551724137931034
trap,next_5_8,heldout_worker,physical+aggregate_current,shift_2,w02_s002,2,3,84,0.7023809523809523
trap,next_5_8,heldout_worker,physical+aggregate_current,shift_2,w02_s003,2,3,86,0.6744186046511628
trap,next_5_8,heldout_worker,physical+aggregate_current,shift_2,w02_s004,2,4,95,0.5578947368421052
trap,next_5_8,heldout_worker,physical+aggregate_current,shift_2,w03_s004,3,1,15,0.6
trap,next_5_8,heldout_worker,physical+aggregate_current,shift_2,w03_s005,3,1,15,0.9333333333333333
trap,next_5_8,heldout_worker,physical_action+aggregate_current,shift_3,w00_s000,0,1,55,0.9636363636363636
trap,next_5_8,heldout_worker,physical_action+aggregate_current,shift_3,w00_s001,0,3,62,1.0
trap,next_5_8,heldout_worker,physical_action+aggregate_current,shift_3,w00_s002,0,2,80,0.875
trap,next_5_8,heldout_worker,physical_action+aggregate_current,shift_3,w00_s003,0,4,85,0.8705882352941177
trap,next_5_8,heldout_worker,physical_action+aggregate_current,shift_3,w00_s004,0,2,71,0.8450704225352113
trap,next_5_8,heldout_worker,physical_action+aggregate_current,shift_3,w00_s005,0,4,78,0.8974358974358975
trap,next_5_8,heldout_worker,physical_action+aggregate_current,shift_3,w01_s000,1,3,69,0.8115942028985508
trap,next_5_8,heldout_worker,physical_action+aggregate_current,shift_3,w01_s001,1,3,62,0.8548387096774194
trap,next_5_8,heldout_worker,physical_action+aggregate_current,shift_3,w01_s002,1,2,61,0.8524590163934428
trap,next_5_8,heldout_worker,physical_action+aggregate_current,shift_3,w01_s003,1,2,47,0.6170212765957447
trap,next_5_8,heldout_worker,physical_action+aggregate_current,shift_3,w01_s004,1,2,62,0.7903225806451611
trap,next_5_8,heldout_worker,physical_action+aggregate_current,shift_3,w02_s000,2,4,80,0.725
trap,next_5_8,heldout_worker,physical_action+aggregate_current,shift_3,w02_s001,2,3,87,0.7011494252873564
trap,next_5_8,heldout_worker,physical_action+aggregate_current,shift_3,w02_s002,2,3,84,0.8571428571428571
trap,next_5_8,heldout_worker,physical_action+aggregate_current,shift_3,w02_s003,2,3,86,0.8837209302325582
trap,next_5_8,heldout_worker,physical_action+aggregate_current,shift_3,w02_s004,2,4,95,0.7684210526315789
trap,next_5_8,heldout_worker,physical_action+aggregate_current,shift_3,w03_s004,3,1,15,0.7333333333333333
trap,next_5_8,heldout_worker,physical_action+aggregate_current,shift_3,w03_s005,3,1,15,1.0
trap,next_5_8,heldout_worker,physical+aggregate_current,shift_3,w00_s000,0,1,55,0.9636363636363636
trap,next_5_8,heldout_worker,physical+aggregate_current,shift_3,w00_s001,0,3,62,0.7580645161290323
trap,next_5_8,heldout_worker,physical+aggregate_current,shift_3,w00_s002,0,2,80,0.675
trap,next_5_8,heldout_worker,physical+aggregate_current,shift_3,w00_s003,0,4,85,0.8705882352941177
trap,next_5_8,heldout_worker,physical+aggregate_current,shift_3,w00_s004,0,2,71,0.9014084507042254
trap,next_5_8,heldout_worker,physical+aggregate_current,shift_3,w00_s005,0,4,78,0.8717948717948718
trap,next_5_8,heldout_worker,physical+aggregate_current,shift_3,w01_s000,1,3,69,0.7391304347826086
trap,next_5_8,heldout_worker,physical+aggregate_current,shift_3,w01_s001,1,3,62,0.7741935483870968
trap,next_5_8,heldout_worker,physical+aggregate_current,shift_3,w01_s002,1,2,61,0.8852459016393444
trap,next_5_8,heldout_worker,physical+aggregate_current,shift_3,w01_s003,1,2,47,0.6595744680851063
trap,next_5_8,heldout_worker,physical+aggregate_current,shift_3,w01_s004,1,2,62,0.8548387096774193
trap,next_5_8,heldout_worker,physical+aggregate_current,shift_3,w02_s000,2,4,80,0.4875
trap,next_5_8,heldout_worker,physical+aggregate_current,shift_3,w02_s001,2,3,87,0.6551724137931034
trap,next_5_8,heldout_worker,physical+aggregate_current,shift_3,w02_s002,2,3,84,0.7857142857142857
trap,next_5_8,heldout_worker,physical+aggregate_current,shift_3,w02_s003,2,3,86,0.6162790697674418
trap,next_5_8,heldout_worker,physical+aggregate_current,shift_3,w02_s004,2,4,95,0.5052631578947369
trap,next_5_8,heldout_worker,physical+aggregate_current,shift_3,w03_s004,3,1,15,0.5333333333333333
trap,next_5_8,heldout_worker,physical+aggregate_current,shift_3,w03_s005,3,1,15,1.0
trap,next_5_8,heldout_worker,moe_token_current,aligned,w00_s000,0,1,55,0.8363636363636363
trap,next_5_8,heldout_worker,moe_token_current,aligned,w00_s001,0,3,62,0.8387096774193549
trap,next_5_8,heldout_worker,moe_token_current,aligned,w00_s002,0,2,80,0.475
trap,next_5_8,heldout_worker,moe_token_current,aligned,w00_s003,0,4,85,0.9058823529411765
trap,next_5_8,heldout_worker,moe_token_current,aligned,w00_s004,0,2,71,0.9577464788732394
trap,next_5_8,heldout_worker,moe_token_current,aligned,w00_s005,0,4,78,0.8333333333333334
trap,next_5_8,heldout_worker,moe_token_current,aligned,w01_s000,1,3,69,0.6666666666666666
trap,next_5_8,heldout_worker,moe_token_current,aligned,w01_s001,1,3,62,0.8387096774193549
trap,next_5_8,heldout_worker,moe_token_current,aligned,w01_s002,1,2,61,0.6065573770491803
trap,next_5_8,heldout_worker,moe_token_current,aligned,w01_s003,1,2,47,0.5531914893617021
trap,next_5_8,heldout_worker,moe_token_current,aligned,w01_s004,1,2,62,0.5161290322580646
trap,next_5_8,heldout_worker,moe_token_current,aligned,w02_s000,2,4,80,0.5125
trap,next_5_8,heldout_worker,moe_token_current,aligned,w02_s001,2,3,87,0.7126436781609196
trap,next_5_8,heldout_worker,moe_token_current,aligned,w02_s002,2,3,84,0.6428571428571429
trap,next_5_8,heldout_worker,moe_token_current,aligned,w02_s003,2,3,86,0.45348837209302323
trap,next_5_8,heldout_worker,moe_token_current,aligned,w02_s004,2,4,95,0.6631578947368421
trap,next_5_8,heldout_worker,moe_token_current,aligned,w03_s004,3,1,15,0.4
trap,next_5_8,heldout_worker,moe_token_current,aligned,w03_s005,3,1,15,0.9333333333333333
trap,next_5_8,heldout_worker,physical_action+token_current,aligned,w00_s000,0,1,55,1.0
trap,next_5_8,heldout_worker,physical_action+token_current,aligned,w00_s001,0,3,62,1.0
trap,next_5_8,heldout_worker,physical_action+token_current,aligned,w00_s002,0,2,80,0.85
trap,next_5_8,heldout_worker,physical_action+token_current,aligned,w00_s003,0,4,85,0.8941176470588236
trap,next_5_8,heldout_worker,physical_action+token_current,aligned,w00_s004,0,2,71,0.9295774647887324
trap,next_5_8,heldout_worker,physical_action+token_current,aligned,w00_s005,0,4,78,0.9230769230769231
trap,next_5_8,heldout_worker,physical_action+token_current,aligned,w01_s000,1,3,69,0.7391304347826086
trap,next_5_8,heldout_worker,physical_action+token_current,aligned,w01_s001,1,3,62,0.8064516129032258
trap,next_5_8,heldout_worker,physical_action+token_current,aligned,w01_s002,1,2,61,0.8032786885245903
trap,next_5_8,heldout_worker,physical_action+token_current,aligned,w01_s003,1,2,47,0.6595744680851063
trap,next_5_8,heldout_worker,physical_action+token_current,aligned,w01_s004,1,2,62,0.7741935483870968
trap,next_5_8,heldout_worker,physical_action+token_current,aligned,w02_s000,2,4,80,0.65
trap,next_5_8,heldout_worker,physical_action+token_current,aligned,w02_s001,2,3,87,0.7931034482758621
trap,next_5_8,heldout_worker,physical_action+token_current,aligned,w02_s002,2,3,84,0.8452380952380952
trap,next_5_8,heldout_worker,physical_action+token_current,aligned,w02_s003,2,3,86,0.9069767441860465
trap,next_5_8,heldout_worker,physical_action+token_current,aligned,w02_s004,2,4,95,0.7052631578947368
trap,next_5_8,heldout_worker,physical_action+token_current,aligned,w03_s004,3,1,15,0.7333333333333333
trap,next_5_8,heldout_worker,physical_action+token_current,aligned,w03_s005,3,1,15,0.9333333333333333
trap,next_5_8,heldout_worker,physical+token_current,aligned,w00_s000,0,1,55,0.9272727272727272
trap,next_5_8,heldout_worker,physical+token_current,aligned,w00_s001,0,3,62,0.9516129032258065
trap,next_5_8,heldout_worker,physical+token_current,aligned,w00_s002,0,2,80,0.875
trap,next_5_8,heldout_worker,physical+token_current,aligned,w00_s003,0,4,85,0.9294117647058824
trap,next_5_8,heldout_worker,physical+token_current,aligned,w00_s004,0,2,71,0.9577464788732394
trap,next_5_8,heldout_worker,physical+token_current,aligned,w00_s005,0,4,78,0.8717948717948718
trap,next_5_8,heldout_worker,physical+token_current,aligned,w01_s000,1,3,69,0.7536231884057971
trap,next_5_8,heldout_worker,physical+token_current,aligned,w01_s001,1,3,62,0.9193548387096774
trap,next_5_8,heldout_worker,physical+token_current,aligned,w01_s002,1,2,61,0.6885245901639344
trap,next_5_8,heldout_worker,physical+token_current,aligned,w01_s003,1,2,47,0.4893617021276595
trap,next_5_8,heldout_worker,physical+token_current,aligned,w01_s004,1,2,62,0.5483870967741935
trap,next_5_8,heldout_worker,physical+token_current,aligned,w02_s000,2,4,80,0.7625
trap,next_5_8,heldout_worker,physical+token_current,aligned,w02_s001,2,3,87,0.7701149425287356
trap,next_5_8,heldout_worker,physical+token_current,aligned,w02_s002,2,3,84,0.8095238095238095
trap,next_5_8,heldout_worker,physical+token_current,aligned,w02_s003,2,3,86,0.7906976744186046
trap,next_5_8,heldout_worker,physical+token_current,aligned,w02_s004,2,4,95,0.5157894736842106
trap,next_5_8,heldout_worker,physical+token_current,aligned,w03_s004,3,1,15,0.6
trap,next_5_8,heldout_worker,physical+token_current,aligned,w03_s005,3,1,15,0.9333333333333333
trap,next_5_8,heldout_worker,physical_action+token_current,shift_1,w00_s000,0,1,55,0.9636363636363636
trap,next_5_8,heldout_worker,physical_action+token_current,shift_1,w00_s001,0,3,62,0.967741935483871
trap,next_5_8,heldout_worker,physical_action+token_current,shift_1,w00_s002,0,2,80,0.8375
trap,next_5_8,heldout_worker,physical_action+token_current,shift_1,w00_s003,0,4,85,0.9176470588235294
trap,next_5_8,heldout_worker,physical_action+token_current,shift_1,w00_s004,0,2,71,0.8309859154929577
trap,next_5_8,heldout_worker,physical_action+token_current,shift_1,w00_s005,0,4,78,0.8076923076923077
trap,next_5_8,heldout_worker,physical_action+token_current,shift_1,w01_s000,1,3,69,0.7391304347826086
trap,next_5_8,heldout_worker,physical_action+token_current,shift_1,w01_s001,1,3,62,0.7258064516129032
trap,next_5_8,heldout_worker,physical_action+token_current,shift_1,w01_s002,1,2,61,0.7049180327868851
trap,next_5_8,heldout_worker,physical_action+token_current,shift_1,w01_s003,1,2,47,0.7446808510638298
trap,next_5_8,heldout_worker,physical_action+token_current,shift_1,w01_s004,1,2,62,0.7096774193548387
trap,next_5_8,heldout_worker,physical_action+token_current,shift_1,w02_s000,2,4,80,0.6625
trap,next_5_8,heldout_worker,physical_action+token_current,shift_1,w02_s001,2,3,87,0.7471264367816092
trap,next_5_8,heldout_worker,physical_action+token_current,shift_1,w02_s002,2,3,84,0.7738095238095238
trap,next_5_8,heldout_worker,physical_action+token_current,shift_1,w02_s003,2,3,86,0.9767441860465116
trap,next_5_8,heldout_worker,physical_action+token_current,shift_1,w02_s004,2,4,95,0.7052631578947368
trap,next_5_8,heldout_worker,physical_action+token_current,shift_1,w03_s004,3,1,15,0.8
trap,next_5_8,heldout_worker,physical_action+token_current,shift_1,w03_s005,3,1,15,0.8666666666666667
trap,next_5_8,heldout_worker,physical+token_current,shift_1,w00_s000,0,1,55,0.8181818181818182
trap,next_5_8,heldout_worker,physical+token_current,shift_1,w00_s001,0,3,62,0.7419354838709677
trap,next_5_8,heldout_worker,physical+token_current,shift_1,w00_s002,0,2,80,0.7
trap,next_5_8,heldout_worker,physical+token_current,shift_1,w00_s003,0,4,85,0.9058823529411765
trap,next_5_8,heldout_worker,physical+token_current,shift_1,w00_s004,0,2,71,0.8591549295774649
trap,next_5_8,heldout_worker,physical+token_current,shift_1,w00_s005,0,4,78,0.7692307692307692
trap,next_5_8,heldout_worker,physical+token_current,shift_1,w01_s000,1,3,69,0.4202898550724638
trap,next_5_8,heldout_worker,physical+token_current,shift_1,w01_s001,1,3,62,0.6935483870967742
trap,next_5_8,heldout_worker,physical+token_current,shift_1,w01_s002,1,2,61,0.7704918032786885
trap,next_5_8,heldout_worker,physical+token_current,shift_1,w01_s003,1,2,47,0.7446808510638298
trap,next_5_8,heldout_worker,physical+token_current,shift_1,w01_s004,1,2,62,0.5483870967741935
trap,next_5_8,heldout_worker,physical+token_current,shift_1,w02_s000,2,4,80,0.7
trap,next_5_8,heldout_worker,physical+token_current,shift_1,w02_s001,2,3,87,0.6781609195402298
trap,next_5_8,heldout_worker,physical+token_current,shift_1,w02_s002,2,3,84,0.6428571428571429
trap,next_5_8,heldout_worker,physical+token_current,shift_1,w02_s003,2,3,86,0.627906976744186
trap,next_5_8,heldout_worker,physical+token_current,shift_1,w02_s004,2,4,95,0.4
trap,next_5_8,heldout_worker,physical+token_current,shift_1,w03_s004,3,1,15,0.7333333333333333
trap,next_5_8,heldout_worker,physical+token_current,shift_1,w03_s005,3,1,15,0.4666666666666667
trap,next_5_8,heldout_worker,physical_action+token_current,shift_2,w00_s000,0,1,55,1.0
trap,next_5_8,heldout_worker,physical_action+token_current,shift_2,w00_s001,0,3,62,0.9838709677419355
trap,next_5_8,heldout_worker,physical_action+token_current,shift_2,w00_s002,0,2,80,0.9375
trap,next_5_8,heldout_worker,physical_action+token_current,shift_2,w00_s003,0,4,85,0.8823529411764706
trap,next_5_8,heldout_worker,physical_action+token_current,shift_2,w00_s004,0,2,71,0.7746478873239436
trap,next_5_8,heldout_worker,physical_action+token_current,shift_2,w00_s005,0,4,78,0.9102564102564102
trap,next_5_8,heldout_worker,physical_action+token_current,shift_2,w01_s000,1,3,69,0.7246376811594203
trap,next_5_8,heldout_worker,physical_action+token_current,shift_2,w01_s001,1,3,62,0.7419354838709677
trap,next_5_8,heldout_worker,physical_action+token_current,shift_2,w01_s002,1,2,61,0.7049180327868853
trap,next_5_8,heldout_worker,physical_action+token_current,shift_2,w01_s003,1,2,47,0.6808510638297872
trap,next_5_8,heldout_worker,physical_action+token_current,shift_2,w01_s004,1,2,62,0.8064516129032258
trap,next_5_8,heldout_worker,physical_action+token_current,shift_2,w02_s000,2,4,80,0.5625
trap,next_5_8,heldout_worker,physical_action+token_current,shift_2,w02_s001,2,3,87,0.735632183908046
trap,next_5_8,heldout_worker,physical_action+token_current,shift_2,w02_s002,2,3,84,0.7857142857142857
trap,next_5_8,heldout_worker,physical_action+token_current,shift_2,w02_s003,2,3,86,0.8953488372093024
trap,next_5_8,heldout_worker,physical_action+token_current,shift_2,w02_s004,2,4,95,0.7578947368421053
trap,next_5_8,heldout_worker,physical_action+token_current,shift_2,w03_s004,3,1,15,0.7333333333333333
trap,next_5_8,heldout_worker,physical_action+token_current,shift_2,w03_s005,3,1,15,0.9333333333333333
trap,next_5_8,heldout_worker,physical+token_current,shift_2,w00_s000,0,1,55,0.9272727272727272
trap,next_5_8,heldout_worker,physical+token_current,shift_2,w00_s001,0,3,62,0.8225806451612904
trap,next_5_8,heldout_worker,physical+token_current,shift_2,w00_s002,0,2,80,0.8875
trap,next_5_8,heldout_worker,physical+token_current,shift_2,w00_s003,0,4,85,0.8588235294117647
trap,next_5_8,heldout_worker,physical+token_current,shift_2,w00_s004,0,2,71,0.8591549295774648
trap,next_5_8,heldout_worker,physical+token_current,shift_2,w00_s005,0,4,78,0.7692307692307693
trap,next_5_8,heldout_worker,physical+token_current,shift_2,w01_s000,1,3,69,0.5217391304347826
trap,next_5_8,heldout_worker,physical+token_current,shift_2,w01_s001,1,3,62,0.7741935483870968
trap,next_5_8,heldout_worker,physical+token_current,shift_2,w01_s002,1,2,61,0.6229508196721312
trap,next_5_8,heldout_worker,physical+token_current,shift_2,w01_s003,1,2,47,0.6170212765957447
trap,next_5_8,heldout_worker,physical+token_current,shift_2,w01_s004,1,2,62,0.532258064516129
trap,next_5_8,heldout_worker,physical+token_current,shift_2,w02_s000,2,4,80,0.4625
trap,next_5_8,heldout_worker,physical+token_current,shift_2,w02_s001,2,3,87,0.6896551724137931
trap,next_5_8,heldout_worker,physical+token_current,shift_2,w02_s002,2,3,84,0.6666666666666666
trap,next_5_8,heldout_worker,physical+token_current,shift_2,w02_s003,2,3,86,0.6976744186046512
trap,next_5_8,heldout_worker,physical+token_current,shift_2,w02_s004,2,4,95,0.4631578947368421
trap,next_5_8,heldout_worker,physical+token_current,shift_2,w03_s004,3,1,15,0.6666666666666667
trap,next_5_8,heldout_worker,physical+token_current,shift_2,w03_s005,3,1,15,1.0
trap,next_5_8,heldout_worker,physical_action+token_current,shift_3,w00_s000,0,1,55,1.0
trap,next_5_8,heldout_worker,physical_action+token_current,shift_3,w00_s001,0,3,62,0.9838709677419355
trap,next_5_8,heldout_worker,physical_action+token_current,shift_3,w00_s002,0,2,80,0.95
trap,next_5_8,heldout_worker,physical_action+token_current,shift_3,w00_s003,0,4,85,0.8823529411764706
trap,next_5_8,heldout_worker,physical_action+token_current,shift_3,w00_s004,0,2,71,0.8309859154929577
trap,next_5_8,heldout_worker,physical_action+token_current,shift_3,w00_s005,0,4,78,0.8717948717948718
trap,next_5_8,heldout_worker,physical_action+token_current,shift_3,w01_s000,1,3,69,0.6956521739130435
trap,next_5_8,heldout_worker,physical_action+token_current,shift_3,w01_s001,1,3,62,0.7580645161290323
trap,next_5_8,heldout_worker,physical_action+token_current,shift_3,w01_s002,1,2,61,0.819672131147541
trap,next_5_8,heldout_worker,physical_action+token_current,shift_3,w01_s003,1,2,47,0.7446808510638298
trap,next_5_8,heldout_worker,physical_action+token_current,shift_3,w01_s004,1,2,62,0.7096774193548386
trap,next_5_8,heldout_worker,physical_action+token_current,shift_3,w02_s000,2,4,80,0.6625
trap,next_5_8,heldout_worker,physical_action+token_current,shift_3,w02_s001,2,3,87,0.6781609195402298
trap,next_5_8,heldout_worker,physical_action+token_current,shift_3,w02_s002,2,3,84,0.8333333333333334
trap,next_5_8,heldout_worker,physical_action+token_current,shift_3,w02_s003,2,3,86,0.8837209302325582
trap,next_5_8,heldout_worker,physical_action+token_current,shift_3,w02_s004,2,4,95,0.5894736842105263
trap,next_5_8,heldout_worker,physical_action+token_current,shift_3,w03_s004,3,1,15,0.8666666666666667
trap,next_5_8,heldout_worker,physical_action+token_current,shift_3,w03_s005,3,1,15,1.0
trap,next_5_8,heldout_worker,physical+token_current,shift_3,w00_s000,0,1,55,0.9818181818181818
trap,next_5_8,heldout_worker,physical+token_current,shift_3,w00_s001,0,3,62,0.5806451612903226
trap,next_5_8,heldout_worker,physical+token_current,shift_3,w00_s002,0,2,80,0.775
trap,next_5_8,heldout_worker,physical+token_current,shift_3,w00_s003,0,4,85,0.8823529411764706
trap,next_5_8,heldout_worker,physical+token_current,shift_3,w00_s004,0,2,71,0.8732394366197183
trap,next_5_8,heldout_worker,physical+token_current,shift_3,w00_s005,0,4,78,0.8461538461538461
trap,next_5_8,heldout_worker,physical+token_current,shift_3,w01_s000,1,3,69,0.782608695652174
trap,next_5_8,heldout_worker,physical+token_current,shift_3,w01_s001,1,3,62,0.5
trap,next_5_8,heldout_worker,physical+token_current,shift_3,w01_s002,1,2,61,0.7540983606557377
trap,next_5_8,heldout_worker,physical+token_current,shift_3,w01_s003,1,2,47,0.6382978723404256
trap,next_5_8,heldout_worker,physical+token_current,shift_3,w01_s004,1,2,62,0.5967741935483871
trap,next_5_8,heldout_worker,physical+token_current,shift_3,w02_s000,2,4,80,0.5875
trap,next_5_8,heldout_worker,physical+token_current,shift_3,w02_s001,2,3,87,0.5632183908045976
trap,next_5_8,heldout_worker,physical+token_current,shift_3,w02_s002,2,3,84,0.7380952380952381
trap,next_5_8,heldout_worker,physical+token_current,shift_3,w02_s003,2,3,86,0.627906976744186
trap,next_5_8,heldout_worker,physical+token_current,shift_3,w02_s004,2,4,95,0.4
trap,next_5_8,heldout_worker,physical+token_current,shift_3,w03_s004,3,1,15,0.6
trap,next_5_8,heldout_worker,physical+token_current,shift_3,w03_s005,3,1,15,0.8
trap,next_5_8,heldout_worker,moe_token_history,aligned,w00_s000,0,1,55,0.9272727272727272
trap,next_5_8,heldout_worker,moe_token_history,aligned,w00_s001,0,3,62,0.7903225806451613
trap,next_5_8,heldout_worker,moe_token_history,aligned,w00_s002,0,2,80,0.5375
trap,next_5_8,heldout_worker,moe_token_history,aligned,w00_s003,0,4,85,0.8941176470588236
trap,next_5_8,heldout_worker,moe_token_history,aligned,w00_s004,0,2,71,0.9577464788732394
trap,next_5_8,heldout_worker,moe_token_history,aligned,w00_s005,0,4,78,0.8461538461538461
trap,next_5_8,heldout_worker,moe_token_history,aligned,w01_s000,1,3,69,0.8840579710144928
trap,next_5_8,heldout_worker,moe_token_history,aligned,w01_s001,1,3,62,0.9838709677419355
trap,next_5_8,heldout_worker,moe_token_history,aligned,w01_s002,1,2,61,0.6065573770491803
trap,next_5_8,heldout_worker,moe_token_history,aligned,w01_s003,1,2,47,0.9574468085106383
trap,next_5_8,heldout_worker,moe_token_history,aligned,w01_s004,1,2,62,0.6935483870967742
trap,next_5_8,heldout_worker,moe_token_history,aligned,w02_s000,2,4,80,0.6249999999999999
trap,next_5_8,heldout_worker,moe_token_history,aligned,w02_s001,2,3,87,0.8735632183908046
trap,next_5_8,heldout_worker,moe_token_history,aligned,w02_s002,2,3,84,0.8095238095238095
trap,next_5_8,heldout_worker,moe_token_history,aligned,w02_s003,2,3,86,0.7209302325581395
trap,next_5_8,heldout_worker,moe_token_history,aligned,w02_s004,2,4,95,0.7368421052631579
trap,next_5_8,heldout_worker,moe_token_history,aligned,w03_s004,3,1,15,0.8
trap,next_5_8,heldout_worker,moe_token_history,aligned,w03_s005,3,1,15,1.0
trap,next_5_8,heldout_worker,physical_action+token_history,aligned,w00_s000,0,1,55,0.9454545454545454
trap,next_5_8,heldout_worker,physical_action+token_history,aligned,w00_s001,0,3,62,1.0
trap,next_5_8,heldout_worker,physical_action+token_history,aligned,w00_s002,0,2,80,0.8125
trap,next_5_8,heldout_worker,physical_action+token_history,aligned,w00_s003,0,4,85,0.8235294117647058
trap,next_5_8,heldout_worker,physical_action+token_history,aligned,w00_s004,0,2,71,0.8591549295774648
trap,next_5_8,heldout_worker,physical_action+token_history,aligned,w00_s005,0,4,78,0.8717948717948718
trap,next_5_8,heldout_worker,physical_action+token_history,aligned,w01_s000,1,3,69,0.6811594202898551
trap,next_5_8,heldout_worker,physical_action+token_history,aligned,w01_s001,1,3,62,0.7741935483870968
trap,next_5_8,heldout_worker,physical_action+token_history,aligned,w01_s002,1,2,61,0.819672131147541
trap,next_5_8,heldout_worker,physical_action+token_history,aligned,w01_s003,1,2,47,0.6170212765957447
trap,next_5_8,heldout_worker,physical_action+token_history,aligned,w01_s004,1,2,62,0.7258064516129032
trap,next_5_8,heldout_worker,physical_action+token_history,aligned,w02_s000,2,4,80,0.6875
trap,next_5_8,heldout_worker,physical_action+token_history,aligned,w02_s001,2,3,87,0.8505747126436781
trap,next_5_8,heldout_worker,physical_action+token_history,aligned,w02_s002,2,3,84,0.8214285714285714
trap,next_5_8,heldout_worker,physical_action+token_history,aligned,w02_s003,2,3,86,0.9186046511627907
trap,next_5_8,heldout_worker,physical_action+token_history,aligned,w02_s004,2,4,95,0.7578947368421053
trap,next_5_8,heldout_worker,physical_action+token_history,aligned,w03_s004,3,1,15,0.7333333333333333
trap,next_5_8,heldout_worker,physical_action+token_history,aligned,w03_s005,3,1,15,0.9333333333333333
trap,next_5_8,heldout_worker,physical+token_history,aligned,w00_s000,0,1,55,0.9636363636363636
trap,next_5_8,heldout_worker,physical+token_history,aligned,w00_s001,0,3,62,0.9032258064516129
trap,next_5_8,heldout_worker,physical+token_history,aligned,w00_s002,0,2,80,0.775
trap,next_5_8,heldout_worker,physical+token_history,aligned,w00_s003,0,4,85,0.9176470588235294
trap,next_5_8,heldout_worker,physical+token_history,aligned,w00_s004,0,2,71,0.9295774647887324
trap,next_5_8,heldout_worker,physical+token_history,aligned,w00_s005,0,4,78,0.8205128205128204
trap,next_5_8,heldout_worker,physical+token_history,aligned,w01_s000,1,3,69,0.8840579710144928
trap,next_5_8,heldout_worker,physical+token_history,aligned,w01_s001,1,3,62,1.0
trap,next_5_8,heldout_worker,physical+token_history,aligned,w01_s002,1,2,61,0.7049180327868853
trap,next_5_8,heldout_worker,physical+token_history,aligned,w01_s003,1,2,47,0.9361702127659575
trap,next_5_8,heldout_worker,physical+token_history,aligned,w01_s004,1,2,62,0.9032258064516129
trap,next_5_8,heldout_worker,physical+token_history,aligned,w02_s000,2,4,80,0.725
trap,next_5_8,heldout_worker,physical+token_history,aligned,w02_s001,2,3,87,0.7701149425287356
trap,next_5_8,heldout_worker,physical+token_history,aligned,w02_s002,2,3,84,0.7619047619047619
trap,next_5_8,heldout_worker,physical+token_history,aligned,w02_s003,2,3,86,0.7558139534883721
trap,next_5_8,heldout_worker,physical+token_history,aligned,w02_s004,2,4,95,0.6631578947368421
trap,next_5_8,heldout_worker,physical+token_history,aligned,w03_s004,3,1,15,0.8
trap,next_5_8,heldout_worker,physical+token_history,aligned,w03_s005,3,1,15,1.0
trap,next_5_8,heldout_worker,physical_action+token_history,shift_1,w00_s000,0,1,55,1.0
trap,next_5_8,heldout_worker,physical_action+token_history,shift_1,w00_s001,0,3,62,0.967741935483871
trap,next_5_8,heldout_worker,physical_action+token_history,shift_1,w00_s002,0,2,80,0.9125
trap,next_5_8,heldout_worker,physical_action+token_history,shift_1,w00_s003,0,4,85,0.788235294117647
trap,next_5_8,heldout_worker,physical_action+token_history,shift_1,w00_s004,0,2,71,0.8028169014084507
trap,next_5_8,heldout_worker,physical_action+token_history,shift_1,w00_s005,0,4,78,0.7948717948717949
trap,next_5_8,heldout_worker,physical_action+token_history,shift_1,w01_s000,1,3,69,0.7246376811594203
trap,next_5_8,heldout_worker,physical_action+token_history,shift_1,w01_s001,1,3,62,0.7419354838709677
trap,next_5_8,heldout_worker,physical_action+token_history,shift_1,w01_s002,1,2,61,0.7540983606557377
trap,next_5_8,heldout_worker,physical_action+token_history,shift_1,w01_s003,1,2,47,0.723404255319149
trap,next_5_8,heldout_worker,physical_action+token_history,shift_1,w01_s004,1,2,62,0.7419354838709677
trap,next_5_8,heldout_worker,physical_action+token_history,shift_1,w02_s000,2,4,80,0.625
trap,next_5_8,heldout_worker,physical_action+token_history,shift_1,w02_s001,2,3,87,0.8045977011494253
trap,next_5_8,heldout_worker,physical_action+token_history,shift_1,w02_s002,2,3,84,0.8095238095238095
trap,next_5_8,heldout_worker,physical_action+token_history,shift_1,w02_s003,2,3,86,0.9186046511627907
trap,next_5_8,heldout_worker,physical_action+token_history,shift_1,w02_s004,2,4,95,0.6842105263157895
trap,next_5_8,heldout_worker,physical_action+token_history,shift_1,w03_s004,3,1,15,0.7333333333333333
trap,next_5_8,heldout_worker,physical_action+token_history,shift_1,w03_s005,3,1,15,0.9333333333333333
trap,next_5_8,heldout_worker,physical+token_history,shift_1,w00_s000,0,1,55,0.8181818181818182
trap,next_5_8,heldout_worker,physical+token_history,shift_1,w00_s001,0,3,62,0.6774193548387096
trap,next_5_8,heldout_worker,physical+token_history,shift_1,w00_s002,0,2,80,0.6875
trap,next_5_8,heldout_worker,physical+token_history,shift_1,w00_s003,0,4,85,0.6235294117647059
trap,next_5_8,heldout_worker,physical+token_history,shift_1,w00_s004,0,2,71,0.6197183098591549
trap,next_5_8,heldout_worker,physical+token_history,shift_1,w00_s005,0,4,78,0.5897435897435898
trap,next_5_8,heldout_worker,physical+token_history,shift_1,w01_s000,1,3,69,0.42028985507246375
trap,next_5_8,heldout_worker,physical+token_history,shift_1,w01_s001,1,3,62,0.6129032258064516
trap,next_5_8,heldout_worker,physical+token_history,shift_1,w01_s002,1,2,61,0.7049180327868851
trap,next_5_8,heldout_worker,physical+token_history,shift_1,w01_s003,1,2,47,0.6808510638297871
trap,next_5_8,heldout_worker,physical+token_history,shift_1,w01_s004,1,2,62,0.25806451612903225
trap,next_5_8,heldout_worker,physical+token_history,shift_1,w02_s000,2,4,80,0.675
trap,next_5_8,heldout_worker,physical+token_history,shift_1,w02_s001,2,3,87,0.7011494252873564
trap,next_5_8,heldout_worker,physical+token_history,shift_1,w02_s002,2,3,84,0.6785714285714286
trap,next_5_8,heldout_worker,physical+token_history,shift_1,w02_s003,2,3,86,0.6162790697674418
trap,next_5_8,heldout_worker,physical+token_history,shift_1,w02_s004,2,4,95,0.4421052631578947
trap,next_5_8,heldout_worker,physical+token_history,shift_1,w03_s004,3,1,15,0.4
trap,next_5_8,heldout_worker,physical+token_history,shift_1,w03_s005,3,1,15,0.4666666666666667
trap,next_5_8,heldout_worker,physical_action+token_history,shift_2,w00_s000,0,1,55,1.0
trap,next_5_8,heldout_worker,physical_action+token_history,shift_2,w00_s001,0,3,62,1.0
trap,next_5_8,heldout_worker,physical_action+token_history,shift_2,w00_s002,0,2,80,0.975
trap,next_5_8,heldout_worker,physical_action+token_history,shift_2,w00_s003,0,4,85,0.8235294117647058
trap,next_5_8,heldout_worker,physical_action+token_history,shift_2,w00_s004,0,2,71,0.7323943661971832
trap,next_5_8,heldout_worker,physical_action+token_history,shift_2,w00_s005,0,4,78,0.8589743589743589
trap,next_5_8,heldout_worker,physical_action+token_history,shift_2,w01_s000,1,3,69,0.7246376811594203
trap,next_5_8,heldout_worker,physical_action+token_history,shift_2,w01_s001,1,3,62,0.7580645161290323
trap,next_5_8,heldout_worker,physical_action+token_history,shift_2,w01_s002,1,2,61,0.6721311475409836
trap,next_5_8,heldout_worker,physical_action+token_history,shift_2,w01_s003,1,2,47,0.6808510638297872
trap,next_5_8,heldout_worker,physical_action+token_history,shift_2,w01_s004,1,2,62,0.7903225806451613
trap,next_5_8,heldout_worker,physical_action+token_history,shift_2,w02_s000,2,4,80,0.5875
trap,next_5_8,heldout_worker,physical_action+token_history,shift_2,w02_s001,2,3,87,0.8275862068965517
trap,next_5_8,heldout_worker,physical_action+token_history,shift_2,w02_s002,2,3,84,0.7976190476190477
trap,next_5_8,heldout_worker,physical_action+token_history,shift_2,w02_s003,2,3,86,0.872093023255814
trap,next_5_8,heldout_worker,physical_action+token_history,shift_2,w02_s004,2,4,95,0.7368421052631579
trap,next_5_8,heldout_worker,physical_action+token_history,shift_2,w03_s004,3,1,15,0.8
trap,next_5_8,heldout_worker,physical_action+token_history,shift_2,w03_s005,3,1,15,0.8
trap,next_5_8,heldout_worker,physical+token_history,shift_2,w00_s000,0,1,55,0.8727272727272727
trap,next_5_8,heldout_worker,physical+token_history,shift_2,w00_s001,0,3,62,0.7258064516129032
trap,next_5_8,heldout_worker,physical+token_history,shift_2,w00_s002,0,2,80,0.8375
trap,next_5_8,heldout_worker,physical+token_history,shift_2,w00_s003,0,4,85,0.6235294117647059
trap,next_5_8,heldout_worker,physical+token_history,shift_2,w00_s004,0,2,71,0.49295774647887325
trap,next_5_8,heldout_worker,physical+token_history,shift_2,w00_s005,0,4,78,0.6794871794871795
trap,next_5_8,heldout_worker,physical+token_history,shift_2,w01_s000,1,3,69,0.5507246376811594
trap,next_5_8,heldout_worker,physical+token_history,shift_2,w01_s001,1,3,62,0.532258064516129
trap,next_5_8,heldout_worker,physical+token_history,shift_2,w01_s002,1,2,61,0.6885245901639344
trap,next_5_8,heldout_worker,physical+token_history,shift_2,w01_s003,1,2,47,0.46808510638297873
trap,next_5_8,heldout_worker,physical+token_history,shift_2,w01_s004,1,2,62,0.5806451612903226
trap,next_5_8,heldout_worker,physical+token_history,shift_2,w02_s000,2,4,80,0.35000000000000003
trap,next_5_8,heldout_worker,physical+token_history,shift_2,w02_s001,2,3,87,0.6666666666666666
trap,next_5_8,heldout_worker,physical+token_history,shift_2,w02_s002,2,3,84,0.5595238095238095
trap,next_5_8,heldout_worker,physical+token_history,shift_2,w02_s003,2,3,86,0.6627906976744186
trap,next_5_8,heldout_worker,physical+token_history,shift_2,w02_s004,2,4,95,0.4842105263157895
trap,next_5_8,heldout_worker,physical+token_history,shift_2,w03_s004,3,1,15,0.7333333333333333
trap,next_5_8,heldout_worker,physical+token_history,shift_2,w03_s005,3,1,15,0.8666666666666667
trap,next_5_8,heldout_worker,physical_action+token_history,shift_3,w00_s000,0,1,55,0.9636363636363636
trap,next_5_8,heldout_worker,physical_action+token_history,shift_3,w00_s001,0,3,62,0.9838709677419355
trap,next_5_8,heldout_worker,physical_action+token_history,shift_3,w00_s002,0,2,80,0.9375
trap,next_5_8,heldout_worker,physical_action+token_history,shift_3,w00_s003,0,4,85,0.8235294117647058
trap,next_5_8,heldout_worker,physical_action+token_history,shift_3,w00_s004,0,2,71,0.7605633802816902
trap,next_5_8,heldout_worker,physical_action+token_history,shift_3,w00_s005,0,4,78,0.9102564102564102
trap,next_5_8,heldout_worker,physical_action+token_history,shift_3,w01_s000,1,3,69,0.6811594202898551
trap,next_5_8,heldout_worker,physical_action+token_history,shift_3,w01_s001,1,3,62,0.7903225806451613
trap,next_5_8,heldout_worker,physical_action+token_history,shift_3,w01_s002,1,2,61,0.8032786885245903
trap,next_5_8,heldout_worker,physical_action+token_history,shift_3,w01_s003,1,2,47,0.7021276595744681
trap,next_5_8,heldout_worker,physical_action+token_history,shift_3,w01_s004,1,2,62,0.6451612903225806
trap,next_5_8,heldout_worker,physical_action+token_history,shift_3,w02_s000,2,4,80,0.65
trap,next_5_8,heldout_worker,physical_action+token_history,shift_3,w02_s001,2,3,87,0.6551724137931034
trap,next_5_8,heldout_worker,physical_action+token_history,shift_3,w02_s002,2,3,84,0.7976190476190477
trap,next_5_8,heldout_worker,physical_action+token_history,shift_3,w02_s003,2,3,86,0.8604651162790697
trap,next_5_8,heldout_worker,physical_action+token_history,shift_3,w02_s004,2,4,95,0.5578947368421052
trap,next_5_8,heldout_worker,physical_action+token_history,shift_3,w03_s004,3,1,15,0.8
trap,next_5_8,heldout_worker,physical_action+token_history,shift_3,w03_s005,3,1,15,1.0
trap,next_5_8,heldout_worker,physical+token_history,shift_3,w00_s000,0,1,55,0.8727272727272729
trap,next_5_8,heldout_worker,physical+token_history,shift_3,w00_s001,0,3,62,0.4838709677419355
trap,next_5_8,heldout_worker,physical+token_history,shift_3,w00_s002,0,2,80,0.675
trap,next_5_8,heldout_worker,physical+token_history,shift_3,w00_s003,0,4,85,0.7529411764705882
trap,next_5_8,heldout_worker,physical+token_history,shift_3,w00_s004,0,2,71,0.7746478873239436
trap,next_5_8,heldout_worker,physical+token_history,shift_3,w00_s005,0,4,78,0.7564102564102564
trap,next_5_8,heldout_worker,physical+token_history,shift_3,w01_s000,1,3,69,0.6086956521739131
trap,next_5_8,heldout_worker,physical+token_history,shift_3,w01_s001,1,3,62,0.46774193548387094
trap,next_5_8,heldout_worker,physical+token_history,shift_3,w01_s002,1,2,61,0.6885245901639344
trap,next_5_8,heldout_worker,physical+token_history,shift_3,w01_s003,1,2,47,0.7872340425531915
trap,next_5_8,heldout_worker,physical+token_history,shift_3,w01_s004,1,2,62,0.6935483870967741
trap,next_5_8,heldout_worker,physical+token_history,shift_3,w02_s000,2,4,80,0.6875
trap,next_5_8,heldout_worker,physical+token_history,shift_3,w02_s001,2,3,87,0.42528735632183906
trap,next_5_8,heldout_worker,physical+token_history,shift_3,w02_s002,2,3,84,0.6309523809523808
trap,next_5_8,heldout_worker,physical+token_history,shift_3,w02_s003,2,3,86,0.6162790697674418
trap,next_5_8,heldout_worker,physical+token_history,shift_3,w02_s004,2,4,95,0.29473684210526313
trap,next_5_8,heldout_worker,physical+token_history,shift_3,w03_s004,3,1,15,0.4
trap,next_5_8,heldout_worker,physical+token_history,shift_3,w03_s005,3,1,15,0.9333333333333333
trap,next_9_12,heldout_snapshot,rate_only,aligned,w00_s000,0,1,55,0.5
trap,next_9_12,heldout_snapshot,rate_only,aligned,w00_s005,0,5,86,0.5
trap,next_9_12,heldout_snapshot,rate_only,aligned,w01_s003,1,2,47,0.5
trap,next_9_12,heldout_snapshot,rate_only,aligned,w02_s001,2,3,84,0.5
trap,next_9_12,heldout_snapshot,rate_only,aligned,w03_s004,3,2,29,0.5
trap,next_9_12,heldout_snapshot,rate_only,aligned,w00_s001,0,3,62,0.5
trap,next_9_12,heldout_snapshot,rate_only,aligned,w01_s004,1,2,62,0.5
trap,next_9_12,heldout_snapshot,rate_only,aligned,w02_s002,2,3,84,0.5
trap,next_9_12,heldout_snapshot,rate_only,aligned,w03_s005,3,2,29,0.5
trap,next_9_12,heldout_snapshot,rate_only,aligned,w00_s002,0,2,80,0.5
trap,next_9_12,heldout_snapshot,rate_only,aligned,w01_s000,1,2,54,0.5
trap,next_9_12,heldout_snapshot,rate_only,aligned,w02_s003,2,3,86,0.5
trap,next_9_12,heldout_snapshot,rate_only,aligned,w03_s001,3,1,15,0.5
trap,next_9_12,heldout_snapshot,rate_only,aligned,w00_s003,0,5,88,0.5
trap,next_9_12,heldout_snapshot,rate_only,aligned,w01_s001,1,3,62,0.5
trap,next_9_12,heldout_snapshot,rate_only,aligned,w02_s004,2,4,95,0.5
trap,next_9_12,heldout_snapshot,rate_only,aligned,w00_s004,0,2,71,0.5
trap,next_9_12,heldout_snapshot,rate_only,aligned,w01_s002,1,2,61,0.5
trap,next_9_12,heldout_snapshot,rate_only,aligned,w02_s000,2,3,52,0.5
trap,next_9_12,heldout_snapshot,rate_only,aligned,w03_s003,3,1,15,0.5
trap,next_9_12,heldout_snapshot,physical_action,aligned,w00_s000,0,1,55,0.8545454545454545
trap,next_9_12,heldout_snapshot,physical_action,aligned,w00_s005,0,5,86,0.6860465116279071
trap,next_9_12,heldout_snapshot,physical_action,aligned,w01_s003,1,2,47,0.6808510638297872
trap,next_9_12,heldout_snapshot,physical_action,aligned,w02_s001,2,3,84,0.6190476190476191
trap,next_9_12,heldout_snapshot,physical_action,aligned,w03_s004,3,2,29,0.7586206896551724
trap,next_9_12,heldout_snapshot,physical_action,aligned,w00_s001,0,3,62,0.6612903225806451
trap,next_9_12,heldout_snapshot,physical_action,aligned,w01_s004,1,2,62,0.8548387096774194
trap,next_9_12,heldout_snapshot,physical_action,aligned,w02_s002,2,3,84,0.6547619047619048
trap,next_9_12,heldout_snapshot,physical_action,aligned,w03_s005,3,2,29,0.5862068965517241
trap,next_9_12,heldout_snapshot,physical_action,aligned,w00_s002,0,2,80,0.9125
trap,next_9_12,heldout_snapshot,physical_action,aligned,w01_s000,1,2,54,0.7407407407407407
trap,next_9_12,heldout_snapshot,physical_action,aligned,w02_s003,2,3,86,0.6395348837209303
trap,next_9_12,heldout_snapshot,physical_action,aligned,w03_s001,3,1,15,0.5333333333333333
trap,next_9_12,heldout_snapshot,physical_action,aligned,w00_s003,0,5,88,0.5
trap,next_9_12,heldout_snapshot,physical_action,aligned,w01_s001,1,3,62,0.7419354838709677
trap,next_9_12,heldout_snapshot,physical_action,aligned,w02_s004,2,4,95,0.6
trap,next_9_12,heldout_snapshot,physical_action,aligned,w00_s004,0,2,71,0.8028169014084509
trap,next_9_12,heldout_snapshot,physical_action,aligned,w01_s002,1,2,61,1.0
trap,next_9_12,heldout_snapshot,physical_action,aligned,w02_s000,2,3,52,0.8846153846153846
trap,next_9_12,heldout_snapshot,physical_action,aligned,w03_s003,3,1,15,0.8666666666666667
trap,next_9_12,heldout_snapshot,physical,aligned,w00_s000,0,1,55,0.7272727272727273
trap,next_9_12,heldout_snapshot,physical,aligned,w00_s005,0,5,86,0.6976744186046512
trap,next_9_12,heldout_snapshot,physical,aligned,w01_s003,1,2,47,0.574468085106383
trap,next_9_12,heldout_snapshot,physical,aligned,w02_s001,2,3,84,0.5238095238095238
trap,next_9_12,heldout_snapshot,physical,aligned,w03_s004,3,2,29,0.7931034482758621
trap,next_9_12,heldout_snapshot,physical,aligned,w00_s001,0,3,62,0.3387096774193548
trap,next_9_12,heldout_snapshot,physical,aligned,w01_s004,1,2,62,0.6774193548387096
trap,next_9_12,heldout_snapshot,physical,aligned,w02_s002,2,3,84,0.6309523809523809
trap,next_9_12,heldout_snapshot,physical,aligned,w03_s005,3,2,29,0.9310344827586207
trap,next_9_12,heldout_snapshot,physical,aligned,w00_s002,0,2,80,0.7375
trap,next_9_12,heldout_snapshot,physical,aligned,w01_s000,1,2,54,0.7222222222222222
trap,next_9_12,heldout_snapshot,physical,aligned,w02_s003,2,3,86,0.7558139534883721
trap,next_9_12,heldout_snapshot,physical,aligned,w03_s001,3,1,15,0.9333333333333333
trap,next_9_12,heldout_snapshot,physical,aligned,w00_s003,0,5,88,0.6477272727272727
trap,next_9_12,heldout_snapshot,physical,aligned,w01_s001,1,3,62,0.7580645161290323
trap,next_9_12,heldout_snapshot,physical,aligned,w02_s004,2,4,95,0.4842105263157895
trap,next_9_12,heldout_snapshot,physical,aligned,w00_s004,0,2,71,0.619718309859155
trap,next_9_12,heldout_snapshot,physical,aligned,w01_s002,1,2,61,0.11475409836065573
trap,next_9_12,heldout_snapshot,physical,aligned,w02_s000,2,3,52,0.7115384615384616
trap,next_9_12,heldout_snapshot,physical,aligned,w03_s003,3,1,15,1.0
trap,next_9_12,heldout_snapshot,moe_aggregate_current,aligned,w00_s000,0,1,55,0.8363636363636363
trap,next_9_12,heldout_snapshot,moe_aggregate_current,aligned,w00_s005,0,5,86,0.4883720930232558
trap,next_9_12,heldout_snapshot,moe_aggregate_current,aligned,w01_s003,1,2,47,0.6595744680851063
trap,next_9_12,heldout_snapshot,moe_aggregate_current,aligned,w02_s001,2,3,84,0.5238095238095238
trap,next_9_12,heldout_snapshot,moe_aggregate_current,aligned,w03_s004,3,2,29,1.0
trap,next_9_12,heldout_snapshot,moe_aggregate_current,aligned,w00_s001,0,3,62,0.5806451612903226
trap,next_9_12,heldout_snapshot,moe_aggregate_current,aligned,w01_s004,1,2,62,0.6290322580645162
trap,next_9_12,heldout_snapshot,moe_aggregate_current,aligned,w02_s002,2,3,84,0.42857142857142855
trap,next_9_12,heldout_snapshot,moe_aggregate_current,aligned,w03_s005,3,2,29,0.7931034482758621
trap,next_9_12,heldout_snapshot,moe_aggregate_current,aligned,w00_s002,0,2,80,0.625
trap,next_9_12,heldout_snapshot,moe_aggregate_current,aligned,w01_s000,1,2,54,0.6481481481481481
trap,next_9_12,heldout_snapshot,moe_aggregate_current,aligned,w02_s003,2,3,86,0.5465116279069767
trap,next_9_12,heldout_snapshot,moe_aggregate_current,aligned,w03_s001,3,1,15,1.0
trap,next_9_12,heldout_snapshot,moe_aggregate_current,aligned,w00_s003,0,5,88,0.8295454545454546
trap,next_9_12,heldout_snapshot,moe_aggregate_current,aligned,w01_s001,1,3,62,0.7419354838709677
trap,next_9_12,heldout_snapshot,moe_aggregate_current,aligned,w02_s004,2,4,95,0.49473684210526314
trap,next_9_12,heldout_snapshot,moe_aggregate_current,aligned,w00_s004,0,2,71,0.43661971830985913
trap,next_9_12,heldout_snapshot,moe_aggregate_current,aligned,w01_s002,1,2,61,0.42622950819672123
trap,next_9_12,heldout_snapshot,moe_aggregate_current,aligned,w02_s000,2,3,52,0.7692307692307693
trap,next_9_12,heldout_snapshot,moe_aggregate_current,aligned,w03_s003,3,1,15,0.4666666666666667
trap,next_9_12,heldout_snapshot,physical_action+aggregate_current,aligned,w00_s000,0,1,55,0.8545454545454545
trap,next_9_12,heldout_snapshot,physical_action+aggregate_current,aligned,w00_s005,0,5,86,0.7093023255813954
trap,next_9_12,heldout_snapshot,physical_action+aggregate_current,aligned,w01_s003,1,2,47,0.8085106382978723
trap,next_9_12,heldout_snapshot,physical_action+aggregate_current,aligned,w02_s001,2,3,84,0.619047619047619
trap,next_9_12,heldout_snapshot,physical_action+aggregate_current,aligned,w03_s004,3,2,29,0.8275862068965517
trap,next_9_12,heldout_snapshot,physical_action+aggregate_current,aligned,w00_s001,0,3,62,0.7903225806451613
trap,next_9_12,heldout_snapshot,physical_action+aggregate_current,aligned,w01_s004,1,2,62,0.7580645161290321
trap,next_9_12,heldout_snapshot,physical_action+aggregate_current,aligned,w02_s002,2,3,84,0.726190476190476
trap,next_9_12,heldout_snapshot,physical_action+aggregate_current,aligned,w03_s005,3,2,29,0.6206896551724138
trap,next_9_12,heldout_snapshot,physical_action+aggregate_current,aligned,w00_s002,0,2,80,0.8625
trap,next_9_12,heldout_snapshot,physical_action+aggregate_current,aligned,w01_s000,1,2,54,0.7962962962962963
trap,next_9_12,heldout_snapshot,physical_action+aggregate_current,aligned,w02_s003,2,3,86,0.7325581395348837
trap,next_9_12,heldout_snapshot,physical_action+aggregate_current,aligned,w03_s001,3,1,15,0.8666666666666667
trap,next_9_12,heldout_snapshot,physical_action+aggregate_current,aligned,w00_s003,0,5,88,0.5909090909090909
trap,next_9_12,heldout_snapshot,physical_action+aggregate_current,aligned,w01_s001,1,3,62,0.8225806451612904
trap,next_9_12,heldout_snapshot,physical_action+aggregate_current,aligned,w02_s004,2,4,95,0.6842105263157895
trap,next_9_12,heldout_snapshot,physical_action+aggregate_current,aligned,w00_s004,0,2,71,0.676056338028169
trap,next_9_12,heldout_snapshot,physical_action+aggregate_current,aligned,w01_s002,1,2,61,0.9016393442622951
trap,next_9_12,heldout_snapshot,physical_action+aggregate_current,aligned,w02_s000,2,3,52,1.0
trap,next_9_12,heldout_snapshot,physical_action+aggregate_current,aligned,w03_s003,3,1,15,0.8666666666666667
trap,next_9_12,heldout_snapshot,physical+aggregate_current,aligned,w00_s000,0,1,55,0.8545454545454545
trap,next_9_12,heldout_snapshot,physical+aggregate_current,aligned,w00_s005,0,5,86,0.627906976744186
trap,next_9_12,heldout_snapshot,physical+aggregate_current,aligned,w01_s003,1,2,47,0.5957446808510638
trap,next_9_12,heldout_snapshot,physical+aggregate_current,aligned,w02_s001,2,3,84,0.5119047619047619
trap,next_9_12,heldout_snapshot,physical+aggregate_current,aligned,w03_s004,3,2,29,0.8620689655172413
trap,next_9_12,heldout_snapshot,physical+aggregate_current,aligned,w00_s001,0,3,62,0.6774193548387096
trap,next_9_12,heldout_snapshot,physical+aggregate_current,aligned,w01_s004,1,2,62,0.7580645161290321
trap,next_9_12,heldout_snapshot,physical+aggregate_current,aligned,w02_s002,2,3,84,0.6071428571428571
trap,next_9_12,heldout_snapshot,physical+aggregate_current,aligned,w03_s005,3,2,29,0.7931034482758621
trap,next_9_12,heldout_snapshot,physical+aggregate_current,aligned,w00_s002,0,2,80,0.775
trap,next_9_12,heldout_snapshot,physical+aggregate_current,aligned,w01_s000,1,2,54,0.7407407407407407
trap,next_9_12,heldout_snapshot,physical+aggregate_current,aligned,w02_s003,2,3,86,0.7093023255813954
trap,next_9_12,heldout_snapshot,physical+aggregate_current,aligned,w03_s001,3,1,15,1.0
trap,next_9_12,heldout_snapshot,physical+aggregate_current,aligned,w00_s003,0,5,88,0.75
trap,next_9_12,heldout_snapshot,physical+aggregate_current,aligned,w01_s001,1,3,62,0.9032258064516129
trap,next_9_12,heldout_snapshot,physical+aggregate_current,aligned,w02_s004,2,4,95,0.5052631578947369
trap,next_9_12,heldout_snapshot,physical+aggregate_current,aligned,w00_s004,0,2,71,0.6338028169014085
trap,next_9_12,heldout_snapshot,physical+aggregate_current,aligned,w01_s002,1,2,61,0.3278688524590163
trap,next_9_12,heldout_snapshot,physical+aggregate_current,aligned,w02_s000,2,3,52,0.8846153846153846
trap,next_9_12,heldout_snapshot,physical+aggregate_current,aligned,w03_s003,3,1,15,0.9333333333333333
trap,next_9_12,heldout_snapshot,physical_action+aggregate_current,shift_1,w00_s000,0,1,55,0.9272727272727272
trap,next_9_12,heldout_snapshot,physical_action+aggregate_current,shift_1,w00_s005,0,5,86,0.6744186046511628
trap,next_9_12,heldout_snapshot,physical_action+aggregate_current,shift_1,w01_s003,1,2,47,0.5957446808510638
trap,next_9_12,heldout_snapshot,physical_action+aggregate_current,shift_1,w02_s001,2,3,84,0.5357142857142857
trap,next_9_12,heldout_snapshot,physical_action+aggregate_current,shift_1,w03_s004,3,2,29,0.6896551724137931
trap,next_9_12,heldout_snapshot,physical_action+aggregate_current,shift_1,w00_s001,0,3,62,0.7580645161290323
trap,next_9_12,heldout_snapshot,physical_action+aggregate_current,shift_1,w01_s004,1,2,62,0.22580645161290325
trap,next_9_12,heldout_snapshot,physical_action+aggregate_current,shift_1,w02_s002,2,3,84,0.7380952380952381
trap,next_9_12,heldout_snapshot,physical_action+aggregate_current,shift_1,w03_s005,3,2,29,0.5862068965517241
trap,next_9_12,heldout_snapshot,physical_action+aggregate_current,shift_1,w00_s002,0,2,80,0.8125
trap,next_9_12,heldout_snapshot,physical_action+aggregate_current,shift_1,w01_s000,1,2,54,0.5925925925925926
trap,next_9_12,heldout_snapshot,physical_action+aggregate_current,shift_1,w02_s003,2,3,86,0.5348837209302325
trap,next_9_12,heldout_snapshot,physical_action+aggregate_current,shift_1,w03_s001,3,1,15,0.4666666666666667
trap,next_9_12,heldout_snapshot,physical_action+aggregate_current,shift_1,w00_s003,0,5,88,0.5454545454545454
trap,next_9_12,heldout_snapshot,physical_action+aggregate_current,shift_1,w01_s001,1,3,62,0.8064516129032258
trap,next_9_12,heldout_snapshot,physical_action+aggregate_current,shift_1,w02_s004,2,4,95,0.631578947368421
trap,next_9_12,heldout_snapshot,physical_action+aggregate_current,shift_1,w00_s004,0,2,71,0.7746478873239436
trap,next_9_12,heldout_snapshot,physical_action+aggregate_current,shift_1,w01_s002,1,2,61,0.8688524590163935
trap,next_9_12,heldout_snapshot,physical_action+aggregate_current,shift_1,w02_s000,2,3,52,0.8653846153846154
trap,next_9_12,heldout_snapshot,physical_action+aggregate_current,shift_1,w03_s003,3,1,15,0.8666666666666667
trap,next_9_12,heldout_snapshot,physical+aggregate_current,shift_1,w00_s000,0,1,55,0.7636363636363637
trap,next_9_12,heldout_snapshot,physical+aggregate_current,shift_1,w00_s005,0,5,86,0.686046511627907
trap,next_9_12,heldout_snapshot,physical+aggregate_current,shift_1,w01_s003,1,2,47,0.3617021276595745
trap,next_9_12,heldout_snapshot,physical+aggregate_current,shift_1,w02_s001,2,3,84,0.4880952380952381
trap,next_9_12,heldout_snapshot,physical+aggregate_current,shift_1,w03_s004,3,2,29,0.7586206896551724
trap,next_9_12,heldout_snapshot,physical+aggregate_current,shift_1,w00_s001,0,3,62,0.6129032258064516
trap,next_9_12,heldout_snapshot,physical+aggregate_current,shift_1,w01_s004,1,2,62,0.11290322580645167
trap,next_9_12,heldout_snapshot,physical+aggregate_current,shift_1,w02_s002,2,3,84,0.6547619047619048
trap,next_9_12,heldout_snapshot,physical+aggregate_current,shift_1,w03_s005,3,2,29,0.6896551724137931
trap,next_9_12,heldout_snapshot,physical+aggregate_current,shift_1,w00_s002,0,2,80,0.7875
trap,next_9_12,heldout_snapshot,physical+aggregate_current,shift_1,w01_s000,1,2,54,0.5370370370370371
trap,next_9_12,heldout_snapshot,physical+aggregate_current,shift_1,w02_s003,2,3,86,0.5930232558139535
trap,next_9_12,heldout_snapshot,physical+aggregate_current,shift_1,w03_s001,3,1,15,0.9333333333333333
trap,next_9_12,heldout_snapshot,physical+aggregate_current,shift_1,w00_s003,0,5,88,0.7386363636363636
trap,next_9_12,heldout_snapshot,physical+aggregate_current,shift_1,w01_s001,1,3,62,0.5806451612903226
trap,next_9_12,heldout_snapshot,physical+aggregate_current,shift_1,w02_s004,2,4,95,0.4421052631578947
trap,next_9_12,heldout_snapshot,physical+aggregate_current,shift_1,w00_s004,0,2,71,0.704225352112676
trap,next_9_12,heldout_snapshot,physical+aggregate_current,shift_1,w01_s002,1,2,61,0.4262295081967214
trap,next_9_12,heldout_snapshot,physical+aggregate_current,shift_1,w02_s000,2,3,52,0.6730769230769231
trap,next_9_12,heldout_snapshot,physical+aggregate_current,shift_1,w03_s003,3,1,15,1.0
trap,next_9_12,heldout_snapshot,physical_action+aggregate_current,shift_2,w00_s000,0,1,55,0.8181818181818182
trap,next_9_12,heldout_snapshot,physical_action+aggregate_current,shift_2,w00_s005,0,5,86,0.6162790697674417
trap,next_9_12,heldout_snapshot,physical_action+aggregate_current,shift_2,w01_s003,1,2,47,0.7659574468085106
trap,next_9_12,heldout_snapshot,physical_action+aggregate_current,shift_2,w02_s001,2,3,84,0.5952380952380952
trap,next_9_12,heldout_snapshot,physical_action+aggregate_current,shift_2,w03_s004,3,2,29,0.6896551724137931
trap,next_9_12,heldout_snapshot,physical_action+aggregate_current,shift_2,w00_s001,0,3,62,0.6935483870967742
trap,next_9_12,heldout_snapshot,physical_action+aggregate_current,shift_2,w01_s004,1,2,62,0.8387096774193549
trap,next_9_12,heldout_snapshot,physical_action+aggregate_current,shift_2,w02_s002,2,3,84,0.7023809523809523
trap,next_9_12,heldout_snapshot,physical_action+aggregate_current,shift_2,w03_s005,3,2,29,0.5862068965517241
trap,next_9_12,heldout_snapshot,physical_action+aggregate_current,shift_2,w00_s002,0,2,80,0.8
trap,next_9_12,heldout_snapshot,physical_action+aggregate_current,shift_2,w01_s000,1,2,54,0.46296296296296297
trap,next_9_12,heldout_snapshot,physical_action+aggregate_current,shift_2,w02_s003,2,3,86,0.686046511627907
trap,next_9_12,heldout_snapshot,physical_action+aggregate_current,shift_2,w03_s001,3,1,15,0.4666666666666667
trap,next_9_12,heldout_snapshot,physical_action+aggregate_current,shift_2,w00_s003,0,5,88,0.6363636363636364
trap,next_9_12,heldout_snapshot,physical_action+aggregate_current,shift_2,w01_s001,1,3,62,0.7580645161290323
trap,next_9_12,heldout_snapshot,physical_action+aggregate_current,shift_2,w02_s004,2,4,95,0.6
trap,next_9_12,heldout_snapshot,physical_action+aggregate_current,shift_2,w00_s004,0,2,71,0.6619718309859155
trap,next_9_12,heldout_snapshot,physical_action+aggregate_current,shift_2,w01_s002,1,2,61,1.0
trap,next_9_12,heldout_snapshot,physical_action+aggregate_current,shift_2,w02_s000,2,3,52,0.8461538461538461
trap,next_9_12,heldout_snapshot,physical_action+aggregate_current,shift_2,w03_s003,3,1,15,0.8666666666666667
trap,next_9_12,heldout_snapshot,physical+aggregate_current,shift_2,w00_s000,0,1,55,0.6727272727272727
trap,next_9_12,heldout_snapshot,physical+aggregate_current,shift_2,w00_s005,0,5,86,0.627906976744186
trap,next_9_12,heldout_snapshot,physical+aggregate_current,shift_2,w01_s003,1,2,47,0.5957446808510638
trap,next_9_12,heldout_snapshot,physical+aggregate_current,shift_2,w02_s001,2,3,84,0.5595238095238095
trap,next_9_12,heldout_snapshot,physical+aggregate_current,shift_2,w03_s004,3,2,29,0.6896551724137931
trap,next_9_12,heldout_snapshot,physical+aggregate_current,shift_2,w00_s001,0,3,62,0.6290322580645161
trap,next_9_12,heldout_snapshot,physical+aggregate_current,shift_2,w01_s004,1,2,62,0.7258064516129032
trap,next_9_12,heldout_snapshot,physical+aggregate_current,shift_2,w02_s002,2,3,84,0.6190476190476191
trap,next_9_12,heldout_snapshot,physical+aggregate_current,shift_2,w03_s005,3,2,29,0.8275862068965517
trap,next_9_12,heldout_snapshot,physical+aggregate_current,shift_2,w00_s002,0,2,80,0.45
trap,next_9_12,heldout_snapshot,physical+aggregate_current,shift_2,w01_s000,1,2,54,0.4444444444444444
trap,next_9_12,heldout_snapshot,physical+aggregate_current,shift_2,w02_s003,2,3,86,0.7209302325581395
trap,next_9_12,heldout_snapshot,physical+aggregate_current,shift_2,w03_s001,3,1,15,0.9333333333333333
trap,next_9_12,heldout_snapshot,physical+aggregate_current,shift_2,w00_s003,0,5,88,0.7840909090909091
trap,next_9_12,heldout_snapshot,physical+aggregate_current,shift_2,w01_s001,1,3,62,0.5645161290322581
trap,next_9_12,heldout_snapshot,physical+aggregate_current,shift_2,w02_s004,2,4,95,0.4421052631578947
trap,next_9_12,heldout_snapshot,physical+aggregate_current,shift_2,w00_s004,0,2,71,0.6338028169014086
trap,next_9_12,heldout_snapshot,physical+aggregate_current,shift_2,w01_s002,1,2,61,0.6721311475409836
trap,next_9_12,heldout_snapshot,physical+aggregate_current,shift_2,w02_s000,2,3,52,0.6538461538461539
trap,next_9_12,heldout_snapshot,physical+aggregate_current,shift_2,w03_s003,3,1,15,1.0
trap,next_9_12,heldout_snapshot,physical_action+aggregate_current,shift_3,w00_s000,0,1,55,0.6545454545454545
trap,next_9_12,heldout_snapshot,physical_action+aggregate_current,shift_3,w00_s005,0,5,86,0.7209302325581395
trap,next_9_12,heldout_snapshot,physical_action+aggregate_current,shift_3,w01_s003,1,2,47,0.6382978723404255
trap,next_9_12,heldout_snapshot,physical_action+aggregate_current,shift_3,w02_s001,2,3,84,0.44047619047619047
trap,next_9_12,heldout_snapshot,physical_action+aggregate_current,shift_3,w03_s004,3,2,29,0.7586206896551724
trap,next_9_12,heldout_snapshot,physical_action+aggregate_current,shift_3,w00_s001,0,3,62,0.532258064516129
trap,next_9_12,heldout_snapshot,physical_action+aggregate_current,shift_3,w01_s004,1,2,62,0.4516129032258065
trap,next_9_12,heldout_snapshot,physical_action+aggregate_current,shift_3,w02_s002,2,3,84,0.6785714285714286
trap,next_9_12,heldout_snapshot,physical_action+aggregate_current,shift_3,w03_s005,3,2,29,0.4482758620689655
trap,next_9_12,heldout_snapshot,physical_action+aggregate_current,shift_3,w00_s002,0,2,80,0.7875
trap,next_9_12,heldout_snapshot,physical_action+aggregate_current,shift_3,w01_s000,1,2,54,0.5555555555555556
trap,next_9_12,heldout_snapshot,physical_action+aggregate_current,shift_3,w02_s003,2,3,86,0.5
trap,next_9_12,heldout_snapshot,physical_action+aggregate_current,shift_3,w03_s001,3,1,15,0.4666666666666667
trap,next_9_12,heldout_snapshot,physical_action+aggregate_current,shift_3,w00_s003,0,5,88,0.4659090909090909
trap,next_9_12,heldout_snapshot,physical_action+aggregate_current,shift_3,w01_s001,1,3,62,0.8387096774193549
trap,next_9_12,heldout_snapshot,physical_action+aggregate_current,shift_3,w02_s004,2,4,95,0.6526315789473685
trap,next_9_12,heldout_snapshot,physical_action+aggregate_current,shift_3,w00_s004,0,2,71,0.591549295774648
trap,next_9_12,heldout_snapshot,physical_action+aggregate_current,shift_3,w01_s002,1,2,61,0.7377049180327868
trap,next_9_12,heldout_snapshot,physical_action+aggregate_current,shift_3,w02_s000,2,3,52,0.8269230769230769
trap,next_9_12,heldout_snapshot,physical_action+aggregate_current,shift_3,w03_s003,3,1,15,0.8666666666666667
trap,next_9_12,heldout_snapshot,physical+aggregate_current,shift_3,w00_s000,0,1,55,0.41818181818181815
trap,next_9_12,heldout_snapshot,physical+aggregate_current,shift_3,w00_s005,0,5,86,0.686046511627907
trap,next_9_12,heldout_snapshot,physical+aggregate_current,shift_3,w01_s003,1,2,47,0.3404255319148936
trap,next_9_12,heldout_snapshot,physical+aggregate_current,shift_3,w02_s001,2,3,84,0.5
trap,next_9_12,heldout_snapshot,physical+aggregate_current,shift_3,w03_s004,3,2,29,0.7586206896551724
trap,next_9_12,heldout_snapshot,physical+aggregate_current,shift_3,w00_s001,0,3,62,0.41935483870967744
trap,next_9_12,heldout_snapshot,physical+aggregate_current,shift_3,w01_s004,1,2,62,0.3225806451612903
trap,next_9_12,heldout_snapshot,physical+aggregate_current,shift_3,w02_s002,2,3,84,0.6071428571428571
trap,next_9_12,heldout_snapshot,physical+aggregate_current,shift_3,w03_s005,3,2,29,0.41379310344827586
trap,next_9_12,heldout_snapshot,physical+aggregate_current,shift_3,w00_s002,0,2,80,0.7
trap,next_9_12,heldout_snapshot,physical+aggregate_current,shift_3,w01_s000,1,2,54,0.4074074074074074
trap,next_9_12,heldout_snapshot,physical+aggregate_current,shift_3,w02_s003,2,3,86,0.5
trap,next_9_12,heldout_snapshot,physical+aggregate_current,shift_3,w03_s001,3,1,15,1.0
trap,next_9_12,heldout_snapshot,physical+aggregate_current,shift_3,w00_s003,0,5,88,0.5113636363636364
trap,next_9_12,heldout_snapshot,physical+aggregate_current,shift_3,w01_s001,1,3,62,0.7741935483870968
trap,next_9_12,heldout_snapshot,physical+aggregate_current,shift_3,w02_s004,2,4,95,0.5368421052631579
trap,next_9_12,heldout_snapshot,physical+aggregate_current,shift_3,w00_s004,0,2,71,0.38028169014084506
trap,next_9_12,heldout_snapshot,physical+aggregate_current,shift_3,w01_s002,1,2,61,0.11475409836065574
trap,next_9_12,heldout_snapshot,physical+aggregate_current,shift_3,w02_s000,2,3,52,0.7307692307692307
trap,next_9_12,heldout_snapshot,physical+aggregate_current,shift_3,w03_s003,3,1,15,0.9333333333333333
trap,next_9_12,heldout_snapshot,moe_token_current,aligned,w00_s000,0,1,55,0.8545454545454545
trap,next_9_12,heldout_snapshot,moe_token_current,aligned,w00_s005,0,5,86,0.4069767441860465
trap,next_9_12,heldout_snapshot,moe_token_current,aligned,w01_s003,1,2,47,0.6382978723404256
trap,next_9_12,heldout_snapshot,moe_token_current,aligned,w02_s001,2,3,84,0.5833333333333334
trap,next_9_12,heldout_snapshot,moe_token_current,aligned,w03_s004,3,2,29,0.5172413793103449
trap,next_9_12,heldout_snapshot,moe_token_current,aligned,w00_s001,0,3,62,0.43548387096774194
trap,next_9_12,heldout_snapshot,moe_token_current,aligned,w01_s004,1,2,62,0.6935483870967742
trap,next_9_12,heldout_snapshot,moe_token_current,aligned,w02_s002,2,3,84,0.5952380952380952
trap,next_9_12,heldout_snapshot,moe_token_current,aligned,w03_s005,3,2,29,0.7241379310344828
trap,next_9_12,heldout_snapshot,moe_token_current,aligned,w00_s002,0,2,80,0.3625
trap,next_9_12,heldout_snapshot,moe_token_current,aligned,w01_s000,1,2,54,0.2777777777777778
trap,next_9_12,heldout_snapshot,moe_token_current,aligned,w02_s003,2,3,86,0.5930232558139535
trap,next_9_12,heldout_snapshot,moe_token_current,aligned,w03_s001,3,1,15,0.4666666666666667
trap,next_9_12,heldout_snapshot,moe_token_current,aligned,w00_s003,0,5,88,0.5681818181818182
trap,next_9_12,heldout_snapshot,moe_token_current,aligned,w01_s001,1,3,62,0.7580645161290323
trap,next_9_12,heldout_snapshot,moe_token_current,aligned,w02_s004,2,4,95,0.42105263157894735
trap,next_9_12,heldout_snapshot,moe_token_current,aligned,w00_s004,0,2,71,0.38028169014084506
trap,next_9_12,heldout_snapshot,moe_token_current,aligned,w01_s002,1,2,61,0.5081967213114753
trap,next_9_12,heldout_snapshot,moe_token_current,aligned,w02_s000,2,3,52,0.6346153846153846
trap,next_9_12,heldout_snapshot,moe_token_current,aligned,w03_s003,3,1,15,0.8666666666666667
trap,next_9_12,heldout_snapshot,physical_action+token_current,aligned,w00_s000,0,1,55,0.8363636363636363
trap,next_9_12,heldout_snapshot,physical_action+token_current,aligned,w00_s005,0,5,86,0.7790697674418605
trap,next_9_12,heldout_snapshot,physical_action+token_current,aligned,w01_s003,1,2,47,0.851063829787234
trap,next_9_12,heldout_snapshot,physical_action+token_current,aligned,w02_s001,2,3,84,0.6666666666666666
trap,next_9_12,heldout_snapshot,physical_action+token_current,aligned,w03_s004,3,2,29,0.8275862068965517
trap,next_9_12,heldout_snapshot,physical_action+token_current,aligned,w00_s001,0,3,62,0.7096774193548387
trap,next_9_12,heldout_snapshot,physical_action+token_current,aligned,w01_s004,1,2,62,0.6774193548387096
trap,next_9_12,heldout_snapshot,physical_action+token_current,aligned,w02_s002,2,3,84,0.7142857142857143
trap,next_9_12,heldout_snapshot,physical_action+token_current,aligned,w03_s005,3,2,29,0.5862068965517241
trap,next_9_12,heldout_snapshot,physical_action+token_current,aligned,w00_s002,0,2,80,0.825
trap,next_9_12,heldout_snapshot,physical_action+token_current,aligned,w01_s000,1,2,54,0.6111111111111112
trap,next_9_12,heldout_snapshot,physical_action+token_current,aligned,w02_s003,2,3,86,0.6395348837209303
trap,next_9_12,heldout_snapshot,physical_action+token_current,aligned,w03_s001,3,1,15,0.8666666666666667
trap,next_9_12,heldout_snapshot,physical_action+token_current,aligned,w00_s003,0,5,88,0.6022727272727273
trap,next_9_12,heldout_snapshot,physical_action+token_current,aligned,w01_s001,1,3,62,0.7741935483870968
trap,next_9_12,heldout_snapshot,physical_action+token_current,aligned,w02_s004,2,4,95,0.6526315789473685
trap,next_9_12,heldout_snapshot,physical_action+token_current,aligned,w00_s004,0,2,71,0.7464788732394366
trap,next_9_12,heldout_snapshot,physical_action+token_current,aligned,w01_s002,1,2,61,0.8524590163934428
trap,next_9_12,heldout_snapshot,physical_action+token_current,aligned,w02_s000,2,3,52,0.9615384615384616
trap,next_9_12,heldout_snapshot,physical_action+token_current,aligned,w03_s003,3,1,15,0.8666666666666667
trap,next_9_12,heldout_snapshot,physical+token_current,aligned,w00_s000,0,1,55,0.9636363636363636
trap,next_9_12,heldout_snapshot,physical+token_current,aligned,w00_s005,0,5,86,0.6395348837209303
trap,next_9_12,heldout_snapshot,physical+token_current,aligned,w01_s003,1,2,47,0.6170212765957446
trap,next_9_12,heldout_snapshot,physical+token_current,aligned,w02_s001,2,3,84,0.5595238095238095
trap,next_9_12,heldout_snapshot,physical+token_current,aligned,w03_s004,3,2,29,0.7931034482758621
trap,next_9_12,heldout_snapshot,physical+token_current,aligned,w00_s001,0,3,62,0.532258064516129
trap,next_9_12,heldout_snapshot,physical+token_current,aligned,w01_s004,1,2,62,0.7741935483870968
trap,next_9_12,heldout_snapshot,physical+token_current,aligned,w02_s002,2,3,84,0.7261904761904762
trap,next_9_12,heldout_snapshot,physical+token_current,aligned,w03_s005,3,2,29,0.6896551724137931
trap,next_9_12,heldout_snapshot,physical+token_current,aligned,w00_s002,0,2,80,0.7375
trap,next_9_12,heldout_snapshot,physical+token_current,aligned,w01_s000,1,2,54,0.48148148148148145
trap,next_9_12,heldout_snapshot,physical+token_current,aligned,w02_s003,2,3,86,0.627906976744186
trap,next_9_12,heldout_snapshot,physical+token_current,aligned,w03_s001,3,1,15,1.0
trap,next_9_12,heldout_snapshot,physical+token_current,aligned,w00_s003,0,5,88,0.5227272727272727
trap,next_9_12,heldout_snapshot,physical+token_current,aligned,w01_s001,1,3,62,0.7096774193548387
trap,next_9_12,heldout_snapshot,physical+token_current,aligned,w02_s004,2,4,95,0.45263157894736844
trap,next_9_12,heldout_snapshot,physical+token_current,aligned,w00_s004,0,2,71,0.5774647887323944
trap,next_9_12,heldout_snapshot,physical+token_current,aligned,w01_s002,1,2,61,0.5245901639344263
trap,next_9_12,heldout_snapshot,physical+token_current,aligned,w02_s000,2,3,52,0.8846153846153846
trap,next_9_12,heldout_snapshot,physical+token_current,aligned,w03_s003,3,1,15,1.0
trap,next_9_12,heldout_snapshot,physical_action+token_current,shift_1,w00_s000,0,1,55,0.9090909090909091
trap,next_9_12,heldout_snapshot,physical_action+token_current,shift_1,w00_s005,0,5,86,0.5813953488372093
trap,next_9_12,heldout_snapshot,physical_action+token_current,shift_1,w01_s003,1,2,47,0.7872340425531915
trap,next_9_12,heldout_snapshot,physical_action+token_current,shift_1,w02_s001,2,3,84,0.5952380952380952
trap,next_9_12,heldout_snapshot,physical_action+token_current,shift_1,w03_s004,3,2,29,0.7931034482758621
trap,next_9_12,heldout_snapshot,physical_action+token_current,shift_1,w00_s001,0,3,62,0.7741935483870968
trap,next_9_12,heldout_snapshot,physical_action+token_current,shift_1,w01_s004,1,2,62,0.3709677419354839
trap,next_9_12,heldout_snapshot,physical_action+token_current,shift_1,w02_s002,2,3,84,0.7976190476190477
trap,next_9_12,heldout_snapshot,physical_action+token_current,shift_1,w03_s005,3,2,29,0.6551724137931034
trap,next_9_12,heldout_snapshot,physical_action+token_current,shift_1,w00_s002,0,2,80,0.7375
trap,next_9_12,heldout_snapshot,physical_action+token_current,shift_1,w01_s000,1,2,54,0.5370370370370371
trap,next_9_12,heldout_snapshot,physical_action+token_current,shift_1,w02_s003,2,3,86,0.6046511627906976
trap,next_9_12,heldout_snapshot,physical_action+token_current,shift_1,w03_s001,3,1,15,0.6
trap,next_9_12,heldout_snapshot,physical_action+token_current,shift_1,w00_s003,0,5,88,0.5
trap,next_9_12,heldout_snapshot,physical_action+token_current,shift_1,w01_s001,1,3,62,0.7419354838709677
trap,next_9_12,heldout_snapshot,physical_action+token_current,shift_1,w02_s004,2,4,95,0.6105263157894737
trap,next_9_12,heldout_snapshot,physical_action+token_current,shift_1,w00_s004,0,2,71,0.7323943661971831
trap,next_9_12,heldout_snapshot,physical_action+token_current,shift_1,w01_s002,1,2,61,0.8360655737704918
trap,next_9_12,heldout_snapshot,physical_action+token_current,shift_1,w02_s000,2,3,52,0.8653846153846154
trap,next_9_12,heldout_snapshot,physical_action+token_current,shift_1,w03_s003,3,1,15,0.8666666666666667
trap,next_9_12,heldout_snapshot,physical+token_current,shift_1,w00_s000,0,1,55,0.8545454545454545
trap,next_9_12,heldout_snapshot,physical+token_current,shift_1,w00_s005,0,5,86,0.6744186046511629
trap,next_9_12,heldout_snapshot,physical+token_current,shift_1,w01_s003,1,2,47,0.2553191489361702
trap,next_9_12,heldout_snapshot,physical+token_current,shift_1,w02_s001,2,3,84,0.5952380952380952
trap,next_9_12,heldout_snapshot,physical+token_current,shift_1,w03_s004,3,2,29,0.7931034482758621
trap,next_9_12,heldout_snapshot,physical+token_current,shift_1,w00_s001,0,3,62,0.7096774193548387
trap,next_9_12,heldout_snapshot,physical+token_current,shift_1,w01_s004,1,2,62,0.11290322580645161
trap,next_9_12,heldout_snapshot,physical+token_current,shift_1,w02_s002,2,3,84,0.7023809523809523
trap,next_9_12,heldout_snapshot,physical+token_current,shift_1,w03_s005,3,2,29,0.9310344827586207
trap,next_9_12,heldout_snapshot,physical+token_current,shift_1,w00_s002,0,2,80,0.5625
trap,next_9_12,heldout_snapshot,physical+token_current,shift_1,w01_s000,1,2,54,0.6296296296296297
trap,next_9_12,heldout_snapshot,physical+token_current,shift_1,w02_s003,2,3,86,0.6511627906976745
trap,next_9_12,heldout_snapshot,physical+token_current,shift_1,w03_s001,3,1,15,0.9333333333333333
trap,next_9_12,heldout_snapshot,physical+token_current,shift_1,w00_s003,0,5,88,0.48863636363636365
trap,next_9_12,heldout_snapshot,physical+token_current,shift_1,w01_s001,1,3,62,0.6290322580645161
trap,next_9_12,heldout_snapshot,physical+token_current,shift_1,w02_s004,2,4,95,0.5684210526315789
trap,next_9_12,heldout_snapshot,physical+token_current,shift_1,w00_s004,0,2,71,0.5211267605633803
trap,next_9_12,heldout_snapshot,physical+token_current,shift_1,w01_s002,1,2,61,0.39344262295081966
trap,next_9_12,heldout_snapshot,physical+token_current,shift_1,w02_s000,2,3,52,0.6153846153846154
trap,next_9_12,heldout_snapshot,physical+token_current,shift_1,w03_s003,3,1,15,1.0
trap,next_9_12,heldout_snapshot,physical_action+token_current,shift_2,w00_s000,0,1,55,0.8181818181818182
trap,next_9_12,heldout_snapshot,physical_action+token_current,shift_2,w00_s005,0,5,86,0.7209302325581395
trap,next_9_12,heldout_snapshot,physical_action+token_current,shift_2,w01_s003,1,2,47,0.6595744680851063
trap,next_9_12,heldout_snapshot,physical_action+token_current,shift_2,w02_s001,2,3,84,0.5952380952380952
trap,next_9_12,heldout_snapshot,physical_action+token_current,shift_2,w03_s004,3,2,29,0.7241379310344828
trap,next_9_12,heldout_snapshot,physical_action+token_current,shift_2,w00_s001,0,3,62,0.7096774193548387
trap,next_9_12,heldout_snapshot,physical_action+token_current,shift_2,w01_s004,1,2,62,0.8870967741935484
trap,next_9_12,heldout_snapshot,physical_action+token_current,shift_2,w02_s002,2,3,84,0.6428571428571429
trap,next_9_12,heldout_snapshot,physical_action+token_current,shift_2,w03_s005,3,2,29,0.6206896551724138
trap,next_9_12,heldout_snapshot,physical_action+token_current,shift_2,w00_s002,0,2,80,0.4875
trap,next_9_12,heldout_snapshot,physical_action+token_current,shift_2,w01_s000,1,2,54,0.46296296296296297
trap,next_9_12,heldout_snapshot,physical_action+token_current,shift_2,w02_s003,2,3,86,0.5930232558139535
trap,next_9_12,heldout_snapshot,physical_action+token_current,shift_2,w03_s001,3,1,15,0.5333333333333333
trap,next_9_12,heldout_snapshot,physical_action+token_current,shift_2,w00_s003,0,5,88,0.5454545454545454
trap,next_9_12,heldout_snapshot,physical_action+token_current,shift_2,w01_s001,1,3,62,0.8548387096774194
trap,next_9_12,heldout_snapshot,physical_action+token_current,shift_2,w02_s004,2,4,95,0.6
trap,next_9_12,heldout_snapshot,physical_action+token_current,shift_2,w00_s004,0,2,71,0.6056338028169014
trap,next_9_12,heldout_snapshot,physical_action+token_current,shift_2,w01_s002,1,2,61,0.9672131147540983
trap,next_9_12,heldout_snapshot,physical_action+token_current,shift_2,w02_s000,2,3,52,0.6730769230769231
trap,next_9_12,heldout_snapshot,physical_action+token_current,shift_2,w03_s003,3,1,15,0.8666666666666667
trap,next_9_12,heldout_snapshot,physical+token_current,shift_2,w00_s000,0,1,55,0.6909090909090909
trap,next_9_12,heldout_snapshot,physical+token_current,shift_2,w00_s005,0,5,86,0.7558139534883721
trap,next_9_12,heldout_snapshot,physical+token_current,shift_2,w01_s003,1,2,47,0.4680851063829786
trap,next_9_12,heldout_snapshot,physical+token_current,shift_2,w02_s001,2,3,84,0.42857142857142855
trap,next_9_12,heldout_snapshot,physical+token_current,shift_2,w03_s004,3,2,29,0.8620689655172413
trap,next_9_12,heldout_snapshot,physical+token_current,shift_2,w00_s001,0,3,62,0.7096774193548387
trap,next_9_12,heldout_snapshot,physical+token_current,shift_2,w01_s004,1,2,62,0.8387096774193548
trap,next_9_12,heldout_snapshot,physical+token_current,shift_2,w02_s002,2,3,84,0.5238095238095238
trap,next_9_12,heldout_snapshot,physical+token_current,shift_2,w03_s005,3,2,29,0.896551724137931
trap,next_9_12,heldout_snapshot,physical+token_current,shift_2,w00_s002,0,2,80,0.2875
trap,next_9_12,heldout_snapshot,physical+token_current,shift_2,w01_s000,1,2,54,0.5740740740740741
trap,next_9_12,heldout_snapshot,physical+token_current,shift_2,w02_s003,2,3,86,0.5
trap,next_9_12,heldout_snapshot,physical+token_current,shift_2,w03_s001,3,1,15,1.0
trap,next_9_12,heldout_snapshot,physical+token_current,shift_2,w00_s003,0,5,88,0.5340909090909091
trap,next_9_12,heldout_snapshot,physical+token_current,shift_2,w01_s001,1,3,62,0.6451612903225806
trap,next_9_12,heldout_snapshot,physical+token_current,shift_2,w02_s004,2,4,95,0.5578947368421052
trap,next_9_12,heldout_snapshot,physical+token_current,shift_2,w00_s004,0,2,71,0.5492957746478874
trap,next_9_12,heldout_snapshot,physical+token_current,shift_2,w01_s002,1,2,61,0.5573770491803278
trap,next_9_12,heldout_snapshot,physical+token_current,shift_2,w02_s000,2,3,52,0.6346153846153846
trap,next_9_12,heldout_snapshot,physical+token_current,shift_2,w03_s003,3,1,15,1.0
trap,next_9_12,heldout_snapshot,physical_action+token_current,shift_3,w00_s000,0,1,55,0.5636363636363636
trap,next_9_12,heldout_snapshot,physical_action+token_current,shift_3,w00_s005,0,5,86,0.6511627906976745
trap,next_9_12,heldout_snapshot,physical_action+token_current,shift_3,w01_s003,1,2,47,0.5319148936170213
trap,next_9_12,heldout_snapshot,physical_action+token_current,shift_3,w02_s001,2,3,84,0.5119047619047619
trap,next_9_12,heldout_snapshot,physical_action+token_current,shift_3,w03_s004,3,2,29,0.7586206896551724
trap,next_9_12,heldout_snapshot,physical_action+token_current,shift_3,w00_s001,0,3,62,0.6935483870967742
trap,next_9_12,heldout_snapshot,physical_action+token_current,shift_3,w01_s004,1,2,62,0.5161290322580645
trap,next_9_12,heldout_snapshot,physical_action+token_current,shift_3,w02_s002,2,3,84,0.7142857142857143
trap,next_9_12,heldout_snapshot,physical_action+token_current,shift_3,w03_s005,3,2,29,0.5517241379310345
trap,next_9_12,heldout_snapshot,physical_action+token_current,shift_3,w00_s002,0,2,80,0.75
trap,next_9_12,heldout_snapshot,physical_action+token_current,shift_3,w01_s000,1,2,54,0.6296296296296295
trap,next_9_12,heldout_snapshot,physical_action+token_current,shift_3,w02_s003,2,3,86,0.6395348837209303
trap,next_9_12,heldout_snapshot,physical_action+token_current,shift_3,w03_s001,3,1,15,0.5333333333333333
trap,next_9_12,heldout_snapshot,physical_action+token_current,shift_3,w00_s003,0,5,88,0.4772727272727273
trap,next_9_12,heldout_snapshot,physical_action+token_current,shift_3,w01_s001,1,3,62,0.7741935483870968
trap,next_9_12,heldout_snapshot,physical_action+token_current,shift_3,w02_s004,2,4,95,0.6631578947368421
trap,next_9_12,heldout_snapshot,physical_action+token_current,shift_3,w00_s004,0,2,71,0.8169014084507042
trap,next_9_12,heldout_snapshot,physical_action+token_current,shift_3,w01_s002,1,2,61,0.819672131147541
trap,next_9_12,heldout_snapshot,physical_action+token_current,shift_3,w02_s000,2,3,52,0.9230769230769231
trap,next_9_12,heldout_snapshot,physical_action+token_current,shift_3,w03_s003,3,1,15,0.8666666666666667
trap,next_9_12,heldout_snapshot,physical+token_current,shift_3,w00_s000,0,1,55,0.4
trap,next_9_12,heldout_snapshot,physical+token_current,shift_3,w00_s005,0,5,86,0.7325581395348837
trap,next_9_12,heldout_snapshot,physical+token_current,shift_3,w01_s003,1,2,47,0.5531914893617021
trap,next_9_12,heldout_snapshot,physical+token_current,shift_3,w02_s001,2,3,84,0.5476190476190477
trap,next_9_12,heldout_snapshot,physical+token_current,shift_3,w03_s004,3,2,29,0.6551724137931034
trap,next_9_12,heldout_snapshot,physical+token_current,shift_3,w00_s001,0,3,62,0.5967741935483871
trap,next_9_12,heldout_snapshot,physical+token_current,shift_3,w01_s004,1,2,62,0.4032258064516129
trap,next_9_12,heldout_snapshot,physical+token_current,shift_3,w02_s002,2,3,84,0.5238095238095238
trap,next_9_12,heldout_snapshot,physical+token_current,shift_3,w03_s005,3,2,29,0.4482758620689655
trap,next_9_12,heldout_snapshot,physical+token_current,shift_3,w00_s002,0,2,80,0.7375
trap,next_9_12,heldout_snapshot,physical+token_current,shift_3,w01_s000,1,2,54,0.7222222222222222
trap,next_9_12,heldout_snapshot,physical+token_current,shift_3,w02_s003,2,3,86,0.6162790697674418
trap,next_9_12,heldout_snapshot,physical+token_current,shift_3,w03_s001,3,1,15,0.9333333333333333
trap,next_9_12,heldout_snapshot,physical+token_current,shift_3,w00_s003,0,5,88,0.5909090909090909
trap,next_9_12,heldout_snapshot,physical+token_current,shift_3,w01_s001,1,3,62,0.6129032258064516
trap,next_9_12,heldout_snapshot,physical+token_current,shift_3,w02_s004,2,4,95,0.4631578947368421
trap,next_9_12,heldout_snapshot,physical+token_current,shift_3,w00_s004,0,2,71,0.5492957746478874
trap,next_9_12,heldout_snapshot,physical+token_current,shift_3,w01_s002,1,2,61,0.22950819672131145
trap,next_9_12,heldout_snapshot,physical+token_current,shift_3,w02_s000,2,3,52,0.7115384615384616
trap,next_9_12,heldout_snapshot,physical+token_current,shift_3,w03_s003,3,1,15,1.0
trap,next_9_12,heldout_snapshot,moe_token_history,aligned,w00_s000,0,1,55,0.7454545454545455
trap,next_9_12,heldout_snapshot,moe_token_history,aligned,w00_s005,0,5,86,0.3023255813953488
trap,next_9_12,heldout_snapshot,moe_token_history,aligned,w01_s003,1,2,47,0.7021276595744681
trap,next_9_12,heldout_snapshot,moe_token_history,aligned,w02_s001,2,3,84,0.5595238095238095
trap,next_9_12,heldout_snapshot,moe_token_history,aligned,w03_s004,3,2,29,0.7931034482758621
trap,next_9_12,heldout_snapshot,moe_token_history,aligned,w00_s001,0,3,62,0.41935483870967744
trap,next_9_12,heldout_snapshot,moe_token_history,aligned,w01_s004,1,2,62,0.7741935483870968
trap,next_9_12,heldout_snapshot,moe_token_history,aligned,w02_s002,2,3,84,0.6428571428571429
trap,next_9_12,heldout_snapshot,moe_token_history,aligned,w03_s005,3,2,29,0.6896551724137931
trap,next_9_12,heldout_snapshot,moe_token_history,aligned,w00_s002,0,2,80,0.4625
trap,next_9_12,heldout_snapshot,moe_token_history,aligned,w01_s000,1,2,54,0.3518518518518518
trap,next_9_12,heldout_snapshot,moe_token_history,aligned,w02_s003,2,3,86,0.6162790697674418
trap,next_9_12,heldout_snapshot,moe_token_history,aligned,w03_s001,3,1,15,0.8
trap,next_9_12,heldout_snapshot,moe_token_history,aligned,w00_s003,0,5,88,0.625
trap,next_9_12,heldout_snapshot,moe_token_history,aligned,w01_s001,1,3,62,0.7580645161290323
trap,next_9_12,heldout_snapshot,moe_token_history,aligned,w02_s004,2,4,95,0.4631578947368421
trap,next_9_12,heldout_snapshot,moe_token_history,aligned,w00_s004,0,2,71,0.38028169014084506
trap,next_9_12,heldout_snapshot,moe_token_history,aligned,w01_s002,1,2,61,0.4918032786885245
trap,next_9_12,heldout_snapshot,moe_token_history,aligned,w02_s000,2,3,52,0.6538461538461539
trap,next_9_12,heldout_snapshot,moe_token_history,aligned,w03_s003,3,1,15,0.8666666666666667
trap,next_9_12,heldout_snapshot,physical_action+token_history,aligned,w00_s000,0,1,55,0.8545454545454545
trap,next_9_12,heldout_snapshot,physical_action+token_history,aligned,w00_s005,0,5,86,0.7558139534883721
trap,next_9_12,heldout_snapshot,physical_action+token_history,aligned,w01_s003,1,2,47,0.7659574468085106
trap,next_9_12,heldout_snapshot,physical_action+token_history,aligned,w02_s001,2,3,84,0.5952380952380952
trap,next_9_12,heldout_snapshot,physical_action+token_history,aligned,w03_s004,3,2,29,0.7586206896551724
trap,next_9_12,heldout_snapshot,physical_action+token_history,aligned,w00_s001,0,3,62,0.8225806451612904
trap,next_9_12,heldout_snapshot,physical_action+token_history,aligned,w01_s004,1,2,62,0.8064516129032259
trap,next_9_12,heldout_snapshot,physical_action+token_history,aligned,w02_s002,2,3,84,0.7857142857142857
trap,next_9_12,heldout_snapshot,physical_action+token_history,aligned,w03_s005,3,2,29,0.5862068965517241
trap,next_9_12,heldout_snapshot,physical_action+token_history,aligned,w00_s002,0,2,80,0.7125
trap,next_9_12,heldout_snapshot,physical_action+token_history,aligned,w01_s000,1,2,54,0.5740740740740741
trap,next_9_12,heldout_snapshot,physical_action+token_history,aligned,w02_s003,2,3,86,0.6395348837209303
trap,next_9_12,heldout_snapshot,physical_action+token_history,aligned,w03_s001,3,1,15,0.9333333333333333
trap,next_9_12,heldout_snapshot,physical_action+token_history,aligned,w00_s003,0,5,88,0.6363636363636364
trap,next_9_12,heldout_snapshot,physical_action+token_history,aligned,w01_s001,1,3,62,0.8064516129032258
trap,next_9_12,heldout_snapshot,physical_action+token_history,aligned,w02_s004,2,4,95,0.6842105263157895
trap,next_9_12,heldout_snapshot,physical_action+token_history,aligned,w00_s004,0,2,71,0.619718309859155
trap,next_9_12,heldout_snapshot,physical_action+token_history,aligned,w01_s002,1,2,61,0.918032786885246
trap,next_9_12,heldout_snapshot,physical_action+token_history,aligned,w02_s000,2,3,52,0.9615384615384616
trap,next_9_12,heldout_snapshot,physical_action+token_history,aligned,w03_s003,3,1,15,0.9333333333333333
trap,next_9_12,heldout_snapshot,physical+token_history,aligned,w00_s000,0,1,55,0.9272727272727272
trap,next_9_12,heldout_snapshot,physical+token_history,aligned,w00_s005,0,5,86,0.6046511627906976
trap,next_9_12,heldout_snapshot,physical+token_history,aligned,w01_s003,1,2,47,0.5531914893617021
trap,next_9_12,heldout_snapshot,physical+token_history,aligned,w02_s001,2,3,84,0.5119047619047619
trap,next_9_12,heldout_snapshot,physical+token_history,aligned,w03_s004,3,2,29,0.8275862068965517
trap,next_9_12,heldout_snapshot,physical+token_history,aligned,w00_s001,0,3,62,0.6451612903225806
trap,next_9_12,heldout_snapshot,physical+token_history,aligned,w01_s004,1,2,62,0.7419354838709679
trap,next_9_12,heldout_snapshot,physical+token_history,aligned,w02_s002,2,3,84,0.7738095238095238
trap,next_9_12,heldout_snapshot,physical+token_history,aligned,w03_s005,3,2,29,0.7931034482758621
trap,next_9_12,heldout_snapshot,physical+token_history,aligned,w00_s002,0,2,80,0.725
trap,next_9_12,heldout_snapshot,physical+token_history,aligned,w01_s000,1,2,54,0.5370370370370371
trap,next_9_12,heldout_snapshot,physical+token_history,aligned,w02_s003,2,3,86,0.6395348837209303
trap,next_9_12,heldout_snapshot,physical+token_history,aligned,w03_s001,3,1,15,1.0
trap,next_9_12,heldout_snapshot,physical+token_history,aligned,w00_s003,0,5,88,0.5568181818181818
trap,next_9_12,heldout_snapshot,physical+token_history,aligned,w01_s001,1,3,62,0.7903225806451613
trap,next_9_12,heldout_snapshot,physical+token_history,aligned,w02_s004,2,4,95,0.43157894736842106
trap,next_9_12,heldout_snapshot,physical+token_history,aligned,w00_s004,0,2,71,0.5352112676056338
trap,next_9_12,heldout_snapshot,physical+token_history,aligned,w01_s002,1,2,61,0.7540983606557377
trap,next_9_12,heldout_snapshot,physical+token_history,aligned,w02_s000,2,3,52,0.8846153846153846
trap,next_9_12,heldout_snapshot,physical+token_history,aligned,w03_s003,3,1,15,1.0
trap,next_9_12,heldout_snapshot,physical_action+token_history,shift_1,w00_s000,0,1,55,0.8909090909090909
trap,next_9_12,heldout_snapshot,physical_action+token_history,shift_1,w00_s005,0,5,86,0.6744186046511627
trap,next_9_12,heldout_snapshot,physical_action+token_history,shift_1,w01_s003,1,2,47,0.723404255319149
trap,next_9_12,heldout_snapshot,physical_action+token_history,shift_1,w02_s001,2,3,84,0.6547619047619048
trap,next_9_12,heldout_snapshot,physical_action+token_history,shift_1,w03_s004,3,2,29,0.8275862068965517
trap,next_9_12,heldout_snapshot,physical_action+token_history,shift_1,w00_s001,0,3,62,0.5645161290322581
trap,next_9_12,heldout_snapshot,physical_action+token_history,shift_1,w01_s004,1,2,62,0.25806451612903225
trap,next_9_12,heldout_snapshot,physical_action+token_history,shift_1,w02_s002,2,3,84,0.7619047619047619
trap,next_9_12,heldout_snapshot,physical_action+token_history,shift_1,w03_s005,3,2,29,0.5172413793103449
trap,next_9_12,heldout_snapshot,physical_action+token_history,shift_1,w00_s002,0,2,80,0.4875
trap,next_9_12,heldout_snapshot,physical_action+token_history,shift_1,w01_s000,1,2,54,0.5555555555555556
trap,next_9_12,heldout_snapshot,physical_action+token_history,shift_1,w02_s003,2,3,86,0.6162790697674418
trap,next_9_12,heldout_snapshot,physical_action+token_history,shift_1,w03_s001,3,1,15,0.6
trap,next_9_12,heldout_snapshot,physical_action+token_history,shift_1,w00_s003,0,5,88,0.6477272727272727
trap,next_9_12,heldout_snapshot,physical_action+token_history,shift_1,w01_s001,1,3,62,0.7419354838709677
trap,next_9_12,heldout_snapshot,physical_action+token_history,shift_1,w02_s004,2,4,95,0.6
trap,next_9_12,heldout_snapshot,physical_action+token_history,shift_1,w00_s004,0,2,71,0.5352112676056338
trap,next_9_12,heldout_snapshot,physical_action+token_history,shift_1,w01_s002,1,2,61,0.6393442622950819
trap,next_9_12,heldout_snapshot,physical_action+token_history,shift_1,w02_s000,2,3,52,0.8461538461538461
trap,next_9_12,heldout_snapshot,physical_action+token_history,shift_1,w03_s003,3,1,15,0.8666666666666667
trap,next_9_12,heldout_snapshot,physical+token_history,shift_1,w00_s000,0,1,55,0.8363636363636363
trap,next_9_12,heldout_snapshot,physical+token_history,shift_1,w00_s005,0,5,86,0.6744186046511628
trap,next_9_12,heldout_snapshot,physical+token_history,shift_1,w01_s003,1,2,47,0.19148936170212766
trap,next_9_12,heldout_snapshot,physical+token_history,shift_1,w02_s001,2,3,84,0.6309523809523808
trap,next_9_12,heldout_snapshot,physical+token_history,shift_1,w03_s004,3,2,29,0.896551724137931
trap,next_9_12,heldout_snapshot,physical+token_history,shift_1,w00_s001,0,3,62,0.4838709677419355
trap,next_9_12,heldout_snapshot,physical+token_history,shift_1,w01_s004,1,2,62,0.08064516129032258
trap,next_9_12,heldout_snapshot,physical+token_history,shift_1,w02_s002,2,3,84,0.6666666666666666
trap,next_9_12,heldout_snapshot,physical+token_history,shift_1,w03_s005,3,2,29,0.6896551724137931
trap,next_9_12,heldout_snapshot,physical+token_history,shift_1,w00_s002,0,2,80,0.5125
trap,next_9_12,heldout_snapshot,physical+token_history,shift_1,w01_s000,1,2,54,0.6851851851851852
trap,next_9_12,heldout_snapshot,physical+token_history,shift_1,w02_s003,2,3,86,0.6395348837209303
trap,next_9_12,heldout_snapshot,physical+token_history,shift_1,w03_s001,3,1,15,0.9333333333333333
trap,next_9_12,heldout_snapshot,physical+token_history,shift_1,w00_s003,0,5,88,0.5681818181818182
trap,next_9_12,heldout_snapshot,physical+token_history,shift_1,w01_s001,1,3,62,0.5967741935483871
trap,next_9_12,heldout_snapshot,physical+token_history,shift_1,w02_s004,2,4,95,0.43157894736842106
trap,next_9_12,heldout_snapshot,physical+token_history,shift_1,w00_s004,0,2,71,0.5492957746478874
trap,next_9_12,heldout_snapshot,physical+token_history,shift_1,w01_s002,1,2,61,0.5409836065573771
trap,next_9_12,heldout_snapshot,physical+token_history,shift_1,w02_s000,2,3,52,0.6153846153846154
trap,next_9_12,heldout_snapshot,physical+token_history,shift_1,w03_s003,3,1,15,1.0
trap,next_9_12,heldout_snapshot,physical_action+token_history,shift_2,w00_s000,0,1,55,0.6181818181818182
trap,next_9_12,heldout_snapshot,physical_action+token_history,shift_2,w00_s005,0,5,86,0.6976744186046511
trap,next_9_12,heldout_snapshot,physical_action+token_history,shift_2,w01_s003,1,2,47,0.5957446808510638
trap,next_9_12,heldout_snapshot,physical_action+token_history,shift_2,w02_s001,2,3,84,0.5
trap,next_9_12,heldout_snapshot,physical_action+token_history,shift_2,w03_s004,3,2,29,0.7241379310344828
trap,next_9_12,heldout_snapshot,physical_action+token_history,shift_2,w00_s001,0,3,62,0.6612903225806451
trap,next_9_12,heldout_snapshot,physical_action+token_history,shift_2,w01_s004,1,2,62,0.8064516129032258
trap,next_9_12,heldout_snapshot,physical_action+token_history,shift_2,w02_s002,2,3,84,0.5595238095238095
trap,next_9_12,heldout_snapshot,physical_action+token_history,shift_2,w03_s005,3,2,29,0.5862068965517241
trap,next_9_12,heldout_snapshot,physical_action+token_history,shift_2,w00_s002,0,2,80,0.5
trap,next_9_12,heldout_snapshot,physical_action+token_history,shift_2,w01_s000,1,2,54,0.4074074074074074
trap,next_9_12,heldout_snapshot,physical_action+token_history,shift_2,w02_s003,2,3,86,0.6046511627906976
trap,next_9_12,heldout_snapshot,physical_action+token_history,shift_2,w03_s001,3,1,15,0.6
trap,next_9_12,heldout_snapshot,physical_action+token_history,shift_2,w00_s003,0,5,88,0.625
trap,next_9_12,heldout_snapshot,physical_action+token_history,shift_2,w01_s001,1,3,62,0.6612903225806451
trap,next_9_12,heldout_snapshot,physical_action+token_history,shift_2,w02_s004,2,4,95,0.5368421052631579
trap,next_9_12,heldout_snapshot,physical_action+token_history,shift_2,w00_s004,0,2,71,0.6056338028169014
trap,next_9_12,heldout_snapshot,physical_action+token_history,shift_2,w01_s002,1,2,61,0.47540983606557385
trap,next_9_12,heldout_snapshot,physical_action+token_history,shift_2,w02_s000,2,3,52,0.6730769230769231
trap,next_9_12,heldout_snapshot,physical_action+token_history,shift_2,w03_s003,3,1,15,0.8666666666666667
trap,next_9_12,heldout_snapshot,physical+token_history,shift_2,w00_s000,0,1,55,0.6
trap,next_9_12,heldout_snapshot,physical+token_history,shift_2,w00_s005,0,5,86,0.7209302325581395
trap,next_9_12,heldout_snapshot,physical+token_history,shift_2,w01_s003,1,2,47,0.5106382978723405
trap,next_9_12,heldout_snapshot,physical+token_history,shift_2,w02_s001,2,3,84,0.42857142857142855
trap,next_9_12,heldout_snapshot,physical+token_history,shift_2,w03_s004,3,2,29,0.5862068965517241
trap,next_9_12,heldout_snapshot,physical+token_history,shift_2,w00_s001,0,3,62,0.6612903225806451
trap,next_9_12,heldout_snapshot,physical+token_history,shift_2,w01_s004,1,2,62,0.8225806451612904
trap,next_9_12,heldout_snapshot,physical+token_history,shift_2,w02_s002,2,3,84,0.4642857142857143
trap,next_9_12,heldout_snapshot,physical+token_history,shift_2,w03_s005,3,2,29,0.6551724137931034
trap,next_9_12,heldout_snapshot,physical+token_history,shift_2,w00_s002,0,2,80,0.325
trap,next_9_12,heldout_snapshot,physical+token_history,shift_2,w01_s000,1,2,54,0.5370370370370371
trap,next_9_12,heldout_snapshot,physical+token_history,shift_2,w02_s003,2,3,86,0.5465116279069767
trap,next_9_12,heldout_snapshot,physical+token_history,shift_2,w03_s001,3,1,15,1.0
trap,next_9_12,heldout_snapshot,physical+token_history,shift_2,w00_s003,0,5,88,0.5454545454545454
trap,next_9_12,heldout_snapshot,physical+token_history,shift_2,w01_s001,1,3,62,0.5161290322580645
trap,next_9_12,heldout_snapshot,physical+token_history,shift_2,w02_s004,2,4,95,0.43157894736842106
trap,next_9_12,heldout_snapshot,physical+token_history,shift_2,w00_s004,0,2,71,0.5211267605633803
trap,next_9_12,heldout_snapshot,physical+token_history,shift_2,w01_s002,1,2,61,0.3934426229508196
trap,next_9_12,heldout_snapshot,physical+token_history,shift_2,w02_s000,2,3,52,0.6153846153846154
trap,next_9_12,heldout_snapshot,physical+token_history,shift_2,w03_s003,3,1,15,1.0
trap,next_9_12,heldout_snapshot,physical_action+token_history,shift_3,w00_s000,0,1,55,0.36363636363636365
trap,next_9_12,heldout_snapshot,physical_action+token_history,shift_3,w00_s005,0,5,86,0.7325581395348837
trap,next_9_12,heldout_snapshot,physical_action+token_history,shift_3,w01_s003,1,2,47,0.425531914893617
trap,next_9_12,heldout_snapshot,physical_action+token_history,shift_3,w02_s001,2,3,84,0.5
trap,next_9_12,heldout_snapshot,physical_action+token_history,shift_3,w03_s004,3,2,29,0.7931034482758621
trap,next_9_12,heldout_snapshot,physical_action+token_history,shift_3,w00_s001,0,3,62,0.46774193548387094
trap,next_9_12,heldout_snapshot,physical_action+token_history,shift_3,w01_s004,1,2,62,0.46774193548387094
trap,next_9_12,heldout_snapshot,physical_action+token_history,shift_3,w02_s002,2,3,84,0.7380952380952381
trap,next_9_12,heldout_snapshot,physical_action+token_history,shift_3,w03_s005,3,2,29,0.4827586206896552
trap,next_9_12,heldout_snapshot,physical_action+token_history,shift_3,w00_s002,0,2,80,0.6625
trap,next_9_12,heldout_snapshot,physical_action+token_history,shift_3,w01_s000,1,2,54,0.5370370370370371
trap,next_9_12,heldout_snapshot,physical_action+token_history,shift_3,w02_s003,2,3,86,0.627906976744186
trap,next_9_12,heldout_snapshot,physical_action+token_history,shift_3,w03_s001,3,1,15,0.7333333333333333
trap,next_9_12,heldout_snapshot,physical_action+token_history,shift_3,w00_s003,0,5,88,0.48863636363636365
trap,next_9_12,heldout_snapshot,physical_action+token_history,shift_3,w01_s001,1,3,62,0.6451612903225806
trap,next_9_12,heldout_snapshot,physical_action+token_history,shift_3,w02_s004,2,4,95,0.6
trap,next_9_12,heldout_snapshot,physical_action+token_history,shift_3,w00_s004,0,2,71,0.6197183098591549
trap,next_9_12,heldout_snapshot,physical_action+token_history,shift_3,w01_s002,1,2,61,0.4590163934426229
trap,next_9_12,heldout_snapshot,physical_action+token_history,shift_3,w02_s000,2,3,52,0.8653846153846154
trap,next_9_12,heldout_snapshot,physical_action+token_history,shift_3,w03_s003,3,1,15,0.8666666666666667
trap,next_9_12,heldout_snapshot,physical+token_history,shift_3,w00_s000,0,1,55,0.4
trap,next_9_12,heldout_snapshot,physical+token_history,shift_3,w00_s005,0,5,86,0.7674418604651163
trap,next_9_12,heldout_snapshot,physical+token_history,shift_3,w01_s003,1,2,47,0.40425531914893614
trap,next_9_12,heldout_snapshot,physical+token_history,shift_3,w02_s001,2,3,84,0.4880952380952381
trap,next_9_12,heldout_snapshot,physical+token_history,shift_3,w03_s004,3,2,29,0.7931034482758621
trap,next_9_12,heldout_snapshot,physical+token_history,shift_3,w00_s001,0,3,62,0.3225806451612903
trap,next_9_12,heldout_snapshot,physical+token_history,shift_3,w01_s004,1,2,62,0.35483870967741943
trap,next_9_12,heldout_snapshot,physical+token_history,shift_3,w02_s002,2,3,84,0.5476190476190477
trap,next_9_12,heldout_snapshot,physical+token_history,shift_3,w03_s005,3,2,29,0.5172413793103449
trap,next_9_12,heldout_snapshot,physical+token_history,shift_3,w00_s002,0,2,80,0.7
trap,next_9_12,heldout_snapshot,physical+token_history,shift_3,w01_s000,1,2,54,0.6296296296296297
trap,next_9_12,heldout_snapshot,physical+token_history,shift_3,w02_s003,2,3,86,0.6162790697674418
trap,next_9_12,heldout_snapshot,physical+token_history,shift_3,w03_s001,3,1,15,0.9333333333333333
trap,next_9_12,heldout_snapshot,physical+token_history,shift_3,w00_s003,0,5,88,0.5681818181818182
trap,next_9_12,heldout_snapshot,physical+token_history,shift_3,w01_s001,1,3,62,0.532258064516129
trap,next_9_12,heldout_snapshot,physical+token_history,shift_3,w02_s004,2,4,95,0.4
trap,next_9_12,heldout_snapshot,physical+token_history,shift_3,w00_s004,0,2,71,0.5352112676056338
trap,next_9_12,heldout_snapshot,physical+token_history,shift_3,w01_s002,1,2,61,0.3442622950819672
trap,next_9_12,heldout_snapshot,physical+token_history,shift_3,w02_s000,2,3,52,0.596153846153846
trap,next_9_12,heldout_snapshot,physical+token_history,shift_3,w03_s003,3,1,15,0.9333333333333333
trap,next_9_12,heldout_worker,rate_only,aligned,w00_s000,0,1,55,0.5
trap,next_9_12,heldout_worker,rate_only,aligned,w00_s001,0,3,62,0.5
trap,next_9_12,heldout_worker,rate_only,aligned,w00_s002,0,2,80,0.5
trap,next_9_12,heldout_worker,rate_only,aligned,w00_s003,0,5,88,0.5
trap,next_9_12,heldout_worker,rate_only,aligned,w00_s004,0,2,71,0.5
trap,next_9_12,heldout_worker,rate_only,aligned,w00_s005,0,5,86,0.5
trap,next_9_12,heldout_worker,rate_only,aligned,w01_s000,1,2,54,0.5
trap,next_9_12,heldout_worker,rate_only,aligned,w01_s001,1,3,62,0.5
trap,next_9_12,heldout_worker,rate_only,aligned,w01_s002,1,2,61,0.5
trap,next_9_12,heldout_worker,rate_only,aligned,w01_s003,1,2,47,0.5
trap,next_9_12,heldout_worker,rate_only,aligned,w01_s004,1,2,62,0.5
trap,next_9_12,heldout_worker,rate_only,aligned,w02_s000,2,3,52,0.5
trap,next_9_12,heldout_worker,rate_only,aligned,w02_s001,2,3,84,0.5
trap,next_9_12,heldout_worker,rate_only,aligned,w02_s002,2,3,84,0.5
trap,next_9_12,heldout_worker,rate_only,aligned,w02_s003,2,3,86,0.5
trap,next_9_12,heldout_worker,rate_only,aligned,w02_s004,2,4,95,0.5
trap,next_9_12,heldout_worker,rate_only,aligned,w03_s001,3,1,15,0.5
trap,next_9_12,heldout_worker,rate_only,aligned,w03_s003,3,1,15,0.5
trap,next_9_12,heldout_worker,rate_only,aligned,w03_s004,3,2,29,0.5
trap,next_9_12,heldout_worker,rate_only,aligned,w03_s005,3,2,29,0.5
trap,next_9_12,heldout_worker,physical_action,aligned,w00_s000,0,1,55,0.8545454545454545
trap,next_9_12,heldout_worker,physical_action,aligned,w00_s001,0,3,62,0.5806451612903226
trap,next_9_12,heldout_worker,physical_action,aligned,w00_s002,0,2,80,0.875
trap,next_9_12,heldout_worker,physical_action,aligned,w00_s003,0,5,88,0.5795454545454546
trap,next_9_12,heldout_worker,physical_action,aligned,w00_s004,0,2,71,0.7183098591549297
trap,next_9_12,heldout_worker,physical_action,aligned,w00_s005,0,5,86,0.6046511627906976
trap,next_9_12,heldout_worker,physical_action,aligned,w01_s000,1,2,54,0.6666666666666666
trap,next_9_12,heldout_worker,physical_action,aligned,w01_s001,1,3,62,0.6774193548387096
trap,next_9_12,heldout_worker,physical_action,aligned,w01_s002,1,2,61,0.8032786885245903
trap,next_9_12,heldout_worker,physical_action,aligned,w01_s003,1,2,47,0.5319148936170213
trap,next_9_12,heldout_worker,physical_action,aligned,w01_s004,1,2,62,0.8064516129032258
trap,next_9_12,heldout_worker,physical_action,aligned,w02_s000,2,3,52,0.9038461538461539
trap,next_9_12,heldout_worker,physical_action,aligned,w02_s001,2,3,84,0.5476190476190477
trap,next_9_12,heldout_worker,physical_action,aligned,w02_s002,2,3,84,0.6428571428571428
trap,next_9_12,heldout_worker,physical_action,aligned,w02_s003,2,3,86,0.5930232558139535
trap,next_9_12,heldout_worker,physical_action,aligned,w02_s004,2,4,95,0.45263157894736844
trap,next_9_12,heldout_worker,physical_action,aligned,w03_s001,3,1,15,0.4666666666666667
trap,next_9_12,heldout_worker,physical_action,aligned,w03_s003,3,1,15,0.8666666666666667
trap,next_9_12,heldout_worker,physical_action,aligned,w03_s004,3,2,29,0.6896551724137931
trap,next_9_12,heldout_worker,physical_action,aligned,w03_s005,3,2,29,0.5862068965517241
trap,next_9_12,heldout_worker,physical,aligned,w00_s000,0,1,55,0.7272727272727273
trap,next_9_12,heldout_worker,physical,aligned,w00_s001,0,3,62,0.3387096774193548
trap,next_9_12,heldout_worker,physical,aligned,w00_s002,0,2,80,0.7375
trap,next_9_12,heldout_worker,physical,aligned,w00_s003,0,5,88,0.6363636363636364
trap,next_9_12,heldout_worker,physical,aligned,w00_s004,0,2,71,0.5492957746478874
trap,next_9_12,heldout_worker,physical,aligned,w00_s005,0,5,86,0.6976744186046513
trap,next_9_12,heldout_worker,physical,aligned,w01_s000,1,2,54,0.7037037037037037
trap,next_9_12,heldout_worker,physical,aligned,w01_s001,1,3,62,0.7903225806451613
trap,next_9_12,heldout_worker,physical,aligned,w01_s002,1,2,61,0.14754098360655737
trap,next_9_12,heldout_worker,physical,aligned,w01_s003,1,2,47,0.6595744680851063
trap,next_9_12,heldout_worker,physical,aligned,w01_s004,1,2,62,0.7419354838709677
trap,next_9_12,heldout_worker,physical,aligned,w02_s000,2,3,52,0.5961538461538461
trap,next_9_12,heldout_worker,physical,aligned,w02_s001,2,3,84,0.5476190476190477
trap,next_9_12,heldout_worker,physical,aligned,w02_s002,2,3,84,0.6071428571428571
trap,next_9_12,heldout_worker,physical,aligned,w02_s003,2,3,86,0.686046511627907
trap,next_9_12,heldout_worker,physical,aligned,w02_s004,2,4,95,0.42105263157894735
trap,next_9_12,heldout_worker,physical,aligned,w03_s001,3,1,15,0.8666666666666667
trap,next_9_12,heldout_worker,physical,aligned,w03_s003,3,1,15,1.0
trap,next_9_12,heldout_worker,physical,aligned,w03_s004,3,2,29,0.8275862068965517
trap,next_9_12,heldout_worker,physical,aligned,w03_s005,3,2,29,0.7586206896551724
trap,next_9_12,heldout_worker,moe_aggregate_current,aligned,w00_s000,0,1,55,0.8363636363636363
trap,next_9_12,heldout_worker,moe_aggregate_current,aligned,w00_s001,0,3,62,0.6774193548387096
trap,next_9_12,heldout_worker,moe_aggregate_current,aligned,w00_s002,0,2,80,0.5875
trap,next_9_12,heldout_worker,moe_aggregate_current,aligned,w00_s003,0,5,88,0.6477272727272727
trap,next_9_12,heldout_worker,moe_aggregate_current,aligned,w00_s004,0,2,71,0.5774647887323944
trap,next_9_12,heldout_worker,moe_aggregate_current,aligned,w00_s005,0,5,86,0.5348837209302325
trap,next_9_12,heldout_worker,moe_aggregate_current,aligned,w01_s000,1,2,54,0.35185185185185186
trap,next_9_12,heldout_worker,moe_aggregate_current,aligned,w01_s001,1,3,62,0.6290322580645161
trap,next_9_12,heldout_worker,moe_aggregate_current,aligned,w01_s002,1,2,61,0.3934426229508197
trap,next_9_12,heldout_worker,moe_aggregate_current,aligned,w01_s003,1,2,47,0.6170212765957446
trap,next_9_12,heldout_worker,moe_aggregate_current,aligned,w01_s004,1,2,62,0.6935483870967742
trap,next_9_12,heldout_worker,moe_aggregate_current,aligned,w02_s000,2,3,52,0.75
trap,next_9_12,heldout_worker,moe_aggregate_current,aligned,w02_s001,2,3,84,0.5952380952380952
trap,next_9_12,heldout_worker,moe_aggregate_current,aligned,w02_s002,2,3,84,0.4523809523809524
trap,next_9_12,heldout_worker,moe_aggregate_current,aligned,w02_s003,2,3,86,0.5232558139534884
trap,next_9_12,heldout_worker,moe_aggregate_current,aligned,w02_s004,2,4,95,0.5578947368421052
trap,next_9_12,heldout_worker,moe_aggregate_current,aligned,w03_s001,3,1,15,1.0
trap,next_9_12,heldout_worker,moe_aggregate_current,aligned,w03_s003,3,1,15,0.6
trap,next_9_12,heldout_worker,moe_aggregate_current,aligned,w03_s004,3,2,29,0.9310344827586207
trap,next_9_12,heldout_worker,moe_aggregate_current,aligned,w03_s005,3,2,29,0.7931034482758621
trap,next_9_12,heldout_worker,physical_action+aggregate_current,aligned,w00_s000,0,1,55,0.8545454545454545
trap,next_9_12,heldout_worker,physical_action+aggregate_current,aligned,w00_s001,0,3,62,0.6774193548387096
trap,next_9_12,heldout_worker,physical_action+aggregate_current,aligned,w00_s002,0,2,80,0.8625
trap,next_9_12,heldout_worker,physical_action+aggregate_current,aligned,w00_s003,0,5,88,0.625
trap,next_9_12,heldout_worker,physical_action+aggregate_current,aligned,w00_s004,0,2,71,0.647887323943662
trap,next_9_12,heldout_worker,physical_action+aggregate_current,aligned,w00_s005,0,5,86,0.6046511627906976
trap,next_9_12,heldout_worker,physical_action+aggregate_current,aligned,w01_s000,1,2,54,0.7592592592592593
trap,next_9_12,heldout_worker,physical_action+aggregate_current,aligned,w01_s001,1,3,62,0.7096774193548387
trap,next_9_12,heldout_worker,physical_action+aggregate_current,aligned,w01_s002,1,2,61,0.7213114754098361
trap,next_9_12,heldout_worker,physical_action+aggregate_current,aligned,w01_s003,1,2,47,0.6170212765957446
trap,next_9_12,heldout_worker,physical_action+aggregate_current,aligned,w01_s004,1,2,62,0.7419354838709677
trap,next_9_12,heldout_worker,physical_action+aggregate_current,aligned,w02_s000,2,3,52,0.9615384615384616
trap,next_9_12,heldout_worker,physical_action+aggregate_current,aligned,w02_s001,2,3,84,0.5357142857142857
trap,next_9_12,heldout_worker,physical_action+aggregate_current,aligned,w02_s002,2,3,84,0.6071428571428571
trap,next_9_12,heldout_worker,physical_action+aggregate_current,aligned,w02_s003,2,3,86,0.6627906976744186
trap,next_9_12,heldout_worker,physical_action+aggregate_current,aligned,w02_s004,2,4,95,0.5263157894736842
trap,next_9_12,heldout_worker,physical_action+aggregate_current,aligned,w03_s001,3,1,15,0.9333333333333333
trap,next_9_12,heldout_worker,physical_action+aggregate_current,aligned,w03_s003,3,1,15,0.9333333333333333
trap,next_9_12,heldout_worker,physical_action+aggregate_current,aligned,w03_s004,3,2,29,0.8275862068965517
trap,next_9_12,heldout_worker,physical_action+aggregate_current,aligned,w03_s005,3,2,29,0.6206896551724138
trap,next_9_12,heldout_worker,physical+aggregate_current,aligned,w00_s000,0,1,55,0.7636363636363637
trap,next_9_12,heldout_worker,physical+aggregate_current,aligned,w00_s001,0,3,62,0.7258064516129032
trap,next_9_12,heldout_worker,physical+aggregate_current,aligned,w00_s002,0,2,80,0.725
trap,next_9_12,heldout_worker,physical+aggregate_current,aligned,w00_s003,0,5,88,0.4772727272727273
trap,next_9_12,heldout_worker,physical+aggregate_current,aligned,w00_s004,0,2,71,0.7183098591549296
trap,next_9_12,heldout_worker,physical+aggregate_current,aligned,w00_s005,0,5,86,0.6976744186046512
trap,next_9_12,heldout_worker,physical+aggregate_current,aligned,w01_s000,1,2,54,0.7777777777777778
trap,next_9_12,heldout_worker,physical+aggregate_current,aligned,w01_s001,1,3,62,0.7741935483870968
trap,next_9_12,heldout_worker,physical+aggregate_current,aligned,w01_s002,1,2,61,0.4590163934426229
trap,next_9_12,heldout_worker,physical+aggregate_current,aligned,w01_s003,1,2,47,0.6170212765957447
trap,next_9_12,heldout_worker,physical+aggregate_current,aligned,w01_s004,1,2,62,0.6774193548387095
trap,next_9_12,heldout_worker,physical+aggregate_current,aligned,w02_s000,2,3,52,0.8269230769230769
trap,next_9_12,heldout_worker,physical+aggregate_current,aligned,w02_s001,2,3,84,0.5833333333333334
trap,next_9_12,heldout_worker,physical+aggregate_current,aligned,w02_s002,2,3,84,0.6190476190476191
trap,next_9_12,heldout_worker,physical+aggregate_current,aligned,w02_s003,2,3,86,0.6744186046511628
trap,next_9_12,heldout_worker,physical+aggregate_current,aligned,w02_s004,2,4,95,0.5157894736842106
trap,next_9_12,heldout_worker,physical+aggregate_current,aligned,w03_s001,3,1,15,1.0
trap,next_9_12,heldout_worker,physical+aggregate_current,aligned,w03_s003,3,1,15,1.0
trap,next_9_12,heldout_worker,physical+aggregate_current,aligned,w03_s004,3,2,29,0.8620689655172413
trap,next_9_12,heldout_worker,physical+aggregate_current,aligned,w03_s005,3,2,29,0.896551724137931
trap,next_9_12,heldout_worker,physical_action+aggregate_current,shift_1,w00_s000,0,1,55,0.8363636363636363
trap,next_9_12,heldout_worker,physical_action+aggregate_current,shift_1,w00_s001,0,3,62,0.7419354838709677
trap,next_9_12,heldout_worker,physical_action+aggregate_current,shift_1,w00_s002,0,2,80,0.6625
trap,next_9_12,heldout_worker,physical_action+aggregate_current,shift_1,w00_s003,0,5,88,0.6136363636363636
trap,next_9_12,heldout_worker,physical_action+aggregate_current,shift_1,w00_s004,0,2,71,0.8450704225352113
trap,next_9_12,heldout_worker,physical_action+aggregate_current,shift_1,w00_s005,0,5,86,0.5930232558139535
trap,next_9_12,heldout_worker,physical_action+aggregate_current,shift_1,w01_s000,1,2,54,0.37037037037037035
trap,next_9_12,heldout_worker,physical_action+aggregate_current,shift_1,w01_s001,1,3,62,0.8225806451612904
trap,next_9_12,heldout_worker,physical_action+aggregate_current,shift_1,w01_s002,1,2,61,0.5737704918032787
trap,next_9_12,heldout_worker,physical_action+aggregate_current,shift_1,w01_s003,1,2,47,0.5319148936170213
trap,next_9_12,heldout_worker,physical_action+aggregate_current,shift_1,w01_s004,1,2,62,0.27419354838709675
trap,next_9_12,heldout_worker,physical_action+aggregate_current,shift_1,w02_s000,2,3,52,0.8461538461538461
trap,next_9_12,heldout_worker,physical_action+aggregate_current,shift_1,w02_s001,2,3,84,0.5238095238095238
trap,next_9_12,heldout_worker,physical_action+aggregate_current,shift_1,w02_s002,2,3,84,0.6785714285714286
trap,next_9_12,heldout_worker,physical_action+aggregate_current,shift_1,w02_s003,2,3,86,0.3255813953488372
trap,next_9_12,heldout_worker,physical_action+aggregate_current,shift_1,w02_s004,2,4,95,0.4842105263157895
trap,next_9_12,heldout_worker,physical_action+aggregate_current,shift_1,w03_s001,3,1,15,0.4
trap,next_9_12,heldout_worker,physical_action+aggregate_current,shift_1,w03_s003,3,1,15,0.9333333333333333
trap,next_9_12,heldout_worker,physical_action+aggregate_current,shift_1,w03_s004,3,2,29,0.6896551724137931
trap,next_9_12,heldout_worker,physical_action+aggregate_current,shift_1,w03_s005,3,2,29,0.5862068965517241
trap,next_9_12,heldout_worker,physical+aggregate_current,shift_1,w00_s000,0,1,55,0.7636363636363637
trap,next_9_12,heldout_worker,physical+aggregate_current,shift_1,w00_s001,0,3,62,0.5806451612903226
trap,next_9_12,heldout_worker,physical+aggregate_current,shift_1,w00_s002,0,2,80,0.65
trap,next_9_12,heldout_worker,physical+aggregate_current,shift_1,w00_s003,0,5,88,0.7045454545454546
trap,next_9_12,heldout_worker,physical+aggregate_current,shift_1,w00_s004,0,2,71,0.5774647887323944
trap,next_9_12,heldout_worker,physical+aggregate_current,shift_1,w00_s005,0,5,86,0.5116279069767442
trap,next_9_12,heldout_worker,physical+aggregate_current,shift_1,w01_s000,1,2,54,0.42592592592592593
trap,next_9_12,heldout_worker,physical+aggregate_current,shift_1,w01_s001,1,3,62,0.7419354838709677
trap,next_9_12,heldout_worker,physical+aggregate_current,shift_1,w01_s002,1,2,61,0.19672131147540983
trap,next_9_12,heldout_worker,physical+aggregate_current,shift_1,w01_s003,1,2,47,0.5319148936170214
trap,next_9_12,heldout_worker,physical+aggregate_current,shift_1,w01_s004,1,2,62,0.12903225806451618
trap,next_9_12,heldout_worker,physical+aggregate_current,shift_1,w02_s000,2,3,52,0.6538461538461539
trap,next_9_12,heldout_worker,physical+aggregate_current,shift_1,w02_s001,2,3,84,0.5357142857142856
trap,next_9_12,heldout_worker,physical+aggregate_current,shift_1,w02_s002,2,3,84,0.6428571428571428
trap,next_9_12,heldout_worker,physical+aggregate_current,shift_1,w02_s003,2,3,86,0.5116279069767442
trap,next_9_12,heldout_worker,physical+aggregate_current,shift_1,w02_s004,2,4,95,0.47368421052631576
trap,next_9_12,heldout_worker,physical+aggregate_current,shift_1,w03_s001,3,1,15,0.9333333333333333
trap,next_9_12,heldout_worker,physical+aggregate_current,shift_1,w03_s003,3,1,15,1.0
trap,next_9_12,heldout_worker,physical+aggregate_current,shift_1,w03_s004,3,2,29,0.8620689655172413
trap,next_9_12,heldout_worker,physical+aggregate_current,shift_1,w03_s005,3,2,29,0.7931034482758621
trap,next_9_12,heldout_worker,physical_action+aggregate_current,shift_2,w00_s000,0,1,55,0.8181818181818182
trap,next_9_12,heldout_worker,physical_action+aggregate_current,shift_2,w00_s001,0,3,62,0.8064516129032258
trap,next_9_12,heldout_worker,physical_action+aggregate_current,shift_2,w00_s002,0,2,80,0.8
trap,next_9_12,heldout_worker,physical_action+aggregate_current,shift_2,w00_s003,0,5,88,0.5568181818181818
trap,next_9_12,heldout_worker,physical_action+aggregate_current,shift_2,w00_s004,0,2,71,0.6197183098591549
trap,next_9_12,heldout_worker,physical_action+aggregate_current,shift_2,w00_s005,0,5,86,0.5465116279069767
trap,next_9_12,heldout_worker,physical_action+aggregate_current,shift_2,w01_s000,1,2,54,0.35185185185185186
trap,next_9_12,heldout_worker,physical_action+aggregate_current,shift_2,w01_s001,1,3,62,0.6774193548387096
trap,next_9_12,heldout_worker,physical_action+aggregate_current,shift_2,w01_s002,1,2,61,0.9180327868852459
trap,next_9_12,heldout_worker,physical_action+aggregate_current,shift_2,w01_s003,1,2,47,0.6808510638297871
trap,next_9_12,heldout_worker,physical_action+aggregate_current,shift_2,w01_s004,1,2,62,0.8387096774193549
trap,next_9_12,heldout_worker,physical_action+aggregate_current,shift_2,w02_s000,2,3,52,0.8653846153846154
trap,next_9_12,heldout_worker,physical_action+aggregate_current,shift_2,w02_s001,2,3,84,0.5119047619047619
trap,next_9_12,heldout_worker,physical_action+aggregate_current,shift_2,w02_s002,2,3,84,0.6190476190476191
trap,next_9_12,heldout_worker,physical_action+aggregate_current,shift_2,w02_s003,2,3,86,0.46511627906976744
trap,next_9_12,heldout_worker,physical_action+aggregate_current,shift_2,w02_s004,2,4,95,0.5578947368421052
trap,next_9_12,heldout_worker,physical_action+aggregate_current,shift_2,w03_s001,3,1,15,0.5333333333333333
trap,next_9_12,heldout_worker,physical_action+aggregate_current,shift_2,w03_s003,3,1,15,0.8666666666666667
trap,next_9_12,heldout_worker,physical_action+aggregate_current,shift_2,w03_s004,3,2,29,0.6551724137931034
trap,next_9_12,heldout_worker,physical_action+aggregate_current,shift_2,w03_s005,3,2,29,0.5862068965517241
trap,next_9_12,heldout_worker,physical+aggregate_current,shift_2,w00_s000,0,1,55,0.5818181818181818
trap,next_9_12,heldout_worker,physical+aggregate_current,shift_2,w00_s001,0,3,62,0.6290322580645161
trap,next_9_12,heldout_worker,physical+aggregate_current,shift_2,w00_s002,0,2,80,0.4125
trap,next_9_12,heldout_worker,physical+aggregate_current,shift_2,w00_s003,0,5,88,0.6704545454545454
trap,next_9_12,heldout_worker,physical+aggregate_current,shift_2,w00_s004,0,2,71,0.647887323943662
trap,next_9_12,heldout_worker,physical+aggregate_current,shift_2,w00_s005,0,5,86,0.5813953488372093
trap,next_9_12,heldout_worker,physical+aggregate_current,shift_2,w01_s000,1,2,54,0.42592592592592593
trap,next_9_12,heldout_worker,physical+aggregate_current,shift_2,w01_s001,1,3,62,0.6774193548387097
trap,next_9_12,heldout_worker,physical+aggregate_current,shift_2,w01_s002,1,2,61,0.8032786885245902
trap,next_9_12,heldout_worker,physical+aggregate_current,shift_2,w01_s003,1,2,47,0.46808510638297873
trap,next_9_12,heldout_worker,physical+aggregate_current,shift_2,w01_s004,1,2,62,0.8225806451612904
trap,next_9_12,heldout_worker,physical+aggregate_current,shift_2,w02_s000,2,3,52,0.5384615384615384
trap,next_9_12,heldout_worker,physical+aggregate_current,shift_2,w02_s001,2,3,84,0.5833333333333334
trap,next_9_12,heldout_worker,physical+aggregate_current,shift_2,w02_s002,2,3,84,0.5357142857142857
trap,next_9_12,heldout_worker,physical+aggregate_current,shift_2,w02_s003,2,3,86,0.6976744186046512
trap,next_9_12,heldout_worker,physical+aggregate_current,shift_2,w02_s004,2,4,95,0.43157894736842106
trap,next_9_12,heldout_worker,physical+aggregate_current,shift_2,w03_s001,3,1,15,0.8666666666666667
trap,next_9_12,heldout_worker,physical+aggregate_current,shift_2,w03_s003,3,1,15,1.0
trap,next_9_12,heldout_worker,physical+aggregate_current,shift_2,w03_s004,3,2,29,0.6896551724137931
trap,next_9_12,heldout_worker,physical+aggregate_current,shift_2,w03_s005,3,2,29,0.6551724137931034
trap,next_9_12,heldout_worker,physical_action+aggregate_current,shift_3,w00_s000,0,1,55,0.6727272727272727
trap,next_9_12,heldout_worker,physical_action+aggregate_current,shift_3,w00_s001,0,3,62,0.6129032258064516
trap,next_9_12,heldout_worker,physical_action+aggregate_current,shift_3,w00_s002,0,2,80,0.75
trap,next_9_12,heldout_worker,physical_action+aggregate_current,shift_3,w00_s003,0,5,88,0.4772727272727273
trap,next_9_12,heldout_worker,physical_action+aggregate_current,shift_3,w00_s004,0,2,71,0.619718309859155
trap,next_9_12,heldout_worker,physical_action+aggregate_current,shift_3,w00_s005,0,5,86,0.5581395348837209
trap,next_9_12,heldout_worker,physical_action+aggregate_current,shift_3,w01_s000,1,2,54,0.37037037037037035
trap,next_9_12,heldout_worker,physical_action+aggregate_current,shift_3,w01_s001,1,3,62,0.5806451612903226
trap,next_9_12,heldout_worker,physical_action+aggregate_current,shift_3,w01_s002,1,2,61,0.4590163934426229
trap,next_9_12,heldout_worker,physical_action+aggregate_current,shift_3,w01_s003,1,2,47,0.2765957446808511
trap,next_9_12,heldout_worker,physical_action+aggregate_current,shift_3,w01_s004,1,2,62,0.3548387096774194
trap,next_9_12,heldout_worker,physical_action+aggregate_current,shift_3,w02_s000,2,3,52,0.9230769230769231
trap,next_9_12,heldout_worker,physical_action+aggregate_current,shift_3,w02_s001,2,3,84,0.44047619047619047
trap,next_9_12,heldout_worker,physical_action+aggregate_current,shift_3,w02_s002,2,3,84,0.6309523809523809
trap,next_9_12,heldout_worker,physical_action+aggregate_current,shift_3,w02_s003,2,3,86,0.37209302325581395
trap,next_9_12,heldout_worker,physical_action+aggregate_current,shift_3,w02_s004,2,4,95,0.47368421052631576
trap,next_9_12,heldout_worker,physical_action+aggregate_current,shift_3,w03_s001,3,1,15,0.5333333333333333
trap,next_9_12,heldout_worker,physical_action+aggregate_current,shift_3,w03_s003,3,1,15,0.9333333333333333
trap,next_9_12,heldout_worker,physical_action+aggregate_current,shift_3,w03_s004,3,2,29,0.7586206896551724
trap,next_9_12,heldout_worker,physical_action+aggregate_current,shift_3,w03_s005,3,2,29,0.5517241379310345
trap,next_9_12,heldout_worker,physical+aggregate_current,shift_3,w00_s000,0,1,55,0.38181818181818183
trap,next_9_12,heldout_worker,physical+aggregate_current,shift_3,w00_s001,0,3,62,0.4032258064516129
trap,next_9_12,heldout_worker,physical+aggregate_current,shift_3,w00_s002,0,2,80,0.6875
trap,next_9_12,heldout_worker,physical+aggregate_current,shift_3,w00_s003,0,5,88,0.5340909090909091
trap,next_9_12,heldout_worker,physical+aggregate_current,shift_3,w00_s004,0,2,71,0.38028169014084506
trap,next_9_12,heldout_worker,physical+aggregate_current,shift_3,w00_s005,0,5,86,0.627906976744186
trap,next_9_12,heldout_worker,physical+aggregate_current,shift_3,w01_s000,1,2,54,0.48148148148148145
trap,next_9_12,heldout_worker,physical+aggregate_current,shift_3,w01_s001,1,3,62,0.5
trap,next_9_12,heldout_worker,physical+aggregate_current,shift_3,w01_s002,1,2,61,0.2459016393442623
trap,next_9_12,heldout_worker,physical+aggregate_current,shift_3,w01_s003,1,2,47,0.5106382978723404
trap,next_9_12,heldout_worker,physical+aggregate_current,shift_3,w01_s004,1,2,62,0.24193548387096775
trap,next_9_12,heldout_worker,physical+aggregate_current,shift_3,w02_s000,2,3,52,0.6346153846153846
trap,next_9_12,heldout_worker,physical+aggregate_current,shift_3,w02_s001,2,3,84,0.4642857142857143
trap,next_9_12,heldout_worker,physical+aggregate_current,shift_3,w02_s002,2,3,84,0.5595238095238095
trap,next_9_12,heldout_worker,physical+aggregate_current,shift_3,w02_s003,2,3,86,0.4883720930232558
trap,next_9_12,heldout_worker,physical+aggregate_current,shift_3,w02_s004,2,4,95,0.4421052631578947
trap,next_9_12,heldout_worker,physical+aggregate_current,shift_3,w03_s001,3,1,15,0.9333333333333333
trap,next_9_12,heldout_worker,physical+aggregate_current,shift_3,w03_s003,3,1,15,1.0
trap,next_9_12,heldout_worker,physical+aggregate_current,shift_3,w03_s004,3,2,29,0.7931034482758621
trap,next_9_12,heldout_worker,physical+aggregate_current,shift_3,w03_s005,3,2,29,0.3793103448275862
trap,next_9_12,heldout_worker,moe_token_current,aligned,w00_s000,0,1,55,0.7454545454545455
trap,next_9_12,heldout_worker,moe_token_current,aligned,w00_s001,0,3,62,0.25806451612903225
trap,next_9_12,heldout_worker,moe_token_current,aligned,w00_s002,0,2,80,0.775
trap,next_9_12,heldout_worker,moe_token_current,aligned,w00_s003,0,5,88,0.45454545454545453
trap,next_9_12,heldout_worker,moe_token_current,aligned,w00_s004,0,2,71,0.323943661971831
trap,next_9_12,heldout_worker,moe_token_current,aligned,w00_s005,0,5,86,0.4883720930232558
trap,next_9_12,heldout_worker,moe_token_current,aligned,w01_s000,1,2,54,0.6111111111111112
trap,next_9_12,heldout_worker,moe_token_current,aligned,w01_s001,1,3,62,0.6774193548387096
trap,next_9_12,heldout_worker,moe_token_current,aligned,w01_s002,1,2,61,0.3442622950819672
trap,next_9_12,heldout_worker,moe_token_current,aligned,w01_s003,1,2,47,0.46808510638297873
trap,next_9_12,heldout_worker,moe_token_current,aligned,w01_s004,1,2,62,0.6290322580645161
trap,next_9_12,heldout_worker,moe_token_current,aligned,w02_s000,2,3,52,0.5961538461538461
trap,next_9_12,heldout_worker,moe_token_current,aligned,w02_s001,2,3,84,0.5595238095238095
trap,next_9_12,heldout_worker,moe_token_current,aligned,w02_s002,2,3,84,0.40476190476190477
trap,next_9_12,heldout_worker,moe_token_current,aligned,w02_s003,2,3,86,0.5116279069767442
trap,next_9_12,heldout_worker,moe_token_current,aligned,w02_s004,2,4,95,0.5368421052631579
trap,next_9_12,heldout_worker,moe_token_current,aligned,w03_s001,3,1,15,0.4
trap,next_9_12,heldout_worker,moe_token_current,aligned,w03_s003,3,1,15,0.6666666666666667
trap,next_9_12,heldout_worker,moe_token_current,aligned,w03_s004,3,2,29,0.5862068965517241
trap,next_9_12,heldout_worker,moe_token_current,aligned,w03_s005,3,2,29,0.8620689655172413
trap,next_9_12,heldout_worker,physical_action+token_current,aligned,w00_s000,0,1,55,0.8181818181818182
trap,next_9_12,heldout_worker,physical_action+token_current,aligned,w00_s001,0,3,62,0.6774193548387097
trap,next_9_12,heldout_worker,physical_action+token_current,aligned,w00_s002,0,2,80,0.775
trap,next_9_12,heldout_worker,physical_action+token_current,aligned,w00_s003,0,5,88,0.5681818181818182
trap,next_9_12,heldout_worker,physical_action+token_current,aligned,w00_s004,0,2,71,0.6338028169014086
trap,next_9_12,heldout_worker,physical_action+token_current,aligned,w00_s005,0,5,86,0.6162790697674418
trap,next_9_12,heldout_worker,physical_action+token_current,aligned,w01_s000,1,2,54,0.7407407407407407
trap,next_9_12,heldout_worker,physical_action+token_current,aligned,w01_s001,1,3,62,0.7258064516129032
trap,next_9_12,heldout_worker,physical_action+token_current,aligned,w01_s002,1,2,61,0.6885245901639344
trap,next_9_12,heldout_worker,physical_action+token_current,aligned,w01_s003,1,2,47,0.425531914893617
trap,next_9_12,heldout_worker,physical_action+token_current,aligned,w01_s004,1,2,62,0.6612903225806451
trap,next_9_12,heldout_worker,physical_action+token_current,aligned,w02_s000,2,3,52,0.9230769230769231
trap,next_9_12,heldout_worker,physical_action+token_current,aligned,w02_s001,2,3,84,0.5357142857142857
trap,next_9_12,heldout_worker,physical_action+token_current,aligned,w02_s002,2,3,84,0.7142857142857143
trap,next_9_12,heldout_worker,physical_action+token_current,aligned,w02_s003,2,3,86,0.5581395348837209
trap,next_9_12,heldout_worker,physical_action+token_current,aligned,w02_s004,2,4,95,0.47368421052631576
trap,next_9_12,heldout_worker,physical_action+token_current,aligned,w03_s001,3,1,15,0.6666666666666667
trap,next_9_12,heldout_worker,physical_action+token_current,aligned,w03_s003,3,1,15,0.8666666666666667
trap,next_9_12,heldout_worker,physical_action+token_current,aligned,w03_s004,3,2,29,0.7586206896551724
trap,next_9_12,heldout_worker,physical_action+token_current,aligned,w03_s005,3,2,29,0.5862068965517241
trap,next_9_12,heldout_worker,physical+token_current,aligned,w00_s000,0,1,55,0.8363636363636363
trap,next_9_12,heldout_worker,physical+token_current,aligned,w00_s001,0,3,62,0.6612903225806451
trap,next_9_12,heldout_worker,physical+token_current,aligned,w00_s002,0,2,80,0.675
trap,next_9_12,heldout_worker,physical+token_current,aligned,w00_s003,0,5,88,0.75
trap,next_9_12,heldout_worker,physical+token_current,aligned,w00_s004,0,2,71,0.36619718309859156
trap,next_9_12,heldout_worker,physical+token_current,aligned,w00_s005,0,5,86,0.6395348837209303
trap,next_9_12,heldout_worker,physical+token_current,aligned,w01_s000,1,2,54,0.7777777777777778
trap,next_9_12,heldout_worker,physical+token_current,aligned,w01_s001,1,3,62,0.7903225806451613
trap,next_9_12,heldout_worker,physical+token_current,aligned,w01_s002,1,2,61,0.44262295081967207
trap,next_9_12,heldout_worker,physical+token_current,aligned,w01_s003,1,2,47,0.5106382978723404
trap,next_9_12,heldout_worker,physical+token_current,aligned,w01_s004,1,2,62,0.5806451612903226
trap,next_9_12,heldout_worker,physical+token_current,aligned,w02_s000,2,3,52,0.5576923076923077
trap,next_9_12,heldout_worker,physical+token_current,aligned,w02_s001,2,3,84,0.5476190476190477
trap,next_9_12,heldout_worker,physical+token_current,aligned,w02_s002,2,3,84,0.5714285714285714
trap,next_9_12,heldout_worker,physical+token_current,aligned,w02_s003,2,3,86,0.47674418604651164
trap,next_9_12,heldout_worker,physical+token_current,aligned,w02_s004,2,4,95,0.4105263157894737
trap,next_9_12,heldout_worker,physical+token_current,aligned,w03_s001,3,1,15,0.8666666666666667
trap,next_9_12,heldout_worker,physical+token_current,aligned,w03_s003,3,1,15,1.0
trap,next_9_12,heldout_worker,physical+token_current,aligned,w03_s004,3,2,29,0.8620689655172413
trap,next_9_12,heldout_worker,physical+token_current,aligned,w03_s005,3,2,29,0.6206896551724138
trap,next_9_12,heldout_worker,physical_action+token_current,shift_1,w00_s000,0,1,55,0.8909090909090909
trap,next_9_12,heldout_worker,physical_action+token_current,shift_1,w00_s001,0,3,62,0.6451612903225806
trap,next_9_12,heldout_worker,physical_action+token_current,shift_1,w00_s002,0,2,80,0.7
trap,next_9_12,heldout_worker,physical_action+token_current,shift_1,w00_s003,0,5,88,0.6477272727272727
trap,next_9_12,heldout_worker,physical_action+token_current,shift_1,w00_s004,0,2,71,0.7464788732394366
trap,next_9_12,heldout_worker,physical_action+token_current,shift_1,w00_s005,0,5,86,0.5930232558139535
trap,next_9_12,heldout_worker,physical_action+token_current,shift_1,w01_s000,1,2,54,0.5370370370370371
trap,next_9_12,heldout_worker,physical_action+token_current,shift_1,w01_s001,1,3,62,0.5806451612903226
trap,next_9_12,heldout_worker,physical_action+token_current,shift_1,w01_s002,1,2,61,0.8032786885245903
trap,next_9_12,heldout_worker,physical_action+token_current,shift_1,w01_s003,1,2,47,0.6808510638297872
trap,next_9_12,heldout_worker,physical_action+token_current,shift_1,w01_s004,1,2,62,0.3064516129032258
trap,next_9_12,heldout_worker,physical_action+token_current,shift_1,w02_s000,2,3,52,0.8461538461538461
trap,next_9_12,heldout_worker,physical_action+token_current,shift_1,w02_s001,2,3,84,0.5595238095238095
trap,next_9_12,heldout_worker,physical_action+token_current,shift_1,w02_s002,2,3,84,0.6666666666666666
trap,next_9_12,heldout_worker,physical_action+token_current,shift_1,w02_s003,2,3,86,0.38372093023255816
trap,next_9_12,heldout_worker,physical_action+token_current,shift_1,w02_s004,2,4,95,0.49473684210526314
trap,next_9_12,heldout_worker,physical_action+token_current,shift_1,w03_s001,3,1,15,0.4666666666666667
trap,next_9_12,heldout_worker,physical_action+token_current,shift_1,w03_s003,3,1,15,0.9333333333333333
trap,next_9_12,heldout_worker,physical_action+token_current,shift_1,w03_s004,3,2,29,0.7931034482758621
trap,next_9_12,heldout_worker,physical_action+token_current,shift_1,w03_s005,3,2,29,0.6896551724137931
trap,next_9_12,heldout_worker,physical+token_current,shift_1,w00_s000,0,1,55,0.7818181818181816
trap,next_9_12,heldout_worker,physical+token_current,shift_1,w00_s001,0,3,62,0.46774193548387094
trap,next_9_12,heldout_worker,physical+token_current,shift_1,w00_s002,0,2,80,0.7
trap,next_9_12,heldout_worker,physical+token_current,shift_1,w00_s003,0,5,88,0.5227272727272727
trap,next_9_12,heldout_worker,physical+token_current,shift_1,w00_s004,0,2,71,0.4788732394366197
trap,next_9_12,heldout_worker,physical+token_current,shift_1,w00_s005,0,5,86,0.6860465116279069
trap,next_9_12,heldout_worker,physical+token_current,shift_1,w01_s000,1,2,54,0.5370370370370371
trap,next_9_12,heldout_worker,physical+token_current,shift_1,w01_s001,1,3,62,0.5806451612903226
trap,next_9_12,heldout_worker,physical+token_current,shift_1,w01_s002,1,2,61,0.5901639344262296
trap,next_9_12,heldout_worker,physical+token_current,shift_1,w01_s003,1,2,47,0.723404255319149
trap,next_9_12,heldout_worker,physical+token_current,shift_1,w01_s004,1,2,62,0.27419354838709675
trap,next_9_12,heldout_worker,physical+token_current,shift_1,w02_s000,2,3,52,0.5
trap,next_9_12,heldout_worker,physical+token_current,shift_1,w02_s001,2,3,84,0.6666666666666666
trap,next_9_12,heldout_worker,physical+token_current,shift_1,w02_s002,2,3,84,0.5357142857142857
trap,next_9_12,heldout_worker,physical+token_current,shift_1,w02_s003,2,3,86,0.5697674418604651
trap,next_9_12,heldout_worker,physical+token_current,shift_1,w02_s004,2,4,95,0.45263157894736844
trap,next_9_12,heldout_worker,physical+token_current,shift_1,w03_s001,3,1,15,0.8666666666666667
trap,next_9_12,heldout_worker,physical+token_current,shift_1,w03_s003,3,1,15,1.0
trap,next_9_12,heldout_worker,physical+token_current,shift_1,w03_s004,3,2,29,0.8620689655172413
trap,next_9_12,heldout_worker,physical+token_current,shift_1,w03_s005,3,2,29,0.896551724137931
trap,next_9_12,heldout_worker,physical_action+token_current,shift_2,w00_s000,0,1,55,0.8545454545454545
trap,next_9_12,heldout_worker,physical_action+token_current,shift_2,w00_s001,0,3,62,0.7580645161290323
trap,next_9_12,heldout_worker,physical_action+token_current,shift_2,w00_s002,0,2,80,0.625
trap,next_9_12,heldout_worker,physical_action+token_current,shift_2,w00_s003,0,5,88,0.6022727272727273
trap,next_9_12,heldout_worker,physical_action+token_current,shift_2,w00_s004,0,2,71,0.6338028169014085
trap,next_9_12,heldout_worker,physical_action+token_current,shift_2,w00_s005,0,5,86,0.6162790697674418
trap,next_9_12,heldout_worker,physical_action+token_current,shift_2,w01_s000,1,2,54,0.35185185185185186
trap,next_9_12,heldout_worker,physical_action+token_current,shift_2,w01_s001,1,3,62,0.8709677419354839
trap,next_9_12,heldout_worker,physical_action+token_current,shift_2,w01_s002,1,2,61,0.8852459016393444
trap,next_9_12,heldout_worker,physical_action+token_current,shift_2,w01_s003,1,2,47,0.6595744680851063
trap,next_9_12,heldout_worker,physical_action+token_current,shift_2,w01_s004,1,2,62,0.8709677419354839
trap,next_9_12,heldout_worker,physical_action+token_current,shift_2,w02_s000,2,3,52,0.7115384615384616
trap,next_9_12,heldout_worker,physical_action+token_current,shift_2,w02_s001,2,3,84,0.5357142857142857
trap,next_9_12,heldout_worker,physical_action+token_current,shift_2,w02_s002,2,3,84,0.6071428571428571
trap,next_9_12,heldout_worker,physical_action+token_current,shift_2,w02_s003,2,3,86,0.4883720930232559
trap,next_9_12,heldout_worker,physical_action+token_current,shift_2,w02_s004,2,4,95,0.5052631578947369
trap,next_9_12,heldout_worker,physical_action+token_current,shift_2,w03_s001,3,1,15,0.4666666666666667
trap,next_9_12,heldout_worker,physical_action+token_current,shift_2,w03_s003,3,1,15,0.9333333333333333
trap,next_9_12,heldout_worker,physical_action+token_current,shift_2,w03_s004,3,2,29,0.6896551724137931
trap,next_9_12,heldout_worker,physical_action+token_current,shift_2,w03_s005,3,2,29,0.5862068965517241
trap,next_9_12,heldout_worker,physical+token_current,shift_2,w00_s000,0,1,55,0.6
trap,next_9_12,heldout_worker,physical+token_current,shift_2,w00_s001,0,3,62,0.3387096774193548
trap,next_9_12,heldout_worker,physical+token_current,shift_2,w00_s002,0,2,80,0.525
trap,next_9_12,heldout_worker,physical+token_current,shift_2,w00_s003,0,5,88,0.6477272727272727
trap,next_9_12,heldout_worker,physical+token_current,shift_2,w00_s004,0,2,71,0.5633802816901409
trap,next_9_12,heldout_worker,physical+token_current,shift_2,w00_s005,0,5,86,0.7325581395348837
trap,next_9_12,heldout_worker,physical+token_current,shift_2,w01_s000,1,2,54,0.3333333333333333
trap,next_9_12,heldout_worker,physical+token_current,shift_2,w01_s001,1,3,62,0.7096774193548387
trap,next_9_12,heldout_worker,physical+token_current,shift_2,w01_s002,1,2,61,0.5245901639344261
trap,next_9_12,heldout_worker,physical+token_current,shift_2,w01_s003,1,2,47,0.5957446808510638
trap,next_9_12,heldout_worker,physical+token_current,shift_2,w01_s004,1,2,62,0.8548387096774194
trap,next_9_12,heldout_worker,physical+token_current,shift_2,w02_s000,2,3,52,0.5961538461538461
trap,next_9_12,heldout_worker,physical+token_current,shift_2,w02_s001,2,3,84,0.4642857142857143
trap,next_9_12,heldout_worker,physical+token_current,shift_2,w02_s002,2,3,84,0.5833333333333334
trap,next_9_12,heldout_worker,physical+token_current,shift_2,w02_s003,2,3,86,0.4069767441860465
trap,next_9_12,heldout_worker,physical+token_current,shift_2,w02_s004,2,4,95,0.45263157894736844
trap,next_9_12,heldout_worker,physical+token_current,shift_2,w03_s001,3,1,15,0.8666666666666667
trap,next_9_12,heldout_worker,physical+token_current,shift_2,w03_s003,3,1,15,1.0
trap,next_9_12,heldout_worker,physical+token_current,shift_2,w03_s004,3,2,29,0.896551724137931
trap,next_9_12,heldout_worker,physical+token_current,shift_2,w03_s005,3,2,29,0.9310344827586207
trap,next_9_12,heldout_worker,physical_action+token_current,shift_3,w00_s000,0,1,55,0.6363636363636364
trap,next_9_12,heldout_worker,physical_action+token_current,shift_3,w00_s001,0,3,62,0.6290322580645161
trap,next_9_12,heldout_worker,physical_action+token_current,shift_3,w00_s002,0,2,80,0.6875
trap,next_9_12,heldout_worker,physical_action+token_current,shift_3,w00_s003,0,5,88,0.5454545454545454
trap,next_9_12,heldout_worker,physical_action+token_current,shift_3,w00_s004,0,2,71,0.5774647887323944
trap,next_9_12,heldout_worker,physical_action+token_current,shift_3,w00_s005,0,5,86,0.627906976744186
trap,next_9_12,heldout_worker,physical_action+token_current,shift_3,w01_s000,1,2,54,0.46296296296296297
trap,next_9_12,heldout_worker,physical_action+token_current,shift_3,w01_s001,1,3,62,0.6451612903225806
trap,next_9_12,heldout_worker,physical_action+token_current,shift_3,w01_s002,1,2,61,0.4918032786885246
trap,next_9_12,heldout_worker,physical_action+token_current,shift_3,w01_s003,1,2,47,0.5319148936170213
trap,next_9_12,heldout_worker,physical_action+token_current,shift_3,w01_s004,1,2,62,0.2903225806451613
trap,next_9_12,heldout_worker,physical_action+token_current,shift_3,w02_s000,2,3,52,0.9615384615384616
trap,next_9_12,heldout_worker,physical_action+token_current,shift_3,w02_s001,2,3,84,0.44047619047619047
trap,next_9_12,heldout_worker,physical_action+token_current,shift_3,w02_s002,2,3,84,0.6428571428571429
trap,next_9_12,heldout_worker,physical_action+token_current,shift_3,w02_s003,2,3,86,0.3953488372093023
trap,next_9_12,heldout_worker,physical_action+token_current,shift_3,w02_s004,2,4,95,0.5157894736842106
trap,next_9_12,heldout_worker,physical_action+token_current,shift_3,w03_s001,3,1,15,0.4666666666666667
trap,next_9_12,heldout_worker,physical_action+token_current,shift_3,w03_s003,3,1,15,0.9333333333333333
trap,next_9_12,heldout_worker,physical_action+token_current,shift_3,w03_s004,3,2,29,0.6896551724137931
trap,next_9_12,heldout_worker,physical_action+token_current,shift_3,w03_s005,3,2,29,0.5517241379310345
trap,next_9_12,heldout_worker,physical+token_current,shift_3,w00_s000,0,1,55,0.5636363636363637
trap,next_9_12,heldout_worker,physical+token_current,shift_3,w00_s001,0,3,62,0.4838709677419355
trap,next_9_12,heldout_worker,physical+token_current,shift_3,w00_s002,0,2,80,0.6625
trap,next_9_12,heldout_worker,physical+token_current,shift_3,w00_s003,0,5,88,0.5340909090909091
trap,next_9_12,heldout_worker,physical+token_current,shift_3,w00_s004,0,2,71,0.5774647887323944
trap,next_9_12,heldout_worker,physical+token_current,shift_3,w00_s005,0,5,86,0.7674418604651163
trap,next_9_12,heldout_worker,physical+token_current,shift_3,w01_s000,1,2,54,0.42592592592592593
trap,next_9_12,heldout_worker,physical+token_current,shift_3,w01_s001,1,3,62,0.45161290322580644
trap,next_9_12,heldout_worker,physical+token_current,shift_3,w01_s002,1,2,61,0.21311475409836064
trap,next_9_12,heldout_worker,physical+token_current,shift_3,w01_s003,1,2,47,0.3617021276595745
trap,next_9_12,heldout_worker,physical+token_current,shift_3,w01_s004,1,2,62,0.25806451612903225
trap,next_9_12,heldout_worker,physical+token_current,shift_3,w02_s000,2,3,52,0.8076923076923077
trap,next_9_12,heldout_worker,physical+token_current,shift_3,w02_s001,2,3,84,0.5595238095238095
trap,next_9_12,heldout_worker,physical+token_current,shift_3,w02_s002,2,3,84,0.5595238095238095
trap,next_9_12,heldout_worker,physical+token_current,shift_3,w02_s003,2,3,86,0.6162790697674418
trap,next_9_12,heldout_worker,physical+token_current,shift_3,w02_s004,2,4,95,0.45263157894736844
trap,next_9_12,heldout_worker,physical+token_current,shift_3,w03_s001,3,1,15,0.8666666666666667
trap,next_9_12,heldout_worker,physical+token_current,shift_3,w03_s003,3,1,15,1.0
trap,next_9_12,heldout_worker,physical+token_current,shift_3,w03_s004,3,2,29,0.7931034482758621
trap,next_9_12,heldout_worker,physical+token_current,shift_3,w03_s005,3,2,29,0.7931034482758621
trap,next_9_12,heldout_worker,moe_token_history,aligned,w00_s000,0,1,55,0.7636363636363637
trap,next_9_12,heldout_worker,moe_token_history,aligned,w00_s001,0,3,62,0.6451612903225806
trap,next_9_12,heldout_worker,moe_token_history,aligned,w00_s002,0,2,80,0.675
trap,next_9_12,heldout_worker,moe_token_history,aligned,w00_s003,0,5,88,0.45454545454545453
trap,next_9_12,heldout_worker,moe_token_history,aligned,w00_s004,0,2,71,0.43661971830985913
trap,next_9_12,heldout_worker,moe_token_history,aligned,w00_s005,0,5,86,0.36046511627906974
trap,next_9_12,heldout_worker,moe_token_history,aligned,w01_s000,1,2,54,0.6111111111111112
trap,next_9_12,heldout_worker,moe_token_history,aligned,w01_s001,1,3,62,0.6451612903225806
trap,next_9_12,heldout_worker,moe_token_history,aligned,w01_s002,1,2,61,0.3770491803278688
trap,next_9_12,heldout_worker,moe_token_history,aligned,w01_s003,1,2,47,0.5531914893617021
trap,next_9_12,heldout_worker,moe_token_history,aligned,w01_s004,1,2,62,0.6451612903225806
trap,next_9_12,heldout_worker,moe_token_history,aligned,w02_s000,2,3,52,0.5769230769230769
trap,next_9_12,heldout_worker,moe_token_history,aligned,w02_s001,2,3,84,0.5238095238095238
trap,next_9_12,heldout_worker,moe_token_history,aligned,w02_s002,2,3,84,0.4523809523809524
trap,next_9_12,heldout_worker,moe_token_history,aligned,w02_s003,2,3,86,0.43023255813953487
trap,next_9_12,heldout_worker,moe_token_history,aligned,w02_s004,2,4,95,0.5052631578947369
trap,next_9_12,heldout_worker,moe_token_history,aligned,w03_s001,3,1,15,0.6
trap,next_9_12,heldout_worker,moe_token_history,aligned,w03_s003,3,1,15,0.9333333333333333
trap,next_9_12,heldout_worker,moe_token_history,aligned,w03_s004,3,2,29,0.5862068965517241
trap,next_9_12,heldout_worker,moe_token_history,aligned,w03_s005,3,2,29,0.9655172413793104
trap,next_9_12,heldout_worker,physical_action+token_history,aligned,w00_s000,0,1,55,0.8181818181818182
trap,next_9_12,heldout_worker,physical_action+token_history,aligned,w00_s001,0,3,62,0.7741935483870968
trap,next_9_12,heldout_worker,physical_action+token_history,aligned,w00_s002,0,2,80,0.7875
trap,next_9_12,heldout_worker,physical_action+token_history,aligned,w00_s003,0,5,88,0.6818181818181818
trap,next_9_12,heldout_worker,physical_action+token_history,aligned,w00_s004,0,2,71,0.5070422535211268
trap,next_9_12,heldout_worker,physical_action+token_history,aligned,w00_s005,0,5,86,0.5813953488372093
trap,next_9_12,heldout_worker,physical_action+token_history,aligned,w01_s000,1,2,54,0.7037037037037037
trap,next_9_12,heldout_worker,physical_action+token_history,aligned,w01_s001,1,3,62,0.7258064516129032
trap,next_9_12,heldout_worker,physical_action+token_history,aligned,w01_s002,1,2,61,0.7213114754098361
trap,next_9_12,heldout_worker,physical_action+token_history,aligned,w01_s003,1,2,47,0.40425531914893614
trap,next_9_12,heldout_worker,physical_action+token_history,aligned,w01_s004,1,2,62,0.7096774193548386
trap,next_9_12,heldout_worker,physical_action+token_history,aligned,w02_s000,2,3,52,0.9038461538461539
trap,next_9_12,heldout_worker,physical_action+token_history,aligned,w02_s001,2,3,84,0.5119047619047619
trap,next_9_12,heldout_worker,physical_action+token_history,aligned,w02_s002,2,3,84,0.7142857142857143
trap,next_9_12,heldout_worker,physical_action+token_history,aligned,w02_s003,2,3,86,0.4883720930232558
trap,next_9_12,heldout_worker,physical_action+token_history,aligned,w02_s004,2,4,95,0.4105263157894737
trap,next_9_12,heldout_worker,physical_action+token_history,aligned,w03_s001,3,1,15,0.9333333333333333
trap,next_9_12,heldout_worker,physical_action+token_history,aligned,w03_s003,3,1,15,0.9333333333333333
trap,next_9_12,heldout_worker,physical_action+token_history,aligned,w03_s004,3,2,29,0.6896551724137931
trap,next_9_12,heldout_worker,physical_action+token_history,aligned,w03_s005,3,2,29,0.6206896551724138
trap,next_9_12,heldout_worker,physical+token_history,aligned,w00_s000,0,1,55,0.8909090909090909
trap,next_9_12,heldout_worker,physical+token_history,aligned,w00_s001,0,3,62,0.9193548387096774
trap,next_9_12,heldout_worker,physical+token_history,aligned,w00_s002,0,2,80,0.7375
trap,next_9_12,heldout_worker,physical+token_history,aligned,w00_s003,0,5,88,0.7045454545454546
trap,next_9_12,heldout_worker,physical+token_history,aligned,w00_s004,0,2,71,0.4507042253521127
trap,next_9_12,heldout_worker,physical+token_history,aligned,w00_s005,0,5,86,0.5813953488372093
trap,next_9_12,heldout_worker,physical+token_history,aligned,w01_s000,1,2,54,0.7962962962962963
trap,next_9_12,heldout_worker,physical+token_history,aligned,w01_s001,1,3,62,0.8064516129032258
trap,next_9_12,heldout_worker,physical+token_history,aligned,w01_s002,1,2,61,0.47540983606557385
trap,next_9_12,heldout_worker,physical+token_history,aligned,w01_s003,1,2,47,0.5531914893617021
trap,next_9_12,heldout_worker,physical+token_history,aligned,w01_s004,1,2,62,0.5967741935483871
trap,next_9_12,heldout_worker,physical+token_history,aligned,w02_s000,2,3,52,0.5192307692307693
trap,next_9_12,heldout_worker,physical+token_history,aligned,w02_s001,2,3,84,0.5238095238095237
trap,next_9_12,heldout_worker,physical+token_history,aligned,w02_s002,2,3,84,0.5714285714285714
trap,next_9_12,heldout_worker,physical+token_history,aligned,w02_s003,2,3,86,0.5
trap,next_9_12,heldout_worker,physical+token_history,aligned,w02_s004,2,4,95,0.4421052631578947
trap,next_9_12,heldout_worker,physical+token_history,aligned,w03_s001,3,1,15,0.9333333333333333
trap,next_9_12,heldout_worker,physical+token_history,aligned,w03_s003,3,1,15,1.0
trap,next_9_12,heldout_worker,physical+token_history,aligned,w03_s004,3,2,29,0.8620689655172413
trap,next_9_12,heldout_worker,physical+token_history,aligned,w03_s005,3,2,29,0.7241379310344828
trap,next_9_12,heldout_worker,physical_action+token_history,shift_1,w00_s000,0,1,55,0.8181818181818182
trap,next_9_12,heldout_worker,physical_action+token_history,shift_1,w00_s001,0,3,62,0.4516129032258064
trap,next_9_12,heldout_worker,physical_action+token_history,shift_1,w00_s002,0,2,80,0.375
trap,next_9_12,heldout_worker,physical_action+token_history,shift_1,w00_s003,0,5,88,0.6704545454545454
trap,next_9_12,heldout_worker,physical_action+token_history,shift_1,w00_s004,0,2,71,0.5915492957746479
trap,next_9_12,heldout_worker,physical_action+token_history,shift_1,w00_s005,0,5,86,0.6162790697674418
trap,next_9_12,heldout_worker,physical_action+token_history,shift_1,w01_s000,1,2,54,0.5185185185185185
trap,next_9_12,heldout_worker,physical_action+token_history,shift_1,w01_s001,1,3,62,0.5483870967741935
trap,next_9_12,heldout_worker,physical_action+token_history,shift_1,w01_s002,1,2,61,0.7704918032786885
trap,next_9_12,heldout_worker,physical_action+token_history,shift_1,w01_s003,1,2,47,0.5319148936170213
trap,next_9_12,heldout_worker,physical_action+token_history,shift_1,w01_s004,1,2,62,0.11290322580645164
trap,next_9_12,heldout_worker,physical_action+token_history,shift_1,w02_s000,2,3,52,0.8461538461538461
trap,next_9_12,heldout_worker,physical_action+token_history,shift_1,w02_s001,2,3,84,0.5952380952380952
trap,next_9_12,heldout_worker,physical_action+token_history,shift_1,w02_s002,2,3,84,0.6190476190476191
trap,next_9_12,heldout_worker,physical_action+token_history,shift_1,w02_s003,2,3,86,0.4418604651162791
trap,next_9_12,heldout_worker,physical_action+token_history,shift_1,w02_s004,2,4,95,0.4631578947368421
trap,next_9_12,heldout_worker,physical_action+token_history,shift_1,w03_s001,3,1,15,0.5333333333333333
trap,next_9_12,heldout_worker,physical_action+token_history,shift_1,w03_s003,3,1,15,0.9333333333333333
trap,next_9_12,heldout_worker,physical_action+token_history,shift_1,w03_s004,3,2,29,0.7931034482758621
trap,next_9_12,heldout_worker,physical_action+token_history,shift_1,w03_s005,3,2,29,0.6206896551724138
trap,next_9_12,heldout_worker,physical+token_history,shift_1,w00_s000,0,1,55,0.7818181818181816
trap,next_9_12,heldout_worker,physical+token_history,shift_1,w00_s001,0,3,62,0.4032258064516129
trap,next_9_12,heldout_worker,physical+token_history,shift_1,w00_s002,0,2,80,0.4375
trap,next_9_12,heldout_worker,physical+token_history,shift_1,w00_s003,0,5,88,0.6136363636363636
trap,next_9_12,heldout_worker,physical+token_history,shift_1,w00_s004,0,2,71,0.5352112676056338
trap,next_9_12,heldout_worker,physical+token_history,shift_1,w00_s005,0,5,86,0.5930232558139535
trap,next_9_12,heldout_worker,physical+token_history,shift_1,w01_s000,1,2,54,0.6296296296296297
trap,next_9_12,heldout_worker,physical+token_history,shift_1,w01_s001,1,3,62,0.5806451612903226
trap,next_9_12,heldout_worker,physical+token_history,shift_1,w01_s002,1,2,61,0.6065573770491803
trap,next_9_12,heldout_worker,physical+token_history,shift_1,w01_s003,1,2,47,0.7021276595744681
trap,next_9_12,heldout_worker,physical+token_history,shift_1,w01_s004,1,2,62,0.16129032258064518
trap,next_9_12,heldout_worker,physical+token_history,shift_1,w02_s000,2,3,52,0.5769230769230769
trap,next_9_12,heldout_worker,physical+token_history,shift_1,w02_s001,2,3,84,0.6309523809523809
trap,next_9_12,heldout_worker,physical+token_history,shift_1,w02_s002,2,3,84,0.5357142857142857
trap,next_9_12,heldout_worker,physical+token_history,shift_1,w02_s003,2,3,86,0.6162790697674418
trap,next_9_12,heldout_worker,physical+token_history,shift_1,w02_s004,2,4,95,0.45263157894736844
trap,next_9_12,heldout_worker,physical+token_history,shift_1,w03_s001,3,1,15,0.8666666666666667
trap,next_9_12,heldout_worker,physical+token_history,shift_1,w03_s003,3,1,15,1.0
trap,next_9_12,heldout_worker,physical+token_history,shift_1,w03_s004,3,2,29,0.8620689655172413
trap,next_9_12,heldout_worker,physical+token_history,shift_1,w03_s005,3,2,29,0.6551724137931034
trap,next_9_12,heldout_worker,physical_action+token_history,shift_2,w00_s000,0,1,55,0.5454545454545455
trap,next_9_12,heldout_worker,physical_action+token_history,shift_2,w00_s001,0,3,62,0.5
trap,next_9_12,heldout_worker,physical_action+token_history,shift_2,w00_s002,0,2,80,0.5875
trap,next_9_12,heldout_worker,physical_action+token_history,shift_2,w00_s003,0,5,88,0.6022727272727273
trap,next_9_12,heldout_worker,physical_action+token_history,shift_2,w00_s004,0,2,71,0.6197183098591549
trap,next_9_12,heldout_worker,physical_action+token_history,shift_2,w00_s005,0,5,86,0.5930232558139535
trap,next_9_12,heldout_worker,physical_action+token_history,shift_2,w01_s000,1,2,54,0.3333333333333333
trap,next_9_12,heldout_worker,physical_action+token_history,shift_2,w01_s001,1,3,62,0.7419354838709677
trap,next_9_12,heldout_worker,physical_action+token_history,shift_2,w01_s002,1,2,61,0.47540983606557385
trap,next_9_12,heldout_worker,physical_action+token_history,shift_2,w01_s003,1,2,47,0.553191489361702
trap,next_9_12,heldout_worker,physical_action+token_history,shift_2,w01_s004,1,2,62,0.8387096774193549
trap,next_9_12,heldout_worker,physical_action+token_history,shift_2,w02_s000,2,3,52,0.6923076923076923
trap,next_9_12,heldout_worker,physical_action+token_history,shift_2,w02_s001,2,3,84,0.47619047619047616
trap,next_9_12,heldout_worker,physical_action+token_history,shift_2,w02_s002,2,3,84,0.5357142857142857
trap,next_9_12,heldout_worker,physical_action+token_history,shift_2,w02_s003,2,3,86,0.4883720930232558
trap,next_9_12,heldout_worker,physical_action+token_history,shift_2,w02_s004,2,4,95,0.45263157894736844
trap,next_9_12,heldout_worker,physical_action+token_history,shift_2,w03_s001,3,1,15,0.5333333333333333
trap,next_9_12,heldout_worker,physical_action+token_history,shift_2,w03_s003,3,1,15,0.8666666666666667
trap,next_9_12,heldout_worker,physical_action+token_history,shift_2,w03_s004,3,2,29,0.6551724137931034
trap,next_9_12,heldout_worker,physical_action+token_history,shift_2,w03_s005,3,2,29,0.5862068965517241
trap,next_9_12,heldout_worker,physical+token_history,shift_2,w00_s000,0,1,55,0.509090909090909
trap,next_9_12,heldout_worker,physical+token_history,shift_2,w00_s001,0,3,62,0.3709677419354839
trap,next_9_12,heldout_worker,physical+token_history,shift_2,w00_s002,0,2,80,0.7125
trap,next_9_12,heldout_worker,physical+token_history,shift_2,w00_s003,0,5,88,0.6022727272727273
trap,next_9_12,heldout_worker,physical+token_history,shift_2,w00_s004,0,2,71,0.6197183098591549
trap,next_9_12,heldout_worker,physical+token_history,shift_2,w00_s005,0,5,86,0.6976744186046512
trap,next_9_12,heldout_worker,physical+token_history,shift_2,w01_s000,1,2,54,0.37037037037037035
trap,next_9_12,heldout_worker,physical+token_history,shift_2,w01_s001,1,3,62,0.7096774193548387
trap,next_9_12,heldout_worker,physical+token_history,shift_2,w01_s002,1,2,61,0.4754098360655737
trap,next_9_12,heldout_worker,physical+token_history,shift_2,w01_s003,1,2,47,0.574468085106383
trap,next_9_12,heldout_worker,physical+token_history,shift_2,w01_s004,1,2,62,0.8870967741935484
trap,next_9_12,heldout_worker,physical+token_history,shift_2,w02_s000,2,3,52,0.5769230769230769
trap,next_9_12,heldout_worker,physical+token_history,shift_2,w02_s001,2,3,84,0.5
trap,next_9_12,heldout_worker,physical+token_history,shift_2,w02_s002,2,3,84,0.5952380952380952
trap,next_9_12,heldout_worker,physical+token_history,shift_2,w02_s003,2,3,86,0.38372093023255816
trap,next_9_12,heldout_worker,physical+token_history,shift_2,w02_s004,2,4,95,0.43157894736842106
trap,next_9_12,heldout_worker,physical+token_history,shift_2,w03_s001,3,1,15,0.8666666666666667
trap,next_9_12,heldout_worker,physical+token_history,shift_2,w03_s003,3,1,15,0.9333333333333333
trap,next_9_12,heldout_worker,physical+token_history,shift_2,w03_s004,3,2,29,0.7586206896551724
trap,next_9_12,heldout_worker,physical+token_history,shift_2,w03_s005,3,2,29,0.7931034482758621
trap,next_9_12,heldout_worker,physical_action+token_history,shift_3,w00_s000,0,1,55,0.36363636363636365
trap,next_9_12,heldout_worker,physical_action+token_history,shift_3,w00_s001,0,3,62,0.3870967741935484
trap,next_9_12,heldout_worker,physical_action+token_history,shift_3,w00_s002,0,2,80,0.6125
trap,next_9_12,heldout_worker,physical_action+token_history,shift_3,w00_s003,0,5,88,0.5340909090909091
trap,next_9_12,heldout_worker,physical_action+token_history,shift_3,w00_s004,0,2,71,0.5211267605633803
trap,next_9_12,heldout_worker,physical_action+token_history,shift_3,w00_s005,0,5,86,0.7325581395348837
trap,next_9_12,heldout_worker,physical_action+token_history,shift_3,w01_s000,1,2,54,0.37037037037037035
trap,next_9_12,heldout_worker,physical_action+token_history,shift_3,w01_s001,1,3,62,0.4838709677419355
trap,next_9_12,heldout_worker,physical_action+token_history,shift_3,w01_s002,1,2,61,0.3770491803278688
trap,next_9_12,heldout_worker,physical_action+token_history,shift_3,w01_s003,1,2,47,0.40425531914893614
trap,next_9_12,heldout_worker,physical_action+token_history,shift_3,w01_s004,1,2,62,0.24193548387096775
trap,next_9_12,heldout_worker,physical_action+token_history,shift_3,w02_s000,2,3,52,0.9230769230769231
trap,next_9_12,heldout_worker,physical_action+token_history,shift_3,w02_s001,2,3,84,0.5
trap,next_9_12,heldout_worker,physical_action+token_history,shift_3,w02_s002,2,3,84,0.6309523809523808
trap,next_9_12,heldout_worker,physical_action+token_history,shift_3,w02_s003,2,3,86,0.5465116279069767
trap,next_9_12,heldout_worker,physical_action+token_history,shift_3,w02_s004,2,4,95,0.4105263157894737
trap,next_9_12,heldout_worker,physical_action+token_history,shift_3,w03_s001,3,1,15,0.6666666666666667
trap,next_9_12,heldout_worker,physical_action+token_history,shift_3,w03_s003,3,1,15,0.9333333333333333
trap,next_9_12,heldout_worker,physical_action+token_history,shift_3,w03_s004,3,2,29,0.7241379310344828
trap,next_9_12,heldout_worker,physical_action+token_history,shift_3,w03_s005,3,2,29,0.5172413793103449
trap,next_9_12,heldout_worker,physical+token_history,shift_3,w00_s000,0,1,55,0.36363636363636365
trap,next_9_12,heldout_worker,physical+token_history,shift_3,w00_s001,0,3,62,0.2903225806451613
trap,next_9_12,heldout_worker,physical+token_history,shift_3,w00_s002,0,2,80,0.65
trap,next_9_12,heldout_worker,physical+token_history,shift_3,w00_s003,0,5,88,0.5
trap,next_9_12,heldout_worker,physical+token_history,shift_3,w00_s004,0,2,71,0.4507042253521127
trap,next_9_12,heldout_worker,physical+token_history,shift_3,w00_s005,0,5,86,0.686046511627907
trap,next_9_12,heldout_worker,physical+token_history,shift_3,w01_s000,1,2,54,0.4444444444444444
trap,next_9_12,heldout_worker,physical+token_history,shift_3,w01_s001,1,3,62,0.46774193548387094
trap,next_9_12,heldout_worker,physical+token_history,shift_3,w01_s002,1,2,61,0.22950819672131145
trap,next_9_12,heldout_worker,physical+token_history,shift_3,w01_s003,1,2,47,0.2978723404255319
trap,next_9_12,heldout_worker,physical+token_history,shift_3,w01_s004,1,2,62,0.25806451612903225
trap,next_9_12,heldout_worker,physical+token_history,shift_3,w02_s000,2,3,52,0.6730769230769231
trap,next_9_12,heldout_worker,physical+token_history,shift_3,w02_s001,2,3,84,0.5238095238095238
trap,next_9_12,heldout_worker,physical+token_history,shift_3,w02_s002,2,3,84,0.5952380952380951
trap,next_9_12,heldout_worker,physical+token_history,shift_3,w02_s003,2,3,86,0.627906976744186
trap,next_9_12,heldout_worker,physical+token_history,shift_3,w02_s004,2,4,95,0.4105263157894737
trap,next_9_12,heldout_worker,physical+token_history,shift_3,w03_s001,3,1,15,1.0
trap,next_9_12,heldout_worker,physical+token_history,shift_3,w03_s003,3,1,15,1.0
trap,next_9_12,heldout_worker,physical+token_history,shift_3,w03_s004,3,2,29,0.8275862068965517
trap,next_9_12,heldout_worker,physical+token_history,shift_3,w03_s005,3,2,29,0.6206896551724138
loop,next_1_4,heldout_snapshot,rate_only,aligned,w00_s000,0,1,55,0.5
loop,next_1_4,heldout_snapshot,rate_only,aligned,w00_s005,0,2,59,0.5
loop,next_1_4,heldout_snapshot,rate_only,aligned,w01_s003,1,3,62,0.5
loop,next_1_4,heldout_snapshot,rate_only,aligned,w02_s001,2,2,59,0.5
loop,next_1_4,heldout_snapshot,rate_only,aligned,w00_s001,0,3,62,0.5
loop,next_1_4,heldout_snapshot,rate_only,aligned,w01_s004,1,3,77,0.5
loop,next_1_4,heldout_snapshot,rate_only,aligned,w02_s002,2,3,69,0.5
loop,next_1_4,heldout_snapshot,rate_only,aligned,w03_s005,3,1,15,0.5
loop,next_1_4,heldout_snapshot,rate_only,aligned,w00_s002,0,2,80,0.5
loop,next_1_4,heldout_snapshot,rate_only,aligned,w01_s000,1,3,69,0.5
loop,next_1_4,heldout_snapshot,rate_only,aligned,w02_s003,2,3,86,0.5
loop,next_1_4,heldout_snapshot,rate_only,aligned,w00_s003,0,2,71,0.5
loop,next_1_4,heldout_snapshot,rate_only,aligned,w01_s001,1,3,62,0.5
loop,next_1_4,heldout_snapshot,rate_only,aligned,w02_s004,2,3,62,0.5
loop,next_1_4,heldout_snapshot,rate_only,aligned,w00_s004,0,1,63,0.5
loop,next_1_4,heldout_snapshot,rate_only,aligned,w01_s002,1,2,61,0.5
loop,next_1_4,heldout_snapshot,rate_only,aligned,w02_s000,2,3,71,0.5
loop,next_1_4,heldout_snapshot,physical_action,aligned,w00_s000,0,1,55,1.0
loop,next_1_4,heldout_snapshot,physical_action,aligned,w00_s005,0,2,59,0.9830508474576272
loop,next_1_4,heldout_snapshot,physical_action,aligned,w01_s003,1,3,62,0.8064516129032258
loop,next_1_4,heldout_snapshot,physical_action,aligned,w02_s001,2,2,59,0.9661016949152542
loop,next_1_4,heldout_snapshot,physical_action,aligned,w00_s001,0,3,62,1.0
loop,next_1_4,heldout_snapshot,physical_action,aligned,w01_s004,1,3,77,0.987012987012987
loop,next_1_4,heldout_snapshot,physical_action,aligned,w02_s002,2,3,69,0.8405797101449275
loop,next_1_4,heldout_snapshot,physical_action,aligned,w03_s005,3,1,15,0.5333333333333333
loop,next_1_4,heldout_snapshot,physical_action,aligned,w00_s002,0,2,80,0.95
loop,next_1_4,heldout_snapshot,physical_action,aligned,w01_s000,1,3,69,0.9710144927536232
loop,next_1_4,heldout_snapshot,physical_action,aligned,w02_s003,2,3,86,0.9534883720930233
loop,next_1_4,heldout_snapshot,physical_action,aligned,w00_s003,0,2,71,0.9859154929577465
loop,next_1_4,heldout_snapshot,physical_action,aligned,w01_s001,1,3,62,1.0
loop,next_1_4,heldout_snapshot,physical_action,aligned,w02_s004,2,3,62,0.9193548387096774
loop,next_1_4,heldout_snapshot,physical_action,aligned,w00_s004,0,1,63,1.0
loop,next_1_4,heldout_snapshot,physical_action,aligned,w01_s002,1,2,61,1.0
loop,next_1_4,heldout_snapshot,physical_action,aligned,w02_s000,2,3,71,0.676056338028169
loop,next_1_4,heldout_snapshot,physical,aligned,w00_s000,0,1,55,1.0
loop,next_1_4,heldout_snapshot,physical,aligned,w00_s005,0,2,59,0.9322033898305084
loop,next_1_4,heldout_snapshot,physical,aligned,w01_s003,1,3,62,0.8387096774193549
loop,next_1_4,heldout_snapshot,physical,aligned,w02_s001,2,2,59,0.9661016949152542
loop,next_1_4,heldout_snapshot,physical,aligned,w00_s001,0,3,62,0.9838709677419355
loop,next_1_4,heldout_snapshot,physical,aligned,w01_s004,1,3,77,0.974025974025974
loop,next_1_4,heldout_snapshot,physical,aligned,w02_s002,2,3,69,0.782608695652174
loop,next_1_4,heldout_snapshot,physical,aligned,w03_s005,3,1,15,0.9333333333333333
loop,next_1_4,heldout_snapshot,physical,aligned,w00_s002,0,2,80,0.9625
loop,next_1_4,heldout_snapshot,physical,aligned,w01_s000,1,3,69,0.8840579710144928
loop,next_1_4,heldout_snapshot,physical,aligned,w02_s003,2,3,86,0.8953488372093024
loop,next_1_4,heldout_snapshot,physical,aligned,w00_s003,0,2,71,0.9014084507042254
loop,next_1_4,heldout_snapshot,physical,aligned,w01_s001,1,3,62,0.967741935483871
loop,next_1_4,heldout_snapshot,physical,aligned,w02_s004,2,3,62,0.7096774193548387
loop,next_1_4,heldout_snapshot,physical,aligned,w00_s004,0,1,63,1.0
loop,next_1_4,heldout_snapshot,physical,aligned,w01_s002,1,2,61,1.0
loop,next_1_4,heldout_snapshot,physical,aligned,w02_s000,2,3,71,0.704225352112676
loop,next_1_4,heldout_snapshot,moe_aggregate_current,aligned,w00_s000,0,1,55,0.6909090909090909
loop,next_1_4,heldout_snapshot,moe_aggregate_current,aligned,w00_s005,0,2,59,0.6779661016949152
loop,next_1_4,heldout_snapshot,moe_aggregate_current,aligned,w01_s003,1,3,62,0.7903225806451613
loop,next_1_4,heldout_snapshot,moe_aggregate_current,aligned,w02_s001,2,2,59,0.6610169491525424
loop,next_1_4,heldout_snapshot,moe_aggregate_current,aligned,w00_s001,0,3,62,0.6612903225806451
loop,next_1_4,heldout_snapshot,moe_aggregate_current,aligned,w01_s004,1,3,77,0.8441558441558441
loop,next_1_4,heldout_snapshot,moe_aggregate_current,aligned,w02_s002,2,3,69,0.782608695652174
loop,next_1_4,heldout_snapshot,moe_aggregate_current,aligned,w03_s005,3,1,15,0.8
loop,next_1_4,heldout_snapshot,moe_aggregate_current,aligned,w00_s002,0,2,80,0.8125
loop,next_1_4,heldout_snapshot,moe_aggregate_current,aligned,w01_s000,1,3,69,0.9855072463768116
loop,next_1_4,heldout_snapshot,moe_aggregate_current,aligned,w02_s003,2,3,86,0.7790697674418605
loop,next_1_4,heldout_snapshot,moe_aggregate_current,aligned,w00_s003,0,2,71,0.9154929577464789
loop,next_1_4,heldout_snapshot,moe_aggregate_current,aligned,w01_s001,1,3,62,0.9032258064516129
loop,next_1_4,heldout_snapshot,moe_aggregate_current,aligned,w02_s004,2,3,62,0.967741935483871
loop,next_1_4,heldout_snapshot,moe_aggregate_current,aligned,w00_s004,0,1,63,0.6666666666666667
loop,next_1_4,heldout_snapshot,moe_aggregate_current,aligned,w01_s002,1,2,61,0.6065573770491803
loop,next_1_4,heldout_snapshot,moe_aggregate_current,aligned,w02_s000,2,3,71,0.7746478873239436
loop,next_1_4,heldout_snapshot,physical_action+aggregate_current,aligned,w00_s000,0,1,55,1.0
loop,next_1_4,heldout_snapshot,physical_action+aggregate_current,aligned,w00_s005,0,2,59,1.0
loop,next_1_4,heldout_snapshot,physical_action+aggregate_current,aligned,w01_s003,1,3,62,0.9354838709677419
loop,next_1_4,heldout_snapshot,physical_action+aggregate_current,aligned,w02_s001,2,2,59,0.9830508474576272
loop,next_1_4,heldout_snapshot,physical_action+aggregate_current,aligned,w00_s001,0,3,62,1.0
loop,next_1_4,heldout_snapshot,physical_action+aggregate_current,aligned,w01_s004,1,3,77,0.935064935064935
loop,next_1_4,heldout_snapshot,physical_action+aggregate_current,aligned,w02_s002,2,3,69,0.782608695652174
loop,next_1_4,heldout_snapshot,physical_action+aggregate_current,aligned,w03_s005,3,1,15,0.4666666666666667
loop,next_1_4,heldout_snapshot,physical_action+aggregate_current,aligned,w00_s002,0,2,80,0.95
loop,next_1_4,heldout_snapshot,physical_action+aggregate_current,aligned,w01_s000,1,3,69,0.9710144927536232
loop,next_1_4,heldout_snapshot,physical_action+aggregate_current,aligned,w02_s003,2,3,86,0.9418604651162791
loop,next_1_4,heldout_snapshot,physical_action+aggregate_current,aligned,w00_s003,0,2,71,1.0
loop,next_1_4,heldout_snapshot,physical_action+aggregate_current,aligned,w01_s001,1,3,62,0.967741935483871
loop,next_1_4,heldout_snapshot,physical_action+aggregate_current,aligned,w02_s004,2,3,62,0.9354838709677419
loop,next_1_4,heldout_snapshot,physical_action+aggregate_current,aligned,w00_s004,0,1,63,1.0
loop,next_1_4,heldout_snapshot,physical_action+aggregate_current,aligned,w01_s002,1,2,61,0.9672131147540983
loop,next_1_4,heldout_snapshot,physical_action+aggregate_current,aligned,w02_s000,2,3,71,0.7746478873239436
loop,next_1_4,heldout_snapshot,physical+aggregate_current,aligned,w00_s000,0,1,55,1.0
loop,next_1_4,heldout_snapshot,physical+aggregate_current,aligned,w00_s005,0,2,59,0.8813559322033898
loop,next_1_4,heldout_snapshot,physical+aggregate_current,aligned,w01_s003,1,3,62,0.8709677419354839
loop,next_1_4,heldout_snapshot,physical+aggregate_current,aligned,w02_s001,2,2,59,0.9830508474576272
loop,next_1_4,heldout_snapshot,physical+aggregate_current,aligned,w00_s001,0,3,62,1.0
loop,next_1_4,heldout_snapshot,physical+aggregate_current,aligned,w01_s004,1,3,77,0.922077922077922
loop,next_1_4,heldout_snapshot,physical+aggregate_current,aligned,w02_s002,2,3,69,0.782608695652174
loop,next_1_4,heldout_snapshot,physical+aggregate_current,aligned,w03_s005,3,1,15,0.6666666666666667
loop,next_1_4,heldout_snapshot,physical+aggregate_current,aligned,w00_s002,0,2,80,0.975
loop,next_1_4,heldout_snapshot,physical+aggregate_current,aligned,w01_s000,1,3,69,0.9710144927536232
loop,next_1_4,heldout_snapshot,physical+aggregate_current,aligned,w02_s003,2,3,86,0.9651162790697675
loop,next_1_4,heldout_snapshot,physical+aggregate_current,aligned,w00_s003,0,2,71,0.9014084507042254
loop,next_1_4,heldout_snapshot,physical+aggregate_current,aligned,w01_s001,1,3,62,0.967741935483871
loop,next_1_4,heldout_snapshot,physical+aggregate_current,aligned,w02_s004,2,3,62,0.9032258064516129
loop,next_1_4,heldout_snapshot,physical+aggregate_current,aligned,w00_s004,0,1,63,1.0
loop,next_1_4,heldout_snapshot,physical+aggregate_current,aligned,w01_s002,1,2,61,0.9836065573770493
loop,next_1_4,heldout_snapshot,physical+aggregate_current,aligned,w02_s000,2,3,71,0.7464788732394366
loop,next_1_4,heldout_snapshot,physical_action+aggregate_current,shift_1,w00_s000,0,1,55,1.0
loop,next_1_4,heldout_snapshot,physical_action+aggregate_current,shift_1,w00_s005,0,2,59,0.9661016949152542
loop,next_1_4,heldout_snapshot,physical_action+aggregate_current,shift_1,w01_s003,1,3,62,0.8870967741935484
loop,next_1_4,heldout_snapshot,physical_action+aggregate_current,shift_1,w02_s001,2,2,59,0.9661016949152542
loop,next_1_4,heldout_snapshot,physical_action+aggregate_current,shift_1,w00_s001,0,3,62,1.0
loop,next_1_4,heldout_snapshot,physical_action+aggregate_current,shift_1,w01_s004,1,3,77,0.8701298701298701
loop,next_1_4,heldout_snapshot,physical_action+aggregate_current,shift_1,w02_s002,2,3,69,0.7681159420289855
loop,next_1_4,heldout_snapshot,physical_action+aggregate_current,shift_1,w03_s005,3,1,15,0.4666666666666667
loop,next_1_4,heldout_snapshot,physical_action+aggregate_current,shift_1,w00_s002,0,2,80,0.9
loop,next_1_4,heldout_snapshot,physical_action+aggregate_current,shift_1,w01_s000,1,3,69,0.7681159420289855
loop,next_1_4,heldout_snapshot,physical_action+aggregate_current,shift_1,w02_s003,2,3,86,0.8488372093023255
loop,next_1_4,heldout_snapshot,physical_action+aggregate_current,shift_1,w00_s003,0,2,71,0.9436619718309859
loop,next_1_4,heldout_snapshot,physical_action+aggregate_current,shift_1,w01_s001,1,3,62,0.9838709677419355
loop,next_1_4,heldout_snapshot,physical_action+aggregate_current,shift_1,w02_s004,2,3,62,0.9032258064516129
loop,next_1_4,heldout_snapshot,physical_action+aggregate_current,shift_1,w00_s004,0,1,63,1.0
loop,next_1_4,heldout_snapshot,physical_action+aggregate_current,shift_1,w01_s002,1,2,61,0.9508196721311475
loop,next_1_4,heldout_snapshot,physical_action+aggregate_current,shift_1,w02_s000,2,3,71,0.6338028169014085
loop,next_1_4,heldout_snapshot,physical+aggregate_current,shift_1,w00_s000,0,1,55,1.0
loop,next_1_4,heldout_snapshot,physical+aggregate_current,shift_1,w00_s005,0,2,59,0.7796610169491526
loop,next_1_4,heldout_snapshot,physical+aggregate_current,shift_1,w01_s003,1,3,62,0.8225806451612904
loop,next_1_4,heldout_snapshot,physical+aggregate_current,shift_1,w02_s001,2,2,59,0.8813559322033898
loop,next_1_4,heldout_snapshot,physical+aggregate_current,shift_1,w00_s001,0,3,62,0.967741935483871
loop,next_1_4,heldout_snapshot,physical+aggregate_current,shift_1,w01_s004,1,3,77,0.7402597402597403
loop,next_1_4,heldout_snapshot,physical+aggregate_current,shift_1,w02_s002,2,3,69,0.7971014492753623
loop,next_1_4,heldout_snapshot,physical+aggregate_current,shift_1,w03_s005,3,1,15,0.8
loop,next_1_4,heldout_snapshot,physical+aggregate_current,shift_1,w00_s002,0,2,80,0.925
loop,next_1_4,heldout_snapshot,physical+aggregate_current,shift_1,w01_s000,1,3,69,0.7536231884057971
loop,next_1_4,heldout_snapshot,physical+aggregate_current,shift_1,w02_s003,2,3,86,0.872093023255814
loop,next_1_4,heldout_snapshot,physical+aggregate_current,shift_1,w00_s003,0,2,71,0.9014084507042254
loop,next_1_4,heldout_snapshot,physical+aggregate_current,shift_1,w01_s001,1,3,62,0.9032258064516129
loop,next_1_4,heldout_snapshot,physical+aggregate_current,shift_1,w02_s004,2,3,62,0.7258064516129032
loop,next_1_4,heldout_snapshot,physical+aggregate_current,shift_1,w00_s004,0,1,63,0.9365079365079365
loop,next_1_4,heldout_snapshot,physical+aggregate_current,shift_1,w01_s002,1,2,61,0.9016393442622951
loop,next_1_4,heldout_snapshot,physical+aggregate_current,shift_1,w02_s000,2,3,71,0.5352112676056338
loop,next_1_4,heldout_snapshot,physical_action+aggregate_current,shift_2,w00_s000,0,1,55,1.0
loop,next_1_4,heldout_snapshot,physical_action+aggregate_current,shift_2,w00_s005,0,2,59,0.9661016949152542
loop,next_1_4,heldout_snapshot,physical_action+aggregate_current,shift_2,w01_s003,1,3,62,0.967741935483871
loop,next_1_4,heldout_snapshot,physical_action+aggregate_current,shift_2,w02_s001,2,2,59,0.8813559322033898
loop,next_1_4,heldout_snapshot,physical_action+aggregate_current,shift_2,w00_s001,0,3,62,1.0
loop,next_1_4,heldout_snapshot,physical_action+aggregate_current,shift_2,w01_s004,1,3,77,0.974025974025974
loop,next_1_4,heldout_snapshot,physical_action+aggregate_current,shift_2,w02_s002,2,3,69,0.7681159420289855
loop,next_1_4,heldout_snapshot,physical_action+aggregate_current,shift_2,w03_s005,3,1,15,0.5333333333333333
loop,next_1_4,heldout_snapshot,physical_action+aggregate_current,shift_2,w00_s002,0,2,80,0.9
loop,next_1_4,heldout_snapshot,physical_action+aggregate_current,shift_2,w01_s000,1,3,69,0.8260869565217391
loop,next_1_4,heldout_snapshot,physical_action+aggregate_current,shift_2,w02_s003,2,3,86,0.8604651162790697
loop,next_1_4,heldout_snapshot,physical_action+aggregate_current,shift_2,w00_s003,0,2,71,0.9295774647887324
loop,next_1_4,heldout_snapshot,physical_action+aggregate_current,shift_2,w01_s001,1,3,62,1.0
loop,next_1_4,heldout_snapshot,physical_action+aggregate_current,shift_2,w02_s004,2,3,62,0.8064516129032258
loop,next_1_4,heldout_snapshot,physical_action+aggregate_current,shift_2,w00_s004,0,1,63,1.0
loop,next_1_4,heldout_snapshot,physical_action+aggregate_current,shift_2,w01_s002,1,2,61,1.0
loop,next_1_4,heldout_snapshot,physical_action+aggregate_current,shift_2,w02_s000,2,3,71,0.5915492957746479
loop,next_1_4,heldout_snapshot,physical+aggregate_current,shift_2,w00_s000,0,1,55,1.0
loop,next_1_4,heldout_snapshot,physical+aggregate_current,shift_2,w00_s005,0,2,59,0.847457627118644
loop,next_1_4,heldout_snapshot,physical+aggregate_current,shift_2,w01_s003,1,3,62,0.7580645161290323
loop,next_1_4,heldout_snapshot,physical+aggregate_current,shift_2,w02_s001,2,2,59,0.9830508474576272
loop,next_1_4,heldout_snapshot,physical+aggregate_current,shift_2,w00_s001,0,3,62,1.0
loop,next_1_4,heldout_snapshot,physical+aggregate_current,shift_2,w01_s004,1,3,77,0.8571428571428571
loop,next_1_4,heldout_snapshot,physical+aggregate_current,shift_2,w02_s002,2,3,69,0.6956521739130435
loop,next_1_4,heldout_snapshot,physical+aggregate_current,shift_2,w03_s005,3,1,15,0.8666666666666667
loop,next_1_4,heldout_snapshot,physical+aggregate_current,shift_2,w00_s002,0,2,80,0.9625
loop,next_1_4,heldout_snapshot,physical+aggregate_current,shift_2,w01_s000,1,3,69,0.6086956521739131
loop,next_1_4,heldout_snapshot,physical+aggregate_current,shift_2,w02_s003,2,3,86,0.9069767441860465
loop,next_1_4,heldout_snapshot,physical+aggregate_current,shift_2,w00_s003,0,2,71,0.9014084507042254
loop,next_1_4,heldout_snapshot,physical+aggregate_current,shift_2,w01_s001,1,3,62,0.7741935483870968
loop,next_1_4,heldout_snapshot,physical+aggregate_current,shift_2,w02_s004,2,3,62,0.6451612903225806
loop,next_1_4,heldout_snapshot,physical+aggregate_current,shift_2,w00_s004,0,1,63,0.888888888888889
loop,next_1_4,heldout_snapshot,physical+aggregate_current,shift_2,w01_s002,1,2,61,1.0
loop,next_1_4,heldout_snapshot,physical+aggregate_current,shift_2,w02_s000,2,3,71,0.8028169014084507
loop,next_1_4,heldout_snapshot,physical_action+aggregate_current,shift_3,w00_s000,0,1,55,1.0
loop,next_1_4,heldout_snapshot,physical_action+aggregate_current,shift_3,w00_s005,0,2,59,0.8983050847457628
loop,next_1_4,heldout_snapshot,physical_action+aggregate_current,shift_3,w01_s003,1,3,62,0.967741935483871
loop,next_1_4,heldout_snapshot,physical_action+aggregate_current,shift_3,w02_s001,2,2,59,1.0
loop,next_1_4,heldout_snapshot,physical_action+aggregate_current,shift_3,w00_s001,0,3,62,1.0
loop,next_1_4,heldout_snapshot,physical_action+aggregate_current,shift_3,w01_s004,1,3,77,0.8051948051948052
loop,next_1_4,heldout_snapshot,physical_action+aggregate_current,shift_3,w02_s002,2,3,69,0.7971014492753623
loop,next_1_4,heldout_snapshot,physical_action+aggregate_current,shift_3,w03_s005,3,1,15,0.7333333333333333
loop,next_1_4,heldout_snapshot,physical_action+aggregate_current,shift_3,w00_s002,0,2,80,0.9125
loop,next_1_4,heldout_snapshot,physical_action+aggregate_current,shift_3,w01_s000,1,3,69,0.8840579710144928
loop,next_1_4,heldout_snapshot,physical_action+aggregate_current,shift_3,w02_s003,2,3,86,0.8604651162790697
loop,next_1_4,heldout_snapshot,physical_action+aggregate_current,shift_3,w00_s003,0,2,71,0.9436619718309859
loop,next_1_4,heldout_snapshot,physical_action+aggregate_current,shift_3,w01_s001,1,3,62,0.9354838709677419
loop,next_1_4,heldout_snapshot,physical_action+aggregate_current,shift_3,w02_s004,2,3,62,0.8064516129032258
loop,next_1_4,heldout_snapshot,physical_action+aggregate_current,shift_3,w00_s004,0,1,63,1.0
loop,next_1_4,heldout_snapshot,physical_action+aggregate_current,shift_3,w01_s002,1,2,61,0.9508196721311477
loop,next_1_4,heldout_snapshot,physical_action+aggregate_current,shift_3,w02_s000,2,3,71,0.5492957746478874
loop,next_1_4,heldout_snapshot,physical+aggregate_current,shift_3,w00_s000,0,1,55,1.0
loop,next_1_4,heldout_snapshot,physical+aggregate_current,shift_3,w00_s005,0,2,59,0.8135593220338984
loop,next_1_4,heldout_snapshot,physical+aggregate_current,shift_3,w01_s003,1,3,62,1.0
loop,next_1_4,heldout_snapshot,physical+aggregate_current,shift_3,w02_s001,2,2,59,0.9322033898305084
loop,next_1_4,heldout_snapshot,physical+aggregate_current,shift_3,w00_s001,0,3,62,0.9838709677419355
loop,next_1_4,heldout_snapshot,physical+aggregate_current,shift_3,w01_s004,1,3,77,0.7142857142857143
loop,next_1_4,heldout_snapshot,physical+aggregate_current,shift_3,w02_s002,2,3,69,0.8115942028985508
loop,next_1_4,heldout_snapshot,physical+aggregate_current,shift_3,w03_s005,3,1,15,1.0
loop,next_1_4,heldout_snapshot,physical+aggregate_current,shift_3,w00_s002,0,2,80,0.9375
loop,next_1_4,heldout_snapshot,physical+aggregate_current,shift_3,w01_s000,1,3,69,0.7391304347826086
loop,next_1_4,heldout_snapshot,physical+aggregate_current,shift_3,w02_s003,2,3,86,0.8488372093023255
loop,next_1_4,heldout_snapshot,physical+aggregate_current,shift_3,w00_s003,0,2,71,0.971830985915493
loop,next_1_4,heldout_snapshot,physical+aggregate_current,shift_3,w01_s001,1,3,62,0.7903225806451613
loop,next_1_4,heldout_snapshot,physical+aggregate_current,shift_3,w02_s004,2,3,62,0.5967741935483871
loop,next_1_4,heldout_snapshot,physical+aggregate_current,shift_3,w00_s004,0,1,63,0.9841269841269841
loop,next_1_4,heldout_snapshot,physical+aggregate_current,shift_3,w01_s002,1,2,61,0.8688524590163934
loop,next_1_4,heldout_snapshot,physical+aggregate_current,shift_3,w02_s000,2,3,71,0.7464788732394366
loop,next_1_4,heldout_snapshot,moe_token_current,aligned,w00_s000,0,1,55,0.6909090909090909
loop,next_1_4,heldout_snapshot,moe_token_current,aligned,w00_s005,0,2,59,0.711864406779661
loop,next_1_4,heldout_snapshot,moe_token_current,aligned,w01_s003,1,3,62,0.8709677419354839
loop,next_1_4,heldout_snapshot,moe_token_current,aligned,w02_s001,2,2,59,0.6610169491525424
loop,next_1_4,heldout_snapshot,moe_token_current,aligned,w00_s001,0,3,62,0.6612903225806451
loop,next_1_4,heldout_snapshot,moe_token_current,aligned,w01_s004,1,3,77,0.8441558441558441
loop,next_1_4,heldout_snapshot,moe_token_current,aligned,w02_s002,2,3,69,0.782608695652174
loop,next_1_4,heldout_snapshot,moe_token_current,aligned,w03_s005,3,1,15,0.8
loop,next_1_4,heldout_snapshot,moe_token_current,aligned,w00_s002,0,2,80,0.8375
loop,next_1_4,heldout_snapshot,moe_token_current,aligned,w01_s000,1,3,69,0.9710144927536232
loop,next_1_4,heldout_snapshot,moe_token_current,aligned,w02_s003,2,3,86,0.7790697674418605
loop,next_1_4,heldout_snapshot,moe_token_current,aligned,w00_s003,0,2,71,0.8732394366197183
loop,next_1_4,heldout_snapshot,moe_token_current,aligned,w01_s001,1,3,62,0.9193548387096774
loop,next_1_4,heldout_snapshot,moe_token_current,aligned,w02_s004,2,3,62,0.9838709677419355
loop,next_1_4,heldout_snapshot,moe_token_current,aligned,w00_s004,0,1,63,0.6825396825396826
loop,next_1_4,heldout_snapshot,moe_token_current,aligned,w01_s002,1,2,61,0.6065573770491803
loop,next_1_4,heldout_snapshot,moe_token_current,aligned,w02_s000,2,3,71,0.8732394366197183
loop,next_1_4,heldout_snapshot,physical_action+token_current,aligned,w00_s000,0,1,55,1.0
loop,next_1_4,heldout_snapshot,physical_action+token_current,aligned,w00_s005,0,2,59,1.0
loop,next_1_4,heldout_snapshot,physical_action+token_current,aligned,w01_s003,1,3,62,0.8548387096774194
loop,next_1_4,heldout_snapshot,physical_action+token_current,aligned,w02_s001,2,2,59,0.9830508474576272
loop,next_1_4,heldout_snapshot,physical_action+token_current,aligned,w00_s001,0,3,62,1.0
loop,next_1_4,heldout_snapshot,physical_action+token_current,aligned,w01_s004,1,3,77,0.9090909090909091
loop,next_1_4,heldout_snapshot,physical_action+token_current,aligned,w02_s002,2,3,69,0.7971014492753623
loop,next_1_4,heldout_snapshot,physical_action+token_current,aligned,w03_s005,3,1,15,0.5333333333333333
loop,next_1_4,heldout_snapshot,physical_action+token_current,aligned,w00_s002,0,2,80,0.9375
loop,next_1_4,heldout_snapshot,physical_action+token_current,aligned,w01_s000,1,3,69,0.9710144927536232
loop,next_1_4,heldout_snapshot,physical_action+token_current,aligned,w02_s003,2,3,86,0.9302325581395349
loop,next_1_4,heldout_snapshot,physical_action+token_current,aligned,w00_s003,0,2,71,0.9859154929577465
loop,next_1_4,heldout_snapshot,physical_action+token_current,aligned,w01_s001,1,3,62,1.0
loop,next_1_4,heldout_snapshot,physical_action+token_current,aligned,w02_s004,2,3,62,0.9032258064516129
loop,next_1_4,heldout_snapshot,physical_action+token_current,aligned,w00_s004,0,1,63,1.0
loop,next_1_4,heldout_snapshot,physical_action+token_current,aligned,w01_s002,1,2,61,0.9836065573770493
loop,next_1_4,heldout_snapshot,physical_action+token_current,aligned,w02_s000,2,3,71,0.6338028169014085
loop,next_1_4,heldout_snapshot,physical+token_current,aligned,w00_s000,0,1,55,1.0
loop,next_1_4,heldout_snapshot,physical+token_current,aligned,w00_s005,0,2,59,0.8813559322033898
loop,next_1_4,heldout_snapshot,physical+token_current,aligned,w01_s003,1,3,62,0.8870967741935484
loop,next_1_4,heldout_snapshot,physical+token_current,aligned,w02_s001,2,2,59,0.9830508474576272
loop,next_1_4,heldout_snapshot,physical+token_current,aligned,w00_s001,0,3,62,1.0
loop,next_1_4,heldout_snapshot,physical+token_current,aligned,w01_s004,1,3,77,0.8831168831168831
loop,next_1_4,heldout_snapshot,physical+token_current,aligned,w02_s002,2,3,69,0.7681159420289855
loop,next_1_4,heldout_snapshot,physical+token_current,aligned,w03_s005,3,1,15,0.6666666666666667
loop,next_1_4,heldout_snapshot,physical+token_current,aligned,w00_s002,0,2,80,0.9875
loop,next_1_4,heldout_snapshot,physical+token_current,aligned,w01_s000,1,3,69,0.9710144927536232
loop,next_1_4,heldout_snapshot,physical+token_current,aligned,w02_s003,2,3,86,0.9186046511627907
loop,next_1_4,heldout_snapshot,physical+token_current,aligned,w00_s003,0,2,71,0.9295774647887324
loop,next_1_4,heldout_snapshot,physical+token_current,aligned,w01_s001,1,3,62,0.9838709677419355
loop,next_1_4,heldout_snapshot,physical+token_current,aligned,w02_s004,2,3,62,0.8709677419354839
loop,next_1_4,heldout_snapshot,physical+token_current,aligned,w00_s004,0,1,63,1.0
loop,next_1_4,heldout_snapshot,physical+token_current,aligned,w01_s002,1,2,61,0.9672131147540983
loop,next_1_4,heldout_snapshot,physical+token_current,aligned,w02_s000,2,3,71,0.8028169014084507
loop,next_1_4,heldout_snapshot,physical_action+token_current,shift_1,w00_s000,0,1,55,1.0
loop,next_1_4,heldout_snapshot,physical_action+token_current,shift_1,w00_s005,0,2,59,0.9830508474576272
loop,next_1_4,heldout_snapshot,physical_action+token_current,shift_1,w01_s003,1,3,62,0.8064516129032258
loop,next_1_4,heldout_snapshot,physical_action+token_current,shift_1,w02_s001,2,2,59,0.9661016949152542
loop,next_1_4,heldout_snapshot,physical_action+token_current,shift_1,w00_s001,0,3,62,1.0
loop,next_1_4,heldout_snapshot,physical_action+token_current,shift_1,w01_s004,1,3,77,0.8961038961038961
loop,next_1_4,heldout_snapshot,physical_action+token_current,shift_1,w02_s002,2,3,69,0.8260869565217391
loop,next_1_4,heldout_snapshot,physical_action+token_current,shift_1,w03_s005,3,1,15,0.4666666666666667
loop,next_1_4,heldout_snapshot,physical_action+token_current,shift_1,w00_s002,0,2,80,0.9375
loop,next_1_4,heldout_snapshot,physical_action+token_current,shift_1,w01_s000,1,3,69,0.9710144927536232
loop,next_1_4,heldout_snapshot,physical_action+token_current,shift_1,w02_s003,2,3,86,0.9302325581395349
loop,next_1_4,heldout_snapshot,physical_action+token_current,shift_1,w00_s003,0,2,71,0.9436619718309859
loop,next_1_4,heldout_snapshot,physical_action+token_current,shift_1,w01_s001,1,3,62,0.9838709677419355
loop,next_1_4,heldout_snapshot,physical_action+token_current,shift_1,w02_s004,2,3,62,0.9193548387096774
loop,next_1_4,heldout_snapshot,physical_action+token_current,shift_1,w00_s004,0,1,63,1.0
loop,next_1_4,heldout_snapshot,physical_action+token_current,shift_1,w01_s002,1,2,61,0.9672131147540983
loop,next_1_4,heldout_snapshot,physical_action+token_current,shift_1,w02_s000,2,3,71,0.6338028169014085
loop,next_1_4,heldout_snapshot,physical+token_current,shift_1,w00_s000,0,1,55,1.0
loop,next_1_4,heldout_snapshot,physical+token_current,shift_1,w00_s005,0,2,59,0.8305084745762712
loop,next_1_4,heldout_snapshot,physical+token_current,shift_1,w01_s003,1,3,62,0.8548387096774194
loop,next_1_4,heldout_snapshot,physical+token_current,shift_1,w02_s001,2,2,59,0.8813559322033898
loop,next_1_4,heldout_snapshot,physical+token_current,shift_1,w00_s001,0,3,62,0.967741935483871
loop,next_1_4,heldout_snapshot,physical+token_current,shift_1,w01_s004,1,3,77,0.6233766233766234
loop,next_1_4,heldout_snapshot,physical+token_current,shift_1,w02_s002,2,3,69,0.782608695652174
loop,next_1_4,heldout_snapshot,physical+token_current,shift_1,w03_s005,3,1,15,0.8
loop,next_1_4,heldout_snapshot,physical+token_current,shift_1,w00_s002,0,2,80,0.9375
loop,next_1_4,heldout_snapshot,physical+token_current,shift_1,w01_s000,1,3,69,0.8260869565217391
loop,next_1_4,heldout_snapshot,physical+token_current,shift_1,w02_s003,2,3,86,0.813953488372093
loop,next_1_4,heldout_snapshot,physical+token_current,shift_1,w00_s003,0,2,71,0.8873239436619719
loop,next_1_4,heldout_snapshot,physical+token_current,shift_1,w01_s001,1,3,62,0.9032258064516129
loop,next_1_4,heldout_snapshot,physical+token_current,shift_1,w02_s004,2,3,62,0.7419354838709677
loop,next_1_4,heldout_snapshot,physical+token_current,shift_1,w00_s004,0,1,63,0.9682539682539681
loop,next_1_4,heldout_snapshot,physical+token_current,shift_1,w01_s002,1,2,61,0.9508196721311477
loop,next_1_4,heldout_snapshot,physical+token_current,shift_1,w02_s000,2,3,71,0.676056338028169
loop,next_1_4,heldout_snapshot,physical_action+token_current,shift_2,w00_s000,0,1,55,1.0
loop,next_1_4,heldout_snapshot,physical_action+token_current,shift_2,w00_s005,0,2,59,0.9830508474576272
loop,next_1_4,heldout_snapshot,physical_action+token_current,shift_2,w01_s003,1,3,62,0.9032258064516129
loop,next_1_4,heldout_snapshot,physical_action+token_current,shift_2,w02_s001,2,2,59,0.864406779661017
loop,next_1_4,heldout_snapshot,physical_action+token_current,shift_2,w00_s001,0,3,62,1.0
loop,next_1_4,heldout_snapshot,physical_action+token_current,shift_2,w01_s004,1,3,77,1.0
loop,next_1_4,heldout_snapshot,physical_action+token_current,shift_2,w02_s002,2,3,69,0.8115942028985508
loop,next_1_4,heldout_snapshot,physical_action+token_current,shift_2,w03_s005,3,1,15,0.5333333333333333
loop,next_1_4,heldout_snapshot,physical_action+token_current,shift_2,w00_s002,0,2,80,0.9375
loop,next_1_4,heldout_snapshot,physical_action+token_current,shift_2,w01_s000,1,3,69,0.9130434782608695
loop,next_1_4,heldout_snapshot,physical_action+token_current,shift_2,w02_s003,2,3,86,0.8837209302325582
loop,next_1_4,heldout_snapshot,physical_action+token_current,shift_2,w00_s003,0,2,71,1.0
loop,next_1_4,heldout_snapshot,physical_action+token_current,shift_2,w01_s001,1,3,62,0.967741935483871
loop,next_1_4,heldout_snapshot,physical_action+token_current,shift_2,w02_s004,2,3,62,0.8709677419354839
loop,next_1_4,heldout_snapshot,physical_action+token_current,shift_2,w00_s004,0,1,63,1.0
loop,next_1_4,heldout_snapshot,physical_action+token_current,shift_2,w01_s002,1,2,61,1.0
loop,next_1_4,heldout_snapshot,physical_action+token_current,shift_2,w02_s000,2,3,71,0.6056338028169014
loop,next_1_4,heldout_snapshot,physical+token_current,shift_2,w00_s000,0,1,55,1.0
loop,next_1_4,heldout_snapshot,physical+token_current,shift_2,w00_s005,0,2,59,0.8305084745762712
loop,next_1_4,heldout_snapshot,physical+token_current,shift_2,w01_s003,1,3,62,0.7741935483870968
loop,next_1_4,heldout_snapshot,physical+token_current,shift_2,w02_s001,2,2,59,0.9152542372881356
loop,next_1_4,heldout_snapshot,physical+token_current,shift_2,w00_s001,0,3,62,0.9838709677419355
loop,next_1_4,heldout_snapshot,physical+token_current,shift_2,w01_s004,1,3,77,0.8701298701298701
loop,next_1_4,heldout_snapshot,physical+token_current,shift_2,w02_s002,2,3,69,0.7101449275362319
loop,next_1_4,heldout_snapshot,physical+token_current,shift_2,w03_s005,3,1,15,0.8666666666666667
loop,next_1_4,heldout_snapshot,physical+token_current,shift_2,w00_s002,0,2,80,0.9375
loop,next_1_4,heldout_snapshot,physical+token_current,shift_2,w01_s000,1,3,69,0.6956521739130435
loop,next_1_4,heldout_snapshot,physical+token_current,shift_2,w02_s003,2,3,86,0.8837209302325582
loop,next_1_4,heldout_snapshot,physical+token_current,shift_2,w00_s003,0,2,71,0.9154929577464789
loop,next_1_4,heldout_snapshot,physical+token_current,shift_2,w01_s001,1,3,62,0.8709677419354839
loop,next_1_4,heldout_snapshot,physical+token_current,shift_2,w02_s004,2,3,62,0.6129032258064516
loop,next_1_4,heldout_snapshot,physical+token_current,shift_2,w00_s004,0,1,63,0.9047619047619049
loop,next_1_4,heldout_snapshot,physical+token_current,shift_2,w01_s002,1,2,61,1.0
loop,next_1_4,heldout_snapshot,physical+token_current,shift_2,w02_s000,2,3,71,0.8873239436619719
loop,next_1_4,heldout_snapshot,physical_action+token_current,shift_3,w00_s000,0,1,55,1.0
loop,next_1_4,heldout_snapshot,physical_action+token_current,shift_3,w00_s005,0,2,59,0.9830508474576272
loop,next_1_4,heldout_snapshot,physical_action+token_current,shift_3,w01_s003,1,3,62,0.9354838709677419
loop,next_1_4,heldout_snapshot,physical_action+token_current,shift_3,w02_s001,2,2,59,1.0
loop,next_1_4,heldout_snapshot,physical_action+token_current,shift_3,w00_s001,0,3,62,1.0
loop,next_1_4,heldout_snapshot,physical_action+token_current,shift_3,w01_s004,1,3,77,0.8311688311688312
loop,next_1_4,heldout_snapshot,physical_action+token_current,shift_3,w02_s002,2,3,69,0.8405797101449275
loop,next_1_4,heldout_snapshot,physical_action+token_current,shift_3,w03_s005,3,1,15,0.6666666666666667
loop,next_1_4,heldout_snapshot,physical_action+token_current,shift_3,w00_s002,0,2,80,0.95
loop,next_1_4,heldout_snapshot,physical_action+token_current,shift_3,w01_s000,1,3,69,0.9565217391304348
loop,next_1_4,heldout_snapshot,physical_action+token_current,shift_3,w02_s003,2,3,86,0.9069767441860465
loop,next_1_4,heldout_snapshot,physical_action+token_current,shift_3,w00_s003,0,2,71,0.9577464788732394
loop,next_1_4,heldout_snapshot,physical_action+token_current,shift_3,w01_s001,1,3,62,0.9838709677419355
loop,next_1_4,heldout_snapshot,physical_action+token_current,shift_3,w02_s004,2,3,62,0.8870967741935484
loop,next_1_4,heldout_snapshot,physical_action+token_current,shift_3,w00_s004,0,1,63,1.0
loop,next_1_4,heldout_snapshot,physical_action+token_current,shift_3,w01_s002,1,2,61,0.9508196721311475
loop,next_1_4,heldout_snapshot,physical_action+token_current,shift_3,w02_s000,2,3,71,0.5633802816901409
loop,next_1_4,heldout_snapshot,physical+token_current,shift_3,w00_s000,0,1,55,1.0
loop,next_1_4,heldout_snapshot,physical+token_current,shift_3,w00_s005,0,2,59,0.8135593220338984
loop,next_1_4,heldout_snapshot,physical+token_current,shift_3,w01_s003,1,3,62,1.0
loop,next_1_4,heldout_snapshot,physical+token_current,shift_3,w02_s001,2,2,59,1.0
loop,next_1_4,heldout_snapshot,physical+token_current,shift_3,w00_s001,0,3,62,0.9838709677419355
loop,next_1_4,heldout_snapshot,physical+token_current,shift_3,w01_s004,1,3,77,0.6753246753246753
loop,next_1_4,heldout_snapshot,physical+token_current,shift_3,w02_s002,2,3,69,0.7681159420289855
loop,next_1_4,heldout_snapshot,physical+token_current,shift_3,w03_s005,3,1,15,1.0
loop,next_1_4,heldout_snapshot,physical+token_current,shift_3,w00_s002,0,2,80,0.95
loop,next_1_4,heldout_snapshot,physical+token_current,shift_3,w01_s000,1,3,69,0.8405797101449274
loop,next_1_4,heldout_snapshot,physical+token_current,shift_3,w02_s003,2,3,86,0.813953488372093
loop,next_1_4,heldout_snapshot,physical+token_current,shift_3,w00_s003,0,2,71,0.9295774647887324
loop,next_1_4,heldout_snapshot,physical+token_current,shift_3,w01_s001,1,3,62,0.7258064516129032
loop,next_1_4,heldout_snapshot,physical+token_current,shift_3,w02_s004,2,3,62,0.5806451612903226
loop,next_1_4,heldout_snapshot,physical+token_current,shift_3,w00_s004,0,1,63,0.9682539682539683
loop,next_1_4,heldout_snapshot,physical+token_current,shift_3,w01_s002,1,2,61,0.8360655737704918
loop,next_1_4,heldout_snapshot,physical+token_current,shift_3,w02_s000,2,3,71,0.6901408450704225
loop,next_1_4,heldout_snapshot,moe_token_history,aligned,w00_s000,0,1,55,0.9454545454545454
loop,next_1_4,heldout_snapshot,moe_token_history,aligned,w00_s005,0,2,59,0.576271186440678
loop,next_1_4,heldout_snapshot,moe_token_history,aligned,w01_s003,1,3,62,0.8709677419354839
loop,next_1_4,heldout_snapshot,moe_token_history,aligned,w02_s001,2,2,59,0.8983050847457628
loop,next_1_4,heldout_snapshot,moe_token_history,aligned,w00_s001,0,3,62,1.0
loop,next_1_4,heldout_snapshot,moe_token_history,aligned,w01_s004,1,3,77,0.8441558441558441
loop,next_1_4,heldout_snapshot,moe_token_history,aligned,w02_s002,2,3,69,0.7971014492753623
loop,next_1_4,heldout_snapshot,moe_token_history,aligned,w03_s005,3,1,15,0.5333333333333333
loop,next_1_4,heldout_snapshot,moe_token_history,aligned,w00_s002,0,2,80,0.9125
loop,next_1_4,heldout_snapshot,moe_token_history,aligned,w01_s000,1,3,69,1.0
loop,next_1_4,heldout_snapshot,moe_token_history,aligned,w02_s003,2,3,86,0.6976744186046512
loop,next_1_4,heldout_snapshot,moe_token_history,aligned,w00_s003,0,2,71,0.9436619718309859
loop,next_1_4,heldout_snapshot,moe_token_history,aligned,w01_s001,1,3,62,0.8870967741935484
loop,next_1_4,heldout_snapshot,moe_token_history,aligned,w02_s004,2,3,62,1.0
loop,next_1_4,heldout_snapshot,moe_token_history,aligned,w00_s004,0,1,63,0.7777777777777778
loop,next_1_4,heldout_snapshot,moe_token_history,aligned,w01_s002,1,2,61,0.9344262295081968
loop,next_1_4,heldout_snapshot,moe_token_history,aligned,w02_s000,2,3,71,0.8732394366197183
loop,next_1_4,heldout_snapshot,physical_action+token_history,aligned,w00_s000,0,1,55,1.0
loop,next_1_4,heldout_snapshot,physical_action+token_history,aligned,w00_s005,0,2,59,1.0
loop,next_1_4,heldout_snapshot,physical_action+token_history,aligned,w01_s003,1,3,62,0.8387096774193549
loop,next_1_4,heldout_snapshot,physical_action+token_history,aligned,w02_s001,2,2,59,0.9491525423728814
loop,next_1_4,heldout_snapshot,physical_action+token_history,aligned,w00_s001,0,3,62,1.0
loop,next_1_4,heldout_snapshot,physical_action+token_history,aligned,w01_s004,1,3,77,0.8831168831168831
loop,next_1_4,heldout_snapshot,physical_action+token_history,aligned,w02_s002,2,3,69,0.7971014492753623
loop,next_1_4,heldout_snapshot,physical_action+token_history,aligned,w03_s005,3,1,15,0.6
loop,next_1_4,heldout_snapshot,physical_action+token_history,aligned,w00_s002,0,2,80,0.9625
loop,next_1_4,heldout_snapshot,physical_action+token_history,aligned,w01_s000,1,3,69,0.9710144927536232
loop,next_1_4,heldout_snapshot,physical_action+token_history,aligned,w02_s003,2,3,86,0.9418604651162791
loop,next_1_4,heldout_snapshot,physical_action+token_history,aligned,w00_s003,0,2,71,0.971830985915493
loop,next_1_4,heldout_snapshot,physical_action+token_history,aligned,w01_s001,1,3,62,0.9516129032258065
loop,next_1_4,heldout_snapshot,physical_action+token_history,aligned,w02_s004,2,3,62,0.9838709677419355
loop,next_1_4,heldout_snapshot,physical_action+token_history,aligned,w00_s004,0,1,63,1.0
loop,next_1_4,heldout_snapshot,physical_action+token_history,aligned,w01_s002,1,2,61,0.9836065573770493
loop,next_1_4,heldout_snapshot,physical_action+token_history,aligned,w02_s000,2,3,71,0.6338028169014085
loop,next_1_4,heldout_snapshot,physical+token_history,aligned,w00_s000,0,1,55,1.0
loop,next_1_4,heldout_snapshot,physical+token_history,aligned,w00_s005,0,2,59,0.9661016949152542
loop,next_1_4,heldout_snapshot,physical+token_history,aligned,w01_s003,1,3,62,0.8548387096774194
loop,next_1_4,heldout_snapshot,physical+token_history,aligned,w02_s001,2,2,59,0.9830508474576272
loop,next_1_4,heldout_snapshot,physical+token_history,aligned,w00_s001,0,3,62,1.0
loop,next_1_4,heldout_snapshot,physical+token_history,aligned,w01_s004,1,3,77,0.9090909090909091
loop,next_1_4,heldout_snapshot,physical+token_history,aligned,w02_s002,2,3,69,0.782608695652174
loop,next_1_4,heldout_snapshot,physical+token_history,aligned,w03_s005,3,1,15,0.8666666666666667
loop,next_1_4,heldout_snapshot,physical+token_history,aligned,w00_s002,0,2,80,0.9625
loop,next_1_4,heldout_snapshot,physical+token_history,aligned,w01_s000,1,3,69,1.0
loop,next_1_4,heldout_snapshot,physical+token_history,aligned,w02_s003,2,3,86,0.9534883720930233
loop,next_1_4,heldout_snapshot,physical+token_history,aligned,w00_s003,0,2,71,0.971830985915493
loop,next_1_4,heldout_snapshot,physical+token_history,aligned,w01_s001,1,3,62,1.0
loop,next_1_4,heldout_snapshot,physical+token_history,aligned,w02_s004,2,3,62,1.0
loop,next_1_4,heldout_snapshot,physical+token_history,aligned,w00_s004,0,1,63,1.0
loop,next_1_4,heldout_snapshot,physical+token_history,aligned,w01_s002,1,2,61,0.9836065573770493
loop,next_1_4,heldout_snapshot,physical+token_history,aligned,w02_s000,2,3,71,0.7605633802816901
loop,next_1_4,heldout_snapshot,physical_action+token_history,shift_1,w00_s000,0,1,55,1.0
loop,next_1_4,heldout_snapshot,physical_action+token_history,shift_1,w00_s005,0,2,59,1.0
loop,next_1_4,heldout_snapshot,physical_action+token_history,shift_1,w01_s003,1,3,62,0.8064516129032258
loop,next_1_4,heldout_snapshot,physical_action+token_history,shift_1,w02_s001,2,2,59,0.9322033898305084
loop,next_1_4,heldout_snapshot,physical_action+token_history,shift_1,w00_s001,0,3,62,1.0
loop,next_1_4,heldout_snapshot,physical_action+token_history,shift_1,w01_s004,1,3,77,0.7532467532467533
loop,next_1_4,heldout_snapshot,physical_action+token_history,shift_1,w02_s002,2,3,69,0.8115942028985508
loop,next_1_4,heldout_snapshot,physical_action+token_history,shift_1,w03_s005,3,1,15,0.6
loop,next_1_4,heldout_snapshot,physical_action+token_history,shift_1,w00_s002,0,2,80,0.925
loop,next_1_4,heldout_snapshot,physical_action+token_history,shift_1,w01_s000,1,3,69,0.8695652173913043
loop,next_1_4,heldout_snapshot,physical_action+token_history,shift_1,w02_s003,2,3,86,0.7790697674418605
loop,next_1_4,heldout_snapshot,physical_action+token_history,shift_1,w00_s003,0,2,71,0.9436619718309859
loop,next_1_4,heldout_snapshot,physical_action+token_history,shift_1,w01_s001,1,3,62,0.9838709677419355
loop,next_1_4,heldout_snapshot,physical_action+token_history,shift_1,w02_s004,2,3,62,0.8709677419354839
loop,next_1_4,heldout_snapshot,physical_action+token_history,shift_1,w00_s004,0,1,63,1.0
loop,next_1_4,heldout_snapshot,physical_action+token_history,shift_1,w01_s002,1,2,61,0.9672131147540983
loop,next_1_4,heldout_snapshot,physical_action+token_history,shift_1,w02_s000,2,3,71,0.6197183098591549
loop,next_1_4,heldout_snapshot,physical+token_history,shift_1,w00_s000,0,1,55,1.0
loop,next_1_4,heldout_snapshot,physical+token_history,shift_1,w00_s005,0,2,59,0.8135593220338984
loop,next_1_4,heldout_snapshot,physical+token_history,shift_1,w01_s003,1,3,62,0.6774193548387096
loop,next_1_4,heldout_snapshot,physical+token_history,shift_1,w02_s001,2,2,59,0.8813559322033898
loop,next_1_4,heldout_snapshot,physical+token_history,shift_1,w00_s001,0,3,62,0.967741935483871
loop,next_1_4,heldout_snapshot,physical+token_history,shift_1,w01_s004,1,3,77,0.4805194805194805
loop,next_1_4,heldout_snapshot,physical+token_history,shift_1,w02_s002,2,3,69,0.7971014492753623
loop,next_1_4,heldout_snapshot,physical+token_history,shift_1,w03_s005,3,1,15,0.8
loop,next_1_4,heldout_snapshot,physical+token_history,shift_1,w00_s002,0,2,80,0.8
loop,next_1_4,heldout_snapshot,physical+token_history,shift_1,w01_s000,1,3,69,0.8115942028985508
loop,next_1_4,heldout_snapshot,physical+token_history,shift_1,w02_s003,2,3,86,0.7558139534883721
loop,next_1_4,heldout_snapshot,physical+token_history,shift_1,w00_s003,0,2,71,0.8591549295774648
loop,next_1_4,heldout_snapshot,physical+token_history,shift_1,w01_s001,1,3,62,0.6774193548387096
loop,next_1_4,heldout_snapshot,physical+token_history,shift_1,w02_s004,2,3,62,0.8387096774193549
loop,next_1_4,heldout_snapshot,physical+token_history,shift_1,w00_s004,0,1,63,0.8571428571428571
loop,next_1_4,heldout_snapshot,physical+token_history,shift_1,w01_s002,1,2,61,0.8032786885245902
loop,next_1_4,heldout_snapshot,physical+token_history,shift_1,w02_s000,2,3,71,0.6338028169014085
loop,next_1_4,heldout_snapshot,physical_action+token_history,shift_2,w00_s000,0,1,55,1.0
loop,next_1_4,heldout_snapshot,physical_action+token_history,shift_2,w00_s005,0,2,59,1.0
loop,next_1_4,heldout_snapshot,physical_action+token_history,shift_2,w01_s003,1,3,62,0.8709677419354839
loop,next_1_4,heldout_snapshot,physical_action+token_history,shift_2,w02_s001,2,2,59,0.8813559322033898
loop,next_1_4,heldout_snapshot,physical_action+token_history,shift_2,w00_s001,0,3,62,1.0
loop,next_1_4,heldout_snapshot,physical_action+token_history,shift_2,w01_s004,1,3,77,0.987012987012987
loop,next_1_4,heldout_snapshot,physical_action+token_history,shift_2,w02_s002,2,3,69,0.7681159420289855
loop,next_1_4,heldout_snapshot,physical_action+token_history,shift_2,w03_s005,3,1,15,0.5333333333333333
loop,next_1_4,heldout_snapshot,physical_action+token_history,shift_2,w00_s002,0,2,80,0.8875
loop,next_1_4,heldout_snapshot,physical_action+token_history,shift_2,w01_s000,1,3,69,0.8115942028985508
loop,next_1_4,heldout_snapshot,physical_action+token_history,shift_2,w02_s003,2,3,86,0.7790697674418605
loop,next_1_4,heldout_snapshot,physical_action+token_history,shift_2,w00_s003,0,2,71,1.0
loop,next_1_4,heldout_snapshot,physical_action+token_history,shift_2,w01_s001,1,3,62,0.9516129032258065
loop,next_1_4,heldout_snapshot,physical_action+token_history,shift_2,w02_s004,2,3,62,0.7258064516129032
loop,next_1_4,heldout_snapshot,physical_action+token_history,shift_2,w00_s004,0,1,63,1.0
loop,next_1_4,heldout_snapshot,physical_action+token_history,shift_2,w01_s002,1,2,61,0.9508196721311477
loop,next_1_4,heldout_snapshot,physical_action+token_history,shift_2,w02_s000,2,3,71,0.5070422535211268
loop,next_1_4,heldout_snapshot,physical+token_history,shift_2,w00_s000,0,1,55,1.0
loop,next_1_4,heldout_snapshot,physical+token_history,shift_2,w00_s005,0,2,59,0.847457627118644
loop,next_1_4,heldout_snapshot,physical+token_history,shift_2,w01_s003,1,3,62,0.7580645161290323
loop,next_1_4,heldout_snapshot,physical+token_history,shift_2,w02_s001,2,2,59,0.9322033898305084
loop,next_1_4,heldout_snapshot,physical+token_history,shift_2,w00_s001,0,3,62,0.9516129032258065
loop,next_1_4,heldout_snapshot,physical+token_history,shift_2,w01_s004,1,3,77,0.8181818181818182
loop,next_1_4,heldout_snapshot,physical+token_history,shift_2,w02_s002,2,3,69,0.6666666666666666
loop,next_1_4,heldout_snapshot,physical+token_history,shift_2,w03_s005,3,1,15,0.9333333333333333
loop,next_1_4,heldout_snapshot,physical+token_history,shift_2,w00_s002,0,2,80,0.8375
loop,next_1_4,heldout_snapshot,physical+token_history,shift_2,w01_s000,1,3,69,0.4927536231884058
loop,next_1_4,heldout_snapshot,physical+token_history,shift_2,w02_s003,2,3,86,0.7906976744186046
loop,next_1_4,heldout_snapshot,physical+token_history,shift_2,w00_s003,0,2,71,0.8028169014084507
loop,next_1_4,heldout_snapshot,physical+token_history,shift_2,w01_s001,1,3,62,0.6451612903225806
loop,next_1_4,heldout_snapshot,physical+token_history,shift_2,w02_s004,2,3,62,0.5161290322580645
loop,next_1_4,heldout_snapshot,physical+token_history,shift_2,w00_s004,0,1,63,0.8095238095238095
loop,next_1_4,heldout_snapshot,physical+token_history,shift_2,w01_s002,1,2,61,0.6229508196721312
loop,next_1_4,heldout_snapshot,physical+token_history,shift_2,w02_s000,2,3,71,0.7746478873239436
loop,next_1_4,heldout_snapshot,physical_action+token_history,shift_3,w00_s000,0,1,55,1.0
loop,next_1_4,heldout_snapshot,physical_action+token_history,shift_3,w00_s005,0,2,59,0.9661016949152542
loop,next_1_4,heldout_snapshot,physical_action+token_history,shift_3,w01_s003,1,3,62,0.967741935483871
loop,next_1_4,heldout_snapshot,physical_action+token_history,shift_3,w02_s001,2,2,59,1.0
loop,next_1_4,heldout_snapshot,physical_action+token_history,shift_3,w00_s001,0,3,62,0.9838709677419355
loop,next_1_4,heldout_snapshot,physical_action+token_history,shift_3,w01_s004,1,3,77,0.6623376623376623
loop,next_1_4,heldout_snapshot,physical_action+token_history,shift_3,w02_s002,2,3,69,0.7971014492753623
loop,next_1_4,heldout_snapshot,physical_action+token_history,shift_3,w03_s005,3,1,15,0.7333333333333333
loop,next_1_4,heldout_snapshot,physical_action+token_history,shift_3,w00_s002,0,2,80,0.9625
loop,next_1_4,heldout_snapshot,physical_action+token_history,shift_3,w01_s000,1,3,69,0.9420289855072463
loop,next_1_4,heldout_snapshot,physical_action+token_history,shift_3,w02_s003,2,3,86,0.6976744186046512
loop,next_1_4,heldout_snapshot,physical_action+token_history,shift_3,w00_s003,0,2,71,0.9014084507042254
loop,next_1_4,heldout_snapshot,physical_action+token_history,shift_3,w01_s001,1,3,62,0.9516129032258065
loop,next_1_4,heldout_snapshot,physical_action+token_history,shift_3,w02_s004,2,3,62,0.7741935483870968
loop,next_1_4,heldout_snapshot,physical_action+token_history,shift_3,w00_s004,0,1,63,1.0
loop,next_1_4,heldout_snapshot,physical_action+token_history,shift_3,w01_s002,1,2,61,0.9836065573770493
loop,next_1_4,heldout_snapshot,physical_action+token_history,shift_3,w02_s000,2,3,71,0.4647887323943662
loop,next_1_4,heldout_snapshot,physical+token_history,shift_3,w00_s000,0,1,55,1.0
loop,next_1_4,heldout_snapshot,physical+token_history,shift_3,w00_s005,0,2,59,0.7966101694915254
loop,next_1_4,heldout_snapshot,physical+token_history,shift_3,w01_s003,1,3,62,0.9838709677419355
loop,next_1_4,heldout_snapshot,physical+token_history,shift_3,w02_s001,2,2,59,0.8305084745762712
loop,next_1_4,heldout_snapshot,physical+token_history,shift_3,w00_s001,0,3,62,0.8064516129032258
loop,next_1_4,heldout_snapshot,physical+token_history,shift_3,w01_s004,1,3,77,0.5324675324675324
loop,next_1_4,heldout_snapshot,physical+token_history,shift_3,w02_s002,2,3,69,0.7681159420289855
loop,next_1_4,heldout_snapshot,physical+token_history,shift_3,w03_s005,3,1,15,1.0
loop,next_1_4,heldout_snapshot,physical+token_history,shift_3,w00_s002,0,2,80,0.925
loop,next_1_4,heldout_snapshot,physical+token_history,shift_3,w01_s000,1,3,69,0.6811594202898551
loop,next_1_4,heldout_snapshot,physical+token_history,shift_3,w02_s003,2,3,86,0.6976744186046512
loop,next_1_4,heldout_snapshot,physical+token_history,shift_3,w00_s003,0,2,71,0.8169014084507042
loop,next_1_4,heldout_snapshot,physical+token_history,shift_3,w01_s001,1,3,62,0.7096774193548387
loop,next_1_4,heldout_snapshot,physical+token_history,shift_3,w02_s004,2,3,62,0.5806451612903226
loop,next_1_4,heldout_snapshot,physical+token_history,shift_3,w00_s004,0,1,63,1.0
loop,next_1_4,heldout_snapshot,physical+token_history,shift_3,w01_s002,1,2,61,0.721311475409836
loop,next_1_4,heldout_snapshot,physical+token_history,shift_3,w02_s000,2,3,71,0.5633802816901409
loop,next_1_4,heldout_worker,rate_only,aligned,w00_s000,0,1,55,0.5
loop,next_1_4,heldout_worker,rate_only,aligned,w00_s001,0,3,62,0.5
loop,next_1_4,heldout_worker,rate_only,aligned,w00_s002,0,2,80,0.5
loop,next_1_4,heldout_worker,rate_only,aligned,w00_s003,0,2,71,0.5
loop,next_1_4,heldout_worker,rate_only,aligned,w00_s004,0,1,63,0.5
loop,next_1_4,heldout_worker,rate_only,aligned,w00_s005,0,2,59,0.5
loop,next_1_4,heldout_worker,rate_only,aligned,w01_s000,1,3,69,0.5
loop,next_1_4,heldout_worker,rate_only,aligned,w01_s001,1,3,62,0.5
loop,next_1_4,heldout_worker,rate_only,aligned,w01_s002,1,2,61,0.5
loop,next_1_4,heldout_worker,rate_only,aligned,w01_s003,1,3,62,0.5
loop,next_1_4,heldout_worker,rate_only,aligned,w01_s004,1,3,77,0.5
loop,next_1_4,heldout_worker,rate_only,aligned,w02_s000,2,3,71,0.5
loop,next_1_4,heldout_worker,rate_only,aligned,w02_s001,2,2,59,0.5
loop,next_1_4,heldout_worker,rate_only,aligned,w02_s002,2,3,69,0.5
loop,next_1_4,heldout_worker,rate_only,aligned,w02_s003,2,3,86,0.5
loop,next_1_4,heldout_worker,rate_only,aligned,w02_s004,2,3,62,0.5
loop,next_1_4,heldout_worker,rate_only,aligned,w03_s005,3,1,15,0.5
loop,next_1_4,heldout_worker,physical_action,aligned,w00_s000,0,1,55,1.0
loop,next_1_4,heldout_worker,physical_action,aligned,w00_s001,0,3,62,1.0
loop,next_1_4,heldout_worker,physical_action,aligned,w00_s002,0,2,80,0.95
loop,next_1_4,heldout_worker,physical_action,aligned,w00_s003,0,2,71,0.971830985915493
loop,next_1_4,heldout_worker,physical_action,aligned,w00_s004,0,1,63,1.0
loop,next_1_4,heldout_worker,physical_action,aligned,w00_s005,0,2,59,0.9830508474576272
loop,next_1_4,heldout_worker,physical_action,aligned,w01_s000,1,3,69,0.9420289855072463
loop,next_1_4,heldout_worker,physical_action,aligned,w01_s001,1,3,62,1.0
loop,next_1_4,heldout_worker,physical_action,aligned,w01_s002,1,2,61,0.9836065573770493
loop,next_1_4,heldout_worker,physical_action,aligned,w01_s003,1,3,62,0.8548387096774194
loop,next_1_4,heldout_worker,physical_action,aligned,w01_s004,1,3,77,0.961038961038961
loop,next_1_4,heldout_worker,physical_action,aligned,w02_s000,2,3,71,0.6619718309859155
loop,next_1_4,heldout_worker,physical_action,aligned,w02_s001,2,2,59,0.8983050847457628
loop,next_1_4,heldout_worker,physical_action,aligned,w02_s002,2,3,69,0.8260869565217391
loop,next_1_4,heldout_worker,physical_action,aligned,w02_s003,2,3,86,0.9302325581395349
loop,next_1_4,heldout_worker,physical_action,aligned,w02_s004,2,3,62,0.8709677419354839
loop,next_1_4,heldout_worker,physical_action,aligned,w03_s005,3,1,15,0.33333333333333337
loop,next_1_4,heldout_worker,physical,aligned,w00_s000,0,1,55,1.0
loop,next_1_4,heldout_worker,physical,aligned,w00_s001,0,3,62,0.9838709677419355
loop,next_1_4,heldout_worker,physical,aligned,w00_s002,0,2,80,0.95
loop,next_1_4,heldout_worker,physical,aligned,w00_s003,0,2,71,0.9154929577464789
loop,next_1_4,heldout_worker,physical,aligned,w00_s004,0,1,63,1.0
loop,next_1_4,heldout_worker,physical,aligned,w00_s005,0,2,59,0.9322033898305084
loop,next_1_4,heldout_worker,physical,aligned,w01_s000,1,3,69,0.8405797101449274
loop,next_1_4,heldout_worker,physical,aligned,w01_s001,1,3,62,0.967741935483871
loop,next_1_4,heldout_worker,physical,aligned,w01_s002,1,2,61,1.0
loop,next_1_4,heldout_worker,physical,aligned,w01_s003,1,3,62,0.8387096774193549
loop,next_1_4,heldout_worker,physical,aligned,w01_s004,1,3,77,0.961038961038961
loop,next_1_4,heldout_worker,physical,aligned,w02_s000,2,3,71,0.6197183098591549
loop,next_1_4,heldout_worker,physical,aligned,w02_s001,2,2,59,1.0
loop,next_1_4,heldout_worker,physical,aligned,w02_s002,2,3,69,0.7681159420289855
loop,next_1_4,heldout_worker,physical,aligned,w02_s003,2,3,86,0.9069767441860465
loop,next_1_4,heldout_worker,physical,aligned,w02_s004,2,3,62,0.7096774193548387
loop,next_1_4,heldout_worker,physical,aligned,w03_s005,3,1,15,0.9333333333333333
loop,next_1_4,heldout_worker,moe_aggregate_current,aligned,w00_s000,0,1,55,0.6181818181818182
loop,next_1_4,heldout_worker,moe_aggregate_current,aligned,w00_s001,0,3,62,0.5645161290322581
loop,next_1_4,heldout_worker,moe_aggregate_current,aligned,w00_s002,0,2,80,0.7625
loop,next_1_4,heldout_worker,moe_aggregate_current,aligned,w00_s003,0,2,71,0.9295774647887324
loop,next_1_4,heldout_worker,moe_aggregate_current,aligned,w00_s004,0,1,63,0.6507936507936508
loop,next_1_4,heldout_worker,moe_aggregate_current,aligned,w00_s005,0,2,59,0.7288135593220338
loop,next_1_4,heldout_worker,moe_aggregate_current,aligned,w01_s000,1,3,69,0.9130434782608695
loop,next_1_4,heldout_worker,moe_aggregate_current,aligned,w01_s001,1,3,62,0.8870967741935484
loop,next_1_4,heldout_worker,moe_aggregate_current,aligned,w01_s002,1,2,61,0.6229508196721312
loop,next_1_4,heldout_worker,moe_aggregate_current,aligned,w01_s003,1,3,62,0.8548387096774194
loop,next_1_4,heldout_worker,moe_aggregate_current,aligned,w01_s004,1,3,77,0.8181818181818182
loop,next_1_4,heldout_worker,moe_aggregate_current,aligned,w02_s000,2,3,71,0.7605633802816901
loop,next_1_4,heldout_worker,moe_aggregate_current,aligned,w02_s001,2,2,59,0.5932203389830508
loop,next_1_4,heldout_worker,moe_aggregate_current,aligned,w02_s002,2,3,69,0.7536231884057971
loop,next_1_4,heldout_worker,moe_aggregate_current,aligned,w02_s003,2,3,86,0.7441860465116279
loop,next_1_4,heldout_worker,moe_aggregate_current,aligned,w02_s004,2,3,62,0.8387096774193549
loop,next_1_4,heldout_worker,moe_aggregate_current,aligned,w03_s005,3,1,15,0.8
loop,next_1_4,heldout_worker,physical_action+aggregate_current,aligned,w00_s000,0,1,55,1.0
loop,next_1_4,heldout_worker,physical_action+aggregate_current,aligned,w00_s001,0,3,62,1.0
loop,next_1_4,heldout_worker,physical_action+aggregate_current,aligned,w00_s002,0,2,80,0.95
loop,next_1_4,heldout_worker,physical_action+aggregate_current,aligned,w00_s003,0,2,71,0.9577464788732394
loop,next_1_4,heldout_worker,physical_action+aggregate_current,aligned,w00_s004,0,1,63,1.0
loop,next_1_4,heldout_worker,physical_action+aggregate_current,aligned,w00_s005,0,2,59,0.9830508474576272
loop,next_1_4,heldout_worker,physical_action+aggregate_current,aligned,w01_s000,1,3,69,0.855072463768116
loop,next_1_4,heldout_worker,physical_action+aggregate_current,aligned,w01_s001,1,3,62,0.9354838709677419
loop,next_1_4,heldout_worker,physical_action+aggregate_current,aligned,w01_s002,1,2,61,0.8688524590163934
loop,next_1_4,heldout_worker,physical_action+aggregate_current,aligned,w01_s003,1,3,62,0.8870967741935484
loop,next_1_4,heldout_worker,physical_action+aggregate_current,aligned,w01_s004,1,3,77,0.8831168831168831
loop,next_1_4,heldout_worker,physical_action+aggregate_current,aligned,w02_s000,2,3,71,0.7183098591549296
loop,next_1_4,heldout_worker,physical_action+aggregate_current,aligned,w02_s001,2,2,59,0.9152542372881356
loop,next_1_4,heldout_worker,physical_action+aggregate_current,aligned,w02_s002,2,3,69,0.8985507246376812
loop,next_1_4,heldout_worker,physical_action+aggregate_current,aligned,w02_s003,2,3,86,0.9418604651162791
loop,next_1_4,heldout_worker,physical_action+aggregate_current,aligned,w02_s004,2,3,62,0.8870967741935484
loop,next_1_4,heldout_worker,physical_action+aggregate_current,aligned,w03_s005,3,1,15,0.4
loop,next_1_4,heldout_worker,physical+aggregate_current,aligned,w00_s000,0,1,55,1.0
loop,next_1_4,heldout_worker,physical+aggregate_current,aligned,w00_s001,0,3,62,0.9516129032258065
loop,next_1_4,heldout_worker,physical+aggregate_current,aligned,w00_s002,0,2,80,0.975
loop,next_1_4,heldout_worker,physical+aggregate_current,aligned,w00_s003,0,2,71,0.971830985915493
loop,next_1_4,heldout_worker,physical+aggregate_current,aligned,w00_s004,0,1,63,0.9523809523809523
loop,next_1_4,heldout_worker,physical+aggregate_current,aligned,w00_s005,0,2,59,0.864406779661017
loop,next_1_4,heldout_worker,physical+aggregate_current,aligned,w01_s000,1,3,69,0.9130434782608695
loop,next_1_4,heldout_worker,physical+aggregate_current,aligned,w01_s001,1,3,62,0.967741935483871
loop,next_1_4,heldout_worker,physical+aggregate_current,aligned,w01_s002,1,2,61,0.8688524590163935
loop,next_1_4,heldout_worker,physical+aggregate_current,aligned,w01_s003,1,3,62,0.9193548387096774
loop,next_1_4,heldout_worker,physical+aggregate_current,aligned,w01_s004,1,3,77,0.9090909090909091
loop,next_1_4,heldout_worker,physical+aggregate_current,aligned,w02_s000,2,3,71,0.7464788732394366
loop,next_1_4,heldout_worker,physical+aggregate_current,aligned,w02_s001,2,2,59,1.0
loop,next_1_4,heldout_worker,physical+aggregate_current,aligned,w02_s002,2,3,69,0.8115942028985508
loop,next_1_4,heldout_worker,physical+aggregate_current,aligned,w02_s003,2,3,86,0.9651162790697675
loop,next_1_4,heldout_worker,physical+aggregate_current,aligned,w02_s004,2,3,62,0.7419354838709677
loop,next_1_4,heldout_worker,physical+aggregate_current,aligned,w03_s005,3,1,15,0.6666666666666667
loop,next_1_4,heldout_worker,physical_action+aggregate_current,shift_1,w00_s000,0,1,55,0.9272727272727272
loop,next_1_4,heldout_worker,physical_action+aggregate_current,shift_1,w00_s001,0,3,62,0.967741935483871
loop,next_1_4,heldout_worker,physical_action+aggregate_current,shift_1,w00_s002,0,2,80,0.8875
loop,next_1_4,heldout_worker,physical_action+aggregate_current,shift_1,w00_s003,0,2,71,0.8028169014084507
loop,next_1_4,heldout_worker,physical_action+aggregate_current,shift_1,w00_s004,0,1,63,0.873015873015873
loop,next_1_4,heldout_worker,physical_action+aggregate_current,shift_1,w00_s005,0,2,59,0.8305084745762712
loop,next_1_4,heldout_worker,physical_action+aggregate_current,shift_1,w01_s000,1,3,69,0.7246376811594202
loop,next_1_4,heldout_worker,physical_action+aggregate_current,shift_1,w01_s001,1,3,62,0.8709677419354839
loop,next_1_4,heldout_worker,physical_action+aggregate_current,shift_1,w01_s002,1,2,61,0.9016393442622951
loop,next_1_4,heldout_worker,physical_action+aggregate_current,shift_1,w01_s003,1,3,62,0.967741935483871
loop,next_1_4,heldout_worker,physical_action+aggregate_current,shift_1,w01_s004,1,3,77,0.7532467532467533
loop,next_1_4,heldout_worker,physical_action+aggregate_current,shift_1,w02_s000,2,3,71,0.5352112676056338
loop,next_1_4,heldout_worker,physical_action+aggregate_current,shift_1,w02_s001,2,2,59,0.847457627118644
loop,next_1_4,heldout_worker,physical_action+aggregate_current,shift_1,w02_s002,2,3,69,0.8695652173913043
loop,next_1_4,heldout_worker,physical_action+aggregate_current,shift_1,w02_s003,2,3,86,0.8488372093023255
loop,next_1_4,heldout_worker,physical_action+aggregate_current,shift_1,w02_s004,2,3,62,0.6774193548387096
loop,next_1_4,heldout_worker,physical_action+aggregate_current,shift_1,w03_s005,3,1,15,0.33333333333333337
loop,next_1_4,heldout_worker,physical+aggregate_current,shift_1,w00_s000,0,1,55,1.0
loop,next_1_4,heldout_worker,physical+aggregate_current,shift_1,w00_s001,0,3,62,0.9354838709677419
loop,next_1_4,heldout_worker,physical+aggregate_current,shift_1,w00_s002,0,2,80,0.9125
loop,next_1_4,heldout_worker,physical+aggregate_current,shift_1,w00_s003,0,2,71,0.8732394366197183
loop,next_1_4,heldout_worker,physical+aggregate_current,shift_1,w00_s004,0,1,63,0.9206349206349207
loop,next_1_4,heldout_worker,physical+aggregate_current,shift_1,w00_s005,0,2,59,0.7966101694915254
loop,next_1_4,heldout_worker,physical+aggregate_current,shift_1,w01_s000,1,3,69,0.5652173913043478
loop,next_1_4,heldout_worker,physical+aggregate_current,shift_1,w01_s001,1,3,62,0.7419354838709677
loop,next_1_4,heldout_worker,physical+aggregate_current,shift_1,w01_s002,1,2,61,0.8524590163934426
loop,next_1_4,heldout_worker,physical+aggregate_current,shift_1,w01_s003,1,3,62,0.8870967741935484
loop,next_1_4,heldout_worker,physical+aggregate_current,shift_1,w01_s004,1,3,77,0.6103896103896104
loop,next_1_4,heldout_worker,physical+aggregate_current,shift_1,w02_s000,2,3,71,0.5070422535211268
loop,next_1_4,heldout_worker,physical+aggregate_current,shift_1,w02_s001,2,2,59,1.0
loop,next_1_4,heldout_worker,physical+aggregate_current,shift_1,w02_s002,2,3,69,0.8695652173913043
loop,next_1_4,heldout_worker,physical+aggregate_current,shift_1,w02_s003,2,3,86,0.9069767441860465
loop,next_1_4,heldout_worker,physical+aggregate_current,shift_1,w02_s004,2,3,62,0.6774193548387096
loop,next_1_4,heldout_worker,physical+aggregate_current,shift_1,w03_s005,3,1,15,0.8
loop,next_1_4,heldout_worker,physical_action+aggregate_current,shift_2,w00_s000,0,1,55,0.9818181818181818
loop,next_1_4,heldout_worker,physical_action+aggregate_current,shift_2,w00_s001,0,3,62,1.0
loop,next_1_4,heldout_worker,physical_action+aggregate_current,shift_2,w00_s002,0,2,80,0.85
loop,next_1_4,heldout_worker,physical_action+aggregate_current,shift_2,w00_s003,0,2,71,0.8028169014084507
loop,next_1_4,heldout_worker,physical_action+aggregate_current,shift_2,w00_s004,0,1,63,0.746031746031746
loop,next_1_4,heldout_worker,physical_action+aggregate_current,shift_2,w00_s005,0,2,59,0.8474576271186439
loop,next_1_4,heldout_worker,physical_action+aggregate_current,shift_2,w01_s000,1,3,69,0.8985507246376812
loop,next_1_4,heldout_worker,physical_action+aggregate_current,shift_2,w01_s001,1,3,62,0.9354838709677419
loop,next_1_4,heldout_worker,physical_action+aggregate_current,shift_2,w01_s002,1,2,61,1.0
loop,next_1_4,heldout_worker,physical_action+aggregate_current,shift_2,w01_s003,1,3,62,0.8064516129032258
loop,next_1_4,heldout_worker,physical_action+aggregate_current,shift_2,w01_s004,1,3,77,0.948051948051948
loop,next_1_4,heldout_worker,physical_action+aggregate_current,shift_2,w02_s000,2,3,71,0.7746478873239436
loop,next_1_4,heldout_worker,physical_action+aggregate_current,shift_2,w02_s001,2,2,59,0.8983050847457628
loop,next_1_4,heldout_worker,physical_action+aggregate_current,shift_2,w02_s002,2,3,69,0.8405797101449275
loop,next_1_4,heldout_worker,physical_action+aggregate_current,shift_2,w02_s003,2,3,86,0.8837209302325582
loop,next_1_4,heldout_worker,physical_action+aggregate_current,shift_2,w02_s004,2,3,62,0.7741935483870968
loop,next_1_4,heldout_worker,physical_action+aggregate_current,shift_2,w03_s005,3,1,15,0.33333333333333337
loop,next_1_4,heldout_worker,physical+aggregate_current,shift_2,w00_s000,0,1,55,1.0
loop,next_1_4,heldout_worker,physical+aggregate_current,shift_2,w00_s001,0,3,62,0.9838709677419355
loop,next_1_4,heldout_worker,physical+aggregate_current,shift_2,w00_s002,0,2,80,0.925
loop,next_1_4,heldout_worker,physical+aggregate_current,shift_2,w00_s003,0,2,71,0.9014084507042254
loop,next_1_4,heldout_worker,physical+aggregate_current,shift_2,w00_s004,0,1,63,0.8095238095238095
loop,next_1_4,heldout_worker,physical+aggregate_current,shift_2,w00_s005,0,2,59,0.8135593220338984
loop,next_1_4,heldout_worker,physical+aggregate_current,shift_2,w01_s000,1,3,69,0.6231884057971013
loop,next_1_4,heldout_worker,physical+aggregate_current,shift_2,w01_s001,1,3,62,0.6451612903225806
loop,next_1_4,heldout_worker,physical+aggregate_current,shift_2,w01_s002,1,2,61,0.9672131147540984
loop,next_1_4,heldout_worker,physical+aggregate_current,shift_2,w01_s003,1,3,62,0.7903225806451613
loop,next_1_4,heldout_worker,physical+aggregate_current,shift_2,w01_s004,1,3,77,0.8831168831168831
loop,next_1_4,heldout_worker,physical+aggregate_current,shift_2,w02_s000,2,3,71,0.8732394366197183
loop,next_1_4,heldout_worker,physical+aggregate_current,shift_2,w02_s001,2,2,59,0.9661016949152542
loop,next_1_4,heldout_worker,physical+aggregate_current,shift_2,w02_s002,2,3,69,0.7681159420289855
loop,next_1_4,heldout_worker,physical+aggregate_current,shift_2,w02_s003,2,3,86,0.9418604651162791
loop,next_1_4,heldout_worker,physical+aggregate_current,shift_2,w02_s004,2,3,62,0.7096774193548387
loop,next_1_4,heldout_worker,physical+aggregate_current,shift_2,w03_s005,3,1,15,0.8666666666666667
loop,next_1_4,heldout_worker,physical_action+aggregate_current,shift_3,w00_s000,0,1,55,0.9454545454545454
loop,next_1_4,heldout_worker,physical_action+aggregate_current,shift_3,w00_s001,0,3,62,1.0
loop,next_1_4,heldout_worker,physical_action+aggregate_current,shift_3,w00_s002,0,2,80,0.9
loop,next_1_4,heldout_worker,physical_action+aggregate_current,shift_3,w00_s003,0,2,71,0.7323943661971831
loop,next_1_4,heldout_worker,physical_action+aggregate_current,shift_3,w00_s004,0,1,63,0.9365079365079365
loop,next_1_4,heldout_worker,physical_action+aggregate_current,shift_3,w00_s005,0,2,59,0.8813559322033898
loop,next_1_4,heldout_worker,physical_action+aggregate_current,shift_3,w01_s000,1,3,69,0.9420289855072463
loop,next_1_4,heldout_worker,physical_action+aggregate_current,shift_3,w01_s001,1,3,62,0.7741935483870968
loop,next_1_4,heldout_worker,physical_action+aggregate_current,shift_3,w01_s002,1,2,61,0.8032786885245901
loop,next_1_4,heldout_worker,physical_action+aggregate_current,shift_3,w01_s003,1,3,62,0.9193548387096774
loop,next_1_4,heldout_worker,physical_action+aggregate_current,shift_3,w01_s004,1,3,77,0.6883116883116883
loop,next_1_4,heldout_worker,physical_action+aggregate_current,shift_3,w02_s000,2,3,71,0.6197183098591549
loop,next_1_4,heldout_worker,physical_action+aggregate_current,shift_3,w02_s001,2,2,59,0.9152542372881356
loop,next_1_4,heldout_worker,physical_action+aggregate_current,shift_3,w02_s002,2,3,69,0.855072463768116
loop,next_1_4,heldout_worker,physical_action+aggregate_current,shift_3,w02_s003,2,3,86,0.8023255813953488
loop,next_1_4,heldout_worker,physical_action+aggregate_current,shift_3,w02_s004,2,3,62,0.6935483870967742
loop,next_1_4,heldout_worker,physical_action+aggregate_current,shift_3,w03_s005,3,1,15,0.5333333333333333
loop,next_1_4,heldout_worker,physical+aggregate_current,shift_3,w00_s000,0,1,55,1.0
loop,next_1_4,heldout_worker,physical+aggregate_current,shift_3,w00_s001,0,3,62,0.9838709677419355
loop,next_1_4,heldout_worker,physical+aggregate_current,shift_3,w00_s002,0,2,80,0.925
loop,next_1_4,heldout_worker,physical+aggregate_current,shift_3,w00_s003,0,2,71,0.9014084507042254
loop,next_1_4,heldout_worker,physical+aggregate_current,shift_3,w00_s004,0,1,63,0.9682539682539683
loop,next_1_4,heldout_worker,physical+aggregate_current,shift_3,w00_s005,0,2,59,0.7627118644067796
loop,next_1_4,heldout_worker,physical+aggregate_current,shift_3,w01_s000,1,3,69,0.7681159420289855
loop,next_1_4,heldout_worker,physical+aggregate_current,shift_3,w01_s001,1,3,62,0.5967741935483871
loop,next_1_4,heldout_worker,physical+aggregate_current,shift_3,w01_s002,1,2,61,0.8524590163934426
loop,next_1_4,heldout_worker,physical+aggregate_current,shift_3,w01_s003,1,3,62,0.7741935483870968
loop,next_1_4,heldout_worker,physical+aggregate_current,shift_3,w01_s004,1,3,77,0.7142857142857143
loop,next_1_4,heldout_worker,physical+aggregate_current,shift_3,w02_s000,2,3,71,0.6901408450704225
loop,next_1_4,heldout_worker,physical+aggregate_current,shift_3,w02_s001,2,2,59,0.9322033898305084
loop,next_1_4,heldout_worker,physical+aggregate_current,shift_3,w02_s002,2,3,69,0.8260869565217391
loop,next_1_4,heldout_worker,physical+aggregate_current,shift_3,w02_s003,2,3,86,0.8953488372093024
loop,next_1_4,heldout_worker,physical+aggregate_current,shift_3,w02_s004,2,3,62,0.6290322580645161
loop,next_1_4,heldout_worker,physical+aggregate_current,shift_3,w03_s005,3,1,15,1.0
loop,next_1_4,heldout_worker,moe_token_current,aligned,w00_s000,0,1,55,0.6363636363636364
loop,next_1_4,heldout_worker,moe_token_current,aligned,w00_s001,0,3,62,0.6451612903225806
loop,next_1_4,heldout_worker,moe_token_current,aligned,w00_s002,0,2,80,0.7625
loop,next_1_4,heldout_worker,moe_token_current,aligned,w00_s003,0,2,71,0.9014084507042254
loop,next_1_4,heldout_worker,moe_token_current,aligned,w00_s004,0,1,63,0.6666666666666666
loop,next_1_4,heldout_worker,moe_token_current,aligned,w00_s005,0,2,59,0.6949152542372882
loop,next_1_4,heldout_worker,moe_token_current,aligned,w01_s000,1,3,69,0.9130434782608695
loop,next_1_4,heldout_worker,moe_token_current,aligned,w01_s001,1,3,62,0.8870967741935484
loop,next_1_4,heldout_worker,moe_token_current,aligned,w01_s002,1,2,61,0.6229508196721312
loop,next_1_4,heldout_worker,moe_token_current,aligned,w01_s003,1,3,62,0.8548387096774194
loop,next_1_4,heldout_worker,moe_token_current,aligned,w01_s004,1,3,77,0.8181818181818182
loop,next_1_4,heldout_worker,moe_token_current,aligned,w02_s000,2,3,71,0.7887323943661971
loop,next_1_4,heldout_worker,moe_token_current,aligned,w02_s001,2,2,59,0.6440677966101694
loop,next_1_4,heldout_worker,moe_token_current,aligned,w02_s002,2,3,69,0.855072463768116
loop,next_1_4,heldout_worker,moe_token_current,aligned,w02_s003,2,3,86,0.8023255813953488
loop,next_1_4,heldout_worker,moe_token_current,aligned,w02_s004,2,3,62,0.967741935483871
loop,next_1_4,heldout_worker,moe_token_current,aligned,w03_s005,3,1,15,0.8666666666666667
loop,next_1_4,heldout_worker,physical_action+token_current,aligned,w00_s000,0,1,55,1.0
loop,next_1_4,heldout_worker,physical_action+token_current,aligned,w00_s001,0,3,62,1.0
loop,next_1_4,heldout_worker,physical_action+token_current,aligned,w00_s002,0,2,80,0.95
loop,next_1_4,heldout_worker,physical_action+token_current,aligned,w00_s003,0,2,71,0.9859154929577465
loop,next_1_4,heldout_worker,physical_action+token_current,aligned,w00_s004,0,1,63,1.0
loop,next_1_4,heldout_worker,physical_action+token_current,aligned,w00_s005,0,2,59,0.9830508474576272
loop,next_1_4,heldout_worker,physical_action+token_current,aligned,w01_s000,1,3,69,0.9420289855072463
loop,next_1_4,heldout_worker,physical_action+token_current,aligned,w01_s001,1,3,62,0.8225806451612904
loop,next_1_4,heldout_worker,physical_action+token_current,aligned,w01_s002,1,2,61,0.8852459016393444
loop,next_1_4,heldout_worker,physical_action+token_current,aligned,w01_s003,1,3,62,0.8225806451612904
loop,next_1_4,heldout_worker,physical_action+token_current,aligned,w01_s004,1,3,77,0.8181818181818182
loop,next_1_4,heldout_worker,physical_action+token_current,aligned,w02_s000,2,3,71,0.7605633802816901
loop,next_1_4,heldout_worker,physical_action+token_current,aligned,w02_s001,2,2,59,0.9322033898305084
loop,next_1_4,heldout_worker,physical_action+token_current,aligned,w02_s002,2,3,69,0.782608695652174
loop,next_1_4,heldout_worker,physical_action+token_current,aligned,w02_s003,2,3,86,0.8837209302325582
loop,next_1_4,heldout_worker,physical_action+token_current,aligned,w02_s004,2,3,62,0.9193548387096774
loop,next_1_4,heldout_worker,physical_action+token_current,aligned,w03_s005,3,1,15,0.4
loop,next_1_4,heldout_worker,physical+token_current,aligned,w00_s000,0,1,55,1.0
loop,next_1_4,heldout_worker,physical+token_current,aligned,w00_s001,0,3,62,0.9516129032258065
loop,next_1_4,heldout_worker,physical+token_current,aligned,w00_s002,0,2,80,0.975
loop,next_1_4,heldout_worker,physical+token_current,aligned,w00_s003,0,2,71,0.9859154929577465
loop,next_1_4,heldout_worker,physical+token_current,aligned,w00_s004,0,1,63,0.9523809523809523
loop,next_1_4,heldout_worker,physical+token_current,aligned,w00_s005,0,2,59,0.864406779661017
loop,next_1_4,heldout_worker,physical+token_current,aligned,w01_s000,1,3,69,0.8985507246376812
loop,next_1_4,heldout_worker,physical+token_current,aligned,w01_s001,1,3,62,0.967741935483871
loop,next_1_4,heldout_worker,physical+token_current,aligned,w01_s002,1,2,61,0.9016393442622951
loop,next_1_4,heldout_worker,physical+token_current,aligned,w01_s003,1,3,62,0.8870967741935484
loop,next_1_4,heldout_worker,physical+token_current,aligned,w01_s004,1,3,77,0.8831168831168831
loop,next_1_4,heldout_worker,physical+token_current,aligned,w02_s000,2,3,71,0.7464788732394366
loop,next_1_4,heldout_worker,physical+token_current,aligned,w02_s001,2,2,59,1.0
loop,next_1_4,heldout_worker,physical+token_current,aligned,w02_s002,2,3,69,0.7681159420289855
loop,next_1_4,heldout_worker,physical+token_current,aligned,w02_s003,2,3,86,0.8604651162790697
loop,next_1_4,heldout_worker,physical+token_current,aligned,w02_s004,2,3,62,0.7741935483870968
loop,next_1_4,heldout_worker,physical+token_current,aligned,w03_s005,3,1,15,0.6666666666666667
loop,next_1_4,heldout_worker,physical_action+token_current,shift_1,w00_s000,0,1,55,1.0
loop,next_1_4,heldout_worker,physical_action+token_current,shift_1,w00_s001,0,3,62,1.0
loop,next_1_4,heldout_worker,physical_action+token_current,shift_1,w00_s002,0,2,80,0.925
loop,next_1_4,heldout_worker,physical_action+token_current,shift_1,w00_s003,0,2,71,0.9295774647887324
loop,next_1_4,heldout_worker,physical_action+token_current,shift_1,w00_s004,0,1,63,1.0
loop,next_1_4,heldout_worker,physical_action+token_current,shift_1,w00_s005,0,2,59,0.9830508474576272
loop,next_1_4,heldout_worker,physical_action+token_current,shift_1,w01_s000,1,3,69,0.9420289855072463
loop,next_1_4,heldout_worker,physical_action+token_current,shift_1,w01_s001,1,3,62,0.9354838709677419
loop,next_1_4,heldout_worker,physical_action+token_current,shift_1,w01_s002,1,2,61,0.9344262295081968
loop,next_1_4,heldout_worker,physical_action+token_current,shift_1,w01_s003,1,3,62,0.7741935483870968
loop,next_1_4,heldout_worker,physical_action+token_current,shift_1,w01_s004,1,3,77,0.7272727272727273
loop,next_1_4,heldout_worker,physical_action+token_current,shift_1,w02_s000,2,3,71,0.6056338028169014
loop,next_1_4,heldout_worker,physical_action+token_current,shift_1,w02_s001,2,2,59,0.864406779661017
loop,next_1_4,heldout_worker,physical_action+token_current,shift_1,w02_s002,2,3,69,0.8260869565217391
loop,next_1_4,heldout_worker,physical_action+token_current,shift_1,w02_s003,2,3,86,0.8953488372093024
loop,next_1_4,heldout_worker,physical_action+token_current,shift_1,w02_s004,2,3,62,0.7903225806451613
loop,next_1_4,heldout_worker,physical_action+token_current,shift_1,w03_s005,3,1,15,0.5333333333333333
loop,next_1_4,heldout_worker,physical+token_current,shift_1,w00_s000,0,1,55,1.0
loop,next_1_4,heldout_worker,physical+token_current,shift_1,w00_s001,0,3,62,0.9516129032258065
loop,next_1_4,heldout_worker,physical+token_current,shift_1,w00_s002,0,2,80,0.875
loop,next_1_4,heldout_worker,physical+token_current,shift_1,w00_s003,0,2,71,0.8873239436619719
loop,next_1_4,heldout_worker,physical+token_current,shift_1,w00_s004,0,1,63,0.9206349206349207
loop,next_1_4,heldout_worker,physical+token_current,shift_1,w00_s005,0,2,59,0.8135593220338984
loop,next_1_4,heldout_worker,physical+token_current,shift_1,w01_s000,1,3,69,0.6376811594202898
loop,next_1_4,heldout_worker,physical+token_current,shift_1,w01_s001,1,3,62,0.7741935483870968
loop,next_1_4,heldout_worker,physical+token_current,shift_1,w01_s002,1,2,61,0.8852459016393442
loop,next_1_4,heldout_worker,physical+token_current,shift_1,w01_s003,1,3,62,0.9032258064516129
loop,next_1_4,heldout_worker,physical+token_current,shift_1,w01_s004,1,3,77,0.5584415584415584
loop,next_1_4,heldout_worker,physical+token_current,shift_1,w02_s000,2,3,71,0.5492957746478874
loop,next_1_4,heldout_worker,physical+token_current,shift_1,w02_s001,2,2,59,0.8813559322033898
loop,next_1_4,heldout_worker,physical+token_current,shift_1,w02_s002,2,3,69,0.8260869565217391
loop,next_1_4,heldout_worker,physical+token_current,shift_1,w02_s003,2,3,86,0.8023255813953488
loop,next_1_4,heldout_worker,physical+token_current,shift_1,w02_s004,2,3,62,0.6129032258064516
loop,next_1_4,heldout_worker,physical+token_current,shift_1,w03_s005,3,1,15,0.8
loop,next_1_4,heldout_worker,physical_action+token_current,shift_2,w00_s000,0,1,55,1.0
loop,next_1_4,heldout_worker,physical_action+token_current,shift_2,w00_s001,0,3,62,1.0
loop,next_1_4,heldout_worker,physical_action+token_current,shift_2,w00_s002,0,2,80,0.9375
loop,next_1_4,heldout_worker,physical_action+token_current,shift_2,w00_s003,0,2,71,1.0
loop,next_1_4,heldout_worker,physical_action+token_current,shift_2,w00_s004,0,1,63,1.0
loop,next_1_4,heldout_worker,physical_action+token_current,shift_2,w00_s005,0,2,59,0.9830508474576272
loop,next_1_4,heldout_worker,physical_action+token_current,shift_2,w01_s000,1,3,69,0.927536231884058
loop,next_1_4,heldout_worker,physical_action+token_current,shift_2,w01_s001,1,3,62,0.9032258064516129
loop,next_1_4,heldout_worker,physical_action+token_current,shift_2,w01_s002,1,2,61,1.0
loop,next_1_4,heldout_worker,physical_action+token_current,shift_2,w01_s003,1,3,62,0.7903225806451613
loop,next_1_4,heldout_worker,physical_action+token_current,shift_2,w01_s004,1,3,77,0.974025974025974
loop,next_1_4,heldout_worker,physical_action+token_current,shift_2,w02_s000,2,3,71,0.676056338028169
loop,next_1_4,heldout_worker,physical_action+token_current,shift_2,w02_s001,2,2,59,0.8813559322033898
loop,next_1_4,heldout_worker,physical_action+token_current,shift_2,w02_s002,2,3,69,0.782608695652174
loop,next_1_4,heldout_worker,physical_action+token_current,shift_2,w02_s003,2,3,86,0.8837209302325582
loop,next_1_4,heldout_worker,physical_action+token_current,shift_2,w02_s004,2,3,62,0.8548387096774194
loop,next_1_4,heldout_worker,physical_action+token_current,shift_2,w03_s005,3,1,15,0.5333333333333333
loop,next_1_4,heldout_worker,physical+token_current,shift_2,w00_s000,0,1,55,1.0
loop,next_1_4,heldout_worker,physical+token_current,shift_2,w00_s001,0,3,62,0.967741935483871
loop,next_1_4,heldout_worker,physical+token_current,shift_2,w00_s002,0,2,80,0.9375
loop,next_1_4,heldout_worker,physical+token_current,shift_2,w00_s003,0,2,71,0.8450704225352113
loop,next_1_4,heldout_worker,physical+token_current,shift_2,w00_s004,0,1,63,0.8412698412698414
loop,next_1_4,heldout_worker,physical+token_current,shift_2,w00_s005,0,2,59,0.8135593220338984
loop,next_1_4,heldout_worker,physical+token_current,shift_2,w01_s000,1,3,69,0.5942028985507246
loop,next_1_4,heldout_worker,physical+token_current,shift_2,w01_s001,1,3,62,0.6129032258064516
loop,next_1_4,heldout_worker,physical+token_current,shift_2,w01_s002,1,2,61,0.9672131147540984
loop,next_1_4,heldout_worker,physical+token_current,shift_2,w01_s003,1,3,62,0.8064516129032258
loop,next_1_4,heldout_worker,physical+token_current,shift_2,w01_s004,1,3,77,0.8571428571428571
loop,next_1_4,heldout_worker,physical+token_current,shift_2,w02_s000,2,3,71,0.8591549295774648
loop,next_1_4,heldout_worker,physical+token_current,shift_2,w02_s001,2,2,59,0.9661016949152542
loop,next_1_4,heldout_worker,physical+token_current,shift_2,w02_s002,2,3,69,0.7681159420289855
loop,next_1_4,heldout_worker,physical+token_current,shift_2,w02_s003,2,3,86,0.872093023255814
loop,next_1_4,heldout_worker,physical+token_current,shift_2,w02_s004,2,3,62,0.6451612903225806
loop,next_1_4,heldout_worker,physical+token_current,shift_2,w03_s005,3,1,15,0.8666666666666667
loop,next_1_4,heldout_worker,physical_action+token_current,shift_3,w00_s000,0,1,55,1.0
loop,next_1_4,heldout_worker,physical_action+token_current,shift_3,w00_s001,0,3,62,1.0
loop,next_1_4,heldout_worker,physical_action+token_current,shift_3,w00_s002,0,2,80,0.95
loop,next_1_4,heldout_worker,physical_action+token_current,shift_3,w00_s003,0,2,71,0.9436619718309859
loop,next_1_4,heldout_worker,physical_action+token_current,shift_3,w00_s004,0,1,63,1.0
loop,next_1_4,heldout_worker,physical_action+token_current,shift_3,w00_s005,0,2,59,0.9830508474576272
loop,next_1_4,heldout_worker,physical_action+token_current,shift_3,w01_s000,1,3,69,0.9565217391304348
loop,next_1_4,heldout_worker,physical_action+token_current,shift_3,w01_s001,1,3,62,0.8548387096774194
loop,next_1_4,heldout_worker,physical_action+token_current,shift_3,w01_s002,1,2,61,0.8524590163934426
loop,next_1_4,heldout_worker,physical_action+token_current,shift_3,w01_s003,1,3,62,0.9516129032258065
loop,next_1_4,heldout_worker,physical_action+token_current,shift_3,w01_s004,1,3,77,0.6623376623376623
loop,next_1_4,heldout_worker,physical_action+token_current,shift_3,w02_s000,2,3,71,0.7183098591549296
loop,next_1_4,heldout_worker,physical_action+token_current,shift_3,w02_s001,2,2,59,0.8983050847457628
loop,next_1_4,heldout_worker,physical_action+token_current,shift_3,w02_s002,2,3,69,0.8985507246376812
loop,next_1_4,heldout_worker,physical_action+token_current,shift_3,w02_s003,2,3,86,0.9186046511627907
loop,next_1_4,heldout_worker,physical_action+token_current,shift_3,w02_s004,2,3,62,0.8548387096774194
loop,next_1_4,heldout_worker,physical_action+token_current,shift_3,w03_s005,3,1,15,0.4666666666666667
loop,next_1_4,heldout_worker,physical+token_current,shift_3,w00_s000,0,1,55,1.0
loop,next_1_4,heldout_worker,physical+token_current,shift_3,w00_s001,0,3,62,0.9838709677419355
loop,next_1_4,heldout_worker,physical+token_current,shift_3,w00_s002,0,2,80,0.9
loop,next_1_4,heldout_worker,physical+token_current,shift_3,w00_s003,0,2,71,0.8732394366197183
loop,next_1_4,heldout_worker,physical+token_current,shift_3,w00_s004,0,1,63,0.9682539682539681
loop,next_1_4,heldout_worker,physical+token_current,shift_3,w00_s005,0,2,59,0.7457627118644068
loop,next_1_4,heldout_worker,physical+token_current,shift_3,w01_s000,1,3,69,0.8260869565217391
loop,next_1_4,heldout_worker,physical+token_current,shift_3,w01_s001,1,3,62,0.7258064516129032
loop,next_1_4,heldout_worker,physical+token_current,shift_3,w01_s002,1,2,61,0.8852459016393444
loop,next_1_4,heldout_worker,physical+token_current,shift_3,w01_s003,1,3,62,0.7419354838709677
loop,next_1_4,heldout_worker,physical+token_current,shift_3,w01_s004,1,3,77,0.7272727272727273
loop,next_1_4,heldout_worker,physical+token_current,shift_3,w02_s000,2,3,71,0.7605633802816901
loop,next_1_4,heldout_worker,physical+token_current,shift_3,w02_s001,2,2,59,0.9661016949152542
loop,next_1_4,heldout_worker,physical+token_current,shift_3,w02_s002,2,3,69,0.8985507246376812
loop,next_1_4,heldout_worker,physical+token_current,shift_3,w02_s003,2,3,86,0.8488372093023255
loop,next_1_4,heldout_worker,physical+token_current,shift_3,w02_s004,2,3,62,0.6290322580645161
loop,next_1_4,heldout_worker,physical+token_current,shift_3,w03_s005,3,1,15,1.0
loop,next_1_4,heldout_worker,moe_token_history,aligned,w00_s000,0,1,55,0.8909090909090909
loop,next_1_4,heldout_worker,moe_token_history,aligned,w00_s001,0,3,62,0.9032258064516129
loop,next_1_4,heldout_worker,moe_token_history,aligned,w00_s002,0,2,80,0.8875
loop,next_1_4,heldout_worker,moe_token_history,aligned,w00_s003,0,2,71,0.9577464788732394
loop,next_1_4,heldout_worker,moe_token_history,aligned,w00_s004,0,1,63,0.6825396825396826
loop,next_1_4,heldout_worker,moe_token_history,aligned,w00_s005,0,2,59,0.6101694915254238
loop,next_1_4,heldout_worker,moe_token_history,aligned,w01_s000,1,3,69,0.8985507246376812
loop,next_1_4,heldout_worker,moe_token_history,aligned,w01_s001,1,3,62,0.7580645161290323
loop,next_1_4,heldout_worker,moe_token_history,aligned,w01_s002,1,2,61,0.7868852459016392
loop,next_1_4,heldout_worker,moe_token_history,aligned,w01_s003,1,3,62,0.8709677419354839
loop,next_1_4,heldout_worker,moe_token_history,aligned,w01_s004,1,3,77,0.7922077922077922
loop,next_1_4,heldout_worker,moe_token_history,aligned,w02_s000,2,3,71,0.8028169014084507
loop,next_1_4,heldout_worker,moe_token_history,aligned,w02_s001,2,2,59,0.864406779661017
loop,next_1_4,heldout_worker,moe_token_history,aligned,w02_s002,2,3,69,0.8985507246376812
loop,next_1_4,heldout_worker,moe_token_history,aligned,w02_s003,2,3,86,0.686046511627907
loop,next_1_4,heldout_worker,moe_token_history,aligned,w02_s004,2,3,62,1.0
loop,next_1_4,heldout_worker,moe_token_history,aligned,w03_s005,3,1,15,0.5333333333333333
loop,next_1_4,heldout_worker,physical_action+token_history,aligned,w00_s000,0,1,55,1.0
loop,next_1_4,heldout_worker,physical_action+token_history,aligned,w00_s001,0,3,62,1.0
loop,next_1_4,heldout_worker,physical_action+token_history,aligned,w00_s002,0,2,80,0.9625
loop,next_1_4,heldout_worker,physical_action+token_history,aligned,w00_s003,0,2,71,0.9859154929577465
loop,next_1_4,heldout_worker,physical_action+token_history,aligned,w00_s004,0,1,63,1.0
loop,next_1_4,heldout_worker,physical_action+token_history,aligned,w00_s005,0,2,59,0.9661016949152542
loop,next_1_4,heldout_worker,physical_action+token_history,aligned,w01_s000,1,3,69,0.8695652173913043
loop,next_1_4,heldout_worker,physical_action+token_history,aligned,w01_s001,1,3,62,0.7903225806451613
loop,next_1_4,heldout_worker,physical_action+token_history,aligned,w01_s002,1,2,61,0.8688524590163934
loop,next_1_4,heldout_worker,physical_action+token_history,aligned,w01_s003,1,3,62,0.7741935483870968
loop,next_1_4,heldout_worker,physical_action+token_history,aligned,w01_s004,1,3,77,0.7792207792207793
loop,next_1_4,heldout_worker,physical_action+token_history,aligned,w02_s000,2,3,71,0.647887323943662
loop,next_1_4,heldout_worker,physical_action+token_history,aligned,w02_s001,2,2,59,0.864406779661017
loop,next_1_4,heldout_worker,physical_action+token_history,aligned,w02_s002,2,3,69,0.782608695652174
loop,next_1_4,heldout_worker,physical_action+token_history,aligned,w02_s003,2,3,86,0.9418604651162791
loop,next_1_4,heldout_worker,physical_action+token_history,aligned,w02_s004,2,3,62,0.9838709677419355
loop,next_1_4,heldout_worker,physical_action+token_history,aligned,w03_s005,3,1,15,0.5333333333333333
loop,next_1_4,heldout_worker,physical+token_history,aligned,w00_s000,0,1,55,1.0
loop,next_1_4,heldout_worker,physical+token_history,aligned,w00_s001,0,3,62,1.0
loop,next_1_4,heldout_worker,physical+token_history,aligned,w00_s002,0,2,80,0.975
loop,next_1_4,heldout_worker,physical+token_history,aligned,w00_s003,0,2,71,0.9859154929577465
loop,next_1_4,heldout_worker,physical+token_history,aligned,w00_s004,0,1,63,0.9682539682539681
loop,next_1_4,heldout_worker,physical+token_history,aligned,w00_s005,0,2,59,0.9322033898305084
loop,next_1_4,heldout_worker,physical+token_history,aligned,w01_s000,1,3,69,0.8695652173913043
loop,next_1_4,heldout_worker,physical+token_history,aligned,w01_s001,1,3,62,0.8709677419354839
loop,next_1_4,heldout_worker,physical+token_history,aligned,w01_s002,1,2,61,0.8032786885245902
loop,next_1_4,heldout_worker,physical+token_history,aligned,w01_s003,1,3,62,0.7903225806451613
loop,next_1_4,heldout_worker,physical+token_history,aligned,w01_s004,1,3,77,0.9090909090909091
loop,next_1_4,heldout_worker,physical+token_history,aligned,w02_s000,2,3,71,0.704225352112676
loop,next_1_4,heldout_worker,physical+token_history,aligned,w02_s001,2,2,59,0.9491525423728814
loop,next_1_4,heldout_worker,physical+token_history,aligned,w02_s002,2,3,69,0.7971014492753623
loop,next_1_4,heldout_worker,physical+token_history,aligned,w02_s003,2,3,86,0.9418604651162791
loop,next_1_4,heldout_worker,physical+token_history,aligned,w02_s004,2,3,62,0.9838709677419355
loop,next_1_4,heldout_worker,physical+token_history,aligned,w03_s005,3,1,15,0.6666666666666667
loop,next_1_4,heldout_worker,physical_action+token_history,shift_1,w00_s000,0,1,55,1.0
loop,next_1_4,heldout_worker,physical_action+token_history,shift_1,w00_s001,0,3,62,0.9838709677419355
loop,next_1_4,heldout_worker,physical_action+token_history,shift_1,w00_s002,0,2,80,0.8625
loop,next_1_4,heldout_worker,physical_action+token_history,shift_1,w00_s003,0,2,71,0.9436619718309859
loop,next_1_4,heldout_worker,physical_action+token_history,shift_1,w00_s004,0,1,63,1.0
loop,next_1_4,heldout_worker,physical_action+token_history,shift_1,w00_s005,0,2,59,0.9322033898305084
loop,next_1_4,heldout_worker,physical_action+token_history,shift_1,w01_s000,1,3,69,0.7246376811594203
loop,next_1_4,heldout_worker,physical_action+token_history,shift_1,w01_s001,1,3,62,0.8225806451612904
loop,next_1_4,heldout_worker,physical_action+token_history,shift_1,w01_s002,1,2,61,0.8852459016393444
loop,next_1_4,heldout_worker,physical_action+token_history,shift_1,w01_s003,1,3,62,0.6129032258064516
loop,next_1_4,heldout_worker,physical_action+token_history,shift_1,w01_s004,1,3,77,0.6363636363636364
loop,next_1_4,heldout_worker,physical_action+token_history,shift_1,w02_s000,2,3,71,0.5915492957746479
loop,next_1_4,heldout_worker,physical_action+token_history,shift_1,w02_s001,2,2,59,0.864406779661017
loop,next_1_4,heldout_worker,physical_action+token_history,shift_1,w02_s002,2,3,69,0.7391304347826086
loop,next_1_4,heldout_worker,physical_action+token_history,shift_1,w02_s003,2,3,86,0.8372093023255814
loop,next_1_4,heldout_worker,physical_action+token_history,shift_1,w02_s004,2,3,62,0.8064516129032258
loop,next_1_4,heldout_worker,physical_action+token_history,shift_1,w03_s005,3,1,15,0.7333333333333333
loop,next_1_4,heldout_worker,physical+token_history,shift_1,w00_s000,0,1,55,1.0
loop,next_1_4,heldout_worker,physical+token_history,shift_1,w00_s001,0,3,62,0.9193548387096774
loop,next_1_4,heldout_worker,physical+token_history,shift_1,w00_s002,0,2,80,0.8
loop,next_1_4,heldout_worker,physical+token_history,shift_1,w00_s003,0,2,71,0.8028169014084507
loop,next_1_4,heldout_worker,physical+token_history,shift_1,w00_s004,0,1,63,0.8253968253968254
loop,next_1_4,heldout_worker,physical+token_history,shift_1,w00_s005,0,2,59,0.7966101694915254
loop,next_1_4,heldout_worker,physical+token_history,shift_1,w01_s000,1,3,69,0.6086956521739131
loop,next_1_4,heldout_worker,physical+token_history,shift_1,w01_s001,1,3,62,0.7419354838709677
loop,next_1_4,heldout_worker,physical+token_history,shift_1,w01_s002,1,2,61,0.7377049180327869
loop,next_1_4,heldout_worker,physical+token_history,shift_1,w01_s003,1,3,62,0.8709677419354839
loop,next_1_4,heldout_worker,physical+token_history,shift_1,w01_s004,1,3,77,0.5064935064935064
loop,next_1_4,heldout_worker,physical+token_history,shift_1,w02_s000,2,3,71,0.6056338028169014
loop,next_1_4,heldout_worker,physical+token_history,shift_1,w02_s001,2,2,59,0.8983050847457628
loop,next_1_4,heldout_worker,physical+token_history,shift_1,w02_s002,2,3,69,0.8260869565217391
loop,next_1_4,heldout_worker,physical+token_history,shift_1,w02_s003,2,3,86,0.8023255813953488
loop,next_1_4,heldout_worker,physical+token_history,shift_1,w02_s004,2,3,62,0.8064516129032258
loop,next_1_4,heldout_worker,physical+token_history,shift_1,w03_s005,3,1,15,0.7333333333333333
loop,next_1_4,heldout_worker,physical_action+token_history,shift_2,w00_s000,0,1,55,0.9818181818181818
loop,next_1_4,heldout_worker,physical_action+token_history,shift_2,w00_s001,0,3,62,1.0
loop,next_1_4,heldout_worker,physical_action+token_history,shift_2,w00_s002,0,2,80,0.8625
loop,next_1_4,heldout_worker,physical_action+token_history,shift_2,w00_s003,0,2,71,0.9436619718309859
loop,next_1_4,heldout_worker,physical_action+token_history,shift_2,w00_s004,0,1,63,1.0
loop,next_1_4,heldout_worker,physical_action+token_history,shift_2,w00_s005,0,2,59,0.847457627118644
loop,next_1_4,heldout_worker,physical_action+token_history,shift_2,w01_s000,1,3,69,0.5797101449275363
loop,next_1_4,heldout_worker,physical_action+token_history,shift_2,w01_s001,1,3,62,0.7419354838709677
loop,next_1_4,heldout_worker,physical_action+token_history,shift_2,w01_s002,1,2,61,0.9836065573770493
loop,next_1_4,heldout_worker,physical_action+token_history,shift_2,w01_s003,1,3,62,0.7258064516129032
loop,next_1_4,heldout_worker,physical_action+token_history,shift_2,w01_s004,1,3,77,0.9090909090909091
loop,next_1_4,heldout_worker,physical_action+token_history,shift_2,w02_s000,2,3,71,0.5352112676056338
loop,next_1_4,heldout_worker,physical_action+token_history,shift_2,w02_s001,2,2,59,0.9661016949152542
loop,next_1_4,heldout_worker,physical_action+token_history,shift_2,w02_s002,2,3,69,0.7246376811594203
loop,next_1_4,heldout_worker,physical_action+token_history,shift_2,w02_s003,2,3,86,0.7906976744186046
loop,next_1_4,heldout_worker,physical_action+token_history,shift_2,w02_s004,2,3,62,0.7096774193548387
loop,next_1_4,heldout_worker,physical_action+token_history,shift_2,w03_s005,3,1,15,0.4666666666666667
loop,next_1_4,heldout_worker,physical+token_history,shift_2,w00_s000,0,1,55,1.0
loop,next_1_4,heldout_worker,physical+token_history,shift_2,w00_s001,0,3,62,0.9516129032258065
loop,next_1_4,heldout_worker,physical+token_history,shift_2,w00_s002,0,2,80,0.8
loop,next_1_4,heldout_worker,physical+token_history,shift_2,w00_s003,0,2,71,0.8028169014084507
loop,next_1_4,heldout_worker,physical+token_history,shift_2,w00_s004,0,1,63,0.7142857142857142
loop,next_1_4,heldout_worker,physical+token_history,shift_2,w00_s005,0,2,59,0.8305084745762712
loop,next_1_4,heldout_worker,physical+token_history,shift_2,w01_s000,1,3,69,0.5072463768115942
loop,next_1_4,heldout_worker,physical+token_history,shift_2,w01_s001,1,3,62,0.5806451612903226
loop,next_1_4,heldout_worker,physical+token_history,shift_2,w01_s002,1,2,61,0.8852459016393442
loop,next_1_4,heldout_worker,physical+token_history,shift_2,w01_s003,1,3,62,0.7580645161290323
loop,next_1_4,heldout_worker,physical+token_history,shift_2,w01_s004,1,3,77,0.7792207792207793
loop,next_1_4,heldout_worker,physical+token_history,shift_2,w02_s000,2,3,71,0.6197183098591549
loop,next_1_4,heldout_worker,physical+token_history,shift_2,w02_s001,2,2,59,0.9661016949152542
loop,next_1_4,heldout_worker,physical+token_history,shift_2,w02_s002,2,3,69,0.7101449275362319
loop,next_1_4,heldout_worker,physical+token_history,shift_2,w02_s003,2,3,86,0.7674418604651163
loop,next_1_4,heldout_worker,physical+token_history,shift_2,w02_s004,2,3,62,0.5
loop,next_1_4,heldout_worker,physical+token_history,shift_2,w03_s005,3,1,15,0.9333333333333333
loop,next_1_4,heldout_worker,physical_action+token_history,shift_3,w00_s000,0,1,55,1.0
loop,next_1_4,heldout_worker,physical_action+token_history,shift_3,w00_s001,0,3,62,0.9516129032258065
loop,next_1_4,heldout_worker,physical_action+token_history,shift_3,w00_s002,0,2,80,0.9125
loop,next_1_4,heldout_worker,physical_action+token_history,shift_3,w00_s003,0,2,71,0.9577464788732394
loop,next_1_4,heldout_worker,physical_action+token_history,shift_3,w00_s004,0,1,63,1.0
loop,next_1_4,heldout_worker,physical_action+token_history,shift_3,w00_s005,0,2,59,0.7796610169491526
loop,next_1_4,heldout_worker,physical_action+token_history,shift_3,w01_s000,1,3,69,0.8840579710144928
loop,next_1_4,heldout_worker,physical_action+token_history,shift_3,w01_s001,1,3,62,0.8064516129032258
loop,next_1_4,heldout_worker,physical_action+token_history,shift_3,w01_s002,1,2,61,0.8524590163934426
loop,next_1_4,heldout_worker,physical_action+token_history,shift_3,w01_s003,1,3,62,1.0
loop,next_1_4,heldout_worker,physical_action+token_history,shift_3,w01_s004,1,3,77,0.5454545454545454
loop,next_1_4,heldout_worker,physical_action+token_history,shift_3,w02_s000,2,3,71,0.6338028169014085
loop,next_1_4,heldout_worker,physical_action+token_history,shift_3,w02_s001,2,2,59,0.8983050847457628
loop,next_1_4,heldout_worker,physical_action+token_history,shift_3,w02_s002,2,3,69,0.7971014492753623
loop,next_1_4,heldout_worker,physical_action+token_history,shift_3,w02_s003,2,3,86,0.7674418604651163
loop,next_1_4,heldout_worker,physical_action+token_history,shift_3,w02_s004,2,3,62,0.7580645161290323
loop,next_1_4,heldout_worker,physical_action+token_history,shift_3,w03_s005,3,1,15,0.4666666666666667
loop,next_1_4,heldout_worker,physical+token_history,shift_3,w00_s000,0,1,55,1.0
loop,next_1_4,heldout_worker,physical+token_history,shift_3,w00_s001,0,3,62,0.8709677419354839
loop,next_1_4,heldout_worker,physical+token_history,shift_3,w00_s002,0,2,80,0.85
loop,next_1_4,heldout_worker,physical+token_history,shift_3,w00_s003,0,2,71,0.7746478873239436
loop,next_1_4,heldout_worker,physical+token_history,shift_3,w00_s004,0,1,63,1.0
loop,next_1_4,heldout_worker,physical+token_history,shift_3,w00_s005,0,2,59,0.7457627118644068
loop,next_1_4,heldout_worker,physical+token_history,shift_3,w01_s000,1,3,69,0.7536231884057971
loop,next_1_4,heldout_worker,physical+token_history,shift_3,w01_s001,1,3,62,0.7096774193548387
loop,next_1_4,heldout_worker,physical+token_history,shift_3,w01_s002,1,2,61,0.8688524590163934
loop,next_1_4,heldout_worker,physical+token_history,shift_3,w01_s003,1,3,62,0.8387096774193549
loop,next_1_4,heldout_worker,physical+token_history,shift_3,w01_s004,1,3,77,0.5974025974025974
loop,next_1_4,heldout_worker,physical+token_history,shift_3,w02_s000,2,3,71,0.6338028169014085
loop,next_1_4,heldout_worker,physical+token_history,shift_3,w02_s001,2,2,59,0.847457627118644
loop,next_1_4,heldout_worker,physical+token_history,shift_3,w02_s002,2,3,69,0.8695652173913043
loop,next_1_4,heldout_worker,physical+token_history,shift_3,w02_s003,2,3,86,0.7093023255813954
loop,next_1_4,heldout_worker,physical+token_history,shift_3,w02_s004,2,3,62,0.6290322580645161
loop,next_1_4,heldout_worker,physical+token_history,shift_3,w03_s005,3,1,15,1.0
loop,next_5_8,heldout_snapshot,rate_only,aligned,w00_s000,0,1,55,0.5
loop,next_5_8,heldout_snapshot,rate_only,aligned,w00_s005,0,3,69,0.5
loop,next_5_8,heldout_snapshot,rate_only,aligned,w01_s003,1,2,47,0.5
loop,next_5_8,heldout_snapshot,rate_only,aligned,w02_s001,2,3,77,0.5
loop,next_5_8,heldout_snapshot,rate_only,aligned,w03_s004,3,1,15,0.5
loop,next_5_8,heldout_snapshot,rate_only,aligned,w00_s001,0,3,62,0.5
loop,next_5_8,heldout_snapshot,rate_only,aligned,w01_s004,1,2,62,0.5
loop,next_5_8,heldout_snapshot,rate_only,aligned,w02_s002,2,3,63,0.5
loop,next_5_8,heldout_snapshot,rate_only,aligned,w03_s005,3,1,15,0.5
loop,next_5_8,heldout_snapshot,rate_only,aligned,w00_s002,0,2,80,0.5
loop,next_5_8,heldout_snapshot,rate_only,aligned,w01_s000,1,3,69,0.5
loop,next_5_8,heldout_snapshot,rate_only,aligned,w02_s003,2,3,86,0.5
loop,next_5_8,heldout_snapshot,rate_only,aligned,w00_s003,0,2,71,0.5
loop,next_5_8,heldout_snapshot,rate_only,aligned,w01_s001,1,3,62,0.5
loop,next_5_8,heldout_snapshot,rate_only,aligned,w02_s004,2,3,62,0.5
loop,next_5_8,heldout_snapshot,rate_only,aligned,w00_s004,0,1,63,0.5
loop,next_5_8,heldout_snapshot,rate_only,aligned,w01_s002,1,2,61,0.5
loop,next_5_8,heldout_snapshot,rate_only,aligned,w02_s000,2,3,71,0.5
loop,next_5_8,heldout_snapshot,physical_action,aligned,w00_s000,0,1,55,1.0
loop,next_5_8,heldout_snapshot,physical_action,aligned,w00_s005,0,3,69,0.9565217391304348
loop,next_5_8,heldout_snapshot,physical_action,aligned,w01_s003,1,2,47,1.0
loop,next_5_8,heldout_snapshot,physical_action,aligned,w02_s001,2,3,77,0.7532467532467533
loop,next_5_8,heldout_snapshot,physical_action,aligned,w03_s004,3,1,15,0.7333333333333333
loop,next_5_8,heldout_snapshot,physical_action,aligned,w00_s001,0,3,62,1.0
loop,next_5_8,heldout_snapshot,physical_action,aligned,w01_s004,1,2,62,1.0
loop,next_5_8,heldout_snapshot,physical_action,aligned,w02_s002,2,3,63,0.9523809523809523
loop,next_5_8,heldout_snapshot,physical_action,aligned,w03_s005,3,1,15,0.8
loop,next_5_8,heldout_snapshot,physical_action,aligned,w00_s002,0,2,80,0.875
loop,next_5_8,heldout_snapshot,physical_action,aligned,w01_s000,1,3,69,0.782608695652174
loop,next_5_8,heldout_snapshot,physical_action,aligned,w02_s003,2,3,86,0.8604651162790697
loop,next_5_8,heldout_snapshot,physical_action,aligned,w00_s003,0,2,71,0.9154929577464789
loop,next_5_8,heldout_snapshot,physical_action,aligned,w01_s001,1,3,62,0.9193548387096774
loop,next_5_8,heldout_snapshot,physical_action,aligned,w02_s004,2,3,62,0.8387096774193549
loop,next_5_8,heldout_snapshot,physical_action,aligned,w00_s004,0,1,63,0.9682539682539681
loop,next_5_8,heldout_snapshot,physical_action,aligned,w01_s002,1,2,61,1.0
loop,next_5_8,heldout_snapshot,physical_action,aligned,w02_s000,2,3,71,0.6901408450704225
loop,next_5_8,heldout_snapshot,physical,aligned,w00_s000,0,1,55,0.9272727272727272
loop,next_5_8,heldout_snapshot,physical,aligned,w00_s005,0,3,69,0.8840579710144928
loop,next_5_8,heldout_snapshot,physical,aligned,w01_s003,1,2,47,1.0
loop,next_5_8,heldout_snapshot,physical,aligned,w02_s001,2,3,77,0.8701298701298701
loop,next_5_8,heldout_snapshot,physical,aligned,w03_s004,3,1,15,0.6
loop,next_5_8,heldout_snapshot,physical,aligned,w00_s001,0,3,62,0.9516129032258065
loop,next_5_8,heldout_snapshot,physical,aligned,w01_s004,1,2,62,1.0
loop,next_5_8,heldout_snapshot,physical,aligned,w02_s002,2,3,63,0.8412698412698413
loop,next_5_8,heldout_snapshot,physical,aligned,w03_s005,3,1,15,1.0
loop,next_5_8,heldout_snapshot,physical,aligned,w00_s002,0,2,80,0.8625
loop,next_5_8,heldout_snapshot,physical,aligned,w01_s000,1,3,69,0.7681159420289855
loop,next_5_8,heldout_snapshot,physical,aligned,w02_s003,2,3,86,0.686046511627907
loop,next_5_8,heldout_snapshot,physical,aligned,w00_s003,0,2,71,0.9859154929577465
loop,next_5_8,heldout_snapshot,physical,aligned,w01_s001,1,3,62,0.9354838709677419
loop,next_5_8,heldout_snapshot,physical,aligned,w02_s004,2,3,62,0.6290322580645161
loop,next_5_8,heldout_snapshot,physical,aligned,w00_s004,0,1,63,0.9682539682539683
loop,next_5_8,heldout_snapshot,physical,aligned,w01_s002,1,2,61,1.0
loop,next_5_8,heldout_snapshot,physical,aligned,w02_s000,2,3,71,0.5774647887323944
loop,next_5_8,heldout_snapshot,moe_aggregate_current,aligned,w00_s000,0,1,55,0.6000000000000001
loop,next_5_8,heldout_snapshot,moe_aggregate_current,aligned,w00_s005,0,3,69,0.5362318840579711
loop,next_5_8,heldout_snapshot,moe_aggregate_current,aligned,w01_s003,1,2,47,0.723404255319149
loop,next_5_8,heldout_snapshot,moe_aggregate_current,aligned,w02_s001,2,3,77,0.7662337662337663
loop,next_5_8,heldout_snapshot,moe_aggregate_current,aligned,w03_s004,3,1,15,0.4666666666666667
loop,next_5_8,heldout_snapshot,moe_aggregate_current,aligned,w00_s001,0,3,62,0.5645161290322581
loop,next_5_8,heldout_snapshot,moe_aggregate_current,aligned,w01_s004,1,2,62,0.5483870967741935
loop,next_5_8,heldout_snapshot,moe_aggregate_current,aligned,w02_s002,2,3,63,0.7142857142857143
loop,next_5_8,heldout_snapshot,moe_aggregate_current,aligned,w03_s005,3,1,15,0.1333333333333333
loop,next_5_8,heldout_snapshot,moe_aggregate_current,aligned,w00_s002,0,2,80,0.5875
loop,next_5_8,heldout_snapshot,moe_aggregate_current,aligned,w01_s000,1,3,69,0.782608695652174
loop,next_5_8,heldout_snapshot,moe_aggregate_current,aligned,w02_s003,2,3,86,0.7441860465116279
loop,next_5_8,heldout_snapshot,moe_aggregate_current,aligned,w00_s003,0,2,71,0.6056338028169014
loop,next_5_8,heldout_snapshot,moe_aggregate_current,aligned,w01_s001,1,3,62,0.5
loop,next_5_8,heldout_snapshot,moe_aggregate_current,aligned,w02_s004,2,3,62,0.3548387096774194
loop,next_5_8,heldout_snapshot,moe_aggregate_current,aligned,w00_s004,0,1,63,0.6349206349206349
loop,next_5_8,heldout_snapshot,moe_aggregate_current,aligned,w01_s002,1,2,61,0.6885245901639344
loop,next_5_8,heldout_snapshot,moe_aggregate_current,aligned,w02_s000,2,3,71,0.28169014084507044
loop,next_5_8,heldout_snapshot,physical_action+aggregate_current,aligned,w00_s000,0,1,55,1.0
loop,next_5_8,heldout_snapshot,physical_action+aggregate_current,aligned,w00_s005,0,3,69,0.9855072463768116
loop,next_5_8,heldout_snapshot,physical_action+aggregate_current,aligned,w01_s003,1,2,47,1.0
loop,next_5_8,heldout_snapshot,physical_action+aggregate_current,aligned,w02_s001,2,3,77,0.922077922077922
loop,next_5_8,heldout_snapshot,physical_action+aggregate_current,aligned,w03_s004,3,1,15,0.7333333333333333
loop,next_5_8,heldout_snapshot,physical_action+aggregate_current,aligned,w00_s001,0,3,62,1.0
loop,next_5_8,heldout_snapshot,physical_action+aggregate_current,aligned,w01_s004,1,2,62,0.9193548387096774
loop,next_5_8,heldout_snapshot,physical_action+aggregate_current,aligned,w02_s002,2,3,63,0.9841269841269841
loop,next_5_8,heldout_snapshot,physical_action+aggregate_current,aligned,w03_s005,3,1,15,0.8666666666666667
loop,next_5_8,heldout_snapshot,physical_action+aggregate_current,aligned,w00_s002,0,2,80,0.875
loop,next_5_8,heldout_snapshot,physical_action+aggregate_current,aligned,w01_s000,1,3,69,0.8985507246376812
loop,next_5_8,heldout_snapshot,physical_action+aggregate_current,aligned,w02_s003,2,3,86,0.7790697674418605
loop,next_5_8,heldout_snapshot,physical_action+aggregate_current,aligned,w00_s003,0,2,71,0.9154929577464789
loop,next_5_8,heldout_snapshot,physical_action+aggregate_current,aligned,w01_s001,1,3,62,0.8870967741935484
loop,next_5_8,heldout_snapshot,physical_action+aggregate_current,aligned,w02_s004,2,3,62,0.9032258064516129
loop,next_5_8,heldout_snapshot,physical_action+aggregate_current,aligned,w00_s004,0,1,63,0.9365079365079365
loop,next_5_8,heldout_snapshot,physical_action+aggregate_current,aligned,w01_s002,1,2,61,0.9344262295081968
loop,next_5_8,heldout_snapshot,physical_action+aggregate_current,aligned,w02_s000,2,3,71,0.5211267605633803
loop,next_5_8,heldout_snapshot,physical+aggregate_current,aligned,w00_s000,0,1,55,0.9454545454545454
loop,next_5_8,heldout_snapshot,physical+aggregate_current,aligned,w00_s005,0,3,69,0.8115942028985508
loop,next_5_8,heldout_snapshot,physical+aggregate_current,aligned,w01_s003,1,2,47,0.9361702127659575
loop,next_5_8,heldout_snapshot,physical+aggregate_current,aligned,w02_s001,2,3,77,0.7922077922077922
loop,next_5_8,heldout_snapshot,physical+aggregate_current,aligned,w03_s004,3,1,15,0.5333333333333333
loop,next_5_8,heldout_snapshot,physical+aggregate_current,aligned,w00_s001,0,3,62,0.9032258064516129
loop,next_5_8,heldout_snapshot,physical+aggregate_current,aligned,w01_s004,1,2,62,0.9032258064516129
loop,next_5_8,heldout_snapshot,physical+aggregate_current,aligned,w02_s002,2,3,63,0.8888888888888888
loop,next_5_8,heldout_snapshot,physical+aggregate_current,aligned,w03_s005,3,1,15,0.2666666666666667
loop,next_5_8,heldout_snapshot,physical+aggregate_current,aligned,w00_s002,0,2,80,0.9125
loop,next_5_8,heldout_snapshot,physical+aggregate_current,aligned,w01_s000,1,3,69,0.8985507246376812
loop,next_5_8,heldout_snapshot,physical+aggregate_current,aligned,w02_s003,2,3,86,0.6744186046511628
loop,next_5_8,heldout_snapshot,physical+aggregate_current,aligned,w00_s003,0,2,71,0.704225352112676
loop,next_5_8,heldout_snapshot,physical+aggregate_current,aligned,w01_s001,1,3,62,0.7419354838709677
loop,next_5_8,heldout_snapshot,physical+aggregate_current,aligned,w02_s004,2,3,62,0.6290322580645161
loop,next_5_8,heldout_snapshot,physical+aggregate_current,aligned,w00_s004,0,1,63,0.9365079365079365
loop,next_5_8,heldout_snapshot,physical+aggregate_current,aligned,w01_s002,1,2,61,0.9508196721311475
loop,next_5_8,heldout_snapshot,physical+aggregate_current,aligned,w02_s000,2,3,71,0.49295774647887325
loop,next_5_8,heldout_snapshot,physical_action+aggregate_current,shift_1,w00_s000,0,1,55,1.0
loop,next_5_8,heldout_snapshot,physical_action+aggregate_current,shift_1,w00_s005,0,3,69,0.9420289855072463
loop,next_5_8,heldout_snapshot,physical_action+aggregate_current,shift_1,w01_s003,1,2,47,1.0
loop,next_5_8,heldout_snapshot,physical_action+aggregate_current,shift_1,w02_s001,2,3,77,0.7402597402597403
loop,next_5_8,heldout_snapshot,physical_action+aggregate_current,shift_1,w03_s004,3,1,15,0.8
loop,next_5_8,heldout_snapshot,physical_action+aggregate_current,shift_1,w00_s001,0,3,62,1.0
loop,next_5_8,heldout_snapshot,physical_action+aggregate_current,shift_1,w01_s004,1,2,62,0.9193548387096774
loop,next_5_8,heldout_snapshot,physical_action+aggregate_current,shift_1,w02_s002,2,3,63,0.8571428571428571
loop,next_5_8,heldout_snapshot,physical_action+aggregate_current,shift_1,w03_s005,3,1,15,0.8
loop,next_5_8,heldout_snapshot,physical_action+aggregate_current,shift_1,w00_s002,0,2,80,0.925
loop,next_5_8,heldout_snapshot,physical_action+aggregate_current,shift_1,w01_s000,1,3,69,0.782608695652174
loop,next_5_8,heldout_snapshot,physical_action+aggregate_current,shift_1,w02_s003,2,3,86,0.8372093023255814
loop,next_5_8,heldout_snapshot,physical_action+aggregate_current,shift_1,w00_s003,0,2,71,0.9154929577464789
loop,next_5_8,heldout_snapshot,physical_action+aggregate_current,shift_1,w01_s001,1,3,62,0.9838709677419355
loop,next_5_8,heldout_snapshot,physical_action+aggregate_current,shift_1,w02_s004,2,3,62,0.8225806451612904
loop,next_5_8,heldout_snapshot,physical_action+aggregate_current,shift_1,w00_s004,0,1,63,0.9047619047619048
loop,next_5_8,heldout_snapshot,physical_action+aggregate_current,shift_1,w01_s002,1,2,61,0.9672131147540983
loop,next_5_8,heldout_snapshot,physical_action+aggregate_current,shift_1,w02_s000,2,3,71,0.8450704225352113
loop,next_5_8,heldout_snapshot,physical+aggregate_current,shift_1,w00_s000,0,1,55,0.9454545454545454
loop,next_5_8,heldout_snapshot,physical+aggregate_current,shift_1,w00_s005,0,3,69,0.7971014492753623
loop,next_5_8,heldout_snapshot,physical+aggregate_current,shift_1,w01_s003,1,2,47,0.9574468085106383
loop,next_5_8,heldout_snapshot,physical+aggregate_current,shift_1,w02_s001,2,3,77,0.8441558441558441
loop,next_5_8,heldout_snapshot,physical+aggregate_current,shift_1,w03_s004,3,1,15,0.8
loop,next_5_8,heldout_snapshot,physical+aggregate_current,shift_1,w00_s001,0,3,62,0.9193548387096774
loop,next_5_8,heldout_snapshot,physical+aggregate_current,shift_1,w01_s004,1,2,62,0.8387096774193549
loop,next_5_8,heldout_snapshot,physical+aggregate_current,shift_1,w02_s002,2,3,63,0.746031746031746
loop,next_5_8,heldout_snapshot,physical+aggregate_current,shift_1,w03_s005,3,1,15,0.7333333333333333
loop,next_5_8,heldout_snapshot,physical+aggregate_current,shift_1,w00_s002,0,2,80,0.95
loop,next_5_8,heldout_snapshot,physical+aggregate_current,shift_1,w01_s000,1,3,69,0.753623188405797
loop,next_5_8,heldout_snapshot,physical+aggregate_current,shift_1,w02_s003,2,3,86,0.686046511627907
loop,next_5_8,heldout_snapshot,physical+aggregate_current,shift_1,w00_s003,0,2,71,0.8169014084507042
loop,next_5_8,heldout_snapshot,physical+aggregate_current,shift_1,w01_s001,1,3,62,0.9354838709677419
loop,next_5_8,heldout_snapshot,physical+aggregate_current,shift_1,w02_s004,2,3,62,0.5
loop,next_5_8,heldout_snapshot,physical+aggregate_current,shift_1,w00_s004,0,1,63,0.9047619047619047
loop,next_5_8,heldout_snapshot,physical+aggregate_current,shift_1,w01_s002,1,2,61,0.9344262295081968
loop,next_5_8,heldout_snapshot,physical+aggregate_current,shift_1,w02_s000,2,3,71,0.7746478873239436
loop,next_5_8,heldout_snapshot,physical_action+aggregate_current,shift_2,w00_s000,0,1,55,1.0
loop,next_5_8,heldout_snapshot,physical_action+aggregate_current,shift_2,w00_s005,0,3,69,0.9420289855072463
loop,next_5_8,heldout_snapshot,physical_action+aggregate_current,shift_2,w01_s003,1,2,47,1.0
loop,next_5_8,heldout_snapshot,physical_action+aggregate_current,shift_2,w02_s001,2,3,77,0.7532467532467533
loop,next_5_8,heldout_snapshot,physical_action+aggregate_current,shift_2,w03_s004,3,1,15,0.8
loop,next_5_8,heldout_snapshot,physical_action+aggregate_current,shift_2,w00_s001,0,3,62,1.0
loop,next_5_8,heldout_snapshot,physical_action+aggregate_current,shift_2,w01_s004,1,2,62,0.9032258064516129
loop,next_5_8,heldout_snapshot,physical_action+aggregate_current,shift_2,w02_s002,2,3,63,0.8888888888888888
loop,next_5_8,heldout_snapshot,physical_action+aggregate_current,shift_2,w03_s005,3,1,15,1.0
loop,next_5_8,heldout_snapshot,physical_action+aggregate_current,shift_2,w00_s002,0,2,80,0.8375
loop,next_5_8,heldout_snapshot,physical_action+aggregate_current,shift_2,w01_s000,1,3,69,0.8405797101449275
loop,next_5_8,heldout_snapshot,physical_action+aggregate_current,shift_2,w02_s003,2,3,86,0.7674418604651163
loop,next_5_8,heldout_snapshot,physical_action+aggregate_current,shift_2,w00_s003,0,2,71,0.9154929577464789
loop,next_5_8,heldout_snapshot,physical_action+aggregate_current,shift_2,w01_s001,1,3,62,0.9354838709677419
loop,next_5_8,heldout_snapshot,physical_action+aggregate_current,shift_2,w02_s004,2,3,62,0.8548387096774194
loop,next_5_8,heldout_snapshot,physical_action+aggregate_current,shift_2,w00_s004,0,1,63,0.8888888888888888
loop,next_5_8,heldout_snapshot,physical_action+aggregate_current,shift_2,w01_s002,1,2,61,1.0
loop,next_5_8,heldout_snapshot,physical_action+aggregate_current,shift_2,w02_s000,2,3,71,0.6338028169014085
loop,next_5_8,heldout_snapshot,physical+aggregate_current,shift_2,w00_s000,0,1,55,0.9818181818181818
loop,next_5_8,heldout_snapshot,physical+aggregate_current,shift_2,w00_s005,0,3,69,0.6811594202898551
loop,next_5_8,heldout_snapshot,physical+aggregate_current,shift_2,w01_s003,1,2,47,0.8723404255319149
loop,next_5_8,heldout_snapshot,physical+aggregate_current,shift_2,w02_s001,2,3,77,0.7792207792207793
loop,next_5_8,heldout_snapshot,physical+aggregate_current,shift_2,w03_s004,3,1,15,0.5333333333333333
loop,next_5_8,heldout_snapshot,physical+aggregate_current,shift_2,w00_s001,0,3,62,0.9032258064516129
loop,next_5_8,heldout_snapshot,physical+aggregate_current,shift_2,w01_s004,1,2,62,0.8870967741935485
loop,next_5_8,heldout_snapshot,physical+aggregate_current,shift_2,w02_s002,2,3,63,0.7936507936507936
loop,next_5_8,heldout_snapshot,physical+aggregate_current,shift_2,w03_s005,3,1,15,1.0
loop,next_5_8,heldout_snapshot,physical+aggregate_current,shift_2,w00_s002,0,2,80,0.85
loop,next_5_8,heldout_snapshot,physical+aggregate_current,shift_2,w01_s000,1,3,69,0.7536231884057971
loop,next_5_8,heldout_snapshot,physical+aggregate_current,shift_2,w02_s003,2,3,86,0.6627906976744186
loop,next_5_8,heldout_snapshot,physical+aggregate_current,shift_2,w00_s003,0,2,71,0.9295774647887324
loop,next_5_8,heldout_snapshot,physical+aggregate_current,shift_2,w01_s001,1,3,62,0.8387096774193549
loop,next_5_8,heldout_snapshot,physical+aggregate_current,shift_2,w02_s004,2,3,62,0.7580645161290323
loop,next_5_8,heldout_snapshot,physical+aggregate_current,shift_2,w00_s004,0,1,63,0.873015873015873
loop,next_5_8,heldout_snapshot,physical+aggregate_current,shift_2,w01_s002,1,2,61,0.9836065573770493
loop,next_5_8,heldout_snapshot,physical+aggregate_current,shift_2,w02_s000,2,3,71,0.5352112676056338
loop,next_5_8,heldout_snapshot,physical_action+aggregate_current,shift_3,w00_s000,0,1,55,1.0
loop,next_5_8,heldout_snapshot,physical_action+aggregate_current,shift_3,w00_s005,0,3,69,0.9130434782608695
loop,next_5_8,heldout_snapshot,physical_action+aggregate_current,shift_3,w01_s003,1,2,47,0.9361702127659575
loop,next_5_8,heldout_snapshot,physical_action+aggregate_current,shift_3,w02_s001,2,3,77,0.7402597402597403
loop,next_5_8,heldout_snapshot,physical_action+aggregate_current,shift_3,w03_s004,3,1,15,0.7333333333333333
loop,next_5_8,heldout_snapshot,physical_action+aggregate_current,shift_3,w00_s001,0,3,62,1.0
loop,next_5_8,heldout_snapshot,physical_action+aggregate_current,shift_3,w01_s004,1,2,62,1.0
loop,next_5_8,heldout_snapshot,physical_action+aggregate_current,shift_3,w02_s002,2,3,63,0.8888888888888888
loop,next_5_8,heldout_snapshot,physical_action+aggregate_current,shift_3,w03_s005,3,1,15,0.9333333333333333
loop,next_5_8,heldout_snapshot,physical_action+aggregate_current,shift_3,w00_s002,0,2,80,0.875
loop,next_5_8,heldout_snapshot,physical_action+aggregate_current,shift_3,w01_s000,1,3,69,0.9130434782608695
loop,next_5_8,heldout_snapshot,physical_action+aggregate_current,shift_3,w02_s003,2,3,86,0.9069767441860465
loop,next_5_8,heldout_snapshot,physical_action+aggregate_current,shift_3,w00_s003,0,2,71,0.9154929577464789
loop,next_5_8,heldout_snapshot,physical_action+aggregate_current,shift_3,w01_s001,1,3,62,0.9193548387096774
loop,next_5_8,heldout_snapshot,physical_action+aggregate_current,shift_3,w02_s004,2,3,62,0.7580645161290323
loop,next_5_8,heldout_snapshot,physical_action+aggregate_current,shift_3,w00_s004,0,1,63,0.888888888888889
loop,next_5_8,heldout_snapshot,physical_action+aggregate_current,shift_3,w01_s002,1,2,61,1.0
loop,next_5_8,heldout_snapshot,physical_action+aggregate_current,shift_3,w02_s000,2,3,71,0.8169014084507042
loop,next_5_8,heldout_snapshot,physical+aggregate_current,shift_3,w00_s000,0,1,55,0.9272727272727272
loop,next_5_8,heldout_snapshot,physical+aggregate_current,shift_3,w00_s005,0,3,69,0.8840579710144928
loop,next_5_8,heldout_snapshot,physical+aggregate_current,shift_3,w01_s003,1,2,47,0.8085106382978723
loop,next_5_8,heldout_snapshot,physical+aggregate_current,shift_3,w02_s001,2,3,77,0.6883116883116883
loop,next_5_8,heldout_snapshot,physical+aggregate_current,shift_3,w03_s004,3,1,15,0.5333333333333333
loop,next_5_8,heldout_snapshot,physical+aggregate_current,shift_3,w00_s001,0,3,62,0.9838709677419355
loop,next_5_8,heldout_snapshot,physical+aggregate_current,shift_3,w01_s004,1,2,62,0.9193548387096774
loop,next_5_8,heldout_snapshot,physical+aggregate_current,shift_3,w02_s002,2,3,63,0.8888888888888888
loop,next_5_8,heldout_snapshot,physical+aggregate_current,shift_3,w03_s005,3,1,15,0.8
loop,next_5_8,heldout_snapshot,physical+aggregate_current,shift_3,w00_s002,0,2,80,0.875
loop,next_5_8,heldout_snapshot,physical+aggregate_current,shift_3,w01_s000,1,3,69,0.8260869565217391
loop,next_5_8,heldout_snapshot,physical+aggregate_current,shift_3,w02_s003,2,3,86,0.7906976744186046
loop,next_5_8,heldout_snapshot,physical+aggregate_current,shift_3,w00_s003,0,2,71,0.9154929577464789
loop,next_5_8,heldout_snapshot,physical+aggregate_current,shift_3,w01_s001,1,3,62,0.8387096774193549
loop,next_5_8,heldout_snapshot,physical+aggregate_current,shift_3,w02_s004,2,3,62,0.6129032258064516
loop,next_5_8,heldout_snapshot,physical+aggregate_current,shift_3,w00_s004,0,1,63,0.873015873015873
loop,next_5_8,heldout_snapshot,physical+aggregate_current,shift_3,w01_s002,1,2,61,1.0
loop,next_5_8,heldout_snapshot,physical+aggregate_current,shift_3,w02_s000,2,3,71,0.704225352112676
loop,next_5_8,heldout_snapshot,moe_token_current,aligned,w00_s000,0,1,55,0.8727272727272729
loop,next_5_8,heldout_snapshot,moe_token_current,aligned,w00_s005,0,3,69,0.8695652173913042
loop,next_5_8,heldout_snapshot,moe_token_current,aligned,w01_s003,1,2,47,0.8297872340425532
loop,next_5_8,heldout_snapshot,moe_token_current,aligned,w02_s001,2,3,77,0.8181818181818182
loop,next_5_8,heldout_snapshot,moe_token_current,aligned,w03_s004,3,1,15,0.33333333333333337
loop,next_5_8,heldout_snapshot,moe_token_current,aligned,w00_s001,0,3,62,0.7419354838709677
loop,next_5_8,heldout_snapshot,moe_token_current,aligned,w01_s004,1,2,62,0.8225806451612904
loop,next_5_8,heldout_snapshot,moe_token_current,aligned,w02_s002,2,3,63,0.746031746031746
loop,next_5_8,heldout_snapshot,moe_token_current,aligned,w03_s005,3,1,15,0.9333333333333333
loop,next_5_8,heldout_snapshot,moe_token_current,aligned,w00_s002,0,2,80,0.7499999999999999
loop,next_5_8,heldout_snapshot,moe_token_current,aligned,w01_s000,1,3,69,0.6376811594202898
loop,next_5_8,heldout_snapshot,moe_token_current,aligned,w02_s003,2,3,86,0.5232558139534884
loop,next_5_8,heldout_snapshot,moe_token_current,aligned,w00_s003,0,2,71,0.8169014084507042
loop,next_5_8,heldout_snapshot,moe_token_current,aligned,w01_s001,1,3,62,0.7096774193548387
loop,next_5_8,heldout_snapshot,moe_token_current,aligned,w02_s004,2,3,62,0.5
loop,next_5_8,heldout_snapshot,moe_token_current,aligned,w00_s004,0,1,63,0.8888888888888888
loop,next_5_8,heldout_snapshot,moe_token_current,aligned,w01_s002,1,2,61,0.7213114754098361
loop,next_5_8,heldout_snapshot,moe_token_current,aligned,w02_s000,2,3,71,0.4507042253521127
loop,next_5_8,heldout_snapshot,physical_action+token_current,aligned,w00_s000,0,1,55,1.0
loop,next_5_8,heldout_snapshot,physical_action+token_current,aligned,w00_s005,0,3,69,0.9855072463768116
loop,next_5_8,heldout_snapshot,physical_action+token_current,aligned,w01_s003,1,2,47,0.9787234042553191
loop,next_5_8,heldout_snapshot,physical_action+token_current,aligned,w02_s001,2,3,77,0.8311688311688312
loop,next_5_8,heldout_snapshot,physical_action+token_current,aligned,w03_s004,3,1,15,0.7333333333333333
loop,next_5_8,heldout_snapshot,physical_action+token_current,aligned,w00_s001,0,3,62,1.0
loop,next_5_8,heldout_snapshot,physical_action+token_current,aligned,w01_s004,1,2,62,1.0
loop,next_5_8,heldout_snapshot,physical_action+token_current,aligned,w02_s002,2,3,63,0.873015873015873
loop,next_5_8,heldout_snapshot,physical_action+token_current,aligned,w03_s005,3,1,15,1.0
loop,next_5_8,heldout_snapshot,physical_action+token_current,aligned,w00_s002,0,2,80,0.875
loop,next_5_8,heldout_snapshot,physical_action+token_current,aligned,w01_s000,1,3,69,0.8115942028985508
loop,next_5_8,heldout_snapshot,physical_action+token_current,aligned,w02_s003,2,3,86,0.7906976744186046
loop,next_5_8,heldout_snapshot,physical_action+token_current,aligned,w00_s003,0,2,71,0.9154929577464789
loop,next_5_8,heldout_snapshot,physical_action+token_current,aligned,w01_s001,1,3,62,0.8709677419354839
loop,next_5_8,heldout_snapshot,physical_action+token_current,aligned,w02_s004,2,3,62,0.7903225806451613
loop,next_5_8,heldout_snapshot,physical_action+token_current,aligned,w00_s004,0,1,63,0.9523809523809523
loop,next_5_8,heldout_snapshot,physical_action+token_current,aligned,w01_s002,1,2,61,0.9180327868852459
loop,next_5_8,heldout_snapshot,physical_action+token_current,aligned,w02_s000,2,3,71,0.647887323943662
loop,next_5_8,heldout_snapshot,physical+token_current,aligned,w00_s000,0,1,55,0.9090909090909091
loop,next_5_8,heldout_snapshot,physical+token_current,aligned,w00_s005,0,3,69,0.8985507246376812
loop,next_5_8,heldout_snapshot,physical+token_current,aligned,w01_s003,1,2,47,0.851063829787234
loop,next_5_8,heldout_snapshot,physical+token_current,aligned,w02_s001,2,3,77,0.8831168831168831
loop,next_5_8,heldout_snapshot,physical+token_current,aligned,w03_s004,3,1,15,0.5333333333333333
loop,next_5_8,heldout_snapshot,physical+token_current,aligned,w00_s001,0,3,62,1.0
loop,next_5_8,heldout_snapshot,physical+token_current,aligned,w01_s004,1,2,62,1.0
loop,next_5_8,heldout_snapshot,physical+token_current,aligned,w02_s002,2,3,63,0.8571428571428571
loop,next_5_8,heldout_snapshot,physical+token_current,aligned,w03_s005,3,1,15,1.0
loop,next_5_8,heldout_snapshot,physical+token_current,aligned,w00_s002,0,2,80,0.8875
loop,next_5_8,heldout_snapshot,physical+token_current,aligned,w01_s000,1,3,69,0.7391304347826086
loop,next_5_8,heldout_snapshot,physical+token_current,aligned,w02_s003,2,3,86,0.6976744186046512
loop,next_5_8,heldout_snapshot,physical+token_current,aligned,w00_s003,0,2,71,0.9577464788732394
loop,next_5_8,heldout_snapshot,physical+token_current,aligned,w01_s001,1,3,62,0.8225806451612904
loop,next_5_8,heldout_snapshot,physical+token_current,aligned,w02_s004,2,3,62,0.7096774193548387
loop,next_5_8,heldout_snapshot,physical+token_current,aligned,w00_s004,0,1,63,0.9523809523809523
loop,next_5_8,heldout_snapshot,physical+token_current,aligned,w01_s002,1,2,61,0.9016393442622952
loop,next_5_8,heldout_snapshot,physical+token_current,aligned,w02_s000,2,3,71,0.676056338028169
loop,next_5_8,heldout_snapshot,physical_action+token_current,shift_1,w00_s000,0,1,55,1.0
loop,next_5_8,heldout_snapshot,physical_action+token_current,shift_1,w00_s005,0,3,69,0.9130434782608695
loop,next_5_8,heldout_snapshot,physical_action+token_current,shift_1,w01_s003,1,2,47,0.9787234042553191
loop,next_5_8,heldout_snapshot,physical_action+token_current,shift_1,w02_s001,2,3,77,0.7922077922077922
loop,next_5_8,heldout_snapshot,physical_action+token_current,shift_1,w03_s004,3,1,15,0.7333333333333333
loop,next_5_8,heldout_snapshot,physical_action+token_current,shift_1,w00_s001,0,3,62,1.0
loop,next_5_8,heldout_snapshot,physical_action+token_current,shift_1,w01_s004,1,2,62,0.8709677419354839
loop,next_5_8,heldout_snapshot,physical_action+token_current,shift_1,w02_s002,2,3,63,0.8571428571428571
loop,next_5_8,heldout_snapshot,physical_action+token_current,shift_1,w03_s005,3,1,15,0.6
loop,next_5_8,heldout_snapshot,physical_action+token_current,shift_1,w00_s002,0,2,80,0.8625
loop,next_5_8,heldout_snapshot,physical_action+token_current,shift_1,w01_s000,1,3,69,0.8695652173913043
loop,next_5_8,heldout_snapshot,physical_action+token_current,shift_1,w02_s003,2,3,86,0.7790697674418605
loop,next_5_8,heldout_snapshot,physical_action+token_current,shift_1,w00_s003,0,2,71,0.9154929577464789
loop,next_5_8,heldout_snapshot,physical_action+token_current,shift_1,w01_s001,1,3,62,0.8387096774193549
loop,next_5_8,heldout_snapshot,physical_action+token_current,shift_1,w02_s004,2,3,62,0.7903225806451613
loop,next_5_8,heldout_snapshot,physical_action+token_current,shift_1,w00_s004,0,1,63,0.888888888888889
loop,next_5_8,heldout_snapshot,physical_action+token_current,shift_1,w01_s002,1,2,61,0.9180327868852459
loop,next_5_8,heldout_snapshot,physical_action+token_current,shift_1,w02_s000,2,3,71,0.7887323943661971
loop,next_5_8,heldout_snapshot,physical+token_current,shift_1,w00_s000,0,1,55,0.8181818181818182
loop,next_5_8,heldout_snapshot,physical+token_current,shift_1,w00_s005,0,3,69,0.6811594202898551
loop,next_5_8,heldout_snapshot,physical+token_current,shift_1,w01_s003,1,2,47,0.7446808510638298
loop,next_5_8,heldout_snapshot,physical+token_current,shift_1,w02_s001,2,3,77,0.8181818181818182
loop,next_5_8,heldout_snapshot,physical+token_current,shift_1,w03_s004,3,1,15,0.6666666666666667
loop,next_5_8,heldout_snapshot,physical+token_current,shift_1,w00_s001,0,3,62,0.8870967741935484
loop,next_5_8,heldout_snapshot,physical+token_current,shift_1,w01_s004,1,2,62,0.6774193548387096
loop,next_5_8,heldout_snapshot,physical+token_current,shift_1,w02_s002,2,3,63,0.7936507936507936
loop,next_5_8,heldout_snapshot,physical+token_current,shift_1,w03_s005,3,1,15,0.5333333333333333
loop,next_5_8,heldout_snapshot,physical+token_current,shift_1,w00_s002,0,2,80,0.8375
loop,next_5_8,heldout_snapshot,physical+token_current,shift_1,w01_s000,1,3,69,0.7246376811594203
loop,next_5_8,heldout_snapshot,physical+token_current,shift_1,w02_s003,2,3,86,0.686046511627907
loop,next_5_8,heldout_snapshot,physical+token_current,shift_1,w00_s003,0,2,71,0.9014084507042254
loop,next_5_8,heldout_snapshot,physical+token_current,shift_1,w01_s001,1,3,62,0.7419354838709677
loop,next_5_8,heldout_snapshot,physical+token_current,shift_1,w02_s004,2,3,62,0.532258064516129
loop,next_5_8,heldout_snapshot,physical+token_current,shift_1,w00_s004,0,1,63,0.7619047619047619
loop,next_5_8,heldout_snapshot,physical+token_current,shift_1,w01_s002,1,2,61,0.918032786885246
loop,next_5_8,heldout_snapshot,physical+token_current,shift_1,w02_s000,2,3,71,0.7323943661971831
loop,next_5_8,heldout_snapshot,physical_action+token_current,shift_2,w00_s000,0,1,55,1.0
loop,next_5_8,heldout_snapshot,physical_action+token_current,shift_2,w00_s005,0,3,69,0.9710144927536232
loop,next_5_8,heldout_snapshot,physical_action+token_current,shift_2,w01_s003,1,2,47,1.0
loop,next_5_8,heldout_snapshot,physical_action+token_current,shift_2,w02_s001,2,3,77,0.8311688311688312
loop,next_5_8,heldout_snapshot,physical_action+token_current,shift_2,w03_s004,3,1,15,0.8
loop,next_5_8,heldout_snapshot,physical_action+token_current,shift_2,w00_s001,0,3,62,1.0
loop,next_5_8,heldout_snapshot,physical_action+token_current,shift_2,w01_s004,1,2,62,0.9516129032258066
loop,next_5_8,heldout_snapshot,physical_action+token_current,shift_2,w02_s002,2,3,63,0.9682539682539683
loop,next_5_8,heldout_snapshot,physical_action+token_current,shift_2,w03_s005,3,1,15,0.9333333333333333
loop,next_5_8,heldout_snapshot,physical_action+token_current,shift_2,w00_s002,0,2,80,0.8625
loop,next_5_8,heldout_snapshot,physical_action+token_current,shift_2,w01_s000,1,3,69,0.8405797101449275
loop,next_5_8,heldout_snapshot,physical_action+token_current,shift_2,w02_s003,2,3,86,0.9069767441860465
loop,next_5_8,heldout_snapshot,physical_action+token_current,shift_2,w00_s003,0,2,71,0.9154929577464789
loop,next_5_8,heldout_snapshot,physical_action+token_current,shift_2,w01_s001,1,3,62,0.967741935483871
loop,next_5_8,heldout_snapshot,physical_action+token_current,shift_2,w02_s004,2,3,62,0.7580645161290323
loop,next_5_8,heldout_snapshot,physical_action+token_current,shift_2,w00_s004,0,1,63,0.873015873015873
loop,next_5_8,heldout_snapshot,physical_action+token_current,shift_2,w01_s002,1,2,61,0.9672131147540984
loop,next_5_8,heldout_snapshot,physical_action+token_current,shift_2,w02_s000,2,3,71,0.704225352112676
loop,next_5_8,heldout_snapshot,physical+token_current,shift_2,w00_s000,0,1,55,0.9636363636363636
loop,next_5_8,heldout_snapshot,physical+token_current,shift_2,w00_s005,0,3,69,0.8260869565217391
loop,next_5_8,heldout_snapshot,physical+token_current,shift_2,w01_s003,1,2,47,0.9361702127659575
loop,next_5_8,heldout_snapshot,physical+token_current,shift_2,w02_s001,2,3,77,0.7532467532467533
loop,next_5_8,heldout_snapshot,physical+token_current,shift_2,w03_s004,3,1,15,0.6666666666666667
loop,next_5_8,heldout_snapshot,physical+token_current,shift_2,w00_s001,0,3,62,0.8548387096774194
loop,next_5_8,heldout_snapshot,physical+token_current,shift_2,w01_s004,1,2,62,0.9032258064516129
loop,next_5_8,heldout_snapshot,physical+token_current,shift_2,w02_s002,2,3,63,0.9047619047619048
loop,next_5_8,heldout_snapshot,physical+token_current,shift_2,w03_s005,3,1,15,1.0
loop,next_5_8,heldout_snapshot,physical+token_current,shift_2,w00_s002,0,2,80,0.8375
loop,next_5_8,heldout_snapshot,physical+token_current,shift_2,w01_s000,1,3,69,0.7971014492753623
loop,next_5_8,heldout_snapshot,physical+token_current,shift_2,w02_s003,2,3,86,0.6627906976744186
loop,next_5_8,heldout_snapshot,physical+token_current,shift_2,w00_s003,0,2,71,0.9577464788732394
loop,next_5_8,heldout_snapshot,physical+token_current,shift_2,w01_s001,1,3,62,0.8548387096774194
loop,next_5_8,heldout_snapshot,physical+token_current,shift_2,w02_s004,2,3,62,0.6290322580645161
loop,next_5_8,heldout_snapshot,physical+token_current,shift_2,w00_s004,0,1,63,0.7301587301587302
loop,next_5_8,heldout_snapshot,physical+token_current,shift_2,w01_s002,1,2,61,0.9344262295081968
loop,next_5_8,heldout_snapshot,physical+token_current,shift_2,w02_s000,2,3,71,0.4225352112676056
loop,next_5_8,heldout_snapshot,physical_action+token_current,shift_3,w00_s000,0,1,55,1.0
loop,next_5_8,heldout_snapshot,physical_action+token_current,shift_3,w00_s005,0,3,69,0.927536231884058
loop,next_5_8,heldout_snapshot,physical_action+token_current,shift_3,w01_s003,1,2,47,1.0
loop,next_5_8,heldout_snapshot,physical_action+token_current,shift_3,w02_s001,2,3,77,0.7402597402597403
loop,next_5_8,heldout_snapshot,physical_action+token_current,shift_3,w03_s004,3,1,15,0.8
loop,next_5_8,heldout_snapshot,physical_action+token_current,shift_3,w00_s001,0,3,62,0.967741935483871
loop,next_5_8,heldout_snapshot,physical_action+token_current,shift_3,w01_s004,1,2,62,0.8870967741935484
loop,next_5_8,heldout_snapshot,physical_action+token_current,shift_3,w02_s002,2,3,63,0.9206349206349206
loop,next_5_8,heldout_snapshot,physical_action+token_current,shift_3,w03_s005,3,1,15,1.0
loop,next_5_8,heldout_snapshot,physical_action+token_current,shift_3,w00_s002,0,2,80,0.9
loop,next_5_8,heldout_snapshot,physical_action+token_current,shift_3,w01_s000,1,3,69,0.753623188405797
loop,next_5_8,heldout_snapshot,physical_action+token_current,shift_3,w02_s003,2,3,86,0.872093023255814
loop,next_5_8,heldout_snapshot,physical_action+token_current,shift_3,w00_s003,0,2,71,0.9014084507042254
loop,next_5_8,heldout_snapshot,physical_action+token_current,shift_3,w01_s001,1,3,62,0.8870967741935484
loop,next_5_8,heldout_snapshot,physical_action+token_current,shift_3,w02_s004,2,3,62,0.6290322580645161
loop,next_5_8,heldout_snapshot,physical_action+token_current,shift_3,w00_s004,0,1,63,0.9047619047619048
loop,next_5_8,heldout_snapshot,physical_action+token_current,shift_3,w01_s002,1,2,61,0.9508196721311477
loop,next_5_8,heldout_snapshot,physical_action+token_current,shift_3,w02_s000,2,3,71,0.6056338028169014
loop,next_5_8,heldout_snapshot,physical+token_current,shift_3,w00_s000,0,1,55,0.8909090909090909
loop,next_5_8,heldout_snapshot,physical+token_current,shift_3,w00_s005,0,3,69,0.7101449275362319
loop,next_5_8,heldout_snapshot,physical+token_current,shift_3,w01_s003,1,2,47,0.9787234042553191
loop,next_5_8,heldout_snapshot,physical+token_current,shift_3,w02_s001,2,3,77,0.8051948051948052
loop,next_5_8,heldout_snapshot,physical+token_current,shift_3,w03_s004,3,1,15,0.6666666666666667
loop,next_5_8,heldout_snapshot,physical+token_current,shift_3,w00_s001,0,3,62,0.8225806451612904
loop,next_5_8,heldout_snapshot,physical+token_current,shift_3,w01_s004,1,2,62,0.8064516129032258
loop,next_5_8,heldout_snapshot,physical+token_current,shift_3,w02_s002,2,3,63,0.8571428571428571
loop,next_5_8,heldout_snapshot,physical+token_current,shift_3,w03_s005,3,1,15,0.8666666666666667
loop,next_5_8,heldout_snapshot,physical+token_current,shift_3,w00_s002,0,2,80,0.825
loop,next_5_8,heldout_snapshot,physical+token_current,shift_3,w01_s000,1,3,69,0.7391304347826086
loop,next_5_8,heldout_snapshot,physical+token_current,shift_3,w02_s003,2,3,86,0.7093023255813954
loop,next_5_8,heldout_snapshot,physical+token_current,shift_3,w00_s003,0,2,71,0.9859154929577465
loop,next_5_8,heldout_snapshot,physical+token_current,shift_3,w01_s001,1,3,62,0.7580645161290323
loop,next_5_8,heldout_snapshot,physical+token_current,shift_3,w02_s004,2,3,62,0.45161290322580644
loop,next_5_8,heldout_snapshot,physical+token_current,shift_3,w00_s004,0,1,63,0.7777777777777778
loop,next_5_8,heldout_snapshot,physical+token_current,shift_3,w01_s002,1,2,61,0.8852459016393444
loop,next_5_8,heldout_snapshot,physical+token_current,shift_3,w02_s000,2,3,71,0.6338028169014085
loop,next_5_8,heldout_snapshot,moe_token_history,aligned,w00_s000,0,1,55,0.9272727272727272
loop,next_5_8,heldout_snapshot,moe_token_history,aligned,w00_s005,0,3,69,0.7971014492753623
loop,next_5_8,heldout_snapshot,moe_token_history,aligned,w01_s003,1,2,47,0.9787234042553191
loop,next_5_8,heldout_snapshot,moe_token_history,aligned,w02_s001,2,3,77,0.8311688311688312
loop,next_5_8,heldout_snapshot,moe_token_history,aligned,w03_s004,3,1,15,0.6666666666666667
loop,next_5_8,heldout_snapshot,moe_token_history,aligned,w00_s001,0,3,62,0.8548387096774194
loop,next_5_8,heldout_snapshot,moe_token_history,aligned,w01_s004,1,2,62,0.9032258064516129
loop,next_5_8,heldout_snapshot,moe_token_history,aligned,w02_s002,2,3,63,0.8412698412698413
loop,next_5_8,heldout_snapshot,moe_token_history,aligned,w03_s005,3,1,15,0.9333333333333333
loop,next_5_8,heldout_snapshot,moe_token_history,aligned,w00_s002,0,2,80,0.8625
loop,next_5_8,heldout_snapshot,moe_token_history,aligned,w01_s000,1,3,69,0.8695652173913043
loop,next_5_8,heldout_snapshot,moe_token_history,aligned,w02_s003,2,3,86,0.6511627906976745
loop,next_5_8,heldout_snapshot,moe_token_history,aligned,w00_s003,0,2,71,0.8450704225352113
loop,next_5_8,heldout_snapshot,moe_token_history,aligned,w01_s001,1,3,62,0.8870967741935484
loop,next_5_8,heldout_snapshot,moe_token_history,aligned,w02_s004,2,3,62,0.5806451612903226
loop,next_5_8,heldout_snapshot,moe_token_history,aligned,w00_s004,0,1,63,0.9682539682539683
loop,next_5_8,heldout_snapshot,moe_token_history,aligned,w01_s002,1,2,61,0.7540983606557377
loop,next_5_8,heldout_snapshot,moe_token_history,aligned,w02_s000,2,3,71,0.5352112676056338
loop,next_5_8,heldout_snapshot,physical_action+token_history,aligned,w00_s000,0,1,55,1.0
loop,next_5_8,heldout_snapshot,physical_action+token_history,aligned,w00_s005,0,3,69,0.9710144927536232
loop,next_5_8,heldout_snapshot,physical_action+token_history,aligned,w01_s003,1,2,47,1.0
loop,next_5_8,heldout_snapshot,physical_action+token_history,aligned,w02_s001,2,3,77,0.8961038961038961
loop,next_5_8,heldout_snapshot,physical_action+token_history,aligned,w03_s004,3,1,15,0.8
loop,next_5_8,heldout_snapshot,physical_action+token_history,aligned,w00_s001,0,3,62,1.0
loop,next_5_8,heldout_snapshot,physical_action+token_history,aligned,w01_s004,1,2,62,0.9516129032258066
loop,next_5_8,heldout_snapshot,physical_action+token_history,aligned,w02_s002,2,3,63,0.8571428571428571
loop,next_5_8,heldout_snapshot,physical_action+token_history,aligned,w03_s005,3,1,15,1.0
loop,next_5_8,heldout_snapshot,physical_action+token_history,aligned,w00_s002,0,2,80,0.875
loop,next_5_8,heldout_snapshot,physical_action+token_history,aligned,w01_s000,1,3,69,0.7971014492753623
loop,next_5_8,heldout_snapshot,physical_action+token_history,aligned,w02_s003,2,3,86,0.8372093023255814
loop,next_5_8,heldout_snapshot,physical_action+token_history,aligned,w00_s003,0,2,71,0.9014084507042254
loop,next_5_8,heldout_snapshot,physical_action+token_history,aligned,w01_s001,1,3,62,0.8548387096774194
loop,next_5_8,heldout_snapshot,physical_action+token_history,aligned,w02_s004,2,3,62,0.7741935483870968
loop,next_5_8,heldout_snapshot,physical_action+token_history,aligned,w00_s004,0,1,63,0.9682539682539681
loop,next_5_8,heldout_snapshot,physical_action+token_history,aligned,w01_s002,1,2,61,0.8852459016393442
loop,next_5_8,heldout_snapshot,physical_action+token_history,aligned,w02_s000,2,3,71,0.6901408450704225
loop,next_5_8,heldout_snapshot,physical+token_history,aligned,w00_s000,0,1,55,0.9272727272727272
loop,next_5_8,heldout_snapshot,physical+token_history,aligned,w00_s005,0,3,69,0.8985507246376812
loop,next_5_8,heldout_snapshot,physical+token_history,aligned,w01_s003,1,2,47,1.0
loop,next_5_8,heldout_snapshot,physical+token_history,aligned,w02_s001,2,3,77,0.8831168831168831
loop,next_5_8,heldout_snapshot,physical+token_history,aligned,w03_s004,3,1,15,0.6666666666666667
loop,next_5_8,heldout_snapshot,physical+token_history,aligned,w00_s001,0,3,62,0.967741935483871
loop,next_5_8,heldout_snapshot,physical+token_history,aligned,w01_s004,1,2,62,1.0
loop,next_5_8,heldout_snapshot,physical+token_history,aligned,w02_s002,2,3,63,0.8412698412698413
loop,next_5_8,heldout_snapshot,physical+token_history,aligned,w03_s005,3,1,15,1.0
loop,next_5_8,heldout_snapshot,physical+token_history,aligned,w00_s002,0,2,80,0.8625
loop,next_5_8,heldout_snapshot,physical+token_history,aligned,w01_s000,1,3,69,0.8115942028985508
loop,next_5_8,heldout_snapshot,physical+token_history,aligned,w02_s003,2,3,86,0.6744186046511628
loop,next_5_8,heldout_snapshot,physical+token_history,aligned,w00_s003,0,2,71,0.8309859154929577
loop,next_5_8,heldout_snapshot,physical+token_history,aligned,w01_s001,1,3,62,0.8387096774193549
loop,next_5_8,heldout_snapshot,physical+token_history,aligned,w02_s004,2,3,62,0.8064516129032258
loop,next_5_8,heldout_snapshot,physical+token_history,aligned,w00_s004,0,1,63,0.873015873015873
loop,next_5_8,heldout_snapshot,physical+token_history,aligned,w01_s002,1,2,61,0.8524590163934426
loop,next_5_8,heldout_snapshot,physical+token_history,aligned,w02_s000,2,3,71,0.6056338028169014
loop,next_5_8,heldout_snapshot,physical_action+token_history,shift_1,w00_s000,0,1,55,1.0
loop,next_5_8,heldout_snapshot,physical_action+token_history,shift_1,w00_s005,0,3,69,0.9420289855072463
loop,next_5_8,heldout_snapshot,physical_action+token_history,shift_1,w01_s003,1,2,47,0.9361702127659575
loop,next_5_8,heldout_snapshot,physical_action+token_history,shift_1,w02_s001,2,3,77,0.8181818181818182
loop,next_5_8,heldout_snapshot,physical_action+token_history,shift_1,w03_s004,3,1,15,0.7333333333333333
loop,next_5_8,heldout_snapshot,physical_action+token_history,shift_1,w00_s001,0,3,62,0.9354838709677419
loop,next_5_8,heldout_snapshot,physical_action+token_history,shift_1,w01_s004,1,2,62,0.9193548387096774
loop,next_5_8,heldout_snapshot,physical_action+token_history,shift_1,w02_s002,2,3,63,0.8253968253968254
loop,next_5_8,heldout_snapshot,physical_action+token_history,shift_1,w03_s005,3,1,15,0.6666666666666667
loop,next_5_8,heldout_snapshot,physical_action+token_history,shift_1,w00_s002,0,2,80,0.875
loop,next_5_8,heldout_snapshot,physical_action+token_history,shift_1,w01_s000,1,3,69,0.9130434782608695
loop,next_5_8,heldout_snapshot,physical_action+token_history,shift_1,w02_s003,2,3,86,0.7093023255813954
loop,next_5_8,heldout_snapshot,physical_action+token_history,shift_1,w00_s003,0,2,71,0.9154929577464789
loop,next_5_8,heldout_snapshot,physical_action+token_history,shift_1,w01_s001,1,3,62,0.9032258064516129
loop,next_5_8,heldout_snapshot,physical_action+token_history,shift_1,w02_s004,2,3,62,0.8064516129032258
loop,next_5_8,heldout_snapshot,physical_action+token_history,shift_1,w00_s004,0,1,63,0.8571428571428572
loop,next_5_8,heldout_snapshot,physical_action+token_history,shift_1,w01_s002,1,2,61,0.918032786885246
loop,next_5_8,heldout_snapshot,physical_action+token_history,shift_1,w02_s000,2,3,71,0.7887323943661971
loop,next_5_8,heldout_snapshot,physical+token_history,shift_1,w00_s000,0,1,55,0.8
loop,next_5_8,heldout_snapshot,physical+token_history,shift_1,w00_s005,0,3,69,0.6521739130434783
loop,next_5_8,heldout_snapshot,physical+token_history,shift_1,w01_s003,1,2,47,0.723404255319149
loop,next_5_8,heldout_snapshot,physical+token_history,shift_1,w02_s001,2,3,77,0.8831168831168831
loop,next_5_8,heldout_snapshot,physical+token_history,shift_1,w03_s004,3,1,15,0.6666666666666667
loop,next_5_8,heldout_snapshot,physical+token_history,shift_1,w00_s001,0,3,62,0.7258064516129032
loop,next_5_8,heldout_snapshot,physical+token_history,shift_1,w01_s004,1,2,62,0.532258064516129
loop,next_5_8,heldout_snapshot,physical+token_history,shift_1,w02_s002,2,3,63,0.7777777777777778
loop,next_5_8,heldout_snapshot,physical+token_history,shift_1,w03_s005,3,1,15,0.5333333333333333
loop,next_5_8,heldout_snapshot,physical+token_history,shift_1,w00_s002,0,2,80,0.675
loop,next_5_8,heldout_snapshot,physical+token_history,shift_1,w01_s000,1,3,69,0.7536231884057971
loop,next_5_8,heldout_snapshot,physical+token_history,shift_1,w02_s003,2,3,86,0.6395348837209303
loop,next_5_8,heldout_snapshot,physical+token_history,shift_1,w00_s003,0,2,71,0.8591549295774648
loop,next_5_8,heldout_snapshot,physical+token_history,shift_1,w01_s001,1,3,62,0.7580645161290323
loop,next_5_8,heldout_snapshot,physical+token_history,shift_1,w02_s004,2,3,62,0.6290322580645161
loop,next_5_8,heldout_snapshot,physical+token_history,shift_1,w00_s004,0,1,63,0.6349206349206349
loop,next_5_8,heldout_snapshot,physical+token_history,shift_1,w01_s002,1,2,61,0.8524590163934428
loop,next_5_8,heldout_snapshot,physical+token_history,shift_1,w02_s000,2,3,71,0.704225352112676
loop,next_5_8,heldout_snapshot,physical_action+token_history,shift_2,w00_s000,0,1,55,1.0
loop,next_5_8,heldout_snapshot,physical_action+token_history,shift_2,w00_s005,0,3,69,0.9710144927536232
loop,next_5_8,heldout_snapshot,physical_action+token_history,shift_2,w01_s003,1,2,47,0.9148936170212766
loop,next_5_8,heldout_snapshot,physical_action+token_history,shift_2,w02_s001,2,3,77,0.8441558441558441
loop,next_5_8,heldout_snapshot,physical_action+token_history,shift_2,w03_s004,3,1,15,0.8
loop,next_5_8,heldout_snapshot,physical_action+token_history,shift_2,w00_s001,0,3,62,0.9838709677419355
loop,next_5_8,heldout_snapshot,physical_action+token_history,shift_2,w01_s004,1,2,62,0.967741935483871
loop,next_5_8,heldout_snapshot,physical_action+token_history,shift_2,w02_s002,2,3,63,0.9206349206349206
loop,next_5_8,heldout_snapshot,physical_action+token_history,shift_2,w03_s005,3,1,15,0.9333333333333333
loop,next_5_8,heldout_snapshot,physical_action+token_history,shift_2,w00_s002,0,2,80,0.8375
loop,next_5_8,heldout_snapshot,physical_action+token_history,shift_2,w01_s000,1,3,69,0.8695652173913042
loop,next_5_8,heldout_snapshot,physical_action+token_history,shift_2,w02_s003,2,3,86,0.8372093023255814
loop,next_5_8,heldout_snapshot,physical_action+token_history,shift_2,w00_s003,0,2,71,0.9154929577464789
loop,next_5_8,heldout_snapshot,physical_action+token_history,shift_2,w01_s001,1,3,62,0.967741935483871
loop,next_5_8,heldout_snapshot,physical_action+token_history,shift_2,w02_s004,2,3,62,0.7258064516129032
loop,next_5_8,heldout_snapshot,physical_action+token_history,shift_2,w00_s004,0,1,63,0.8412698412698413
loop,next_5_8,heldout_snapshot,physical_action+token_history,shift_2,w01_s002,1,2,61,0.9508196721311475
loop,next_5_8,heldout_snapshot,physical_action+token_history,shift_2,w02_s000,2,3,71,0.676056338028169
loop,next_5_8,heldout_snapshot,physical+token_history,shift_2,w00_s000,0,1,55,0.9272727272727272
loop,next_5_8,heldout_snapshot,physical+token_history,shift_2,w00_s005,0,3,69,0.7536231884057971
loop,next_5_8,heldout_snapshot,physical+token_history,shift_2,w01_s003,1,2,47,0.7446808510638298
loop,next_5_8,heldout_snapshot,physical+token_history,shift_2,w02_s001,2,3,77,0.7922077922077922
loop,next_5_8,heldout_snapshot,physical+token_history,shift_2,w03_s004,3,1,15,0.7333333333333333
loop,next_5_8,heldout_snapshot,physical+token_history,shift_2,w00_s001,0,3,62,0.7903225806451613
loop,next_5_8,heldout_snapshot,physical+token_history,shift_2,w01_s004,1,2,62,0.7580645161290323
loop,next_5_8,heldout_snapshot,physical+token_history,shift_2,w02_s002,2,3,63,0.7142857142857143
loop,next_5_8,heldout_snapshot,physical+token_history,shift_2,w03_s005,3,1,15,0.9333333333333333
loop,next_5_8,heldout_snapshot,physical+token_history,shift_2,w00_s002,0,2,80,0.8375
loop,next_5_8,heldout_snapshot,physical+token_history,shift_2,w01_s000,1,3,69,0.5942028985507246
loop,next_5_8,heldout_snapshot,physical+token_history,shift_2,w02_s003,2,3,86,0.6511627906976745
loop,next_5_8,heldout_snapshot,physical+token_history,shift_2,w00_s003,0,2,71,0.9436619718309859
loop,next_5_8,heldout_snapshot,physical+token_history,shift_2,w01_s001,1,3,62,0.7741935483870968
loop,next_5_8,heldout_snapshot,physical+token_history,shift_2,w02_s004,2,3,62,0.6612903225806451
loop,next_5_8,heldout_snapshot,physical+token_history,shift_2,w00_s004,0,1,63,0.49206349206349204
loop,next_5_8,heldout_snapshot,physical+token_history,shift_2,w01_s002,1,2,61,0.9508196721311475
loop,next_5_8,heldout_snapshot,physical+token_history,shift_2,w02_s000,2,3,71,0.4507042253521127
loop,next_5_8,heldout_snapshot,physical_action+token_history,shift_3,w00_s000,0,1,55,1.0
loop,next_5_8,heldout_snapshot,physical_action+token_history,shift_3,w00_s005,0,3,69,0.927536231884058
loop,next_5_8,heldout_snapshot,physical_action+token_history,shift_3,w01_s003,1,2,47,1.0
loop,next_5_8,heldout_snapshot,physical_action+token_history,shift_3,w02_s001,2,3,77,0.7272727272727273
loop,next_5_8,heldout_snapshot,physical_action+token_history,shift_3,w03_s004,3,1,15,0.8
loop,next_5_8,heldout_snapshot,physical_action+token_history,shift_3,w00_s001,0,3,62,0.9354838709677419
loop,next_5_8,heldout_snapshot,physical_action+token_history,shift_3,w01_s004,1,2,62,0.8709677419354839
loop,next_5_8,heldout_snapshot,physical_action+token_history,shift_3,w02_s002,2,3,63,0.9047619047619048
loop,next_5_8,heldout_snapshot,physical_action+token_history,shift_3,w03_s005,3,1,15,0.9333333333333333
loop,next_5_8,heldout_snapshot,physical_action+token_history,shift_3,w00_s002,0,2,80,0.8875
loop,next_5_8,heldout_snapshot,physical_action+token_history,shift_3,w01_s000,1,3,69,0.7971014492753622
loop,next_5_8,heldout_snapshot,physical_action+token_history,shift_3,w02_s003,2,3,86,0.8488372093023255
loop,next_5_8,heldout_snapshot,physical_action+token_history,shift_3,w00_s003,0,2,71,0.9014084507042254
loop,next_5_8,heldout_snapshot,physical_action+token_history,shift_3,w01_s001,1,3,62,0.8709677419354839
loop,next_5_8,heldout_snapshot,physical_action+token_history,shift_3,w02_s004,2,3,62,0.6129032258064516
loop,next_5_8,heldout_snapshot,physical_action+token_history,shift_3,w00_s004,0,1,63,0.8888888888888888
loop,next_5_8,heldout_snapshot,physical_action+token_history,shift_3,w01_s002,1,2,61,0.9672131147540983
loop,next_5_8,heldout_snapshot,physical_action+token_history,shift_3,w02_s000,2,3,71,0.5915492957746479
loop,next_5_8,heldout_snapshot,physical+token_history,shift_3,w00_s000,0,1,55,0.8
loop,next_5_8,heldout_snapshot,physical+token_history,shift_3,w00_s005,0,3,69,0.8115942028985508
loop,next_5_8,heldout_snapshot,physical+token_history,shift_3,w01_s003,1,2,47,0.9574468085106383
loop,next_5_8,heldout_snapshot,physical+token_history,shift_3,w02_s001,2,3,77,0.6233766233766234
loop,next_5_8,heldout_snapshot,physical+token_history,shift_3,w03_s004,3,1,15,0.6
loop,next_5_8,heldout_snapshot,physical+token_history,shift_3,w00_s001,0,3,62,0.6935483870967742
loop,next_5_8,heldout_snapshot,physical+token_history,shift_3,w01_s004,1,2,62,0.6935483870967742
loop,next_5_8,heldout_snapshot,physical+token_history,shift_3,w02_s002,2,3,63,0.6507936507936508
loop,next_5_8,heldout_snapshot,physical+token_history,shift_3,w03_s005,3,1,15,0.8666666666666667
loop,next_5_8,heldout_snapshot,physical+token_history,shift_3,w00_s002,0,2,80,0.7625
loop,next_5_8,heldout_snapshot,physical+token_history,shift_3,w01_s000,1,3,69,0.6666666666666666
loop,next_5_8,heldout_snapshot,physical+token_history,shift_3,w02_s003,2,3,86,0.6395348837209303
loop,next_5_8,heldout_snapshot,physical+token_history,shift_3,w00_s003,0,2,71,0.8873239436619719
loop,next_5_8,heldout_snapshot,physical+token_history,shift_3,w01_s001,1,3,62,0.6612903225806451
loop,next_5_8,heldout_snapshot,physical+token_history,shift_3,w02_s004,2,3,62,0.43548387096774194
loop,next_5_8,heldout_snapshot,physical+token_history,shift_3,w00_s004,0,1,63,0.746031746031746
loop,next_5_8,heldout_snapshot,physical+token_history,shift_3,w01_s002,1,2,61,0.9344262295081969
loop,next_5_8,heldout_snapshot,physical+token_history,shift_3,w02_s000,2,3,71,0.6901408450704225
loop,next_5_8,heldout_worker,rate_only,aligned,w00_s000,0,1,55,0.5
loop,next_5_8,heldout_worker,rate_only,aligned,w00_s001,0,3,62,0.5
loop,next_5_8,heldout_worker,rate_only,aligned,w00_s002,0,2,80,0.5
loop,next_5_8,heldout_worker,rate_only,aligned,w00_s003,0,2,71,0.5
loop,next_5_8,heldout_worker,rate_only,aligned,w00_s004,0,1,63,0.5
loop,next_5_8,heldout_worker,rate_only,aligned,w00_s005,0,3,69,0.5
loop,next_5_8,heldout_worker,rate_only,aligned,w01_s000,1,3,69,0.5
loop,next_5_8,heldout_worker,rate_only,aligned,w01_s001,1,3,62,0.5
loop,next_5_8,heldout_worker,rate_only,aligned,w01_s002,1,2,61,0.5
loop,next_5_8,heldout_worker,rate_only,aligned,w01_s003,1,2,47,0.5
loop,next_5_8,heldout_worker,rate_only,aligned,w01_s004,1,2,62,0.5
loop,next_5_8,heldout_worker,rate_only,aligned,w02_s000,2,3,71,0.5
loop,next_5_8,heldout_worker,rate_only,aligned,w02_s001,2,3,77,0.5
loop,next_5_8,heldout_worker,rate_only,aligned,w02_s002,2,3,63,0.5
loop,next_5_8,heldout_worker,rate_only,aligned,w02_s003,2,3,86,0.5
loop,next_5_8,heldout_worker,rate_only,aligned,w02_s004,2,3,62,0.5
loop,next_5_8,heldout_worker,rate_only,aligned,w03_s004,3,1,15,0.5
loop,next_5_8,heldout_worker,rate_only,aligned,w03_s005,3,1,15,0.5
loop,next_5_8,heldout_worker,physical_action,aligned,w00_s000,0,1,55,1.0
loop,next_5_8,heldout_worker,physical_action,aligned,w00_s001,0,3,62,1.0
loop,next_5_8,heldout_worker,physical_action,aligned,w00_s002,0,2,80,0.85
loop,next_5_8,heldout_worker,physical_action,aligned,w00_s003,0,2,71,0.9154929577464789
loop,next_5_8,heldout_worker,physical_action,aligned,w00_s004,0,1,63,0.8571428571428571
loop,next_5_8,heldout_worker,physical_action,aligned,w00_s005,0,3,69,0.855072463768116
loop,next_5_8,heldout_worker,physical_action,aligned,w01_s000,1,3,69,0.782608695652174
loop,next_5_8,heldout_worker,physical_action,aligned,w01_s001,1,3,62,0.9193548387096774
loop,next_5_8,heldout_worker,physical_action,aligned,w01_s002,1,2,61,0.819672131147541
loop,next_5_8,heldout_worker,physical_action,aligned,w01_s003,1,2,47,0.8297872340425532
loop,next_5_8,heldout_worker,physical_action,aligned,w01_s004,1,2,62,0.7903225806451613
loop,next_5_8,heldout_worker,physical_action,aligned,w02_s000,2,3,71,0.7605633802816901
loop,next_5_8,heldout_worker,physical_action,aligned,w02_s001,2,3,77,0.6883116883116883
loop,next_5_8,heldout_worker,physical_action,aligned,w02_s002,2,3,63,0.9365079365079365
loop,next_5_8,heldout_worker,physical_action,aligned,w02_s003,2,3,86,0.8604651162790697
loop,next_5_8,heldout_worker,physical_action,aligned,w02_s004,2,3,62,0.8064516129032258
loop,next_5_8,heldout_worker,physical_action,aligned,w03_s004,3,1,15,0.7333333333333333
loop,next_5_8,heldout_worker,physical_action,aligned,w03_s005,3,1,15,0.8
loop,next_5_8,heldout_worker,physical,aligned,w00_s000,0,1,55,0.8909090909090909
loop,next_5_8,heldout_worker,physical,aligned,w00_s001,0,3,62,0.9193548387096774
loop,next_5_8,heldout_worker,physical,aligned,w00_s002,0,2,80,0.8875
loop,next_5_8,heldout_worker,physical,aligned,w00_s003,0,2,71,1.0
loop,next_5_8,heldout_worker,physical,aligned,w00_s004,0,1,63,0.9682539682539683
loop,next_5_8,heldout_worker,physical,aligned,w00_s005,0,3,69,0.8985507246376812
loop,next_5_8,heldout_worker,physical,aligned,w01_s000,1,3,69,0.6956521739130435
loop,next_5_8,heldout_worker,physical,aligned,w01_s001,1,3,62,0.9193548387096774
loop,next_5_8,heldout_worker,physical,aligned,w01_s002,1,2,61,0.9836065573770493
loop,next_5_8,heldout_worker,physical,aligned,w01_s003,1,2,47,0.9787234042553191
loop,next_5_8,heldout_worker,physical,aligned,w01_s004,1,2,62,0.9838709677419355
loop,next_5_8,heldout_worker,physical,aligned,w02_s000,2,3,71,0.49295774647887325
loop,next_5_8,heldout_worker,physical,aligned,w02_s001,2,3,77,0.8571428571428571
loop,next_5_8,heldout_worker,physical,aligned,w02_s002,2,3,63,0.9206349206349206
loop,next_5_8,heldout_worker,physical,aligned,w02_s003,2,3,86,0.6744186046511628
loop,next_5_8,heldout_worker,physical,aligned,w02_s004,2,3,62,0.6451612903225806
loop,next_5_8,heldout_worker,physical,aligned,w03_s004,3,1,15,0.4666666666666667
loop,next_5_8,heldout_worker,physical,aligned,w03_s005,3,1,15,0.8666666666666667
loop,next_5_8,heldout_worker,moe_aggregate_current,aligned,w00_s000,0,1,55,0.7636363636363636
loop,next_5_8,heldout_worker,moe_aggregate_current,aligned,w00_s001,0,3,62,0.7258064516129032
loop,next_5_8,heldout_worker,moe_aggregate_current,aligned,w00_s002,0,2,80,0.475
loop,next_5_8,heldout_worker,moe_aggregate_current,aligned,w00_s003,0,2,71,0.6056338028169014
loop,next_5_8,heldout_worker,moe_aggregate_current,aligned,w00_s004,0,1,63,0.8412698412698413
loop,next_5_8,heldout_worker,moe_aggregate_current,aligned,w00_s005,0,3,69,0.4782608695652174
loop,next_5_8,heldout_worker,moe_aggregate_current,aligned,w01_s000,1,3,69,0.6956521739130435
loop,next_5_8,heldout_worker,moe_aggregate_current,aligned,w01_s001,1,3,62,0.6935483870967742
loop,next_5_8,heldout_worker,moe_aggregate_current,aligned,w01_s002,1,2,61,0.6229508196721312
loop,next_5_8,heldout_worker,moe_aggregate_current,aligned,w01_s003,1,2,47,0.7446808510638298
loop,next_5_8,heldout_worker,moe_aggregate_current,aligned,w01_s004,1,2,62,0.5806451612903226
loop,next_5_8,heldout_worker,moe_aggregate_current,aligned,w02_s000,2,3,71,0.352112676056338
loop,next_5_8,heldout_worker,moe_aggregate_current,aligned,w02_s001,2,3,77,0.7272727272727273
loop,next_5_8,heldout_worker,moe_aggregate_current,aligned,w02_s002,2,3,63,0.6507936507936508
loop,next_5_8,heldout_worker,moe_aggregate_current,aligned,w02_s003,2,3,86,0.627906976744186
loop,next_5_8,heldout_worker,moe_aggregate_current,aligned,w02_s004,2,3,62,0.532258064516129
loop,next_5_8,heldout_worker,moe_aggregate_current,aligned,w03_s004,3,1,15,0.7333333333333333
loop,next_5_8,heldout_worker,moe_aggregate_current,aligned,w03_s005,3,1,15,0.19999999999999993
loop,next_5_8,heldout_worker,physical_action+aggregate_current,aligned,w00_s000,0,1,55,1.0
loop,next_5_8,heldout_worker,physical_action+aggregate_current,aligned,w00_s001,0,3,62,1.0
loop,next_5_8,heldout_worker,physical_action+aggregate_current,aligned,w00_s002,0,2,80,0.8625
loop,next_5_8,heldout_worker,physical_action+aggregate_current,aligned,w00_s003,0,2,71,0.9154929577464789
loop,next_5_8,heldout_worker,physical_action+aggregate_current,aligned,w00_s004,0,1,63,0.8412698412698413
loop,next_5_8,heldout_worker,physical_action+aggregate_current,aligned,w00_s005,0,3,69,0.8985507246376812
loop,next_5_8,heldout_worker,physical_action+aggregate_current,aligned,w01_s000,1,3,69,0.7681159420289855
loop,next_5_8,heldout_worker,physical_action+aggregate_current,aligned,w01_s001,1,3,62,0.8225806451612904
loop,next_5_8,heldout_worker,physical_action+aggregate_current,aligned,w01_s002,1,2,61,0.8360655737704918
loop,next_5_8,heldout_worker,physical_action+aggregate_current,aligned,w01_s003,1,2,47,0.851063829787234
loop,next_5_8,heldout_worker,physical_action+aggregate_current,aligned,w01_s004,1,2,62,0.7903225806451613
loop,next_5_8,heldout_worker,physical_action+aggregate_current,aligned,w02_s000,2,3,71,0.49295774647887325
loop,next_5_8,heldout_worker,physical_action+aggregate_current,aligned,w02_s001,2,3,77,0.8701298701298701
loop,next_5_8,heldout_worker,physical_action+aggregate_current,aligned,w02_s002,2,3,63,0.873015873015873
loop,next_5_8,heldout_worker,physical_action+aggregate_current,aligned,w02_s003,2,3,86,0.7790697674418605
loop,next_5_8,heldout_worker,physical_action+aggregate_current,aligned,w02_s004,2,3,62,0.8225806451612904
loop,next_5_8,heldout_worker,physical_action+aggregate_current,aligned,w03_s004,3,1,15,0.7333333333333333
loop,next_5_8,heldout_worker,physical_action+aggregate_current,aligned,w03_s005,3,1,15,1.0
loop,next_5_8,heldout_worker,physical+aggregate_current,aligned,w00_s000,0,1,55,0.9272727272727272
loop,next_5_8,heldout_worker,physical+aggregate_current,aligned,w00_s001,0,3,62,0.8870967741935484
loop,next_5_8,heldout_worker,physical+aggregate_current,aligned,w00_s002,0,2,80,0.85
loop,next_5_8,heldout_worker,physical+aggregate_current,aligned,w00_s003,0,2,71,0.9014084507042254
loop,next_5_8,heldout_worker,physical+aggregate_current,aligned,w00_s004,0,1,63,0.9206349206349206
loop,next_5_8,heldout_worker,physical+aggregate_current,aligned,w00_s005,0,3,69,0.9130434782608695
loop,next_5_8,heldout_worker,physical+aggregate_current,aligned,w01_s000,1,3,69,0.7971014492753623
loop,next_5_8,heldout_worker,physical+aggregate_current,aligned,w01_s001,1,3,62,0.7580645161290323
loop,next_5_8,heldout_worker,physical+aggregate_current,aligned,w01_s002,1,2,61,0.9016393442622951
loop,next_5_8,heldout_worker,physical+aggregate_current,aligned,w01_s003,1,2,47,0.8297872340425532
loop,next_5_8,heldout_worker,physical+aggregate_current,aligned,w01_s004,1,2,62,0.8548387096774193
loop,next_5_8,heldout_worker,physical+aggregate_current,aligned,w02_s000,2,3,71,0.33802816901408445
loop,next_5_8,heldout_worker,physical+aggregate_current,aligned,w02_s001,2,3,77,0.8961038961038961
loop,next_5_8,heldout_worker,physical+aggregate_current,aligned,w02_s002,2,3,63,0.873015873015873
loop,next_5_8,heldout_worker,physical+aggregate_current,aligned,w02_s003,2,3,86,0.6627906976744186
loop,next_5_8,heldout_worker,physical+aggregate_current,aligned,w02_s004,2,3,62,0.532258064516129
loop,next_5_8,heldout_worker,physical+aggregate_current,aligned,w03_s004,3,1,15,0.4666666666666667
loop,next_5_8,heldout_worker,physical+aggregate_current,aligned,w03_s005,3,1,15,0.4
loop,next_5_8,heldout_worker,physical_action+aggregate_current,shift_1,w00_s000,0,1,55,1.0
loop,next_5_8,heldout_worker,physical_action+aggregate_current,shift_1,w00_s001,0,3,62,1.0
loop,next_5_8,heldout_worker,physical_action+aggregate_current,shift_1,w00_s002,0,2,80,0.85
loop,next_5_8,heldout_worker,physical_action+aggregate_current,shift_1,w00_s003,0,2,71,0.9014084507042254
loop,next_5_8,heldout_worker,physical_action+aggregate_current,shift_1,w00_s004,0,1,63,0.8253968253968254
loop,next_5_8,heldout_worker,physical_action+aggregate_current,shift_1,w00_s005,0,3,69,0.8260869565217391
loop,next_5_8,heldout_worker,physical_action+aggregate_current,shift_1,w01_s000,1,3,69,0.782608695652174
loop,next_5_8,heldout_worker,physical_action+aggregate_current,shift_1,w01_s001,1,3,62,0.9838709677419355
loop,next_5_8,heldout_worker,physical_action+aggregate_current,shift_1,w01_s002,1,2,61,0.7540983606557377
loop,next_5_8,heldout_worker,physical_action+aggregate_current,shift_1,w01_s003,1,2,47,0.8297872340425532
loop,next_5_8,heldout_worker,physical_action+aggregate_current,shift_1,w01_s004,1,2,62,0.7580645161290323
loop,next_5_8,heldout_worker,physical_action+aggregate_current,shift_1,w02_s000,2,3,71,0.7605633802816901
loop,next_5_8,heldout_worker,physical_action+aggregate_current,shift_1,w02_s001,2,3,77,0.7402597402597403
loop,next_5_8,heldout_worker,physical_action+aggregate_current,shift_1,w02_s002,2,3,63,0.9206349206349206
loop,next_5_8,heldout_worker,physical_action+aggregate_current,shift_1,w02_s003,2,3,86,0.7790697674418605
loop,next_5_8,heldout_worker,physical_action+aggregate_current,shift_1,w02_s004,2,3,62,0.7903225806451613
loop,next_5_8,heldout_worker,physical_action+aggregate_current,shift_1,w03_s004,3,1,15,0.8
loop,next_5_8,heldout_worker,physical_action+aggregate_current,shift_1,w03_s005,3,1,15,0.7333333333333333
loop,next_5_8,heldout_worker,physical+aggregate_current,shift_1,w00_s000,0,1,55,0.9272727272727272
loop,next_5_8,heldout_worker,physical+aggregate_current,shift_1,w00_s001,0,3,62,0.9032258064516129
loop,next_5_8,heldout_worker,physical+aggregate_current,shift_1,w00_s002,0,2,80,0.9125
loop,next_5_8,heldout_worker,physical+aggregate_current,shift_1,w00_s003,0,2,71,0.971830985915493
loop,next_5_8,heldout_worker,physical+aggregate_current,shift_1,w00_s004,0,1,63,0.9206349206349207
loop,next_5_8,heldout_worker,physical+aggregate_current,shift_1,w00_s005,0,3,69,0.855072463768116
loop,next_5_8,heldout_worker,physical+aggregate_current,shift_1,w01_s000,1,3,69,0.6521739130434783
loop,next_5_8,heldout_worker,physical+aggregate_current,shift_1,w01_s001,1,3,62,0.9838709677419355
loop,next_5_8,heldout_worker,physical+aggregate_current,shift_1,w01_s002,1,2,61,0.9016393442622951
loop,next_5_8,heldout_worker,physical+aggregate_current,shift_1,w01_s003,1,2,47,0.8936170212765957
loop,next_5_8,heldout_worker,physical+aggregate_current,shift_1,w01_s004,1,2,62,0.8387096774193549
loop,next_5_8,heldout_worker,physical+aggregate_current,shift_1,w02_s000,2,3,71,0.6619718309859155
loop,next_5_8,heldout_worker,physical+aggregate_current,shift_1,w02_s001,2,3,77,0.7922077922077922
loop,next_5_8,heldout_worker,physical+aggregate_current,shift_1,w02_s002,2,3,63,0.8571428571428571
loop,next_5_8,heldout_worker,physical+aggregate_current,shift_1,w02_s003,2,3,86,0.6395348837209303
loop,next_5_8,heldout_worker,physical+aggregate_current,shift_1,w02_s004,2,3,62,0.5483870967741935
loop,next_5_8,heldout_worker,physical+aggregate_current,shift_1,w03_s004,3,1,15,0.7333333333333333
loop,next_5_8,heldout_worker,physical+aggregate_current,shift_1,w03_s005,3,1,15,0.6666666666666667
loop,next_5_8,heldout_worker,physical_action+aggregate_current,shift_2,w00_s000,0,1,55,1.0
loop,next_5_8,heldout_worker,physical_action+aggregate_current,shift_2,w00_s001,0,3,62,1.0
loop,next_5_8,heldout_worker,physical_action+aggregate_current,shift_2,w00_s002,0,2,80,0.85
loop,next_5_8,heldout_worker,physical_action+aggregate_current,shift_2,w00_s003,0,2,71,0.8591549295774648
loop,next_5_8,heldout_worker,physical_action+aggregate_current,shift_2,w00_s004,0,1,63,0.8253968253968255
loop,next_5_8,heldout_worker,physical_action+aggregate_current,shift_2,w00_s005,0,3,69,0.7681159420289855
loop,next_5_8,heldout_worker,physical_action+aggregate_current,shift_2,w01_s000,1,3,69,0.782608695652174
loop,next_5_8,heldout_worker,physical_action+aggregate_current,shift_2,w01_s001,1,3,62,0.9032258064516129
loop,next_5_8,heldout_worker,physical_action+aggregate_current,shift_2,w01_s002,1,2,61,0.8852459016393442
loop,next_5_8,heldout_worker,physical_action+aggregate_current,shift_2,w01_s003,1,2,47,0.8297872340425532
loop,next_5_8,heldout_worker,physical_action+aggregate_current,shift_2,w01_s004,1,2,62,0.8225806451612904
loop,next_5_8,heldout_worker,physical_action+aggregate_current,shift_2,w02_s000,2,3,71,0.676056338028169
loop,next_5_8,heldout_worker,physical_action+aggregate_current,shift_2,w02_s001,2,3,77,0.7012987012987013
loop,next_5_8,heldout_worker,physical_action+aggregate_current,shift_2,w02_s002,2,3,63,0.9206349206349206
loop,next_5_8,heldout_worker,physical_action+aggregate_current,shift_2,w02_s003,2,3,86,0.8023255813953488
loop,next_5_8,heldout_worker,physical_action+aggregate_current,shift_2,w02_s004,2,3,62,0.8548387096774194
loop,next_5_8,heldout_worker,physical_action+aggregate_current,shift_2,w03_s004,3,1,15,0.8666666666666667
loop,next_5_8,heldout_worker,physical_action+aggregate_current,shift_2,w03_s005,3,1,15,0.9333333333333333
loop,next_5_8,heldout_worker,physical+aggregate_current,shift_2,w00_s000,0,1,55,0.9818181818181818
loop,next_5_8,heldout_worker,physical+aggregate_current,shift_2,w00_s001,0,3,62,0.8870967741935484
loop,next_5_8,heldout_worker,physical+aggregate_current,shift_2,w00_s002,0,2,80,0.875
loop,next_5_8,heldout_worker,physical+aggregate_current,shift_2,w00_s003,0,2,71,0.971830985915493
loop,next_5_8,heldout_worker,physical+aggregate_current,shift_2,w00_s004,0,1,63,0.8888888888888888
loop,next_5_8,heldout_worker,physical+aggregate_current,shift_2,w00_s005,0,3,69,0.8115942028985508
loop,next_5_8,heldout_worker,physical+aggregate_current,shift_2,w01_s000,1,3,69,0.7681159420289855
loop,next_5_8,heldout_worker,physical+aggregate_current,shift_2,w01_s001,1,3,62,0.8387096774193549
loop,next_5_8,heldout_worker,physical+aggregate_current,shift_2,w01_s002,1,2,61,0.9836065573770493
loop,next_5_8,heldout_worker,physical+aggregate_current,shift_2,w01_s003,1,2,47,0.7872340425531915
loop,next_5_8,heldout_worker,physical+aggregate_current,shift_2,w01_s004,1,2,62,0.8548387096774194
loop,next_5_8,heldout_worker,physical+aggregate_current,shift_2,w02_s000,2,3,71,0.5492957746478874
loop,next_5_8,heldout_worker,physical+aggregate_current,shift_2,w02_s001,2,3,77,0.7922077922077922
loop,next_5_8,heldout_worker,physical+aggregate_current,shift_2,w02_s002,2,3,63,0.7777777777777778
loop,next_5_8,heldout_worker,physical+aggregate_current,shift_2,w02_s003,2,3,86,0.6627906976744186
loop,next_5_8,heldout_worker,physical+aggregate_current,shift_2,w02_s004,2,3,62,0.6129032258064516
loop,next_5_8,heldout_worker,physical+aggregate_current,shift_2,w03_s004,3,1,15,0.33333333333333337
loop,next_5_8,heldout_worker,physical+aggregate_current,shift_2,w03_s005,3,1,15,1.0
loop,next_5_8,heldout_worker,physical_action+aggregate_current,shift_3,w00_s000,0,1,55,1.0
loop,next_5_8,heldout_worker,physical_action+aggregate_current,shift_3,w00_s001,0,3,62,1.0
loop,next_5_8,heldout_worker,physical_action+aggregate_current,shift_3,w00_s002,0,2,80,0.875
loop,next_5_8,heldout_worker,physical_action+aggregate_current,shift_3,w00_s003,0,2,71,0.8873239436619719
loop,next_5_8,heldout_worker,physical_action+aggregate_current,shift_3,w00_s004,0,1,63,0.8253968253968254
loop,next_5_8,heldout_worker,physical_action+aggregate_current,shift_3,w00_s005,0,3,69,0.7971014492753623
loop,next_5_8,heldout_worker,physical_action+aggregate_current,shift_3,w01_s000,1,3,69,0.8260869565217391
loop,next_5_8,heldout_worker,physical_action+aggregate_current,shift_3,w01_s001,1,3,62,0.8709677419354839
loop,next_5_8,heldout_worker,physical_action+aggregate_current,shift_3,w01_s002,1,2,61,0.9180327868852459
loop,next_5_8,heldout_worker,physical_action+aggregate_current,shift_3,w01_s003,1,2,47,0.7659574468085106
loop,next_5_8,heldout_worker,physical_action+aggregate_current,shift_3,w01_s004,1,2,62,0.8064516129032258
loop,next_5_8,heldout_worker,physical_action+aggregate_current,shift_3,w02_s000,2,3,71,0.7183098591549296
loop,next_5_8,heldout_worker,physical_action+aggregate_current,shift_3,w02_s001,2,3,77,0.7272727272727273
loop,next_5_8,heldout_worker,physical_action+aggregate_current,shift_3,w02_s002,2,3,63,0.873015873015873
loop,next_5_8,heldout_worker,physical_action+aggregate_current,shift_3,w02_s003,2,3,86,0.8372093023255814
loop,next_5_8,heldout_worker,physical_action+aggregate_current,shift_3,w02_s004,2,3,62,0.8387096774193549
loop,next_5_8,heldout_worker,physical_action+aggregate_current,shift_3,w03_s004,3,1,15,0.7333333333333333
loop,next_5_8,heldout_worker,physical_action+aggregate_current,shift_3,w03_s005,3,1,15,1.0
loop,next_5_8,heldout_worker,physical+aggregate_current,shift_3,w00_s000,0,1,55,0.9272727272727272
loop,next_5_8,heldout_worker,physical+aggregate_current,shift_3,w00_s001,0,3,62,0.9354838709677419
loop,next_5_8,heldout_worker,physical+aggregate_current,shift_3,w00_s002,0,2,80,0.8875
loop,next_5_8,heldout_worker,physical+aggregate_current,shift_3,w00_s003,0,2,71,0.9859154929577465
loop,next_5_8,heldout_worker,physical+aggregate_current,shift_3,w00_s004,0,1,63,0.9365079365079365
loop,next_5_8,heldout_worker,physical+aggregate_current,shift_3,w00_s005,0,3,69,0.782608695652174
loop,next_5_8,heldout_worker,physical+aggregate_current,shift_3,w01_s000,1,3,69,0.7536231884057971
loop,next_5_8,heldout_worker,physical+aggregate_current,shift_3,w01_s001,1,3,62,0.8548387096774194
loop,next_5_8,heldout_worker,physical+aggregate_current,shift_3,w01_s002,1,2,61,0.9836065573770493
loop,next_5_8,heldout_worker,physical+aggregate_current,shift_3,w01_s003,1,2,47,0.7872340425531915
loop,next_5_8,heldout_worker,physical+aggregate_current,shift_3,w01_s004,1,2,62,0.967741935483871
loop,next_5_8,heldout_worker,physical+aggregate_current,shift_3,w02_s000,2,3,71,0.4084507042253521
loop,next_5_8,heldout_worker,physical+aggregate_current,shift_3,w02_s001,2,3,77,0.7142857142857143
loop,next_5_8,heldout_worker,physical+aggregate_current,shift_3,w02_s002,2,3,63,0.8888888888888888
loop,next_5_8,heldout_worker,physical+aggregate_current,shift_3,w02_s003,2,3,86,0.7558139534883721
loop,next_5_8,heldout_worker,physical+aggregate_current,shift_3,w02_s004,2,3,62,0.532258064516129
loop,next_5_8,heldout_worker,physical+aggregate_current,shift_3,w03_s004,3,1,15,0.33333333333333337
loop,next_5_8,heldout_worker,physical+aggregate_current,shift_3,w03_s005,3,1,15,0.8
loop,next_5_8,heldout_worker,moe_token_current,aligned,w00_s000,0,1,55,0.7999999999999998
loop,next_5_8,heldout_worker,moe_token_current,aligned,w00_s001,0,3,62,0.8387096774193549
loop,next_5_8,heldout_worker,moe_token_current,aligned,w00_s002,0,2,80,0.5
loop,next_5_8,heldout_worker,moe_token_current,aligned,w00_s003,0,2,71,0.8450704225352113
loop,next_5_8,heldout_worker,moe_token_current,aligned,w00_s004,0,1,63,0.9682539682539681
loop,next_5_8,heldout_worker,moe_token_current,aligned,w00_s005,0,3,69,0.9130434782608695
loop,next_5_8,heldout_worker,moe_token_current,aligned,w01_s000,1,3,69,0.7681159420289855
loop,next_5_8,heldout_worker,moe_token_current,aligned,w01_s001,1,3,62,0.7903225806451613
loop,next_5_8,heldout_worker,moe_token_current,aligned,w01_s002,1,2,61,0.5573770491803278
loop,next_5_8,heldout_worker,moe_token_current,aligned,w01_s003,1,2,47,0.5531914893617021
loop,next_5_8,heldout_worker,moe_token_current,aligned,w01_s004,1,2,62,0.532258064516129
loop,next_5_8,heldout_worker,moe_token_current,aligned,w02_s000,2,3,71,0.5352112676056338
loop,next_5_8,heldout_worker,moe_token_current,aligned,w02_s001,2,3,77,0.7922077922077922
loop,next_5_8,heldout_worker,moe_token_current,aligned,w02_s002,2,3,63,0.5555555555555556
loop,next_5_8,heldout_worker,moe_token_current,aligned,w02_s003,2,3,86,0.6046511627906976
loop,next_5_8,heldout_worker,moe_token_current,aligned,w02_s004,2,3,62,0.6612903225806451
loop,next_5_8,heldout_worker,moe_token_current,aligned,w03_s004,3,1,15,0.5333333333333333
loop,next_5_8,heldout_worker,moe_token_current,aligned,w03_s005,3,1,15,0.8666666666666667
loop,next_5_8,heldout_worker,physical_action+token_current,aligned,w00_s000,0,1,55,1.0
loop,next_5_8,heldout_worker,physical_action+token_current,aligned,w00_s001,0,3,62,1.0
loop,next_5_8,heldout_worker,physical_action+token_current,aligned,w00_s002,0,2,80,0.85
loop,next_5_8,heldout_worker,physical_action+token_current,aligned,w00_s003,0,2,71,0.8169014084507042
loop,next_5_8,heldout_worker,physical_action+token_current,aligned,w00_s004,0,1,63,0.8888888888888888
loop,next_5_8,heldout_worker,physical_action+token_current,aligned,w00_s005,0,3,69,0.898550724637681
loop,next_5_8,heldout_worker,physical_action+token_current,aligned,w01_s000,1,3,69,0.855072463768116
loop,next_5_8,heldout_worker,physical_action+token_current,aligned,w01_s001,1,3,62,0.8870967741935484
loop,next_5_8,heldout_worker,physical_action+token_current,aligned,w01_s002,1,2,61,0.8032786885245902
loop,next_5_8,heldout_worker,physical_action+token_current,aligned,w01_s003,1,2,47,0.8936170212765957
loop,next_5_8,heldout_worker,physical_action+token_current,aligned,w01_s004,1,2,62,0.8548387096774194
loop,next_5_8,heldout_worker,physical_action+token_current,aligned,w02_s000,2,3,71,0.5352112676056338
loop,next_5_8,heldout_worker,physical_action+token_current,aligned,w02_s001,2,3,77,0.9090909090909091
loop,next_5_8,heldout_worker,physical_action+token_current,aligned,w02_s002,2,3,63,0.873015873015873
loop,next_5_8,heldout_worker,physical_action+token_current,aligned,w02_s003,2,3,86,0.8604651162790697
loop,next_5_8,heldout_worker,physical_action+token_current,aligned,w02_s004,2,3,62,0.8387096774193549
loop,next_5_8,heldout_worker,physical_action+token_current,aligned,w03_s004,3,1,15,0.7333333333333333
loop,next_5_8,heldout_worker,physical_action+token_current,aligned,w03_s005,3,1,15,0.9333333333333333
loop,next_5_8,heldout_worker,physical+token_current,aligned,w00_s000,0,1,55,0.9090909090909091
loop,next_5_8,heldout_worker,physical+token_current,aligned,w00_s001,0,3,62,0.9193548387096774
loop,next_5_8,heldout_worker,physical+token_current,aligned,w00_s002,0,2,80,0.7999999999999999
loop,next_5_8,heldout_worker,physical+token_current,aligned,w00_s003,0,2,71,0.9577464788732394
loop,next_5_8,heldout_worker,physical+token_current,aligned,w00_s004,0,1,63,0.9841269841269841
loop,next_5_8,heldout_worker,physical+token_current,aligned,w00_s005,0,3,69,0.8840579710144928
loop,next_5_8,heldout_worker,physical+token_current,aligned,w01_s000,1,3,69,0.6666666666666666
loop,next_5_8,heldout_worker,physical+token_current,aligned,w01_s001,1,3,62,0.9032258064516129
loop,next_5_8,heldout_worker,physical+token_current,aligned,w01_s002,1,2,61,0.9508196721311475
loop,next_5_8,heldout_worker,physical+token_current,aligned,w01_s003,1,2,47,0.7872340425531915
loop,next_5_8,heldout_worker,physical+token_current,aligned,w01_s004,1,2,62,0.8064516129032258
loop,next_5_8,heldout_worker,physical+token_current,aligned,w02_s000,2,3,71,0.6197183098591549
loop,next_5_8,heldout_worker,physical+token_current,aligned,w02_s001,2,3,77,0.8961038961038961
loop,next_5_8,heldout_worker,physical+token_current,aligned,w02_s002,2,3,63,0.9047619047619048
loop,next_5_8,heldout_worker,physical+token_current,aligned,w02_s003,2,3,86,0.7209302325581395
loop,next_5_8,heldout_worker,physical+token_current,aligned,w02_s004,2,3,62,0.6612903225806451
loop,next_5_8,heldout_worker,physical+token_current,aligned,w03_s004,3,1,15,0.19999999999999993
loop,next_5_8,heldout_worker,physical+token_current,aligned,w03_s005,3,1,15,0.9333333333333333
loop,next_5_8,heldout_worker,physical_action+token_current,shift_1,w00_s000,0,1,55,1.0
loop,next_5_8,heldout_worker,physical_action+token_current,shift_1,w00_s001,0,3,62,0.967741935483871
loop,next_5_8,heldout_worker,physical_action+token_current,shift_1,w00_s002,0,2,80,0.85
loop,next_5_8,heldout_worker,physical_action+token_current,shift_1,w00_s003,0,2,71,0.8873239436619719
loop,next_5_8,heldout_worker,physical_action+token_current,shift_1,w00_s004,0,1,63,0.7777777777777778
loop,next_5_8,heldout_worker,physical_action+token_current,shift_1,w00_s005,0,3,69,0.7391304347826086
loop,next_5_8,heldout_worker,physical_action+token_current,shift_1,w01_s000,1,3,69,0.6666666666666666
loop,next_5_8,heldout_worker,physical_action+token_current,shift_1,w01_s001,1,3,62,0.8225806451612904
loop,next_5_8,heldout_worker,physical_action+token_current,shift_1,w01_s002,1,2,61,0.7868852459016393
loop,next_5_8,heldout_worker,physical_action+token_current,shift_1,w01_s003,1,2,47,0.8085106382978723
loop,next_5_8,heldout_worker,physical_action+token_current,shift_1,w01_s004,1,2,62,0.6935483870967742
loop,next_5_8,heldout_worker,physical_action+token_current,shift_1,w02_s000,2,3,71,0.7887323943661971
loop,next_5_8,heldout_worker,physical_action+token_current,shift_1,w02_s001,2,3,77,0.7272727272727273
loop,next_5_8,heldout_worker,physical_action+token_current,shift_1,w02_s002,2,3,63,0.9047619047619048
loop,next_5_8,heldout_worker,physical_action+token_current,shift_1,w02_s003,2,3,86,0.8604651162790697
loop,next_5_8,heldout_worker,physical_action+token_current,shift_1,w02_s004,2,3,62,0.8064516129032258
loop,next_5_8,heldout_worker,physical_action+token_current,shift_1,w03_s004,3,1,15,0.8
loop,next_5_8,heldout_worker,physical_action+token_current,shift_1,w03_s005,3,1,15,0.6
loop,next_5_8,heldout_worker,physical+token_current,shift_1,w00_s000,0,1,55,0.8
loop,next_5_8,heldout_worker,physical+token_current,shift_1,w00_s001,0,3,62,0.7580645161290323
loop,next_5_8,heldout_worker,physical+token_current,shift_1,w00_s002,0,2,80,0.8
loop,next_5_8,heldout_worker,physical+token_current,shift_1,w00_s003,0,2,71,0.8873239436619719
loop,next_5_8,heldout_worker,physical+token_current,shift_1,w00_s004,0,1,63,0.8095238095238095
loop,next_5_8,heldout_worker,physical+token_current,shift_1,w00_s005,0,3,69,0.7246376811594203
loop,next_5_8,heldout_worker,physical+token_current,shift_1,w01_s000,1,3,69,0.6666666666666666
loop,next_5_8,heldout_worker,physical+token_current,shift_1,w01_s001,1,3,62,0.7903225806451613
loop,next_5_8,heldout_worker,physical+token_current,shift_1,w01_s002,1,2,61,0.9180327868852459
loop,next_5_8,heldout_worker,physical+token_current,shift_1,w01_s003,1,2,47,0.7872340425531915
loop,next_5_8,heldout_worker,physical+token_current,shift_1,w01_s004,1,2,62,0.7258064516129032
loop,next_5_8,heldout_worker,physical+token_current,shift_1,w02_s000,2,3,71,0.6901408450704225
loop,next_5_8,heldout_worker,physical+token_current,shift_1,w02_s001,2,3,77,0.7402597402597402
loop,next_5_8,heldout_worker,physical+token_current,shift_1,w02_s002,2,3,63,0.873015873015873
loop,next_5_8,heldout_worker,physical+token_current,shift_1,w02_s003,2,3,86,0.6511627906976745
loop,next_5_8,heldout_worker,physical+token_current,shift_1,w02_s004,2,3,62,0.49999999999999994
loop,next_5_8,heldout_worker,physical+token_current,shift_1,w03_s004,3,1,15,0.4666666666666667
loop,next_5_8,heldout_worker,physical+token_current,shift_1,w03_s005,3,1,15,0.4666666666666667
loop,next_5_8,heldout_worker,physical_action+token_current,shift_2,w00_s000,0,1,55,1.0
loop,next_5_8,heldout_worker,physical_action+token_current,shift_2,w00_s001,0,3,62,1.0
loop,next_5_8,heldout_worker,physical_action+token_current,shift_2,w00_s002,0,2,80,0.925
loop,next_5_8,heldout_worker,physical_action+token_current,shift_2,w00_s003,0,2,71,0.8591549295774648
loop,next_5_8,heldout_worker,physical_action+token_current,shift_2,w00_s004,0,1,63,0.8095238095238095
loop,next_5_8,heldout_worker,physical_action+token_current,shift_2,w00_s005,0,3,69,0.8695652173913043
loop,next_5_8,heldout_worker,physical_action+token_current,shift_2,w01_s000,1,3,69,0.7681159420289855
loop,next_5_8,heldout_worker,physical_action+token_current,shift_2,w01_s001,1,3,62,0.8709677419354839
loop,next_5_8,heldout_worker,physical_action+token_current,shift_2,w01_s002,1,2,61,0.8360655737704918
loop,next_5_8,heldout_worker,physical_action+token_current,shift_2,w01_s003,1,2,47,0.8085106382978723
loop,next_5_8,heldout_worker,physical_action+token_current,shift_2,w01_s004,1,2,62,0.8548387096774194
loop,next_5_8,heldout_worker,physical_action+token_current,shift_2,w02_s000,2,3,71,0.4788732394366197
loop,next_5_8,heldout_worker,physical_action+token_current,shift_2,w02_s001,2,3,77,0.7012987012987013
loop,next_5_8,heldout_worker,physical_action+token_current,shift_2,w02_s002,2,3,63,0.9523809523809523
loop,next_5_8,heldout_worker,physical_action+token_current,shift_2,w02_s003,2,3,86,0.8255813953488372
loop,next_5_8,heldout_worker,physical_action+token_current,shift_2,w02_s004,2,3,62,0.7580645161290323
loop,next_5_8,heldout_worker,physical_action+token_current,shift_2,w03_s004,3,1,15,0.8666666666666667
loop,next_5_8,heldout_worker,physical_action+token_current,shift_2,w03_s005,3,1,15,0.7333333333333333
loop,next_5_8,heldout_worker,physical+token_current,shift_2,w00_s000,0,1,55,0.9454545454545454
loop,next_5_8,heldout_worker,physical+token_current,shift_2,w00_s001,0,3,62,0.8709677419354839
loop,next_5_8,heldout_worker,physical+token_current,shift_2,w00_s002,0,2,80,0.925
loop,next_5_8,heldout_worker,physical+token_current,shift_2,w00_s003,0,2,71,0.9014084507042254
loop,next_5_8,heldout_worker,physical+token_current,shift_2,w00_s004,0,1,63,0.6825396825396826
loop,next_5_8,heldout_worker,physical+token_current,shift_2,w00_s005,0,3,69,0.7101449275362319
loop,next_5_8,heldout_worker,physical+token_current,shift_2,w01_s000,1,3,69,0.7681159420289855
loop,next_5_8,heldout_worker,physical+token_current,shift_2,w01_s001,1,3,62,0.6935483870967742
loop,next_5_8,heldout_worker,physical+token_current,shift_2,w01_s002,1,2,61,0.9016393442622952
loop,next_5_8,heldout_worker,physical+token_current,shift_2,w01_s003,1,2,47,0.7659574468085106
loop,next_5_8,heldout_worker,physical+token_current,shift_2,w01_s004,1,2,62,0.7580645161290323
loop,next_5_8,heldout_worker,physical+token_current,shift_2,w02_s000,2,3,71,0.36619718309859156
loop,next_5_8,heldout_worker,physical+token_current,shift_2,w02_s001,2,3,77,0.7922077922077922
loop,next_5_8,heldout_worker,physical+token_current,shift_2,w02_s002,2,3,63,0.8888888888888888
loop,next_5_8,heldout_worker,physical+token_current,shift_2,w02_s003,2,3,86,0.6511627906976745
loop,next_5_8,heldout_worker,physical+token_current,shift_2,w02_s004,2,3,62,0.5161290322580645
loop,next_5_8,heldout_worker,physical+token_current,shift_2,w03_s004,3,1,15,0.6
loop,next_5_8,heldout_worker,physical+token_current,shift_2,w03_s005,3,1,15,1.0
loop,next_5_8,heldout_worker,physical_action+token_current,shift_3,w00_s000,0,1,55,0.9818181818181818
loop,next_5_8,heldout_worker,physical_action+token_current,shift_3,w00_s001,0,3,62,1.0
loop,next_5_8,heldout_worker,physical_action+token_current,shift_3,w00_s002,0,2,80,0.9
loop,next_5_8,heldout_worker,physical_action+token_current,shift_3,w00_s003,0,2,71,0.9154929577464789
loop,next_5_8,heldout_worker,physical_action+token_current,shift_3,w00_s004,0,1,63,0.888888888888889
loop,next_5_8,heldout_worker,physical_action+token_current,shift_3,w00_s005,0,3,69,0.753623188405797
loop,next_5_8,heldout_worker,physical_action+token_current,shift_3,w01_s000,1,3,69,0.782608695652174
loop,next_5_8,heldout_worker,physical_action+token_current,shift_3,w01_s001,1,3,62,0.7741935483870968
loop,next_5_8,heldout_worker,physical_action+token_current,shift_3,w01_s002,1,2,61,0.8360655737704918
loop,next_5_8,heldout_worker,physical_action+token_current,shift_3,w01_s003,1,2,47,0.9574468085106383
loop,next_5_8,heldout_worker,physical_action+token_current,shift_3,w01_s004,1,2,62,0.8064516129032258
loop,next_5_8,heldout_worker,physical_action+token_current,shift_3,w02_s000,2,3,71,0.704225352112676
loop,next_5_8,heldout_worker,physical_action+token_current,shift_3,w02_s001,2,3,77,0.7012987012987013
loop,next_5_8,heldout_worker,physical_action+token_current,shift_3,w02_s002,2,3,63,0.8888888888888888
loop,next_5_8,heldout_worker,physical_action+token_current,shift_3,w02_s003,2,3,86,0.8488372093023255
loop,next_5_8,heldout_worker,physical_action+token_current,shift_3,w02_s004,2,3,62,0.7096774193548387
loop,next_5_8,heldout_worker,physical_action+token_current,shift_3,w03_s004,3,1,15,0.9333333333333333
loop,next_5_8,heldout_worker,physical_action+token_current,shift_3,w03_s005,3,1,15,1.0
loop,next_5_8,heldout_worker,physical+token_current,shift_3,w00_s000,0,1,55,1.0
loop,next_5_8,heldout_worker,physical+token_current,shift_3,w00_s001,0,3,62,0.6451612903225806
loop,next_5_8,heldout_worker,physical+token_current,shift_3,w00_s002,0,2,80,0.8125
loop,next_5_8,heldout_worker,physical+token_current,shift_3,w00_s003,0,2,71,1.0
loop,next_5_8,heldout_worker,physical+token_current,shift_3,w00_s004,0,1,63,0.8253968253968254
loop,next_5_8,heldout_worker,physical+token_current,shift_3,w00_s005,0,3,69,0.7826086956521738
loop,next_5_8,heldout_worker,physical+token_current,shift_3,w01_s000,1,3,69,0.8405797101449276
loop,next_5_8,heldout_worker,physical+token_current,shift_3,w01_s001,1,3,62,0.7258064516129032
loop,next_5_8,heldout_worker,physical+token_current,shift_3,w01_s002,1,2,61,0.9344262295081968
loop,next_5_8,heldout_worker,physical+token_current,shift_3,w01_s003,1,2,47,0.7872340425531915
loop,next_5_8,heldout_worker,physical+token_current,shift_3,w01_s004,1,2,62,0.8064516129032256
loop,next_5_8,heldout_worker,physical+token_current,shift_3,w02_s000,2,3,71,0.6056338028169014
loop,next_5_8,heldout_worker,physical+token_current,shift_3,w02_s001,2,3,77,0.6493506493506493
loop,next_5_8,heldout_worker,physical+token_current,shift_3,w02_s002,2,3,63,0.8412698412698413
loop,next_5_8,heldout_worker,physical+token_current,shift_3,w02_s003,2,3,86,0.6395348837209303
loop,next_5_8,heldout_worker,physical+token_current,shift_3,w02_s004,2,3,62,0.45161290322580644
loop,next_5_8,heldout_worker,physical+token_current,shift_3,w03_s004,3,1,15,0.7333333333333333
loop,next_5_8,heldout_worker,physical+token_current,shift_3,w03_s005,3,1,15,0.8666666666666667
loop,next_5_8,heldout_worker,moe_token_history,aligned,w00_s000,0,1,55,0.9090909090909091
loop,next_5_8,heldout_worker,moe_token_history,aligned,w00_s001,0,3,62,0.9032258064516129
loop,next_5_8,heldout_worker,moe_token_history,aligned,w00_s002,0,2,80,0.5875
loop,next_5_8,heldout_worker,moe_token_history,aligned,w00_s003,0,2,71,0.9014084507042254
loop,next_5_8,heldout_worker,moe_token_history,aligned,w00_s004,0,1,63,0.9682539682539681
loop,next_5_8,heldout_worker,moe_token_history,aligned,w00_s005,0,3,69,0.8695652173913043
loop,next_5_8,heldout_worker,moe_token_history,aligned,w01_s000,1,3,69,0.8985507246376812
loop,next_5_8,heldout_worker,moe_token_history,aligned,w01_s001,1,3,62,0.9193548387096774
loop,next_5_8,heldout_worker,moe_token_history,aligned,w01_s002,1,2,61,0.5901639344262295
loop,next_5_8,heldout_worker,moe_token_history,aligned,w01_s003,1,2,47,0.8936170212765957
loop,next_5_8,heldout_worker,moe_token_history,aligned,w01_s004,1,2,62,0.7096774193548387
loop,next_5_8,heldout_worker,moe_token_history,aligned,w02_s000,2,3,71,0.6619718309859155
loop,next_5_8,heldout_worker,moe_token_history,aligned,w02_s001,2,3,77,0.922077922077922
loop,next_5_8,heldout_worker,moe_token_history,aligned,w02_s002,2,3,63,0.7777777777777778
loop,next_5_8,heldout_worker,moe_token_history,aligned,w02_s003,2,3,86,0.7558139534883721
loop,next_5_8,heldout_worker,moe_token_history,aligned,w02_s004,2,3,62,0.6129032258064516
loop,next_5_8,heldout_worker,moe_token_history,aligned,w03_s004,3,1,15,0.6
loop,next_5_8,heldout_worker,moe_token_history,aligned,w03_s005,3,1,15,0.9333333333333333
loop,next_5_8,heldout_worker,physical_action+token_history,aligned,w00_s000,0,1,55,1.0
loop,next_5_8,heldout_worker,physical_action+token_history,aligned,w00_s001,0,3,62,0.9838709677419355
loop,next_5_8,heldout_worker,physical_action+token_history,aligned,w00_s002,0,2,80,0.8125
loop,next_5_8,heldout_worker,physical_action+token_history,aligned,w00_s003,0,2,71,0.704225352112676
loop,next_5_8,heldout_worker,physical_action+token_history,aligned,w00_s004,0,1,63,0.9206349206349207
loop,next_5_8,heldout_worker,physical_action+token_history,aligned,w00_s005,0,3,69,0.8840579710144928
loop,next_5_8,heldout_worker,physical_action+token_history,aligned,w01_s000,1,3,69,0.8260869565217391
loop,next_5_8,heldout_worker,physical_action+token_history,aligned,w01_s001,1,3,62,0.9032258064516129
loop,next_5_8,heldout_worker,physical_action+token_history,aligned,w01_s002,1,2,61,0.7049180327868853
loop,next_5_8,heldout_worker,physical_action+token_history,aligned,w01_s003,1,2,47,0.8297872340425532
loop,next_5_8,heldout_worker,physical_action+token_history,aligned,w01_s004,1,2,62,0.7580645161290323
loop,next_5_8,heldout_worker,physical_action+token_history,aligned,w02_s000,2,3,71,0.6197183098591549
loop,next_5_8,heldout_worker,physical_action+token_history,aligned,w02_s001,2,3,77,0.935064935064935
loop,next_5_8,heldout_worker,physical_action+token_history,aligned,w02_s002,2,3,63,0.873015873015873
loop,next_5_8,heldout_worker,physical_action+token_history,aligned,w02_s003,2,3,86,0.8488372093023255
loop,next_5_8,heldout_worker,physical_action+token_history,aligned,w02_s004,2,3,62,0.8709677419354839
loop,next_5_8,heldout_worker,physical_action+token_history,aligned,w03_s004,3,1,15,0.7333333333333333
loop,next_5_8,heldout_worker,physical_action+token_history,aligned,w03_s005,3,1,15,0.8666666666666667
loop,next_5_8,heldout_worker,physical+token_history,aligned,w00_s000,0,1,55,0.9272727272727272
loop,next_5_8,heldout_worker,physical+token_history,aligned,w00_s001,0,3,62,0.8870967741935484
loop,next_5_8,heldout_worker,physical+token_history,aligned,w00_s002,0,2,80,0.775
loop,next_5_8,heldout_worker,physical+token_history,aligned,w00_s003,0,2,71,0.8591549295774648
loop,next_5_8,heldout_worker,physical+token_history,aligned,w00_s004,0,1,63,0.9523809523809523
loop,next_5_8,heldout_worker,physical+token_history,aligned,w00_s005,0,3,69,0.7971014492753622
loop,next_5_8,heldout_worker,physical+token_history,aligned,w01_s000,1,3,69,0.8405797101449275
loop,next_5_8,heldout_worker,physical+token_history,aligned,w01_s001,1,3,62,0.8709677419354839
loop,next_5_8,heldout_worker,physical+token_history,aligned,w01_s002,1,2,61,0.9508196721311475
loop,next_5_8,heldout_worker,physical+token_history,aligned,w01_s003,1,2,47,1.0
loop,next_5_8,heldout_worker,physical+token_history,aligned,w01_s004,1,2,62,0.8548387096774193
loop,next_5_8,heldout_worker,physical+token_history,aligned,w02_s000,2,3,71,0.6619718309859155
loop,next_5_8,heldout_worker,physical+token_history,aligned,w02_s001,2,3,77,0.9090909090909091
loop,next_5_8,heldout_worker,physical+token_history,aligned,w02_s002,2,3,63,0.873015873015873
loop,next_5_8,heldout_worker,physical+token_history,aligned,w02_s003,2,3,86,0.7093023255813954
loop,next_5_8,heldout_worker,physical+token_history,aligned,w02_s004,2,3,62,0.6290322580645161
loop,next_5_8,heldout_worker,physical+token_history,aligned,w03_s004,3,1,15,0.4666666666666667
loop,next_5_8,heldout_worker,physical+token_history,aligned,w03_s005,3,1,15,0.9333333333333333
loop,next_5_8,heldout_worker,physical_action+token_history,shift_1,w00_s000,0,1,55,0.9272727272727272
loop,next_5_8,heldout_worker,physical_action+token_history,shift_1,w00_s001,0,3,62,0.9354838709677419
loop,next_5_8,heldout_worker,physical_action+token_history,shift_1,w00_s002,0,2,80,0.8875
loop,next_5_8,heldout_worker,physical_action+token_history,shift_1,w00_s003,0,2,71,0.7887323943661971
loop,next_5_8,heldout_worker,physical_action+token_history,shift_1,w00_s004,0,1,63,0.7142857142857143
loop,next_5_8,heldout_worker,physical_action+token_history,shift_1,w00_s005,0,3,69,0.782608695652174
loop,next_5_8,heldout_worker,physical_action+token_history,shift_1,w01_s000,1,3,69,0.7246376811594203
loop,next_5_8,heldout_worker,physical_action+token_history,shift_1,w01_s001,1,3,62,0.9193548387096774
loop,next_5_8,heldout_worker,physical_action+token_history,shift_1,w01_s002,1,2,61,0.8688524590163934
loop,next_5_8,heldout_worker,physical_action+token_history,shift_1,w01_s003,1,2,47,0.9361702127659575
loop,next_5_8,heldout_worker,physical_action+token_history,shift_1,w01_s004,1,2,62,0.7096774193548389
loop,next_5_8,heldout_worker,physical_action+token_history,shift_1,w02_s000,2,3,71,0.7605633802816901
loop,next_5_8,heldout_worker,physical_action+token_history,shift_1,w02_s001,2,3,77,0.7532467532467533
loop,next_5_8,heldout_worker,physical_action+token_history,shift_1,w02_s002,2,3,63,0.9365079365079365
loop,next_5_8,heldout_worker,physical_action+token_history,shift_1,w02_s003,2,3,86,0.8604651162790697
loop,next_5_8,heldout_worker,physical_action+token_history,shift_1,w02_s004,2,3,62,0.7741935483870968
loop,next_5_8,heldout_worker,physical_action+token_history,shift_1,w03_s004,3,1,15,0.7333333333333333
loop,next_5_8,heldout_worker,physical_action+token_history,shift_1,w03_s005,3,1,15,0.7333333333333333
loop,next_5_8,heldout_worker,physical+token_history,shift_1,w00_s000,0,1,55,0.7818181818181819
loop,next_5_8,heldout_worker,physical+token_history,shift_1,w00_s001,0,3,62,0.7096774193548387
loop,next_5_8,heldout_worker,physical+token_history,shift_1,w00_s002,0,2,80,0.775
loop,next_5_8,heldout_worker,physical+token_history,shift_1,w00_s003,0,2,71,0.676056338028169
loop,next_5_8,heldout_worker,physical+token_history,shift_1,w00_s004,0,1,63,0.6825396825396826
loop,next_5_8,heldout_worker,physical+token_history,shift_1,w00_s005,0,3,69,0.5942028985507246
loop,next_5_8,heldout_worker,physical+token_history,shift_1,w01_s000,1,3,69,0.6811594202898551
loop,next_5_8,heldout_worker,physical+token_history,shift_1,w01_s001,1,3,62,0.5645161290322581
loop,next_5_8,heldout_worker,physical+token_history,shift_1,w01_s002,1,2,61,0.6721311475409836
loop,next_5_8,heldout_worker,physical+token_history,shift_1,w01_s003,1,2,47,0.5957446808510638
loop,next_5_8,heldout_worker,physical+token_history,shift_1,w01_s004,1,2,62,0.43548387096774194
loop,next_5_8,heldout_worker,physical+token_history,shift_1,w02_s000,2,3,71,0.704225352112676
loop,next_5_8,heldout_worker,physical+token_history,shift_1,w02_s001,2,3,77,0.7272727272727273
loop,next_5_8,heldout_worker,physical+token_history,shift_1,w02_s002,2,3,63,0.8888888888888888
loop,next_5_8,heldout_worker,physical+token_history,shift_1,w02_s003,2,3,86,0.5697674418604651
loop,next_5_8,heldout_worker,physical+token_history,shift_1,w02_s004,2,3,62,0.6451612903225806
loop,next_5_8,heldout_worker,physical+token_history,shift_1,w03_s004,3,1,15,0.4666666666666667
loop,next_5_8,heldout_worker,physical+token_history,shift_1,w03_s005,3,1,15,0.33333333333333337
loop,next_5_8,heldout_worker,physical_action+token_history,shift_2,w00_s000,0,1,55,0.9818181818181818
loop,next_5_8,heldout_worker,physical_action+token_history,shift_2,w00_s001,0,3,62,0.9516129032258065
loop,next_5_8,heldout_worker,physical_action+token_history,shift_2,w00_s002,0,2,80,0.95
loop,next_5_8,heldout_worker,physical_action+token_history,shift_2,w00_s003,0,2,71,0.8169014084507042
loop,next_5_8,heldout_worker,physical_action+token_history,shift_2,w00_s004,0,1,63,0.6190476190476191
loop,next_5_8,heldout_worker,physical_action+token_history,shift_2,w00_s005,0,3,69,0.927536231884058
loop,next_5_8,heldout_worker,physical_action+token_history,shift_2,w01_s000,1,3,69,0.8115942028985508
loop,next_5_8,heldout_worker,physical_action+token_history,shift_2,w01_s001,1,3,62,0.8548387096774194
loop,next_5_8,heldout_worker,physical_action+token_history,shift_2,w01_s002,1,2,61,0.8688524590163935
loop,next_5_8,heldout_worker,physical_action+token_history,shift_2,w01_s003,1,2,47,0.851063829787234
loop,next_5_8,heldout_worker,physical_action+token_history,shift_2,w01_s004,1,2,62,0.8709677419354839
loop,next_5_8,heldout_worker,physical_action+token_history,shift_2,w02_s000,2,3,71,0.4788732394366197
loop,next_5_8,heldout_worker,physical_action+token_history,shift_2,w02_s001,2,3,77,0.7922077922077922
loop,next_5_8,heldout_worker,physical_action+token_history,shift_2,w02_s002,2,3,63,0.9365079365079365
loop,next_5_8,heldout_worker,physical_action+token_history,shift_2,w02_s003,2,3,86,0.7674418604651163
loop,next_5_8,heldout_worker,physical_action+token_history,shift_2,w02_s004,2,3,62,0.7580645161290323
loop,next_5_8,heldout_worker,physical_action+token_history,shift_2,w03_s004,3,1,15,0.7333333333333333
loop,next_5_8,heldout_worker,physical_action+token_history,shift_2,w03_s005,3,1,15,0.6666666666666667
loop,next_5_8,heldout_worker,physical+token_history,shift_2,w00_s000,0,1,55,0.8545454545454545
loop,next_5_8,heldout_worker,physical+token_history,shift_2,w00_s001,0,3,62,0.8064516129032258
loop,next_5_8,heldout_worker,physical+token_history,shift_2,w00_s002,0,2,80,0.9
loop,next_5_8,heldout_worker,physical+token_history,shift_2,w00_s003,0,2,71,0.704225352112676
loop,next_5_8,heldout_worker,physical+token_history,shift_2,w00_s004,0,1,63,0.4444444444444444
loop,next_5_8,heldout_worker,physical+token_history,shift_2,w00_s005,0,3,69,0.6666666666666666
loop,next_5_8,heldout_worker,physical+token_history,shift_2,w01_s000,1,3,69,0.6231884057971014
loop,next_5_8,heldout_worker,physical+token_history,shift_2,w01_s001,1,3,62,0.45161290322580644
loop,next_5_8,heldout_worker,physical+token_history,shift_2,w01_s002,1,2,61,0.7377049180327869
loop,next_5_8,heldout_worker,physical+token_history,shift_2,w01_s003,1,2,47,0.44680851063829785
loop,next_5_8,heldout_worker,physical+token_history,shift_2,w01_s004,1,2,62,0.5483870967741935
loop,next_5_8,heldout_worker,physical+token_history,shift_2,w02_s000,2,3,71,0.33802816901408445
loop,next_5_8,heldout_worker,physical+token_history,shift_2,w02_s001,2,3,77,0.7662337662337663
loop,next_5_8,heldout_worker,physical+token_history,shift_2,w02_s002,2,3,63,0.6984126984126984
loop,next_5_8,heldout_worker,physical+token_history,shift_2,w02_s003,2,3,86,0.5930232558139535
loop,next_5_8,heldout_worker,physical+token_history,shift_2,w02_s004,2,3,62,0.6612903225806451
loop,next_5_8,heldout_worker,physical+token_history,shift_2,w03_s004,3,1,15,0.7333333333333333
loop,next_5_8,heldout_worker,physical+token_history,shift_2,w03_s005,3,1,15,1.0
loop,next_5_8,heldout_worker,physical_action+token_history,shift_3,w00_s000,0,1,55,0.9272727272727272
loop,next_5_8,heldout_worker,physical_action+token_history,shift_3,w00_s001,0,3,62,0.967741935483871
loop,next_5_8,heldout_worker,physical_action+token_history,shift_3,w00_s002,0,2,80,0.925
loop,next_5_8,heldout_worker,physical_action+token_history,shift_3,w00_s003,0,2,71,0.7605633802816901
loop,next_5_8,heldout_worker,physical_action+token_history,shift_3,w00_s004,0,1,63,0.8253968253968255
loop,next_5_8,heldout_worker,physical_action+token_history,shift_3,w00_s005,0,3,69,0.7536231884057971
loop,next_5_8,heldout_worker,physical_action+token_history,shift_3,w01_s000,1,3,69,0.7681159420289855
loop,next_5_8,heldout_worker,physical_action+token_history,shift_3,w01_s001,1,3,62,0.7258064516129032
loop,next_5_8,heldout_worker,physical_action+token_history,shift_3,w01_s002,1,2,61,0.9508196721311477
loop,next_5_8,heldout_worker,physical_action+token_history,shift_3,w01_s003,1,2,47,0.851063829787234
loop,next_5_8,heldout_worker,physical_action+token_history,shift_3,w01_s004,1,2,62,0.6774193548387096
loop,next_5_8,heldout_worker,physical_action+token_history,shift_3,w02_s000,2,3,71,0.704225352112676
loop,next_5_8,heldout_worker,physical_action+token_history,shift_3,w02_s001,2,3,77,0.6753246753246753
loop,next_5_8,heldout_worker,physical_action+token_history,shift_3,w02_s002,2,3,63,0.873015873015873
loop,next_5_8,heldout_worker,physical_action+token_history,shift_3,w02_s003,2,3,86,0.8255813953488372
loop,next_5_8,heldout_worker,physical_action+token_history,shift_3,w02_s004,2,3,62,0.6290322580645161
loop,next_5_8,heldout_worker,physical_action+token_history,shift_3,w03_s004,3,1,15,0.9333333333333333
loop,next_5_8,heldout_worker,physical_action+token_history,shift_3,w03_s005,3,1,15,0.9333333333333333
loop,next_5_8,heldout_worker,physical+token_history,shift_3,w00_s000,0,1,55,0.8909090909090909
loop,next_5_8,heldout_worker,physical+token_history,shift_3,w00_s001,0,3,62,0.5161290322580645
loop,next_5_8,heldout_worker,physical+token_history,shift_3,w00_s002,0,2,80,0.75
loop,next_5_8,heldout_worker,physical+token_history,shift_3,w00_s003,0,2,71,0.8028169014084507
loop,next_5_8,heldout_worker,physical+token_history,shift_3,w00_s004,0,1,63,0.746031746031746
loop,next_5_8,heldout_worker,physical+token_history,shift_3,w00_s005,0,3,69,0.8260869565217391
loop,next_5_8,heldout_worker,physical+token_history,shift_3,w01_s000,1,3,69,0.5797101449275363
loop,next_5_8,heldout_worker,physical+token_history,shift_3,w01_s001,1,3,62,0.7096774193548387
loop,next_5_8,heldout_worker,physical+token_history,shift_3,w01_s002,1,2,61,0.918032786885246
loop,next_5_8,heldout_worker,physical+token_history,shift_3,w01_s003,1,2,47,0.8723404255319149
loop,next_5_8,heldout_worker,physical+token_history,shift_3,w01_s004,1,2,62,0.6612903225806451
loop,next_5_8,heldout_worker,physical+token_history,shift_3,w02_s000,2,3,71,0.676056338028169
loop,next_5_8,heldout_worker,physical+token_history,shift_3,w02_s001,2,3,77,0.5844155844155844
loop,next_5_8,heldout_worker,physical+token_history,shift_3,w02_s002,2,3,63,0.6825396825396826
loop,next_5_8,heldout_worker,physical+token_history,shift_3,w02_s003,2,3,86,0.6976744186046512
loop,next_5_8,heldout_worker,physical+token_history,shift_3,w02_s004,2,3,62,0.3064516129032258
loop,next_5_8,heldout_worker,physical+token_history,shift_3,w03_s004,3,1,15,0.5333333333333333
loop,next_5_8,heldout_worker,physical+token_history,shift_3,w03_s005,3,1,15,0.9333333333333333
loop,next_9_12,heldout_snapshot,rate_only,aligned,w00_s000,0,1,55,0.5
loop,next_9_12,heldout_snapshot,rate_only,aligned,w00_s005,0,4,78,0.5
loop,next_9_12,heldout_snapshot,rate_only,aligned,w01_s003,1,2,47,0.5
loop,next_9_12,heldout_snapshot,rate_only,aligned,w02_s001,2,2,62,0.5
loop,next_9_12,heldout_snapshot,rate_only,aligned,w03_s004,3,2,29,0.5
loop,next_9_12,heldout_snapshot,rate_only,aligned,w00_s001,0,3,62,0.5
loop,next_9_12,heldout_snapshot,rate_only,aligned,w01_s004,1,2,62,0.5
loop,next_9_12,heldout_snapshot,rate_only,aligned,w02_s002,2,3,63,0.5
loop,next_9_12,heldout_snapshot,rate_only,aligned,w03_s005,3,2,29,0.5
loop,next_9_12,heldout_snapshot,rate_only,aligned,w00_s002,0,2,80,0.5
loop,next_9_12,heldout_snapshot,rate_only,aligned,w01_s000,1,2,54,0.5
loop,next_9_12,heldout_snapshot,rate_only,aligned,w02_s003,2,3,86,0.5
loop,next_9_12,heldout_snapshot,rate_only,aligned,w03_s001,3,1,15,0.5
loop,next_9_12,heldout_snapshot,rate_only,aligned,w00_s003,0,2,71,0.5
loop,next_9_12,heldout_snapshot,rate_only,aligned,w01_s001,1,3,62,0.5
loop,next_9_12,heldout_snapshot,rate_only,aligned,w02_s004,2,4,72,0.5
loop,next_9_12,heldout_snapshot,rate_only,aligned,w00_s004,0,1,63,0.5
loop,next_9_12,heldout_snapshot,rate_only,aligned,w01_s002,1,2,61,0.5
loop,next_9_12,heldout_snapshot,rate_only,aligned,w02_s000,2,2,43,0.5
loop,next_9_12,heldout_snapshot,rate_only,aligned,w03_s003,3,1,15,0.5
loop,next_9_12,heldout_snapshot,physical_action,aligned,w00_s000,0,1,55,0.8909090909090909
loop,next_9_12,heldout_snapshot,physical_action,aligned,w00_s005,0,4,78,0.717948717948718
loop,next_9_12,heldout_snapshot,physical_action,aligned,w01_s003,1,2,47,0.8297872340425532
loop,next_9_12,heldout_snapshot,physical_action,aligned,w02_s001,2,2,62,0.6129032258064515
loop,next_9_12,heldout_snapshot,physical_action,aligned,w03_s004,3,2,29,0.6896551724137931
loop,next_9_12,heldout_snapshot,physical_action,aligned,w00_s001,0,3,62,0.5645161290322581
loop,next_9_12,heldout_snapshot,physical_action,aligned,w01_s004,1,2,62,0.8548387096774194
loop,next_9_12,heldout_snapshot,physical_action,aligned,w02_s002,2,3,63,0.746031746031746
loop,next_9_12,heldout_snapshot,physical_action,aligned,w03_s005,3,2,29,0.6206896551724138
loop,next_9_12,heldout_snapshot,physical_action,aligned,w00_s002,0,2,80,0.925
loop,next_9_12,heldout_snapshot,physical_action,aligned,w01_s000,1,2,54,0.8148148148148148
loop,next_9_12,heldout_snapshot,physical_action,aligned,w02_s003,2,3,86,0.5116279069767442
loop,next_9_12,heldout_snapshot,physical_action,aligned,w03_s001,3,1,15,0.4
loop,next_9_12,heldout_snapshot,physical_action,aligned,w00_s003,0,2,71,0.5070422535211268
loop,next_9_12,heldout_snapshot,physical_action,aligned,w01_s001,1,3,62,0.7580645161290323
loop,next_9_12,heldout_snapshot,physical_action,aligned,w02_s004,2,4,72,0.6527777777777778
loop,next_9_12,heldout_snapshot,physical_action,aligned,w00_s004,0,1,63,0.7142857142857143
loop,next_9_12,heldout_snapshot,physical_action,aligned,w01_s002,1,2,61,1.0
loop,next_9_12,heldout_snapshot,physical_action,aligned,w02_s000,2,2,43,0.8372093023255814
loop,next_9_12,heldout_snapshot,physical_action,aligned,w03_s003,3,1,15,0.8666666666666667
loop,next_9_12,heldout_snapshot,physical,aligned,w00_s000,0,1,55,0.7454545454545454
loop,next_9_12,heldout_snapshot,physical,aligned,w00_s005,0,4,78,0.7564102564102565
loop,next_9_12,heldout_snapshot,physical,aligned,w01_s003,1,2,47,0.48936170212765956
loop,next_9_12,heldout_snapshot,physical,aligned,w02_s001,2,2,62,0.5806451612903226
loop,next_9_12,heldout_snapshot,physical,aligned,w03_s004,3,2,29,0.5517241379310345
loop,next_9_12,heldout_snapshot,physical,aligned,w00_s001,0,3,62,0.3064516129032258
loop,next_9_12,heldout_snapshot,physical,aligned,w01_s004,1,2,62,0.6290322580645161
loop,next_9_12,heldout_snapshot,physical,aligned,w02_s002,2,3,63,0.6825396825396826
loop,next_9_12,heldout_snapshot,physical,aligned,w03_s005,3,2,29,0.9310344827586207
loop,next_9_12,heldout_snapshot,physical,aligned,w00_s002,0,2,80,0.7874999999999999
loop,next_9_12,heldout_snapshot,physical,aligned,w01_s000,1,2,54,0.7592592592592593
loop,next_9_12,heldout_snapshot,physical,aligned,w02_s003,2,3,86,0.7209302325581395
loop,next_9_12,heldout_snapshot,physical,aligned,w03_s001,3,1,15,1.0
loop,next_9_12,heldout_snapshot,physical,aligned,w00_s003,0,2,71,0.7605633802816901
loop,next_9_12,heldout_snapshot,physical,aligned,w01_s001,1,3,62,0.7580645161290323
loop,next_9_12,heldout_snapshot,physical,aligned,w02_s004,2,4,72,0.4722222222222222
loop,next_9_12,heldout_snapshot,physical,aligned,w00_s004,0,1,63,0.6666666666666667
loop,next_9_12,heldout_snapshot,physical,aligned,w01_s002,1,2,61,0.1311475409836066
loop,next_9_12,heldout_snapshot,physical,aligned,w02_s000,2,2,43,0.5581395348837209
loop,next_9_12,heldout_snapshot,physical,aligned,w03_s003,3,1,15,1.0
loop,next_9_12,heldout_snapshot,moe_aggregate_current,aligned,w00_s000,0,1,55,0.8181818181818182
loop,next_9_12,heldout_snapshot,moe_aggregate_current,aligned,w00_s005,0,4,78,0.5897435897435898
loop,next_9_12,heldout_snapshot,moe_aggregate_current,aligned,w01_s003,1,2,47,0.7446808510638298
loop,next_9_12,heldout_snapshot,moe_aggregate_current,aligned,w02_s001,2,2,62,0.6451612903225806
loop,next_9_12,heldout_snapshot,moe_aggregate_current,aligned,w03_s004,3,2,29,0.9310344827586207
loop,next_9_12,heldout_snapshot,moe_aggregate_current,aligned,w00_s001,0,3,62,0.6774193548387096
loop,next_9_12,heldout_snapshot,moe_aggregate_current,aligned,w01_s004,1,2,62,0.7096774193548387
loop,next_9_12,heldout_snapshot,moe_aggregate_current,aligned,w02_s002,2,3,63,0.6031746031746031
loop,next_9_12,heldout_snapshot,moe_aggregate_current,aligned,w03_s005,3,2,29,0.6206896551724138
loop,next_9_12,heldout_snapshot,moe_aggregate_current,aligned,w00_s002,0,2,80,0.5875
loop,next_9_12,heldout_snapshot,moe_aggregate_current,aligned,w01_s000,1,2,54,0.5925925925925926
loop,next_9_12,heldout_snapshot,moe_aggregate_current,aligned,w02_s003,2,3,86,0.5465116279069767
loop,next_9_12,heldout_snapshot,moe_aggregate_current,aligned,w03_s001,3,1,15,1.0
loop,next_9_12,heldout_snapshot,moe_aggregate_current,aligned,w00_s003,0,2,71,0.7464788732394366
loop,next_9_12,heldout_snapshot,moe_aggregate_current,aligned,w01_s001,1,3,62,0.7741935483870968
loop,next_9_12,heldout_snapshot,moe_aggregate_current,aligned,w02_s004,2,4,72,0.5416666666666666
loop,next_9_12,heldout_snapshot,moe_aggregate_current,aligned,w00_s004,0,1,63,0.41269841269841273
loop,next_9_12,heldout_snapshot,moe_aggregate_current,aligned,w01_s002,1,2,61,0.360655737704918
loop,next_9_12,heldout_snapshot,moe_aggregate_current,aligned,w02_s000,2,2,43,0.9069767441860465
loop,next_9_12,heldout_snapshot,moe_aggregate_current,aligned,w03_s003,3,1,15,0.5333333333333333
loop,next_9_12,heldout_snapshot,physical_action+aggregate_current,aligned,w00_s000,0,1,55,0.8545454545454545
loop,next_9_12,heldout_snapshot,physical_action+aggregate_current,aligned,w00_s005,0,4,78,0.7435897435897436
loop,next_9_12,heldout_snapshot,physical_action+aggregate_current,aligned,w01_s003,1,2,47,0.8723404255319149
loop,next_9_12,heldout_snapshot,physical_action+aggregate_current,aligned,w02_s001,2,2,62,0.6451612903225806
loop,next_9_12,heldout_snapshot,physical_action+aggregate_current,aligned,w03_s004,3,2,29,0.8275862068965517
loop,next_9_12,heldout_snapshot,physical_action+aggregate_current,aligned,w00_s001,0,3,62,0.6774193548387096
loop,next_9_12,heldout_snapshot,physical_action+aggregate_current,aligned,w01_s004,1,2,62,0.8064516129032258
loop,next_9_12,heldout_snapshot,physical_action+aggregate_current,aligned,w02_s002,2,3,63,0.8571428571428571
loop,next_9_12,heldout_snapshot,physical_action+aggregate_current,aligned,w03_s005,3,2,29,0.6896551724137931
loop,next_9_12,heldout_snapshot,physical_action+aggregate_current,aligned,w00_s002,0,2,80,0.725
loop,next_9_12,heldout_snapshot,physical_action+aggregate_current,aligned,w01_s000,1,2,54,0.7777777777777778
loop,next_9_12,heldout_snapshot,physical_action+aggregate_current,aligned,w02_s003,2,3,86,0.6627906976744186
loop,next_9_12,heldout_snapshot,physical_action+aggregate_current,aligned,w03_s001,3,1,15,0.9333333333333333
loop,next_9_12,heldout_snapshot,physical_action+aggregate_current,aligned,w00_s003,0,2,71,0.5915492957746479
loop,next_9_12,heldout_snapshot,physical_action+aggregate_current,aligned,w01_s001,1,3,62,0.9032258064516129
loop,next_9_12,heldout_snapshot,physical_action+aggregate_current,aligned,w02_s004,2,4,72,0.6805555555555556
loop,next_9_12,heldout_snapshot,physical_action+aggregate_current,aligned,w00_s004,0,1,63,0.5238095238095237
loop,next_9_12,heldout_snapshot,physical_action+aggregate_current,aligned,w01_s002,1,2,61,0.9344262295081969
loop,next_9_12,heldout_snapshot,physical_action+aggregate_current,aligned,w02_s000,2,2,43,1.0
loop,next_9_12,heldout_snapshot,physical_action+aggregate_current,aligned,w03_s003,3,1,15,0.9333333333333333
loop,next_9_12,heldout_snapshot,physical+aggregate_current,aligned,w00_s000,0,1,55,0.8545454545454545
loop,next_9_12,heldout_snapshot,physical+aggregate_current,aligned,w00_s005,0,4,78,0.7692307692307693
loop,next_9_12,heldout_snapshot,physical+aggregate_current,aligned,w01_s003,1,2,47,0.723404255319149
loop,next_9_12,heldout_snapshot,physical+aggregate_current,aligned,w02_s001,2,2,62,0.5483870967741935
loop,next_9_12,heldout_snapshot,physical+aggregate_current,aligned,w03_s004,3,2,29,0.7586206896551724
loop,next_9_12,heldout_snapshot,physical+aggregate_current,aligned,w00_s001,0,3,62,0.6935483870967742
loop,next_9_12,heldout_snapshot,physical+aggregate_current,aligned,w01_s004,1,2,62,0.661290322580645
loop,next_9_12,heldout_snapshot,physical+aggregate_current,aligned,w02_s002,2,3,63,0.6825396825396826
loop,next_9_12,heldout_snapshot,physical+aggregate_current,aligned,w03_s005,3,2,29,0.896551724137931
loop,next_9_12,heldout_snapshot,physical+aggregate_current,aligned,w00_s002,0,2,80,0.6875
loop,next_9_12,heldout_snapshot,physical+aggregate_current,aligned,w01_s000,1,2,54,0.6666666666666666
loop,next_9_12,heldout_snapshot,physical+aggregate_current,aligned,w02_s003,2,3,86,0.5930232558139535
loop,next_9_12,heldout_snapshot,physical+aggregate_current,aligned,w03_s001,3,1,15,1.0
loop,next_9_12,heldout_snapshot,physical+aggregate_current,aligned,w00_s003,0,2,71,0.8591549295774648
loop,next_9_12,heldout_snapshot,physical+aggregate_current,aligned,w01_s001,1,3,62,0.8709677419354839
loop,next_9_12,heldout_snapshot,physical+aggregate_current,aligned,w02_s004,2,4,72,0.5277777777777778
loop,next_9_12,heldout_snapshot,physical+aggregate_current,aligned,w00_s004,0,1,63,0.5555555555555556
loop,next_9_12,heldout_snapshot,physical+aggregate_current,aligned,w01_s002,1,2,61,0.3114754098360656
loop,next_9_12,heldout_snapshot,physical+aggregate_current,aligned,w02_s000,2,2,43,0.8604651162790697
loop,next_9_12,heldout_snapshot,physical+aggregate_current,aligned,w03_s003,3,1,15,0.9333333333333333
loop,next_9_12,heldout_snapshot,physical_action+aggregate_current,shift_1,w00_s000,0,1,55,0.9272727272727272
loop,next_9_12,heldout_snapshot,physical_action+aggregate_current,shift_1,w00_s005,0,4,78,0.6410256410256411
loop,next_9_12,heldout_snapshot,physical_action+aggregate_current,shift_1,w01_s003,1,2,47,0.7872340425531915
loop,next_9_12,heldout_snapshot,physical_action+aggregate_current,shift_1,w02_s001,2,2,62,0.5645161290322581
loop,next_9_12,heldout_snapshot,physical_action+aggregate_current,shift_1,w03_s004,3,2,29,0.6206896551724138
loop,next_9_12,heldout_snapshot,physical_action+aggregate_current,shift_1,w00_s001,0,3,62,0.5967741935483871
loop,next_9_12,heldout_snapshot,physical_action+aggregate_current,shift_1,w01_s004,1,2,62,0.2903225806451613
loop,next_9_12,heldout_snapshot,physical_action+aggregate_current,shift_1,w02_s002,2,3,63,0.7619047619047619
loop,next_9_12,heldout_snapshot,physical_action+aggregate_current,shift_1,w03_s005,3,2,29,0.6551724137931034
loop,next_9_12,heldout_snapshot,physical_action+aggregate_current,shift_1,w00_s002,0,2,80,0.6875
loop,next_9_12,heldout_snapshot,physical_action+aggregate_current,shift_1,w01_s000,1,2,54,0.5925925925925926
loop,next_9_12,heldout_snapshot,physical_action+aggregate_current,shift_1,w02_s003,2,3,86,0.36046511627906974
loop,next_9_12,heldout_snapshot,physical_action+aggregate_current,shift_1,w03_s001,3,1,15,0.4666666666666667
loop,next_9_12,heldout_snapshot,physical_action+aggregate_current,shift_1,w00_s003,0,2,71,0.7746478873239436
loop,next_9_12,heldout_snapshot,physical_action+aggregate_current,shift_1,w01_s001,1,3,62,0.7741935483870968
loop,next_9_12,heldout_snapshot,physical_action+aggregate_current,shift_1,w02_s004,2,4,72,0.5277777777777778
loop,next_9_12,heldout_snapshot,physical_action+aggregate_current,shift_1,w00_s004,0,1,63,0.7301587301587302
loop,next_9_12,heldout_snapshot,physical_action+aggregate_current,shift_1,w01_s002,1,2,61,0.8688524590163934
loop,next_9_12,heldout_snapshot,physical_action+aggregate_current,shift_1,w02_s000,2,2,43,0.813953488372093
loop,next_9_12,heldout_snapshot,physical_action+aggregate_current,shift_1,w03_s003,3,1,15,0.9333333333333333
loop,next_9_12,heldout_snapshot,physical+aggregate_current,shift_1,w00_s000,0,1,55,0.7454545454545455
loop,next_9_12,heldout_snapshot,physical+aggregate_current,shift_1,w00_s005,0,4,78,0.5897435897435898
loop,next_9_12,heldout_snapshot,physical+aggregate_current,shift_1,w01_s003,1,2,47,0.46808510638297873
loop,next_9_12,heldout_snapshot,physical+aggregate_current,shift_1,w02_s001,2,2,62,0.5
loop,next_9_12,heldout_snapshot,physical+aggregate_current,shift_1,w03_s004,3,2,29,0.41379310344827586
loop,next_9_12,heldout_snapshot,physical+aggregate_current,shift_1,w00_s001,0,3,62,0.6935483870967742
loop,next_9_12,heldout_snapshot,physical+aggregate_current,shift_1,w01_s004,1,2,62,0.06451612903225808
loop,next_9_12,heldout_snapshot,physical+aggregate_current,shift_1,w02_s002,2,3,63,0.6190476190476191
loop,next_9_12,heldout_snapshot,physical+aggregate_current,shift_1,w03_s005,3,2,29,0.896551724137931
loop,next_9_12,heldout_snapshot,physical+aggregate_current,shift_1,w00_s002,0,2,80,0.6875
loop,next_9_12,heldout_snapshot,physical+aggregate_current,shift_1,w01_s000,1,2,54,0.48148148148148145
loop,next_9_12,heldout_snapshot,physical+aggregate_current,shift_1,w02_s003,2,3,86,0.47674418604651164
loop,next_9_12,heldout_snapshot,physical+aggregate_current,shift_1,w03_s001,3,1,15,0.9333333333333333
loop,next_9_12,heldout_snapshot,physical+aggregate_current,shift_1,w00_s003,0,2,71,0.7887323943661971
loop,next_9_12,heldout_snapshot,physical+aggregate_current,shift_1,w01_s001,1,3,62,0.5645161290322581
loop,next_9_12,heldout_snapshot,physical+aggregate_current,shift_1,w02_s004,2,4,72,0.4861111111111111
loop,next_9_12,heldout_snapshot,physical+aggregate_current,shift_1,w00_s004,0,1,63,0.5873015873015873
loop,next_9_12,heldout_snapshot,physical+aggregate_current,shift_1,w01_s002,1,2,61,0.459016393442623
loop,next_9_12,heldout_snapshot,physical+aggregate_current,shift_1,w02_s000,2,2,43,0.5813953488372093
loop,next_9_12,heldout_snapshot,physical+aggregate_current,shift_1,w03_s003,3,1,15,1.0
loop,next_9_12,heldout_snapshot,physical_action+aggregate_current,shift_2,w00_s000,0,1,55,0.8363636363636363
loop,next_9_12,heldout_snapshot,physical_action+aggregate_current,shift_2,w00_s005,0,4,78,0.717948717948718
loop,next_9_12,heldout_snapshot,physical_action+aggregate_current,shift_2,w01_s003,1,2,47,0.8297872340425532
loop,next_9_12,heldout_snapshot,physical_action+aggregate_current,shift_2,w02_s001,2,2,62,0.5806451612903226
loop,next_9_12,heldout_snapshot,physical_action+aggregate_current,shift_2,w03_s004,3,2,29,0.6896551724137931
loop,next_9_12,heldout_snapshot,physical_action+aggregate_current,shift_2,w00_s001,0,3,62,0.5806451612903226
loop,next_9_12,heldout_snapshot,physical_action+aggregate_current,shift_2,w01_s004,1,2,62,0.8709677419354839
loop,next_9_12,heldout_snapshot,physical_action+aggregate_current,shift_2,w02_s002,2,3,63,0.7936507936507936
loop,next_9_12,heldout_snapshot,physical_action+aggregate_current,shift_2,w03_s005,3,2,29,0.5862068965517241
loop,next_9_12,heldout_snapshot,physical_action+aggregate_current,shift_2,w00_s002,0,2,80,0.7125
loop,next_9_12,heldout_snapshot,physical_action+aggregate_current,shift_2,w01_s000,1,2,54,0.42592592592592593
loop,next_9_12,heldout_snapshot,physical_action+aggregate_current,shift_2,w02_s003,2,3,86,0.4418604651162791
loop,next_9_12,heldout_snapshot,physical_action+aggregate_current,shift_2,w03_s001,3,1,15,0.5333333333333333
loop,next_9_12,heldout_snapshot,physical_action+aggregate_current,shift_2,w00_s003,0,2,71,0.647887323943662
loop,next_9_12,heldout_snapshot,physical_action+aggregate_current,shift_2,w01_s001,1,3,62,0.7580645161290323
loop,next_9_12,heldout_snapshot,physical_action+aggregate_current,shift_2,w02_s004,2,4,72,0.5555555555555556
loop,next_9_12,heldout_snapshot,physical_action+aggregate_current,shift_2,w00_s004,0,1,63,0.6031746031746031
loop,next_9_12,heldout_snapshot,physical_action+aggregate_current,shift_2,w01_s002,1,2,61,1.0
loop,next_9_12,heldout_snapshot,physical_action+aggregate_current,shift_2,w02_s000,2,2,43,0.8372093023255814
loop,next_9_12,heldout_snapshot,physical_action+aggregate_current,shift_2,w03_s003,3,1,15,1.0
loop,next_9_12,heldout_snapshot,physical+aggregate_current,shift_2,w00_s000,0,1,55,0.6545454545454545
loop,next_9_12,heldout_snapshot,physical+aggregate_current,shift_2,w00_s005,0,4,78,0.717948717948718
loop,next_9_12,heldout_snapshot,physical+aggregate_current,shift_2,w01_s003,1,2,47,0.5957446808510638
loop,next_9_12,heldout_snapshot,physical+aggregate_current,shift_2,w02_s001,2,2,62,0.6129032258064516
loop,next_9_12,heldout_snapshot,physical+aggregate_current,shift_2,w03_s004,3,2,29,0.5862068965517241
loop,next_9_12,heldout_snapshot,physical+aggregate_current,shift_2,w00_s001,0,3,62,0.5161290322580645
loop,next_9_12,heldout_snapshot,physical+aggregate_current,shift_2,w01_s004,1,2,62,0.8225806451612904
loop,next_9_12,heldout_snapshot,physical+aggregate_current,shift_2,w02_s002,2,3,63,0.6507936507936508
loop,next_9_12,heldout_snapshot,physical+aggregate_current,shift_2,w03_s005,3,2,29,0.7241379310344828
loop,next_9_12,heldout_snapshot,physical+aggregate_current,shift_2,w00_s002,0,2,80,0.4125
loop,next_9_12,heldout_snapshot,physical+aggregate_current,shift_2,w01_s000,1,2,54,0.2037037037037037
loop,next_9_12,heldout_snapshot,physical+aggregate_current,shift_2,w02_s003,2,3,86,0.7790697674418605
loop,next_9_12,heldout_snapshot,physical+aggregate_current,shift_2,w03_s001,3,1,15,0.7333333333333333
loop,next_9_12,heldout_snapshot,physical+aggregate_current,shift_2,w00_s003,0,2,71,0.7183098591549296
loop,next_9_12,heldout_snapshot,physical+aggregate_current,shift_2,w01_s001,1,3,62,0.46774193548387094
loop,next_9_12,heldout_snapshot,physical+aggregate_current,shift_2,w02_s004,2,4,72,0.5277777777777778
loop,next_9_12,heldout_snapshot,physical+aggregate_current,shift_2,w00_s004,0,1,63,0.5714285714285714
loop,next_9_12,heldout_snapshot,physical+aggregate_current,shift_2,w01_s002,1,2,61,0.8524590163934426
loop,next_9_12,heldout_snapshot,physical+aggregate_current,shift_2,w02_s000,2,2,43,0.6511627906976745
loop,next_9_12,heldout_snapshot,physical+aggregate_current,shift_2,w03_s003,3,1,15,1.0
loop,next_9_12,heldout_snapshot,physical_action+aggregate_current,shift_3,w00_s000,0,1,55,0.6909090909090909
loop,next_9_12,heldout_snapshot,physical_action+aggregate_current,shift_3,w00_s005,0,4,78,0.7435897435897437
loop,next_9_12,heldout_snapshot,physical_action+aggregate_current,shift_3,w01_s003,1,2,47,0.5106382978723404
loop,next_9_12,heldout_snapshot,physical_action+aggregate_current,shift_3,w02_s001,2,2,62,0.5645161290322581
loop,next_9_12,heldout_snapshot,physical_action+aggregate_current,shift_3,w03_s004,3,2,29,0.7241379310344828
loop,next_9_12,heldout_snapshot,physical_action+aggregate_current,shift_3,w00_s001,0,3,62,0.4032258064516129
loop,next_9_12,heldout_snapshot,physical_action+aggregate_current,shift_3,w01_s004,1,2,62,0.532258064516129
loop,next_9_12,heldout_snapshot,physical_action+aggregate_current,shift_3,w02_s002,2,3,63,0.6984126984126984
loop,next_9_12,heldout_snapshot,physical_action+aggregate_current,shift_3,w03_s005,3,2,29,0.5172413793103449
loop,next_9_12,heldout_snapshot,physical_action+aggregate_current,shift_3,w00_s002,0,2,80,0.775
loop,next_9_12,heldout_snapshot,physical_action+aggregate_current,shift_3,w01_s000,1,2,54,0.3888888888888889
loop,next_9_12,heldout_snapshot,physical_action+aggregate_current,shift_3,w02_s003,2,3,86,0.4069767441860465
loop,next_9_12,heldout_snapshot,physical_action+aggregate_current,shift_3,w03_s001,3,1,15,0.4666666666666667
loop,next_9_12,heldout_snapshot,physical_action+aggregate_current,shift_3,w00_s003,0,2,71,0.4647887323943662
loop,next_9_12,heldout_snapshot,physical_action+aggregate_current,shift_3,w01_s001,1,3,62,0.7741935483870968
loop,next_9_12,heldout_snapshot,physical_action+aggregate_current,shift_3,w02_s004,2,4,72,0.6805555555555556
loop,next_9_12,heldout_snapshot,physical_action+aggregate_current,shift_3,w00_s004,0,1,63,0.6031746031746033
loop,next_9_12,heldout_snapshot,physical_action+aggregate_current,shift_3,w01_s002,1,2,61,0.819672131147541
loop,next_9_12,heldout_snapshot,physical_action+aggregate_current,shift_3,w02_s000,2,2,43,0.7674418604651163
loop,next_9_12,heldout_snapshot,physical_action+aggregate_current,shift_3,w03_s003,3,1,15,0.9333333333333333
loop,next_9_12,heldout_snapshot,physical+aggregate_current,shift_3,w00_s000,0,1,55,0.41818181818181815
loop,next_9_12,heldout_snapshot,physical+aggregate_current,shift_3,w00_s005,0,4,78,0.6538461538461539
loop,next_9_12,heldout_snapshot,physical+aggregate_current,shift_3,w01_s003,1,2,47,0.40425531914893614
loop,next_9_12,heldout_snapshot,physical+aggregate_current,shift_3,w02_s001,2,2,62,0.49999999999999994
loop,next_9_12,heldout_snapshot,physical+aggregate_current,shift_3,w03_s004,3,2,29,0.6206896551724138
loop,next_9_12,heldout_snapshot,physical+aggregate_current,shift_3,w00_s001,0,3,62,0.25806451612903225
loop,next_9_12,heldout_snapshot,physical+aggregate_current,shift_3,w01_s004,1,2,62,0.2903225806451613
loop,next_9_12,heldout_snapshot,physical+aggregate_current,shift_3,w02_s002,2,3,63,0.5873015873015873
loop,next_9_12,heldout_snapshot,physical+aggregate_current,shift_3,w03_s005,3,2,29,0.7586206896551724
loop,next_9_12,heldout_snapshot,physical+aggregate_current,shift_3,w00_s002,0,2,80,0.7125
loop,next_9_12,heldout_snapshot,physical+aggregate_current,shift_3,w01_s000,1,2,54,0.462962962962963
loop,next_9_12,heldout_snapshot,physical+aggregate_current,shift_3,w02_s003,2,3,86,0.38372093023255816
loop,next_9_12,heldout_snapshot,physical+aggregate_current,shift_3,w03_s001,3,1,15,0.8666666666666667
loop,next_9_12,heldout_snapshot,physical+aggregate_current,shift_3,w00_s003,0,2,71,0.5352112676056338
loop,next_9_12,heldout_snapshot,physical+aggregate_current,shift_3,w01_s001,1,3,62,0.7741935483870968
loop,next_9_12,heldout_snapshot,physical+aggregate_current,shift_3,w02_s004,2,4,72,0.5972222222222222
loop,next_9_12,heldout_snapshot,physical+aggregate_current,shift_3,w00_s004,0,1,63,0.5079365079365079
loop,next_9_12,heldout_snapshot,physical+aggregate_current,shift_3,w01_s002,1,2,61,0.22950819672131145
loop,next_9_12,heldout_snapshot,physical+aggregate_current,shift_3,w02_s000,2,2,43,0.6976744186046511
loop,next_9_12,heldout_snapshot,physical+aggregate_current,shift_3,w03_s003,3,1,15,0.8666666666666667
loop,next_9_12,heldout_snapshot,moe_token_current,aligned,w00_s000,0,1,55,0.8727272727272729
loop,next_9_12,heldout_snapshot,moe_token_current,aligned,w00_s005,0,4,78,0.5384615384615384
loop,next_9_12,heldout_snapshot,moe_token_current,aligned,w01_s003,1,2,47,0.425531914893617
loop,next_9_12,heldout_snapshot,moe_token_current,aligned,w02_s001,2,2,62,0.6290322580645161
loop,next_9_12,heldout_snapshot,moe_token_current,aligned,w03_s004,3,2,29,0.7241379310344828
loop,next_9_12,heldout_snapshot,moe_token_current,aligned,w00_s001,0,3,62,0.5645161290322581
loop,next_9_12,heldout_snapshot,moe_token_current,aligned,w01_s004,1,2,62,0.5967741935483871
loop,next_9_12,heldout_snapshot,moe_token_current,aligned,w02_s002,2,3,63,0.6190476190476191
loop,next_9_12,heldout_snapshot,moe_token_current,aligned,w03_s005,3,2,29,0.9655172413793104
loop,next_9_12,heldout_snapshot,moe_token_current,aligned,w00_s002,0,2,80,0.3875
loop,next_9_12,heldout_snapshot,moe_token_current,aligned,w01_s000,1,2,54,0.2777777777777778
loop,next_9_12,heldout_snapshot,moe_token_current,aligned,w02_s003,2,3,86,0.5232558139534884
loop,next_9_12,heldout_snapshot,moe_token_current,aligned,w03_s001,3,1,15,0.6666666666666667
loop,next_9_12,heldout_snapshot,moe_token_current,aligned,w00_s003,0,2,71,0.647887323943662
loop,next_9_12,heldout_snapshot,moe_token_current,aligned,w01_s001,1,3,62,0.6290322580645161
loop,next_9_12,heldout_snapshot,moe_token_current,aligned,w02_s004,2,4,72,0.4305555555555556
loop,next_9_12,heldout_snapshot,moe_token_current,aligned,w00_s004,0,1,63,0.4444444444444445
loop,next_9_12,heldout_snapshot,moe_token_current,aligned,w01_s002,1,2,61,0.5245901639344263
loop,next_9_12,heldout_snapshot,moe_token_current,aligned,w02_s000,2,2,43,0.8837209302325582
loop,next_9_12,heldout_snapshot,moe_token_current,aligned,w03_s003,3,1,15,0.6666666666666667
loop,next_9_12,heldout_snapshot,physical_action+token_current,aligned,w00_s000,0,1,55,0.8545454545454545
loop,next_9_12,heldout_snapshot,physical_action+token_current,aligned,w00_s005,0,4,78,0.7820512820512822
loop,next_9_12,heldout_snapshot,physical_action+token_current,aligned,w01_s003,1,2,47,0.6170212765957447
loop,next_9_12,heldout_snapshot,physical_action+token_current,aligned,w02_s001,2,2,62,0.6774193548387096
loop,next_9_12,heldout_snapshot,physical_action+token_current,aligned,w03_s004,3,2,29,0.7931034482758621
loop,next_9_12,heldout_snapshot,physical_action+token_current,aligned,w00_s001,0,3,62,0.5645161290322581
loop,next_9_12,heldout_snapshot,physical_action+token_current,aligned,w01_s004,1,2,62,0.7096774193548387
loop,next_9_12,heldout_snapshot,physical_action+token_current,aligned,w02_s002,2,3,63,0.9682539682539683
loop,next_9_12,heldout_snapshot,physical_action+token_current,aligned,w03_s005,3,2,29,0.6206896551724138
loop,next_9_12,heldout_snapshot,physical_action+token_current,aligned,w00_s002,0,2,80,0.8
loop,next_9_12,heldout_snapshot,physical_action+token_current,aligned,w01_s000,1,2,54,0.7222222222222222
loop,next_9_12,heldout_snapshot,physical_action+token_current,aligned,w02_s003,2,3,86,0.5581395348837209
loop,next_9_12,heldout_snapshot,physical_action+token_current,aligned,w03_s001,3,1,15,1.0
loop,next_9_12,heldout_snapshot,physical_action+token_current,aligned,w00_s003,0,2,71,0.5915492957746479
loop,next_9_12,heldout_snapshot,physical_action+token_current,aligned,w01_s001,1,3,62,0.7903225806451613
loop,next_9_12,heldout_snapshot,physical_action+token_current,aligned,w02_s004,2,4,72,0.7083333333333334
loop,next_9_12,heldout_snapshot,physical_action+token_current,aligned,w00_s004,0,1,63,0.5555555555555556
loop,next_9_12,heldout_snapshot,physical_action+token_current,aligned,w01_s002,1,2,61,0.9016393442622951
loop,next_9_12,heldout_snapshot,physical_action+token_current,aligned,w02_s000,2,2,43,0.8604651162790697
loop,next_9_12,heldout_snapshot,physical_action+token_current,aligned,w03_s003,3,1,15,0.8666666666666667
loop,next_9_12,heldout_snapshot,physical+token_current,aligned,w00_s000,0,1,55,0.9272727272727272
loop,next_9_12,heldout_snapshot,physical+token_current,aligned,w00_s005,0,4,78,0.7051282051282052
loop,next_9_12,heldout_snapshot,physical+token_current,aligned,w01_s003,1,2,47,0.5319148936170213
loop,next_9_12,heldout_snapshot,physical+token_current,aligned,w02_s001,2,2,62,0.5806451612903226
loop,next_9_12,heldout_snapshot,physical+token_current,aligned,w03_s004,3,2,29,0.6896551724137931
loop,next_9_12,heldout_snapshot,physical+token_current,aligned,w00_s001,0,3,62,0.6774193548387096
loop,next_9_12,heldout_snapshot,physical+token_current,aligned,w01_s004,1,2,62,0.7741935483870968
loop,next_9_12,heldout_snapshot,physical+token_current,aligned,w02_s002,2,3,63,0.7777777777777778
loop,next_9_12,heldout_snapshot,physical+token_current,aligned,w03_s005,3,2,29,0.9655172413793104
loop,next_9_12,heldout_snapshot,physical+token_current,aligned,w00_s002,0,2,80,0.7375
loop,next_9_12,heldout_snapshot,physical+token_current,aligned,w01_s000,1,2,54,0.3888888888888889
loop,next_9_12,heldout_snapshot,physical+token_current,aligned,w02_s003,2,3,86,0.6162790697674418
loop,next_9_12,heldout_snapshot,physical+token_current,aligned,w03_s001,3,1,15,1.0
loop,next_9_12,heldout_snapshot,physical+token_current,aligned,w00_s003,0,2,71,0.7183098591549296
loop,next_9_12,heldout_snapshot,physical+token_current,aligned,w01_s001,1,3,62,0.7258064516129032
loop,next_9_12,heldout_snapshot,physical+token_current,aligned,w02_s004,2,4,72,0.5
loop,next_9_12,heldout_snapshot,physical+token_current,aligned,w00_s004,0,1,63,0.5555555555555556
loop,next_9_12,heldout_snapshot,physical+token_current,aligned,w01_s002,1,2,61,0.5081967213114754
loop,next_9_12,heldout_snapshot,physical+token_current,aligned,w02_s000,2,2,43,0.8837209302325582
loop,next_9_12,heldout_snapshot,physical+token_current,aligned,w03_s003,3,1,15,1.0
loop,next_9_12,heldout_snapshot,physical_action+token_current,shift_1,w00_s000,0,1,55,0.9272727272727272
loop,next_9_12,heldout_snapshot,physical_action+token_current,shift_1,w00_s005,0,4,78,0.6282051282051282
loop,next_9_12,heldout_snapshot,physical_action+token_current,shift_1,w01_s003,1,2,47,0.8085106382978723
loop,next_9_12,heldout_snapshot,physical_action+token_current,shift_1,w02_s001,2,2,62,0.5967741935483871
loop,next_9_12,heldout_snapshot,physical_action+token_current,shift_1,w03_s004,3,2,29,0.7931034482758621
loop,next_9_12,heldout_snapshot,physical_action+token_current,shift_1,w00_s001,0,3,62,0.6612903225806451
loop,next_9_12,heldout_snapshot,physical_action+token_current,shift_1,w01_s004,1,2,62,0.43548387096774194
loop,next_9_12,heldout_snapshot,physical_action+token_current,shift_1,w02_s002,2,3,63,0.8412698412698413
loop,next_9_12,heldout_snapshot,physical_action+token_current,shift_1,w03_s005,3,2,29,0.6551724137931034
loop,next_9_12,heldout_snapshot,physical_action+token_current,shift_1,w00_s002,0,2,80,0.725
loop,next_9_12,heldout_snapshot,physical_action+token_current,shift_1,w01_s000,1,2,54,0.5555555555555556
loop,next_9_12,heldout_snapshot,physical_action+token_current,shift_1,w02_s003,2,3,86,0.46511627906976744
loop,next_9_12,heldout_snapshot,physical_action+token_current,shift_1,w03_s001,3,1,15,0.6666666666666667
loop,next_9_12,heldout_snapshot,physical_action+token_current,shift_1,w00_s003,0,2,71,0.5492957746478874
loop,next_9_12,heldout_snapshot,physical_action+token_current,shift_1,w01_s001,1,3,62,0.7580645161290323
loop,next_9_12,heldout_snapshot,physical_action+token_current,shift_1,w02_s004,2,4,72,0.5416666666666666
loop,next_9_12,heldout_snapshot,physical_action+token_current,shift_1,w00_s004,0,1,63,0.6507936507936508
loop,next_9_12,heldout_snapshot,physical_action+token_current,shift_1,w01_s002,1,2,61,0.9180327868852459
loop,next_9_12,heldout_snapshot,physical_action+token_current,shift_1,w02_s000,2,2,43,0.7674418604651163
loop,next_9_12,heldout_snapshot,physical_action+token_current,shift_1,w03_s003,3,1,15,1.0
loop,next_9_12,heldout_snapshot,physical+token_current,shift_1,w00_s000,0,1,55,0.8181818181818182
loop,next_9_12,heldout_snapshot,physical+token_current,shift_1,w00_s005,0,4,78,0.6282051282051282
loop,next_9_12,heldout_snapshot,physical+token_current,shift_1,w01_s003,1,2,47,0.4468085106382978
loop,next_9_12,heldout_snapshot,physical+token_current,shift_1,w02_s001,2,2,62,0.49999999999999994
loop,next_9_12,heldout_snapshot,physical+token_current,shift_1,w03_s004,3,2,29,0.8275862068965517
loop,next_9_12,heldout_snapshot,physical+token_current,shift_1,w00_s001,0,3,62,0.7419354838709677
loop,next_9_12,heldout_snapshot,physical+token_current,shift_1,w01_s004,1,2,62,0.20967741935483875
loop,next_9_12,heldout_snapshot,physical+token_current,shift_1,w02_s002,2,3,63,0.6984126984126984
loop,next_9_12,heldout_snapshot,physical+token_current,shift_1,w03_s005,3,2,29,0.8620689655172413
loop,next_9_12,heldout_snapshot,physical+token_current,shift_1,w00_s002,0,2,80,0.55
loop,next_9_12,heldout_snapshot,physical+token_current,shift_1,w01_s000,1,2,54,0.5925925925925926
loop,next_9_12,heldout_snapshot,physical+token_current,shift_1,w02_s003,2,3,86,0.6627906976744186
loop,next_9_12,heldout_snapshot,physical+token_current,shift_1,w03_s001,3,1,15,1.0
loop,next_9_12,heldout_snapshot,physical+token_current,shift_1,w00_s003,0,2,71,0.5633802816901409
loop,next_9_12,heldout_snapshot,physical+token_current,shift_1,w01_s001,1,3,62,0.5806451612903226
loop,next_9_12,heldout_snapshot,physical+token_current,shift_1,w02_s004,2,4,72,0.4722222222222222
loop,next_9_12,heldout_snapshot,physical+token_current,shift_1,w00_s004,0,1,63,0.49206349206349204
loop,next_9_12,heldout_snapshot,physical+token_current,shift_1,w01_s002,1,2,61,0.4426229508196722
loop,next_9_12,heldout_snapshot,physical+token_current,shift_1,w02_s000,2,2,43,0.5581395348837208
loop,next_9_12,heldout_snapshot,physical+token_current,shift_1,w03_s003,3,1,15,1.0
loop,next_9_12,heldout_snapshot,physical_action+token_current,shift_2,w00_s000,0,1,55,0.8909090909090909
loop,next_9_12,heldout_snapshot,physical_action+token_current,shift_2,w00_s005,0,4,78,0.7948717948717948
loop,next_9_12,heldout_snapshot,physical_action+token_current,shift_2,w01_s003,1,2,47,0.8085106382978723
loop,next_9_12,heldout_snapshot,physical_action+token_current,shift_2,w02_s001,2,2,62,0.6774193548387097
loop,next_9_12,heldout_snapshot,physical_action+token_current,shift_2,w03_s004,3,2,29,0.7241379310344828
loop,next_9_12,heldout_snapshot,physical_action+token_current,shift_2,w00_s001,0,3,62,0.7741935483870968
loop,next_9_12,heldout_snapshot,physical_action+token_current,shift_2,w01_s004,1,2,62,0.8709677419354839
loop,next_9_12,heldout_snapshot,physical_action+token_current,shift_2,w02_s002,2,3,63,0.8888888888888888
loop,next_9_12,heldout_snapshot,physical_action+token_current,shift_2,w03_s005,3,2,29,0.6206896551724138
loop,next_9_12,heldout_snapshot,physical_action+token_current,shift_2,w00_s002,0,2,80,0.5
loop,next_9_12,heldout_snapshot,physical_action+token_current,shift_2,w01_s000,1,2,54,0.3888888888888889
loop,next_9_12,heldout_snapshot,physical_action+token_current,shift_2,w02_s003,2,3,86,0.47674418604651164
loop,next_9_12,heldout_snapshot,physical_action+token_current,shift_2,w03_s001,3,1,15,0.5333333333333333
loop,next_9_12,heldout_snapshot,physical_action+token_current,shift_2,w00_s003,0,2,71,0.49295774647887325
loop,next_9_12,heldout_snapshot,physical_action+token_current,shift_2,w01_s001,1,3,62,0.7903225806451613
loop,next_9_12,heldout_snapshot,physical_action+token_current,shift_2,w02_s004,2,4,72,0.6111111111111112
loop,next_9_12,heldout_snapshot,physical_action+token_current,shift_2,w00_s004,0,1,63,0.6031746031746033
loop,next_9_12,heldout_snapshot,physical_action+token_current,shift_2,w01_s002,1,2,61,1.0
loop,next_9_12,heldout_snapshot,physical_action+token_current,shift_2,w02_s000,2,2,43,0.8604651162790697
loop,next_9_12,heldout_snapshot,physical_action+token_current,shift_2,w03_s003,3,1,15,1.0
loop,next_9_12,heldout_snapshot,physical+token_current,shift_2,w00_s000,0,1,55,0.6363636363636365
loop,next_9_12,heldout_snapshot,physical+token_current,shift_2,w00_s005,0,4,78,0.8333333333333334
loop,next_9_12,heldout_snapshot,physical+token_current,shift_2,w01_s003,1,2,47,0.723404255319149
loop,next_9_12,heldout_snapshot,physical+token_current,shift_2,w02_s001,2,2,62,0.6129032258064516
loop,next_9_12,heldout_snapshot,physical+token_current,shift_2,w03_s004,3,2,29,0.6206896551724138
loop,next_9_12,heldout_snapshot,physical+token_current,shift_2,w00_s001,0,3,62,0.7580645161290323
loop,next_9_12,heldout_snapshot,physical+token_current,shift_2,w01_s004,1,2,62,0.8225806451612904
loop,next_9_12,heldout_snapshot,physical+token_current,shift_2,w02_s002,2,3,63,0.6349206349206349
loop,next_9_12,heldout_snapshot,physical+token_current,shift_2,w03_s005,3,2,29,0.8275862068965517
loop,next_9_12,heldout_snapshot,physical+token_current,shift_2,w00_s002,0,2,80,0.25
loop,next_9_12,heldout_snapshot,physical+token_current,shift_2,w01_s000,1,2,54,0.5925925925925926
loop,next_9_12,heldout_snapshot,physical+token_current,shift_2,w02_s003,2,3,86,0.4883720930232558
loop,next_9_12,heldout_snapshot,physical+token_current,shift_2,w03_s001,3,1,15,1.0
loop,next_9_12,heldout_snapshot,physical+token_current,shift_2,w00_s003,0,2,71,0.5633802816901409
loop,next_9_12,heldout_snapshot,physical+token_current,shift_2,w01_s001,1,3,62,0.4032258064516129
loop,next_9_12,heldout_snapshot,physical+token_current,shift_2,w02_s004,2,4,72,0.4861111111111111
loop,next_9_12,heldout_snapshot,physical+token_current,shift_2,w00_s004,0,1,63,0.5079365079365079
loop,next_9_12,heldout_snapshot,physical+token_current,shift_2,w01_s002,1,2,61,0.6557377049180327
loop,next_9_12,heldout_snapshot,physical+token_current,shift_2,w02_s000,2,2,43,0.4883720930232558
loop,next_9_12,heldout_snapshot,physical+token_current,shift_2,w03_s003,3,1,15,1.0
loop,next_9_12,heldout_snapshot,physical_action+token_current,shift_3,w00_s000,0,1,55,0.6545454545454545
loop,next_9_12,heldout_snapshot,physical_action+token_current,shift_3,w00_s005,0,4,78,0.6794871794871795
loop,next_9_12,heldout_snapshot,physical_action+token_current,shift_3,w01_s003,1,2,47,0.5957446808510638
loop,next_9_12,heldout_snapshot,physical_action+token_current,shift_3,w02_s001,2,2,62,0.5645161290322581
loop,next_9_12,heldout_snapshot,physical_action+token_current,shift_3,w03_s004,3,2,29,0.7586206896551724
loop,next_9_12,heldout_snapshot,physical_action+token_current,shift_3,w00_s001,0,3,62,0.4838709677419355
loop,next_9_12,heldout_snapshot,physical_action+token_current,shift_3,w01_s004,1,2,62,0.5161290322580645
loop,next_9_12,heldout_snapshot,physical_action+token_current,shift_3,w02_s002,2,3,63,0.857142857142857
loop,next_9_12,heldout_snapshot,physical_action+token_current,shift_3,w03_s005,3,2,29,0.6206896551724138
loop,next_9_12,heldout_snapshot,physical_action+token_current,shift_3,w00_s002,0,2,80,0.825
loop,next_9_12,heldout_snapshot,physical_action+token_current,shift_3,w01_s000,1,2,54,0.6296296296296297
loop,next_9_12,heldout_snapshot,physical_action+token_current,shift_3,w02_s003,2,3,86,0.4069767441860465
loop,next_9_12,heldout_snapshot,physical_action+token_current,shift_3,w03_s001,3,1,15,0.4
loop,next_9_12,heldout_snapshot,physical_action+token_current,shift_3,w00_s003,0,2,71,0.4084507042253521
loop,next_9_12,heldout_snapshot,physical_action+token_current,shift_3,w01_s001,1,3,62,0.7741935483870968
loop,next_9_12,heldout_snapshot,physical_action+token_current,shift_3,w02_s004,2,4,72,0.7638888888888888
loop,next_9_12,heldout_snapshot,physical_action+token_current,shift_3,w00_s004,0,1,63,0.6507936507936509
loop,next_9_12,heldout_snapshot,physical_action+token_current,shift_3,w01_s002,1,2,61,0.7540983606557377
loop,next_9_12,heldout_snapshot,physical_action+token_current,shift_3,w02_s000,2,2,43,0.7906976744186046
loop,next_9_12,heldout_snapshot,physical_action+token_current,shift_3,w03_s003,3,1,15,0.9333333333333333
loop,next_9_12,heldout_snapshot,physical+token_current,shift_3,w00_s000,0,1,55,0.4
loop,next_9_12,heldout_snapshot,physical+token_current,shift_3,w00_s005,0,4,78,0.6794871794871795
loop,next_9_12,heldout_snapshot,physical+token_current,shift_3,w01_s003,1,2,47,0.40425531914893614
loop,next_9_12,heldout_snapshot,physical+token_current,shift_3,w02_s001,2,2,62,0.5483870967741935
loop,next_9_12,heldout_snapshot,physical+token_current,shift_3,w03_s004,3,2,29,0.5862068965517241
loop,next_9_12,heldout_snapshot,physical+token_current,shift_3,w00_s001,0,3,62,0.532258064516129
loop,next_9_12,heldout_snapshot,physical+token_current,shift_3,w01_s004,1,2,62,0.30645161290322587
loop,next_9_12,heldout_snapshot,physical+token_current,shift_3,w02_s002,2,3,63,0.7777777777777778
loop,next_9_12,heldout_snapshot,physical+token_current,shift_3,w03_s005,3,2,29,0.5517241379310345
loop,next_9_12,heldout_snapshot,physical+token_current,shift_3,w00_s002,0,2,80,0.7375
loop,next_9_12,heldout_snapshot,physical+token_current,shift_3,w01_s000,1,2,54,0.6851851851851852
loop,next_9_12,heldout_snapshot,physical+token_current,shift_3,w02_s003,2,3,86,0.5930232558139535
loop,next_9_12,heldout_snapshot,physical+token_current,shift_3,w03_s001,3,1,15,1.0
loop,next_9_12,heldout_snapshot,physical+token_current,shift_3,w00_s003,0,2,71,0.6197183098591549
loop,next_9_12,heldout_snapshot,physical+token_current,shift_3,w01_s001,1,3,62,0.46774193548387094
loop,next_9_12,heldout_snapshot,physical+token_current,shift_3,w02_s004,2,4,72,0.4861111111111111
loop,next_9_12,heldout_snapshot,physical+token_current,shift_3,w00_s004,0,1,63,0.5555555555555556
loop,next_9_12,heldout_snapshot,physical+token_current,shift_3,w01_s002,1,2,61,0.2622950819672131
loop,next_9_12,heldout_snapshot,physical+token_current,shift_3,w02_s000,2,2,43,0.6744186046511628
loop,next_9_12,heldout_snapshot,physical+token_current,shift_3,w03_s003,3,1,15,0.9333333333333333
loop,next_9_12,heldout_snapshot,moe_token_history,aligned,w00_s000,0,1,55,0.8909090909090909
loop,next_9_12,heldout_snapshot,moe_token_history,aligned,w00_s005,0,4,78,0.5
loop,next_9_12,heldout_snapshot,moe_token_history,aligned,w01_s003,1,2,47,0.3829787234042553
loop,next_9_12,heldout_snapshot,moe_token_history,aligned,w02_s001,2,2,62,0.6612903225806451
loop,next_9_12,heldout_snapshot,moe_token_history,aligned,w03_s004,3,2,29,0.5517241379310345
loop,next_9_12,heldout_snapshot,moe_token_history,aligned,w00_s001,0,3,62,0.7419354838709677
loop,next_9_12,heldout_snapshot,moe_token_history,aligned,w01_s004,1,2,62,0.6451612903225805
loop,next_9_12,heldout_snapshot,moe_token_history,aligned,w02_s002,2,3,63,0.6031746031746031
loop,next_9_12,heldout_snapshot,moe_token_history,aligned,w03_s005,3,2,29,0.9655172413793104
loop,next_9_12,heldout_snapshot,moe_token_history,aligned,w00_s002,0,2,80,0.625
loop,next_9_12,heldout_snapshot,moe_token_history,aligned,w01_s000,1,2,54,0.35185185185185186
loop,next_9_12,heldout_snapshot,moe_token_history,aligned,w02_s003,2,3,86,0.6046511627906976
loop,next_9_12,heldout_snapshot,moe_token_history,aligned,w03_s001,3,1,15,0.9333333333333333
loop,next_9_12,heldout_snapshot,moe_token_history,aligned,w00_s003,0,2,71,0.7746478873239436
loop,next_9_12,heldout_snapshot,moe_token_history,aligned,w01_s001,1,3,62,0.7258064516129032
loop,next_9_12,heldout_snapshot,moe_token_history,aligned,w02_s004,2,4,72,0.6944444444444444
loop,next_9_12,heldout_snapshot,moe_token_history,aligned,w00_s004,0,1,63,0.34920634920634924
loop,next_9_12,heldout_snapshot,moe_token_history,aligned,w01_s002,1,2,61,0.5737704918032787
loop,next_9_12,heldout_snapshot,moe_token_history,aligned,w02_s000,2,2,43,0.8604651162790697
loop,next_9_12,heldout_snapshot,moe_token_history,aligned,w03_s003,3,1,15,1.0
loop,next_9_12,heldout_snapshot,physical_action+token_history,aligned,w00_s000,0,1,55,0.8909090909090909
loop,next_9_12,heldout_snapshot,physical_action+token_history,aligned,w00_s005,0,4,78,0.7948717948717948
loop,next_9_12,heldout_snapshot,physical_action+token_history,aligned,w01_s003,1,2,47,0.5106382978723404
loop,next_9_12,heldout_snapshot,physical_action+token_history,aligned,w02_s001,2,2,62,0.6935483870967742
loop,next_9_12,heldout_snapshot,physical_action+token_history,aligned,w03_s004,3,2,29,0.6896551724137931
loop,next_9_12,heldout_snapshot,physical_action+token_history,aligned,w00_s001,0,3,62,0.8225806451612904
loop,next_9_12,heldout_snapshot,physical_action+token_history,aligned,w01_s004,1,2,62,0.8548387096774194
loop,next_9_12,heldout_snapshot,physical_action+token_history,aligned,w02_s002,2,3,63,0.9523809523809523
loop,next_9_12,heldout_snapshot,physical_action+token_history,aligned,w03_s005,3,2,29,0.7241379310344828
loop,next_9_12,heldout_snapshot,physical_action+token_history,aligned,w00_s002,0,2,80,0.725
loop,next_9_12,heldout_snapshot,physical_action+token_history,aligned,w01_s000,1,2,54,0.6481481481481481
loop,next_9_12,heldout_snapshot,physical_action+token_history,aligned,w02_s003,2,3,86,0.5465116279069767
loop,next_9_12,heldout_snapshot,physical_action+token_history,aligned,w03_s001,3,1,15,1.0
loop,next_9_12,heldout_snapshot,physical_action+token_history,aligned,w00_s003,0,2,71,0.7183098591549296
loop,next_9_12,heldout_snapshot,physical_action+token_history,aligned,w01_s001,1,3,62,0.7903225806451613
loop,next_9_12,heldout_snapshot,physical_action+token_history,aligned,w02_s004,2,4,72,0.7083333333333334
loop,next_9_12,heldout_snapshot,physical_action+token_history,aligned,w00_s004,0,1,63,0.5396825396825398
loop,next_9_12,heldout_snapshot,physical_action+token_history,aligned,w01_s002,1,2,61,0.819672131147541
loop,next_9_12,heldout_snapshot,physical_action+token_history,aligned,w02_s000,2,2,43,0.9302325581395349
loop,next_9_12,heldout_snapshot,physical_action+token_history,aligned,w03_s003,3,1,15,1.0
loop,next_9_12,heldout_snapshot,physical+token_history,aligned,w00_s000,0,1,55,0.9272727272727272
loop,next_9_12,heldout_snapshot,physical+token_history,aligned,w00_s005,0,4,78,0.6923076923076923
loop,next_9_12,heldout_snapshot,physical+token_history,aligned,w01_s003,1,2,47,0.6170212765957446
loop,next_9_12,heldout_snapshot,physical+token_history,aligned,w02_s001,2,2,62,0.6612903225806451
loop,next_9_12,heldout_snapshot,physical+token_history,aligned,w03_s004,3,2,29,0.4827586206896552
loop,next_9_12,heldout_snapshot,physical+token_history,aligned,w00_s001,0,3,62,0.8709677419354839
loop,next_9_12,heldout_snapshot,physical+token_history,aligned,w01_s004,1,2,62,0.7580645161290323
loop,next_9_12,heldout_snapshot,physical+token_history,aligned,w02_s002,2,3,63,0.8095238095238095
loop,next_9_12,heldout_snapshot,physical+token_history,aligned,w03_s005,3,2,29,1.0
loop,next_9_12,heldout_snapshot,physical+token_history,aligned,w00_s002,0,2,80,0.7875
loop,next_9_12,heldout_snapshot,physical+token_history,aligned,w01_s000,1,2,54,0.5
loop,next_9_12,heldout_snapshot,physical+token_history,aligned,w02_s003,2,3,86,0.6046511627906976
loop,next_9_12,heldout_snapshot,physical+token_history,aligned,w03_s001,3,1,15,1.0
loop,next_9_12,heldout_snapshot,physical+token_history,aligned,w00_s003,0,2,71,0.7183098591549296
loop,next_9_12,heldout_snapshot,physical+token_history,aligned,w01_s001,1,3,62,0.8064516129032258
loop,next_9_12,heldout_snapshot,physical+token_history,aligned,w02_s004,2,4,72,0.5555555555555556
loop,next_9_12,heldout_snapshot,physical+token_history,aligned,w00_s004,0,1,63,0.5873015873015873
loop,next_9_12,heldout_snapshot,physical+token_history,aligned,w01_s002,1,2,61,0.8524590163934426
loop,next_9_12,heldout_snapshot,physical+token_history,aligned,w02_s000,2,2,43,0.813953488372093
loop,next_9_12,heldout_snapshot,physical+token_history,aligned,w03_s003,3,1,15,1.0
loop,next_9_12,heldout_snapshot,physical_action+token_history,shift_1,w00_s000,0,1,55,0.8727272727272727
loop,next_9_12,heldout_snapshot,physical_action+token_history,shift_1,w00_s005,0,4,78,0.6282051282051282
loop,next_9_12,heldout_snapshot,physical_action+token_history,shift_1,w01_s003,1,2,47,0.7446808510638298
loop,next_9_12,heldout_snapshot,physical_action+token_history,shift_1,w02_s001,2,2,62,0.6129032258064516
loop,next_9_12,heldout_snapshot,physical_action+token_history,shift_1,w03_s004,3,2,29,0.7931034482758621
loop,next_9_12,heldout_snapshot,physical_action+token_history,shift_1,w00_s001,0,3,62,0.4838709677419355
loop,next_9_12,heldout_snapshot,physical_action+token_history,shift_1,w01_s004,1,2,62,0.3548387096774194
loop,next_9_12,heldout_snapshot,physical_action+token_history,shift_1,w02_s002,2,3,63,0.7936507936507936
loop,next_9_12,heldout_snapshot,physical_action+token_history,shift_1,w03_s005,3,2,29,0.5862068965517241
loop,next_9_12,heldout_snapshot,physical_action+token_history,shift_1,w00_s002,0,2,80,0.3625
loop,next_9_12,heldout_snapshot,physical_action+token_history,shift_1,w01_s000,1,2,54,0.5555555555555556
loop,next_9_12,heldout_snapshot,physical_action+token_history,shift_1,w02_s003,2,3,86,0.5
loop,next_9_12,heldout_snapshot,physical_action+token_history,shift_1,w03_s001,3,1,15,0.33333333333333337
loop,next_9_12,heldout_snapshot,physical_action+token_history,shift_1,w00_s003,0,2,71,0.7746478873239436
loop,next_9_12,heldout_snapshot,physical_action+token_history,shift_1,w01_s001,1,3,62,0.7096774193548387
loop,next_9_12,heldout_snapshot,physical_action+token_history,shift_1,w02_s004,2,4,72,0.4305555555555556
loop,next_9_12,heldout_snapshot,physical_action+token_history,shift_1,w00_s004,0,1,63,0.4126984126984127
loop,next_9_12,heldout_snapshot,physical_action+token_history,shift_1,w01_s002,1,2,61,0.8688524590163934
loop,next_9_12,heldout_snapshot,physical_action+token_history,shift_1,w02_s000,2,2,43,0.813953488372093
loop,next_9_12,heldout_snapshot,physical_action+token_history,shift_1,w03_s003,3,1,15,0.8666666666666667
loop,next_9_12,heldout_snapshot,physical+token_history,shift_1,w00_s000,0,1,55,0.7636363636363636
loop,next_9_12,heldout_snapshot,physical+token_history,shift_1,w00_s005,0,4,78,0.6666666666666666
loop,next_9_12,heldout_snapshot,physical+token_history,shift_1,w01_s003,1,2,47,0.2978723404255319
loop,next_9_12,heldout_snapshot,physical+token_history,shift_1,w02_s001,2,2,62,0.5161290322580645
loop,next_9_12,heldout_snapshot,physical+token_history,shift_1,w03_s004,3,2,29,0.8275862068965517
loop,next_9_12,heldout_snapshot,physical+token_history,shift_1,w00_s001,0,3,62,0.5806451612903226
loop,next_9_12,heldout_snapshot,physical+token_history,shift_1,w01_s004,1,2,62,0.20967741935483872
loop,next_9_12,heldout_snapshot,physical+token_history,shift_1,w02_s002,2,3,63,0.6825396825396826
loop,next_9_12,heldout_snapshot,physical+token_history,shift_1,w03_s005,3,2,29,0.4482758620689655
loop,next_9_12,heldout_snapshot,physical+token_history,shift_1,w00_s002,0,2,80,0.35
loop,next_9_12,heldout_snapshot,physical+token_history,shift_1,w01_s000,1,2,54,0.6111111111111112
loop,next_9_12,heldout_snapshot,physical+token_history,shift_1,w02_s003,2,3,86,0.6395348837209303
loop,next_9_12,heldout_snapshot,physical+token_history,shift_1,w03_s001,3,1,15,0.9333333333333333
loop,next_9_12,heldout_snapshot,physical+token_history,shift_1,w00_s003,0,2,71,0.676056338028169
loop,next_9_12,heldout_snapshot,physical+token_history,shift_1,w01_s001,1,3,62,0.6290322580645161
loop,next_9_12,heldout_snapshot,physical+token_history,shift_1,w02_s004,2,4,72,0.4444444444444444
loop,next_9_12,heldout_snapshot,physical+token_history,shift_1,w00_s004,0,1,63,0.4444444444444444
loop,next_9_12,heldout_snapshot,physical+token_history,shift_1,w01_s002,1,2,61,0.6229508196721312
loop,next_9_12,heldout_snapshot,physical+token_history,shift_1,w02_s000,2,2,43,0.5348837209302325
loop,next_9_12,heldout_snapshot,physical+token_history,shift_1,w03_s003,3,1,15,1.0
loop,next_9_12,heldout_snapshot,physical_action+token_history,shift_2,w00_s000,0,1,55,0.7090909090909091
loop,next_9_12,heldout_snapshot,physical_action+token_history,shift_2,w00_s005,0,4,78,0.7564102564102564
loop,next_9_12,heldout_snapshot,physical_action+token_history,shift_2,w01_s003,1,2,47,0.7872340425531915
loop,next_9_12,heldout_snapshot,physical_action+token_history,shift_2,w02_s001,2,2,62,0.5967741935483871
loop,next_9_12,heldout_snapshot,physical_action+token_history,shift_2,w03_s004,3,2,29,0.6896551724137931
loop,next_9_12,heldout_snapshot,physical_action+token_history,shift_2,w00_s001,0,3,62,0.45161290322580644
loop,next_9_12,heldout_snapshot,physical_action+token_history,shift_2,w01_s004,1,2,62,0.8548387096774194
loop,next_9_12,heldout_snapshot,physical_action+token_history,shift_2,w02_s002,2,3,63,0.7619047619047619
loop,next_9_12,heldout_snapshot,physical_action+token_history,shift_2,w03_s005,3,2,29,0.6206896551724138
loop,next_9_12,heldout_snapshot,physical_action+token_history,shift_2,w00_s002,0,2,80,0.5125
loop,next_9_12,heldout_snapshot,physical_action+token_history,shift_2,w01_s000,1,2,54,0.2962962962962963
loop,next_9_12,heldout_snapshot,physical_action+token_history,shift_2,w02_s003,2,3,86,0.5232558139534884
loop,next_9_12,heldout_snapshot,physical_action+token_history,shift_2,w03_s001,3,1,15,0.5333333333333333
loop,next_9_12,heldout_snapshot,physical_action+token_history,shift_2,w00_s003,0,2,71,0.5633802816901409
loop,next_9_12,heldout_snapshot,physical_action+token_history,shift_2,w01_s001,1,3,62,0.6612903225806451
loop,next_9_12,heldout_snapshot,physical_action+token_history,shift_2,w02_s004,2,4,72,0.4027777777777778
loop,next_9_12,heldout_snapshot,physical_action+token_history,shift_2,w00_s004,0,1,63,0.5555555555555556
loop,next_9_12,heldout_snapshot,physical_action+token_history,shift_2,w01_s002,1,2,61,0.7049180327868853
loop,next_9_12,heldout_snapshot,physical_action+token_history,shift_2,w02_s000,2,2,43,0.7441860465116279
loop,next_9_12,heldout_snapshot,physical_action+token_history,shift_2,w03_s003,3,1,15,0.8666666666666667
loop,next_9_12,heldout_snapshot,physical+token_history,shift_2,w00_s000,0,1,55,0.5818181818181818
loop,next_9_12,heldout_snapshot,physical+token_history,shift_2,w00_s005,0,4,78,0.8846153846153846
loop,next_9_12,heldout_snapshot,physical+token_history,shift_2,w01_s003,1,2,47,0.6382978723404256
loop,next_9_12,heldout_snapshot,physical+token_history,shift_2,w02_s001,2,2,62,0.5161290322580645
loop,next_9_12,heldout_snapshot,physical+token_history,shift_2,w03_s004,3,2,29,0.5517241379310345
loop,next_9_12,heldout_snapshot,physical+token_history,shift_2,w00_s001,0,3,62,0.5967741935483871
loop,next_9_12,heldout_snapshot,physical+token_history,shift_2,w01_s004,1,2,62,0.7419354838709677
loop,next_9_12,heldout_snapshot,physical+token_history,shift_2,w02_s002,2,3,63,0.49206349206349215
loop,next_9_12,heldout_snapshot,physical+token_history,shift_2,w03_s005,3,2,29,0.7586206896551724
loop,next_9_12,heldout_snapshot,physical+token_history,shift_2,w00_s002,0,2,80,0.4875
loop,next_9_12,heldout_snapshot,physical+token_history,shift_2,w01_s000,1,2,54,0.3888888888888889
loop,next_9_12,heldout_snapshot,physical+token_history,shift_2,w02_s003,2,3,86,0.5116279069767442
loop,next_9_12,heldout_snapshot,physical+token_history,shift_2,w03_s001,3,1,15,1.0
loop,next_9_12,heldout_snapshot,physical+token_history,shift_2,w00_s003,0,2,71,0.5633802816901409
loop,next_9_12,heldout_snapshot,physical+token_history,shift_2,w01_s001,1,3,62,0.5
loop,next_9_12,heldout_snapshot,physical+token_history,shift_2,w02_s004,2,4,72,0.4305555555555556
loop,next_9_12,heldout_snapshot,physical+token_history,shift_2,w00_s004,0,1,63,0.4761904761904762
loop,next_9_12,heldout_snapshot,physical+token_history,shift_2,w01_s002,1,2,61,0.32786885245901637
loop,next_9_12,heldout_snapshot,physical+token_history,shift_2,w02_s000,2,2,43,0.5581395348837209
loop,next_9_12,heldout_snapshot,physical+token_history,shift_2,w03_s003,3,1,15,1.0
loop,next_9_12,heldout_snapshot,physical_action+token_history,shift_3,w00_s000,0,1,55,0.38181818181818183
loop,next_9_12,heldout_snapshot,physical_action+token_history,shift_3,w00_s005,0,4,78,0.6666666666666666
loop,next_9_12,heldout_snapshot,physical_action+token_history,shift_3,w01_s003,1,2,47,0.3617021276595745
loop,next_9_12,heldout_snapshot,physical_action+token_history,shift_3,w02_s001,2,2,62,0.5967741935483871
loop,next_9_12,heldout_snapshot,physical_action+token_history,shift_3,w03_s004,3,2,29,0.7931034482758621
loop,next_9_12,heldout_snapshot,physical_action+token_history,shift_3,w00_s001,0,3,62,0.24193548387096775
loop,next_9_12,heldout_snapshot,physical_action+token_history,shift_3,w01_s004,1,2,62,0.43548387096774194
loop,next_9_12,heldout_snapshot,physical_action+token_history,shift_3,w02_s002,2,3,63,0.8253968253968254
loop,next_9_12,heldout_snapshot,physical_action+token_history,shift_3,w03_s005,3,2,29,0.4827586206896552
loop,next_9_12,heldout_snapshot,physical_action+token_history,shift_3,w00_s002,0,2,80,0.675
loop,next_9_12,heldout_snapshot,physical_action+token_history,shift_3,w01_s000,1,2,54,0.48148148148148145
loop,next_9_12,heldout_snapshot,physical_action+token_history,shift_3,w02_s003,2,3,86,0.5465116279069767
loop,next_9_12,heldout_snapshot,physical_action+token_history,shift_3,w03_s001,3,1,15,0.6666666666666667
loop,next_9_12,heldout_snapshot,physical_action+token_history,shift_3,w00_s003,0,2,71,0.4507042253521127
loop,next_9_12,heldout_snapshot,physical_action+token_history,shift_3,w01_s001,1,3,62,0.6612903225806451
loop,next_9_12,heldout_snapshot,physical_action+token_history,shift_3,w02_s004,2,4,72,0.5694444444444444
loop,next_9_12,heldout_snapshot,physical_action+token_history,shift_3,w00_s004,0,1,63,0.6825396825396826
loop,next_9_12,heldout_snapshot,physical_action+token_history,shift_3,w01_s002,1,2,61,0.7049180327868853
loop,next_9_12,heldout_snapshot,physical_action+token_history,shift_3,w02_s000,2,2,43,0.9069767441860465
loop,next_9_12,heldout_snapshot,physical_action+token_history,shift_3,w03_s003,3,1,15,0.9333333333333333
loop,next_9_12,heldout_snapshot,physical+token_history,shift_3,w00_s000,0,1,55,0.36363636363636365
loop,next_9_12,heldout_snapshot,physical+token_history,shift_3,w00_s005,0,4,78,0.6666666666666666
loop,next_9_12,heldout_snapshot,physical+token_history,shift_3,w01_s003,1,2,47,0.40425531914893614
loop,next_9_12,heldout_snapshot,physical+token_history,shift_3,w02_s001,2,2,62,0.5483870967741935
loop,next_9_12,heldout_snapshot,physical+token_history,shift_3,w03_s004,3,2,29,0.6551724137931034
loop,next_9_12,heldout_snapshot,physical+token_history,shift_3,w00_s001,0,3,62,0.27419354838709675
loop,next_9_12,heldout_snapshot,physical+token_history,shift_3,w01_s004,1,2,62,0.19354838709677422
loop,next_9_12,heldout_snapshot,physical+token_history,shift_3,w02_s002,2,3,63,0.8095238095238095
loop,next_9_12,heldout_snapshot,physical+token_history,shift_3,w03_s005,3,2,29,0.5862068965517241
loop,next_9_12,heldout_snapshot,physical+token_history,shift_3,w00_s002,0,2,80,0.625
loop,next_9_12,heldout_snapshot,physical+token_history,shift_3,w01_s000,1,2,54,0.5925925925925926
loop,next_9_12,heldout_snapshot,physical+token_history,shift_3,w02_s003,2,3,86,0.5581395348837209
loop,next_9_12,heldout_snapshot,physical+token_history,shift_3,w03_s001,3,1,15,1.0
loop,next_9_12,heldout_snapshot,physical+token_history,shift_3,w00_s003,0,2,71,0.49295774647887325
loop,next_9_12,heldout_snapshot,physical+token_history,shift_3,w01_s001,1,3,62,0.5161290322580645
loop,next_9_12,heldout_snapshot,physical+token_history,shift_3,w02_s004,2,4,72,0.4583333333333333
loop,next_9_12,heldout_snapshot,physical+token_history,shift_3,w00_s004,0,1,63,0.5714285714285714
loop,next_9_12,heldout_snapshot,physical+token_history,shift_3,w01_s002,1,2,61,0.3934426229508197
loop,next_9_12,heldout_snapshot,physical+token_history,shift_3,w02_s000,2,2,43,0.5813953488372092
loop,next_9_12,heldout_snapshot,physical+token_history,shift_3,w03_s003,3,1,15,0.9333333333333333
loop,next_9_12,heldout_worker,rate_only,aligned,w00_s000,0,1,55,0.5
loop,next_9_12,heldout_worker,rate_only,aligned,w00_s001,0,3,62,0.5
loop,next_9_12,heldout_worker,rate_only,aligned,w00_s002,0,2,80,0.5
loop,next_9_12,heldout_worker,rate_only,aligned,w00_s003,0,2,71,0.5
loop,next_9_12,heldout_worker,rate_only,aligned,w00_s004,0,1,63,0.5
loop,next_9_12,heldout_worker,rate_only,aligned,w00_s005,0,4,78,0.5
loop,next_9_12,heldout_worker,rate_only,aligned,w01_s000,1,2,54,0.5
loop,next_9_12,heldout_worker,rate_only,aligned,w01_s001,1,3,62,0.5
loop,next_9_12,heldout_worker,rate_only,aligned,w01_s002,1,2,61,0.5
loop,next_9_12,heldout_worker,rate_only,aligned,w01_s003,1,2,47,0.5
loop,next_9_12,heldout_worker,rate_only,aligned,w01_s004,1,2,62,0.5
loop,next_9_12,heldout_worker,rate_only,aligned,w02_s000,2,2,43,0.5
loop,next_9_12,heldout_worker,rate_only,aligned,w02_s001,2,2,62,0.5
loop,next_9_12,heldout_worker,rate_only,aligned,w02_s002,2,3,63,0.5
loop,next_9_12,heldout_worker,rate_only,aligned,w02_s003,2,3,86,0.5
loop,next_9_12,heldout_worker,rate_only,aligned,w02_s004,2,4,72,0.5
loop,next_9_12,heldout_worker,rate_only,aligned,w03_s001,3,1,15,0.5
loop,next_9_12,heldout_worker,rate_only,aligned,w03_s003,3,1,15,0.5
loop,next_9_12,heldout_worker,rate_only,aligned,w03_s004,3,2,29,0.5
loop,next_9_12,heldout_worker,rate_only,aligned,w03_s005,3,2,29,0.5
loop,next_9_12,heldout_worker,physical_action,aligned,w00_s000,0,1,55,0.9090909090909091
loop,next_9_12,heldout_worker,physical_action,aligned,w00_s001,0,3,62,0.46774193548387094
loop,next_9_12,heldout_worker,physical_action,aligned,w00_s002,0,2,80,0.7625
loop,next_9_12,heldout_worker,physical_action,aligned,w00_s003,0,2,71,0.6619718309859155
loop,next_9_12,heldout_worker,physical_action,aligned,w00_s004,0,1,63,0.746031746031746
loop,next_9_12,heldout_worker,physical_action,aligned,w00_s005,0,4,78,0.6538461538461539
loop,next_9_12,heldout_worker,physical_action,aligned,w01_s000,1,2,54,0.7777777777777778
loop,next_9_12,heldout_worker,physical_action,aligned,w01_s001,1,3,62,0.6935483870967742
loop,next_9_12,heldout_worker,physical_action,aligned,w01_s002,1,2,61,0.7868852459016394
loop,next_9_12,heldout_worker,physical_action,aligned,w01_s003,1,2,47,0.6595744680851063
loop,next_9_12,heldout_worker,physical_action,aligned,w01_s004,1,2,62,0.8064516129032258
loop,next_9_12,heldout_worker,physical_action,aligned,w02_s000,2,2,43,0.8372093023255814
loop,next_9_12,heldout_worker,physical_action,aligned,w02_s001,2,2,62,0.5
loop,next_9_12,heldout_worker,physical_action,aligned,w02_s002,2,3,63,0.8095238095238094
loop,next_9_12,heldout_worker,physical_action,aligned,w02_s003,2,3,86,0.5232558139534884
loop,next_9_12,heldout_worker,physical_action,aligned,w02_s004,2,4,72,0.6111111111111112
loop,next_9_12,heldout_worker,physical_action,aligned,w03_s001,3,1,15,0.6
loop,next_9_12,heldout_worker,physical_action,aligned,w03_s003,3,1,15,1.0
loop,next_9_12,heldout_worker,physical_action,aligned,w03_s004,3,2,29,0.7241379310344828
loop,next_9_12,heldout_worker,physical_action,aligned,w03_s005,3,2,29,0.6206896551724138
loop,next_9_12,heldout_worker,physical,aligned,w00_s000,0,1,55,0.7636363636363636
loop,next_9_12,heldout_worker,physical,aligned,w00_s001,0,3,62,0.3387096774193548
loop,next_9_12,heldout_worker,physical,aligned,w00_s002,0,2,80,0.7749999999999999
loop,next_9_12,heldout_worker,physical,aligned,w00_s003,0,2,71,0.7605633802816901
loop,next_9_12,heldout_worker,physical,aligned,w00_s004,0,1,63,0.6190476190476191
loop,next_9_12,heldout_worker,physical,aligned,w00_s005,0,4,78,0.7564102564102565
loop,next_9_12,heldout_worker,physical,aligned,w01_s000,1,2,54,0.7592592592592593
loop,next_9_12,heldout_worker,physical,aligned,w01_s001,1,3,62,0.7580645161290323
loop,next_9_12,heldout_worker,physical,aligned,w01_s002,1,2,61,0.14754098360655737
loop,next_9_12,heldout_worker,physical,aligned,w01_s003,1,2,47,0.6170212765957447
loop,next_9_12,heldout_worker,physical,aligned,w01_s004,1,2,62,0.6774193548387096
loop,next_9_12,heldout_worker,physical,aligned,w02_s000,2,2,43,0.5581395348837209
loop,next_9_12,heldout_worker,physical,aligned,w02_s001,2,2,62,0.5
loop,next_9_12,heldout_worker,physical,aligned,w02_s002,2,3,63,0.746031746031746
loop,next_9_12,heldout_worker,physical,aligned,w02_s003,2,3,86,0.6976744186046512
loop,next_9_12,heldout_worker,physical,aligned,w02_s004,2,4,72,0.4583333333333333
loop,next_9_12,heldout_worker,physical,aligned,w03_s001,3,1,15,0.9333333333333333
loop,next_9_12,heldout_worker,physical,aligned,w03_s003,3,1,15,1.0
loop,next_9_12,heldout_worker,physical,aligned,w03_s004,3,2,29,0.7586206896551724
loop,next_9_12,heldout_worker,physical,aligned,w03_s005,3,2,29,0.9310344827586207
loop,next_9_12,heldout_worker,moe_aggregate_current,aligned,w00_s000,0,1,55,0.7454545454545454
loop,next_9_12,heldout_worker,moe_aggregate_current,aligned,w00_s001,0,3,62,0.5161290322580645
loop,next_9_12,heldout_worker,moe_aggregate_current,aligned,w00_s002,0,2,80,0.6625
loop,next_9_12,heldout_worker,moe_aggregate_current,aligned,w00_s003,0,2,71,0.8028169014084507
loop,next_9_12,heldout_worker,moe_aggregate_current,aligned,w00_s004,0,1,63,0.5714285714285714
loop,next_9_12,heldout_worker,moe_aggregate_current,aligned,w00_s005,0,4,78,0.6153846153846154
loop,next_9_12,heldout_worker,moe_aggregate_current,aligned,w01_s000,1,2,54,0.42592592592592593
loop,next_9_12,heldout_worker,moe_aggregate_current,aligned,w01_s001,1,3,62,0.6774193548387096
loop,next_9_12,heldout_worker,moe_aggregate_current,aligned,w01_s002,1,2,61,0.360655737704918
loop,next_9_12,heldout_worker,moe_aggregate_current,aligned,w01_s003,1,2,47,0.6170212765957447
loop,next_9_12,heldout_worker,moe_aggregate_current,aligned,w01_s004,1,2,62,0.7419354838709677
loop,next_9_12,heldout_worker,moe_aggregate_current,aligned,w02_s000,2,2,43,0.8604651162790697
loop,next_9_12,heldout_worker,moe_aggregate_current,aligned,w02_s001,2,2,62,0.5
loop,next_9_12,heldout_worker,moe_aggregate_current,aligned,w02_s002,2,3,63,0.5714285714285714
loop,next_9_12,heldout_worker,moe_aggregate_current,aligned,w02_s003,2,3,86,0.5465116279069767
loop,next_9_12,heldout_worker,moe_aggregate_current,aligned,w02_s004,2,4,72,0.5694444444444444
loop,next_9_12,heldout_worker,moe_aggregate_current,aligned,w03_s001,3,1,15,1.0
loop,next_9_12,heldout_worker,moe_aggregate_current,aligned,w03_s003,3,1,15,0.7333333333333333
loop,next_9_12,heldout_worker,moe_aggregate_current,aligned,w03_s004,3,2,29,0.8620689655172413
loop,next_9_12,heldout_worker,moe_aggregate_current,aligned,w03_s005,3,2,29,0.6896551724137931
loop,next_9_12,heldout_worker,physical_action+aggregate_current,aligned,w00_s000,0,1,55,0.8909090909090909
loop,next_9_12,heldout_worker,physical_action+aggregate_current,aligned,w00_s001,0,3,62,0.6129032258064516
loop,next_9_12,heldout_worker,physical_action+aggregate_current,aligned,w00_s002,0,2,80,0.75
loop,next_9_12,heldout_worker,physical_action+aggregate_current,aligned,w00_s003,0,2,71,0.7183098591549296
loop,next_9_12,heldout_worker,physical_action+aggregate_current,aligned,w00_s004,0,1,63,0.6666666666666667
loop,next_9_12,heldout_worker,physical_action+aggregate_current,aligned,w00_s005,0,4,78,0.7307692307692307
loop,next_9_12,heldout_worker,physical_action+aggregate_current,aligned,w01_s000,1,2,54,0.7222222222222221
loop,next_9_12,heldout_worker,physical_action+aggregate_current,aligned,w01_s001,1,3,62,0.7258064516129032
loop,next_9_12,heldout_worker,physical_action+aggregate_current,aligned,w01_s002,1,2,61,0.6557377049180326
loop,next_9_12,heldout_worker,physical_action+aggregate_current,aligned,w01_s003,1,2,47,0.6382978723404256
loop,next_9_12,heldout_worker,physical_action+aggregate_current,aligned,w01_s004,1,2,62,0.7096774193548387
loop,next_9_12,heldout_worker,physical_action+aggregate_current,aligned,w02_s000,2,2,43,0.9767441860465116
loop,next_9_12,heldout_worker,physical_action+aggregate_current,aligned,w02_s001,2,2,62,0.5645161290322581
loop,next_9_12,heldout_worker,physical_action+aggregate_current,aligned,w02_s002,2,3,63,0.7936507936507936
loop,next_9_12,heldout_worker,physical_action+aggregate_current,aligned,w02_s003,2,3,86,0.6395348837209303
loop,next_9_12,heldout_worker,physical_action+aggregate_current,aligned,w02_s004,2,4,72,0.625
loop,next_9_12,heldout_worker,physical_action+aggregate_current,aligned,w03_s001,3,1,15,0.8
loop,next_9_12,heldout_worker,physical_action+aggregate_current,aligned,w03_s003,3,1,15,1.0
loop,next_9_12,heldout_worker,physical_action+aggregate_current,aligned,w03_s004,3,2,29,0.7586206896551724
loop,next_9_12,heldout_worker,physical_action+aggregate_current,aligned,w03_s005,3,2,29,0.7241379310344828
loop,next_9_12,heldout_worker,physical+aggregate_current,aligned,w00_s000,0,1,55,0.8363636363636363
loop,next_9_12,heldout_worker,physical+aggregate_current,aligned,w00_s001,0,3,62,0.6935483870967742
loop,next_9_12,heldout_worker,physical+aggregate_current,aligned,w00_s002,0,2,80,0.7375
loop,next_9_12,heldout_worker,physical+aggregate_current,aligned,w00_s003,0,2,71,0.676056338028169
loop,next_9_12,heldout_worker,physical+aggregate_current,aligned,w00_s004,0,1,63,0.7142857142857143
loop,next_9_12,heldout_worker,physical+aggregate_current,aligned,w00_s005,0,4,78,0.782051282051282
loop,next_9_12,heldout_worker,physical+aggregate_current,aligned,w01_s000,1,2,54,0.7777777777777778
loop,next_9_12,heldout_worker,physical+aggregate_current,aligned,w01_s001,1,3,62,0.8387096774193549
loop,next_9_12,heldout_worker,physical+aggregate_current,aligned,w01_s002,1,2,61,0.34426229508196715
loop,next_9_12,heldout_worker,physical+aggregate_current,aligned,w01_s003,1,2,47,0.5531914893617021
loop,next_9_12,heldout_worker,physical+aggregate_current,aligned,w01_s004,1,2,62,0.6290322580645162
loop,next_9_12,heldout_worker,physical+aggregate_current,aligned,w02_s000,2,2,43,0.8372093023255814
loop,next_9_12,heldout_worker,physical+aggregate_current,aligned,w02_s001,2,2,62,0.5161290322580645
loop,next_9_12,heldout_worker,physical+aggregate_current,aligned,w02_s002,2,3,63,0.6825396825396826
loop,next_9_12,heldout_worker,physical+aggregate_current,aligned,w02_s003,2,3,86,0.6395348837209301
loop,next_9_12,heldout_worker,physical+aggregate_current,aligned,w02_s004,2,4,72,0.5972222222222222
loop,next_9_12,heldout_worker,physical+aggregate_current,aligned,w03_s001,3,1,15,1.0
loop,next_9_12,heldout_worker,physical+aggregate_current,aligned,w03_s003,3,1,15,0.9333333333333333
loop,next_9_12,heldout_worker,physical+aggregate_current,aligned,w03_s004,3,2,29,0.896551724137931
loop,next_9_12,heldout_worker,physical+aggregate_current,aligned,w03_s005,3,2,29,0.7931034482758621
loop,next_9_12,heldout_worker,physical_action+aggregate_current,shift_1,w00_s000,0,1,55,0.9454545454545454
loop,next_9_12,heldout_worker,physical_action+aggregate_current,shift_1,w00_s001,0,3,62,0.5645161290322581
loop,next_9_12,heldout_worker,physical_action+aggregate_current,shift_1,w00_s002,0,2,80,0.65
loop,next_9_12,heldout_worker,physical_action+aggregate_current,shift_1,w00_s003,0,2,71,0.7887323943661971
loop,next_9_12,heldout_worker,physical_action+aggregate_current,shift_1,w00_s004,0,1,63,0.8571428571428572
loop,next_9_12,heldout_worker,physical_action+aggregate_current,shift_1,w00_s005,0,4,78,0.6153846153846154
loop,next_9_12,heldout_worker,physical_action+aggregate_current,shift_1,w01_s000,1,2,54,0.5370370370370371
loop,next_9_12,heldout_worker,physical_action+aggregate_current,shift_1,w01_s001,1,3,62,0.7580645161290323
loop,next_9_12,heldout_worker,physical_action+aggregate_current,shift_1,w01_s002,1,2,61,0.5901639344262295
loop,next_9_12,heldout_worker,physical_action+aggregate_current,shift_1,w01_s003,1,2,47,0.5106382978723404
loop,next_9_12,heldout_worker,physical_action+aggregate_current,shift_1,w01_s004,1,2,62,0.22580645161290325
loop,next_9_12,heldout_worker,physical_action+aggregate_current,shift_1,w02_s000,2,2,43,0.7906976744186046
loop,next_9_12,heldout_worker,physical_action+aggregate_current,shift_1,w02_s001,2,2,62,0.5483870967741935
loop,next_9_12,heldout_worker,physical_action+aggregate_current,shift_1,w02_s002,2,3,63,0.7301587301587301
loop,next_9_12,heldout_worker,physical_action+aggregate_current,shift_1,w02_s003,2,3,86,0.2441860465116279
loop,next_9_12,heldout_worker,physical_action+aggregate_current,shift_1,w02_s004,2,4,72,0.5138888888888888
loop,next_9_12,heldout_worker,physical_action+aggregate_current,shift_1,w03_s001,3,1,15,0.4666666666666667
loop,next_9_12,heldout_worker,physical_action+aggregate_current,shift_1,w03_s003,3,1,15,1.0
loop,next_9_12,heldout_worker,physical_action+aggregate_current,shift_1,w03_s004,3,2,29,0.6551724137931034
loop,next_9_12,heldout_worker,physical_action+aggregate_current,shift_1,w03_s005,3,2,29,0.9310344827586207
loop,next_9_12,heldout_worker,physical+aggregate_current,shift_1,w00_s000,0,1,55,0.8
loop,next_9_12,heldout_worker,physical+aggregate_current,shift_1,w00_s001,0,3,62,0.6129032258064516
loop,next_9_12,heldout_worker,physical+aggregate_current,shift_1,w00_s002,0,2,80,0.675
loop,next_9_12,heldout_worker,physical+aggregate_current,shift_1,w00_s003,0,2,71,0.8309859154929577
loop,next_9_12,heldout_worker,physical+aggregate_current,shift_1,w00_s004,0,1,63,0.5555555555555556
loop,next_9_12,heldout_worker,physical+aggregate_current,shift_1,w00_s005,0,4,78,0.5769230769230769
loop,next_9_12,heldout_worker,physical+aggregate_current,shift_1,w01_s000,1,2,54,0.4074074074074074
loop,next_9_12,heldout_worker,physical+aggregate_current,shift_1,w01_s001,1,3,62,0.5967741935483871
loop,next_9_12,heldout_worker,physical+aggregate_current,shift_1,w01_s002,1,2,61,0.4426229508196722
loop,next_9_12,heldout_worker,physical+aggregate_current,shift_1,w01_s003,1,2,47,0.6595744680851063
loop,next_9_12,heldout_worker,physical+aggregate_current,shift_1,w01_s004,1,2,62,0.11290322580645164
loop,next_9_12,heldout_worker,physical+aggregate_current,shift_1,w02_s000,2,2,43,0.627906976744186
loop,next_9_12,heldout_worker,physical+aggregate_current,shift_1,w02_s001,2,2,62,0.532258064516129
loop,next_9_12,heldout_worker,physical+aggregate_current,shift_1,w02_s002,2,3,63,0.746031746031746
loop,next_9_12,heldout_worker,physical+aggregate_current,shift_1,w02_s003,2,3,86,0.4186046511627907
loop,next_9_12,heldout_worker,physical+aggregate_current,shift_1,w02_s004,2,4,72,0.5277777777777778
loop,next_9_12,heldout_worker,physical+aggregate_current,shift_1,w03_s001,3,1,15,0.8
loop,next_9_12,heldout_worker,physical+aggregate_current,shift_1,w03_s003,3,1,15,0.9333333333333333
loop,next_9_12,heldout_worker,physical+aggregate_current,shift_1,w03_s004,3,2,29,0.7241379310344828
loop,next_9_12,heldout_worker,physical+aggregate_current,shift_1,w03_s005,3,2,29,0.896551724137931
loop,next_9_12,heldout_worker,physical_action+aggregate_current,shift_2,w00_s000,0,1,55,0.8363636363636363
loop,next_9_12,heldout_worker,physical_action+aggregate_current,shift_2,w00_s001,0,3,62,0.6612903225806451
loop,next_9_12,heldout_worker,physical_action+aggregate_current,shift_2,w00_s002,0,2,80,0.65
loop,next_9_12,heldout_worker,physical_action+aggregate_current,shift_2,w00_s003,0,2,71,0.6056338028169014
loop,next_9_12,heldout_worker,physical_action+aggregate_current,shift_2,w00_s004,0,1,63,0.6349206349206349
loop,next_9_12,heldout_worker,physical_action+aggregate_current,shift_2,w00_s005,0,4,78,0.7051282051282052
loop,next_9_12,heldout_worker,physical_action+aggregate_current,shift_2,w01_s000,1,2,54,0.4074074074074074
loop,next_9_12,heldout_worker,physical_action+aggregate_current,shift_2,w01_s001,1,3,62,0.7741935483870968
loop,next_9_12,heldout_worker,physical_action+aggregate_current,shift_2,w01_s002,1,2,61,0.9180327868852459
loop,next_9_12,heldout_worker,physical_action+aggregate_current,shift_2,w01_s003,1,2,47,0.8085106382978723
loop,next_9_12,heldout_worker,physical_action+aggregate_current,shift_2,w01_s004,1,2,62,0.8225806451612904
loop,next_9_12,heldout_worker,physical_action+aggregate_current,shift_2,w02_s000,2,2,43,0.813953488372093
loop,next_9_12,heldout_worker,physical_action+aggregate_current,shift_2,w02_s001,2,2,62,0.5
loop,next_9_12,heldout_worker,physical_action+aggregate_current,shift_2,w02_s002,2,3,63,0.7936507936507936
loop,next_9_12,heldout_worker,physical_action+aggregate_current,shift_2,w02_s003,2,3,86,0.47674418604651164
loop,next_9_12,heldout_worker,physical_action+aggregate_current,shift_2,w02_s004,2,4,72,0.6666666666666666
loop,next_9_12,heldout_worker,physical_action+aggregate_current,shift_2,w03_s001,3,1,15,0.7333333333333333
loop,next_9_12,heldout_worker,physical_action+aggregate_current,shift_2,w03_s003,3,1,15,1.0
loop,next_9_12,heldout_worker,physical_action+aggregate_current,shift_2,w03_s004,3,2,29,0.5862068965517241
loop,next_9_12,heldout_worker,physical_action+aggregate_current,shift_2,w03_s005,3,2,29,0.6551724137931034
loop,next_9_12,heldout_worker,physical+aggregate_current,shift_2,w00_s000,0,1,55,0.5454545454545455
loop,next_9_12,heldout_worker,physical+aggregate_current,shift_2,w00_s001,0,3,62,0.6612903225806451
loop,next_9_12,heldout_worker,physical+aggregate_current,shift_2,w00_s002,0,2,80,0.3625
loop,next_9_12,heldout_worker,physical+aggregate_current,shift_2,w00_s003,0,2,71,0.7323943661971831
loop,next_9_12,heldout_worker,physical+aggregate_current,shift_2,w00_s004,0,1,63,0.7142857142857144
loop,next_9_12,heldout_worker,physical+aggregate_current,shift_2,w00_s005,0,4,78,0.6538461538461539
loop,next_9_12,heldout_worker,physical+aggregate_current,shift_2,w01_s000,1,2,54,0.3148148148148148
loop,next_9_12,heldout_worker,physical+aggregate_current,shift_2,w01_s001,1,3,62,0.5967741935483871
loop,next_9_12,heldout_worker,physical+aggregate_current,shift_2,w01_s002,1,2,61,0.8360655737704918
loop,next_9_12,heldout_worker,physical+aggregate_current,shift_2,w01_s003,1,2,47,0.6382978723404256
loop,next_9_12,heldout_worker,physical+aggregate_current,shift_2,w01_s004,1,2,62,0.7903225806451613
loop,next_9_12,heldout_worker,physical+aggregate_current,shift_2,w02_s000,2,2,43,0.46511627906976744
loop,next_9_12,heldout_worker,physical+aggregate_current,shift_2,w02_s001,2,2,62,0.532258064516129
loop,next_9_12,heldout_worker,physical+aggregate_current,shift_2,w02_s002,2,3,63,0.7301587301587301
loop,next_9_12,heldout_worker,physical+aggregate_current,shift_2,w02_s003,2,3,86,0.7093023255813954
loop,next_9_12,heldout_worker,physical+aggregate_current,shift_2,w02_s004,2,4,72,0.5694444444444444
loop,next_9_12,heldout_worker,physical+aggregate_current,shift_2,w03_s001,3,1,15,1.0
loop,next_9_12,heldout_worker,physical+aggregate_current,shift_2,w03_s003,3,1,15,1.0
loop,next_9_12,heldout_worker,physical+aggregate_current,shift_2,w03_s004,3,2,29,0.5862068965517241
loop,next_9_12,heldout_worker,physical+aggregate_current,shift_2,w03_s005,3,2,29,0.6896551724137931
loop,next_9_12,heldout_worker,physical_action+aggregate_current,shift_3,w00_s000,0,1,55,0.6727272727272727
loop,next_9_12,heldout_worker,physical_action+aggregate_current,shift_3,w00_s001,0,3,62,0.5161290322580645
loop,next_9_12,heldout_worker,physical_action+aggregate_current,shift_3,w00_s002,0,2,80,0.675
loop,next_9_12,heldout_worker,physical_action+aggregate_current,shift_3,w00_s003,0,2,71,0.5352112676056338
loop,next_9_12,heldout_worker,physical_action+aggregate_current,shift_3,w00_s004,0,1,63,0.6666666666666667
loop,next_9_12,heldout_worker,physical_action+aggregate_current,shift_3,w00_s005,0,4,78,0.6538461538461539
loop,next_9_12,heldout_worker,physical_action+aggregate_current,shift_3,w01_s000,1,2,54,0.3333333333333333
loop,next_9_12,heldout_worker,physical_action+aggregate_current,shift_3,w01_s001,1,3,62,0.6290322580645161
loop,next_9_12,heldout_worker,physical_action+aggregate_current,shift_3,w01_s002,1,2,61,0.5409836065573771
loop,next_9_12,heldout_worker,physical_action+aggregate_current,shift_3,w01_s003,1,2,47,0.2127659574468085
loop,next_9_12,heldout_worker,physical_action+aggregate_current,shift_3,w01_s004,1,2,62,0.3709677419354839
loop,next_9_12,heldout_worker,physical_action+aggregate_current,shift_3,w02_s000,2,2,43,0.9069767441860465
loop,next_9_12,heldout_worker,physical_action+aggregate_current,shift_3,w02_s001,2,2,62,0.49999999999999994
loop,next_9_12,heldout_worker,physical_action+aggregate_current,shift_3,w02_s002,2,3,63,0.7142857142857143
loop,next_9_12,heldout_worker,physical_action+aggregate_current,shift_3,w02_s003,2,3,86,0.3488372093023256
loop,next_9_12,heldout_worker,physical_action+aggregate_current,shift_3,w02_s004,2,4,72,0.5694444444444444
loop,next_9_12,heldout_worker,physical_action+aggregate_current,shift_3,w03_s001,3,1,15,0.4666666666666667
loop,next_9_12,heldout_worker,physical_action+aggregate_current,shift_3,w03_s003,3,1,15,1.0
loop,next_9_12,heldout_worker,physical_action+aggregate_current,shift_3,w03_s004,3,2,29,0.7586206896551724
loop,next_9_12,heldout_worker,physical_action+aggregate_current,shift_3,w03_s005,3,2,29,0.5517241379310345
loop,next_9_12,heldout_worker,physical+aggregate_current,shift_3,w00_s000,0,1,55,0.36363636363636365
loop,next_9_12,heldout_worker,physical+aggregate_current,shift_3,w00_s001,0,3,62,0.5
loop,next_9_12,heldout_worker,physical+aggregate_current,shift_3,w00_s002,0,2,80,0.725
loop,next_9_12,heldout_worker,physical+aggregate_current,shift_3,w00_s003,0,2,71,0.5774647887323944
loop,next_9_12,heldout_worker,physical+aggregate_current,shift_3,w00_s004,0,1,63,0.4126984126984127
loop,next_9_12,heldout_worker,physical+aggregate_current,shift_3,w00_s005,0,4,78,0.6410256410256411
loop,next_9_12,heldout_worker,physical+aggregate_current,shift_3,w01_s000,1,2,54,0.27777777777777773
loop,next_9_12,heldout_worker,physical+aggregate_current,shift_3,w01_s001,1,3,62,0.5161290322580645
loop,next_9_12,heldout_worker,physical+aggregate_current,shift_3,w01_s002,1,2,61,0.19672131147540983
loop,next_9_12,heldout_worker,physical+aggregate_current,shift_3,w01_s003,1,2,47,0.23404255319148937
loop,next_9_12,heldout_worker,physical+aggregate_current,shift_3,w01_s004,1,2,62,0.24193548387096775
loop,next_9_12,heldout_worker,physical+aggregate_current,shift_3,w02_s000,2,2,43,0.5813953488372093
loop,next_9_12,heldout_worker,physical+aggregate_current,shift_3,w02_s001,2,2,62,0.4838709677419354
loop,next_9_12,heldout_worker,physical+aggregate_current,shift_3,w02_s002,2,3,63,0.7777777777777778
loop,next_9_12,heldout_worker,physical+aggregate_current,shift_3,w02_s003,2,3,86,0.46511627906976744
loop,next_9_12,heldout_worker,physical+aggregate_current,shift_3,w02_s004,2,4,72,0.5138888888888888
loop,next_9_12,heldout_worker,physical+aggregate_current,shift_3,w03_s001,3,1,15,0.6666666666666667
loop,next_9_12,heldout_worker,physical+aggregate_current,shift_3,w03_s003,3,1,15,1.0
loop,next_9_12,heldout_worker,physical+aggregate_current,shift_3,w03_s004,3,2,29,0.7241379310344828
loop,next_9_12,heldout_worker,physical+aggregate_current,shift_3,w03_s005,3,2,29,0.4482758620689655
loop,next_9_12,heldout_worker,moe_token_current,aligned,w00_s000,0,1,55,0.7454545454545455
loop,next_9_12,heldout_worker,moe_token_current,aligned,w00_s001,0,3,62,0.3387096774193548
loop,next_9_12,heldout_worker,moe_token_current,aligned,w00_s002,0,2,80,0.8125
loop,next_9_12,heldout_worker,moe_token_current,aligned,w00_s003,0,2,71,0.4084507042253521
loop,next_9_12,heldout_worker,moe_token_current,aligned,w00_s004,0,1,63,0.3968253968253968
loop,next_9_12,heldout_worker,moe_token_current,aligned,w00_s005,0,4,78,0.6153846153846154
loop,next_9_12,heldout_worker,moe_token_current,aligned,w01_s000,1,2,54,0.5740740740740741
loop,next_9_12,heldout_worker,moe_token_current,aligned,w01_s001,1,3,62,0.7258064516129032
loop,next_9_12,heldout_worker,moe_token_current,aligned,w01_s002,1,2,61,0.3114754098360656
loop,next_9_12,heldout_worker,moe_token_current,aligned,w01_s003,1,2,47,0.7446808510638298
loop,next_9_12,heldout_worker,moe_token_current,aligned,w01_s004,1,2,62,0.6290322580645162
loop,next_9_12,heldout_worker,moe_token_current,aligned,w02_s000,2,2,43,0.7209302325581395
loop,next_9_12,heldout_worker,moe_token_current,aligned,w02_s001,2,2,62,0.3709677419354839
loop,next_9_12,heldout_worker,moe_token_current,aligned,w02_s002,2,3,63,0.5079365079365079
loop,next_9_12,heldout_worker,moe_token_current,aligned,w02_s003,2,3,86,0.5
loop,next_9_12,heldout_worker,moe_token_current,aligned,w02_s004,2,4,72,0.5277777777777778
loop,next_9_12,heldout_worker,moe_token_current,aligned,w03_s001,3,1,15,0.8
loop,next_9_12,heldout_worker,moe_token_current,aligned,w03_s003,3,1,15,0.19999999999999993
loop,next_9_12,heldout_worker,moe_token_current,aligned,w03_s004,3,2,29,0.7931034482758621
loop,next_9_12,heldout_worker,moe_token_current,aligned,w03_s005,3,2,29,0.6551724137931034
loop,next_9_12,heldout_worker,physical_action+token_current,aligned,w00_s000,0,1,55,0.8181818181818182
loop,next_9_12,heldout_worker,physical_action+token_current,aligned,w00_s001,0,3,62,0.532258064516129
loop,next_9_12,heldout_worker,physical_action+token_current,aligned,w00_s002,0,2,80,0.775
loop,next_9_12,heldout_worker,physical_action+token_current,aligned,w00_s003,0,2,71,0.5774647887323944
loop,next_9_12,heldout_worker,physical_action+token_current,aligned,w00_s004,0,1,63,0.6825396825396826
loop,next_9_12,heldout_worker,physical_action+token_current,aligned,w00_s005,0,4,78,0.717948717948718
loop,next_9_12,heldout_worker,physical_action+token_current,aligned,w01_s000,1,2,54,0.7962962962962963
loop,next_9_12,heldout_worker,physical_action+token_current,aligned,w01_s001,1,3,62,0.7258064516129032
loop,next_9_12,heldout_worker,physical_action+token_current,aligned,w01_s002,1,2,61,0.5901639344262295
loop,next_9_12,heldout_worker,physical_action+token_current,aligned,w01_s003,1,2,47,0.425531914893617
loop,next_9_12,heldout_worker,physical_action+token_current,aligned,w01_s004,1,2,62,0.6612903225806451
loop,next_9_12,heldout_worker,physical_action+token_current,aligned,w02_s000,2,2,43,0.9767441860465116
loop,next_9_12,heldout_worker,physical_action+token_current,aligned,w02_s001,2,2,62,0.4999999999999999
loop,next_9_12,heldout_worker,physical_action+token_current,aligned,w02_s002,2,3,63,0.9206349206349206
loop,next_9_12,heldout_worker,physical_action+token_current,aligned,w02_s003,2,3,86,0.5348837209302325
loop,next_9_12,heldout_worker,physical_action+token_current,aligned,w02_s004,2,4,72,0.5277777777777778
loop,next_9_12,heldout_worker,physical_action+token_current,aligned,w03_s001,3,1,15,0.6666666666666667
loop,next_9_12,heldout_worker,physical_action+token_current,aligned,w03_s003,3,1,15,1.0
loop,next_9_12,heldout_worker,physical_action+token_current,aligned,w03_s004,3,2,29,0.7586206896551724
loop,next_9_12,heldout_worker,physical_action+token_current,aligned,w03_s005,3,2,29,0.8275862068965517
loop,next_9_12,heldout_worker,physical+token_current,aligned,w00_s000,0,1,55,0.8545454545454545
loop,next_9_12,heldout_worker,physical+token_current,aligned,w00_s001,0,3,62,0.6612903225806452
loop,next_9_12,heldout_worker,physical+token_current,aligned,w00_s002,0,2,80,0.75
loop,next_9_12,heldout_worker,physical+token_current,aligned,w00_s003,0,2,71,0.6197183098591549
loop,next_9_12,heldout_worker,physical+token_current,aligned,w00_s004,0,1,63,0.3650793650793651
loop,next_9_12,heldout_worker,physical+token_current,aligned,w00_s005,0,4,78,0.7948717948717948
loop,next_9_12,heldout_worker,physical+token_current,aligned,w01_s000,1,2,54,0.6481481481481481
loop,next_9_12,heldout_worker,physical+token_current,aligned,w01_s001,1,3,62,0.7903225806451613
loop,next_9_12,heldout_worker,physical+token_current,aligned,w01_s002,1,2,61,0.4918032786885245
loop,next_9_12,heldout_worker,physical+token_current,aligned,w01_s003,1,2,47,0.7021276595744681
loop,next_9_12,heldout_worker,physical+token_current,aligned,w01_s004,1,2,62,0.6129032258064516
loop,next_9_12,heldout_worker,physical+token_current,aligned,w02_s000,2,2,43,0.5813953488372093
loop,next_9_12,heldout_worker,physical+token_current,aligned,w02_s001,2,2,62,0.4516129032258064
loop,next_9_12,heldout_worker,physical+token_current,aligned,w02_s002,2,3,63,0.6984126984126984
loop,next_9_12,heldout_worker,physical+token_current,aligned,w02_s003,2,3,86,0.627906976744186
loop,next_9_12,heldout_worker,physical+token_current,aligned,w02_s004,2,4,72,0.5
loop,next_9_12,heldout_worker,physical+token_current,aligned,w03_s001,3,1,15,0.9333333333333333
loop,next_9_12,heldout_worker,physical+token_current,aligned,w03_s003,3,1,15,1.0
loop,next_9_12,heldout_worker,physical+token_current,aligned,w03_s004,3,2,29,0.8275862068965517
loop,next_9_12,heldout_worker,physical+token_current,aligned,w03_s005,3,2,29,0.6896551724137931
loop,next_9_12,heldout_worker,physical_action+token_current,shift_1,w00_s000,0,1,55,0.9636363636363636
loop,next_9_12,heldout_worker,physical_action+token_current,shift_1,w00_s001,0,3,62,0.532258064516129
loop,next_9_12,heldout_worker,physical_action+token_current,shift_1,w00_s002,0,2,80,0.6625
loop,next_9_12,heldout_worker,physical_action+token_current,shift_1,w00_s003,0,2,71,0.704225352112676
loop,next_9_12,heldout_worker,physical_action+token_current,shift_1,w00_s004,0,1,63,0.7936507936507937
loop,next_9_12,heldout_worker,physical_action+token_current,shift_1,w00_s005,0,4,78,0.5769230769230769
loop,next_9_12,heldout_worker,physical_action+token_current,shift_1,w01_s000,1,2,54,0.6481481481481481
loop,next_9_12,heldout_worker,physical_action+token_current,shift_1,w01_s001,1,3,62,0.6290322580645161
loop,next_9_12,heldout_worker,physical_action+token_current,shift_1,w01_s002,1,2,61,0.836065573770492
loop,next_9_12,heldout_worker,physical_action+token_current,shift_1,w01_s003,1,2,47,0.6170212765957447
loop,next_9_12,heldout_worker,physical_action+token_current,shift_1,w01_s004,1,2,62,0.3870967741935484
loop,next_9_12,heldout_worker,physical_action+token_current,shift_1,w02_s000,2,2,43,0.7674418604651163
loop,next_9_12,heldout_worker,physical_action+token_current,shift_1,w02_s001,2,2,62,0.532258064516129
loop,next_9_12,heldout_worker,physical_action+token_current,shift_1,w02_s002,2,3,63,0.8253968253968254
loop,next_9_12,heldout_worker,physical_action+token_current,shift_1,w02_s003,2,3,86,0.32558139534883723
loop,next_9_12,heldout_worker,physical_action+token_current,shift_1,w02_s004,2,4,72,0.4861111111111111
loop,next_9_12,heldout_worker,physical_action+token_current,shift_1,w03_s001,3,1,15,0.4
loop,next_9_12,heldout_worker,physical_action+token_current,shift_1,w03_s003,3,1,15,1.0
loop,next_9_12,heldout_worker,physical_action+token_current,shift_1,w03_s004,3,2,29,0.7586206896551724
loop,next_9_12,heldout_worker,physical_action+token_current,shift_1,w03_s005,3,2,29,0.6896551724137931
loop,next_9_12,heldout_worker,physical+token_current,shift_1,w00_s000,0,1,55,0.8545454545454545
loop,next_9_12,heldout_worker,physical+token_current,shift_1,w00_s001,0,3,62,0.35483870967741943
loop,next_9_12,heldout_worker,physical+token_current,shift_1,w00_s002,0,2,80,0.6125
loop,next_9_12,heldout_worker,physical+token_current,shift_1,w00_s003,0,2,71,0.5774647887323944
loop,next_9_12,heldout_worker,physical+token_current,shift_1,w00_s004,0,1,63,0.5396825396825397
loop,next_9_12,heldout_worker,physical+token_current,shift_1,w00_s005,0,4,78,0.6923076923076923
loop,next_9_12,heldout_worker,physical+token_current,shift_1,w01_s000,1,2,54,0.425925925925926
loop,next_9_12,heldout_worker,physical+token_current,shift_1,w01_s001,1,3,62,0.41935483870967744
loop,next_9_12,heldout_worker,physical+token_current,shift_1,w01_s002,1,2,61,0.4262295081967213
loop,next_9_12,heldout_worker,physical+token_current,shift_1,w01_s003,1,2,47,0.3617021276595745
loop,next_9_12,heldout_worker,physical+token_current,shift_1,w01_s004,1,2,62,0.2903225806451613
loop,next_9_12,heldout_worker,physical+token_current,shift_1,w02_s000,2,2,43,0.5116279069767441
loop,next_9_12,heldout_worker,physical+token_current,shift_1,w02_s001,2,2,62,0.5
loop,next_9_12,heldout_worker,physical+token_current,shift_1,w02_s002,2,3,63,0.6507936507936508
loop,next_9_12,heldout_worker,physical+token_current,shift_1,w02_s003,2,3,86,0.5581395348837209
loop,next_9_12,heldout_worker,physical+token_current,shift_1,w02_s004,2,4,72,0.5555555555555556
loop,next_9_12,heldout_worker,physical+token_current,shift_1,w03_s001,3,1,15,0.8666666666666667
loop,next_9_12,heldout_worker,physical+token_current,shift_1,w03_s003,3,1,15,0.9333333333333333
loop,next_9_12,heldout_worker,physical+token_current,shift_1,w03_s004,3,2,29,0.7586206896551724
loop,next_9_12,heldout_worker,physical+token_current,shift_1,w03_s005,3,2,29,0.896551724137931
loop,next_9_12,heldout_worker,physical_action+token_current,shift_2,w00_s000,0,1,55,0.8545454545454545
loop,next_9_12,heldout_worker,physical_action+token_current,shift_2,w00_s001,0,3,62,0.6612903225806451
loop,next_9_12,heldout_worker,physical_action+token_current,shift_2,w00_s002,0,2,80,0.675
loop,next_9_12,heldout_worker,physical_action+token_current,shift_2,w00_s003,0,2,71,0.6197183098591549
loop,next_9_12,heldout_worker,physical_action+token_current,shift_2,w00_s004,0,1,63,0.6349206349206349
loop,next_9_12,heldout_worker,physical_action+token_current,shift_2,w00_s005,0,4,78,0.6282051282051282
loop,next_9_12,heldout_worker,physical_action+token_current,shift_2,w01_s000,1,2,54,0.3148148148148148
loop,next_9_12,heldout_worker,physical_action+token_current,shift_2,w01_s001,1,3,62,0.9193548387096774
loop,next_9_12,heldout_worker,physical_action+token_current,shift_2,w01_s002,1,2,61,0.9016393442622951
loop,next_9_12,heldout_worker,physical_action+token_current,shift_2,w01_s003,1,2,47,0.5744680851063829
loop,next_9_12,heldout_worker,physical_action+token_current,shift_2,w01_s004,1,2,62,0.8387096774193549
loop,next_9_12,heldout_worker,physical_action+token_current,shift_2,w02_s000,2,2,43,0.6046511627906976
loop,next_9_12,heldout_worker,physical_action+token_current,shift_2,w02_s001,2,2,62,0.5161290322580646
loop,next_9_12,heldout_worker,physical_action+token_current,shift_2,w02_s002,2,3,63,0.8253968253968254
loop,next_9_12,heldout_worker,physical_action+token_current,shift_2,w02_s003,2,3,86,0.5116279069767442
loop,next_9_12,heldout_worker,physical_action+token_current,shift_2,w02_s004,2,4,72,0.5694444444444444
loop,next_9_12,heldout_worker,physical_action+token_current,shift_2,w03_s001,3,1,15,0.5333333333333333
loop,next_9_12,heldout_worker,physical_action+token_current,shift_2,w03_s003,3,1,15,1.0
loop,next_9_12,heldout_worker,physical_action+token_current,shift_2,w03_s004,3,2,29,0.6206896551724138
loop,next_9_12,heldout_worker,physical_action+token_current,shift_2,w03_s005,3,2,29,0.6206896551724138
loop,next_9_12,heldout_worker,physical+token_current,shift_2,w00_s000,0,1,55,0.6181818181818182
loop,next_9_12,heldout_worker,physical+token_current,shift_2,w00_s001,0,3,62,0.43548387096774194
loop,next_9_12,heldout_worker,physical+token_current,shift_2,w00_s002,0,2,80,0.3875
loop,next_9_12,heldout_worker,physical+token_current,shift_2,w00_s003,0,2,71,0.5774647887323944
loop,next_9_12,heldout_worker,physical+token_current,shift_2,w00_s004,0,1,63,0.7142857142857143
loop,next_9_12,heldout_worker,physical+token_current,shift_2,w00_s005,0,4,78,0.782051282051282
loop,next_9_12,heldout_worker,physical+token_current,shift_2,w01_s000,1,2,54,0.42592592592592593
loop,next_9_12,heldout_worker,physical+token_current,shift_2,w01_s001,1,3,62,0.6612903225806451
loop,next_9_12,heldout_worker,physical+token_current,shift_2,w01_s002,1,2,61,0.6721311475409836
loop,next_9_12,heldout_worker,physical+token_current,shift_2,w01_s003,1,2,47,0.7659574468085106
loop,next_9_12,heldout_worker,physical+token_current,shift_2,w01_s004,1,2,62,0.7580645161290323
loop,next_9_12,heldout_worker,physical+token_current,shift_2,w02_s000,2,2,43,0.5116279069767442
loop,next_9_12,heldout_worker,physical+token_current,shift_2,w02_s001,2,2,62,0.46774193548387094
loop,next_9_12,heldout_worker,physical+token_current,shift_2,w02_s002,2,3,63,0.7619047619047619
loop,next_9_12,heldout_worker,physical+token_current,shift_2,w02_s003,2,3,86,0.45348837209302323
loop,next_9_12,heldout_worker,physical+token_current,shift_2,w02_s004,2,4,72,0.4861111111111111
loop,next_9_12,heldout_worker,physical+token_current,shift_2,w03_s001,3,1,15,0.9333333333333333
loop,next_9_12,heldout_worker,physical+token_current,shift_2,w03_s003,3,1,15,1.0
loop,next_9_12,heldout_worker,physical+token_current,shift_2,w03_s004,3,2,29,0.8275862068965517
loop,next_9_12,heldout_worker,physical+token_current,shift_2,w03_s005,3,2,29,0.9310344827586207
loop,next_9_12,heldout_worker,physical_action+token_current,shift_3,w00_s000,0,1,55,0.6727272727272726
loop,next_9_12,heldout_worker,physical_action+token_current,shift_3,w00_s001,0,3,62,0.5483870967741935
loop,next_9_12,heldout_worker,physical_action+token_current,shift_3,w00_s002,0,2,80,0.7125
loop,next_9_12,heldout_worker,physical_action+token_current,shift_3,w00_s003,0,2,71,0.43661971830985913
loop,next_9_12,heldout_worker,physical_action+token_current,shift_3,w00_s004,0,1,63,0.6031746031746033
loop,next_9_12,heldout_worker,physical_action+token_current,shift_3,w00_s005,0,4,78,0.6923076923076923
loop,next_9_12,heldout_worker,physical_action+token_current,shift_3,w01_s000,1,2,54,0.4444444444444444
loop,next_9_12,heldout_worker,physical_action+token_current,shift_3,w01_s001,1,3,62,0.7258064516129032
loop,next_9_12,heldout_worker,physical_action+token_current,shift_3,w01_s002,1,2,61,0.5901639344262295
loop,next_9_12,heldout_worker,physical_action+token_current,shift_3,w01_s003,1,2,47,0.5531914893617021
loop,next_9_12,heldout_worker,physical_action+token_current,shift_3,w01_s004,1,2,62,0.3548387096774194
loop,next_9_12,heldout_worker,physical_action+token_current,shift_3,w02_s000,2,2,43,0.9534883720930233
loop,next_9_12,heldout_worker,physical_action+token_current,shift_3,w02_s001,2,2,62,0.48387096774193544
loop,next_9_12,heldout_worker,physical_action+token_current,shift_3,w02_s002,2,3,63,0.746031746031746
loop,next_9_12,heldout_worker,physical_action+token_current,shift_3,w02_s003,2,3,86,0.3953488372093023
loop,next_9_12,heldout_worker,physical_action+token_current,shift_3,w02_s004,2,4,72,0.6805555555555556
loop,next_9_12,heldout_worker,physical_action+token_current,shift_3,w03_s001,3,1,15,0.4
loop,next_9_12,heldout_worker,physical_action+token_current,shift_3,w03_s003,3,1,15,1.0
loop,next_9_12,heldout_worker,physical_action+token_current,shift_3,w03_s004,3,2,29,0.6896551724137931
loop,next_9_12,heldout_worker,physical_action+token_current,shift_3,w03_s005,3,2,29,0.6206896551724138
loop,next_9_12,heldout_worker,physical+token_current,shift_3,w00_s000,0,1,55,0.4545454545454546
loop,next_9_12,heldout_worker,physical+token_current,shift_3,w00_s001,0,3,62,0.5645161290322581
loop,next_9_12,heldout_worker,physical+token_current,shift_3,w00_s002,0,2,80,0.7625
loop,next_9_12,heldout_worker,physical+token_current,shift_3,w00_s003,0,2,71,0.5915492957746479
loop,next_9_12,heldout_worker,physical+token_current,shift_3,w00_s004,0,1,63,0.6190476190476191
loop,next_9_12,heldout_worker,physical+token_current,shift_3,w00_s005,0,4,78,0.7692307692307693
loop,next_9_12,heldout_worker,physical+token_current,shift_3,w01_s000,1,2,54,0.5
loop,next_9_12,heldout_worker,physical+token_current,shift_3,w01_s001,1,3,62,0.5483870967741935
loop,next_9_12,heldout_worker,physical+token_current,shift_3,w01_s002,1,2,61,0.2459016393442623
loop,next_9_12,heldout_worker,physical+token_current,shift_3,w01_s003,1,2,47,0.5319148936170213
loop,next_9_12,heldout_worker,physical+token_current,shift_3,w01_s004,1,2,62,0.3387096774193548
loop,next_9_12,heldout_worker,physical+token_current,shift_3,w02_s000,2,2,43,0.813953488372093
loop,next_9_12,heldout_worker,physical+token_current,shift_3,w02_s001,2,2,62,0.4838709677419355
loop,next_9_12,heldout_worker,physical+token_current,shift_3,w02_s002,2,3,63,0.7936507936507935
loop,next_9_12,heldout_worker,physical+token_current,shift_3,w02_s003,2,3,86,0.5697674418604651
loop,next_9_12,heldout_worker,physical+token_current,shift_3,w02_s004,2,4,72,0.4722222222222222
loop,next_9_12,heldout_worker,physical+token_current,shift_3,w03_s001,3,1,15,1.0
loop,next_9_12,heldout_worker,physical+token_current,shift_3,w03_s003,3,1,15,1.0
loop,next_9_12,heldout_worker,physical+token_current,shift_3,w03_s004,3,2,29,0.6896551724137931
loop,next_9_12,heldout_worker,physical+token_current,shift_3,w03_s005,3,2,29,0.8275862068965517
loop,next_9_12,heldout_worker,moe_token_history,aligned,w00_s000,0,1,55,0.8909090909090909
loop,next_9_12,heldout_worker,moe_token_history,aligned,w00_s001,0,3,62,0.6290322580645161
loop,next_9_12,heldout_worker,moe_token_history,aligned,w00_s002,0,2,80,0.825
loop,next_9_12,heldout_worker,moe_token_history,aligned,w00_s003,0,2,71,0.5211267605633803
loop,next_9_12,heldout_worker,moe_token_history,aligned,w00_s004,0,1,63,0.5396825396825398
loop,next_9_12,heldout_worker,moe_token_history,aligned,w00_s005,0,4,78,0.5769230769230769
loop,next_9_12,heldout_worker,moe_token_history,aligned,w01_s000,1,2,54,0.574074074074074
loop,next_9_12,heldout_worker,moe_token_history,aligned,w01_s001,1,3,62,0.6935483870967742
loop,next_9_12,heldout_worker,moe_token_history,aligned,w01_s002,1,2,61,0.3770491803278688
loop,next_9_12,heldout_worker,moe_token_history,aligned,w01_s003,1,2,47,0.8936170212765957
loop,next_9_12,heldout_worker,moe_token_history,aligned,w01_s004,1,2,62,0.6935483870967742
loop,next_9_12,heldout_worker,moe_token_history,aligned,w02_s000,2,2,43,0.7441860465116279
loop,next_9_12,heldout_worker,moe_token_history,aligned,w02_s001,2,2,62,0.43548387096774194
loop,next_9_12,heldout_worker,moe_token_history,aligned,w02_s002,2,3,63,0.5396825396825397
loop,next_9_12,heldout_worker,moe_token_history,aligned,w02_s003,2,3,86,0.5
loop,next_9_12,heldout_worker,moe_token_history,aligned,w02_s004,2,4,72,0.5833333333333334
loop,next_9_12,heldout_worker,moe_token_history,aligned,w03_s001,3,1,15,0.9333333333333333
loop,next_9_12,heldout_worker,moe_token_history,aligned,w03_s003,3,1,15,0.6666666666666667
loop,next_9_12,heldout_worker,moe_token_history,aligned,w03_s004,3,2,29,0.5517241379310345
loop,next_9_12,heldout_worker,moe_token_history,aligned,w03_s005,3,2,29,0.6551724137931034
loop,next_9_12,heldout_worker,physical_action+token_history,aligned,w00_s000,0,1,55,0.8181818181818182
loop,next_9_12,heldout_worker,physical_action+token_history,aligned,w00_s001,0,3,62,0.7580645161290323
loop,next_9_12,heldout_worker,physical_action+token_history,aligned,w00_s002,0,2,80,0.7625
loop,next_9_12,heldout_worker,physical_action+token_history,aligned,w00_s003,0,2,71,0.7887323943661971
loop,next_9_12,heldout_worker,physical_action+token_history,aligned,w00_s004,0,1,63,0.6031746031746033
loop,next_9_12,heldout_worker,physical_action+token_history,aligned,w00_s005,0,4,78,0.7435897435897435
loop,next_9_12,heldout_worker,physical_action+token_history,aligned,w01_s000,1,2,54,0.7222222222222222
loop,next_9_12,heldout_worker,physical_action+token_history,aligned,w01_s001,1,3,62,0.6935483870967742
loop,next_9_12,heldout_worker,physical_action+token_history,aligned,w01_s002,1,2,61,0.6885245901639344
loop,next_9_12,heldout_worker,physical_action+token_history,aligned,w01_s003,1,2,47,0.44680851063829785
loop,next_9_12,heldout_worker,physical_action+token_history,aligned,w01_s004,1,2,62,0.7741935483870969
loop,next_9_12,heldout_worker,physical_action+token_history,aligned,w02_s000,2,2,43,0.9534883720930233
loop,next_9_12,heldout_worker,physical_action+token_history,aligned,w02_s001,2,2,62,0.5645161290322581
loop,next_9_12,heldout_worker,physical_action+token_history,aligned,w02_s002,2,3,63,0.9206349206349206
loop,next_9_12,heldout_worker,physical_action+token_history,aligned,w02_s003,2,3,86,0.5
loop,next_9_12,heldout_worker,physical_action+token_history,aligned,w02_s004,2,4,72,0.625
loop,next_9_12,heldout_worker,physical_action+token_history,aligned,w03_s001,3,1,15,0.8666666666666667
loop,next_9_12,heldout_worker,physical_action+token_history,aligned,w03_s003,3,1,15,1.0
loop,next_9_12,heldout_worker,physical_action+token_history,aligned,w03_s004,3,2,29,0.6551724137931034
loop,next_9_12,heldout_worker,physical_action+token_history,aligned,w03_s005,3,2,29,0.8275862068965517
loop,next_9_12,heldout_worker,physical+token_history,aligned,w00_s000,0,1,55,0.8909090909090909
loop,next_9_12,heldout_worker,physical+token_history,aligned,w00_s001,0,3,62,0.9032258064516128
loop,next_9_12,heldout_worker,physical+token_history,aligned,w00_s002,0,2,80,0.7875
loop,next_9_12,heldout_worker,physical+token_history,aligned,w00_s003,0,2,71,0.6338028169014085
loop,next_9_12,heldout_worker,physical+token_history,aligned,w00_s004,0,1,63,0.6031746031746033
loop,next_9_12,heldout_worker,physical+token_history,aligned,w00_s005,0,4,78,0.717948717948718
loop,next_9_12,heldout_worker,physical+token_history,aligned,w01_s000,1,2,54,0.7222222222222222
loop,next_9_12,heldout_worker,physical+token_history,aligned,w01_s001,1,3,62,0.7258064516129032
loop,next_9_12,heldout_worker,physical+token_history,aligned,w01_s002,1,2,61,0.6885245901639344
loop,next_9_12,heldout_worker,physical+token_history,aligned,w01_s003,1,2,47,0.8297872340425532
loop,next_9_12,heldout_worker,physical+token_history,aligned,w01_s004,1,2,62,0.7580645161290323
loop,next_9_12,heldout_worker,physical+token_history,aligned,w02_s000,2,2,43,0.6279069767441859
loop,next_9_12,heldout_worker,physical+token_history,aligned,w02_s001,2,2,62,0.4838709677419354
loop,next_9_12,heldout_worker,physical+token_history,aligned,w02_s002,2,3,63,0.746031746031746
loop,next_9_12,heldout_worker,physical+token_history,aligned,w02_s003,2,3,86,0.6046511627906976
loop,next_9_12,heldout_worker,physical+token_history,aligned,w02_s004,2,4,72,0.6527777777777778
loop,next_9_12,heldout_worker,physical+token_history,aligned,w03_s001,3,1,15,1.0
loop,next_9_12,heldout_worker,physical+token_history,aligned,w03_s003,3,1,15,1.0
loop,next_9_12,heldout_worker,physical+token_history,aligned,w03_s004,3,2,29,0.7241379310344828
loop,next_9_12,heldout_worker,physical+token_history,aligned,w03_s005,3,2,29,0.8620689655172413
loop,next_9_12,heldout_worker,physical_action+token_history,shift_1,w00_s000,0,1,55,0.7818181818181819
loop,next_9_12,heldout_worker,physical_action+token_history,shift_1,w00_s001,0,3,62,0.33870967741935476
loop,next_9_12,heldout_worker,physical_action+token_history,shift_1,w00_s002,0,2,80,0.25
loop,next_9_12,heldout_worker,physical_action+token_history,shift_1,w00_s003,0,2,71,0.7323943661971831
loop,next_9_12,heldout_worker,physical_action+token_history,shift_1,w00_s004,0,1,63,0.5555555555555556
loop,next_9_12,heldout_worker,physical_action+token_history,shift_1,w00_s005,0,4,78,0.6025641025641025
loop,next_9_12,heldout_worker,physical_action+token_history,shift_1,w01_s000,1,2,54,0.6666666666666666
loop,next_9_12,heldout_worker,physical_action+token_history,shift_1,w01_s001,1,3,62,0.5967741935483871
loop,next_9_12,heldout_worker,physical_action+token_history,shift_1,w01_s002,1,2,61,0.7704918032786885
loop,next_9_12,heldout_worker,physical_action+token_history,shift_1,w01_s003,1,2,47,0.6170212765957448
loop,next_9_12,heldout_worker,physical_action+token_history,shift_1,w01_s004,1,2,62,0.2580645161290323
loop,next_9_12,heldout_worker,physical_action+token_history,shift_1,w02_s000,2,2,43,0.7906976744186046
loop,next_9_12,heldout_worker,physical_action+token_history,shift_1,w02_s001,2,2,62,0.532258064516129
loop,next_9_12,heldout_worker,physical_action+token_history,shift_1,w02_s002,2,3,63,0.7936507936507935
loop,next_9_12,heldout_worker,physical_action+token_history,shift_1,w02_s003,2,3,86,0.3953488372093023
loop,next_9_12,heldout_worker,physical_action+token_history,shift_1,w02_s004,2,4,72,0.3888888888888889
loop,next_9_12,heldout_worker,physical_action+token_history,shift_1,w03_s001,3,1,15,0.33333333333333337
loop,next_9_12,heldout_worker,physical_action+token_history,shift_1,w03_s003,3,1,15,1.0
loop,next_9_12,heldout_worker,physical_action+token_history,shift_1,w03_s004,3,2,29,0.8620689655172413
loop,next_9_12,heldout_worker,physical_action+token_history,shift_1,w03_s005,3,2,29,0.5862068965517241
loop,next_9_12,heldout_worker,physical+token_history,shift_1,w00_s000,0,1,55,0.7454545454545455
loop,next_9_12,heldout_worker,physical+token_history,shift_1,w00_s001,0,3,62,0.41935483870967744
loop,next_9_12,heldout_worker,physical+token_history,shift_1,w00_s002,0,2,80,0.25
loop,next_9_12,heldout_worker,physical+token_history,shift_1,w00_s003,0,2,71,0.6338028169014085
loop,next_9_12,heldout_worker,physical+token_history,shift_1,w00_s004,0,1,63,0.5555555555555556
loop,next_9_12,heldout_worker,physical+token_history,shift_1,w00_s005,0,4,78,0.6153846153846154
loop,next_9_12,heldout_worker,physical+token_history,shift_1,w01_s000,1,2,54,0.5925925925925926
loop,next_9_12,heldout_worker,physical+token_history,shift_1,w01_s001,1,3,62,0.48387096774193544
loop,next_9_12,heldout_worker,physical+token_history,shift_1,w01_s002,1,2,61,0.459016393442623
loop,next_9_12,heldout_worker,physical+token_history,shift_1,w01_s003,1,2,47,0.48936170212765956
loop,next_9_12,heldout_worker,physical+token_history,shift_1,w01_s004,1,2,62,0.1935483870967742
loop,next_9_12,heldout_worker,physical+token_history,shift_1,w02_s000,2,2,43,0.5581395348837209
loop,next_9_12,heldout_worker,physical+token_history,shift_1,w02_s001,2,2,62,0.4999999999999999
loop,next_9_12,heldout_worker,physical+token_history,shift_1,w02_s002,2,3,63,0.6984126984126984
loop,next_9_12,heldout_worker,physical+token_history,shift_1,w02_s003,2,3,86,0.627906976744186
loop,next_9_12,heldout_worker,physical+token_history,shift_1,w02_s004,2,4,72,0.4722222222222222
loop,next_9_12,heldout_worker,physical+token_history,shift_1,w03_s001,3,1,15,0.9333333333333333
loop,next_9_12,heldout_worker,physical+token_history,shift_1,w03_s003,3,1,15,1.0
loop,next_9_12,heldout_worker,physical+token_history,shift_1,w03_s004,3,2,29,0.8620689655172413
loop,next_9_12,heldout_worker,physical+token_history,shift_1,w03_s005,3,2,29,0.6206896551724138
loop,next_9_12,heldout_worker,physical_action+token_history,shift_2,w00_s000,0,1,55,0.49090909090909096
loop,next_9_12,heldout_worker,physical_action+token_history,shift_2,w00_s001,0,3,62,0.43548387096774194
loop,next_9_12,heldout_worker,physical_action+token_history,shift_2,w00_s002,0,2,80,0.5875
loop,next_9_12,heldout_worker,physical_action+token_history,shift_2,w00_s003,0,2,71,0.5915492957746479
loop,next_9_12,heldout_worker,physical_action+token_history,shift_2,w00_s004,0,1,63,0.5714285714285714
loop,next_9_12,heldout_worker,physical_action+token_history,shift_2,w00_s005,0,4,78,0.6538461538461539
loop,next_9_12,heldout_worker,physical_action+token_history,shift_2,w01_s000,1,2,54,0.2962962962962963
loop,next_9_12,heldout_worker,physical_action+token_history,shift_2,w01_s001,1,3,62,0.8548387096774194
loop,next_9_12,heldout_worker,physical_action+token_history,shift_2,w01_s002,1,2,61,0.4918032786885245
loop,next_9_12,heldout_worker,physical_action+token_history,shift_2,w01_s003,1,2,47,0.6382978723404256
loop,next_9_12,heldout_worker,physical_action+token_history,shift_2,w01_s004,1,2,62,0.8548387096774194
loop,next_9_12,heldout_worker,physical_action+token_history,shift_2,w02_s000,2,2,43,0.6046511627906976
loop,next_9_12,heldout_worker,physical_action+token_history,shift_2,w02_s001,2,2,62,0.48387096774193555
loop,next_9_12,heldout_worker,physical_action+token_history,shift_2,w02_s002,2,3,63,0.7301587301587301
loop,next_9_12,heldout_worker,physical_action+token_history,shift_2,w02_s003,2,3,86,0.46511627906976755
loop,next_9_12,heldout_worker,physical_action+token_history,shift_2,w02_s004,2,4,72,0.3888888888888889
loop,next_9_12,heldout_worker,physical_action+token_history,shift_2,w03_s001,3,1,15,0.4666666666666667
loop,next_9_12,heldout_worker,physical_action+token_history,shift_2,w03_s003,3,1,15,0.9333333333333333
loop,next_9_12,heldout_worker,physical_action+token_history,shift_2,w03_s004,3,2,29,0.6206896551724138
loop,next_9_12,heldout_worker,physical_action+token_history,shift_2,w03_s005,3,2,29,0.6551724137931034
loop,next_9_12,heldout_worker,physical+token_history,shift_2,w00_s000,0,1,55,0.509090909090909
loop,next_9_12,heldout_worker,physical+token_history,shift_2,w00_s001,0,3,62,0.46774193548387094
loop,next_9_12,heldout_worker,physical+token_history,shift_2,w00_s002,0,2,80,0.6375
loop,next_9_12,heldout_worker,physical+token_history,shift_2,w00_s003,0,2,71,0.5352112676056338
loop,next_9_12,heldout_worker,physical+token_history,shift_2,w00_s004,0,1,63,0.5555555555555556
loop,next_9_12,heldout_worker,physical+token_history,shift_2,w00_s005,0,4,78,0.7435897435897436
loop,next_9_12,heldout_worker,physical+token_history,shift_2,w01_s000,1,2,54,0.2777777777777778
loop,next_9_12,heldout_worker,physical+token_history,shift_2,w01_s001,1,3,62,0.5967741935483871
loop,next_9_12,heldout_worker,physical+token_history,shift_2,w01_s002,1,2,61,0.3770491803278688
loop,next_9_12,heldout_worker,physical+token_history,shift_2,w01_s003,1,2,47,0.7872340425531915
loop,next_9_12,heldout_worker,physical+token_history,shift_2,w01_s004,1,2,62,0.7258064516129032
loop,next_9_12,heldout_worker,physical+token_history,shift_2,w02_s000,2,2,43,0.3953488372093023
loop,next_9_12,heldout_worker,physical+token_history,shift_2,w02_s001,2,2,62,0.48387096774193544
loop,next_9_12,heldout_worker,physical+token_history,shift_2,w02_s002,2,3,63,0.6031746031746031
loop,next_9_12,heldout_worker,physical+token_history,shift_2,w02_s003,2,3,86,0.5232558139534884
loop,next_9_12,heldout_worker,physical+token_history,shift_2,w02_s004,2,4,72,0.4027777777777778
loop,next_9_12,heldout_worker,physical+token_history,shift_2,w03_s001,3,1,15,1.0
loop,next_9_12,heldout_worker,physical+token_history,shift_2,w03_s003,3,1,15,0.9333333333333333
loop,next_9_12,heldout_worker,physical+token_history,shift_2,w03_s004,3,2,29,0.5862068965517241
loop,next_9_12,heldout_worker,physical+token_history,shift_2,w03_s005,3,2,29,0.8275862068965517
loop,next_9_12,heldout_worker,physical_action+token_history,shift_3,w00_s000,0,1,55,0.38181818181818183
loop,next_9_12,heldout_worker,physical_action+token_history,shift_3,w00_s001,0,3,62,0.24193548387096775
loop,next_9_12,heldout_worker,physical_action+token_history,shift_3,w00_s002,0,2,80,0.5
loop,next_9_12,heldout_worker,physical_action+token_history,shift_3,w00_s003,0,2,71,0.5070422535211268
loop,next_9_12,heldout_worker,physical_action+token_history,shift_3,w00_s004,0,1,63,0.5238095238095237
loop,next_9_12,heldout_worker,physical_action+token_history,shift_3,w00_s005,0,4,78,0.5769230769230769
loop,next_9_12,heldout_worker,physical_action+token_history,shift_3,w01_s000,1,2,54,0.4444444444444444
loop,next_9_12,heldout_worker,physical_action+token_history,shift_3,w01_s001,1,3,62,0.5645161290322581
loop,next_9_12,heldout_worker,physical_action+token_history,shift_3,w01_s002,1,2,61,0.5245901639344263
loop,next_9_12,heldout_worker,physical_action+token_history,shift_3,w01_s003,1,2,47,0.2765957446808511
loop,next_9_12,heldout_worker,physical_action+token_history,shift_3,w01_s004,1,2,62,0.3387096774193548
loop,next_9_12,heldout_worker,physical_action+token_history,shift_3,w02_s000,2,2,43,0.9302325581395349
loop,next_9_12,heldout_worker,physical_action+token_history,shift_3,w02_s001,2,2,62,0.4677419354838709
loop,next_9_12,heldout_worker,physical_action+token_history,shift_3,w02_s002,2,3,63,0.7619047619047619
loop,next_9_12,heldout_worker,physical_action+token_history,shift_3,w02_s003,2,3,86,0.47674418604651164
loop,next_9_12,heldout_worker,physical_action+token_history,shift_3,w02_s004,2,4,72,0.5833333333333334
loop,next_9_12,heldout_worker,physical_action+token_history,shift_3,w03_s001,3,1,15,0.6666666666666667
loop,next_9_12,heldout_worker,physical_action+token_history,shift_3,w03_s003,3,1,15,0.9333333333333333
loop,next_9_12,heldout_worker,physical_action+token_history,shift_3,w03_s004,3,2,29,0.7241379310344828
loop,next_9_12,heldout_worker,physical_action+token_history,shift_3,w03_s005,3,2,29,0.4827586206896552
loop,next_9_12,heldout_worker,physical+token_history,shift_3,w00_s000,0,1,55,0.2909090909090909
loop,next_9_12,heldout_worker,physical+token_history,shift_3,w00_s001,0,3,62,0.3225806451612903
loop,next_9_12,heldout_worker,physical+token_history,shift_3,w00_s002,0,2,80,0.6125
loop,next_9_12,heldout_worker,physical+token_history,shift_3,w00_s003,0,2,71,0.4084507042253521
loop,next_9_12,heldout_worker,physical+token_history,shift_3,w00_s004,0,1,63,0.47619047619047616
loop,next_9_12,heldout_worker,physical+token_history,shift_3,w00_s005,0,4,78,0.6794871794871795
loop,next_9_12,heldout_worker,physical+token_history,shift_3,w01_s000,1,2,54,0.49999999999999994
loop,next_9_12,heldout_worker,physical+token_history,shift_3,w01_s001,1,3,62,0.5806451612903226
loop,next_9_12,heldout_worker,physical+token_history,shift_3,w01_s002,1,2,61,0.45901639344262296
loop,next_9_12,heldout_worker,physical+token_history,shift_3,w01_s003,1,2,47,0.2978723404255319
loop,next_9_12,heldout_worker,physical+token_history,shift_3,w01_s004,1,2,62,0.3709677419354839
loop,next_9_12,heldout_worker,physical+token_history,shift_3,w02_s000,2,2,43,0.7674418604651163
loop,next_9_12,heldout_worker,physical+token_history,shift_3,w02_s001,2,2,62,0.532258064516129
loop,next_9_12,heldout_worker,physical+token_history,shift_3,w02_s002,2,3,63,0.7301587301587301
loop,next_9_12,heldout_worker,physical+token_history,shift_3,w02_s003,2,3,86,0.5465116279069767
loop,next_9_12,heldout_worker,physical+token_history,shift_3,w02_s004,2,4,72,0.4583333333333333
loop,next_9_12,heldout_worker,physical+token_history,shift_3,w03_s001,3,1,15,1.0
loop,next_9_12,heldout_worker,physical+token_history,shift_3,w03_s003,3,1,15,1.0
loop,next_9_12,heldout_worker,physical+token_history,shift_3,w03_s004,3,2,29,0.7586206896551724
loop,next_9_12,heldout_worker,physical+token_history,shift_3,w03_s005,3,2,29,0.6206896551724138
static,next_1_4,heldout_snapshot,rate_only,aligned,w00_s005,0,1,15,0.5
static,next_1_4,heldout_snapshot,rate_only,aligned,w01_s003,1,1,15,0.5
static,next_1_4,heldout_snapshot,rate_only,aligned,w02_s002,2,1,39,0.5
static,next_1_4,heldout_snapshot,rate_only,aligned,w00_s002,0,1,15,0.5
static,next_1_4,heldout_snapshot,rate_only,aligned,w00_s003,0,1,39,0.5
static,next_1_4,heldout_snapshot,rate_only,aligned,w02_s004,2,1,55,0.5
static,next_1_4,heldout_snapshot,rate_only,aligned,w00_s004,0,1,28,0.5
static,next_1_4,heldout_snapshot,physical_action,aligned,w00_s005,0,1,15,1.0
static,next_1_4,heldout_snapshot,physical_action,aligned,w01_s003,1,1,15,1.0
static,next_1_4,heldout_snapshot,physical_action,aligned,w02_s002,2,1,39,0.6923076923076923
static,next_1_4,heldout_snapshot,physical_action,aligned,w00_s002,0,1,15,0.9333333333333333
static,next_1_4,heldout_snapshot,physical_action,aligned,w00_s003,0,1,39,0.8974358974358975
static,next_1_4,heldout_snapshot,physical_action,aligned,w02_s004,2,1,55,0.9272727272727272
static,next_1_4,heldout_snapshot,physical_action,aligned,w00_s004,0,1,28,0.8571428571428571
static,next_1_4,heldout_snapshot,physical,aligned,w00_s005,0,1,15,0.9333333333333333
static,next_1_4,heldout_snapshot,physical,aligned,w01_s003,1,1,15,1.0
static,next_1_4,heldout_snapshot,physical,aligned,w02_s002,2,1,39,0.641025641025641
static,next_1_4,heldout_snapshot,physical,aligned,w00_s002,0,1,15,0.6666666666666667
static,next_1_4,heldout_snapshot,physical,aligned,w00_s003,0,1,39,0.8717948717948716
static,next_1_4,heldout_snapshot,physical,aligned,w02_s004,2,1,55,0.8545454545454545
static,next_1_4,heldout_snapshot,physical,aligned,w00_s004,0,1,28,0.6428571428571429
static,next_1_4,heldout_snapshot,moe_aggregate_current,aligned,w00_s005,0,1,15,0.1333333333333333
static,next_1_4,heldout_snapshot,moe_aggregate_current,aligned,w01_s003,1,1,15,0.4
static,next_1_4,heldout_snapshot,moe_aggregate_current,aligned,w02_s002,2,1,39,0.2051282051282051
static,next_1_4,heldout_snapshot,moe_aggregate_current,aligned,w00_s002,0,1,15,0.0
static,next_1_4,heldout_snapshot,moe_aggregate_current,aligned,w00_s003,0,1,39,0.282051282051282
static,next_1_4,heldout_snapshot,moe_aggregate_current,aligned,w02_s004,2,1,55,0.5272727272727272
static,next_1_4,heldout_snapshot,moe_aggregate_current,aligned,w00_s004,0,1,28,0.35714285714285715
static,next_1_4,heldout_snapshot,physical_action+aggregate_current,aligned,w00_s005,0,1,15,0.8666666666666667
static,next_1_4,heldout_snapshot,physical_action+aggregate_current,aligned,w01_s003,1,1,15,1.0
static,next_1_4,heldout_snapshot,physical_action+aggregate_current,aligned,w02_s002,2,1,39,0.5897435897435898
static,next_1_4,heldout_snapshot,physical_action+aggregate_current,aligned,w00_s002,0,1,15,1.0
static,next_1_4,heldout_snapshot,physical_action+aggregate_current,aligned,w00_s003,0,1,39,0.7692307692307693
static,next_1_4,heldout_snapshot,physical_action+aggregate_current,aligned,w02_s004,2,1,55,0.9636363636363636
static,next_1_4,heldout_snapshot,physical_action+aggregate_current,aligned,w00_s004,0,1,28,0.8214285714285714
static,next_1_4,heldout_snapshot,physical+aggregate_current,aligned,w00_s005,0,1,15,1.0
static,next_1_4,heldout_snapshot,physical+aggregate_current,aligned,w01_s003,1,1,15,0.8666666666666667
static,next_1_4,heldout_snapshot,physical+aggregate_current,aligned,w02_s002,2,1,39,0.4871794871794871
static,next_1_4,heldout_snapshot,physical+aggregate_current,aligned,w00_s002,0,1,15,0.7333333333333333
static,next_1_4,heldout_snapshot,physical+aggregate_current,aligned,w00_s003,0,1,39,0.5384615384615384
static,next_1_4,heldout_snapshot,physical+aggregate_current,aligned,w02_s004,2,1,55,0.8545454545454545
static,next_1_4,heldout_snapshot,physical+aggregate_current,aligned,w00_s004,0,1,28,0.7142857142857143
static,next_1_4,heldout_snapshot,physical_action+aggregate_current,shift_1,w00_s005,0,1,15,0.8666666666666667
static,next_1_4,heldout_snapshot,physical_action+aggregate_current,shift_1,w01_s003,1,1,15,1.0
static,next_1_4,heldout_snapshot,physical_action+aggregate_current,shift_1,w02_s002,2,1,39,0.6923076923076923
static,next_1_4,heldout_snapshot,physical_action+aggregate_current,shift_1,w00_s002,0,1,15,1.0
static,next_1_4,heldout_snapshot,physical_action+aggregate_current,shift_1,w00_s003,0,1,39,0.7692307692307692
static,next_1_4,heldout_snapshot,physical_action+aggregate_current,shift_1,w02_s004,2,1,55,0.9272727272727272
static,next_1_4,heldout_snapshot,physical_action+aggregate_current,shift_1,w00_s004,0,1,28,0.8928571428571429
static,next_1_4,heldout_snapshot,physical+aggregate_current,shift_1,w00_s005,0,1,15,1.0
static,next_1_4,heldout_snapshot,physical+aggregate_current,shift_1,w01_s003,1,1,15,1.0
static,next_1_4,heldout_snapshot,physical+aggregate_current,shift_1,w02_s002,2,1,39,0.7435897435897436
static,next_1_4,heldout_snapshot,physical+aggregate_current,shift_1,w00_s002,0,1,15,0.6666666666666667
static,next_1_4,heldout_snapshot,physical+aggregate_current,shift_1,w00_s003,0,1,39,0.717948717948718
static,next_1_4,heldout_snapshot,physical+aggregate_current,shift_1,w02_s004,2,1,55,0.8181818181818182
static,next_1_4,heldout_snapshot,physical+aggregate_current,shift_1,w00_s004,0,1,28,0.6428571428571429
static,next_1_4,heldout_snapshot,physical_action+aggregate_current,shift_2,w00_s005,0,1,15,1.0
static,next_1_4,heldout_snapshot,physical_action+aggregate_current,shift_2,w01_s003,1,1,15,1.0
static,next_1_4,heldout_snapshot,physical_action+aggregate_current,shift_2,w02_s002,2,1,39,0.7435897435897436
static,next_1_4,heldout_snapshot,physical_action+aggregate_current,shift_2,w00_s002,0,1,15,0.9333333333333333
static,next_1_4,heldout_snapshot,physical_action+aggregate_current,shift_2,w00_s003,0,1,39,0.9487179487179487
static,next_1_4,heldout_snapshot,physical_action+aggregate_current,shift_2,w02_s004,2,1,55,0.8727272727272727
static,next_1_4,heldout_snapshot,physical_action+aggregate_current,shift_2,w00_s004,0,1,28,0.7857142857142857
static,next_1_4,heldout_snapshot,physical+aggregate_current,shift_2,w00_s005,0,1,15,0.9333333333333333
static,next_1_4,heldout_snapshot,physical+aggregate_current,shift_2,w01_s003,1,1,15,0.5333333333333333
static,next_1_4,heldout_snapshot,physical+aggregate_current,shift_2,w02_s002,2,1,39,0.7692307692307692
static,next_1_4,heldout_snapshot,physical+aggregate_current,shift_2,w00_s002,0,1,15,0.6666666666666667
static,next_1_4,heldout_snapshot,physical+aggregate_current,shift_2,w00_s003,0,1,39,0.8205128205128205
static,next_1_4,heldout_snapshot,physical+aggregate_current,shift_2,w02_s004,2,1,55,0.8363636363636363
static,next_1_4,heldout_snapshot,physical+aggregate_current,shift_2,w00_s004,0,1,28,0.6428571428571429
static,next_1_4,heldout_snapshot,physical_action+aggregate_current,shift_3,w00_s005,0,1,15,1.0
static,next_1_4,heldout_snapshot,physical_action+aggregate_current,shift_3,w01_s003,1,1,15,1.0
static,next_1_4,heldout_snapshot,physical_action+aggregate_current,shift_3,w02_s002,2,1,39,0.7435897435897436
static,next_1_4,heldout_snapshot,physical_action+aggregate_current,shift_3,w00_s002,0,1,15,1.0
static,next_1_4,heldout_snapshot,physical_action+aggregate_current,shift_3,w00_s003,0,1,39,0.8205128205128205
static,next_1_4,heldout_snapshot,physical_action+aggregate_current,shift_3,w02_s004,2,1,55,0.9636363636363636
static,next_1_4,heldout_snapshot,physical_action+aggregate_current,shift_3,w00_s004,0,1,28,0.8214285714285714
static,next_1_4,heldout_snapshot,physical+aggregate_current,shift_3,w00_s005,0,1,15,1.0
static,next_1_4,heldout_snapshot,physical+aggregate_current,shift_3,w01_s003,1,1,15,1.0
static,next_1_4,heldout_snapshot,physical+aggregate_current,shift_3,w02_s002,2,1,39,0.6153846153846154
static,next_1_4,heldout_snapshot,physical+aggregate_current,shift_3,w00_s002,0,1,15,0.6666666666666667
static,next_1_4,heldout_snapshot,physical+aggregate_current,shift_3,w00_s003,0,1,39,0.6923076923076923
static,next_1_4,heldout_snapshot,physical+aggregate_current,shift_3,w02_s004,2,1,55,0.8909090909090909
static,next_1_4,heldout_snapshot,physical+aggregate_current,shift_3,w00_s004,0,1,28,0.6785714285714285
static,next_1_4,heldout_snapshot,moe_token_current,aligned,w00_s005,0,1,15,0.7333333333333333
static,next_1_4,heldout_snapshot,moe_token_current,aligned,w01_s003,1,1,15,0.9333333333333333
static,next_1_4,heldout_snapshot,moe_token_current,aligned,w02_s002,2,1,39,0.6666666666666666
static,next_1_4,heldout_snapshot,moe_token_current,aligned,w00_s002,0,1,15,0.4
static,next_1_4,heldout_snapshot,moe_token_current,aligned,w00_s003,0,1,39,0.7692307692307693
static,next_1_4,heldout_snapshot,moe_token_current,aligned,w02_s004,2,1,55,0.5818181818181818
static,next_1_4,heldout_snapshot,moe_token_current,aligned,w00_s004,0,1,28,0.8571428571428571
static,next_1_4,heldout_snapshot,physical_action+token_current,aligned,w00_s005,0,1,15,1.0
static,next_1_4,heldout_snapshot,physical_action+token_current,aligned,w01_s003,1,1,15,1.0
static,next_1_4,heldout_snapshot,physical_action+token_current,aligned,w02_s002,2,1,39,0.7435897435897436
static,next_1_4,heldout_snapshot,physical_action+token_current,aligned,w00_s002,0,1,15,0.8666666666666667
static,next_1_4,heldout_snapshot,physical_action+token_current,aligned,w00_s003,0,1,39,0.7692307692307692
static,next_1_4,heldout_snapshot,physical_action+token_current,aligned,w02_s004,2,1,55,0.8727272727272729
static,next_1_4,heldout_snapshot,physical_action+token_current,aligned,w00_s004,0,1,28,0.8571428571428571
static,next_1_4,heldout_snapshot,physical+token_current,aligned,w00_s005,0,1,15,1.0
static,next_1_4,heldout_snapshot,physical+token_current,aligned,w01_s003,1,1,15,1.0
static,next_1_4,heldout_snapshot,physical+token_current,aligned,w02_s002,2,1,39,0.7179487179487178
static,next_1_4,heldout_snapshot,physical+token_current,aligned,w00_s002,0,1,15,0.7333333333333333
static,next_1_4,heldout_snapshot,physical+token_current,aligned,w00_s003,0,1,39,0.7948717948717948
static,next_1_4,heldout_snapshot,physical+token_current,aligned,w02_s004,2,1,55,0.7818181818181819
static,next_1_4,heldout_snapshot,physical+token_current,aligned,w00_s004,0,1,28,0.7142857142857142
static,next_1_4,heldout_snapshot,physical_action+token_current,shift_1,w00_s005,0,1,15,1.0
static,next_1_4,heldout_snapshot,physical_action+token_current,shift_1,w01_s003,1,1,15,1.0
static,next_1_4,heldout_snapshot,physical_action+token_current,shift_1,w02_s002,2,1,39,0.8205128205128205
static,next_1_4,heldout_snapshot,physical_action+token_current,shift_1,w00_s002,0,1,15,1.0
static,next_1_4,heldout_snapshot,physical_action+token_current,shift_1,w00_s003,0,1,39,0.6923076923076923
static,next_1_4,heldout_snapshot,physical_action+token_current,shift_1,w02_s004,2,1,55,0.8909090909090909
static,next_1_4,heldout_snapshot,physical_action+token_current,shift_1,w00_s004,0,1,28,0.9285714285714286
static,next_1_4,heldout_snapshot,physical+token_current,shift_1,w00_s005,0,1,15,0.8666666666666667
static,next_1_4,heldout_snapshot,physical+token_current,shift_1,w01_s003,1,1,15,1.0
static,next_1_4,heldout_snapshot,physical+token_current,shift_1,w02_s002,2,1,39,0.6666666666666667
static,next_1_4,heldout_snapshot,physical+token_current,shift_1,w00_s002,0,1,15,0.8
static,next_1_4,heldout_snapshot,physical+token_current,shift_1,w00_s003,0,1,39,0.6666666666666666
static,next_1_4,heldout_snapshot,physical+token_current,shift_1,w02_s004,2,1,55,0.7272727272727273
static,next_1_4,heldout_snapshot,physical+token_current,shift_1,w00_s004,0,1,28,0.8928571428571429
static,next_1_4,heldout_snapshot,physical_action+token_current,shift_2,w00_s005,0,1,15,0.9333333333333333
static,next_1_4,heldout_snapshot,physical_action+token_current,shift_2,w01_s003,1,1,15,0.7333333333333333
static,next_1_4,heldout_snapshot,physical_action+token_current,shift_2,w02_s002,2,1,39,0.7435897435897436
static,next_1_4,heldout_snapshot,physical_action+token_current,shift_2,w00_s002,0,1,15,1.0
static,next_1_4,heldout_snapshot,physical_action+token_current,shift_2,w00_s003,0,1,39,0.7692307692307692
static,next_1_4,heldout_snapshot,physical_action+token_current,shift_2,w02_s004,2,1,55,0.8727272727272729
static,next_1_4,heldout_snapshot,physical_action+token_current,shift_2,w00_s004,0,1,28,0.6785714285714285
static,next_1_4,heldout_snapshot,physical+token_current,shift_2,w00_s005,0,1,15,0.8666666666666667
static,next_1_4,heldout_snapshot,physical+token_current,shift_2,w01_s003,1,1,15,0.1333333333333333
static,next_1_4,heldout_snapshot,physical+token_current,shift_2,w02_s002,2,1,39,0.6666666666666666
static,next_1_4,heldout_snapshot,physical+token_current,shift_2,w00_s002,0,1,15,0.8666666666666667
static,next_1_4,heldout_snapshot,physical+token_current,shift_2,w00_s003,0,1,39,0.5384615384615384
static,next_1_4,heldout_snapshot,physical+token_current,shift_2,w02_s004,2,1,55,0.8363636363636363
static,next_1_4,heldout_snapshot,physical+token_current,shift_2,w00_s004,0,1,28,0.6785714285714285
static,next_1_4,heldout_snapshot,physical_action+token_current,shift_3,w00_s005,0,1,15,0.8666666666666667
static,next_1_4,heldout_snapshot,physical_action+token_current,shift_3,w01_s003,1,1,15,1.0
static,next_1_4,heldout_snapshot,physical_action+token_current,shift_3,w02_s002,2,1,39,0.7179487179487181
static,next_1_4,heldout_snapshot,physical_action+token_current,shift_3,w00_s002,0,1,15,0.8
static,next_1_4,heldout_snapshot,physical_action+token_current,shift_3,w00_s003,0,1,39,0.5384615384615384
static,next_1_4,heldout_snapshot,physical_action+token_current,shift_3,w02_s004,2,1,55,0.9818181818181818
static,next_1_4,heldout_snapshot,physical_action+token_current,shift_3,w00_s004,0,1,28,0.75
static,next_1_4,heldout_snapshot,physical+token_current,shift_3,w00_s005,0,1,15,0.7333333333333333
static,next_1_4,heldout_snapshot,physical+token_current,shift_3,w01_s003,1,1,15,1.0
static,next_1_4,heldout_snapshot,physical+token_current,shift_3,w02_s002,2,1,39,0.46153846153846156
static,next_1_4,heldout_snapshot,physical+token_current,shift_3,w00_s002,0,1,15,0.6
static,next_1_4,heldout_snapshot,physical+token_current,shift_3,w00_s003,0,1,39,0.5897435897435898
static,next_1_4,heldout_snapshot,physical+token_current,shift_3,w02_s004,2,1,55,0.9272727272727272
static,next_1_4,heldout_snapshot,physical+token_current,shift_3,w00_s004,0,1,28,0.75
static,next_1_4,heldout_snapshot,moe_token_history,aligned,w00_s005,0,1,15,0.9333333333333333
static,next_1_4,heldout_snapshot,moe_token_history,aligned,w01_s003,1,1,15,1.0
static,next_1_4,heldout_snapshot,moe_token_history,aligned,w02_s002,2,1,39,0.8205128205128205
static,next_1_4,heldout_snapshot,moe_token_history,aligned,w00_s002,0,1,15,0.9333333333333333
static,next_1_4,heldout_snapshot,moe_token_history,aligned,w00_s003,0,1,39,0.8974358974358975
static,next_1_4,heldout_snapshot,moe_token_history,aligned,w02_s004,2,1,55,0.8
static,next_1_4,heldout_snapshot,moe_token_history,aligned,w00_s004,0,1,28,0.8928571428571429
static,next_1_4,heldout_snapshot,physical_action+token_history,aligned,w00_s005,0,1,15,1.0
static,next_1_4,heldout_snapshot,physical_action+token_history,aligned,w01_s003,1,1,15,1.0
static,next_1_4,heldout_snapshot,physical_action+token_history,aligned,w02_s002,2,1,39,0.8205128205128205
static,next_1_4,heldout_snapshot,physical_action+token_history,aligned,w00_s002,0,1,15,0.9333333333333333
static,next_1_4,heldout_snapshot,physical_action+token_history,aligned,w00_s003,0,1,39,0.8461538461538461
static,next_1_4,heldout_snapshot,physical_action+token_history,aligned,w02_s004,2,1,55,0.8
static,next_1_4,heldout_snapshot,physical_action+token_history,aligned,w00_s004,0,1,28,0.8214285714285714
static,next_1_4,heldout_snapshot,physical+token_history,aligned,w00_s005,0,1,15,1.0
static,next_1_4,heldout_snapshot,physical+token_history,aligned,w01_s003,1,1,15,1.0
static,next_1_4,heldout_snapshot,physical+token_history,aligned,w02_s002,2,1,39,0.7948717948717949
static,next_1_4,heldout_snapshot,physical+token_history,aligned,w00_s002,0,1,15,0.9333333333333333
static,next_1_4,heldout_snapshot,physical+token_history,aligned,w00_s003,0,1,39,0.8205128205128205
static,next_1_4,heldout_snapshot,physical+token_history,aligned,w02_s004,2,1,55,0.8909090909090909
static,next_1_4,heldout_snapshot,physical+token_history,aligned,w00_s004,0,1,28,0.8214285714285714
static,next_1_4,heldout_snapshot,physical_action+token_history,shift_1,w00_s005,0,1,15,0.8666666666666667
static,next_1_4,heldout_snapshot,physical_action+token_history,shift_1,w01_s003,1,1,15,0.9333333333333333
static,next_1_4,heldout_snapshot,physical_action+token_history,shift_1,w02_s002,2,1,39,0.46153846153846156
static,next_1_4,heldout_snapshot,physical_action+token_history,shift_1,w00_s002,0,1,15,0.7333333333333333
static,next_1_4,heldout_snapshot,physical_action+token_history,shift_1,w00_s003,0,1,39,0.6666666666666666
static,next_1_4,heldout_snapshot,physical_action+token_history,shift_1,w02_s004,2,1,55,0.8727272727272729
static,next_1_4,heldout_snapshot,physical_action+token_history,shift_1,w00_s004,0,1,28,0.6428571428571429
static,next_1_4,heldout_snapshot,physical+token_history,shift_1,w00_s005,0,1,15,0.8
static,next_1_4,heldout_snapshot,physical+token_history,shift_1,w01_s003,1,1,15,0.8666666666666667
static,next_1_4,heldout_snapshot,physical+token_history,shift_1,w02_s002,2,1,39,0.2564102564102564
static,next_1_4,heldout_snapshot,physical+token_history,shift_1,w00_s002,0,1,15,0.6666666666666667
static,next_1_4,heldout_snapshot,physical+token_history,shift_1,w00_s003,0,1,39,0.6153846153846154
static,next_1_4,heldout_snapshot,physical+token_history,shift_1,w02_s004,2,1,55,0.7090909090909091
static,next_1_4,heldout_snapshot,physical+token_history,shift_1,w00_s004,0,1,28,0.42857142857142855
static,next_1_4,heldout_snapshot,physical_action+token_history,shift_2,w00_s005,0,1,15,0.6666666666666667
static,next_1_4,heldout_snapshot,physical_action+token_history,shift_2,w01_s003,1,1,15,0.4666666666666667
static,next_1_4,heldout_snapshot,physical_action+token_history,shift_2,w02_s002,2,1,39,0.717948717948718
static,next_1_4,heldout_snapshot,physical_action+token_history,shift_2,w00_s002,0,1,15,0.8666666666666667
static,next_1_4,heldout_snapshot,physical_action+token_history,shift_2,w00_s003,0,1,39,0.5897435897435896
static,next_1_4,heldout_snapshot,physical_action+token_history,shift_2,w02_s004,2,1,55,0.9272727272727272
static,next_1_4,heldout_snapshot,physical_action+token_history,shift_2,w00_s004,0,1,28,0.5714285714285714
static,next_1_4,heldout_snapshot,physical+token_history,shift_2,w00_s005,0,1,15,0.6
static,next_1_4,heldout_snapshot,physical+token_history,shift_2,w01_s003,1,1,15,0.06666666666666665
static,next_1_4,heldout_snapshot,physical+token_history,shift_2,w02_s002,2,1,39,0.641025641025641
static,next_1_4,heldout_snapshot,physical+token_history,shift_2,w00_s002,0,1,15,0.6666666666666667
static,next_1_4,heldout_snapshot,physical+token_history,shift_2,w00_s003,0,1,39,0.3846153846153846
static,next_1_4,heldout_snapshot,physical+token_history,shift_2,w02_s004,2,1,55,0.7818181818181819
static,next_1_4,heldout_snapshot,physical+token_history,shift_2,w00_s004,0,1,28,0.5357142857142857
static,next_1_4,heldout_snapshot,physical_action+token_history,shift_3,w00_s005,0,1,15,0.7333333333333333
static,next_1_4,heldout_snapshot,physical_action+token_history,shift_3,w01_s003,1,1,15,0.9333333333333333
static,next_1_4,heldout_snapshot,physical_action+token_history,shift_3,w02_s002,2,1,39,0.8717948717948716
static,next_1_4,heldout_snapshot,physical_action+token_history,shift_3,w00_s002,0,1,15,0.5333333333333333
static,next_1_4,heldout_snapshot,physical_action+token_history,shift_3,w00_s003,0,1,39,0.6153846153846154
static,next_1_4,heldout_snapshot,physical_action+token_history,shift_3,w02_s004,2,1,55,0.8545454545454545
static,next_1_4,heldout_snapshot,physical_action+token_history,shift_3,w00_s004,0,1,28,0.8928571428571429
static,next_1_4,heldout_snapshot,physical+token_history,shift_3,w00_s005,0,1,15,0.6
static,next_1_4,heldout_snapshot,physical+token_history,shift_3,w01_s003,1,1,15,0.9333333333333333
static,next_1_4,heldout_snapshot,physical+token_history,shift_3,w02_s002,2,1,39,0.6923076923076923
static,next_1_4,heldout_snapshot,physical+token_history,shift_3,w00_s002,0,1,15,0.4666666666666667
static,next_1_4,heldout_snapshot,physical+token_history,shift_3,w00_s003,0,1,39,0.5128205128205128
static,next_1_4,heldout_snapshot,physical+token_history,shift_3,w02_s004,2,1,55,0.7636363636363637
static,next_1_4,heldout_snapshot,physical+token_history,shift_3,w00_s004,0,1,28,0.7142857142857143
static,next_1_4,heldout_worker,rate_only,aligned,w00_s002,0,1,15,0.5
static,next_1_4,heldout_worker,rate_only,aligned,w00_s003,0,1,39,0.5
static,next_1_4,heldout_worker,rate_only,aligned,w00_s004,0,1,28,0.5
static,next_1_4,heldout_worker,rate_only,aligned,w00_s005,0,1,15,0.5
static,next_1_4,heldout_worker,rate_only,aligned,w01_s003,1,1,15,0.5
static,next_1_4,heldout_worker,rate_only,aligned,w02_s002,2,1,39,0.5
static,next_1_4,heldout_worker,rate_only,aligned,w02_s004,2,1,55,0.5
static,next_1_4,heldout_worker,physical_action,aligned,w00_s002,0,1,15,0.9333333333333333
static,next_1_4,heldout_worker,physical_action,aligned,w00_s003,0,1,39,0.8717948717948716
static,next_1_4,heldout_worker,physical_action,aligned,w00_s004,0,1,28,0.75
static,next_1_4,heldout_worker,physical_action,aligned,w00_s005,0,1,15,1.0
static,next_1_4,heldout_worker,physical_action,aligned,w01_s003,1,1,15,1.0
static,next_1_4,heldout_worker,physical_action,aligned,w02_s002,2,1,39,0.6666666666666666
static,next_1_4,heldout_worker,physical_action,aligned,w02_s004,2,1,55,0.9818181818181818
static,next_1_4,heldout_worker,physical,aligned,w00_s002,0,1,15,0.6666666666666667
static,next_1_4,heldout_worker,physical,aligned,w00_s003,0,1,39,0.8461538461538461
static,next_1_4,heldout_worker,physical,aligned,w00_s004,0,1,28,0.6428571428571429
static,next_1_4,heldout_worker,physical,aligned,w00_s005,0,1,15,0.9333333333333333
static,next_1_4,heldout_worker,physical,aligned,w01_s003,1,1,15,1.0
static,next_1_4,heldout_worker,physical,aligned,w02_s002,2,1,39,0.5641025641025641
static,next_1_4,heldout_worker,physical,aligned,w02_s004,2,1,55,0.9090909090909091
static,next_1_4,heldout_worker,moe_aggregate_current,aligned,w00_s002,0,1,15,0.19999999999999993
static,next_1_4,heldout_worker,moe_aggregate_current,aligned,w00_s003,0,1,39,0.3589743589743589
static,next_1_4,heldout_worker,moe_aggregate_current,aligned,w00_s004,0,1,28,0.4642857142857143
static,next_1_4,heldout_worker,moe_aggregate_current,aligned,w00_s005,0,1,15,0.4
static,next_1_4,heldout_worker,moe_aggregate_current,aligned,w01_s003,1,1,15,0.2666666666666667
static,next_1_4,heldout_worker,moe_aggregate_current,aligned,w02_s002,2,1,39,0.1538461538461538
static,next_1_4,heldout_worker,moe_aggregate_current,aligned,w02_s004,2,1,55,0.4
static,next_1_4,heldout_worker,physical_action+aggregate_current,aligned,w00_s002,0,1,15,0.8
static,next_1_4,heldout_worker,physical_action+aggregate_current,aligned,w00_s003,0,1,39,0.7948717948717948
static,next_1_4,heldout_worker,physical_action+aggregate_current,aligned,w00_s004,0,1,28,0.6428571428571429
static,next_1_4,heldout_worker,physical_action+aggregate_current,aligned,w00_s005,0,1,15,0.8
static,next_1_4,heldout_worker,physical_action+aggregate_current,aligned,w01_s003,1,1,15,1.0
static,next_1_4,heldout_worker,physical_action+aggregate_current,aligned,w02_s002,2,1,39,0.5384615384615384
static,next_1_4,heldout_worker,physical_action+aggregate_current,aligned,w02_s004,2,1,55,0.9454545454545454
static,next_1_4,heldout_worker,physical+aggregate_current,aligned,w00_s002,0,1,15,0.33333333333333337
static,next_1_4,heldout_worker,physical+aggregate_current,aligned,w00_s003,0,1,39,0.6153846153846154
static,next_1_4,heldout_worker,physical+aggregate_current,aligned,w00_s004,0,1,28,0.5357142857142857
static,next_1_4,heldout_worker,physical+aggregate_current,aligned,w00_s005,0,1,15,0.8
static,next_1_4,heldout_worker,physical+aggregate_current,aligned,w01_s003,1,1,15,1.0
static,next_1_4,heldout_worker,physical+aggregate_current,aligned,w02_s002,2,1,39,0.3076923076923077
static,next_1_4,heldout_worker,physical+aggregate_current,aligned,w02_s004,2,1,55,0.8181818181818182
static,next_1_4,heldout_worker,physical_action+aggregate_current,shift_1,w00_s002,0,1,15,0.9333333333333333
static,next_1_4,heldout_worker,physical_action+aggregate_current,shift_1,w00_s003,0,1,39,0.7692307692307693
static,next_1_4,heldout_worker,physical_action+aggregate_current,shift_1,w00_s004,0,1,28,0.8571428571428571
static,next_1_4,heldout_worker,physical_action+aggregate_current,shift_1,w00_s005,0,1,15,0.9333333333333333
static,next_1_4,heldout_worker,physical_action+aggregate_current,shift_1,w01_s003,1,1,15,1.0
static,next_1_4,heldout_worker,physical_action+aggregate_current,shift_1,w02_s002,2,1,39,0.6923076923076923
static,next_1_4,heldout_worker,physical_action+aggregate_current,shift_1,w02_s004,2,1,55,1.0
static,next_1_4,heldout_worker,physical+aggregate_current,shift_1,w00_s002,0,1,15,0.4
static,next_1_4,heldout_worker,physical+aggregate_current,shift_1,w00_s003,0,1,39,0.6923076923076923
static,next_1_4,heldout_worker,physical+aggregate_current,shift_1,w00_s004,0,1,28,0.6428571428571429
static,next_1_4,heldout_worker,physical+aggregate_current,shift_1,w00_s005,0,1,15,0.9333333333333333
static,next_1_4,heldout_worker,physical+aggregate_current,shift_1,w01_s003,1,1,15,1.0
static,next_1_4,heldout_worker,physical+aggregate_current,shift_1,w02_s002,2,1,39,0.6666666666666666
static,next_1_4,heldout_worker,physical+aggregate_current,shift_1,w02_s004,2,1,55,0.9272727272727272
static,next_1_4,heldout_worker,physical_action+aggregate_current,shift_2,w00_s002,0,1,15,0.9333333333333333
static,next_1_4,heldout_worker,physical_action+aggregate_current,shift_2,w00_s003,0,1,39,0.8205128205128205
static,next_1_4,heldout_worker,physical_action+aggregate_current,shift_2,w00_s004,0,1,28,0.75
static,next_1_4,heldout_worker,physical_action+aggregate_current,shift_2,w00_s005,0,1,15,0.8666666666666667
static,next_1_4,heldout_worker,physical_action+aggregate_current,shift_2,w01_s003,1,1,15,1.0
static,next_1_4,heldout_worker,physical_action+aggregate_current,shift_2,w02_s002,2,1,39,0.7435897435897436
static,next_1_4,heldout_worker,physical_action+aggregate_current,shift_2,w02_s004,2,1,55,0.9272727272727272
static,next_1_4,heldout_worker,physical+aggregate_current,shift_2,w00_s002,0,1,15,0.6666666666666667
static,next_1_4,heldout_worker,physical+aggregate_current,shift_2,w00_s003,0,1,39,0.7692307692307692
static,next_1_4,heldout_worker,physical+aggregate_current,shift_2,w00_s004,0,1,28,0.5
static,next_1_4,heldout_worker,physical+aggregate_current,shift_2,w00_s005,0,1,15,0.8
static,next_1_4,heldout_worker,physical+aggregate_current,shift_2,w01_s003,1,1,15,0.9333333333333333
static,next_1_4,heldout_worker,physical+aggregate_current,shift_2,w02_s002,2,1,39,0.7692307692307692
static,next_1_4,heldout_worker,physical+aggregate_current,shift_2,w02_s004,2,1,55,0.8727272727272729
static,next_1_4,heldout_worker,physical_action+aggregate_current,shift_3,w00_s002,0,1,15,0.9333333333333333
static,next_1_4,heldout_worker,physical_action+aggregate_current,shift_3,w00_s003,0,1,39,0.7179487179487181
static,next_1_4,heldout_worker,physical_action+aggregate_current,shift_3,w00_s004,0,1,28,0.75
static,next_1_4,heldout_worker,physical_action+aggregate_current,shift_3,w00_s005,0,1,15,1.0
static,next_1_4,heldout_worker,physical_action+aggregate_current,shift_3,w01_s003,1,1,15,1.0
static,next_1_4,heldout_worker,physical_action+aggregate_current,shift_3,w02_s002,2,1,39,0.7179487179487178
static,next_1_4,heldout_worker,physical_action+aggregate_current,shift_3,w02_s004,2,1,55,0.8545454545454545
static,next_1_4,heldout_worker,physical+aggregate_current,shift_3,w00_s002,0,1,15,0.7333333333333333
static,next_1_4,heldout_worker,physical+aggregate_current,shift_3,w00_s003,0,1,39,0.6666666666666666
static,next_1_4,heldout_worker,physical+aggregate_current,shift_3,w00_s004,0,1,28,0.5714285714285714
static,next_1_4,heldout_worker,physical+aggregate_current,shift_3,w00_s005,0,1,15,0.9333333333333333
static,next_1_4,heldout_worker,physical+aggregate_current,shift_3,w01_s003,1,1,15,1.0
static,next_1_4,heldout_worker,physical+aggregate_current,shift_3,w02_s002,2,1,39,0.7692307692307693
static,next_1_4,heldout_worker,physical+aggregate_current,shift_3,w02_s004,2,1,55,0.8363636363636363
static,next_1_4,heldout_worker,moe_token_current,aligned,w00_s002,0,1,15,0.2666666666666667
static,next_1_4,heldout_worker,moe_token_current,aligned,w00_s003,0,1,39,0.641025641025641
static,next_1_4,heldout_worker,moe_token_current,aligned,w00_s004,0,1,28,0.3571428571428572
static,next_1_4,heldout_worker,moe_token_current,aligned,w00_s005,0,1,15,0.4666666666666667
static,next_1_4,heldout_worker,moe_token_current,aligned,w01_s003,1,1,15,0.9333333333333333
static,next_1_4,heldout_worker,moe_token_current,aligned,w02_s002,2,1,39,0.5128205128205128
static,next_1_4,heldout_worker,moe_token_current,aligned,w02_s004,2,1,55,0.5272727272727273
static,next_1_4,heldout_worker,physical_action+token_current,aligned,w00_s002,0,1,15,0.8666666666666667
static,next_1_4,heldout_worker,physical_action+token_current,aligned,w00_s003,0,1,39,0.8461538461538461
static,next_1_4,heldout_worker,physical_action+token_current,aligned,w00_s004,0,1,28,0.6428571428571429
static,next_1_4,heldout_worker,physical_action+token_current,aligned,w00_s005,0,1,15,0.8666666666666667
static,next_1_4,heldout_worker,physical_action+token_current,aligned,w01_s003,1,1,15,1.0
static,next_1_4,heldout_worker,physical_action+token_current,aligned,w02_s002,2,1,39,0.7948717948717948
static,next_1_4,heldout_worker,physical_action+token_current,aligned,w02_s004,2,1,55,0.8909090909090909
static,next_1_4,heldout_worker,physical+token_current,aligned,w00_s002,0,1,15,0.4666666666666667
static,next_1_4,heldout_worker,physical+token_current,aligned,w00_s003,0,1,39,0.6410256410256411
static,next_1_4,heldout_worker,physical+token_current,aligned,w00_s004,0,1,28,0.4642857142857143
static,next_1_4,heldout_worker,physical+token_current,aligned,w00_s005,0,1,15,0.8
static,next_1_4,heldout_worker,physical+token_current,aligned,w01_s003,1,1,15,1.0
static,next_1_4,heldout_worker,physical+token_current,aligned,w02_s002,2,1,39,0.5128205128205128
static,next_1_4,heldout_worker,physical+token_current,aligned,w02_s004,2,1,55,0.8909090909090909
static,next_1_4,heldout_worker,physical_action+token_current,shift_1,w00_s002,0,1,15,1.0
static,next_1_4,heldout_worker,physical_action+token_current,shift_1,w00_s003,0,1,39,0.7692307692307693
static,next_1_4,heldout_worker,physical_action+token_current,shift_1,w00_s004,0,1,28,0.7857142857142857
static,next_1_4,heldout_worker,physical_action+token_current,shift_1,w00_s005,0,1,15,0.9333333333333333
static,next_1_4,heldout_worker,physical_action+token_current,shift_1,w01_s003,1,1,15,1.0
static,next_1_4,heldout_worker,physical_action+token_current,shift_1,w02_s002,2,1,39,0.7435897435897436
static,next_1_4,heldout_worker,physical_action+token_current,shift_1,w02_s004,2,1,55,0.7636363636363637
static,next_1_4,heldout_worker,physical+token_current,shift_1,w00_s002,0,1,15,0.9333333333333333
static,next_1_4,heldout_worker,physical+token_current,shift_1,w00_s003,0,1,39,0.6666666666666667
static,next_1_4,heldout_worker,physical+token_current,shift_1,w00_s004,0,1,28,0.7142857142857143
static,next_1_4,heldout_worker,physical+token_current,shift_1,w00_s005,0,1,15,0.9333333333333333
static,next_1_4,heldout_worker,physical+token_current,shift_1,w01_s003,1,1,15,1.0
static,next_1_4,heldout_worker,physical+token_current,shift_1,w02_s002,2,1,39,0.641025641025641
static,next_1_4,heldout_worker,physical+token_current,shift_1,w02_s004,2,1,55,0.7818181818181819
static,next_1_4,heldout_worker,physical_action+token_current,shift_2,w00_s002,0,1,15,0.9333333333333333
static,next_1_4,heldout_worker,physical_action+token_current,shift_2,w00_s003,0,1,39,0.7948717948717948
static,next_1_4,heldout_worker,physical_action+token_current,shift_2,w00_s004,0,1,28,0.7142857142857143
static,next_1_4,heldout_worker,physical_action+token_current,shift_2,w00_s005,0,1,15,0.8666666666666667
static,next_1_4,heldout_worker,physical_action+token_current,shift_2,w01_s003,1,1,15,0.8
static,next_1_4,heldout_worker,physical_action+token_current,shift_2,w02_s002,2,1,39,0.6666666666666667
static,next_1_4,heldout_worker,physical_action+token_current,shift_2,w02_s004,2,1,55,0.8727272727272729
static,next_1_4,heldout_worker,physical+token_current,shift_2,w00_s002,0,1,15,0.6
static,next_1_4,heldout_worker,physical+token_current,shift_2,w00_s003,0,1,39,0.7435897435897436
static,next_1_4,heldout_worker,physical+token_current,shift_2,w00_s004,0,1,28,0.6428571428571429
static,next_1_4,heldout_worker,physical+token_current,shift_2,w00_s005,0,1,15,0.8666666666666667
static,next_1_4,heldout_worker,physical+token_current,shift_2,w01_s003,1,1,15,0.8
static,next_1_4,heldout_worker,physical+token_current,shift_2,w02_s002,2,1,39,0.4358974358974358
static,next_1_4,heldout_worker,physical+token_current,shift_2,w02_s004,2,1,55,0.7818181818181819
static,next_1_4,heldout_worker,physical_action+token_current,shift_3,w00_s002,0,1,15,0.9333333333333333
static,next_1_4,heldout_worker,physical_action+token_current,shift_3,w00_s003,0,1,39,0.717948717948718
static,next_1_4,heldout_worker,physical_action+token_current,shift_3,w00_s004,0,1,28,0.6785714285714285
static,next_1_4,heldout_worker,physical_action+token_current,shift_3,w00_s005,0,1,15,1.0
static,next_1_4,heldout_worker,physical_action+token_current,shift_3,w01_s003,1,1,15,1.0
static,next_1_4,heldout_worker,physical_action+token_current,shift_3,w02_s002,2,1,39,0.6153846153846154
static,next_1_4,heldout_worker,physical_action+token_current,shift_3,w02_s004,2,1,55,0.9636363636363636
static,next_1_4,heldout_worker,physical+token_current,shift_3,w00_s002,0,1,15,0.5333333333333333
static,next_1_4,heldout_worker,physical+token_current,shift_3,w00_s003,0,1,39,0.6666666666666666
static,next_1_4,heldout_worker,physical+token_current,shift_3,w00_s004,0,1,28,0.5
static,next_1_4,heldout_worker,physical+token_current,shift_3,w00_s005,0,1,15,0.9333333333333333
static,next_1_4,heldout_worker,physical+token_current,shift_3,w01_s003,1,1,15,1.0
static,next_1_4,heldout_worker,physical+token_current,shift_3,w02_s002,2,1,39,0.5128205128205128
static,next_1_4,heldout_worker,physical+token_current,shift_3,w02_s004,2,1,55,0.9090909090909091
static,next_1_4,heldout_worker,moe_token_history,aligned,w00_s002,0,1,15,1.0
static,next_1_4,heldout_worker,moe_token_history,aligned,w00_s003,0,1,39,0.9230769230769231
static,next_1_4,heldout_worker,moe_token_history,aligned,w00_s004,0,1,28,0.8571428571428571
static,next_1_4,heldout_worker,moe_token_history,aligned,w00_s005,0,1,15,0.8666666666666667
static,next_1_4,heldout_worker,moe_token_history,aligned,w01_s003,1,1,15,1.0
static,next_1_4,heldout_worker,moe_token_history,aligned,w02_s002,2,1,39,0.6666666666666666
static,next_1_4,heldout_worker,moe_token_history,aligned,w02_s004,2,1,55,0.9090909090909091
static,next_1_4,heldout_worker,physical_action+token_history,aligned,w00_s002,0,1,15,0.9333333333333333
static,next_1_4,heldout_worker,physical_action+token_history,aligned,w00_s003,0,1,39,0.8461538461538459
static,next_1_4,heldout_worker,physical_action+token_history,aligned,w00_s004,0,1,28,0.75
static,next_1_4,heldout_worker,physical_action+token_history,aligned,w00_s005,0,1,15,0.8666666666666667
static,next_1_4,heldout_worker,physical_action+token_history,aligned,w01_s003,1,1,15,1.0
static,next_1_4,heldout_worker,physical_action+token_history,aligned,w02_s002,2,1,39,0.7179487179487178
static,next_1_4,heldout_worker,physical_action+token_history,aligned,w02_s004,2,1,55,0.9272727272727272
static,next_1_4,heldout_worker,physical+token_history,aligned,w00_s002,0,1,15,0.9333333333333333
static,next_1_4,heldout_worker,physical+token_history,aligned,w00_s003,0,1,39,0.8205128205128205
static,next_1_4,heldout_worker,physical+token_history,aligned,w00_s004,0,1,28,0.6785714285714285
static,next_1_4,heldout_worker,physical+token_history,aligned,w00_s005,0,1,15,0.8666666666666667
static,next_1_4,heldout_worker,physical+token_history,aligned,w01_s003,1,1,15,1.0
static,next_1_4,heldout_worker,physical+token_history,aligned,w02_s002,2,1,39,0.6153846153846154
static,next_1_4,heldout_worker,physical+token_history,aligned,w02_s004,2,1,55,0.9272727272727272
static,next_1_4,heldout_worker,physical_action+token_history,shift_1,w00_s002,0,1,15,0.8
static,next_1_4,heldout_worker,physical_action+token_history,shift_1,w00_s003,0,1,39,0.8461538461538461
static,next_1_4,heldout_worker,physical_action+token_history,shift_1,w00_s004,0,1,28,0.6428571428571429
static,next_1_4,heldout_worker,physical_action+token_history,shift_1,w00_s005,0,1,15,0.8666666666666667
static,next_1_4,heldout_worker,physical_action+token_history,shift_1,w01_s003,1,1,15,1.0
static,next_1_4,heldout_worker,physical_action+token_history,shift_1,w02_s002,2,1,39,0.3846153846153846
static,next_1_4,heldout_worker,physical_action+token_history,shift_1,w02_s004,2,1,55,0.8181818181818182
static,next_1_4,heldout_worker,physical+token_history,shift_1,w00_s002,0,1,15,0.5333333333333333
static,next_1_4,heldout_worker,physical+token_history,shift_1,w00_s003,0,1,39,0.5897435897435896
static,next_1_4,heldout_worker,physical+token_history,shift_1,w00_s004,0,1,28,0.2857142857142857
static,next_1_4,heldout_worker,physical+token_history,shift_1,w00_s005,0,1,15,0.8
static,next_1_4,heldout_worker,physical+token_history,shift_1,w01_s003,1,1,15,0.9333333333333333
static,next_1_4,heldout_worker,physical+token_history,shift_1,w02_s002,2,1,39,0.23076923076923073
static,next_1_4,heldout_worker,physical+token_history,shift_1,w02_s004,2,1,55,0.6909090909090909
static,next_1_4,heldout_worker,physical_action+token_history,shift_2,w00_s002,0,1,15,0.7333333333333333
static,next_1_4,heldout_worker,physical_action+token_history,shift_2,w00_s003,0,1,39,0.5641025641025641
static,next_1_4,heldout_worker,physical_action+token_history,shift_2,w00_s004,0,1,28,0.6428571428571429
static,next_1_4,heldout_worker,physical_action+token_history,shift_2,w00_s005,0,1,15,0.8
static,next_1_4,heldout_worker,physical_action+token_history,shift_2,w01_s003,1,1,15,0.6666666666666667
static,next_1_4,heldout_worker,physical_action+token_history,shift_2,w02_s002,2,1,39,0.6666666666666666
static,next_1_4,heldout_worker,physical_action+token_history,shift_2,w02_s004,2,1,55,0.8909090909090909
static,next_1_4,heldout_worker,physical+token_history,shift_2,w00_s002,0,1,15,0.6
static,next_1_4,heldout_worker,physical+token_history,shift_2,w00_s003,0,1,39,0.48717948717948717
static,next_1_4,heldout_worker,physical+token_history,shift_2,w00_s004,0,1,28,0.39285714285714285
static,next_1_4,heldout_worker,physical+token_history,shift_2,w00_s005,0,1,15,0.5333333333333333
static,next_1_4,heldout_worker,physical+token_history,shift_2,w01_s003,1,1,15,0.8666666666666667
static,next_1_4,heldout_worker,physical+token_history,shift_2,w02_s002,2,1,39,0.5384615384615384
static,next_1_4,heldout_worker,physical+token_history,shift_2,w02_s004,2,1,55,0.8181818181818182
static,next_1_4,heldout_worker,physical_action+token_history,shift_3,w00_s002,0,1,15,0.6666666666666667
static,next_1_4,heldout_worker,physical_action+token_history,shift_3,w00_s003,0,1,39,0.6923076923076923
static,next_1_4,heldout_worker,physical_action+token_history,shift_3,w00_s004,0,1,28,0.8214285714285714
static,next_1_4,heldout_worker,physical_action+token_history,shift_3,w00_s005,0,1,15,1.0
static,next_1_4,heldout_worker,physical_action+token_history,shift_3,w01_s003,1,1,15,1.0
static,next_1_4,heldout_worker,physical_action+token_history,shift_3,w02_s002,2,1,39,0.717948717948718
static,next_1_4,heldout_worker,physical_action+token_history,shift_3,w02_s004,2,1,55,0.8
static,next_1_4,heldout_worker,physical+token_history,shift_3,w00_s002,0,1,15,0.19999999999999993
static,next_1_4,heldout_worker,physical+token_history,shift_3,w00_s003,0,1,39,0.641025641025641
static,next_1_4,heldout_worker,physical+token_history,shift_3,w00_s004,0,1,28,0.6785714285714286
static,next_1_4,heldout_worker,physical+token_history,shift_3,w00_s005,0,1,15,0.8666666666666667
static,next_1_4,heldout_worker,physical+token_history,shift_3,w01_s003,1,1,15,0.9333333333333333
static,next_1_4,heldout_worker,physical+token_history,shift_3,w02_s002,2,1,39,0.5897435897435896
static,next_1_4,heldout_worker,physical+token_history,shift_3,w02_s004,2,1,55,0.709090909090909
static,next_5_8,heldout_snapshot,rate_only,aligned,w00_s005,0,1,15,0.5
static,next_5_8,heldout_snapshot,rate_only,aligned,w01_s003,1,1,15,0.5
static,next_5_8,heldout_snapshot,rate_only,aligned,w02_s001,2,1,28,0.5
static,next_5_8,heldout_snapshot,rate_only,aligned,w00_s001,0,1,48,0.5
static,next_5_8,heldout_snapshot,rate_only,aligned,w02_s002,2,2,75,0.5
static,next_5_8,heldout_snapshot,rate_only,aligned,w00_s002,0,1,15,0.5
static,next_5_8,heldout_snapshot,rate_only,aligned,w00_s003,0,2,69,0.5
static,next_5_8,heldout_snapshot,rate_only,aligned,w02_s004,2,2,83,0.5
static,next_5_8,heldout_snapshot,rate_only,aligned,w00_s004,0,2,41,0.5
static,next_5_8,heldout_snapshot,rate_only,aligned,w02_s000,2,1,63,0.5
static,next_5_8,heldout_snapshot,physical_action,aligned,w00_s005,0,1,15,0.9333333333333333
static,next_5_8,heldout_snapshot,physical_action,aligned,w01_s003,1,1,15,1.0
static,next_5_8,heldout_snapshot,physical_action,aligned,w02_s001,2,1,28,1.0
static,next_5_8,heldout_snapshot,physical_action,aligned,w00_s001,0,1,48,1.0
static,next_5_8,heldout_snapshot,physical_action,aligned,w02_s002,2,2,75,0.7066666666666667
static,next_5_8,heldout_snapshot,physical_action,aligned,w00_s002,0,1,15,0.9333333333333333
static,next_5_8,heldout_snapshot,physical_action,aligned,w00_s003,0,2,69,0.8985507246376812
static,next_5_8,heldout_snapshot,physical_action,aligned,w02_s004,2,2,83,0.891566265060241
static,next_5_8,heldout_snapshot,physical_action,aligned,w00_s004,0,2,41,0.926829268292683
static,next_5_8,heldout_snapshot,physical_action,aligned,w02_s000,2,1,63,0.873015873015873
static,next_5_8,heldout_snapshot,physical,aligned,w00_s005,0,1,15,1.0
static,next_5_8,heldout_snapshot,physical,aligned,w01_s003,1,1,15,1.0
static,next_5_8,heldout_snapshot,physical,aligned,w02_s001,2,1,28,1.0
static,next_5_8,heldout_snapshot,physical,aligned,w00_s001,0,1,48,0.8333333333333334
static,next_5_8,heldout_snapshot,physical,aligned,w02_s002,2,2,75,0.6533333333333333
static,next_5_8,heldout_snapshot,physical,aligned,w00_s002,0,1,15,0.5333333333333333
static,next_5_8,heldout_snapshot,physical,aligned,w00_s003,0,2,69,0.6376811594202898
static,next_5_8,heldout_snapshot,physical,aligned,w02_s004,2,2,83,0.7228915662650602
static,next_5_8,heldout_snapshot,physical,aligned,w00_s004,0,2,41,0.7804878048780488
static,next_5_8,heldout_snapshot,physical,aligned,w02_s000,2,1,63,0.6349206349206349
static,next_5_8,heldout_snapshot,moe_aggregate_current,aligned,w00_s005,0,1,15,0.8666666666666667
static,next_5_8,heldout_snapshot,moe_aggregate_current,aligned,w01_s003,1,1,15,0.0
static,next_5_8,heldout_snapshot,moe_aggregate_current,aligned,w02_s001,2,1,28,0.6071428571428571
static,next_5_8,heldout_snapshot,moe_aggregate_current,aligned,w00_s001,0,1,48,0.8541666666666666
static,next_5_8,heldout_snapshot,moe_aggregate_current,aligned,w02_s002,2,2,75,0.5866666666666667
static,next_5_8,heldout_snapshot,moe_aggregate_current,aligned,w00_s002,0,1,15,0.1333333333333333
static,next_5_8,heldout_snapshot,moe_aggregate_current,aligned,w00_s003,0,2,69,0.8695652173913042
static,next_5_8,heldout_snapshot,moe_aggregate_current,aligned,w02_s004,2,2,83,0.30120481927710846
static,next_5_8,heldout_snapshot,moe_aggregate_current,aligned,w00_s004,0,2,41,0.6341463414634146
static,next_5_8,heldout_snapshot,moe_aggregate_current,aligned,w02_s000,2,1,63,0.9206349206349206
static,next_5_8,heldout_snapshot,physical_action+aggregate_current,aligned,w00_s005,0,1,15,0.8
static,next_5_8,heldout_snapshot,physical_action+aggregate_current,aligned,w01_s003,1,1,15,1.0
static,next_5_8,heldout_snapshot,physical_action+aggregate_current,aligned,w02_s001,2,1,28,0.8928571428571429
static,next_5_8,heldout_snapshot,physical_action+aggregate_current,aligned,w00_s001,0,1,48,1.0
static,next_5_8,heldout_snapshot,physical_action+aggregate_current,aligned,w02_s002,2,2,75,0.7866666666666666
static,next_5_8,heldout_snapshot,physical_action+aggregate_current,aligned,w00_s002,0,1,15,0.8666666666666667
static,next_5_8,heldout_snapshot,physical_action+aggregate_current,aligned,w00_s003,0,2,69,0.9130434782608695
static,next_5_8,heldout_snapshot,physical_action+aggregate_current,aligned,w02_s004,2,2,83,0.891566265060241
static,next_5_8,heldout_snapshot,physical_action+aggregate_current,aligned,w00_s004,0,2,41,0.9024390243902439
static,next_5_8,heldout_snapshot,physical_action+aggregate_current,aligned,w02_s000,2,1,63,0.8571428571428572
static,next_5_8,heldout_snapshot,physical+aggregate_current,aligned,w00_s005,0,1,15,1.0
static,next_5_8,heldout_snapshot,physical+aggregate_current,aligned,w01_s003,1,1,15,0.06666666666666665
static,next_5_8,heldout_snapshot,physical+aggregate_current,aligned,w02_s001,2,1,28,0.9642857142857143
static,next_5_8,heldout_snapshot,physical+aggregate_current,aligned,w00_s001,0,1,48,0.9583333333333334
static,next_5_8,heldout_snapshot,physical+aggregate_current,aligned,w02_s002,2,2,75,0.6933333333333334
static,next_5_8,heldout_snapshot,physical+aggregate_current,aligned,w00_s002,0,1,15,0.6666666666666667
static,next_5_8,heldout_snapshot,physical+aggregate_current,aligned,w00_s003,0,2,69,0.7971014492753623
static,next_5_8,heldout_snapshot,physical+aggregate_current,aligned,w02_s004,2,2,83,0.6987951807228916
static,next_5_8,heldout_snapshot,physical+aggregate_current,aligned,w00_s004,0,2,41,0.8536585365853658
static,next_5_8,heldout_snapshot,physical+aggregate_current,aligned,w02_s000,2,1,63,0.746031746031746
static,next_5_8,heldout_snapshot,physical_action+aggregate_current,shift_1,w00_s005,0,1,15,1.0
static,next_5_8,heldout_snapshot,physical_action+aggregate_current,shift_1,w01_s003,1,1,15,1.0
static,next_5_8,heldout_snapshot,physical_action+aggregate_current,shift_1,w02_s001,2,1,28,0.9285714285714286
static,next_5_8,heldout_snapshot,physical_action+aggregate_current,shift_1,w00_s001,0,1,48,1.0
static,next_5_8,heldout_snapshot,physical_action+aggregate_current,shift_1,w02_s002,2,2,75,0.7066666666666667
static,next_5_8,heldout_snapshot,physical_action+aggregate_current,shift_1,w00_s002,0,1,15,1.0
static,next_5_8,heldout_snapshot,physical_action+aggregate_current,shift_1,w00_s003,0,2,69,0.8695652173913043
static,next_5_8,heldout_snapshot,physical_action+aggregate_current,shift_1,w02_s004,2,2,83,0.9036144578313253
static,next_5_8,heldout_snapshot,physical_action+aggregate_current,shift_1,w00_s004,0,2,41,0.9024390243902439
static,next_5_8,heldout_snapshot,physical_action+aggregate_current,shift_1,w02_s000,2,1,63,0.9047619047619048
static,next_5_8,heldout_snapshot,physical+aggregate_current,shift_1,w00_s005,0,1,15,1.0
static,next_5_8,heldout_snapshot,physical+aggregate_current,shift_1,w01_s003,1,1,15,1.0
static,next_5_8,heldout_snapshot,physical+aggregate_current,shift_1,w02_s001,2,1,28,0.7857142857142857
static,next_5_8,heldout_snapshot,physical+aggregate_current,shift_1,w00_s001,0,1,48,0.9166666666666666
static,next_5_8,heldout_snapshot,physical+aggregate_current,shift_1,w02_s002,2,2,75,0.6
static,next_5_8,heldout_snapshot,physical+aggregate_current,shift_1,w00_s002,0,1,15,0.6
static,next_5_8,heldout_snapshot,physical+aggregate_current,shift_1,w00_s003,0,2,69,0.5797101449275363
static,next_5_8,heldout_snapshot,physical+aggregate_current,shift_1,w02_s004,2,2,83,0.7108433734939759
static,next_5_8,heldout_snapshot,physical+aggregate_current,shift_1,w00_s004,0,2,41,0.7804878048780488
static,next_5_8,heldout_snapshot,physical+aggregate_current,shift_1,w02_s000,2,1,63,0.5555555555555556
static,next_5_8,heldout_snapshot,physical_action+aggregate_current,shift_2,w00_s005,0,1,15,0.9333333333333333
static,next_5_8,heldout_snapshot,physical_action+aggregate_current,shift_2,w01_s003,1,1,15,1.0
static,next_5_8,heldout_snapshot,physical_action+aggregate_current,shift_2,w02_s001,2,1,28,0.8928571428571429
static,next_5_8,heldout_snapshot,physical_action+aggregate_current,shift_2,w00_s001,0,1,48,1.0
static,next_5_8,heldout_snapshot,physical_action+aggregate_current,shift_2,w02_s002,2,2,75,0.8533333333333333
static,next_5_8,heldout_snapshot,physical_action+aggregate_current,shift_2,w00_s002,0,1,15,0.8666666666666667
static,next_5_8,heldout_snapshot,physical_action+aggregate_current,shift_2,w00_s003,0,2,69,0.8985507246376812
static,next_5_8,heldout_snapshot,physical_action+aggregate_current,shift_2,w02_s004,2,2,83,0.9036144578313253
static,next_5_8,heldout_snapshot,physical_action+aggregate_current,shift_2,w00_s004,0,2,41,0.9024390243902439
static,next_5_8,heldout_snapshot,physical_action+aggregate_current,shift_2,w02_s000,2,1,63,0.873015873015873
static,next_5_8,heldout_snapshot,physical+aggregate_current,shift_2,w00_s005,0,1,15,0.9333333333333333
static,next_5_8,heldout_snapshot,physical+aggregate_current,shift_2,w01_s003,1,1,15,0.6666666666666667
static,next_5_8,heldout_snapshot,physical+aggregate_current,shift_2,w02_s001,2,1,28,0.9285714285714286
static,next_5_8,heldout_snapshot,physical+aggregate_current,shift_2,w00_s001,0,1,48,0.9166666666666666
static,next_5_8,heldout_snapshot,physical+aggregate_current,shift_2,w02_s002,2,2,75,0.6133333333333333
static,next_5_8,heldout_snapshot,physical+aggregate_current,shift_2,w00_s002,0,1,15,0.4
static,next_5_8,heldout_snapshot,physical+aggregate_current,shift_2,w00_s003,0,2,69,0.5072463768115942
static,next_5_8,heldout_snapshot,physical+aggregate_current,shift_2,w02_s004,2,2,83,0.7469879518072289
static,next_5_8,heldout_snapshot,physical+aggregate_current,shift_2,w00_s004,0,2,41,0.7804878048780488
static,next_5_8,heldout_snapshot,physical+aggregate_current,shift_2,w02_s000,2,1,63,0.6190476190476191
static,next_5_8,heldout_snapshot,physical_action+aggregate_current,shift_3,w00_s005,0,1,15,1.0
static,next_5_8,heldout_snapshot,physical_action+aggregate_current,shift_3,w01_s003,1,1,15,1.0
static,next_5_8,heldout_snapshot,physical_action+aggregate_current,shift_3,w02_s001,2,1,28,0.9642857142857143
static,next_5_8,heldout_snapshot,physical_action+aggregate_current,shift_3,w00_s001,0,1,48,1.0
static,next_5_8,heldout_snapshot,physical_action+aggregate_current,shift_3,w02_s002,2,2,75,0.76
static,next_5_8,heldout_snapshot,physical_action+aggregate_current,shift_3,w00_s002,0,1,15,1.0
static,next_5_8,heldout_snapshot,physical_action+aggregate_current,shift_3,w00_s003,0,2,69,0.8405797101449275
static,next_5_8,heldout_snapshot,physical_action+aggregate_current,shift_3,w02_s004,2,2,83,0.8795180722891566
static,next_5_8,heldout_snapshot,physical_action+aggregate_current,shift_3,w00_s004,0,2,41,0.9024390243902439
static,next_5_8,heldout_snapshot,physical_action+aggregate_current,shift_3,w02_s000,2,1,63,0.8888888888888888
static,next_5_8,heldout_snapshot,physical+aggregate_current,shift_3,w00_s005,0,1,15,1.0
static,next_5_8,heldout_snapshot,physical+aggregate_current,shift_3,w01_s003,1,1,15,0.7333333333333333
static,next_5_8,heldout_snapshot,physical+aggregate_current,shift_3,w02_s001,2,1,28,0.9285714285714286
static,next_5_8,heldout_snapshot,physical+aggregate_current,shift_3,w00_s001,0,1,48,0.8541666666666665
static,next_5_8,heldout_snapshot,physical+aggregate_current,shift_3,w02_s002,2,2,75,0.64
static,next_5_8,heldout_snapshot,physical+aggregate_current,shift_3,w00_s002,0,1,15,0.6666666666666667
static,next_5_8,heldout_snapshot,physical+aggregate_current,shift_3,w00_s003,0,2,69,0.5942028985507246
static,next_5_8,heldout_snapshot,physical+aggregate_current,shift_3,w02_s004,2,2,83,0.6265060240963856
static,next_5_8,heldout_snapshot,physical+aggregate_current,shift_3,w00_s004,0,2,41,0.7073170731707317
static,next_5_8,heldout_snapshot,physical+aggregate_current,shift_3,w02_s000,2,1,63,0.6190476190476191
static,next_5_8,heldout_snapshot,moe_token_current,aligned,w00_s005,0,1,15,0.6
static,next_5_8,heldout_snapshot,moe_token_current,aligned,w01_s003,1,1,15,0.0
static,next_5_8,heldout_snapshot,moe_token_current,aligned,w02_s001,2,1,28,0.14285714285714285
static,next_5_8,heldout_snapshot,moe_token_current,aligned,w00_s001,0,1,48,0.7291666666666666
static,next_5_8,heldout_snapshot,moe_token_current,aligned,w02_s002,2,2,75,0.49333333333333335
static,next_5_8,heldout_snapshot,moe_token_current,aligned,w00_s002,0,1,15,0.1333333333333333
static,next_5_8,heldout_snapshot,moe_token_current,aligned,w00_s003,0,2,69,0.7246376811594203
static,next_5_8,heldout_snapshot,moe_token_current,aligned,w02_s004,2,2,83,0.5060240963855422
static,next_5_8,heldout_snapshot,moe_token_current,aligned,w00_s004,0,2,41,0.9024390243902439
static,next_5_8,heldout_snapshot,moe_token_current,aligned,w02_s000,2,1,63,0.49206349206349204
static,next_5_8,heldout_snapshot,physical_action+token_current,aligned,w00_s005,0,1,15,0.9333333333333333
static,next_5_8,heldout_snapshot,physical_action+token_current,aligned,w01_s003,1,1,15,1.0
static,next_5_8,heldout_snapshot,physical_action+token_current,aligned,w02_s001,2,1,28,1.0
static,next_5_8,heldout_snapshot,physical_action+token_current,aligned,w00_s001,0,1,48,1.0
static,next_5_8,heldout_snapshot,physical_action+token_current,aligned,w02_s002,2,2,75,0.7333333333333333
static,next_5_8,heldout_snapshot,physical_action+token_current,aligned,w00_s002,0,1,15,0.8666666666666667
static,next_5_8,heldout_snapshot,physical_action+token_current,aligned,w00_s003,0,2,69,0.7971014492753623
static,next_5_8,heldout_snapshot,physical_action+token_current,aligned,w02_s004,2,2,83,0.9156626506024096
static,next_5_8,heldout_snapshot,physical_action+token_current,aligned,w00_s004,0,2,41,0.9024390243902439
static,next_5_8,heldout_snapshot,physical_action+token_current,aligned,w02_s000,2,1,63,0.8571428571428572
static,next_5_8,heldout_snapshot,physical+token_current,aligned,w00_s005,0,1,15,0.9333333333333333
static,next_5_8,heldout_snapshot,physical+token_current,aligned,w01_s003,1,1,15,0.19999999999999993
static,next_5_8,heldout_snapshot,physical+token_current,aligned,w02_s001,2,1,28,0.8571428571428571
static,next_5_8,heldout_snapshot,physical+token_current,aligned,w00_s001,0,1,48,0.8958333333333334
static,next_5_8,heldout_snapshot,physical+token_current,aligned,w02_s002,2,2,75,0.6133333333333333
static,next_5_8,heldout_snapshot,physical+token_current,aligned,w00_s002,0,1,15,0.2666666666666667
static,next_5_8,heldout_snapshot,physical+token_current,aligned,w00_s003,0,2,69,0.7536231884057971
static,next_5_8,heldout_snapshot,physical+token_current,aligned,w02_s004,2,2,83,0.7349397590361446
static,next_5_8,heldout_snapshot,physical+token_current,aligned,w00_s004,0,2,41,0.8536585365853658
static,next_5_8,heldout_snapshot,physical+token_current,aligned,w02_s000,2,1,63,0.6031746031746033
static,next_5_8,heldout_snapshot,physical_action+token_current,shift_1,w00_s005,0,1,15,0.9333333333333333
static,next_5_8,heldout_snapshot,physical_action+token_current,shift_1,w01_s003,1,1,15,1.0
static,next_5_8,heldout_snapshot,physical_action+token_current,shift_1,w02_s001,2,1,28,0.9285714285714286
static,next_5_8,heldout_snapshot,physical_action+token_current,shift_1,w00_s001,0,1,48,1.0
static,next_5_8,heldout_snapshot,physical_action+token_current,shift_1,w02_s002,2,2,75,0.8
static,next_5_8,heldout_snapshot,physical_action+token_current,shift_1,w00_s002,0,1,15,1.0
static,next_5_8,heldout_snapshot,physical_action+token_current,shift_1,w00_s003,0,2,69,0.855072463768116
static,next_5_8,heldout_snapshot,physical_action+token_current,shift_1,w02_s004,2,2,83,0.927710843373494
static,next_5_8,heldout_snapshot,physical_action+token_current,shift_1,w00_s004,0,2,41,0.975609756097561
static,next_5_8,heldout_snapshot,physical_action+token_current,shift_1,w02_s000,2,1,63,0.873015873015873
static,next_5_8,heldout_snapshot,physical+token_current,shift_1,w00_s005,0,1,15,1.0
static,next_5_8,heldout_snapshot,physical+token_current,shift_1,w01_s003,1,1,15,1.0
static,next_5_8,heldout_snapshot,physical+token_current,shift_1,w02_s001,2,1,28,0.8571428571428571
static,next_5_8,heldout_snapshot,physical+token_current,shift_1,w00_s001,0,1,48,0.8333333333333334
static,next_5_8,heldout_snapshot,physical+token_current,shift_1,w02_s002,2,2,75,0.6933333333333334
static,next_5_8,heldout_snapshot,physical+token_current,shift_1,w00_s002,0,1,15,0.6
static,next_5_8,heldout_snapshot,physical+token_current,shift_1,w00_s003,0,2,69,0.5797101449275363
static,next_5_8,heldout_snapshot,physical+token_current,shift_1,w02_s004,2,2,83,0.7108433734939759
static,next_5_8,heldout_snapshot,physical+token_current,shift_1,w00_s004,0,2,41,0.8536585365853658
static,next_5_8,heldout_snapshot,physical+token_current,shift_1,w02_s000,2,1,63,0.5714285714285714
static,next_5_8,heldout_snapshot,physical_action+token_current,shift_2,w00_s005,0,1,15,1.0
static,next_5_8,heldout_snapshot,physical_action+token_current,shift_2,w01_s003,1,1,15,1.0
static,next_5_8,heldout_snapshot,physical_action+token_current,shift_2,w02_s001,2,1,28,0.8214285714285714
static,next_5_8,heldout_snapshot,physical_action+token_current,shift_2,w00_s001,0,1,48,1.0
static,next_5_8,heldout_snapshot,physical_action+token_current,shift_2,w02_s002,2,2,75,0.72
static,next_5_8,heldout_snapshot,physical_action+token_current,shift_2,w00_s002,0,1,15,0.8
static,next_5_8,heldout_snapshot,physical_action+token_current,shift_2,w00_s003,0,2,69,0.8115942028985508
static,next_5_8,heldout_snapshot,physical_action+token_current,shift_2,w02_s004,2,2,83,0.891566265060241
static,next_5_8,heldout_snapshot,physical_action+token_current,shift_2,w00_s004,0,2,41,0.8048780487804879
static,next_5_8,heldout_snapshot,physical_action+token_current,shift_2,w02_s000,2,1,63,0.873015873015873
static,next_5_8,heldout_snapshot,physical+token_current,shift_2,w00_s005,0,1,15,1.0
static,next_5_8,heldout_snapshot,physical+token_current,shift_2,w01_s003,1,1,15,0.6
static,next_5_8,heldout_snapshot,physical+token_current,shift_2,w02_s001,2,1,28,0.8571428571428571
static,next_5_8,heldout_snapshot,physical+token_current,shift_2,w00_s001,0,1,48,0.7916666666666666
static,next_5_8,heldout_snapshot,physical+token_current,shift_2,w02_s002,2,2,75,0.5866666666666667
static,next_5_8,heldout_snapshot,physical+token_current,shift_2,w00_s002,0,1,15,0.6
static,next_5_8,heldout_snapshot,physical+token_current,shift_2,w00_s003,0,2,69,0.5072463768115942
static,next_5_8,heldout_snapshot,physical+token_current,shift_2,w02_s004,2,2,83,0.6626506024096386
static,next_5_8,heldout_snapshot,physical+token_current,shift_2,w00_s004,0,2,41,0.7804878048780488
static,next_5_8,heldout_snapshot,physical+token_current,shift_2,w02_s000,2,1,63,0.7301587301587302
static,next_5_8,heldout_snapshot,physical_action+token_current,shift_3,w00_s005,0,1,15,0.9333333333333333
static,next_5_8,heldout_snapshot,physical_action+token_current,shift_3,w01_s003,1,1,15,1.0
static,next_5_8,heldout_snapshot,physical_action+token_current,shift_3,w02_s001,2,1,28,1.0
static,next_5_8,heldout_snapshot,physical_action+token_current,shift_3,w00_s001,0,1,48,1.0
static,next_5_8,heldout_snapshot,physical_action+token_current,shift_3,w02_s002,2,2,75,0.7733333333333333
static,next_5_8,heldout_snapshot,physical_action+token_current,shift_3,w00_s002,0,1,15,0.8666666666666667
static,next_5_8,heldout_snapshot,physical_action+token_current,shift_3,w00_s003,0,2,69,0.7246376811594203
static,next_5_8,heldout_snapshot,physical_action+token_current,shift_3,w02_s004,2,2,83,0.927710843373494
static,next_5_8,heldout_snapshot,physical_action+token_current,shift_3,w00_s004,0,2,41,0.9024390243902439
static,next_5_8,heldout_snapshot,physical_action+token_current,shift_3,w02_s000,2,1,63,0.8571428571428572
static,next_5_8,heldout_snapshot,physical+token_current,shift_3,w00_s005,0,1,15,1.0
static,next_5_8,heldout_snapshot,physical+token_current,shift_3,w01_s003,1,1,15,0.19999999999999993
static,next_5_8,heldout_snapshot,physical+token_current,shift_3,w02_s001,2,1,28,0.8214285714285714
static,next_5_8,heldout_snapshot,physical+token_current,shift_3,w00_s001,0,1,48,0.6666666666666666
static,next_5_8,heldout_snapshot,physical+token_current,shift_3,w02_s002,2,2,75,0.68
static,next_5_8,heldout_snapshot,physical+token_current,shift_3,w00_s002,0,1,15,0.6666666666666667
static,next_5_8,heldout_snapshot,physical+token_current,shift_3,w00_s003,0,2,69,0.5362318840579711
static,next_5_8,heldout_snapshot,physical+token_current,shift_3,w02_s004,2,2,83,0.7228915662650602
static,next_5_8,heldout_snapshot,physical+token_current,shift_3,w00_s004,0,2,41,0.7073170731707317
static,next_5_8,heldout_snapshot,physical+token_current,shift_3,w02_s000,2,1,63,0.6984126984126985
static,next_5_8,heldout_snapshot,moe_token_history,aligned,w00_s005,0,1,15,0.8
static,next_5_8,heldout_snapshot,moe_token_history,aligned,w01_s003,1,1,15,1.0
static,next_5_8,heldout_snapshot,moe_token_history,aligned,w02_s001,2,1,28,0.8214285714285714
static,next_5_8,heldout_snapshot,moe_token_history,aligned,w00_s001,0,1,48,1.0
static,next_5_8,heldout_snapshot,moe_token_history,aligned,w02_s002,2,2,75,0.7466666666666667
static,next_5_8,heldout_snapshot,moe_token_history,aligned,w00_s002,0,1,15,0.33333333333333337
static,next_5_8,heldout_snapshot,moe_token_history,aligned,w00_s003,0,2,69,0.8405797101449275
static,next_5_8,heldout_snapshot,moe_token_history,aligned,w02_s004,2,2,83,0.8192771084337349
static,next_5_8,heldout_snapshot,moe_token_history,aligned,w00_s004,0,2,41,0.9512195121951219
static,next_5_8,heldout_snapshot,moe_token_history,aligned,w02_s000,2,1,63,0.6666666666666667
static,next_5_8,heldout_snapshot,physical_action+token_history,aligned,w00_s005,0,1,15,0.8666666666666667
static,next_5_8,heldout_snapshot,physical_action+token_history,aligned,w01_s003,1,1,15,1.0
static,next_5_8,heldout_snapshot,physical_action+token_history,aligned,w02_s001,2,1,28,0.8571428571428571
static,next_5_8,heldout_snapshot,physical_action+token_history,aligned,w00_s001,0,1,48,1.0
static,next_5_8,heldout_snapshot,physical_action+token_history,aligned,w02_s002,2,2,75,0.7733333333333333
static,next_5_8,heldout_snapshot,physical_action+token_history,aligned,w00_s002,0,1,15,0.8
static,next_5_8,heldout_snapshot,physical_action+token_history,aligned,w00_s003,0,2,69,0.7971014492753622
static,next_5_8,heldout_snapshot,physical_action+token_history,aligned,w02_s004,2,2,83,0.8795180722891566
static,next_5_8,heldout_snapshot,physical_action+token_history,aligned,w00_s004,0,2,41,0.9024390243902439
static,next_5_8,heldout_snapshot,physical_action+token_history,aligned,w02_s000,2,1,63,0.8095238095238095
static,next_5_8,heldout_snapshot,physical+token_history,aligned,w00_s005,0,1,15,1.0
static,next_5_8,heldout_snapshot,physical+token_history,aligned,w01_s003,1,1,15,1.0
static,next_5_8,heldout_snapshot,physical+token_history,aligned,w02_s001,2,1,28,0.75
static,next_5_8,heldout_snapshot,physical+token_history,aligned,w00_s001,0,1,48,0.9791666666666666
static,next_5_8,heldout_snapshot,physical+token_history,aligned,w02_s002,2,2,75,0.68
static,next_5_8,heldout_snapshot,physical+token_history,aligned,w00_s002,0,1,15,0.33333333333333337
static,next_5_8,heldout_snapshot,physical+token_history,aligned,w00_s003,0,2,69,0.7681159420289855
static,next_5_8,heldout_snapshot,physical+token_history,aligned,w02_s004,2,2,83,0.8554216867469879
static,next_5_8,heldout_snapshot,physical+token_history,aligned,w00_s004,0,2,41,0.8292682926829268
static,next_5_8,heldout_snapshot,physical+token_history,aligned,w02_s000,2,1,63,0.6825396825396826
static,next_5_8,heldout_snapshot,physical_action+token_history,shift_1,w00_s005,0,1,15,0.8666666666666667
static,next_5_8,heldout_snapshot,physical_action+token_history,shift_1,w01_s003,1,1,15,1.0
static,next_5_8,heldout_snapshot,physical_action+token_history,shift_1,w02_s001,2,1,28,1.0
static,next_5_8,heldout_snapshot,physical_action+token_history,shift_1,w00_s001,0,1,48,1.0
static,next_5_8,heldout_snapshot,physical_action+token_history,shift_1,w02_s002,2,2,75,0.7333333333333333
static,next_5_8,heldout_snapshot,physical_action+token_history,shift_1,w00_s002,0,1,15,1.0
static,next_5_8,heldout_snapshot,physical_action+token_history,shift_1,w00_s003,0,2,69,0.7681159420289855
static,next_5_8,heldout_snapshot,physical_action+token_history,shift_1,w02_s004,2,2,83,0.891566265060241
static,next_5_8,heldout_snapshot,physical_action+token_history,shift_1,w00_s004,0,2,41,0.9512195121951219
static,next_5_8,heldout_snapshot,physical_action+token_history,shift_1,w02_s000,2,1,63,0.9365079365079365
static,next_5_8,heldout_snapshot,physical+token_history,shift_1,w00_s005,0,1,15,0.6
static,next_5_8,heldout_snapshot,physical+token_history,shift_1,w01_s003,1,1,15,0.2666666666666667
static,next_5_8,heldout_snapshot,physical+token_history,shift_1,w02_s001,2,1,28,0.8928571428571429
static,next_5_8,heldout_snapshot,physical+token_history,shift_1,w00_s001,0,1,48,0.6666666666666666
static,next_5_8,heldout_snapshot,physical+token_history,shift_1,w02_s002,2,2,75,0.41333333333333333
static,next_5_8,heldout_snapshot,physical+token_history,shift_1,w00_s002,0,1,15,0.4666666666666667
static,next_5_8,heldout_snapshot,physical+token_history,shift_1,w00_s003,0,2,69,0.4927536231884057
static,next_5_8,heldout_snapshot,physical+token_history,shift_1,w02_s004,2,2,83,0.6987951807228916
static,next_5_8,heldout_snapshot,physical+token_history,shift_1,w00_s004,0,2,41,0.5121951219512195
static,next_5_8,heldout_snapshot,physical+token_history,shift_1,w02_s000,2,1,63,0.5873015873015873
static,next_5_8,heldout_snapshot,physical_action+token_history,shift_2,w00_s005,0,1,15,0.9333333333333333
static,next_5_8,heldout_snapshot,physical_action+token_history,shift_2,w01_s003,1,1,15,1.0
static,next_5_8,heldout_snapshot,physical_action+token_history,shift_2,w02_s001,2,1,28,0.8214285714285714
static,next_5_8,heldout_snapshot,physical_action+token_history,shift_2,w00_s001,0,1,48,1.0
static,next_5_8,heldout_snapshot,physical_action+token_history,shift_2,w02_s002,2,2,75,0.6666666666666666
static,next_5_8,heldout_snapshot,physical_action+token_history,shift_2,w00_s002,0,1,15,0.8
static,next_5_8,heldout_snapshot,physical_action+token_history,shift_2,w00_s003,0,2,69,0.782608695652174
static,next_5_8,heldout_snapshot,physical_action+token_history,shift_2,w02_s004,2,2,83,0.9156626506024096
static,next_5_8,heldout_snapshot,physical_action+token_history,shift_2,w00_s004,0,2,41,0.8536585365853658
static,next_5_8,heldout_snapshot,physical_action+token_history,shift_2,w02_s000,2,1,63,0.873015873015873
static,next_5_8,heldout_snapshot,physical+token_history,shift_2,w00_s005,0,1,15,0.4
static,next_5_8,heldout_snapshot,physical+token_history,shift_2,w01_s003,1,1,15,0.4666666666666667
static,next_5_8,heldout_snapshot,physical+token_history,shift_2,w02_s001,2,1,28,0.5357142857142857
static,next_5_8,heldout_snapshot,physical+token_history,shift_2,w00_s001,0,1,48,0.7083333333333334
static,next_5_8,heldout_snapshot,physical+token_history,shift_2,w02_s002,2,2,75,0.56
static,next_5_8,heldout_snapshot,physical+token_history,shift_2,w00_s002,0,1,15,0.19999999999999993
static,next_5_8,heldout_snapshot,physical+token_history,shift_2,w00_s003,0,2,69,0.42028985507246375
static,next_5_8,heldout_snapshot,physical+token_history,shift_2,w02_s004,2,2,83,0.6987951807228916
static,next_5_8,heldout_snapshot,physical+token_history,shift_2,w00_s004,0,2,41,0.6341463414634146
static,next_5_8,heldout_snapshot,physical+token_history,shift_2,w02_s000,2,1,63,0.7301587301587301
static,next_5_8,heldout_snapshot,physical_action+token_history,shift_3,w00_s005,0,1,15,0.9333333333333333
static,next_5_8,heldout_snapshot,physical_action+token_history,shift_3,w01_s003,1,1,15,1.0
static,next_5_8,heldout_snapshot,physical_action+token_history,shift_3,w02_s001,2,1,28,0.8214285714285714
static,next_5_8,heldout_snapshot,physical_action+token_history,shift_3,w00_s001,0,1,48,1.0
static,next_5_8,heldout_snapshot,physical_action+token_history,shift_3,w02_s002,2,2,75,0.7333333333333333
static,next_5_8,heldout_snapshot,physical_action+token_history,shift_3,w00_s002,0,1,15,1.0
static,next_5_8,heldout_snapshot,physical_action+token_history,shift_3,w00_s003,0,2,69,0.7681159420289855
static,next_5_8,heldout_snapshot,physical_action+token_history,shift_3,w02_s004,2,2,83,0.963855421686747
static,next_5_8,heldout_snapshot,physical_action+token_history,shift_3,w00_s004,0,2,41,0.8048780487804879
static,next_5_8,heldout_snapshot,physical_action+token_history,shift_3,w02_s000,2,1,63,0.873015873015873
static,next_5_8,heldout_snapshot,physical+token_history,shift_3,w00_s005,0,1,15,0.5333333333333333
static,next_5_8,heldout_snapshot,physical+token_history,shift_3,w01_s003,1,1,15,0.06666666666666665
static,next_5_8,heldout_snapshot,physical+token_history,shift_3,w02_s001,2,1,28,0.75
static,next_5_8,heldout_snapshot,physical+token_history,shift_3,w00_s001,0,1,48,0.5
static,next_5_8,heldout_snapshot,physical+token_history,shift_3,w02_s002,2,2,75,0.7066666666666667
static,next_5_8,heldout_snapshot,physical+token_history,shift_3,w00_s002,0,1,15,0.33333333333333337
static,next_5_8,heldout_snapshot,physical+token_history,shift_3,w00_s003,0,2,69,0.3913043478260869
static,next_5_8,heldout_snapshot,physical+token_history,shift_3,w02_s004,2,2,83,0.5180722891566265
static,next_5_8,heldout_snapshot,physical+token_history,shift_3,w00_s004,0,2,41,0.4878048780487805
static,next_5_8,heldout_snapshot,physical+token_history,shift_3,w02_s000,2,1,63,0.5238095238095238
static,next_5_8,heldout_worker,rate_only,aligned,w00_s001,0,1,48,0.5
static,next_5_8,heldout_worker,rate_only,aligned,w00_s002,0,1,15,0.5
static,next_5_8,heldout_worker,rate_only,aligned,w00_s003,0,2,69,0.5
static,next_5_8,heldout_worker,rate_only,aligned,w00_s004,0,2,41,0.5
static,next_5_8,heldout_worker,rate_only,aligned,w00_s005,0,1,15,0.5
static,next_5_8,heldout_worker,rate_only,aligned,w01_s003,1,1,15,0.5
static,next_5_8,heldout_worker,rate_only,aligned,w02_s000,2,1,63,0.5
static,next_5_8,heldout_worker,rate_only,aligned,w02_s001,2,1,28,0.5
static,next_5_8,heldout_worker,rate_only,aligned,w02_s002,2,2,75,0.5
static,next_5_8,heldout_worker,rate_only,aligned,w02_s004,2,2,83,0.5
static,next_5_8,heldout_worker,physical_action,aligned,w00_s001,0,1,48,1.0
static,next_5_8,heldout_worker,physical_action,aligned,w00_s002,0,1,15,0.8666666666666667
static,next_5_8,heldout_worker,physical_action,aligned,w00_s003,0,2,69,0.8115942028985508
static,next_5_8,heldout_worker,physical_action,aligned,w00_s004,0,2,41,0.7560975609756098
static,next_5_8,heldout_worker,physical_action,aligned,w00_s005,0,1,15,0.9333333333333333
static,next_5_8,heldout_worker,physical_action,aligned,w01_s003,1,1,15,1.0
static,next_5_8,heldout_worker,physical_action,aligned,w02_s000,2,1,63,0.8095238095238095
static,next_5_8,heldout_worker,physical_action,aligned,w02_s001,2,1,28,0.9285714285714286
static,next_5_8,heldout_worker,physical_action,aligned,w02_s002,2,2,75,0.7866666666666666
static,next_5_8,heldout_worker,physical_action,aligned,w02_s004,2,2,83,0.927710843373494
static,next_5_8,heldout_worker,physical,aligned,w00_s001,0,1,48,0.7500000000000001
static,next_5_8,heldout_worker,physical,aligned,w00_s002,0,1,15,0.33333333333333337
static,next_5_8,heldout_worker,physical,aligned,w00_s003,0,2,69,0.5942028985507246
static,next_5_8,heldout_worker,physical,aligned,w00_s004,0,2,41,0.4878048780487805
static,next_5_8,heldout_worker,physical,aligned,w00_s005,0,1,15,1.0
static,next_5_8,heldout_worker,physical,aligned,w01_s003,1,1,15,1.0
static,next_5_8,heldout_worker,physical,aligned,w02_s000,2,1,63,0.4285714285714286
static,next_5_8,heldout_worker,physical,aligned,w02_s001,2,1,28,1.0
static,next_5_8,heldout_worker,physical,aligned,w02_s002,2,2,75,0.4666666666666667
static,next_5_8,heldout_worker,physical,aligned,w02_s004,2,2,83,0.6506024096385542
static,next_5_8,heldout_worker,moe_aggregate_current,aligned,w00_s001,0,1,48,0.6041666666666667
static,next_5_8,heldout_worker,moe_aggregate_current,aligned,w00_s002,0,1,15,0.0
static,next_5_8,heldout_worker,moe_aggregate_current,aligned,w00_s003,0,2,69,0.40579710144927533
static,next_5_8,heldout_worker,moe_aggregate_current,aligned,w00_s004,0,2,41,0.36585365853658536
static,next_5_8,heldout_worker,moe_aggregate_current,aligned,w00_s005,0,1,15,0.4
static,next_5_8,heldout_worker,moe_aggregate_current,aligned,w01_s003,1,1,15,0.1333333333333333
static,next_5_8,heldout_worker,moe_aggregate_current,aligned,w02_s000,2,1,63,0.8412698412698413
static,next_5_8,heldout_worker,moe_aggregate_current,aligned,w02_s001,2,1,28,0.8214285714285714
static,next_5_8,heldout_worker,moe_aggregate_current,aligned,w02_s002,2,2,75,0.64
static,next_5_8,heldout_worker,moe_aggregate_current,aligned,w02_s004,2,2,83,0.40963855421686746
static,next_5_8,heldout_worker,physical_action+aggregate_current,aligned,w00_s001,0,1,48,1.0
static,next_5_8,heldout_worker,physical_action+aggregate_current,aligned,w00_s002,0,1,15,0.7333333333333333
static,next_5_8,heldout_worker,physical_action+aggregate_current,aligned,w00_s003,0,2,69,0.7536231884057971
static,next_5_8,heldout_worker,physical_action+aggregate_current,aligned,w00_s004,0,2,41,0.7073170731707317
static,next_5_8,heldout_worker,physical_action+aggregate_current,aligned,w00_s005,0,1,15,0.8666666666666667
static,next_5_8,heldout_worker,physical_action+aggregate_current,aligned,w01_s003,1,1,15,1.0
static,next_5_8,heldout_worker,physical_action+aggregate_current,aligned,w02_s000,2,1,63,0.8412698412698412
static,next_5_8,heldout_worker,physical_action+aggregate_current,aligned,w02_s001,2,1,28,0.9642857142857143
static,next_5_8,heldout_worker,physical_action+aggregate_current,aligned,w02_s002,2,2,75,0.72
static,next_5_8,heldout_worker,physical_action+aggregate_current,aligned,w02_s004,2,2,83,0.8674698795180723
static,next_5_8,heldout_worker,physical+aggregate_current,aligned,w00_s001,0,1,48,0.75
static,next_5_8,heldout_worker,physical+aggregate_current,aligned,w00_s002,0,1,15,0.0
static,next_5_8,heldout_worker,physical+aggregate_current,aligned,w00_s003,0,2,69,0.5362318840579711
static,next_5_8,heldout_worker,physical+aggregate_current,aligned,w00_s004,0,2,41,0.4634146341463415
static,next_5_8,heldout_worker,physical+aggregate_current,aligned,w00_s005,0,1,15,0.8666666666666667
static,next_5_8,heldout_worker,physical+aggregate_current,aligned,w01_s003,1,1,15,0.2666666666666667
static,next_5_8,heldout_worker,physical+aggregate_current,aligned,w02_s000,2,1,63,0.6031746031746033
static,next_5_8,heldout_worker,physical+aggregate_current,aligned,w02_s001,2,1,28,0.9285714285714286
static,next_5_8,heldout_worker,physical+aggregate_current,aligned,w02_s002,2,2,75,0.5466666666666666
static,next_5_8,heldout_worker,physical+aggregate_current,aligned,w02_s004,2,2,83,0.6506024096385542
static,next_5_8,heldout_worker,physical_action+aggregate_current,shift_1,w00_s001,0,1,48,1.0
static,next_5_8,heldout_worker,physical_action+aggregate_current,shift_1,w00_s002,0,1,15,1.0
static,next_5_8,heldout_worker,physical_action+aggregate_current,shift_1,w00_s003,0,2,69,0.7101449275362319
static,next_5_8,heldout_worker,physical_action+aggregate_current,shift_1,w00_s004,0,2,41,0.8780487804878049
static,next_5_8,heldout_worker,physical_action+aggregate_current,shift_1,w00_s005,0,1,15,0.8666666666666667
static,next_5_8,heldout_worker,physical_action+aggregate_current,shift_1,w01_s003,1,1,15,1.0
static,next_5_8,heldout_worker,physical_action+aggregate_current,shift_1,w02_s000,2,1,63,0.8253968253968254
static,next_5_8,heldout_worker,physical_action+aggregate_current,shift_1,w02_s001,2,1,28,0.7857142857142857
static,next_5_8,heldout_worker,physical_action+aggregate_current,shift_1,w02_s002,2,2,75,0.6666666666666666
static,next_5_8,heldout_worker,physical_action+aggregate_current,shift_1,w02_s004,2,2,83,0.9156626506024096
static,next_5_8,heldout_worker,physical+aggregate_current,shift_1,w00_s001,0,1,48,0.5208333333333333
static,next_5_8,heldout_worker,physical+aggregate_current,shift_1,w00_s002,0,1,15,0.8666666666666667
static,next_5_8,heldout_worker,physical+aggregate_current,shift_1,w00_s003,0,2,69,0.5217391304347826
static,next_5_8,heldout_worker,physical+aggregate_current,shift_1,w00_s004,0,2,41,0.5853658536585366
static,next_5_8,heldout_worker,physical+aggregate_current,shift_1,w00_s005,0,1,15,0.8666666666666667
static,next_5_8,heldout_worker,physical+aggregate_current,shift_1,w01_s003,1,1,15,1.0
static,next_5_8,heldout_worker,physical+aggregate_current,shift_1,w02_s000,2,1,63,0.23809523809523817
static,next_5_8,heldout_worker,physical+aggregate_current,shift_1,w02_s001,2,1,28,0.8214285714285714
static,next_5_8,heldout_worker,physical+aggregate_current,shift_1,w02_s002,2,2,75,0.3866666666666667
static,next_5_8,heldout_worker,physical+aggregate_current,shift_1,w02_s004,2,2,83,0.6144578313253012
static,next_5_8,heldout_worker,physical_action+aggregate_current,shift_2,w00_s001,0,1,48,1.0
static,next_5_8,heldout_worker,physical_action+aggregate_current,shift_2,w00_s002,0,1,15,0.8
static,next_5_8,heldout_worker,physical_action+aggregate_current,shift_2,w00_s003,0,2,69,0.7971014492753623
static,next_5_8,heldout_worker,physical_action+aggregate_current,shift_2,w00_s004,0,2,41,0.8292682926829268
static,next_5_8,heldout_worker,physical_action+aggregate_current,shift_2,w00_s005,0,1,15,0.9333333333333333
static,next_5_8,heldout_worker,physical_action+aggregate_current,shift_2,w01_s003,1,1,15,1.0
static,next_5_8,heldout_worker,physical_action+aggregate_current,shift_2,w02_s000,2,1,63,0.7936507936507936
static,next_5_8,heldout_worker,physical_action+aggregate_current,shift_2,w02_s001,2,1,28,0.8571428571428571
static,next_5_8,heldout_worker,physical_action+aggregate_current,shift_2,w02_s002,2,2,75,0.8266666666666667
static,next_5_8,heldout_worker,physical_action+aggregate_current,shift_2,w02_s004,2,2,83,0.9397590361445783
static,next_5_8,heldout_worker,physical+aggregate_current,shift_2,w00_s001,0,1,48,0.375
static,next_5_8,heldout_worker,physical+aggregate_current,shift_2,w00_s002,0,1,15,0.4666666666666667
static,next_5_8,heldout_worker,physical+aggregate_current,shift_2,w00_s003,0,2,69,0.6086956521739131
static,next_5_8,heldout_worker,physical+aggregate_current,shift_2,w00_s004,0,2,41,0.6585365853658537
static,next_5_8,heldout_worker,physical+aggregate_current,shift_2,w00_s005,0,1,15,0.9333333333333333
static,next_5_8,heldout_worker,physical+aggregate_current,shift_2,w01_s003,1,1,15,1.0
static,next_5_8,heldout_worker,physical+aggregate_current,shift_2,w02_s000,2,1,63,0.4126984126984127
static,next_5_8,heldout_worker,physical+aggregate_current,shift_2,w02_s001,2,1,28,0.8928571428571429
static,next_5_8,heldout_worker,physical+aggregate_current,shift_2,w02_s002,2,2,75,0.38666666666666666
static,next_5_8,heldout_worker,physical+aggregate_current,shift_2,w02_s004,2,2,83,0.6265060240963856
static,next_5_8,heldout_worker,physical_action+aggregate_current,shift_3,w00_s001,0,1,48,1.0
static,next_5_8,heldout_worker,physical_action+aggregate_current,shift_3,w00_s002,0,1,15,0.6666666666666667
static,next_5_8,heldout_worker,physical_action+aggregate_current,shift_3,w00_s003,0,2,69,0.8115942028985507
static,next_5_8,heldout_worker,physical_action+aggregate_current,shift_3,w00_s004,0,2,41,0.7804878048780487
static,next_5_8,heldout_worker,physical_action+aggregate_current,shift_3,w00_s005,0,1,15,0.9333333333333333
static,next_5_8,heldout_worker,physical_action+aggregate_current,shift_3,w01_s003,1,1,15,1.0
static,next_5_8,heldout_worker,physical_action+aggregate_current,shift_3,w02_s000,2,1,63,0.7777777777777778
static,next_5_8,heldout_worker,physical_action+aggregate_current,shift_3,w02_s001,2,1,28,0.9642857142857143
static,next_5_8,heldout_worker,physical_action+aggregate_current,shift_3,w02_s002,2,2,75,0.7866666666666666
static,next_5_8,heldout_worker,physical_action+aggregate_current,shift_3,w02_s004,2,2,83,0.9156626506024096
static,next_5_8,heldout_worker,physical+aggregate_current,shift_3,w00_s001,0,1,48,0.4583333333333333
static,next_5_8,heldout_worker,physical+aggregate_current,shift_3,w00_s002,0,1,15,0.5333333333333333
static,next_5_8,heldout_worker,physical+aggregate_current,shift_3,w00_s003,0,2,69,0.6231884057971014
static,next_5_8,heldout_worker,physical+aggregate_current,shift_3,w00_s004,0,2,41,0.5609756097560976
static,next_5_8,heldout_worker,physical+aggregate_current,shift_3,w00_s005,0,1,15,0.8666666666666667
static,next_5_8,heldout_worker,physical+aggregate_current,shift_3,w01_s003,1,1,15,0.4666666666666667
static,next_5_8,heldout_worker,physical+aggregate_current,shift_3,w02_s000,2,1,63,0.46031746031746035
static,next_5_8,heldout_worker,physical+aggregate_current,shift_3,w02_s001,2,1,28,0.9285714285714286
static,next_5_8,heldout_worker,physical+aggregate_current,shift_3,w02_s002,2,2,75,0.4533333333333333
static,next_5_8,heldout_worker,physical+aggregate_current,shift_3,w02_s004,2,2,83,0.4819277108433735
static,next_5_8,heldout_worker,moe_token_current,aligned,w00_s001,0,1,48,0.8125000000000001
static,next_5_8,heldout_worker,moe_token_current,aligned,w00_s002,0,1,15,0.0
static,next_5_8,heldout_worker,moe_token_current,aligned,w00_s003,0,2,69,0.5217391304347826
static,next_5_8,heldout_worker,moe_token_current,aligned,w00_s004,0,2,41,0.34146341463414637
static,next_5_8,heldout_worker,moe_token_current,aligned,w00_s005,0,1,15,0.7333333333333333
static,next_5_8,heldout_worker,moe_token_current,aligned,w01_s003,1,1,15,0.1333333333333333
static,next_5_8,heldout_worker,moe_token_current,aligned,w02_s000,2,1,63,0.7936507936507936
static,next_5_8,heldout_worker,moe_token_current,aligned,w02_s001,2,1,28,0.9285714285714286
static,next_5_8,heldout_worker,moe_token_current,aligned,w02_s002,2,2,75,0.5333333333333333
static,next_5_8,heldout_worker,moe_token_current,aligned,w02_s004,2,2,83,0.3614457831325301
static,next_5_8,heldout_worker,physical_action+token_current,aligned,w00_s001,0,1,48,1.0
static,next_5_8,heldout_worker,physical_action+token_current,aligned,w00_s002,0,1,15,0.5333333333333333
static,next_5_8,heldout_worker,physical_action+token_current,aligned,w00_s003,0,2,69,0.7391304347826086
static,next_5_8,heldout_worker,physical_action+token_current,aligned,w00_s004,0,2,41,0.7804878048780487
static,next_5_8,heldout_worker,physical_action+token_current,aligned,w00_s005,0,1,15,0.8666666666666667
static,next_5_8,heldout_worker,physical_action+token_current,aligned,w01_s003,1,1,15,1.0
static,next_5_8,heldout_worker,physical_action+token_current,aligned,w02_s000,2,1,63,0.9047619047619048
static,next_5_8,heldout_worker,physical_action+token_current,aligned,w02_s001,2,1,28,0.9285714285714286
static,next_5_8,heldout_worker,physical_action+token_current,aligned,w02_s002,2,2,75,0.7333333333333333
static,next_5_8,heldout_worker,physical_action+token_current,aligned,w02_s004,2,2,83,0.8795180722891566
static,next_5_8,heldout_worker,physical+token_current,aligned,w00_s001,0,1,48,0.6041666666666667
static,next_5_8,heldout_worker,physical+token_current,aligned,w00_s002,0,1,15,0.06666666666666665
static,next_5_8,heldout_worker,physical+token_current,aligned,w00_s003,0,2,69,0.6376811594202898
static,next_5_8,heldout_worker,physical+token_current,aligned,w00_s004,0,2,41,0.7073170731707317
static,next_5_8,heldout_worker,physical+token_current,aligned,w00_s005,0,1,15,0.7333333333333333
static,next_5_8,heldout_worker,physical+token_current,aligned,w01_s003,1,1,15,0.4
static,next_5_8,heldout_worker,physical+token_current,aligned,w02_s000,2,1,63,0.5714285714285714
static,next_5_8,heldout_worker,physical+token_current,aligned,w02_s001,2,1,28,0.9285714285714286
static,next_5_8,heldout_worker,physical+token_current,aligned,w02_s002,2,2,75,0.5333333333333333
static,next_5_8,heldout_worker,physical+token_current,aligned,w02_s004,2,2,83,0.6626506024096386
static,next_5_8,heldout_worker,physical_action+token_current,shift_1,w00_s001,0,1,48,1.0
static,next_5_8,heldout_worker,physical_action+token_current,shift_1,w00_s002,0,1,15,1.0
static,next_5_8,heldout_worker,physical_action+token_current,shift_1,w00_s003,0,2,69,0.7681159420289855
static,next_5_8,heldout_worker,physical_action+token_current,shift_1,w00_s004,0,2,41,0.6829268292682927
static,next_5_8,heldout_worker,physical_action+token_current,shift_1,w00_s005,0,1,15,0.8666666666666667
static,next_5_8,heldout_worker,physical_action+token_current,shift_1,w01_s003,1,1,15,1.0
static,next_5_8,heldout_worker,physical_action+token_current,shift_1,w02_s000,2,1,63,0.8571428571428571
static,next_5_8,heldout_worker,physical_action+token_current,shift_1,w02_s001,2,1,28,0.8571428571428571
static,next_5_8,heldout_worker,physical_action+token_current,shift_1,w02_s002,2,2,75,0.7333333333333333
static,next_5_8,heldout_worker,physical_action+token_current,shift_1,w02_s004,2,2,83,0.927710843373494
static,next_5_8,heldout_worker,physical+token_current,shift_1,w00_s001,0,1,48,0.625
static,next_5_8,heldout_worker,physical+token_current,shift_1,w00_s002,0,1,15,0.6666666666666667
static,next_5_8,heldout_worker,physical+token_current,shift_1,w00_s003,0,2,69,0.5507246376811594
static,next_5_8,heldout_worker,physical+token_current,shift_1,w00_s004,0,2,41,0.7073170731707317
static,next_5_8,heldout_worker,physical+token_current,shift_1,w00_s005,0,1,15,0.5333333333333333
static,next_5_8,heldout_worker,physical+token_current,shift_1,w01_s003,1,1,15,1.0
static,next_5_8,heldout_worker,physical+token_current,shift_1,w02_s000,2,1,63,0.23809523809523817
static,next_5_8,heldout_worker,physical+token_current,shift_1,w02_s001,2,1,28,0.8214285714285714
static,next_5_8,heldout_worker,physical+token_current,shift_1,w02_s002,2,2,75,0.4533333333333333
static,next_5_8,heldout_worker,physical+token_current,shift_1,w02_s004,2,2,83,0.6024096385542169
static,next_5_8,heldout_worker,physical_action+token_current,shift_2,w00_s001,0,1,48,1.0
static,next_5_8,heldout_worker,physical_action+token_current,shift_2,w00_s002,0,1,15,0.8
static,next_5_8,heldout_worker,physical_action+token_current,shift_2,w00_s003,0,2,69,0.7536231884057971
static,next_5_8,heldout_worker,physical_action+token_current,shift_2,w00_s004,0,2,41,0.8048780487804879
static,next_5_8,heldout_worker,physical_action+token_current,shift_2,w00_s005,0,1,15,0.8666666666666667
static,next_5_8,heldout_worker,physical_action+token_current,shift_2,w01_s003,1,1,15,1.0
static,next_5_8,heldout_worker,physical_action+token_current,shift_2,w02_s000,2,1,63,0.7777777777777777
static,next_5_8,heldout_worker,physical_action+token_current,shift_2,w02_s001,2,1,28,0.9285714285714286
static,next_5_8,heldout_worker,physical_action+token_current,shift_2,w02_s002,2,2,75,0.8
static,next_5_8,heldout_worker,physical_action+token_current,shift_2,w02_s004,2,2,83,0.927710843373494
static,next_5_8,heldout_worker,physical+token_current,shift_2,w00_s001,0,1,48,0.43750000000000006
static,next_5_8,heldout_worker,physical+token_current,shift_2,w00_s002,0,1,15,0.4666666666666667
static,next_5_8,heldout_worker,physical+token_current,shift_2,w00_s003,0,2,69,0.4782608695652173
static,next_5_8,heldout_worker,physical+token_current,shift_2,w00_s004,0,2,41,0.7073170731707317
static,next_5_8,heldout_worker,physical+token_current,shift_2,w00_s005,0,1,15,0.6
static,next_5_8,heldout_worker,physical+token_current,shift_2,w01_s003,1,1,15,0.6666666666666667
static,next_5_8,heldout_worker,physical+token_current,shift_2,w02_s000,2,1,63,0.4444444444444445
static,next_5_8,heldout_worker,physical+token_current,shift_2,w02_s001,2,1,28,0.9285714285714286
static,next_5_8,heldout_worker,physical+token_current,shift_2,w02_s002,2,2,75,0.37333333333333335
static,next_5_8,heldout_worker,physical+token_current,shift_2,w02_s004,2,2,83,0.5783132530120482
static,next_5_8,heldout_worker,physical_action+token_current,shift_3,w00_s001,0,1,48,0.9791666666666666
static,next_5_8,heldout_worker,physical_action+token_current,shift_3,w00_s002,0,1,15,0.8
static,next_5_8,heldout_worker,physical_action+token_current,shift_3,w00_s003,0,2,69,0.7101449275362319
static,next_5_8,heldout_worker,physical_action+token_current,shift_3,w00_s004,0,2,41,0.6829268292682927
static,next_5_8,heldout_worker,physical_action+token_current,shift_3,w00_s005,0,1,15,0.9333333333333333
static,next_5_8,heldout_worker,physical_action+token_current,shift_3,w01_s003,1,1,15,1.0
static,next_5_8,heldout_worker,physical_action+token_current,shift_3,w02_s000,2,1,63,0.746031746031746
static,next_5_8,heldout_worker,physical_action+token_current,shift_3,w02_s001,2,1,28,0.9285714285714286
static,next_5_8,heldout_worker,physical_action+token_current,shift_3,w02_s002,2,2,75,0.7733333333333333
static,next_5_8,heldout_worker,physical_action+token_current,shift_3,w02_s004,2,2,83,0.9397590361445783
static,next_5_8,heldout_worker,physical+token_current,shift_3,w00_s001,0,1,48,0.3541666666666667
static,next_5_8,heldout_worker,physical+token_current,shift_3,w00_s002,0,1,15,0.4
static,next_5_8,heldout_worker,physical+token_current,shift_3,w00_s003,0,2,69,0.5507246376811594
static,next_5_8,heldout_worker,physical+token_current,shift_3,w00_s004,0,2,41,0.34146341463414637
static,next_5_8,heldout_worker,physical+token_current,shift_3,w00_s005,0,1,15,0.8
static,next_5_8,heldout_worker,physical+token_current,shift_3,w01_s003,1,1,15,0.8
static,next_5_8,heldout_worker,physical+token_current,shift_3,w02_s000,2,1,63,0.380952380952381
static,next_5_8,heldout_worker,physical+token_current,shift_3,w02_s001,2,1,28,0.9642857142857143
static,next_5_8,heldout_worker,physical+token_current,shift_3,w02_s002,2,2,75,0.48
static,next_5_8,heldout_worker,physical+token_current,shift_3,w02_s004,2,2,83,0.4819277108433735
static,next_5_8,heldout_worker,moe_token_history,aligned,w00_s001,0,1,48,1.0
static,next_5_8,heldout_worker,moe_token_history,aligned,w00_s002,0,1,15,0.0
static,next_5_8,heldout_worker,moe_token_history,aligned,w00_s003,0,2,69,0.7681159420289855
static,next_5_8,heldout_worker,moe_token_history,aligned,w00_s004,0,2,41,0.7560975609756098
static,next_5_8,heldout_worker,moe_token_history,aligned,w00_s005,0,1,15,0.8666666666666667
static,next_5_8,heldout_worker,moe_token_history,aligned,w01_s003,1,1,15,1.0
static,next_5_8,heldout_worker,moe_token_history,aligned,w02_s000,2,1,63,0.7301587301587301
static,next_5_8,heldout_worker,moe_token_history,aligned,w02_s001,2,1,28,0.8928571428571429
static,next_5_8,heldout_worker,moe_token_history,aligned,w02_s002,2,2,75,0.6933333333333334
static,next_5_8,heldout_worker,moe_token_history,aligned,w02_s004,2,2,83,0.8072289156626506
static,next_5_8,heldout_worker,physical_action+token_history,aligned,w00_s001,0,1,48,0.9583333333333334
static,next_5_8,heldout_worker,physical_action+token_history,aligned,w00_s002,0,1,15,0.4
static,next_5_8,heldout_worker,physical_action+token_history,aligned,w00_s003,0,2,69,0.855072463768116
static,next_5_8,heldout_worker,physical_action+token_history,aligned,w00_s004,0,2,41,0.7560975609756098
static,next_5_8,heldout_worker,physical_action+token_history,aligned,w00_s005,0,1,15,0.8666666666666667
static,next_5_8,heldout_worker,physical_action+token_history,aligned,w01_s003,1,1,15,1.0
static,next_5_8,heldout_worker,physical_action+token_history,aligned,w02_s000,2,1,63,0.9047619047619047
static,next_5_8,heldout_worker,physical_action+token_history,aligned,w02_s001,2,1,28,0.8928571428571429
static,next_5_8,heldout_worker,physical_action+token_history,aligned,w02_s002,2,2,75,0.68
static,next_5_8,heldout_worker,physical_action+token_history,aligned,w02_s004,2,2,83,0.891566265060241
static,next_5_8,heldout_worker,physical+token_history,aligned,w00_s001,0,1,48,0.875
static,next_5_8,heldout_worker,physical+token_history,aligned,w00_s002,0,1,15,0.06666666666666665
static,next_5_8,heldout_worker,physical+token_history,aligned,w00_s003,0,2,69,0.7391304347826086
static,next_5_8,heldout_worker,physical+token_history,aligned,w00_s004,0,2,41,0.8048780487804879
static,next_5_8,heldout_worker,physical+token_history,aligned,w00_s005,0,1,15,0.8
static,next_5_8,heldout_worker,physical+token_history,aligned,w01_s003,1,1,15,1.0
static,next_5_8,heldout_worker,physical+token_history,aligned,w02_s000,2,1,63,0.746031746031746
static,next_5_8,heldout_worker,physical+token_history,aligned,w02_s001,2,1,28,0.8928571428571429
static,next_5_8,heldout_worker,physical+token_history,aligned,w02_s002,2,2,75,0.6133333333333333
static,next_5_8,heldout_worker,physical+token_history,aligned,w02_s004,2,2,83,0.8072289156626506
static,next_5_8,heldout_worker,physical_action+token_history,shift_1,w00_s001,0,1,48,1.0
static,next_5_8,heldout_worker,physical_action+token_history,shift_1,w00_s002,0,1,15,1.0
static,next_5_8,heldout_worker,physical_action+token_history,shift_1,w00_s003,0,2,69,0.7246376811594203
static,next_5_8,heldout_worker,physical_action+token_history,shift_1,w00_s004,0,2,41,0.6341463414634146
static,next_5_8,heldout_worker,physical_action+token_history,shift_1,w00_s005,0,1,15,0.8666666666666667
static,next_5_8,heldout_worker,physical_action+token_history,shift_1,w01_s003,1,1,15,1.0
static,next_5_8,heldout_worker,physical_action+token_history,shift_1,w02_s000,2,1,63,0.8888888888888887
static,next_5_8,heldout_worker,physical_action+token_history,shift_1,w02_s001,2,1,28,0.9642857142857143
static,next_5_8,heldout_worker,physical_action+token_history,shift_1,w02_s002,2,2,75,0.52
static,next_5_8,heldout_worker,physical_action+token_history,shift_1,w02_s004,2,2,83,0.8072289156626506
static,next_5_8,heldout_worker,physical+token_history,shift_1,w00_s001,0,1,48,0.5833333333333333
static,next_5_8,heldout_worker,physical+token_history,shift_1,w00_s002,0,1,15,0.33333333333333337
static,next_5_8,heldout_worker,physical+token_history,shift_1,w00_s003,0,2,69,0.463768115942029
static,next_5_8,heldout_worker,physical+token_history,shift_1,w00_s004,0,2,41,0.5609756097560976
static,next_5_8,heldout_worker,physical+token_history,shift_1,w00_s005,0,1,15,0.4666666666666667
static,next_5_8,heldout_worker,physical+token_history,shift_1,w01_s003,1,1,15,0.6666666666666667
static,next_5_8,heldout_worker,physical+token_history,shift_1,w02_s000,2,1,63,0.46031746031746035
static,next_5_8,heldout_worker,physical+token_history,shift_1,w02_s001,2,1,28,0.5714285714285714
static,next_5_8,heldout_worker,physical+token_history,shift_1,w02_s002,2,2,75,0.32
static,next_5_8,heldout_worker,physical+token_history,shift_1,w02_s004,2,2,83,0.6506024096385542
static,next_5_8,heldout_worker,physical_action+token_history,shift_2,w00_s001,0,1,48,0.9583333333333334
static,next_5_8,heldout_worker,physical_action+token_history,shift_2,w00_s002,0,1,15,0.8
static,next_5_8,heldout_worker,physical_action+token_history,shift_2,w00_s003,0,2,69,0.7681159420289855
static,next_5_8,heldout_worker,physical_action+token_history,shift_2,w00_s004,0,2,41,0.7317073170731707
static,next_5_8,heldout_worker,physical_action+token_history,shift_2,w00_s005,0,1,15,0.7333333333333333
static,next_5_8,heldout_worker,physical_action+token_history,shift_2,w01_s003,1,1,15,1.0
static,next_5_8,heldout_worker,physical_action+token_history,shift_2,w02_s000,2,1,63,0.7777777777777778
static,next_5_8,heldout_worker,physical_action+token_history,shift_2,w02_s001,2,1,28,0.75
static,next_5_8,heldout_worker,physical_action+token_history,shift_2,w02_s002,2,2,75,0.8933333333333333
static,next_5_8,heldout_worker,physical_action+token_history,shift_2,w02_s004,2,2,83,0.8313253012048193
static,next_5_8,heldout_worker,physical+token_history,shift_2,w00_s001,0,1,48,0.5416666666666666
static,next_5_8,heldout_worker,physical+token_history,shift_2,w00_s002,0,1,15,0.4666666666666667
static,next_5_8,heldout_worker,physical+token_history,shift_2,w00_s003,0,2,69,0.4492753623188406
static,next_5_8,heldout_worker,physical+token_history,shift_2,w00_s004,0,2,41,0.5853658536585366
static,next_5_8,heldout_worker,physical+token_history,shift_2,w00_s005,0,1,15,0.4
static,next_5_8,heldout_worker,physical+token_history,shift_2,w01_s003,1,1,15,0.4
static,next_5_8,heldout_worker,physical+token_history,shift_2,w02_s000,2,1,63,0.49206349206349204
static,next_5_8,heldout_worker,physical+token_history,shift_2,w02_s001,2,1,28,0.4642857142857143
static,next_5_8,heldout_worker,physical+token_history,shift_2,w02_s002,2,2,75,0.4266666666666667
static,next_5_8,heldout_worker,physical+token_history,shift_2,w02_s004,2,2,83,0.6144578313253012
static,next_5_8,heldout_worker,physical_action+token_history,shift_3,w00_s001,0,1,48,0.9583333333333334
static,next_5_8,heldout_worker,physical_action+token_history,shift_3,w00_s002,0,1,15,0.6666666666666667
static,next_5_8,heldout_worker,physical_action+token_history,shift_3,w00_s003,0,2,69,0.7101449275362319
static,next_5_8,heldout_worker,physical_action+token_history,shift_3,w00_s004,0,2,41,0.7560975609756098
static,next_5_8,heldout_worker,physical_action+token_history,shift_3,w00_s005,0,1,15,0.8
static,next_5_8,heldout_worker,physical_action+token_history,shift_3,w01_s003,1,1,15,1.0
static,next_5_8,heldout_worker,physical_action+token_history,shift_3,w02_s000,2,1,63,0.6666666666666667
static,next_5_8,heldout_worker,physical_action+token_history,shift_3,w02_s001,2,1,28,0.8928571428571429
static,next_5_8,heldout_worker,physical_action+token_history,shift_3,w02_s002,2,2,75,0.7333333333333333
static,next_5_8,heldout_worker,physical_action+token_history,shift_3,w02_s004,2,2,83,0.7469879518072289
static,next_5_8,heldout_worker,physical+token_history,shift_3,w00_s001,0,1,48,0.3333333333333333
static,next_5_8,heldout_worker,physical+token_history,shift_3,w00_s002,0,1,15,0.4
static,next_5_8,heldout_worker,physical+token_history,shift_3,w00_s003,0,2,69,0.4782608695652174
static,next_5_8,heldout_worker,physical+token_history,shift_3,w00_s004,0,2,41,0.4146341463414634
static,next_5_8,heldout_worker,physical+token_history,shift_3,w00_s005,0,1,15,0.33333333333333337
static,next_5_8,heldout_worker,physical+token_history,shift_3,w01_s003,1,1,15,0.6666666666666667
static,next_5_8,heldout_worker,physical+token_history,shift_3,w02_s000,2,1,63,0.38095238095238093
static,next_5_8,heldout_worker,physical+token_history,shift_3,w02_s001,2,1,28,0.6785714285714285
static,next_5_8,heldout_worker,physical+token_history,shift_3,w02_s002,2,2,75,0.5333333333333333
static,next_5_8,heldout_worker,physical+token_history,shift_3,w02_s004,2,2,83,0.3614457831325301
static,next_9_12,heldout_snapshot,rate_only,aligned,w00_s000,0,1,15,0.5
static,next_9_12,heldout_snapshot,rate_only,aligned,w00_s005,0,1,15,0.5
static,next_9_12,heldout_snapshot,rate_only,aligned,w01_s003,1,1,15,0.5
static,next_9_12,heldout_snapshot,rate_only,aligned,w02_s001,2,2,61,0.5
static,next_9_12,heldout_snapshot,rate_only,aligned,w00_s001,0,1,48,0.5
static,next_9_12,heldout_snapshot,rate_only,aligned,w02_s002,2,2,75,0.5
static,next_9_12,heldout_snapshot,rate_only,aligned,w00_s002,0,1,15,0.5
static,next_9_12,heldout_snapshot,rate_only,aligned,w00_s003,0,3,85,0.5
static,next_9_12,heldout_snapshot,rate_only,aligned,w01_s001,1,1,15,0.5
static,next_9_12,heldout_snapshot,rate_only,aligned,w02_s004,2,3,89,0.5
static,next_9_12,heldout_snapshot,rate_only,aligned,w00_s004,0,2,41,0.5
static,next_9_12,heldout_snapshot,rate_only,aligned,w02_s000,2,1,63,0.5
static,next_9_12,heldout_snapshot,physical_action,aligned,w00_s000,0,1,15,0.9333333333333333
static,next_9_12,heldout_snapshot,physical_action,aligned,w00_s005,0,1,15,0.5333333333333333
static,next_9_12,heldout_snapshot,physical_action,aligned,w01_s003,1,1,15,0.6666666666666667
static,next_9_12,heldout_snapshot,physical_action,aligned,w02_s001,2,2,61,0.9016393442622951
static,next_9_12,heldout_snapshot,physical_action,aligned,w00_s001,0,1,48,0.7708333333333334
static,next_9_12,heldout_snapshot,physical_action,aligned,w02_s002,2,2,75,0.76
static,next_9_12,heldout_snapshot,physical_action,aligned,w00_s002,0,1,15,0.5333333333333333
static,next_9_12,heldout_snapshot,physical_action,aligned,w00_s003,0,3,85,0.8823529411764706
static,next_9_12,heldout_snapshot,physical_action,aligned,w01_s001,1,1,15,0.8
static,next_9_12,heldout_snapshot,physical_action,aligned,w02_s004,2,3,89,0.8426966292134831
static,next_9_12,heldout_snapshot,physical_action,aligned,w00_s004,0,2,41,0.8780487804878049
static,next_9_12,heldout_snapshot,physical_action,aligned,w02_s000,2,1,63,0.8571428571428571
static,next_9_12,heldout_snapshot,physical,aligned,w00_s000,0,1,15,0.33333333333333337
static,next_9_12,heldout_snapshot,physical,aligned,w00_s005,0,1,15,0.19999999999999993
static,next_9_12,heldout_snapshot,physical,aligned,w01_s003,1,1,15,0.0
static,next_9_12,heldout_snapshot,physical,aligned,w02_s001,2,2,61,0.7704918032786885
static,next_9_12,heldout_snapshot,physical,aligned,w00_s001,0,1,48,0.27083333333333337
static,next_9_12,heldout_snapshot,physical,aligned,w02_s002,2,2,75,0.7333333333333333
static,next_9_12,heldout_snapshot,physical,aligned,w00_s002,0,1,15,0.2666666666666667
static,next_9_12,heldout_snapshot,physical,aligned,w00_s003,0,3,85,0.6235294117647058
static,next_9_12,heldout_snapshot,physical,aligned,w01_s001,1,1,15,0.9333333333333333
static,next_9_12,heldout_snapshot,physical,aligned,w02_s004,2,3,89,0.7191011235955055
static,next_9_12,heldout_snapshot,physical,aligned,w00_s004,0,2,41,0.3902439024390244
static,next_9_12,heldout_snapshot,physical,aligned,w02_s000,2,1,63,0.8412698412698412
static,next_9_12,heldout_snapshot,moe_aggregate_current,aligned,w00_s000,0,1,15,0.9333333333333333
static,next_9_12,heldout_snapshot,moe_aggregate_current,aligned,w00_s005,0,1,15,0.7333333333333333
static,next_9_12,heldout_snapshot,moe_aggregate_current,aligned,w01_s003,1,1,15,0.6
static,next_9_12,heldout_snapshot,moe_aggregate_current,aligned,w02_s001,2,2,61,0.5573770491803278
static,next_9_12,heldout_snapshot,moe_aggregate_current,aligned,w00_s001,0,1,48,0.3958333333333333
static,next_9_12,heldout_snapshot,moe_aggregate_current,aligned,w02_s002,2,2,75,0.8
static,next_9_12,heldout_snapshot,moe_aggregate_current,aligned,w00_s002,0,1,15,0.0
static,next_9_12,heldout_snapshot,moe_aggregate_current,aligned,w00_s003,0,3,85,0.7294117647058823
static,next_9_12,heldout_snapshot,moe_aggregate_current,aligned,w01_s001,1,1,15,0.1333333333333333
static,next_9_12,heldout_snapshot,moe_aggregate_current,aligned,w02_s004,2,3,89,0.6179775280898876
static,next_9_12,heldout_snapshot,moe_aggregate_current,aligned,w00_s004,0,2,41,0.7317073170731707
static,next_9_12,heldout_snapshot,moe_aggregate_current,aligned,w02_s000,2,1,63,0.7619047619047619
static,next_9_12,heldout_snapshot,physical_action+aggregate_current,aligned,w00_s000,0,1,15,0.9333333333333333
static,next_9_12,heldout_snapshot,physical_action+aggregate_current,aligned,w00_s005,0,1,15,0.4666666666666667
static,next_9_12,heldout_snapshot,physical_action+aggregate_current,aligned,w01_s003,1,1,15,0.33333333333333337
static,next_9_12,heldout_snapshot,physical_action+aggregate_current,aligned,w02_s001,2,2,61,0.8852459016393442
static,next_9_12,heldout_snapshot,physical_action+aggregate_current,aligned,w00_s001,0,1,48,0.6458333333333334
static,next_9_12,heldout_snapshot,physical_action+aggregate_current,aligned,w02_s002,2,2,75,0.7466666666666668
static,next_9_12,heldout_snapshot,physical_action+aggregate_current,aligned,w00_s002,0,1,15,0.33333333333333337
static,next_9_12,heldout_snapshot,physical_action+aggregate_current,aligned,w00_s003,0,3,85,0.7647058823529411
static,next_9_12,heldout_snapshot,physical_action+aggregate_current,aligned,w01_s001,1,1,15,0.33333333333333337
static,next_9_12,heldout_snapshot,physical_action+aggregate_current,aligned,w02_s004,2,3,89,0.898876404494382
static,next_9_12,heldout_snapshot,physical_action+aggregate_current,aligned,w00_s004,0,2,41,0.8780487804878049
static,next_9_12,heldout_snapshot,physical_action+aggregate_current,aligned,w02_s000,2,1,63,0.8095238095238095
static,next_9_12,heldout_snapshot,physical+aggregate_current,aligned,w00_s000,0,1,15,0.6666666666666667
static,next_9_12,heldout_snapshot,physical+aggregate_current,aligned,w00_s005,0,1,15,0.6666666666666667
static,next_9_12,heldout_snapshot,physical+aggregate_current,aligned,w01_s003,1,1,15,0.6666666666666667
static,next_9_12,heldout_snapshot,physical+aggregate_current,aligned,w02_s001,2,2,61,0.8360655737704918
static,next_9_12,heldout_snapshot,physical+aggregate_current,aligned,w00_s001,0,1,48,0.43749999999999994
static,next_9_12,heldout_snapshot,physical+aggregate_current,aligned,w02_s002,2,2,75,0.8533333333333334
static,next_9_12,heldout_snapshot,physical+aggregate_current,aligned,w00_s002,0,1,15,0.06666666666666665
static,next_9_12,heldout_snapshot,physical+aggregate_current,aligned,w00_s003,0,3,85,0.7647058823529411
static,next_9_12,heldout_snapshot,physical+aggregate_current,aligned,w01_s001,1,1,15,0.4
static,next_9_12,heldout_snapshot,physical+aggregate_current,aligned,w02_s004,2,3,89,0.7078651685393258
static,next_9_12,heldout_snapshot,physical+aggregate_current,aligned,w00_s004,0,2,41,0.7560975609756098
static,next_9_12,heldout_snapshot,physical+aggregate_current,aligned,w02_s000,2,1,63,0.8571428571428571
static,next_9_12,heldout_snapshot,physical_action+aggregate_current,shift_1,w00_s000,0,1,15,0.9333333333333333
static,next_9_12,heldout_snapshot,physical_action+aggregate_current,shift_1,w00_s005,0,1,15,0.4666666666666667
static,next_9_12,heldout_snapshot,physical_action+aggregate_current,shift_1,w01_s003,1,1,15,0.7333333333333333
static,next_9_12,heldout_snapshot,physical_action+aggregate_current,shift_1,w02_s001,2,2,61,0.819672131147541
static,next_9_12,heldout_snapshot,physical_action+aggregate_current,shift_1,w00_s001,0,1,48,0.7291666666666666
static,next_9_12,heldout_snapshot,physical_action+aggregate_current,shift_1,w02_s002,2,2,75,0.8133333333333332
static,next_9_12,heldout_snapshot,physical_action+aggregate_current,shift_1,w00_s002,0,1,15,0.5333333333333333
static,next_9_12,heldout_snapshot,physical_action+aggregate_current,shift_1,w00_s003,0,3,85,0.8941176470588236
static,next_9_12,heldout_snapshot,physical_action+aggregate_current,shift_1,w01_s001,1,1,15,1.0
static,next_9_12,heldout_snapshot,physical_action+aggregate_current,shift_1,w02_s004,2,3,89,0.9101123595505618
static,next_9_12,heldout_snapshot,physical_action+aggregate_current,shift_1,w00_s004,0,2,41,0.7804878048780488
static,next_9_12,heldout_snapshot,physical_action+aggregate_current,shift_1,w02_s000,2,1,63,0.873015873015873
static,next_9_12,heldout_snapshot,physical+aggregate_current,shift_1,w00_s000,0,1,15,0.19999999999999993
static,next_9_12,heldout_snapshot,physical+aggregate_current,shift_1,w00_s005,0,1,15,0.7333333333333333
static,next_9_12,heldout_snapshot,physical+aggregate_current,shift_1,w01_s003,1,1,15,0.4
static,next_9_12,heldout_snapshot,physical+aggregate_current,shift_1,w02_s001,2,2,61,0.8360655737704918
static,next_9_12,heldout_snapshot,physical+aggregate_current,shift_1,w00_s001,0,1,48,0.22916666666666666
static,next_9_12,heldout_snapshot,physical+aggregate_current,shift_1,w02_s002,2,2,75,0.64
static,next_9_12,heldout_snapshot,physical+aggregate_current,shift_1,w00_s002,0,1,15,0.4666666666666667
static,next_9_12,heldout_snapshot,physical+aggregate_current,shift_1,w00_s003,0,3,85,0.5882352941176471
static,next_9_12,heldout_snapshot,physical+aggregate_current,shift_1,w01_s001,1,1,15,0.6
static,next_9_12,heldout_snapshot,physical+aggregate_current,shift_1,w02_s004,2,3,89,0.4157303370786517
static,next_9_12,heldout_snapshot,physical+aggregate_current,shift_1,w00_s004,0,2,41,0.3902439024390244
static,next_9_12,heldout_snapshot,physical+aggregate_current,shift_1,w02_s000,2,1,63,0.746031746031746
static,next_9_12,heldout_snapshot,physical_action+aggregate_current,shift_2,w00_s000,0,1,15,0.9333333333333333
static,next_9_12,heldout_snapshot,physical_action+aggregate_current,shift_2,w00_s005,0,1,15,0.6666666666666667
static,next_9_12,heldout_snapshot,physical_action+aggregate_current,shift_2,w01_s003,1,1,15,0.8
static,next_9_12,heldout_snapshot,physical_action+aggregate_current,shift_2,w02_s001,2,2,61,0.9344262295081968
static,next_9_12,heldout_snapshot,physical_action+aggregate_current,shift_2,w00_s001,0,1,48,0.6875
static,next_9_12,heldout_snapshot,physical_action+aggregate_current,shift_2,w02_s002,2,2,75,0.7466666666666667
static,next_9_12,heldout_snapshot,physical_action+aggregate_current,shift_2,w00_s002,0,1,15,0.5333333333333333
static,next_9_12,heldout_snapshot,physical_action+aggregate_current,shift_2,w00_s003,0,3,85,0.7411764705882353
static,next_9_12,heldout_snapshot,physical_action+aggregate_current,shift_2,w01_s001,1,1,15,0.6666666666666667
static,next_9_12,heldout_snapshot,physical_action+aggregate_current,shift_2,w02_s004,2,3,89,0.8539325842696629
static,next_9_12,heldout_snapshot,physical_action+aggregate_current,shift_2,w00_s004,0,2,41,0.926829268292683
static,next_9_12,heldout_snapshot,physical_action+aggregate_current,shift_2,w02_s000,2,1,63,0.8412698412698412
static,next_9_12,heldout_snapshot,physical+aggregate_current,shift_2,w00_s000,0,1,15,0.4666666666666667
static,next_9_12,heldout_snapshot,physical+aggregate_current,shift_2,w00_s005,0,1,15,0.8666666666666667
static,next_9_12,heldout_snapshot,physical+aggregate_current,shift_2,w01_s003,1,1,15,0.6666666666666667
static,next_9_12,heldout_snapshot,physical+aggregate_current,shift_2,w02_s001,2,2,61,0.819672131147541
static,next_9_12,heldout_snapshot,physical+aggregate_current,shift_2,w00_s001,0,1,48,0.4166666666666667
static,next_9_12,heldout_snapshot,physical+aggregate_current,shift_2,w02_s002,2,2,75,0.5466666666666666
static,next_9_12,heldout_snapshot,physical+aggregate_current,shift_2,w00_s002,0,1,15,0.5333333333333333
static,next_9_12,heldout_snapshot,physical+aggregate_current,shift_2,w00_s003,0,3,85,0.5176470588235295
static,next_9_12,heldout_snapshot,physical+aggregate_current,shift_2,w01_s001,1,1,15,0.6666666666666667
static,next_9_12,heldout_snapshot,physical+aggregate_current,shift_2,w02_s004,2,3,89,0.5730337078651685
static,next_9_12,heldout_snapshot,physical+aggregate_current,shift_2,w00_s004,0,2,41,0.43902439024390244
static,next_9_12,heldout_snapshot,physical+aggregate_current,shift_2,w02_s000,2,1,63,0.7301587301587301
static,next_9_12,heldout_snapshot,physical_action+aggregate_current,shift_3,w00_s000,0,1,15,0.9333333333333333
static,next_9_12,heldout_snapshot,physical_action+aggregate_current,shift_3,w00_s005,0,1,15,0.5333333333333333
static,next_9_12,heldout_snapshot,physical_action+aggregate_current,shift_3,w01_s003,1,1,15,0.4666666666666667
static,next_9_12,heldout_snapshot,physical_action+aggregate_current,shift_3,w02_s001,2,2,61,0.9180327868852459
static,next_9_12,heldout_snapshot,physical_action+aggregate_current,shift_3,w00_s001,0,1,48,0.7291666666666666
static,next_9_12,heldout_snapshot,physical_action+aggregate_current,shift_3,w02_s002,2,2,75,0.76
static,next_9_12,heldout_snapshot,physical_action+aggregate_current,shift_3,w00_s002,0,1,15,0.5333333333333333
static,next_9_12,heldout_snapshot,physical_action+aggregate_current,shift_3,w00_s003,0,3,85,0.788235294117647
static,next_9_12,heldout_snapshot,physical_action+aggregate_current,shift_3,w01_s001,1,1,15,0.7333333333333333
static,next_9_12,heldout_snapshot,physical_action+aggregate_current,shift_3,w02_s004,2,3,89,0.8314606741573034
static,next_9_12,heldout_snapshot,physical_action+aggregate_current,shift_3,w00_s004,0,2,41,0.975609756097561
static,next_9_12,heldout_snapshot,physical_action+aggregate_current,shift_3,w02_s000,2,1,63,0.8412698412698412
static,next_9_12,heldout_snapshot,physical+aggregate_current,shift_3,w00_s000,0,1,15,0.33333333333333337
static,next_9_12,heldout_snapshot,physical+aggregate_current,shift_3,w00_s005,0,1,15,0.6666666666666667
static,next_9_12,heldout_snapshot,physical+aggregate_current,shift_3,w01_s003,1,1,15,0.8
static,next_9_12,heldout_snapshot,physical+aggregate_current,shift_3,w02_s001,2,2,61,0.8360655737704918
static,next_9_12,heldout_snapshot,physical+aggregate_current,shift_3,w00_s001,0,1,48,0.25
static,next_9_12,heldout_snapshot,physical+aggregate_current,shift_3,w02_s002,2,2,75,0.6666666666666666
static,next_9_12,heldout_snapshot,physical+aggregate_current,shift_3,w00_s002,0,1,15,0.1333333333333333
static,next_9_12,heldout_snapshot,physical+aggregate_current,shift_3,w00_s003,0,3,85,0.5647058823529412
static,next_9_12,heldout_snapshot,physical+aggregate_current,shift_3,w01_s001,1,1,15,1.0
static,next_9_12,heldout_snapshot,physical+aggregate_current,shift_3,w02_s004,2,3,89,0.6404494382022471
static,next_9_12,heldout_snapshot,physical+aggregate_current,shift_3,w00_s004,0,2,41,0.7073170731707317
static,next_9_12,heldout_snapshot,physical+aggregate_current,shift_3,w02_s000,2,1,63,0.5714285714285714
static,next_9_12,heldout_snapshot,moe_token_current,aligned,w00_s000,0,1,15,0.9333333333333333
static,next_9_12,heldout_snapshot,moe_token_current,aligned,w00_s005,0,1,15,0.8
static,next_9_12,heldout_snapshot,moe_token_current,aligned,w01_s003,1,1,15,0.8666666666666667
static,next_9_12,heldout_snapshot,moe_token_current,aligned,w02_s001,2,2,61,0.45901639344262296
static,next_9_12,heldout_snapshot,moe_token_current,aligned,w00_s001,0,1,48,0.5833333333333333
static,next_9_12,heldout_snapshot,moe_token_current,aligned,w02_s002,2,2,75,0.56
static,next_9_12,heldout_snapshot,moe_token_current,aligned,w00_s002,0,1,15,0.2666666666666667
static,next_9_12,heldout_snapshot,moe_token_current,aligned,w00_s003,0,3,85,0.5176470588235295
static,next_9_12,heldout_snapshot,moe_token_current,aligned,w01_s001,1,1,15,0.1333333333333333
static,next_9_12,heldout_snapshot,moe_token_current,aligned,w02_s004,2,3,89,0.5730337078651685
static,next_9_12,heldout_snapshot,moe_token_current,aligned,w00_s004,0,2,41,0.6097560975609756
static,next_9_12,heldout_snapshot,moe_token_current,aligned,w02_s000,2,1,63,0.4285714285714286
static,next_9_12,heldout_snapshot,physical_action+token_current,aligned,w00_s000,0,1,15,0.8666666666666667
static,next_9_12,heldout_snapshot,physical_action+token_current,aligned,w00_s005,0,1,15,0.5333333333333333
static,next_9_12,heldout_snapshot,physical_action+token_current,aligned,w01_s003,1,1,15,0.5333333333333333
static,next_9_12,heldout_snapshot,physical_action+token_current,aligned,w02_s001,2,2,61,0.7868852459016393
static,next_9_12,heldout_snapshot,physical_action+token_current,aligned,w00_s001,0,1,48,0.8124999999999999
static,next_9_12,heldout_snapshot,physical_action+token_current,aligned,w02_s002,2,2,75,0.7066666666666667
static,next_9_12,heldout_snapshot,physical_action+token_current,aligned,w00_s002,0,1,15,0.5333333333333333
static,next_9_12,heldout_snapshot,physical_action+token_current,aligned,w00_s003,0,3,85,0.6823529411764706
static,next_9_12,heldout_snapshot,physical_action+token_current,aligned,w01_s001,1,1,15,0.8
static,next_9_12,heldout_snapshot,physical_action+token_current,aligned,w02_s004,2,3,89,0.8539325842696629
static,next_9_12,heldout_snapshot,physical_action+token_current,aligned,w00_s004,0,2,41,0.8292682926829268
static,next_9_12,heldout_snapshot,physical_action+token_current,aligned,w02_s000,2,1,63,0.8095238095238095
static,next_9_12,heldout_snapshot,physical+token_current,aligned,w00_s000,0,1,15,0.5333333333333333
static,next_9_12,heldout_snapshot,physical+token_current,aligned,w00_s005,0,1,15,0.8
static,next_9_12,heldout_snapshot,physical+token_current,aligned,w01_s003,1,1,15,0.5333333333333333
static,next_9_12,heldout_snapshot,physical+token_current,aligned,w02_s001,2,2,61,0.7868852459016393
static,next_9_12,heldout_snapshot,physical+token_current,aligned,w00_s001,0,1,48,0.4583333333333333
static,next_9_12,heldout_snapshot,physical+token_current,aligned,w02_s002,2,2,75,0.5466666666666666
static,next_9_12,heldout_snapshot,physical+token_current,aligned,w00_s002,0,1,15,0.06666666666666665
static,next_9_12,heldout_snapshot,physical+token_current,aligned,w00_s003,0,3,85,0.6470588235294118
static,next_9_12,heldout_snapshot,physical+token_current,aligned,w01_s001,1,1,15,0.8
static,next_9_12,heldout_snapshot,physical+token_current,aligned,w02_s004,2,3,89,0.7078651685393258
static,next_9_12,heldout_snapshot,physical+token_current,aligned,w00_s004,0,2,41,0.6585365853658537
static,next_9_12,heldout_snapshot,physical+token_current,aligned,w02_s000,2,1,63,0.7301587301587302
static,next_9_12,heldout_snapshot,physical_action+token_current,shift_1,w00_s000,0,1,15,0.8
static,next_9_12,heldout_snapshot,physical_action+token_current,shift_1,w00_s005,0,1,15,0.6666666666666667
static,next_9_12,heldout_snapshot,physical_action+token_current,shift_1,w01_s003,1,1,15,0.8
static,next_9_12,heldout_snapshot,physical_action+token_current,shift_1,w02_s001,2,2,61,0.8032786885245902
static,next_9_12,heldout_snapshot,physical_action+token_current,shift_1,w00_s001,0,1,48,0.6458333333333334
static,next_9_12,heldout_snapshot,physical_action+token_current,shift_1,w02_s002,2,2,75,0.8266666666666667
static,next_9_12,heldout_snapshot,physical_action+token_current,shift_1,w00_s002,0,1,15,0.5333333333333333
static,next_9_12,heldout_snapshot,physical_action+token_current,shift_1,w00_s003,0,3,85,0.7529411764705882
static,next_9_12,heldout_snapshot,physical_action+token_current,shift_1,w01_s001,1,1,15,0.9333333333333333
static,next_9_12,heldout_snapshot,physical_action+token_current,shift_1,w02_s004,2,3,89,0.7865168539325843
static,next_9_12,heldout_snapshot,physical_action+token_current,shift_1,w00_s004,0,2,41,0.8780487804878049
static,next_9_12,heldout_snapshot,physical_action+token_current,shift_1,w02_s000,2,1,63,0.8412698412698413
static,next_9_12,heldout_snapshot,physical+token_current,shift_1,w00_s000,0,1,15,0.19999999999999993
static,next_9_12,heldout_snapshot,physical+token_current,shift_1,w00_s005,0,1,15,0.19999999999999993
static,next_9_12,heldout_snapshot,physical+token_current,shift_1,w01_s003,1,1,15,0.19999999999999993
static,next_9_12,heldout_snapshot,physical+token_current,shift_1,w02_s001,2,2,61,0.8688524590163934
static,next_9_12,heldout_snapshot,physical+token_current,shift_1,w00_s001,0,1,48,0.16666666666666666
static,next_9_12,heldout_snapshot,physical+token_current,shift_1,w02_s002,2,2,75,0.72
static,next_9_12,heldout_snapshot,physical+token_current,shift_1,w00_s002,0,1,15,0.19999999999999993
static,next_9_12,heldout_snapshot,physical+token_current,shift_1,w00_s003,0,3,85,0.5882352941176471
static,next_9_12,heldout_snapshot,physical+token_current,shift_1,w01_s001,1,1,15,1.0
static,next_9_12,heldout_snapshot,physical+token_current,shift_1,w02_s004,2,3,89,0.7078651685393258
static,next_9_12,heldout_snapshot,physical+token_current,shift_1,w00_s004,0,2,41,0.5609756097560976
static,next_9_12,heldout_snapshot,physical+token_current,shift_1,w02_s000,2,1,63,0.7301587301587302
static,next_9_12,heldout_snapshot,physical_action+token_current,shift_2,w00_s000,0,1,15,1.0
static,next_9_12,heldout_snapshot,physical_action+token_current,shift_2,w00_s005,0,1,15,0.4666666666666667
static,next_9_12,heldout_snapshot,physical_action+token_current,shift_2,w01_s003,1,1,15,0.5333333333333333
static,next_9_12,heldout_snapshot,physical_action+token_current,shift_2,w02_s001,2,2,61,0.8852459016393442
static,next_9_12,heldout_snapshot,physical_action+token_current,shift_2,w00_s001,0,1,48,0.7083333333333334
static,next_9_12,heldout_snapshot,physical_action+token_current,shift_2,w02_s002,2,2,75,0.7333333333333333
static,next_9_12,heldout_snapshot,physical_action+token_current,shift_2,w00_s002,0,1,15,0.5333333333333333
static,next_9_12,heldout_snapshot,physical_action+token_current,shift_2,w00_s003,0,3,85,0.7764705882352941
static,next_9_12,heldout_snapshot,physical_action+token_current,shift_2,w01_s001,1,1,15,0.4
static,next_9_12,heldout_snapshot,physical_action+token_current,shift_2,w02_s004,2,3,89,0.8876404494382022
static,next_9_12,heldout_snapshot,physical_action+token_current,shift_2,w00_s004,0,2,41,0.8780487804878049
static,next_9_12,heldout_snapshot,physical_action+token_current,shift_2,w02_s000,2,1,63,0.8412698412698413
static,next_9_12,heldout_snapshot,physical+token_current,shift_2,w00_s000,0,1,15,0.33333333333333337
static,next_9_12,heldout_snapshot,physical+token_current,shift_2,w00_s005,0,1,15,0.7333333333333333
static,next_9_12,heldout_snapshot,physical+token_current,shift_2,w01_s003,1,1,15,0.6666666666666667
static,next_9_12,heldout_snapshot,physical+token_current,shift_2,w02_s001,2,2,61,0.7868852459016393
static,next_9_12,heldout_snapshot,physical+token_current,shift_2,w00_s001,0,1,48,0.3333333333333333
static,next_9_12,heldout_snapshot,physical+token_current,shift_2,w02_s002,2,2,75,0.6133333333333333
static,next_9_12,heldout_snapshot,physical+token_current,shift_2,w00_s002,0,1,15,0.4666666666666667
static,next_9_12,heldout_snapshot,physical+token_current,shift_2,w00_s003,0,3,85,0.6235294117647059
static,next_9_12,heldout_snapshot,physical+token_current,shift_2,w01_s001,1,1,15,0.9333333333333333
static,next_9_12,heldout_snapshot,physical+token_current,shift_2,w02_s004,2,3,89,0.5842696629213483
static,next_9_12,heldout_snapshot,physical+token_current,shift_2,w00_s004,0,2,41,0.5365853658536586
static,next_9_12,heldout_snapshot,physical+token_current,shift_2,w02_s000,2,1,63,0.7142857142857143
static,next_9_12,heldout_snapshot,physical_action+token_current,shift_3,w00_s000,0,1,15,0.8666666666666667
static,next_9_12,heldout_snapshot,physical_action+token_current,shift_3,w00_s005,0,1,15,0.8
static,next_9_12,heldout_snapshot,physical_action+token_current,shift_3,w01_s003,1,1,15,0.9333333333333333
static,next_9_12,heldout_snapshot,physical_action+token_current,shift_3,w02_s001,2,2,61,0.9180327868852459
static,next_9_12,heldout_snapshot,physical_action+token_current,shift_3,w00_s001,0,1,48,0.6041666666666666
static,next_9_12,heldout_snapshot,physical_action+token_current,shift_3,w02_s002,2,2,75,0.8
static,next_9_12,heldout_snapshot,physical_action+token_current,shift_3,w00_s002,0,1,15,0.4666666666666667
static,next_9_12,heldout_snapshot,physical_action+token_current,shift_3,w00_s003,0,3,85,0.8588235294117647
static,next_9_12,heldout_snapshot,physical_action+token_current,shift_3,w01_s001,1,1,15,0.7333333333333333
static,next_9_12,heldout_snapshot,physical_action+token_current,shift_3,w02_s004,2,3,89,0.8314606741573034
static,next_9_12,heldout_snapshot,physical_action+token_current,shift_3,w00_s004,0,2,41,0.8048780487804879
static,next_9_12,heldout_snapshot,physical_action+token_current,shift_3,w02_s000,2,1,63,0.8571428571428571
static,next_9_12,heldout_snapshot,physical+token_current,shift_3,w00_s000,0,1,15,0.1333333333333333
static,next_9_12,heldout_snapshot,physical+token_current,shift_3,w00_s005,0,1,15,0.8
static,next_9_12,heldout_snapshot,physical+token_current,shift_3,w01_s003,1,1,15,0.6
static,next_9_12,heldout_snapshot,physical+token_current,shift_3,w02_s001,2,2,61,0.8688524590163934
static,next_9_12,heldout_snapshot,physical+token_current,shift_3,w00_s001,0,1,48,0.20833333333333334
static,next_9_12,heldout_snapshot,physical+token_current,shift_3,w02_s002,2,2,75,0.7466666666666667
static,next_9_12,heldout_snapshot,physical+token_current,shift_3,w00_s002,0,1,15,0.4666666666666667
static,next_9_12,heldout_snapshot,physical+token_current,shift_3,w00_s003,0,3,85,0.5882352941176471
static,next_9_12,heldout_snapshot,physical+token_current,shift_3,w01_s001,1,1,15,0.9333333333333333
static,next_9_12,heldout_snapshot,physical+token_current,shift_3,w02_s004,2,3,89,0.5168539325842697
static,next_9_12,heldout_snapshot,physical+token_current,shift_3,w00_s004,0,2,41,0.5853658536585366
static,next_9_12,heldout_snapshot,physical+token_current,shift_3,w02_s000,2,1,63,0.4761904761904762
static,next_9_12,heldout_snapshot,moe_token_history,aligned,w00_s000,0,1,15,0.9333333333333333
static,next_9_12,heldout_snapshot,moe_token_history,aligned,w00_s005,0,1,15,1.0
static,next_9_12,heldout_snapshot,moe_token_history,aligned,w01_s003,1,1,15,1.0
static,next_9_12,heldout_snapshot,moe_token_history,aligned,w02_s001,2,2,61,0.8852459016393442
static,next_9_12,heldout_snapshot,moe_token_history,aligned,w00_s001,0,1,48,0.5416666666666666
static,next_9_12,heldout_snapshot,moe_token_history,aligned,w02_s002,2,2,75,0.6266666666666667
static,next_9_12,heldout_snapshot,moe_token_history,aligned,w00_s002,0,1,15,0.4
static,next_9_12,heldout_snapshot,moe_token_history,aligned,w00_s003,0,3,85,0.6
static,next_9_12,heldout_snapshot,moe_token_history,aligned,w01_s001,1,1,15,0.1333333333333333
static,next_9_12,heldout_snapshot,moe_token_history,aligned,w02_s004,2,3,89,0.5168539325842697
static,next_9_12,heldout_snapshot,moe_token_history,aligned,w00_s004,0,2,41,0.8048780487804879
static,next_9_12,heldout_snapshot,moe_token_history,aligned,w02_s000,2,1,63,0.5396825396825398
static,next_9_12,heldout_snapshot,physical_action+token_history,aligned,w00_s000,0,1,15,0.9333333333333333
static,next_9_12,heldout_snapshot,physical_action+token_history,aligned,w00_s005,0,1,15,0.4666666666666667
static,next_9_12,heldout_snapshot,physical_action+token_history,aligned,w01_s003,1,1,15,0.8666666666666667
static,next_9_12,heldout_snapshot,physical_action+token_history,aligned,w02_s001,2,2,61,0.7704918032786884
static,next_9_12,heldout_snapshot,physical_action+token_history,aligned,w00_s001,0,1,48,0.6875
static,next_9_12,heldout_snapshot,physical_action+token_history,aligned,w02_s002,2,2,75,0.68
static,next_9_12,heldout_snapshot,physical_action+token_history,aligned,w00_s002,0,1,15,0.4666666666666667
static,next_9_12,heldout_snapshot,physical_action+token_history,aligned,w00_s003,0,3,85,0.611764705882353
static,next_9_12,heldout_snapshot,physical_action+token_history,aligned,w01_s001,1,1,15,0.8
static,next_9_12,heldout_snapshot,physical_action+token_history,aligned,w02_s004,2,3,89,0.8314606741573034
static,next_9_12,heldout_snapshot,physical_action+token_history,aligned,w00_s004,0,2,41,0.9024390243902439
static,next_9_12,heldout_snapshot,physical_action+token_history,aligned,w02_s000,2,1,63,0.8253968253968254
static,next_9_12,heldout_snapshot,physical+token_history,aligned,w00_s000,0,1,15,0.6666666666666667
static,next_9_12,heldout_snapshot,physical+token_history,aligned,w00_s005,0,1,15,0.8666666666666667
static,next_9_12,heldout_snapshot,physical+token_history,aligned,w01_s003,1,1,15,1.0
static,next_9_12,heldout_snapshot,physical+token_history,aligned,w02_s001,2,2,61,0.8524590163934426
static,next_9_12,heldout_snapshot,physical+token_history,aligned,w00_s001,0,1,48,0.3541666666666667
static,next_9_12,heldout_snapshot,physical+token_history,aligned,w02_s002,2,2,75,0.6266666666666667
static,next_9_12,heldout_snapshot,physical+token_history,aligned,w00_s002,0,1,15,0.4
static,next_9_12,heldout_snapshot,physical+token_history,aligned,w00_s003,0,3,85,0.6235294117647059
static,next_9_12,heldout_snapshot,physical+token_history,aligned,w01_s001,1,1,15,0.19999999999999993
static,next_9_12,heldout_snapshot,physical+token_history,aligned,w02_s004,2,3,89,0.6853932584269663
static,next_9_12,heldout_snapshot,physical+token_history,aligned,w00_s004,0,2,41,0.7073170731707317
static,next_9_12,heldout_snapshot,physical+token_history,aligned,w02_s000,2,1,63,0.8571428571428572
static,next_9_12,heldout_snapshot,physical_action+token_history,shift_1,w00_s000,0,1,15,0.8
static,next_9_12,heldout_snapshot,physical_action+token_history,shift_1,w00_s005,0,1,15,0.8666666666666667
static,next_9_12,heldout_snapshot,physical_action+token_history,shift_1,w01_s003,1,1,15,0.8666666666666667
static,next_9_12,heldout_snapshot,physical_action+token_history,shift_1,w02_s001,2,2,61,0.819672131147541
static,next_9_12,heldout_snapshot,physical_action+token_history,shift_1,w00_s001,0,1,48,0.45833333333333326
static,next_9_12,heldout_snapshot,physical_action+token_history,shift_1,w02_s002,2,2,75,0.8399999999999999
static,next_9_12,heldout_snapshot,physical_action+token_history,shift_1,w00_s002,0,1,15,0.33333333333333337
static,next_9_12,heldout_snapshot,physical_action+token_history,shift_1,w00_s003,0,3,85,0.5529411764705883
static,next_9_12,heldout_snapshot,physical_action+token_history,shift_1,w01_s001,1,1,15,1.0
static,next_9_12,heldout_snapshot,physical_action+token_history,shift_1,w02_s004,2,3,89,0.7528089887640449
static,next_9_12,heldout_snapshot,physical_action+token_history,shift_1,w00_s004,0,2,41,0.7804878048780488
static,next_9_12,heldout_snapshot,physical_action+token_history,shift_1,w02_s000,2,1,63,0.8253968253968254
static,next_9_12,heldout_snapshot,physical+token_history,shift_1,w00_s000,0,1,15,0.0
static,next_9_12,heldout_snapshot,physical+token_history,shift_1,w00_s005,0,1,15,0.19999999999999993
static,next_9_12,heldout_snapshot,physical+token_history,shift_1,w01_s003,1,1,15,0.0
static,next_9_12,heldout_snapshot,physical+token_history,shift_1,w02_s001,2,2,61,0.7213114754098361
static,next_9_12,heldout_snapshot,physical+token_history,shift_1,w00_s001,0,1,48,0.22916666666666663
static,next_9_12,heldout_snapshot,physical+token_history,shift_1,w02_s002,2,2,75,0.7866666666666666
static,next_9_12,heldout_snapshot,physical+token_history,shift_1,w00_s002,0,1,15,0.1333333333333333
static,next_9_12,heldout_snapshot,physical+token_history,shift_1,w00_s003,0,3,85,0.4235294117647058
static,next_9_12,heldout_snapshot,physical+token_history,shift_1,w01_s001,1,1,15,0.9333333333333333
static,next_9_12,heldout_snapshot,physical+token_history,shift_1,w02_s004,2,3,89,0.651685393258427
static,next_9_12,heldout_snapshot,physical+token_history,shift_1,w00_s004,0,2,41,0.36585365853658536
static,next_9_12,heldout_snapshot,physical+token_history,shift_1,w02_s000,2,1,63,0.7301587301587301
static,next_9_12,heldout_snapshot,physical_action+token_history,shift_2,w00_s000,0,1,15,1.0
static,next_9_12,heldout_snapshot,physical_action+token_history,shift_2,w00_s005,0,1,15,0.4666666666666667
static,next_9_12,heldout_snapshot,physical_action+token_history,shift_2,w01_s003,1,1,15,0.5333333333333333
static,next_9_12,heldout_snapshot,physical_action+token_history,shift_2,w02_s001,2,2,61,0.8688524590163934
static,next_9_12,heldout_snapshot,physical_action+token_history,shift_2,w00_s001,0,1,48,0.8333333333333334
static,next_9_12,heldout_snapshot,physical_action+token_history,shift_2,w02_s002,2,2,75,0.7733333333333333
static,next_9_12,heldout_snapshot,physical_action+token_history,shift_2,w00_s002,0,1,15,0.5333333333333333
static,next_9_12,heldout_snapshot,physical_action+token_history,shift_2,w00_s003,0,3,85,0.6823529411764706
static,next_9_12,heldout_snapshot,physical_action+token_history,shift_2,w01_s001,1,1,15,0.4
static,next_9_12,heldout_snapshot,physical_action+token_history,shift_2,w02_s004,2,3,89,0.8764044943820225
static,next_9_12,heldout_snapshot,physical_action+token_history,shift_2,w00_s004,0,2,41,0.9512195121951219
static,next_9_12,heldout_snapshot,physical_action+token_history,shift_2,w02_s000,2,1,63,0.7936507936507936
static,next_9_12,heldout_snapshot,physical+token_history,shift_2,w00_s000,0,1,15,0.2666666666666667
static,next_9_12,heldout_snapshot,physical+token_history,shift_2,w00_s005,0,1,15,0.5333333333333333
static,next_9_12,heldout_snapshot,physical+token_history,shift_2,w01_s003,1,1,15,0.19999999999999993
static,next_9_12,heldout_snapshot,physical+token_history,shift_2,w02_s001,2,2,61,0.5573770491803278
static,next_9_12,heldout_snapshot,physical+token_history,shift_2,w00_s001,0,1,48,0.375
static,next_9_12,heldout_snapshot,physical+token_history,shift_2,w02_s002,2,2,75,0.64
static,next_9_12,heldout_snapshot,physical+token_history,shift_2,w00_s002,0,1,15,0.33333333333333337
static,next_9_12,heldout_snapshot,physical+token_history,shift_2,w00_s003,0,3,85,0.6705882352941176
static,next_9_12,heldout_snapshot,physical+token_history,shift_2,w01_s001,1,1,15,1.0
static,next_9_12,heldout_snapshot,physical+token_history,shift_2,w02_s004,2,3,89,0.6853932584269663
static,next_9_12,heldout_snapshot,physical+token_history,shift_2,w00_s004,0,2,41,0.26829268292682923
static,next_9_12,heldout_snapshot,physical+token_history,shift_2,w02_s000,2,1,63,0.7619047619047619
static,next_9_12,heldout_snapshot,physical_action+token_history,shift_3,w00_s000,0,1,15,0.7333333333333333
static,next_9_12,heldout_snapshot,physical_action+token_history,shift_3,w00_s005,0,1,15,0.8666666666666667
static,next_9_12,heldout_snapshot,physical_action+token_history,shift_3,w01_s003,1,1,15,1.0
static,next_9_12,heldout_snapshot,physical_action+token_history,shift_3,w02_s001,2,2,61,0.9016393442622951
static,next_9_12,heldout_snapshot,physical_action+token_history,shift_3,w00_s001,0,1,48,0.5833333333333333
static,next_9_12,heldout_snapshot,physical_action+token_history,shift_3,w02_s002,2,2,75,0.8
static,next_9_12,heldout_snapshot,physical_action+token_history,shift_3,w00_s002,0,1,15,0.2666666666666667
static,next_9_12,heldout_snapshot,physical_action+token_history,shift_3,w00_s003,0,3,85,0.8941176470588236
static,next_9_12,heldout_snapshot,physical_action+token_history,shift_3,w01_s001,1,1,15,0.8666666666666667
static,next_9_12,heldout_snapshot,physical_action+token_history,shift_3,w02_s004,2,3,89,0.8539325842696629
static,next_9_12,heldout_snapshot,physical_action+token_history,shift_3,w00_s004,0,2,41,0.7560975609756098
static,next_9_12,heldout_snapshot,physical_action+token_history,shift_3,w02_s000,2,1,63,0.8095238095238095
static,next_9_12,heldout_snapshot,physical+token_history,shift_3,w00_s000,0,1,15,0.1333333333333333
static,next_9_12,heldout_snapshot,physical+token_history,shift_3,w00_s005,0,1,15,0.6
static,next_9_12,heldout_snapshot,physical+token_history,shift_3,w01_s003,1,1,15,0.2666666666666667
static,next_9_12,heldout_snapshot,physical+token_history,shift_3,w02_s001,2,2,61,0.8524590163934426
static,next_9_12,heldout_snapshot,physical+token_history,shift_3,w00_s001,0,1,48,0.3125
static,next_9_12,heldout_snapshot,physical+token_history,shift_3,w02_s002,2,2,75,0.7466666666666667
static,next_9_12,heldout_snapshot,physical+token_history,shift_3,w00_s002,0,1,15,0.6666666666666667
static,next_9_12,heldout_snapshot,physical+token_history,shift_3,w00_s003,0,3,85,0.5764705882352941
static,next_9_12,heldout_snapshot,physical+token_history,shift_3,w01_s001,1,1,15,1.0
static,next_9_12,heldout_snapshot,physical+token_history,shift_3,w02_s004,2,3,89,0.5168539325842696
static,next_9_12,heldout_snapshot,physical+token_history,shift_3,w00_s004,0,2,41,0.3658536585365854
static,next_9_12,heldout_snapshot,physical+token_history,shift_3,w02_s000,2,1,63,0.5079365079365079
static,next_9_12,heldout_worker,rate_only,aligned,w00_s000,0,1,15,0.5
static,next_9_12,heldout_worker,rate_only,aligned,w00_s001,0,1,48,0.5
static,next_9_12,heldout_worker,rate_only,aligned,w00_s002,0,1,15,0.5
static,next_9_12,heldout_worker,rate_only,aligned,w00_s003,0,3,85,0.5
static,next_9_12,heldout_worker,rate_only,aligned,w00_s004,0,2,41,0.5
static,next_9_12,heldout_worker,rate_only,aligned,w00_s005,0,1,15,0.5
static,next_9_12,heldout_worker,rate_only,aligned,w01_s001,1,1,15,0.5
static,next_9_12,heldout_worker,rate_only,aligned,w01_s003,1,1,15,0.5
static,next_9_12,heldout_worker,rate_only,aligned,w02_s000,2,1,63,0.5
static,next_9_12,heldout_worker,rate_only,aligned,w02_s001,2,2,61,0.5
static,next_9_12,heldout_worker,rate_only,aligned,w02_s002,2,2,75,0.5
static,next_9_12,heldout_worker,rate_only,aligned,w02_s004,2,3,89,0.5
static,next_9_12,heldout_worker,physical_action,aligned,w00_s000,0,1,15,0.8
static,next_9_12,heldout_worker,physical_action,aligned,w00_s001,0,1,48,0.5416666666666666
static,next_9_12,heldout_worker,physical_action,aligned,w00_s002,0,1,15,0.4666666666666667
static,next_9_12,heldout_worker,physical_action,aligned,w00_s003,0,3,85,0.7294117647058823
static,next_9_12,heldout_worker,physical_action,aligned,w00_s004,0,2,41,0.5853658536585366
static,next_9_12,heldout_worker,physical_action,aligned,w00_s005,0,1,15,0.4666666666666667
static,next_9_12,heldout_worker,physical_action,aligned,w01_s001,1,1,15,0.33333333333333337
static,next_9_12,heldout_worker,physical_action,aligned,w01_s003,1,1,15,1.0
static,next_9_12,heldout_worker,physical_action,aligned,w02_s000,2,1,63,0.7777777777777777
static,next_9_12,heldout_worker,physical_action,aligned,w02_s001,2,2,61,0.9016393442622951
static,next_9_12,heldout_worker,physical_action,aligned,w02_s002,2,2,75,0.4666666666666667
static,next_9_12,heldout_worker,physical_action,aligned,w02_s004,2,3,89,0.7303370786516854
static,next_9_12,heldout_worker,physical,aligned,w00_s000,0,1,15,0.1333333333333333
static,next_9_12,heldout_worker,physical,aligned,w00_s001,0,1,48,0.16666666666666666
static,next_9_12,heldout_worker,physical,aligned,w00_s002,0,1,15,0.19999999999999993
static,next_9_12,heldout_worker,physical,aligned,w00_s003,0,3,85,0.5764705882352941
static,next_9_12,heldout_worker,physical,aligned,w00_s004,0,2,41,0.2439024390243903
static,next_9_12,heldout_worker,physical,aligned,w00_s005,0,1,15,0.19999999999999993
static,next_9_12,heldout_worker,physical,aligned,w01_s001,1,1,15,0.9333333333333333
static,next_9_12,heldout_worker,physical,aligned,w01_s003,1,1,15,0.0
static,next_9_12,heldout_worker,physical,aligned,w02_s000,2,1,63,0.2698412698412698
static,next_9_12,heldout_worker,physical,aligned,w02_s001,2,2,61,0.7868852459016393
static,next_9_12,heldout_worker,physical,aligned,w02_s002,2,2,75,0.18666666666666668
static,next_9_12,heldout_worker,physical,aligned,w02_s004,2,3,89,0.34831460674157305
static,next_9_12,heldout_worker,moe_aggregate_current,aligned,w00_s000,0,1,15,0.6666666666666667
static,next_9_12,heldout_worker,moe_aggregate_current,aligned,w00_s001,0,1,48,0.3125
static,next_9_12,heldout_worker,moe_aggregate_current,aligned,w00_s002,0,1,15,0.1333333333333333
static,next_9_12,heldout_worker,moe_aggregate_current,aligned,w00_s003,0,3,85,0.6941176470588235
static,next_9_12,heldout_worker,moe_aggregate_current,aligned,w00_s004,0,2,41,0.6341463414634146
static,next_9_12,heldout_worker,moe_aggregate_current,aligned,w00_s005,0,1,15,0.4666666666666667
static,next_9_12,heldout_worker,moe_aggregate_current,aligned,w01_s001,1,1,15,0.1333333333333333
static,next_9_12,heldout_worker,moe_aggregate_current,aligned,w01_s003,1,1,15,0.8
static,next_9_12,heldout_worker,moe_aggregate_current,aligned,w02_s000,2,1,63,0.7301587301587301
static,next_9_12,heldout_worker,moe_aggregate_current,aligned,w02_s001,2,2,61,0.39344262295081966
static,next_9_12,heldout_worker,moe_aggregate_current,aligned,w02_s002,2,2,75,0.76
static,next_9_12,heldout_worker,moe_aggregate_current,aligned,w02_s004,2,3,89,0.6179775280898876
static,next_9_12,heldout_worker,physical_action+aggregate_current,aligned,w00_s000,0,1,15,0.8666666666666667
static,next_9_12,heldout_worker,physical_action+aggregate_current,aligned,w00_s001,0,1,48,0.4166666666666667
static,next_9_12,heldout_worker,physical_action+aggregate_current,aligned,w00_s002,0,1,15,0.19999999999999993
static,next_9_12,heldout_worker,physical_action+aggregate_current,aligned,w00_s003,0,3,85,0.6823529411764706
static,next_9_12,heldout_worker,physical_action+aggregate_current,aligned,w00_s004,0,2,41,0.6829268292682927
static,next_9_12,heldout_worker,physical_action+aggregate_current,aligned,w00_s005,0,1,15,0.4
static,next_9_12,heldout_worker,physical_action+aggregate_current,aligned,w01_s001,1,1,15,0.4
static,next_9_12,heldout_worker,physical_action+aggregate_current,aligned,w01_s003,1,1,15,1.0
static,next_9_12,heldout_worker,physical_action+aggregate_current,aligned,w02_s000,2,1,63,0.6666666666666667
static,next_9_12,heldout_worker,physical_action+aggregate_current,aligned,w02_s001,2,2,61,0.8688524590163934
static,next_9_12,heldout_worker,physical_action+aggregate_current,aligned,w02_s002,2,2,75,0.5466666666666666
static,next_9_12,heldout_worker,physical_action+aggregate_current,aligned,w02_s004,2,3,89,0.7303370786516854
static,next_9_12,heldout_worker,physical+aggregate_current,aligned,w00_s000,0,1,15,0.2666666666666667
static,next_9_12,heldout_worker,physical+aggregate_current,aligned,w00_s001,0,1,48,0.14583333333333334
static,next_9_12,heldout_worker,physical+aggregate_current,aligned,w00_s002,0,1,15,0.06666666666666665
static,next_9_12,heldout_worker,physical+aggregate_current,aligned,w00_s003,0,3,85,0.7176470588235294
static,next_9_12,heldout_worker,physical+aggregate_current,aligned,w00_s004,0,2,41,0.2926829268292683
static,next_9_12,heldout_worker,physical+aggregate_current,aligned,w00_s005,0,1,15,0.33333333333333337
static,next_9_12,heldout_worker,physical+aggregate_current,aligned,w01_s001,1,1,15,0.1333333333333333
static,next_9_12,heldout_worker,physical+aggregate_current,aligned,w01_s003,1,1,15,0.8666666666666667
static,next_9_12,heldout_worker,physical+aggregate_current,aligned,w02_s000,2,1,63,0.5238095238095238
static,next_9_12,heldout_worker,physical+aggregate_current,aligned,w02_s001,2,2,61,0.7540983606557377
static,next_9_12,heldout_worker,physical+aggregate_current,aligned,w02_s002,2,2,75,0.29333333333333333
static,next_9_12,heldout_worker,physical+aggregate_current,aligned,w02_s004,2,3,89,0.48314606741573035
static,next_9_12,heldout_worker,physical_action+aggregate_current,shift_1,w00_s000,0,1,15,0.7333333333333333
static,next_9_12,heldout_worker,physical_action+aggregate_current,shift_1,w00_s001,0,1,48,0.4791666666666667
static,next_9_12,heldout_worker,physical_action+aggregate_current,shift_1,w00_s002,0,1,15,0.33333333333333337
static,next_9_12,heldout_worker,physical_action+aggregate_current,shift_1,w00_s003,0,3,85,0.7058823529411765
static,next_9_12,heldout_worker,physical_action+aggregate_current,shift_1,w00_s004,0,2,41,0.4878048780487805
static,next_9_12,heldout_worker,physical_action+aggregate_current,shift_1,w00_s005,0,1,15,0.6666666666666667
static,next_9_12,heldout_worker,physical_action+aggregate_current,shift_1,w01_s001,1,1,15,0.2666666666666667
static,next_9_12,heldout_worker,physical_action+aggregate_current,shift_1,w01_s003,1,1,15,0.9333333333333333
static,next_9_12,heldout_worker,physical_action+aggregate_current,shift_1,w02_s000,2,1,63,0.7301587301587301
static,next_9_12,heldout_worker,physical_action+aggregate_current,shift_1,w02_s001,2,2,61,0.7868852459016393
static,next_9_12,heldout_worker,physical_action+aggregate_current,shift_1,w02_s002,2,2,75,0.3866666666666667
static,next_9_12,heldout_worker,physical_action+aggregate_current,shift_1,w02_s004,2,3,89,0.5730337078651685
static,next_9_12,heldout_worker,physical+aggregate_current,shift_1,w00_s000,0,1,15,0.0
static,next_9_12,heldout_worker,physical+aggregate_current,shift_1,w00_s001,0,1,48,0.18749999999999997
static,next_9_12,heldout_worker,physical+aggregate_current,shift_1,w00_s002,0,1,15,0.06666666666666665
static,next_9_12,heldout_worker,physical+aggregate_current,shift_1,w00_s003,0,3,85,0.6588235294117647
static,next_9_12,heldout_worker,physical+aggregate_current,shift_1,w00_s004,0,2,41,0.12195121951219512
static,next_9_12,heldout_worker,physical+aggregate_current,shift_1,w00_s005,0,1,15,0.6
static,next_9_12,heldout_worker,physical+aggregate_current,shift_1,w01_s001,1,1,15,0.6
static,next_9_12,heldout_worker,physical+aggregate_current,shift_1,w01_s003,1,1,15,0.6
static,next_9_12,heldout_worker,physical+aggregate_current,shift_1,w02_s000,2,1,63,0.3650793650793651
static,next_9_12,heldout_worker,physical+aggregate_current,shift_1,w02_s001,2,2,61,0.7213114754098361
static,next_9_12,heldout_worker,physical+aggregate_current,shift_1,w02_s002,2,2,75,0.013333333333333324
static,next_9_12,heldout_worker,physical+aggregate_current,shift_1,w02_s004,2,3,89,0.202247191011236
static,next_9_12,heldout_worker,physical_action+aggregate_current,shift_2,w00_s000,0,1,15,1.0
static,next_9_12,heldout_worker,physical_action+aggregate_current,shift_2,w00_s001,0,1,48,0.5624999999999999
static,next_9_12,heldout_worker,physical_action+aggregate_current,shift_2,w00_s002,0,1,15,0.4666666666666667
static,next_9_12,heldout_worker,physical_action+aggregate_current,shift_2,w00_s003,0,3,85,0.6941176470588235
static,next_9_12,heldout_worker,physical_action+aggregate_current,shift_2,w00_s004,0,2,41,0.6829268292682926
static,next_9_12,heldout_worker,physical_action+aggregate_current,shift_2,w00_s005,0,1,15,0.4666666666666667
static,next_9_12,heldout_worker,physical_action+aggregate_current,shift_2,w01_s001,1,1,15,0.6
static,next_9_12,heldout_worker,physical_action+aggregate_current,shift_2,w01_s003,1,1,15,0.6
static,next_9_12,heldout_worker,physical_action+aggregate_current,shift_2,w02_s000,2,1,63,0.6031746031746033
static,next_9_12,heldout_worker,physical_action+aggregate_current,shift_2,w02_s001,2,2,61,0.9344262295081968
static,next_9_12,heldout_worker,physical_action+aggregate_current,shift_2,w02_s002,2,2,75,0.44
static,next_9_12,heldout_worker,physical_action+aggregate_current,shift_2,w02_s004,2,3,89,0.6067415730337079
static,next_9_12,heldout_worker,physical+aggregate_current,shift_2,w00_s000,0,1,15,0.4666666666666667
static,next_9_12,heldout_worker,physical+aggregate_current,shift_2,w00_s001,0,1,48,0.25
static,next_9_12,heldout_worker,physical+aggregate_current,shift_2,w00_s002,0,1,15,0.4
static,next_9_12,heldout_worker,physical+aggregate_current,shift_2,w00_s003,0,3,85,0.6
static,next_9_12,heldout_worker,physical+aggregate_current,shift_2,w00_s004,0,2,41,0.24390243902439024
static,next_9_12,heldout_worker,physical+aggregate_current,shift_2,w00_s005,0,1,15,0.4
static,next_9_12,heldout_worker,physical+aggregate_current,shift_2,w01_s001,1,1,15,0.5333333333333333
static,next_9_12,heldout_worker,physical+aggregate_current,shift_2,w01_s003,1,1,15,0.9333333333333333
static,next_9_12,heldout_worker,physical+aggregate_current,shift_2,w02_s000,2,1,63,0.3650793650793651
static,next_9_12,heldout_worker,physical+aggregate_current,shift_2,w02_s001,2,2,61,0.7868852459016393
static,next_9_12,heldout_worker,physical+aggregate_current,shift_2,w02_s002,2,2,75,0.14666666666666667
static,next_9_12,heldout_worker,physical+aggregate_current,shift_2,w02_s004,2,3,89,0.3258426966292135
static,next_9_12,heldout_worker,physical_action+aggregate_current,shift_3,w00_s000,0,1,15,0.6666666666666667
static,next_9_12,heldout_worker,physical_action+aggregate_current,shift_3,w00_s001,0,1,48,0.4166666666666667
static,next_9_12,heldout_worker,physical_action+aggregate_current,shift_3,w00_s002,0,1,15,0.4
static,next_9_12,heldout_worker,physical_action+aggregate_current,shift_3,w00_s003,0,3,85,0.6352941176470588
static,next_9_12,heldout_worker,physical_action+aggregate_current,shift_3,w00_s004,0,2,41,0.6341463414634146
static,next_9_12,heldout_worker,physical_action+aggregate_current,shift_3,w00_s005,0,1,15,0.4666666666666667
static,next_9_12,heldout_worker,physical_action+aggregate_current,shift_3,w01_s001,1,1,15,0.4666666666666667
static,next_9_12,heldout_worker,physical_action+aggregate_current,shift_3,w01_s003,1,1,15,1.0
static,next_9_12,heldout_worker,physical_action+aggregate_current,shift_3,w02_s000,2,1,63,0.5555555555555556
static,next_9_12,heldout_worker,physical_action+aggregate_current,shift_3,w02_s001,2,2,61,0.8688524590163934
static,next_9_12,heldout_worker,physical_action+aggregate_current,shift_3,w02_s002,2,2,75,0.52
static,next_9_12,heldout_worker,physical_action+aggregate_current,shift_3,w02_s004,2,3,89,0.7752808988764045
static,next_9_12,heldout_worker,physical+aggregate_current,shift_3,w00_s000,0,1,15,0.2666666666666667
static,next_9_12,heldout_worker,physical+aggregate_current,shift_3,w00_s001,0,1,48,0.10416666666666667
static,next_9_12,heldout_worker,physical+aggregate_current,shift_3,w00_s002,0,1,15,0.2666666666666667
static,next_9_12,heldout_worker,physical+aggregate_current,shift_3,w00_s003,0,3,85,0.43529411764705883
static,next_9_12,heldout_worker,physical+aggregate_current,shift_3,w00_s004,0,2,41,0.3170731707317073
static,next_9_12,heldout_worker,physical+aggregate_current,shift_3,w00_s005,0,1,15,0.2666666666666667
static,next_9_12,heldout_worker,physical+aggregate_current,shift_3,w01_s001,1,1,15,0.9333333333333333
static,next_9_12,heldout_worker,physical+aggregate_current,shift_3,w01_s003,1,1,15,0.9333333333333333
static,next_9_12,heldout_worker,physical+aggregate_current,shift_3,w02_s000,2,1,63,0.20634920634920634
static,next_9_12,heldout_worker,physical+aggregate_current,shift_3,w02_s001,2,2,61,0.7377049180327869
static,next_9_12,heldout_worker,physical+aggregate_current,shift_3,w02_s002,2,2,75,0.28
static,next_9_12,heldout_worker,physical+aggregate_current,shift_3,w02_s004,2,3,89,0.5617977528089888
static,next_9_12,heldout_worker,moe_token_current,aligned,w00_s000,0,1,15,0.7333333333333333
static,next_9_12,heldout_worker,moe_token_current,aligned,w00_s001,0,1,48,0.3541666666666667
static,next_9_12,heldout_worker,moe_token_current,aligned,w00_s002,0,1,15,0.33333333333333337
static,next_9_12,heldout_worker,moe_token_current,aligned,w00_s003,0,3,85,0.611764705882353
static,next_9_12,heldout_worker,moe_token_current,aligned,w00_s004,0,2,41,0.36585365853658536
static,next_9_12,heldout_worker,moe_token_current,aligned,w00_s005,0,1,15,0.33333333333333337
static,next_9_12,heldout_worker,moe_token_current,aligned,w01_s001,1,1,15,0.1333333333333333
static,next_9_12,heldout_worker,moe_token_current,aligned,w01_s003,1,1,15,1.0
static,next_9_12,heldout_worker,moe_token_current,aligned,w02_s000,2,1,63,0.6984126984126984
static,next_9_12,heldout_worker,moe_token_current,aligned,w02_s001,2,2,61,0.4262295081967213
static,next_9_12,heldout_worker,moe_token_current,aligned,w02_s002,2,2,75,0.4533333333333333
static,next_9_12,heldout_worker,moe_token_current,aligned,w02_s004,2,3,89,0.651685393258427
static,next_9_12,heldout_worker,physical_action+token_current,aligned,w00_s000,0,1,15,0.7333333333333333
static,next_9_12,heldout_worker,physical_action+token_current,aligned,w00_s001,0,1,48,0.5416666666666666
static,next_9_12,heldout_worker,physical_action+token_current,aligned,w00_s002,0,1,15,0.1333333333333333
static,next_9_12,heldout_worker,physical_action+token_current,aligned,w00_s003,0,3,85,0.6823529411764706
static,next_9_12,heldout_worker,physical_action+token_current,aligned,w00_s004,0,2,41,0.7073170731707317
static,next_9_12,heldout_worker,physical_action+token_current,aligned,w00_s005,0,1,15,0.6666666666666667
static,next_9_12,heldout_worker,physical_action+token_current,aligned,w01_s001,1,1,15,0.4
static,next_9_12,heldout_worker,physical_action+token_current,aligned,w01_s003,1,1,15,0.6666666666666667
static,next_9_12,heldout_worker,physical_action+token_current,aligned,w02_s000,2,1,63,0.746031746031746
static,next_9_12,heldout_worker,physical_action+token_current,aligned,w02_s001,2,2,61,0.9344262295081968
static,next_9_12,heldout_worker,physical_action+token_current,aligned,w02_s002,2,2,75,0.48
static,next_9_12,heldout_worker,physical_action+token_current,aligned,w02_s004,2,3,89,0.7303370786516854
static,next_9_12,heldout_worker,physical+token_current,aligned,w00_s000,0,1,15,0.19999999999999993
static,next_9_12,heldout_worker,physical+token_current,aligned,w00_s001,0,1,48,0.16666666666666663
static,next_9_12,heldout_worker,physical+token_current,aligned,w00_s002,0,1,15,0.1333333333333333
static,next_9_12,heldout_worker,physical+token_current,aligned,w00_s003,0,3,85,0.6352941176470588
static,next_9_12,heldout_worker,physical+token_current,aligned,w00_s004,0,2,41,0.34146341463414637
static,next_9_12,heldout_worker,physical+token_current,aligned,w00_s005,0,1,15,0.4
static,next_9_12,heldout_worker,physical+token_current,aligned,w01_s001,1,1,15,0.1333333333333333
static,next_9_12,heldout_worker,physical+token_current,aligned,w01_s003,1,1,15,0.6666666666666667
static,next_9_12,heldout_worker,physical+token_current,aligned,w02_s000,2,1,63,0.49206349206349204
static,next_9_12,heldout_worker,physical+token_current,aligned,w02_s001,2,2,61,0.6557377049180327
static,next_9_12,heldout_worker,physical+token_current,aligned,w02_s002,2,2,75,0.24
static,next_9_12,heldout_worker,physical+token_current,aligned,w02_s004,2,3,89,0.550561797752809
static,next_9_12,heldout_worker,physical_action+token_current,shift_1,w00_s000,0,1,15,0.8666666666666667
static,next_9_12,heldout_worker,physical_action+token_current,shift_1,w00_s001,0,1,48,0.5625
static,next_9_12,heldout_worker,physical_action+token_current,shift_1,w00_s002,0,1,15,0.19999999999999993
static,next_9_12,heldout_worker,physical_action+token_current,shift_1,w00_s003,0,3,85,0.7294117647058823
static,next_9_12,heldout_worker,physical_action+token_current,shift_1,w00_s004,0,2,41,0.5121951219512195
static,next_9_12,heldout_worker,physical_action+token_current,shift_1,w00_s005,0,1,15,0.5333333333333333
static,next_9_12,heldout_worker,physical_action+token_current,shift_1,w01_s001,1,1,15,0.33333333333333337
static,next_9_12,heldout_worker,physical_action+token_current,shift_1,w01_s003,1,1,15,1.0
static,next_9_12,heldout_worker,physical_action+token_current,shift_1,w02_s000,2,1,63,0.6984126984126984
static,next_9_12,heldout_worker,physical_action+token_current,shift_1,w02_s001,2,2,61,0.7704918032786885
static,next_9_12,heldout_worker,physical_action+token_current,shift_1,w02_s002,2,2,75,0.5466666666666666
static,next_9_12,heldout_worker,physical_action+token_current,shift_1,w02_s004,2,3,89,0.7191011235955056
static,next_9_12,heldout_worker,physical+token_current,shift_1,w00_s000,0,1,15,0.0
static,next_9_12,heldout_worker,physical+token_current,shift_1,w00_s001,0,1,48,0.25
static,next_9_12,heldout_worker,physical+token_current,shift_1,w00_s002,0,1,15,0.0
static,next_9_12,heldout_worker,physical+token_current,shift_1,w00_s003,0,3,85,0.6
static,next_9_12,heldout_worker,physical+token_current,shift_1,w00_s004,0,2,41,0.12195121951219512
static,next_9_12,heldout_worker,physical+token_current,shift_1,w00_s005,0,1,15,0.33333333333333337
static,next_9_12,heldout_worker,physical+token_current,shift_1,w01_s001,1,1,15,0.8
static,next_9_12,heldout_worker,physical+token_current,shift_1,w01_s003,1,1,15,0.5333333333333333
static,next_9_12,heldout_worker,physical+token_current,shift_1,w02_s000,2,1,63,0.4444444444444444
static,next_9_12,heldout_worker,physical+token_current,shift_1,w02_s001,2,2,61,0.7049180327868853
static,next_9_12,heldout_worker,physical+token_current,shift_1,w02_s002,2,2,75,0.06666666666666667
static,next_9_12,heldout_worker,physical+token_current,shift_1,w02_s004,2,3,89,0.2808988764044944
static,next_9_12,heldout_worker,physical_action+token_current,shift_2,w00_s000,0,1,15,0.6666666666666667
static,next_9_12,heldout_worker,physical_action+token_current,shift_2,w00_s001,0,1,48,0.6666666666666666
static,next_9_12,heldout_worker,physical_action+token_current,shift_2,w00_s002,0,1,15,0.5333333333333333
static,next_9_12,heldout_worker,physical_action+token_current,shift_2,w00_s003,0,3,85,0.7647058823529411
static,next_9_12,heldout_worker,physical_action+token_current,shift_2,w00_s004,0,2,41,0.5365853658536586
static,next_9_12,heldout_worker,physical_action+token_current,shift_2,w00_s005,0,1,15,0.6666666666666667
static,next_9_12,heldout_worker,physical_action+token_current,shift_2,w01_s001,1,1,15,0.5333333333333333
static,next_9_12,heldout_worker,physical_action+token_current,shift_2,w01_s003,1,1,15,0.8666666666666667
static,next_9_12,heldout_worker,physical_action+token_current,shift_2,w02_s000,2,1,63,0.8095238095238095
static,next_9_12,heldout_worker,physical_action+token_current,shift_2,w02_s001,2,2,61,0.8032786885245902
static,next_9_12,heldout_worker,physical_action+token_current,shift_2,w02_s002,2,2,75,0.5466666666666666
static,next_9_12,heldout_worker,physical_action+token_current,shift_2,w02_s004,2,3,89,0.5730337078651685
static,next_9_12,heldout_worker,physical+token_current,shift_2,w00_s000,0,1,15,0.19999999999999993
static,next_9_12,heldout_worker,physical+token_current,shift_2,w00_s001,0,1,48,0.29166666666666663
static,next_9_12,heldout_worker,physical+token_current,shift_2,w00_s002,0,1,15,0.5333333333333333
static,next_9_12,heldout_worker,physical+token_current,shift_2,w00_s003,0,3,85,0.5764705882352941
static,next_9_12,heldout_worker,physical+token_current,shift_2,w00_s004,0,2,41,0.3902439024390244
static,next_9_12,heldout_worker,physical+token_current,shift_2,w00_s005,0,1,15,0.2666666666666667
static,next_9_12,heldout_worker,physical+token_current,shift_2,w01_s001,1,1,15,0.8666666666666667
static,next_9_12,heldout_worker,physical+token_current,shift_2,w01_s003,1,1,15,0.9333333333333333
static,next_9_12,heldout_worker,physical+token_current,shift_2,w02_s000,2,1,63,0.5714285714285714
static,next_9_12,heldout_worker,physical+token_current,shift_2,w02_s001,2,2,61,0.6557377049180327
static,next_9_12,heldout_worker,physical+token_current,shift_2,w02_s002,2,2,75,0.21333333333333335
static,next_9_12,heldout_worker,physical+token_current,shift_2,w02_s004,2,3,89,0.33707865168539325
static,next_9_12,heldout_worker,physical_action+token_current,shift_3,w00_s000,0,1,15,0.6666666666666667
static,next_9_12,heldout_worker,physical_action+token_current,shift_3,w00_s001,0,1,48,0.4791666666666667
static,next_9_12,heldout_worker,physical_action+token_current,shift_3,w00_s002,0,1,15,0.4
static,next_9_12,heldout_worker,physical_action+token_current,shift_3,w00_s003,0,3,85,0.7176470588235294
static,next_9_12,heldout_worker,physical_action+token_current,shift_3,w00_s004,0,2,41,0.6097560975609756
static,next_9_12,heldout_worker,physical_action+token_current,shift_3,w00_s005,0,1,15,0.6
static,next_9_12,heldout_worker,physical_action+token_current,shift_3,w01_s001,1,1,15,0.6666666666666667
static,next_9_12,heldout_worker,physical_action+token_current,shift_3,w01_s003,1,1,15,0.5333333333333333
static,next_9_12,heldout_worker,physical_action+token_current,shift_3,w02_s000,2,1,63,0.49206349206349204
static,next_9_12,heldout_worker,physical_action+token_current,shift_3,w02_s001,2,2,61,0.8852459016393442
static,next_9_12,heldout_worker,physical_action+token_current,shift_3,w02_s002,2,2,75,0.52
static,next_9_12,heldout_worker,physical_action+token_current,shift_3,w02_s004,2,3,89,0.6629213483146067
static,next_9_12,heldout_worker,physical+token_current,shift_3,w00_s000,0,1,15,0.19999999999999993
static,next_9_12,heldout_worker,physical+token_current,shift_3,w00_s001,0,1,48,0.20833333333333334
static,next_9_12,heldout_worker,physical+token_current,shift_3,w00_s002,0,1,15,0.19999999999999993
static,next_9_12,heldout_worker,physical+token_current,shift_3,w00_s003,0,3,85,0.49411764705882355
static,next_9_12,heldout_worker,physical+token_current,shift_3,w00_s004,0,2,41,0.24390243902439024
static,next_9_12,heldout_worker,physical+token_current,shift_3,w00_s005,0,1,15,0.4
static,next_9_12,heldout_worker,physical+token_current,shift_3,w01_s001,1,1,15,1.0
static,next_9_12,heldout_worker,physical+token_current,shift_3,w01_s003,1,1,15,0.8
static,next_9_12,heldout_worker,physical+token_current,shift_3,w02_s000,2,1,63,0.28571428571428575
static,next_9_12,heldout_worker,physical+token_current,shift_3,w02_s001,2,2,61,0.7540983606557377
static,next_9_12,heldout_worker,physical+token_current,shift_3,w02_s002,2,2,75,0.36
static,next_9_12,heldout_worker,physical+token_current,shift_3,w02_s004,2,3,89,0.5842696629213483
static,next_9_12,heldout_worker,moe_token_history,aligned,w00_s000,0,1,15,0.9333333333333333
static,next_9_12,heldout_worker,moe_token_history,aligned,w00_s001,0,1,48,0.625
static,next_9_12,heldout_worker,moe_token_history,aligned,w00_s002,0,1,15,0.6
static,next_9_12,heldout_worker,moe_token_history,aligned,w00_s003,0,3,85,0.6588235294117647
static,next_9_12,heldout_worker,moe_token_history,aligned,w00_s004,0,2,41,0.8048780487804879
static,next_9_12,heldout_worker,moe_token_history,aligned,w00_s005,0,1,15,0.9333333333333333
static,next_9_12,heldout_worker,moe_token_history,aligned,w01_s001,1,1,15,0.1333333333333333
static,next_9_12,heldout_worker,moe_token_history,aligned,w01_s003,1,1,15,1.0
static,next_9_12,heldout_worker,moe_token_history,aligned,w02_s000,2,1,63,0.7142857142857142
static,next_9_12,heldout_worker,moe_token_history,aligned,w02_s001,2,2,61,0.819672131147541
static,next_9_12,heldout_worker,moe_token_history,aligned,w02_s002,2,2,75,0.56
static,next_9_12,heldout_worker,moe_token_history,aligned,w02_s004,2,3,89,0.6292134831460674
static,next_9_12,heldout_worker,physical_action+token_history,aligned,w00_s000,0,1,15,0.8
static,next_9_12,heldout_worker,physical_action+token_history,aligned,w00_s001,0,1,48,0.5416666666666666
static,next_9_12,heldout_worker,physical_action+token_history,aligned,w00_s002,0,1,15,0.2666666666666667
static,next_9_12,heldout_worker,physical_action+token_history,aligned,w00_s003,0,3,85,0.6352941176470588
static,next_9_12,heldout_worker,physical_action+token_history,aligned,w00_s004,0,2,41,0.6341463414634146
static,next_9_12,heldout_worker,physical_action+token_history,aligned,w00_s005,0,1,15,0.5333333333333333
static,next_9_12,heldout_worker,physical_action+token_history,aligned,w01_s001,1,1,15,0.5333333333333333
static,next_9_12,heldout_worker,physical_action+token_history,aligned,w01_s003,1,1,15,0.6
static,next_9_12,heldout_worker,physical_action+token_history,aligned,w02_s000,2,1,63,0.7142857142857142
static,next_9_12,heldout_worker,physical_action+token_history,aligned,w02_s001,2,2,61,0.8852459016393442
static,next_9_12,heldout_worker,physical_action+token_history,aligned,w02_s002,2,2,75,0.4
static,next_9_12,heldout_worker,physical_action+token_history,aligned,w02_s004,2,3,89,0.6966292134831461
static,next_9_12,heldout_worker,physical+token_history,aligned,w00_s000,0,1,15,0.4666666666666667
static,next_9_12,heldout_worker,physical+token_history,aligned,w00_s001,0,1,48,0.3333333333333333
static,next_9_12,heldout_worker,physical+token_history,aligned,w00_s002,0,1,15,0.19999999999999993
static,next_9_12,heldout_worker,physical+token_history,aligned,w00_s003,0,3,85,0.6823529411764706
static,next_9_12,heldout_worker,physical+token_history,aligned,w00_s004,0,2,41,0.4146341463414634
static,next_9_12,heldout_worker,physical+token_history,aligned,w00_s005,0,1,15,0.8
static,next_9_12,heldout_worker,physical+token_history,aligned,w01_s001,1,1,15,0.1333333333333333
static,next_9_12,heldout_worker,physical+token_history,aligned,w01_s003,1,1,15,1.0
static,next_9_12,heldout_worker,physical+token_history,aligned,w02_s000,2,1,63,0.49206349206349204
static,next_9_12,heldout_worker,physical+token_history,aligned,w02_s001,2,2,61,0.7868852459016393
static,next_9_12,heldout_worker,physical+token_history,aligned,w02_s002,2,2,75,0.22666666666666666
static,next_9_12,heldout_worker,physical+token_history,aligned,w02_s004,2,3,89,0.5842696629213483
static,next_9_12,heldout_worker,physical_action+token_history,shift_1,w00_s000,0,1,15,0.8
static,next_9_12,heldout_worker,physical_action+token_history,shift_1,w00_s001,0,1,48,0.4791666666666667
static,next_9_12,heldout_worker,physical_action+token_history,shift_1,w00_s002,0,1,15,0.4
static,next_9_12,heldout_worker,physical_action+token_history,shift_1,w00_s003,0,3,85,0.6352941176470588
static,next_9_12,heldout_worker,physical_action+token_history,shift_1,w00_s004,0,2,41,0.3902439024390244
static,next_9_12,heldout_worker,physical_action+token_history,shift_1,w00_s005,0,1,15,0.6666666666666667
static,next_9_12,heldout_worker,physical_action+token_history,shift_1,w01_s001,1,1,15,0.19999999999999993
static,next_9_12,heldout_worker,physical_action+token_history,shift_1,w01_s003,1,1,15,1.0
static,next_9_12,heldout_worker,physical_action+token_history,shift_1,w02_s000,2,1,63,0.5873015873015872
static,next_9_12,heldout_worker,physical_action+token_history,shift_1,w02_s001,2,2,61,0.8032786885245902
static,next_9_12,heldout_worker,physical_action+token_history,shift_1,w02_s002,2,2,75,0.5733333333333334
static,next_9_12,heldout_worker,physical_action+token_history,shift_1,w02_s004,2,3,89,0.7415730337078652
static,next_9_12,heldout_worker,physical+token_history,shift_1,w00_s000,0,1,15,0.0
static,next_9_12,heldout_worker,physical+token_history,shift_1,w00_s001,0,1,48,0.3541666666666667
static,next_9_12,heldout_worker,physical+token_history,shift_1,w00_s002,0,1,15,0.06666666666666665
static,next_9_12,heldout_worker,physical+token_history,shift_1,w00_s003,0,3,85,0.4823529411764706
static,next_9_12,heldout_worker,physical+token_history,shift_1,w00_s004,0,2,41,0.2682926829268293
static,next_9_12,heldout_worker,physical+token_history,shift_1,w00_s005,0,1,15,0.19999999999999993
static,next_9_12,heldout_worker,physical+token_history,shift_1,w01_s001,1,1,15,0.8666666666666667
static,next_9_12,heldout_worker,physical+token_history,shift_1,w01_s003,1,1,15,0.4
static,next_9_12,heldout_worker,physical+token_history,shift_1,w02_s000,2,1,63,0.5555555555555556
static,next_9_12,heldout_worker,physical+token_history,shift_1,w02_s001,2,2,61,0.5901639344262295
static,next_9_12,heldout_worker,physical+token_history,shift_1,w02_s002,2,2,75,0.12
static,next_9_12,heldout_worker,physical+token_history,shift_1,w02_s004,2,3,89,0.33707865168539325
static,next_9_12,heldout_worker,physical_action+token_history,shift_2,w00_s000,0,1,15,0.5333333333333333
static,next_9_12,heldout_worker,physical_action+token_history,shift_2,w00_s001,0,1,48,0.6875
static,next_9_12,heldout_worker,physical_action+token_history,shift_2,w00_s002,0,1,15,0.6666666666666667
static,next_9_12,heldout_worker,physical_action+token_history,shift_2,w00_s003,0,3,85,0.7411764705882353
static,next_9_12,heldout_worker,physical_action+token_history,shift_2,w00_s004,0,2,41,0.5853658536585366
static,next_9_12,heldout_worker,physical_action+token_history,shift_2,w00_s005,0,1,15,0.4
static,next_9_12,heldout_worker,physical_action+token_history,shift_2,w01_s001,1,1,15,0.4666666666666667
static,next_9_12,heldout_worker,physical_action+token_history,shift_2,w01_s003,1,1,15,0.9333333333333333
static,next_9_12,heldout_worker,physical_action+token_history,shift_2,w02_s000,2,1,63,0.7619047619047619
static,next_9_12,heldout_worker,physical_action+token_history,shift_2,w02_s001,2,2,61,0.7704918032786885
static,next_9_12,heldout_worker,physical_action+token_history,shift_2,w02_s002,2,2,75,0.5066666666666667
static,next_9_12,heldout_worker,physical_action+token_history,shift_2,w02_s004,2,3,89,0.6067415730337079
static,next_9_12,heldout_worker,physical+token_history,shift_2,w00_s000,0,1,15,0.1333333333333333
static,next_9_12,heldout_worker,physical+token_history,shift_2,w00_s001,0,1,48,0.4583333333333333
static,next_9_12,heldout_worker,physical+token_history,shift_2,w00_s002,0,1,15,0.4
static,next_9_12,heldout_worker,physical+token_history,shift_2,w00_s003,0,3,85,0.611764705882353
static,next_9_12,heldout_worker,physical+token_history,shift_2,w00_s004,0,2,41,0.1951219512195122
static,next_9_12,heldout_worker,physical+token_history,shift_2,w00_s005,0,1,15,0.19999999999999993
static,next_9_12,heldout_worker,physical+token_history,shift_2,w01_s001,1,1,15,0.8
static,next_9_12,heldout_worker,physical+token_history,shift_2,w01_s003,1,1,15,0.4
static,next_9_12,heldout_worker,physical+token_history,shift_2,w02_s000,2,1,63,0.6825396825396826
static,next_9_12,heldout_worker,physical+token_history,shift_2,w02_s001,2,2,61,0.5245901639344263
static,next_9_12,heldout_worker,physical+token_history,shift_2,w02_s002,2,2,75,0.3466666666666666
static,next_9_12,heldout_worker,physical+token_history,shift_2,w02_s004,2,3,89,0.48314606741573035
static,next_9_12,heldout_worker,physical_action+token_history,shift_3,w00_s000,0,1,15,0.6
static,next_9_12,heldout_worker,physical_action+token_history,shift_3,w00_s001,0,1,48,0.4791666666666667
static,next_9_12,heldout_worker,physical_action+token_history,shift_3,w00_s002,0,1,15,0.33333333333333337
static,next_9_12,heldout_worker,physical_action+token_history,shift_3,w00_s003,0,3,85,0.6470588235294118
static,next_9_12,heldout_worker,physical_action+token_history,shift_3,w00_s004,0,2,41,0.6341463414634146
static,next_9_12,heldout_worker,physical_action+token_history,shift_3,w00_s005,0,1,15,0.4
static,next_9_12,heldout_worker,physical_action+token_history,shift_3,w01_s001,1,1,15,0.6666666666666667
static,next_9_12,heldout_worker,physical_action+token_history,shift_3,w01_s003,1,1,15,0.6666666666666667
static,next_9_12,heldout_worker,physical_action+token_history,shift_3,w02_s000,2,1,63,0.4761904761904762
static,next_9_12,heldout_worker,physical_action+token_history,shift_3,w02_s001,2,2,61,0.8524590163934426
static,next_9_12,heldout_worker,physical_action+token_history,shift_3,w02_s002,2,2,75,0.6933333333333334
static,next_9_12,heldout_worker,physical_action+token_history,shift_3,w02_s004,2,3,89,0.6179775280898876
static,next_9_12,heldout_worker,physical+token_history,shift_3,w00_s000,0,1,15,0.33333333333333337
static,next_9_12,heldout_worker,physical+token_history,shift_3,w00_s001,0,1,48,0.27083333333333337
static,next_9_12,heldout_worker,physical+token_history,shift_3,w00_s002,0,1,15,0.5333333333333333
static,next_9_12,heldout_worker,physical+token_history,shift_3,w00_s003,0,3,85,0.5882352941176471
static,next_9_12,heldout_worker,physical+token_history,shift_3,w00_s004,0,2,41,0.17073170731707318
static,next_9_12,heldout_worker,physical+token_history,shift_3,w00_s005,0,1,15,0.33333333333333337
static,next_9_12,heldout_worker,physical+token_history,shift_3,w01_s001,1,1,15,1.0
static,next_9_12,heldout_worker,physical+token_history,shift_3,w01_s003,1,1,15,0.4
static,next_9_12,heldout_worker,physical+token_history,shift_3,w02_s000,2,1,63,0.28571428571428575
static,next_9_12,heldout_worker,physical+token_history,shift_3,w02_s001,2,2,61,0.6557377049180327
static,next_9_12,heldout_worker,physical+token_history,shift_3,w02_s002,2,2,75,0.3466666666666667
static,next_9_12,heldout_worker,physical+token_history,shift_3,w02_s004,2,3,89,0.6292134831460674
loop,next_1_4,heldout_snapshot,physical+aggregate_current,shift_mean,w00_s000,0,1,55,1.0
loop,next_1_4,heldout_snapshot,physical+aggregate_current,shift_mean,w00_s001,0,3,62,0.9838709677419355
loop,next_1_4,heldout_snapshot,physical+aggregate_current,shift_mean,w00_s002,0,2,80,0.9416666666666667
loop,next_1_4,heldout_snapshot,physical+aggregate_current,shift_mean,w00_s003,0,2,71,0.9248826291079811
loop,next_1_4,heldout_snapshot,physical+aggregate_current,shift_mean,w00_s004,0,1,63,0.9365079365079364
loop,next_1_4,heldout_snapshot,physical+aggregate_current,shift_mean,w00_s005,0,2,59,0.8135593220338984
loop,next_1_4,heldout_snapshot,physical+aggregate_current,shift_mean,w01_s000,1,3,69,0.7004830917874395
loop,next_1_4,heldout_snapshot,physical+aggregate_current,shift_mean,w01_s001,1,3,62,0.8225806451612905
loop,next_1_4,heldout_snapshot,physical+aggregate_current,shift_mean,w01_s002,1,2,61,0.9234972677595628
loop,next_1_4,heldout_snapshot,physical+aggregate_current,shift_mean,w01_s003,1,3,62,0.8602150537634409
loop,next_1_4,heldout_snapshot,physical+aggregate_current,shift_mean,w01_s004,1,3,77,0.7705627705627706
loop,next_1_4,heldout_snapshot,physical+aggregate_current,shift_mean,w02_s000,2,3,71,0.6948356807511737
loop,next_1_4,heldout_snapshot,physical+aggregate_current,shift_mean,w02_s001,2,2,59,0.9322033898305084
loop,next_1_4,heldout_snapshot,physical+aggregate_current,shift_mean,w02_s002,2,3,69,0.7681159420289854
loop,next_1_4,heldout_snapshot,physical+aggregate_current,shift_mean,w02_s003,2,3,86,0.8759689922480621
loop,next_1_4,heldout_snapshot,physical+aggregate_current,shift_mean,w02_s004,2,3,62,0.6559139784946236
loop,next_1_4,heldout_snapshot,physical+aggregate_current,shift_mean,w03_s005,3,1,15,0.888888888888889
loop,next_1_4,heldout_snapshot,physical+token_current,shift_mean,w00_s000,0,1,55,1.0
loop,next_1_4,heldout_snapshot,physical+token_current,shift_mean,w00_s001,0,3,62,0.9784946236559138
loop,next_1_4,heldout_snapshot,physical+token_current,shift_mean,w00_s002,0,2,80,0.9416666666666667
loop,next_1_4,heldout_snapshot,physical+token_current,shift_mean,w00_s003,0,2,71,0.9107981220657275
loop,next_1_4,heldout_snapshot,physical+token_current,shift_mean,w00_s004,0,1,63,0.9470899470899471
loop,next_1_4,heldout_snapshot,physical+token_current,shift_mean,w00_s005,0,2,59,0.824858757062147
loop,next_1_4,heldout_snapshot,physical+token_current,shift_mean,w01_s000,1,3,69,0.7874396135265699
loop,next_1_4,heldout_snapshot,physical+token_current,shift_mean,w01_s001,1,3,62,0.8333333333333334
loop,next_1_4,heldout_snapshot,physical+token_current,shift_mean,w01_s002,1,2,61,0.9289617486338798
loop,next_1_4,heldout_snapshot,physical+token_current,shift_mean,w01_s003,1,3,62,0.8763440860215055
loop,next_1_4,heldout_snapshot,physical+token_current,shift_mean,w01_s004,1,3,77,0.7229437229437229
loop,next_1_4,heldout_snapshot,physical+token_current,shift_mean,w02_s000,2,3,71,0.7511737089201879
loop,next_1_4,heldout_snapshot,physical+token_current,shift_mean,w02_s001,2,2,59,0.9322033898305084
loop,next_1_4,heldout_snapshot,physical+token_current,shift_mean,w02_s002,2,3,69,0.753623188405797
loop,next_1_4,heldout_snapshot,physical+token_current,shift_mean,w02_s003,2,3,86,0.8372093023255814
loop,next_1_4,heldout_snapshot,physical+token_current,shift_mean,w02_s004,2,3,62,0.6451612903225806
loop,next_1_4,heldout_snapshot,physical+token_current,shift_mean,w03_s005,3,1,15,0.888888888888889
loop,next_1_4,heldout_snapshot,physical+token_history,shift_mean,w00_s000,0,1,55,1.0
loop,next_1_4,heldout_snapshot,physical+token_history,shift_mean,w00_s001,0,3,62,0.9086021505376345
loop,next_1_4,heldout_snapshot,physical+token_history,shift_mean,w00_s002,0,2,80,0.8541666666666666
loop,next_1_4,heldout_snapshot,physical+token_history,shift_mean,w00_s003,0,2,71,0.8262910798122065
loop,next_1_4,heldout_snapshot,physical+token_history,shift_mean,w00_s004,0,1,63,0.8888888888888888
loop,next_1_4,heldout_snapshot,physical+token_history,shift_mean,w00_s005,0,2,59,0.8192090395480226
loop,next_1_4,heldout_snapshot,physical+token_history,shift_mean,w01_s000,1,3,69,0.6618357487922705
loop,next_1_4,heldout_snapshot,physical+token_history,shift_mean,w01_s001,1,3,62,0.6774193548387096
loop,next_1_4,heldout_snapshot,physical+token_history,shift_mean,w01_s002,1,2,61,0.715846994535519
loop,next_1_4,heldout_snapshot,physical+token_history,shift_mean,w01_s003,1,3,62,0.8064516129032258
loop,next_1_4,heldout_snapshot,physical+token_history,shift_mean,w01_s004,1,3,77,0.6103896103896103
loop,next_1_4,heldout_snapshot,physical+token_history,shift_mean,w02_s000,2,3,71,0.6572769953051643
loop,next_1_4,heldout_snapshot,physical+token_history,shift_mean,w02_s001,2,2,59,0.8813559322033898
loop,next_1_4,heldout_snapshot,physical+token_history,shift_mean,w02_s002,2,3,69,0.7439613526570048
loop,next_1_4,heldout_snapshot,physical+token_history,shift_mean,w02_s003,2,3,86,0.7480620155038761
loop,next_1_4,heldout_snapshot,physical+token_history,shift_mean,w02_s004,2,3,62,0.6451612903225806
loop,next_1_4,heldout_snapshot,physical+token_history,shift_mean,w03_s005,3,1,15,0.9111111111111111
loop,next_1_4,heldout_snapshot,physical_action+aggregate_current,shift_mean,w00_s000,0,1,55,1.0
loop,next_1_4,heldout_snapshot,physical_action+aggregate_current,shift_mean,w00_s001,0,3,62,1.0
loop,next_1_4,heldout_snapshot,physical_action+aggregate_current,shift_mean,w00_s002,0,2,80,0.9041666666666666
loop,next_1_4,heldout_snapshot,physical_action+aggregate_current,shift_mean,w00_s003,0,2,71,0.9389671361502346
loop,next_1_4,heldout_snapshot,physical_action+aggregate_current,shift_mean,w00_s004,0,1,63,1.0
loop,next_1_4,heldout_snapshot,physical_action+aggregate_current,shift_mean,w00_s005,0,2,59,0.943502824858757
loop,next_1_4,heldout_snapshot,physical_action+aggregate_current,shift_mean,w01_s000,1,3,69,0.8260869565217391
loop,next_1_4,heldout_snapshot,physical_action+aggregate_current,shift_mean,w01_s001,1,3,62,0.9731182795698925
loop,next_1_4,heldout_snapshot,physical_action+aggregate_current,shift_mean,w01_s002,1,2,61,0.9672131147540984
loop,next_1_4,heldout_snapshot,physical_action+aggregate_current,shift_mean,w01_s003,1,3,62,0.9408602150537635
loop,next_1_4,heldout_snapshot,physical_action+aggregate_current,shift_mean,w01_s004,1,3,77,0.8831168831168831
loop,next_1_4,heldout_snapshot,physical_action+aggregate_current,shift_mean,w02_s000,2,3,71,0.5915492957746479
loop,next_1_4,heldout_snapshot,physical_action+aggregate_current,shift_mean,w02_s001,2,2,59,0.9491525423728814
loop,next_1_4,heldout_snapshot,physical_action+aggregate_current,shift_mean,w02_s002,2,3,69,0.7777777777777778
loop,next_1_4,heldout_snapshot,physical_action+aggregate_current,shift_mean,w02_s003,2,3,86,0.8565891472868218
loop,next_1_4,heldout_snapshot,physical_action+aggregate_current,shift_mean,w02_s004,2,3,62,0.8387096774193548
loop,next_1_4,heldout_snapshot,physical_action+aggregate_current,shift_mean,w03_s005,3,1,15,0.5777777777777778
loop,next_1_4,heldout_snapshot,physical_action+token_current,shift_mean,w00_s000,0,1,55,1.0
loop,next_1_4,heldout_snapshot,physical_action+token_current,shift_mean,w00_s001,0,3,62,1.0
loop,next_1_4,heldout_snapshot,physical_action+token_current,shift_mean,w00_s002,0,2,80,0.9416666666666667
loop,next_1_4,heldout_snapshot,physical_action+token_current,shift_mean,w00_s003,0,2,71,0.9671361502347416
loop,next_1_4,heldout_snapshot,physical_action+token_current,shift_mean,w00_s004,0,1,63,1.0
loop,next_1_4,heldout_snapshot,physical_action+token_current,shift_mean,w00_s005,0,2,59,0.9830508474576272
loop,next_1_4,heldout_snapshot,physical_action+token_current,shift_mean,w01_s000,1,3,69,0.9468599033816425
loop,next_1_4,heldout_snapshot,physical_action+token_current,shift_mean,w01_s001,1,3,62,0.9784946236559141
loop,next_1_4,heldout_snapshot,physical_action+token_current,shift_mean,w01_s002,1,2,61,0.9726775956284154
loop,next_1_4,heldout_snapshot,physical_action+token_current,shift_mean,w01_s003,1,3,62,0.8817204301075269
loop,next_1_4,heldout_snapshot,physical_action+token_current,shift_mean,w01_s004,1,3,77,0.9090909090909091
loop,next_1_4,heldout_snapshot,physical_action+token_current,shift_mean,w02_s000,2,3,71,0.6009389671361502
loop,next_1_4,heldout_snapshot,physical_action+token_current,shift_mean,w02_s001,2,2,59,0.943502824858757
loop,next_1_4,heldout_snapshot,physical_action+token_current,shift_mean,w02_s002,2,3,69,0.8260869565217391
loop,next_1_4,heldout_snapshot,physical_action+token_current,shift_mean,w02_s003,2,3,86,0.9069767441860465
loop,next_1_4,heldout_snapshot,physical_action+token_current,shift_mean,w02_s004,2,3,62,0.8924731182795698
loop,next_1_4,heldout_snapshot,physical_action+token_current,shift_mean,w03_s005,3,1,15,0.5555555555555556
loop,next_1_4,heldout_snapshot,physical_action+token_history,shift_mean,w00_s000,0,1,55,1.0
loop,next_1_4,heldout_snapshot,physical_action+token_history,shift_mean,w00_s001,0,3,62,0.9946236559139786
loop,next_1_4,heldout_snapshot,physical_action+token_history,shift_mean,w00_s002,0,2,80,0.925
loop,next_1_4,heldout_snapshot,physical_action+token_history,shift_mean,w00_s003,0,2,71,0.9483568075117372
loop,next_1_4,heldout_snapshot,physical_action+token_history,shift_mean,w00_s004,0,1,63,1.0
loop,next_1_4,heldout_snapshot,physical_action+token_history,shift_mean,w00_s005,0,2,59,0.9887005649717514
loop,next_1_4,heldout_snapshot,physical_action+token_history,shift_mean,w01_s000,1,3,69,0.8743961352657004
loop,next_1_4,heldout_snapshot,physical_action+token_history,shift_mean,w01_s001,1,3,62,0.9623655913978495
loop,next_1_4,heldout_snapshot,physical_action+token_history,shift_mean,w01_s002,1,2,61,0.9672131147540984
loop,next_1_4,heldout_snapshot,physical_action+token_history,shift_mean,w01_s003,1,3,62,0.8817204301075269
loop,next_1_4,heldout_snapshot,physical_action+token_history,shift_mean,w01_s004,1,3,77,0.800865800865801
loop,next_1_4,heldout_snapshot,physical_action+token_history,shift_mean,w02_s000,2,3,71,0.5305164319248827
loop,next_1_4,heldout_snapshot,physical_action+token_history,shift_mean,w02_s001,2,2,59,0.9378531073446327
loop,next_1_4,heldout_snapshot,physical_action+token_history,shift_mean,w02_s002,2,3,69,0.7922705314009661
loop,next_1_4,heldout_snapshot,physical_action+token_history,shift_mean,w02_s003,2,3,86,0.751937984496124
loop,next_1_4,heldout_snapshot,physical_action+token_history,shift_mean,w02_s004,2,3,62,0.7903225806451613
loop,next_1_4,heldout_snapshot,physical_action+token_history,shift_mean,w03_s005,3,1,15,0.6222222222222222
loop,next_1_4,heldout_worker,physical+aggregate_current,shift_mean,w00_s000,0,1,55,1.0
loop,next_1_4,heldout_worker,physical+aggregate_current,shift_mean,w00_s001,0,3,62,0.9677419354838711
loop,next_1_4,heldout_worker,physical+aggregate_current,shift_mean,w00_s002,0,2,80,0.9208333333333332
loop,next_1_4,heldout_worker,physical+aggregate_current,shift_mean,w00_s003,0,2,71,0.892018779342723
loop,next_1_4,heldout_worker,physical+aggregate_current,shift_mean,w00_s004,0,1,63,0.8994708994708995
loop,next_1_4,heldout_worker,physical+aggregate_current,shift_mean,w00_s005,0,2,59,0.7909604519774011
loop,next_1_4,heldout_worker,physical+aggregate_current,shift_mean,w01_s000,1,3,69,0.6521739130434783
loop,next_1_4,heldout_worker,physical+aggregate_current,shift_mean,w01_s001,1,3,62,0.6612903225806451
loop,next_1_4,heldout_worker,physical+aggregate_current,shift_mean,w01_s002,1,2,61,0.8907103825136613
loop,next_1_4,heldout_worker,physical+aggregate_current,shift_mean,w01_s003,1,3,62,0.8172043010752688
loop,next_1_4,heldout_worker,physical+aggregate_current,shift_mean,w01_s004,1,3,77,0.735930735930736
loop,next_1_4,heldout_worker,physical+aggregate_current,shift_mean,w02_s000,2,3,71,0.6901408450704225
loop,next_1_4,heldout_worker,physical+aggregate_current,shift_mean,w02_s001,2,2,59,0.9661016949152542
loop,next_1_4,heldout_worker,physical+aggregate_current,shift_mean,w02_s002,2,3,69,0.8212560386473431
loop,next_1_4,heldout_worker,physical+aggregate_current,shift_mean,w02_s003,2,3,86,0.9147286821705425
loop,next_1_4,heldout_worker,physical+aggregate_current,shift_mean,w02_s004,2,3,62,0.6720430107526881
loop,next_1_4,heldout_worker,physical+aggregate_current,shift_mean,w03_s005,3,1,15,0.888888888888889
loop,next_1_4,heldout_worker,physical+token_current,shift_mean,w00_s000,0,1,55,1.0
loop,next_1_4,heldout_worker,physical+token_current,shift_mean,w00_s001,0,3,62,0.9677419354838711
loop,next_1_4,heldout_worker,physical+token_current,shift_mean,w00_s002,0,2,80,0.9041666666666666
loop,next_1_4,heldout_worker,physical+token_current,shift_mean,w00_s003,0,2,71,0.8685446009389671
loop,next_1_4,heldout_worker,physical+token_current,shift_mean,w00_s004,0,1,63,0.9100529100529101
loop,next_1_4,heldout_worker,physical+token_current,shift_mean,w00_s005,0,2,59,0.7909604519774012
loop,next_1_4,heldout_worker,physical+token_current,shift_mean,w01_s000,1,3,69,0.6859903381642511
loop,next_1_4,heldout_worker,physical+token_current,shift_mean,w01_s001,1,3,62,0.7043010752688172
loop,next_1_4,heldout_worker,physical+token_current,shift_mean,w01_s002,1,2,61,0.912568306010929
loop,next_1_4,heldout_worker,physical+token_current,shift_mean,w01_s003,1,3,62,0.8172043010752688
loop,next_1_4,heldout_worker,physical+token_current,shift_mean,w01_s004,1,3,77,0.7142857142857144
loop,next_1_4,heldout_worker,physical+token_current,shift_mean,w02_s000,2,3,71,0.7230046948356806
loop,next_1_4,heldout_worker,physical+token_current,shift_mean,w02_s001,2,2,59,0.9378531073446327
loop,next_1_4,heldout_worker,physical+token_current,shift_mean,w02_s002,2,3,69,0.8309178743961353
loop,next_1_4,heldout_worker,physical+token_current,shift_mean,w02_s003,2,3,86,0.8410852713178294
loop,next_1_4,heldout_worker,physical+token_current,shift_mean,w02_s004,2,3,62,0.6290322580645162
loop,next_1_4,heldout_worker,physical+token_current,shift_mean,w03_s005,3,1,15,0.888888888888889
loop,next_1_4,heldout_worker,physical+token_history,shift_mean,w00_s000,0,1,55,1.0
loop,next_1_4,heldout_worker,physical+token_history,shift_mean,w00_s001,0,3,62,0.9139784946236558
loop,next_1_4,heldout_worker,physical+token_history,shift_mean,w00_s002,0,2,80,0.8166666666666667
loop,next_1_4,heldout_worker,physical+token_history,shift_mean,w00_s003,0,2,71,0.7934272300469484
loop,next_1_4,heldout_worker,physical+token_history,shift_mean,w00_s004,0,1,63,0.8465608465608465
loop,next_1_4,heldout_worker,physical+token_history,shift_mean,w00_s005,0,2,59,0.7909604519774012
loop,next_1_4,heldout_worker,physical+token_history,shift_mean,w01_s000,1,3,69,0.6231884057971014
loop,next_1_4,heldout_worker,physical+token_history,shift_mean,w01_s001,1,3,62,0.6774193548387096
loop,next_1_4,heldout_worker,physical+token_history,shift_mean,w01_s002,1,2,61,0.8306010928961749
loop,next_1_4,heldout_worker,physical+token_history,shift_mean,w01_s003,1,3,62,0.8225806451612904
loop,next_1_4,heldout_worker,physical+token_history,shift_mean,w01_s004,1,3,77,0.6277056277056279
loop,next_1_4,heldout_worker,physical+token_history,shift_mean,w02_s000,2,3,71,0.6197183098591549
loop,next_1_4,heldout_worker,physical+token_history,shift_mean,w02_s001,2,2,59,0.9039548022598869
loop,next_1_4,heldout_worker,physical+token_history,shift_mean,w02_s002,2,3,69,0.8019323671497585
loop,next_1_4,heldout_worker,physical+token_history,shift_mean,w02_s003,2,3,86,0.7596899224806203
loop,next_1_4,heldout_worker,physical+token_history,shift_mean,w02_s004,2,3,62,0.6451612903225806
loop,next_1_4,heldout_worker,physical+token_history,shift_mean,w03_s005,3,1,15,0.888888888888889
loop,next_1_4,heldout_worker,physical_action+aggregate_current,shift_mean,w00_s000,0,1,55,0.9515151515151515
loop,next_1_4,heldout_worker,physical_action+aggregate_current,shift_mean,w00_s001,0,3,62,0.989247311827957
loop,next_1_4,heldout_worker,physical_action+aggregate_current,shift_mean,w00_s002,0,2,80,0.8791666666666667
loop,next_1_4,heldout_worker,physical_action+aggregate_current,shift_mean,w00_s003,0,2,71,0.7793427230046949
loop,next_1_4,heldout_worker,physical_action+aggregate_current,shift_mean,w00_s004,0,1,63,0.8518518518518517
loop,next_1_4,heldout_worker,physical_action+aggregate_current,shift_mean,w00_s005,0,2,59,0.8531073446327684
loop,next_1_4,heldout_worker,physical_action+aggregate_current,shift_mean,w01_s000,1,3,69,0.8550724637681159
loop,next_1_4,heldout_worker,physical_action+aggregate_current,shift_mean,w01_s001,1,3,62,0.860215053763441
loop,next_1_4,heldout_worker,physical_action+aggregate_current,shift_mean,w01_s002,1,2,61,0.9016393442622952
loop,next_1_4,heldout_worker,physical_action+aggregate_current,shift_mean,w01_s003,1,3,62,0.8978494623655914
loop,next_1_4,heldout_worker,physical_action+aggregate_current,shift_mean,w01_s004,1,3,77,0.7965367965367964
loop,next_1_4,heldout_worker,physical_action+aggregate_current,shift_mean,w02_s000,2,3,71,0.6431924882629108
loop,next_1_4,heldout_worker,physical_action+aggregate_current,shift_mean,w02_s001,2,2,59,0.8870056497175142
loop,next_1_4,heldout_worker,physical_action+aggregate_current,shift_mean,w02_s002,2,3,69,0.855072463768116
loop,next_1_4,heldout_worker,physical_action+aggregate_current,shift_mean,w02_s003,2,3,86,0.8449612403100774
loop,next_1_4,heldout_worker,physical_action+aggregate_current,shift_mean,w02_s004,2,3,62,0.7150537634408602
loop,next_1_4,heldout_worker,physical_action+aggregate_current,shift_mean,w03_s005,3,1,15,0.4000000000000001
loop,next_1_4,heldout_worker,physical_action+token_current,shift_mean,w00_s000,0,1,55,1.0
loop,next_1_4,heldout_worker,physical_action+token_current,shift_mean,w00_s001,0,3,62,1.0
loop,next_1_4,heldout_worker,physical_action+token_current,shift_mean,w00_s002,0,2,80,0.9375
loop,next_1_4,heldout_worker,physical_action+token_current,shift_mean,w00_s003,0,2,71,0.9577464788732394
loop,next_1_4,heldout_worker,physical_action+token_current,shift_mean,w00_s004,0,1,63,1.0
loop,next_1_4,heldout_worker,physical_action+token_current,shift_mean,w00_s005,0,2,59,0.9830508474576272
loop,next_1_4,heldout_worker,physical_action+token_current,shift_mean,w01_s000,1,3,69,0.9420289855072463
loop,next_1_4,heldout_worker,physical_action+token_current,shift_mean,w01_s001,1,3,62,0.8978494623655915
loop,next_1_4,heldout_worker,physical_action+token_current,shift_mean,w01_s002,1,2,61,0.9289617486338798
loop,next_1_4,heldout_worker,physical_action+token_current,shift_mean,w01_s003,1,3,62,0.8387096774193549
loop,next_1_4,heldout_worker,physical_action+token_current,shift_mean,w01_s004,1,3,77,0.787878787878788
loop,next_1_4,heldout_worker,physical_action+token_current,shift_mean,w02_s000,2,3,71,0.6666666666666667
loop,next_1_4,heldout_worker,physical_action+token_current,shift_mean,w02_s001,2,2,59,0.8813559322033898
loop,next_1_4,heldout_worker,physical_action+token_current,shift_mean,w02_s002,2,3,69,0.8357487922705314
loop,next_1_4,heldout_worker,physical_action+token_current,shift_mean,w02_s003,2,3,86,0.8992248062015505
loop,next_1_4,heldout_worker,physical_action+token_current,shift_mean,w02_s004,2,3,62,0.8333333333333334
loop,next_1_4,heldout_worker,physical_action+token_current,shift_mean,w03_s005,3,1,15,0.5111111111111111
loop,next_1_4,heldout_worker,physical_action+token_history,shift_mean,w00_s000,0,1,55,0.993939393939394
loop,next_1_4,heldout_worker,physical_action+token_history,shift_mean,w00_s001,0,3,62,0.9784946236559141
loop,next_1_4,heldout_worker,physical_action+token_history,shift_mean,w00_s002,0,2,80,0.8791666666666667
loop,next_1_4,heldout_worker,physical_action+token_history,shift_mean,w00_s003,0,2,71,0.9483568075117372
loop,next_1_4,heldout_worker,physical_action+token_history,shift_mean,w00_s004,0,1,63,1.0
loop,next_1_4,heldout_worker,physical_action+token_history,shift_mean,w00_s005,0,2,59,0.8531073446327683
loop,next_1_4,heldout_worker,physical_action+token_history,shift_mean,w01_s000,1,3,69,0.7294685990338163
loop,next_1_4,heldout_worker,physical_action+token_history,shift_mean,w01_s001,1,3,62,0.7903225806451613
loop,next_1_4,heldout_worker,physical_action+token_history,shift_mean,w01_s002,1,2,61,0.9071038251366121
loop,next_1_4,heldout_worker,physical_action+token_history,shift_mean,w01_s003,1,3,62,0.7795698924731183
loop,next_1_4,heldout_worker,physical_action+token_history,shift_mean,w01_s004,1,3,77,0.6969696969696969
loop,next_1_4,heldout_worker,physical_action+token_history,shift_mean,w02_s000,2,3,71,0.5868544600938967
loop,next_1_4,heldout_worker,physical_action+token_history,shift_mean,w02_s001,2,2,59,0.9096045197740114
loop,next_1_4,heldout_worker,physical_action+token_history,shift_mean,w02_s002,2,3,69,0.7536231884057971
loop,next_1_4,heldout_worker,physical_action+token_history,shift_mean,w02_s003,2,3,86,0.7984496124031006
loop,next_1_4,heldout_worker,physical_action+token_history,shift_mean,w02_s004,2,3,62,0.7580645161290324
loop,next_1_4,heldout_worker,physical_action+token_history,shift_mean,w03_s005,3,1,15,0.5555555555555556
loop,next_5_8,heldout_snapshot,physical+aggregate_current,shift_mean,w00_s000,0,1,55,0.9515151515151515
loop,next_5_8,heldout_snapshot,physical+aggregate_current,shift_mean,w00_s001,0,3,62,0.9354838709677419
loop,next_5_8,heldout_snapshot,physical+aggregate_current,shift_mean,w00_s002,0,2,80,0.8916666666666668
loop,next_5_8,heldout_snapshot,physical+aggregate_current,shift_mean,w00_s003,0,2,71,0.8873239436619719
loop,next_5_8,heldout_snapshot,physical+aggregate_current,shift_mean,w00_s004,0,1,63,0.8835978835978836
loop,next_5_8,heldout_snapshot,physical+aggregate_current,shift_mean,w00_s005,0,3,69,0.7874396135265701
loop,next_5_8,heldout_snapshot,physical+aggregate_current,shift_mean,w01_s000,1,3,69,0.7777777777777777
loop,next_5_8,heldout_snapshot,physical+aggregate_current,shift_mean,w01_s001,1,3,62,0.8709677419354839
loop,next_5_8,heldout_snapshot,physical+aggregate_current,shift_mean,w01_s002,1,2,61,0.9726775956284154
loop,next_5_8,heldout_snapshot,physical+aggregate_current,shift_mean,w01_s003,1,2,47,0.8794326241134751
loop,next_5_8,heldout_snapshot,physical+aggregate_current,shift_mean,w01_s004,1,2,62,0.881720430107527
loop,next_5_8,heldout_snapshot,physical+aggregate_current,shift_mean,w02_s000,2,3,71,0.6713615023474178
loop,next_5_8,heldout_snapshot,physical+aggregate_current,shift_mean,w02_s001,2,3,77,0.7705627705627704
loop,next_5_8,heldout_snapshot,physical+aggregate_current,shift_mean,w02_s002,2,3,63,0.8095238095238095
loop,next_5_8,heldout_snapshot,physical+aggregate_current,shift_mean,w02_s003,2,3,86,0.7131782945736433
loop,next_5_8,heldout_snapshot,physical+aggregate_current,shift_mean,w02_s004,2,3,62,0.6236559139784946
loop,next_5_8,heldout_snapshot,physical+aggregate_current,shift_mean,w03_s004,3,1,15,0.6222222222222222
loop,next_5_8,heldout_snapshot,physical+aggregate_current,shift_mean,w03_s005,3,1,15,0.8444444444444444
loop,next_5_8,heldout_snapshot,physical+token_current,shift_mean,w00_s000,0,1,55,0.890909090909091
loop,next_5_8,heldout_snapshot,physical+token_current,shift_mean,w00_s001,0,3,62,0.8548387096774194
loop,next_5_8,heldout_snapshot,physical+token_current,shift_mean,w00_s002,0,2,80,0.8333333333333334
loop,next_5_8,heldout_snapshot,physical+token_current,shift_mean,w00_s003,0,2,71,0.9483568075117372
loop,next_5_8,heldout_snapshot,physical+token_current,shift_mean,w00_s004,0,1,63,0.7566137566137566
loop,next_5_8,heldout_snapshot,physical+token_current,shift_mean,w00_s005,0,3,69,0.7391304347826086
loop,next_5_8,heldout_snapshot,physical+token_current,shift_mean,w01_s000,1,3,69,0.7536231884057971
loop,next_5_8,heldout_snapshot,physical+token_current,shift_mean,w01_s001,1,3,62,0.7849462365591398
loop,next_5_8,heldout_snapshot,physical+token_current,shift_mean,w01_s002,1,2,61,0.9125683060109291
loop,next_5_8,heldout_snapshot,physical+token_current,shift_mean,w01_s003,1,2,47,0.8865248226950354
loop,next_5_8,heldout_snapshot,physical+token_current,shift_mean,w01_s004,1,2,62,0.7956989247311828
loop,next_5_8,heldout_snapshot,physical+token_current,shift_mean,w02_s000,2,3,71,0.596244131455399
loop,next_5_8,heldout_snapshot,physical+token_current,shift_mean,w02_s001,2,3,77,0.7922077922077922
loop,next_5_8,heldout_snapshot,physical+token_current,shift_mean,w02_s002,2,3,63,0.8518518518518519
loop,next_5_8,heldout_snapshot,physical+token_current,shift_mean,w02_s003,2,3,86,0.686046511627907
loop,next_5_8,heldout_snapshot,physical+token_current,shift_mean,w02_s004,2,3,62,0.5376344086021505
loop,next_5_8,heldout_snapshot,physical+token_current,shift_mean,w03_s004,3,1,15,0.6666666666666666
loop,next_5_8,heldout_snapshot,physical+token_current,shift_mean,w03_s005,3,1,15,0.7999999999999999
loop,next_5_8,heldout_snapshot,physical+token_history,shift_mean,w00_s000,0,1,55,0.8424242424242425
loop,next_5_8,heldout_snapshot,physical+token_history,shift_mean,w00_s001,0,3,62,0.7365591397849465
loop,next_5_8,heldout_snapshot,physical+token_history,shift_mean,w00_s002,0,2,80,0.7583333333333334
loop,next_5_8,heldout_snapshot,physical+token_history,shift_mean,w00_s003,0,2,71,0.8967136150234741
loop,next_5_8,heldout_snapshot,physical+token_history,shift_mean,w00_s004,0,1,63,0.6243386243386243
loop,next_5_8,heldout_snapshot,physical+token_history,shift_mean,w00_s005,0,3,69,0.7391304347826086
loop,next_5_8,heldout_snapshot,physical+token_history,shift_mean,w01_s000,1,3,69,0.6714975845410628
loop,next_5_8,heldout_snapshot,physical+token_history,shift_mean,w01_s001,1,3,62,0.7311827956989247
loop,next_5_8,heldout_snapshot,physical+token_history,shift_mean,w01_s002,1,2,61,0.9125683060109291
loop,next_5_8,heldout_snapshot,physical+token_history,shift_mean,w01_s003,1,2,47,0.8085106382978723
loop,next_5_8,heldout_snapshot,physical+token_history,shift_mean,w01_s004,1,2,62,0.6612903225806451
loop,next_5_8,heldout_snapshot,physical+token_history,shift_mean,w02_s000,2,3,71,0.6150234741784038
loop,next_5_8,heldout_snapshot,physical+token_history,shift_mean,w02_s001,2,3,77,0.7662337662337663
loop,next_5_8,heldout_snapshot,physical+token_history,shift_mean,w02_s002,2,3,63,0.7142857142857143
loop,next_5_8,heldout_snapshot,physical+token_history,shift_mean,w02_s003,2,3,86,0.6434108527131782
loop,next_5_8,heldout_snapshot,physical+token_history,shift_mean,w02_s004,2,3,62,0.5752688172043011
loop,next_5_8,heldout_snapshot,physical+token_history,shift_mean,w03_s004,3,1,15,0.6666666666666666
loop,next_5_8,heldout_snapshot,physical+token_history,shift_mean,w03_s005,3,1,15,0.7777777777777778
loop,next_5_8,heldout_snapshot,physical_action+aggregate_current,shift_mean,w00_s000,0,1,55,1.0
loop,next_5_8,heldout_snapshot,physical_action+aggregate_current,shift_mean,w00_s001,0,3,62,1.0
loop,next_5_8,heldout_snapshot,physical_action+aggregate_current,shift_mean,w00_s002,0,2,80,0.8791666666666667
loop,next_5_8,heldout_snapshot,physical_action+aggregate_current,shift_mean,w00_s003,0,2,71,0.9154929577464789
loop,next_5_8,heldout_snapshot,physical_action+aggregate_current,shift_mean,w00_s004,0,1,63,0.8941798941798943
loop,next_5_8,heldout_snapshot,physical_action+aggregate_current,shift_mean,w00_s005,0,3,69,0.9323671497584543
loop,next_5_8,heldout_snapshot,physical_action+aggregate_current,shift_mean,w01_s000,1,3,69,0.8454106280193237
loop,next_5_8,heldout_snapshot,physical_action+aggregate_current,shift_mean,w01_s001,1,3,62,0.9462365591397849
loop,next_5_8,heldout_snapshot,physical_action+aggregate_current,shift_mean,w01_s002,1,2,61,0.9890710382513661
loop,next_5_8,heldout_snapshot,physical_action+aggregate_current,shift_mean,w01_s003,1,2,47,0.9787234042553191
loop,next_5_8,heldout_snapshot,physical_action+aggregate_current,shift_mean,w01_s004,1,2,62,0.9408602150537636
loop,next_5_8,heldout_snapshot,physical_action+aggregate_current,shift_mean,w02_s000,2,3,71,0.7652582159624414
loop,next_5_8,heldout_snapshot,physical_action+aggregate_current,shift_mean,w02_s001,2,3,77,0.7445887445887446
loop,next_5_8,heldout_snapshot,physical_action+aggregate_current,shift_mean,w02_s002,2,3,63,0.8783068783068783
loop,next_5_8,heldout_snapshot,physical_action+aggregate_current,shift_mean,w02_s003,2,3,86,0.8372093023255814
loop,next_5_8,heldout_snapshot,physical_action+aggregate_current,shift_mean,w02_s004,2,3,62,0.8118279569892474
loop,next_5_8,heldout_snapshot,physical_action+aggregate_current,shift_mean,w03_s004,3,1,15,0.7777777777777778
loop,next_5_8,heldout_snapshot,physical_action+aggregate_current,shift_mean,w03_s005,3,1,15,0.9111111111111111
loop,next_5_8,heldout_snapshot,physical_action+token_current,shift_mean,w00_s000,0,1,55,1.0
loop,next_5_8,heldout_snapshot,physical_action+token_current,shift_mean,w00_s001,0,3,62,0.989247311827957
loop,next_5_8,heldout_snapshot,physical_action+token_current,shift_mean,w00_s002,0,2,80,0.875
loop,next_5_8,heldout_snapshot,physical_action+token_current,shift_mean,w00_s003,0,2,71,0.9107981220657275
loop,next_5_8,heldout_snapshot,physical_action+token_current,shift_mean,w00_s004,0,1,63,0.888888888888889
loop,next_5_8,heldout_snapshot,physical_action+token_current,shift_mean,w00_s005,0,3,69,0.9371980676328501
loop,next_5_8,heldout_snapshot,physical_action+token_current,shift_mean,w01_s000,1,3,69,0.8212560386473431
loop,next_5_8,heldout_snapshot,physical_action+token_current,shift_mean,w01_s001,1,3,62,0.8978494623655915
loop,next_5_8,heldout_snapshot,physical_action+token_current,shift_mean,w01_s002,1,2,61,0.9453551912568307
loop,next_5_8,heldout_snapshot,physical_action+token_current,shift_mean,w01_s003,1,2,47,0.9929078014184398
loop,next_5_8,heldout_snapshot,physical_action+token_current,shift_mean,w01_s004,1,2,62,0.9032258064516129
loop,next_5_8,heldout_snapshot,physical_action+token_current,shift_mean,w02_s000,2,3,71,0.6995305164319249
loop,next_5_8,heldout_snapshot,physical_action+token_current,shift_mean,w02_s001,2,3,77,0.787878787878788
loop,next_5_8,heldout_snapshot,physical_action+token_current,shift_mean,w02_s002,2,3,63,0.9153439153439153
loop,next_5_8,heldout_snapshot,physical_action+token_current,shift_mean,w02_s003,2,3,86,0.8527131782945737
loop,next_5_8,heldout_snapshot,physical_action+token_current,shift_mean,w02_s004,2,3,62,0.7258064516129031
loop,next_5_8,heldout_snapshot,physical_action+token_current,shift_mean,w03_s004,3,1,15,0.7777777777777778
loop,next_5_8,heldout_snapshot,physical_action+token_current,shift_mean,w03_s005,3,1,15,0.8444444444444444
loop,next_5_8,heldout_snapshot,physical_action+token_history,shift_mean,w00_s000,0,1,55,1.0
loop,next_5_8,heldout_snapshot,physical_action+token_history,shift_mean,w00_s001,0,3,62,0.9516129032258065
loop,next_5_8,heldout_snapshot,physical_action+token_history,shift_mean,w00_s002,0,2,80,0.8666666666666666
loop,next_5_8,heldout_snapshot,physical_action+token_history,shift_mean,w00_s003,0,2,71,0.9107981220657275
loop,next_5_8,heldout_snapshot,physical_action+token_history,shift_mean,w00_s004,0,1,63,0.8624338624338624
loop,next_5_8,heldout_snapshot,physical_action+token_history,shift_mean,w00_s005,0,3,69,0.9468599033816426
loop,next_5_8,heldout_snapshot,physical_action+token_history,shift_mean,w01_s000,1,3,69,0.8599033816425121
loop,next_5_8,heldout_snapshot,physical_action+token_history,shift_mean,w01_s001,1,3,62,0.913978494623656
loop,next_5_8,heldout_snapshot,physical_action+token_history,shift_mean,w01_s002,1,2,61,0.9453551912568307
loop,next_5_8,heldout_snapshot,physical_action+token_history,shift_mean,w01_s003,1,2,47,0.9503546099290779
loop,next_5_8,heldout_snapshot,physical_action+token_history,shift_mean,w01_s004,1,2,62,0.9193548387096774
loop,next_5_8,heldout_snapshot,physical_action+token_history,shift_mean,w02_s000,2,3,71,0.6854460093896714
loop,next_5_8,heldout_snapshot,physical_action+token_history,shift_mean,w02_s001,2,3,77,0.7965367965367965
loop,next_5_8,heldout_snapshot,physical_action+token_history,shift_mean,w02_s002,2,3,63,0.8835978835978836
loop,next_5_8,heldout_snapshot,physical_action+token_history,shift_mean,w02_s003,2,3,86,0.7984496124031009
loop,next_5_8,heldout_snapshot,physical_action+token_history,shift_mean,w02_s004,2,3,62,0.7150537634408602
loop,next_5_8,heldout_snapshot,physical_action+token_history,shift_mean,w03_s004,3,1,15,0.7777777777777778
loop,next_5_8,heldout_snapshot,physical_action+token_history,shift_mean,w03_s005,3,1,15,0.8444444444444444
loop,next_5_8,heldout_worker,physical+aggregate_current,shift_mean,w00_s000,0,1,55,0.9454545454545454
loop,next_5_8,heldout_worker,physical+aggregate_current,shift_mean,w00_s001,0,3,62,0.9086021505376345
loop,next_5_8,heldout_worker,physical+aggregate_current,shift_mean,w00_s002,0,2,80,0.8916666666666666
loop,next_5_8,heldout_worker,physical+aggregate_current,shift_mean,w00_s003,0,2,71,0.9765258215962442
loop,next_5_8,heldout_worker,physical+aggregate_current,shift_mean,w00_s004,0,1,63,0.9153439153439153
loop,next_5_8,heldout_worker,physical+aggregate_current,shift_mean,w00_s005,0,3,69,0.8164251207729469
loop,next_5_8,heldout_worker,physical+aggregate_current,shift_mean,w01_s000,1,3,69,0.7246376811594203
loop,next_5_8,heldout_worker,physical+aggregate_current,shift_mean,w01_s001,1,3,62,0.8924731182795698
loop,next_5_8,heldout_worker,physical+aggregate_current,shift_mean,w01_s002,1,2,61,0.9562841530054645
loop,next_5_8,heldout_worker,physical+aggregate_current,shift_mean,w01_s003,1,2,47,0.8226950354609929
loop,next_5_8,heldout_worker,physical+aggregate_current,shift_mean,w01_s004,1,2,62,0.8870967741935484
loop,next_5_8,heldout_worker,physical+aggregate_current,shift_mean,w02_s000,2,3,71,0.539906103286385
loop,next_5_8,heldout_worker,physical+aggregate_current,shift_mean,w02_s001,2,3,77,0.7662337662337663
loop,next_5_8,heldout_worker,physical+aggregate_current,shift_mean,w02_s002,2,3,63,0.8412698412698412
loop,next_5_8,heldout_worker,physical+aggregate_current,shift_mean,w02_s003,2,3,86,0.686046511627907
loop,next_5_8,heldout_worker,physical+aggregate_current,shift_mean,w02_s004,2,3,62,0.5645161290322581
loop,next_5_8,heldout_worker,physical+aggregate_current,shift_mean,w03_s004,3,1,15,0.46666666666666673
loop,next_5_8,heldout_worker,physical+aggregate_current,shift_mean,w03_s005,3,1,15,0.8222222222222223
loop,next_5_8,heldout_worker,physical+token_current,shift_mean,w00_s000,0,1,55,0.9151515151515152
loop,next_5_8,heldout_worker,physical+token_current,shift_mean,w00_s001,0,3,62,0.7580645161290323
loop,next_5_8,heldout_worker,physical+token_current,shift_mean,w00_s002,0,2,80,0.8458333333333334
loop,next_5_8,heldout_worker,physical+token_current,shift_mean,w00_s003,0,2,71,0.9295774647887324
loop,next_5_8,heldout_worker,physical+token_current,shift_mean,w00_s004,0,1,63,0.7724867724867724
loop,next_5_8,heldout_worker,physical+token_current,shift_mean,w00_s005,0,3,69,0.7391304347826086
loop,next_5_8,heldout_worker,physical+token_current,shift_mean,w01_s000,1,3,69,0.7584541062801932
loop,next_5_8,heldout_worker,physical+token_current,shift_mean,w01_s001,1,3,62,0.7365591397849464
loop,next_5_8,heldout_worker,physical+token_current,shift_mean,w01_s002,1,2,61,0.9180327868852459
loop,next_5_8,heldout_worker,physical+token_current,shift_mean,w01_s003,1,2,47,0.7801418439716313
loop,next_5_8,heldout_worker,physical+token_current,shift_mean,w01_s004,1,2,62,0.7634408602150538
loop,next_5_8,heldout_worker,physical+token_current,shift_mean,w02_s000,2,3,71,0.5539906103286385
loop,next_5_8,heldout_worker,physical+token_current,shift_mean,w02_s001,2,3,77,0.7272727272727273
loop,next_5_8,heldout_worker,physical+token_current,shift_mean,w02_s002,2,3,63,0.8677248677248678
loop,next_5_8,heldout_worker,physical+token_current,shift_mean,w02_s003,2,3,86,0.6472868217054264
loop,next_5_8,heldout_worker,physical+token_current,shift_mean,w02_s004,2,3,62,0.48924731182795694
loop,next_5_8,heldout_worker,physical+token_current,shift_mean,w03_s004,3,1,15,0.6
loop,next_5_8,heldout_worker,physical+token_current,shift_mean,w03_s005,3,1,15,0.7777777777777778
loop,next_5_8,heldout_worker,physical+token_history,shift_mean,w00_s000,0,1,55,0.8424242424242425
loop,next_5_8,heldout_worker,physical+token_history,shift_mean,w00_s001,0,3,62,0.6774193548387096
loop,next_5_8,heldout_worker,physical+token_history,shift_mean,w00_s002,0,2,80,0.8083333333333333
loop,next_5_8,heldout_worker,physical+token_history,shift_mean,w00_s003,0,2,71,0.7276995305164319
loop,next_5_8,heldout_worker,physical+token_history,shift_mean,w00_s004,0,1,63,0.6243386243386243
loop,next_5_8,heldout_worker,physical+token_history,shift_mean,w00_s005,0,3,69,0.6956521739130433
loop,next_5_8,heldout_worker,physical+token_history,shift_mean,w01_s000,1,3,69,0.6280193236714976
loop,next_5_8,heldout_worker,physical+token_history,shift_mean,w01_s001,1,3,62,0.575268817204301
loop,next_5_8,heldout_worker,physical+token_history,shift_mean,w01_s002,1,2,61,0.7759562841530055
loop,next_5_8,heldout_worker,physical+token_history,shift_mean,w01_s003,1,2,47,0.6382978723404256
loop,next_5_8,heldout_worker,physical+token_history,shift_mean,w01_s004,1,2,62,0.5483870967741935
loop,next_5_8,heldout_worker,physical+token_history,shift_mean,w02_s000,2,3,71,0.5727699530516431
loop,next_5_8,heldout_worker,physical+token_history,shift_mean,w02_s001,2,3,77,0.6926406926406927
loop,next_5_8,heldout_worker,physical+token_history,shift_mean,w02_s002,2,3,63,0.7566137566137566
loop,next_5_8,heldout_worker,physical+token_history,shift_mean,w02_s003,2,3,86,0.6201550387596899
loop,next_5_8,heldout_worker,physical+token_history,shift_mean,w02_s004,2,3,62,0.5376344086021505
loop,next_5_8,heldout_worker,physical+token_history,shift_mean,w03_s004,3,1,15,0.5777777777777778
loop,next_5_8,heldout_worker,physical+token_history,shift_mean,w03_s005,3,1,15,0.7555555555555554
loop,next_5_8,heldout_worker,physical_action+aggregate_current,shift_mean,w00_s000,0,1,55,1.0
loop,next_5_8,heldout_worker,physical_action+aggregate_current,shift_mean,w00_s001,0,3,62,1.0
loop,next_5_8,heldout_worker,physical_action+aggregate_current,shift_mean,w00_s002,0,2,80,0.8583333333333332
loop,next_5_8,heldout_worker,physical_action+aggregate_current,shift_mean,w00_s003,0,2,71,0.8826291079812206
loop,next_5_8,heldout_worker,physical_action+aggregate_current,shift_mean,w00_s004,0,1,63,0.8253968253968255
loop,next_5_8,heldout_worker,physical_action+aggregate_current,shift_mean,w00_s005,0,3,69,0.7971014492753623
loop,next_5_8,heldout_worker,physical_action+aggregate_current,shift_mean,w01_s000,1,3,69,0.7971014492753623
loop,next_5_8,heldout_worker,physical_action+aggregate_current,shift_mean,w01_s001,1,3,62,0.9193548387096774
loop,next_5_8,heldout_worker,physical_action+aggregate_current,shift_mean,w01_s002,1,2,61,0.8524590163934426
loop,next_5_8,heldout_worker,physical_action+aggregate_current,shift_mean,w01_s003,1,2,47,0.8085106382978723
loop,next_5_8,heldout_worker,physical_action+aggregate_current,shift_mean,w01_s004,1,2,62,0.7956989247311828
loop,next_5_8,heldout_worker,physical_action+aggregate_current,shift_mean,w02_s000,2,3,71,0.7183098591549296
loop,next_5_8,heldout_worker,physical_action+aggregate_current,shift_mean,w02_s001,2,3,77,0.7229437229437229
loop,next_5_8,heldout_worker,physical_action+aggregate_current,shift_mean,w02_s002,2,3,63,0.9047619047619048
loop,next_5_8,heldout_worker,physical_action+aggregate_current,shift_mean,w02_s003,2,3,86,0.806201550387597
loop,next_5_8,heldout_worker,physical_action+aggregate_current,shift_mean,w02_s004,2,3,62,0.8279569892473118
loop,next_5_8,heldout_worker,physical_action+aggregate_current,shift_mean,w03_s004,3,1,15,0.8000000000000002
loop,next_5_8,heldout_worker,physical_action+aggregate_current,shift_mean,w03_s005,3,1,15,0.888888888888889
loop,next_5_8,heldout_worker,physical_action+token_current,shift_mean,w00_s000,0,1,55,0.993939393939394
loop,next_5_8,heldout_worker,physical_action+token_current,shift_mean,w00_s001,0,3,62,0.989247311827957
loop,next_5_8,heldout_worker,physical_action+token_current,shift_mean,w00_s002,0,2,80,0.8916666666666666
loop,next_5_8,heldout_worker,physical_action+token_current,shift_mean,w00_s003,0,2,71,0.8873239436619719
loop,next_5_8,heldout_worker,physical_action+token_current,shift_mean,w00_s004,0,1,63,0.8253968253968255
loop,next_5_8,heldout_worker,physical_action+token_current,shift_mean,w00_s005,0,3,69,0.78743961352657
loop,next_5_8,heldout_worker,physical_action+token_current,shift_mean,w01_s000,1,3,69,0.7391304347826088
loop,next_5_8,heldout_worker,physical_action+token_current,shift_mean,w01_s001,1,3,62,0.8225806451612904
loop,next_5_8,heldout_worker,physical_action+token_current,shift_mean,w01_s002,1,2,61,0.819672131147541
loop,next_5_8,heldout_worker,physical_action+token_current,shift_mean,w01_s003,1,2,47,0.8581560283687943
loop,next_5_8,heldout_worker,physical_action+token_current,shift_mean,w01_s004,1,2,62,0.7849462365591398
loop,next_5_8,heldout_worker,physical_action+token_current,shift_mean,w02_s000,2,3,71,0.6572769953051643
loop,next_5_8,heldout_worker,physical_action+token_current,shift_mean,w02_s001,2,3,77,0.70995670995671
loop,next_5_8,heldout_worker,physical_action+token_current,shift_mean,w02_s002,2,3,63,0.9153439153439153
loop,next_5_8,heldout_worker,physical_action+token_current,shift_mean,w02_s003,2,3,86,0.8449612403100776
loop,next_5_8,heldout_worker,physical_action+token_current,shift_mean,w02_s004,2,3,62,0.7580645161290323
loop,next_5_8,heldout_worker,physical_action+token_current,shift_mean,w03_s004,3,1,15,0.8666666666666667
loop,next_5_8,heldout_worker,physical_action+token_current,shift_mean,w03_s005,3,1,15,0.7777777777777778
loop,next_5_8,heldout_worker,physical_action+token_history,shift_mean,w00_s000,0,1,55,0.9454545454545454
loop,next_5_8,heldout_worker,physical_action+token_history,shift_mean,w00_s001,0,3,62,0.9516129032258066
loop,next_5_8,heldout_worker,physical_action+token_history,shift_mean,w00_s002,0,2,80,0.9208333333333334
loop,next_5_8,heldout_worker,physical_action+token_history,shift_mean,w00_s003,0,2,71,0.7887323943661971
loop,next_5_8,heldout_worker,physical_action+token_history,shift_mean,w00_s004,0,1,63,0.7195767195767196
loop,next_5_8,heldout_worker,physical_action+token_history,shift_mean,w00_s005,0,3,69,0.821256038647343
loop,next_5_8,heldout_worker,physical_action+token_history,shift_mean,w01_s000,1,3,69,0.7681159420289855
loop,next_5_8,heldout_worker,physical_action+token_history,shift_mean,w01_s001,1,3,62,0.8333333333333334
loop,next_5_8,heldout_worker,physical_action+token_history,shift_mean,w01_s002,1,2,61,0.8961748633879782
loop,next_5_8,heldout_worker,physical_action+token_history,shift_mean,w01_s003,1,2,47,0.8794326241134751
loop,next_5_8,heldout_worker,physical_action+token_history,shift_mean,w01_s004,1,2,62,0.7526881720430109
loop,next_5_8,heldout_worker,physical_action+token_history,shift_mean,w02_s000,2,3,71,0.647887323943662
loop,next_5_8,heldout_worker,physical_action+token_history,shift_mean,w02_s001,2,3,77,0.7402597402597403
loop,next_5_8,heldout_worker,physical_action+token_history,shift_mean,w02_s002,2,3,63,0.9153439153439153
loop,next_5_8,heldout_worker,physical_action+token_history,shift_mean,w02_s003,2,3,86,0.817829457364341
loop,next_5_8,heldout_worker,physical_action+token_history,shift_mean,w02_s004,2,3,62,0.7204301075268816
loop,next_5_8,heldout_worker,physical_action+token_history,shift_mean,w03_s004,3,1,15,0.8000000000000002
loop,next_5_8,heldout_worker,physical_action+token_history,shift_mean,w03_s005,3,1,15,0.7777777777777778
loop,next_9_12,heldout_snapshot,physical+aggregate_current,shift_mean,w00_s000,0,1,55,0.6060606060606061
loop,next_9_12,heldout_snapshot,physical+aggregate_current,shift_mean,w00_s001,0,3,62,0.48924731182795705
loop,next_9_12,heldout_snapshot,physical+aggregate_current,shift_mean,w00_s002,0,2,80,0.6041666666666667
loop,next_9_12,heldout_snapshot,physical+aggregate_current,shift_mean,w00_s003,0,2,71,0.6807511737089202
loop,next_9_12,heldout_snapshot,physical+aggregate_current,shift_mean,w00_s004,0,1,63,0.5555555555555555
loop,next_9_12,heldout_snapshot,physical+aggregate_current,shift_mean,w00_s005,0,4,78,0.6538461538461539
loop,next_9_12,heldout_snapshot,physical+aggregate_current,shift_mean,w01_s000,1,2,54,0.3827160493827161
loop,next_9_12,heldout_snapshot,physical+aggregate_current,shift_mean,w01_s001,1,3,62,0.6021505376344085
loop,next_9_12,heldout_snapshot,physical+aggregate_current,shift_mean,w01_s002,1,2,61,0.5136612021857924
loop,next_9_12,heldout_snapshot,physical+aggregate_current,shift_mean,w01_s003,1,2,47,0.48936170212765956
loop,next_9_12,heldout_snapshot,physical+aggregate_current,shift_mean,w01_s004,1,2,62,0.39247311827956993
loop,next_9_12,heldout_snapshot,physical+aggregate_current,shift_mean,w02_s000,2,2,43,0.6434108527131782
loop,next_9_12,heldout_snapshot,physical+aggregate_current,shift_mean,w02_s001,2,2,62,0.5376344086021506
loop,next_9_12,heldout_snapshot,physical+aggregate_current,shift_mean,w02_s002,2,3,63,0.6190476190476191
loop,next_9_12,heldout_snapshot,physical+aggregate_current,shift_mean,w02_s003,2,3,86,0.5465116279069767
loop,next_9_12,heldout_snapshot,physical+aggregate_current,shift_mean,w02_s004,2,4,72,0.537037037037037
loop,next_9_12,heldout_snapshot,physical+aggregate_current,shift_mean,w03_s001,3,1,15,0.8444444444444444
loop,next_9_12,heldout_snapshot,physical+aggregate_current,shift_mean,w03_s003,3,1,15,0.9555555555555556
loop,next_9_12,heldout_snapshot,physical+aggregate_current,shift_mean,w03_s004,3,2,29,0.5402298850574713
loop,next_9_12,heldout_snapshot,physical+aggregate_current,shift_mean,w03_s005,3,2,29,0.7931034482758621
loop,next_9_12,heldout_snapshot,physical+token_current,shift_mean,w00_s000,0,1,55,0.6181818181818183
loop,next_9_12,heldout_snapshot,physical+token_current,shift_mean,w00_s001,0,3,62,0.6774193548387095
loop,next_9_12,heldout_snapshot,physical+token_current,shift_mean,w00_s002,0,2,80,0.5125
loop,next_9_12,heldout_snapshot,physical+token_current,shift_mean,w00_s003,0,2,71,0.5821596244131456
loop,next_9_12,heldout_snapshot,physical+token_current,shift_mean,w00_s004,0,1,63,0.5185185185185185
loop,next_9_12,heldout_snapshot,physical+token_current,shift_mean,w00_s005,0,4,78,0.7136752136752137
loop,next_9_12,heldout_snapshot,physical+token_current,shift_mean,w01_s000,1,2,54,0.6234567901234568
loop,next_9_12,heldout_snapshot,physical+token_current,shift_mean,w01_s001,1,3,62,0.4838709677419355
loop,next_9_12,heldout_snapshot,physical+token_current,shift_mean,w01_s002,1,2,61,0.45355191256830596
loop,next_9_12,heldout_snapshot,physical+token_current,shift_mean,w01_s003,1,2,47,0.524822695035461
loop,next_9_12,heldout_snapshot,physical+token_current,shift_mean,w01_s004,1,2,62,0.4462365591397849
loop,next_9_12,heldout_snapshot,physical+token_current,shift_mean,w02_s000,2,2,43,0.5736434108527131
loop,next_9_12,heldout_snapshot,physical+token_current,shift_mean,w02_s001,2,2,62,0.553763440860215
loop,next_9_12,heldout_snapshot,physical+token_current,shift_mean,w02_s002,2,3,63,0.7037037037037037
loop,next_9_12,heldout_snapshot,physical+token_current,shift_mean,w02_s003,2,3,86,0.5813953488372093
loop,next_9_12,heldout_snapshot,physical+token_current,shift_mean,w02_s004,2,4,72,0.48148148148148157
loop,next_9_12,heldout_snapshot,physical+token_current,shift_mean,w03_s001,3,1,15,1.0
loop,next_9_12,heldout_snapshot,physical+token_current,shift_mean,w03_s003,3,1,15,0.9777777777777779
loop,next_9_12,heldout_snapshot,physical+token_current,shift_mean,w03_s004,3,2,29,0.67816091954023
loop,next_9_12,heldout_snapshot,physical+token_current,shift_mean,w03_s005,3,2,29,0.7471264367816093
loop,next_9_12,heldout_snapshot,physical+token_history,shift_mean,w00_s000,0,1,55,0.5696969696969697
loop,next_9_12,heldout_snapshot,physical+token_history,shift_mean,w00_s001,0,3,62,0.4838709677419355
loop,next_9_12,heldout_snapshot,physical+token_history,shift_mean,w00_s002,0,2,80,0.4875
loop,next_9_12,heldout_snapshot,physical+token_history,shift_mean,w00_s003,0,2,71,0.5774647887323944
loop,next_9_12,heldout_snapshot,physical+token_history,shift_mean,w00_s004,0,1,63,0.4973544973544974
loop,next_9_12,heldout_snapshot,physical+token_history,shift_mean,w00_s005,0,4,78,0.7393162393162392
loop,next_9_12,heldout_snapshot,physical+token_history,shift_mean,w01_s000,1,2,54,0.5308641975308641
loop,next_9_12,heldout_snapshot,physical+token_history,shift_mean,w01_s001,1,3,62,0.5483870967741935
loop,next_9_12,heldout_snapshot,physical+token_history,shift_mean,w01_s002,1,2,61,0.44808743169398907
loop,next_9_12,heldout_snapshot,physical+token_history,shift_mean,w01_s003,1,2,47,0.44680851063829785
loop,next_9_12,heldout_snapshot,physical+token_history,shift_mean,w01_s004,1,2,62,0.38172043010752693
loop,next_9_12,heldout_snapshot,physical+token_history,shift_mean,w02_s000,2,2,43,0.5581395348837209
loop,next_9_12,heldout_snapshot,physical+token_history,shift_mean,w02_s001,2,2,62,0.5268817204301076
loop,next_9_12,heldout_snapshot,physical+token_history,shift_mean,w02_s002,2,3,63,0.6613756613756613
loop,next_9_12,heldout_snapshot,physical+token_history,shift_mean,w02_s003,2,3,86,0.5697674418604651
loop,next_9_12,heldout_snapshot,physical+token_history,shift_mean,w02_s004,2,4,72,0.4444444444444444
loop,next_9_12,heldout_snapshot,physical+token_history,shift_mean,w03_s001,3,1,15,0.9777777777777779
loop,next_9_12,heldout_snapshot,physical+token_history,shift_mean,w03_s003,3,1,15,0.9777777777777779
loop,next_9_12,heldout_snapshot,physical+token_history,shift_mean,w03_s004,3,2,29,0.67816091954023
loop,next_9_12,heldout_snapshot,physical+token_history,shift_mean,w03_s005,3,2,29,0.5977011494252874
loop,next_9_12,heldout_snapshot,physical_action+aggregate_current,shift_mean,w00_s000,0,1,55,0.8181818181818182
loop,next_9_12,heldout_snapshot,physical_action+aggregate_current,shift_mean,w00_s001,0,3,62,0.5268817204301075
loop,next_9_12,heldout_snapshot,physical_action+aggregate_current,shift_mean,w00_s002,0,2,80,0.725
loop,next_9_12,heldout_snapshot,physical_action+aggregate_current,shift_mean,w00_s003,0,2,71,0.6291079812206573
loop,next_9_12,heldout_snapshot,physical_action+aggregate_current,shift_mean,w00_s004,0,1,63,0.6455026455026456
loop,next_9_12,heldout_snapshot,physical_action+aggregate_current,shift_mean,w00_s005,0,4,78,0.7008547008547009
loop,next_9_12,heldout_snapshot,physical_action+aggregate_current,shift_mean,w01_s000,1,2,54,0.46913580246913583
loop,next_9_12,heldout_snapshot,physical_action+aggregate_current,shift_mean,w01_s001,1,3,62,0.7688172043010753
loop,next_9_12,heldout_snapshot,physical_action+aggregate_current,shift_mean,w01_s002,1,2,61,0.8961748633879782
loop,next_9_12,heldout_snapshot,physical_action+aggregate_current,shift_mean,w01_s003,1,2,47,0.7092198581560283
loop,next_9_12,heldout_snapshot,physical_action+aggregate_current,shift_mean,w01_s004,1,2,62,0.5645161290322581
loop,next_9_12,heldout_snapshot,physical_action+aggregate_current,shift_mean,w02_s000,2,2,43,0.8062015503875969
loop,next_9_12,heldout_snapshot,physical_action+aggregate_current,shift_mean,w02_s001,2,2,62,0.5698924731182795
loop,next_9_12,heldout_snapshot,physical_action+aggregate_current,shift_mean,w02_s002,2,3,63,0.7513227513227514
loop,next_9_12,heldout_snapshot,physical_action+aggregate_current,shift_mean,w02_s003,2,3,86,0.40310077519379844
loop,next_9_12,heldout_snapshot,physical_action+aggregate_current,shift_mean,w02_s004,2,4,72,0.587962962962963
loop,next_9_12,heldout_snapshot,physical_action+aggregate_current,shift_mean,w03_s001,3,1,15,0.48888888888888893
loop,next_9_12,heldout_snapshot,physical_action+aggregate_current,shift_mean,w03_s003,3,1,15,0.9555555555555556
loop,next_9_12,heldout_snapshot,physical_action+aggregate_current,shift_mean,w03_s004,3,2,29,0.6781609195402298
loop,next_9_12,heldout_snapshot,physical_action+aggregate_current,shift_mean,w03_s005,3,2,29,0.5862068965517241
loop,next_9_12,heldout_snapshot,physical_action+token_current,shift_mean,w00_s000,0,1,55,0.8242424242424241
loop,next_9_12,heldout_snapshot,physical_action+token_current,shift_mean,w00_s001,0,3,62,0.639784946236559
loop,next_9_12,heldout_snapshot,physical_action+token_current,shift_mean,w00_s002,0,2,80,0.6833333333333333
loop,next_9_12,heldout_snapshot,physical_action+token_current,shift_mean,w00_s003,0,2,71,0.4835680751173708
loop,next_9_12,heldout_snapshot,physical_action+token_current,shift_mean,w00_s004,0,1,63,0.634920634920635
loop,next_9_12,heldout_snapshot,physical_action+token_current,shift_mean,w00_s005,0,4,78,0.7008547008547008
loop,next_9_12,heldout_snapshot,physical_action+token_current,shift_mean,w01_s000,1,2,54,0.5246913580246912
loop,next_9_12,heldout_snapshot,physical_action+token_current,shift_mean,w01_s001,1,3,62,0.7741935483870968
loop,next_9_12,heldout_snapshot,physical_action+token_current,shift_mean,w01_s002,1,2,61,0.8907103825136613
loop,next_9_12,heldout_snapshot,physical_action+token_current,shift_mean,w01_s003,1,2,47,0.7375886524822696
loop,next_9_12,heldout_snapshot,physical_action+token_current,shift_mean,w01_s004,1,2,62,0.6075268817204301
loop,next_9_12,heldout_snapshot,physical_action+token_current,shift_mean,w02_s000,2,2,43,0.8062015503875969
loop,next_9_12,heldout_snapshot,physical_action+token_current,shift_mean,w02_s001,2,2,62,0.6129032258064516
loop,next_9_12,heldout_snapshot,physical_action+token_current,shift_mean,w02_s002,2,3,63,0.8624338624338623
loop,next_9_12,heldout_snapshot,physical_action+token_current,shift_mean,w02_s003,2,3,86,0.44961240310077527
loop,next_9_12,heldout_snapshot,physical_action+token_current,shift_mean,w02_s004,2,4,72,0.6388888888888888
loop,next_9_12,heldout_snapshot,physical_action+token_current,shift_mean,w03_s001,3,1,15,0.5333333333333333
loop,next_9_12,heldout_snapshot,physical_action+token_current,shift_mean,w03_s003,3,1,15,0.9777777777777779
loop,next_9_12,heldout_snapshot,physical_action+token_current,shift_mean,w03_s004,3,2,29,0.7586206896551725
loop,next_9_12,heldout_snapshot,physical_action+token_current,shift_mean,w03_s005,3,2,29,0.632183908045977
loop,next_9_12,heldout_snapshot,physical_action+token_history,shift_mean,w00_s000,0,1,55,0.6545454545454545
loop,next_9_12,heldout_snapshot,physical_action+token_history,shift_mean,w00_s001,0,3,62,0.3924731182795699
loop,next_9_12,heldout_snapshot,physical_action+token_history,shift_mean,w00_s002,0,2,80,0.5166666666666667
loop,next_9_12,heldout_snapshot,physical_action+token_history,shift_mean,w00_s003,0,2,71,0.5962441314553991
loop,next_9_12,heldout_snapshot,physical_action+token_history,shift_mean,w00_s004,0,1,63,0.5502645502645502
loop,next_9_12,heldout_snapshot,physical_action+token_history,shift_mean,w00_s005,0,4,78,0.6837606837606838
loop,next_9_12,heldout_snapshot,physical_action+token_history,shift_mean,w01_s000,1,2,54,0.4444444444444444
loop,next_9_12,heldout_snapshot,physical_action+token_history,shift_mean,w01_s001,1,3,62,0.6774193548387096
loop,next_9_12,heldout_snapshot,physical_action+token_history,shift_mean,w01_s002,1,2,61,0.7595628415300547
loop,next_9_12,heldout_snapshot,physical_action+token_history,shift_mean,w01_s003,1,2,47,0.6312056737588653
loop,next_9_12,heldout_snapshot,physical_action+token_history,shift_mean,w01_s004,1,2,62,0.5483870967741935
loop,next_9_12,heldout_snapshot,physical_action+token_history,shift_mean,w02_s000,2,2,43,0.821705426356589
loop,next_9_12,heldout_snapshot,physical_action+token_history,shift_mean,w02_s001,2,2,62,0.6021505376344086
loop,next_9_12,heldout_snapshot,physical_action+token_history,shift_mean,w02_s002,2,3,63,0.7936507936507937
loop,next_9_12,heldout_snapshot,physical_action+token_history,shift_mean,w02_s003,2,3,86,0.5232558139534884
loop,next_9_12,heldout_snapshot,physical_action+token_history,shift_mean,w02_s004,2,4,72,0.46759259259259256
loop,next_9_12,heldout_snapshot,physical_action+token_history,shift_mean,w03_s001,3,1,15,0.5111111111111112
loop,next_9_12,heldout_snapshot,physical_action+token_history,shift_mean,w03_s003,3,1,15,0.888888888888889
loop,next_9_12,heldout_snapshot,physical_action+token_history,shift_mean,w03_s004,3,2,29,0.7586206896551724
loop,next_9_12,heldout_snapshot,physical_action+token_history,shift_mean,w03_s005,3,2,29,0.5632183908045978
loop,next_9_12,heldout_worker,physical+aggregate_current,shift_mean,w00_s000,0,1,55,0.5696969696969697
loop,next_9_12,heldout_worker,physical+aggregate_current,shift_mean,w00_s001,0,3,62,0.5913978494623655
loop,next_9_12,heldout_worker,physical+aggregate_current,shift_mean,w00_s002,0,2,80,0.5875
loop,next_9_12,heldout_worker,physical+aggregate_current,shift_mean,w00_s003,0,2,71,0.7136150234741784
loop,next_9_12,heldout_worker,physical+aggregate_current,shift_mean,w00_s004,0,1,63,0.5608465608465609
loop,next_9_12,heldout_worker,physical+aggregate_current,shift_mean,w00_s005,0,4,78,0.623931623931624
loop,next_9_12,heldout_worker,physical+aggregate_current,shift_mean,w01_s000,1,2,54,0.3333333333333333
loop,next_9_12,heldout_worker,physical+aggregate_current,shift_mean,w01_s001,1,3,62,0.5698924731182797
loop,next_9_12,heldout_worker,physical+aggregate_current,shift_mean,w01_s002,1,2,61,0.4918032786885246
loop,next_9_12,heldout_worker,physical+aggregate_current,shift_mean,w01_s003,1,2,47,0.5106382978723404
loop,next_9_12,heldout_worker,physical+aggregate_current,shift_mean,w01_s004,1,2,62,0.3817204301075269
loop,next_9_12,heldout_worker,physical+aggregate_current,shift_mean,w02_s000,2,2,43,0.5581395348837209
loop,next_9_12,heldout_worker,physical+aggregate_current,shift_mean,w02_s001,2,2,62,0.5161290322580645
loop,next_9_12,heldout_worker,physical+aggregate_current,shift_mean,w02_s002,2,3,63,0.7513227513227513
loop,next_9_12,heldout_worker,physical+aggregate_current,shift_mean,w02_s003,2,3,86,0.5310077519379844
loop,next_9_12,heldout_worker,physical+aggregate_current,shift_mean,w02_s004,2,4,72,0.537037037037037
loop,next_9_12,heldout_worker,physical+aggregate_current,shift_mean,w03_s001,3,1,15,0.8222222222222223
loop,next_9_12,heldout_worker,physical+aggregate_current,shift_mean,w03_s003,3,1,15,0.9777777777777779
loop,next_9_12,heldout_worker,physical+aggregate_current,shift_mean,w03_s004,3,2,29,0.67816091954023
loop,next_9_12,heldout_worker,physical+aggregate_current,shift_mean,w03_s005,3,2,29,0.67816091954023
loop,next_9_12,heldout_worker,physical+token_current,shift_mean,w00_s000,0,1,55,0.6424242424242425
loop,next_9_12,heldout_worker,physical+token_current,shift_mean,w00_s001,0,3,62,0.45161290322580644
loop,next_9_12,heldout_worker,physical+token_current,shift_mean,w00_s002,0,2,80,0.5875
loop,next_9_12,heldout_worker,physical+token_current,shift_mean,w00_s003,0,2,71,0.5821596244131456
loop,next_9_12,heldout_worker,physical+token_current,shift_mean,w00_s004,0,1,63,0.6243386243386243
loop,next_9_12,heldout_worker,physical+token_current,shift_mean,w00_s005,0,4,78,0.747863247863248
loop,next_9_12,heldout_worker,physical+token_current,shift_mean,w01_s000,1,2,54,0.45061728395061734
loop,next_9_12,heldout_worker,physical+token_current,shift_mean,w01_s001,1,3,62,0.543010752688172
loop,next_9_12,heldout_worker,physical+token_current,shift_mean,w01_s002,1,2,61,0.448087431693989
loop,next_9_12,heldout_worker,physical+token_current,shift_mean,w01_s003,1,2,47,0.553191489361702
loop,next_9_12,heldout_worker,physical+token_current,shift_mean,w01_s004,1,2,62,0.4623655913978495
loop,next_9_12,heldout_worker,physical+token_current,shift_mean,w02_s000,2,2,43,0.6124031007751938
loop,next_9_12,heldout_worker,physical+token_current,shift_mean,w02_s001,2,2,62,0.48387096774193544
loop,next_9_12,heldout_worker,physical+token_current,shift_mean,w02_s002,2,3,63,0.7354497354497355
loop,next_9_12,heldout_worker,physical+token_current,shift_mean,w02_s003,2,3,86,0.5271317829457364
loop,next_9_12,heldout_worker,physical+token_current,shift_mean,w02_s004,2,4,72,0.5046296296296295
loop,next_9_12,heldout_worker,physical+token_current,shift_mean,w03_s001,3,1,15,0.9333333333333332
loop,next_9_12,heldout_worker,physical+token_current,shift_mean,w03_s003,3,1,15,0.9777777777777779
loop,next_9_12,heldout_worker,physical+token_current,shift_mean,w03_s004,3,2,29,0.7586206896551724
loop,next_9_12,heldout_worker,physical+token_current,shift_mean,w03_s005,3,2,29,0.8850574712643677
loop,next_9_12,heldout_worker,physical+token_history,shift_mean,w00_s000,0,1,55,0.5151515151515151
loop,next_9_12,heldout_worker,physical+token_history,shift_mean,w00_s001,0,3,62,0.4032258064516129
loop,next_9_12,heldout_worker,physical+token_history,shift_mean,w00_s002,0,2,80,0.5
loop,next_9_12,heldout_worker,physical+token_history,shift_mean,w00_s003,0,2,71,0.5258215962441315
loop,next_9_12,heldout_worker,physical+token_history,shift_mean,w00_s004,0,1,63,0.5291005291005292
loop,next_9_12,heldout_worker,physical+token_history,shift_mean,w00_s005,0,4,78,0.6794871794871794
loop,next_9_12,heldout_worker,physical+token_history,shift_mean,w01_s000,1,2,54,0.45679012345679015
loop,next_9_12,heldout_worker,physical+token_history,shift_mean,w01_s001,1,3,62,0.553763440860215
loop,next_9_12,heldout_worker,physical+token_history,shift_mean,w01_s002,1,2,61,0.4316939890710383
loop,next_9_12,heldout_worker,physical+token_history,shift_mean,w01_s003,1,2,47,0.5248226950354611
loop,next_9_12,heldout_worker,physical+token_history,shift_mean,w01_s004,1,2,62,0.4301075268817204
loop,next_9_12,heldout_worker,physical+token_history,shift_mean,w02_s000,2,2,43,0.5736434108527132
loop,next_9_12,heldout_worker,physical+token_history,shift_mean,w02_s001,2,2,62,0.5053763440860215
loop,next_9_12,heldout_worker,physical+token_history,shift_mean,w02_s002,2,3,63,0.6772486772486772
loop,next_9_12,heldout_worker,physical+token_history,shift_mean,w02_s003,2,3,86,0.5658914728682171
loop,next_9_12,heldout_worker,physical+token_history,shift_mean,w02_s004,2,4,72,0.4444444444444444
loop,next_9_12,heldout_worker,physical+token_history,shift_mean,w03_s001,3,1,15,0.9777777777777779
loop,next_9_12,heldout_worker,physical+token_history,shift_mean,w03_s003,3,1,15,0.9777777777777779
loop,next_9_12,heldout_worker,physical+token_history,shift_mean,w03_s004,3,2,29,0.7356321839080461
loop,next_9_12,heldout_worker,physical+token_history,shift_mean,w03_s005,3,2,29,0.6896551724137931
loop,next_9_12,heldout_worker,physical_action+aggregate_current,shift_mean,w00_s000,0,1,55,0.8181818181818182
loop,next_9_12,heldout_worker,physical_action+aggregate_current,shift_mean,w00_s001,0,3,62,0.5806451612903226
loop,next_9_12,heldout_worker,physical_action+aggregate_current,shift_mean,w00_s002,0,2,80,0.6583333333333334
loop,next_9_12,heldout_worker,physical_action+aggregate_current,shift_mean,w00_s003,0,2,71,0.6431924882629108
loop,next_9_12,heldout_worker,physical_action+aggregate_current,shift_mean,w00_s004,0,1,63,0.7195767195767196
loop,next_9_12,heldout_worker,physical_action+aggregate_current,shift_mean,w00_s005,0,4,78,0.6581196581196581
loop,next_9_12,heldout_worker,physical_action+aggregate_current,shift_mean,w01_s000,1,2,54,0.42592592592592593
loop,next_9_12,heldout_worker,physical_action+aggregate_current,shift_mean,w01_s001,1,3,62,0.7204301075268816
loop,next_9_12,heldout_worker,physical_action+aggregate_current,shift_mean,w01_s002,1,2,61,0.6830601092896175
loop,next_9_12,heldout_worker,physical_action+aggregate_current,shift_mean,w01_s003,1,2,47,0.5106382978723404
loop,next_9_12,heldout_worker,physical_action+aggregate_current,shift_mean,w01_s004,1,2,62,0.4731182795698925
loop,next_9_12,heldout_worker,physical_action+aggregate_current,shift_mean,w02_s000,2,2,43,0.8372093023255814
loop,next_9_12,heldout_worker,physical_action+aggregate_current,shift_mean,w02_s001,2,2,62,0.5161290322580645
loop,next_9_12,heldout_worker,physical_action+aggregate_current,shift_mean,w02_s002,2,3,63,0.746031746031746
loop,next_9_12,heldout_worker,physical_action+aggregate_current,shift_mean,w02_s003,2,3,86,0.3565891472868217
loop,next_9_12,heldout_worker,physical_action+aggregate_current,shift_mean,w02_s004,2,4,72,0.5833333333333334
loop,next_9_12,heldout_worker,physical_action+aggregate_current,shift_mean,w03_s001,3,1,15,0.5555555555555556
loop,next_9_12,heldout_worker,physical_action+aggregate_current,shift_mean,w03_s003,3,1,15,1.0
loop,next_9_12,heldout_worker,physical_action+aggregate_current,shift_mean,w03_s004,3,2,29,0.6666666666666667
loop,next_9_12,heldout_worker,physical_action+aggregate_current,shift_mean,w03_s005,3,2,29,0.7126436781609194
loop,next_9_12,heldout_worker,physical_action+token_current,shift_mean,w00_s000,0,1,55,0.8303030303030302
loop,next_9_12,heldout_worker,physical_action+token_current,shift_mean,w00_s001,0,3,62,0.5806451612903226
loop,next_9_12,heldout_worker,physical_action+token_current,shift_mean,w00_s002,0,2,80,0.6833333333333332
loop,next_9_12,heldout_worker,physical_action+token_current,shift_mean,w00_s003,0,2,71,0.5868544600938966
loop,next_9_12,heldout_worker,physical_action+token_current,shift_mean,w00_s004,0,1,63,0.6772486772486772
loop,next_9_12,heldout_worker,physical_action+token_current,shift_mean,w00_s005,0,4,78,0.6324786324786325
loop,next_9_12,heldout_worker,physical_action+token_current,shift_mean,w01_s000,1,2,54,0.46913580246913583
loop,next_9_12,heldout_worker,physical_action+token_current,shift_mean,w01_s001,1,3,62,0.7580645161290323
loop,next_9_12,heldout_worker,physical_action+token_current,shift_mean,w01_s002,1,2,61,0.7759562841530054
loop,next_9_12,heldout_worker,physical_action+token_current,shift_mean,w01_s003,1,2,47,0.5815602836879432
loop,next_9_12,heldout_worker,physical_action+token_current,shift_mean,w01_s004,1,2,62,0.5268817204301075
loop,next_9_12,heldout_worker,physical_action+token_current,shift_mean,w02_s000,2,2,43,0.7751937984496123
loop,next_9_12,heldout_worker,physical_action+token_current,shift_mean,w02_s001,2,2,62,0.510752688172043
loop,next_9_12,heldout_worker,physical_action+token_current,shift_mean,w02_s002,2,3,63,0.798941798941799
loop,next_9_12,heldout_worker,physical_action+token_current,shift_mean,w02_s003,2,3,86,0.4108527131782945
loop,next_9_12,heldout_worker,physical_action+token_current,shift_mean,w02_s004,2,4,72,0.5787037037037037
loop,next_9_12,heldout_worker,physical_action+token_current,shift_mean,w03_s001,3,1,15,0.4444444444444445
loop,next_9_12,heldout_worker,physical_action+token_current,shift_mean,w03_s003,3,1,15,1.0
loop,next_9_12,heldout_worker,physical_action+token_current,shift_mean,w03_s004,3,2,29,0.6896551724137931
loop,next_9_12,heldout_worker,physical_action+token_current,shift_mean,w03_s005,3,2,29,0.6436781609195401
loop,next_9_12,heldout_worker,physical_action+token_history,shift_mean,w00_s000,0,1,55,0.5515151515151516
loop,next_9_12,heldout_worker,physical_action+token_history,shift_mean,w00_s001,0,3,62,0.33870967741935476
loop,next_9_12,heldout_worker,physical_action+token_history,shift_mean,w00_s002,0,2,80,0.4458333333333334
loop,next_9_12,heldout_worker,physical_action+token_history,shift_mean,w00_s003,0,2,71,0.6103286384976526
loop,next_9_12,heldout_worker,physical_action+token_history,shift_mean,w00_s004,0,1,63,0.5502645502645502
loop,next_9_12,heldout_worker,physical_action+token_history,shift_mean,w00_s005,0,4,78,0.6111111111111112
loop,next_9_12,heldout_worker,physical_action+token_history,shift_mean,w01_s000,1,2,54,0.46913580246913583
loop,next_9_12,heldout_worker,physical_action+token_history,shift_mean,w01_s001,1,3,62,0.6720430107526882
loop,next_9_12,heldout_worker,physical_action+token_history,shift_mean,w01_s002,1,2,61,0.5956284153005464
loop,next_9_12,heldout_worker,physical_action+token_history,shift_mean,w01_s003,1,2,47,0.5106382978723404
loop,next_9_12,heldout_worker,physical_action+token_history,shift_mean,w01_s004,1,2,62,0.48387096774193555
loop,next_9_12,heldout_worker,physical_action+token_history,shift_mean,w02_s000,2,2,43,0.7751937984496123
loop,next_9_12,heldout_worker,physical_action+token_history,shift_mean,w02_s001,2,2,62,0.4946236559139785
loop,next_9_12,heldout_worker,physical_action+token_history,shift_mean,w02_s002,2,3,63,0.7619047619047618
loop,next_9_12,heldout_worker,physical_action+token_history,shift_mean,w02_s003,2,3,86,0.44573643410852715
loop,next_9_12,heldout_worker,physical_action+token_history,shift_mean,w02_s004,2,4,72,0.45370370370370366
loop,next_9_12,heldout_worker,physical_action+token_history,shift_mean,w03_s001,3,1,15,0.48888888888888893
loop,next_9_12,heldout_worker,physical_action+token_history,shift_mean,w03_s003,3,1,15,0.9555555555555556
loop,next_9_12,heldout_worker,physical_action+token_history,shift_mean,w03_s004,3,2,29,0.7356321839080461
loop,next_9_12,heldout_worker,physical_action+token_history,shift_mean,w03_s005,3,2,29,0.574712643678161
static,next_1_4,heldout_snapshot,physical+aggregate_current,shift_mean,w00_s002,0,1,15,0.6666666666666666
static,next_1_4,heldout_snapshot,physical+aggregate_current,shift_mean,w00_s003,0,1,39,0.7435897435897436
static,next_1_4,heldout_snapshot,physical+aggregate_current,shift_mean,w00_s004,0,1,28,0.6547619047619045
static,next_1_4,heldout_snapshot,physical+aggregate_current,shift_mean,w00_s005,0,1,15,0.9777777777777779
static,next_1_4,heldout_snapshot,physical+aggregate_current,shift_mean,w01_s003,1,1,15,0.8444444444444444
static,next_1_4,heldout_snapshot,physical+aggregate_current,shift_mean,w02_s002,2,1,39,0.7094017094017094
static,next_1_4,heldout_snapshot,physical+aggregate_current,shift_mean,w02_s004,2,1,55,0.8484848484848486
static,next_1_4,heldout_snapshot,physical+token_current,shift_mean,w00_s002,0,1,15,0.7555555555555554
static,next_1_4,heldout_snapshot,physical+token_current,shift_mean,w00_s003,0,1,39,0.5982905982905983
static,next_1_4,heldout_snapshot,physical+token_current,shift_mean,w00_s004,0,1,28,0.7738095238095237
static,next_1_4,heldout_snapshot,physical+token_current,shift_mean,w00_s005,0,1,15,0.8222222222222223
static,next_1_4,heldout_snapshot,physical+token_current,shift_mean,w01_s003,1,1,15,0.7111111111111111
static,next_1_4,heldout_snapshot,physical+token_current,shift_mean,w02_s002,2,1,39,0.5982905982905983
static,next_1_4,heldout_snapshot,physical+token_current,shift_mean,w02_s004,2,1,55,0.8303030303030304
static,next_1_4,heldout_snapshot,physical+token_history,shift_mean,w00_s002,0,1,15,0.6000000000000001
static,next_1_4,heldout_snapshot,physical+token_history,shift_mean,w00_s003,0,1,39,0.5042735042735043
static,next_1_4,heldout_snapshot,physical+token_history,shift_mean,w00_s004,0,1,28,0.5595238095238095
static,next_1_4,heldout_snapshot,physical+token_history,shift_mean,w00_s005,0,1,15,0.6666666666666666
static,next_1_4,heldout_snapshot,physical+token_history,shift_mean,w01_s003,1,1,15,0.6222222222222222
static,next_1_4,heldout_snapshot,physical+token_history,shift_mean,w02_s002,2,1,39,0.5299145299145299
static,next_1_4,heldout_snapshot,physical+token_history,shift_mean,w02_s004,2,1,55,0.7515151515151516
static,next_1_4,heldout_snapshot,physical_action+aggregate_current,shift_mean,w00_s002,0,1,15,0.9777777777777779
static,next_1_4,heldout_snapshot,physical_action+aggregate_current,shift_mean,w00_s003,0,1,39,0.8461538461538461
static,next_1_4,heldout_snapshot,physical_action+aggregate_current,shift_mean,w00_s004,0,1,28,0.8333333333333334
static,next_1_4,heldout_snapshot,physical_action+aggregate_current,shift_mean,w00_s005,0,1,15,0.9555555555555556
static,next_1_4,heldout_snapshot,physical_action+aggregate_current,shift_mean,w01_s003,1,1,15,1.0
static,next_1_4,heldout_snapshot,physical_action+aggregate_current,shift_mean,w02_s002,2,1,39,0.7264957264957266
static,next_1_4,heldout_snapshot,physical_action+aggregate_current,shift_mean,w02_s004,2,1,55,0.9212121212121213
static,next_1_4,heldout_snapshot,physical_action+token_current,shift_mean,w00_s002,0,1,15,0.9333333333333332
static,next_1_4,heldout_snapshot,physical_action+token_current,shift_mean,w00_s003,0,1,39,0.6666666666666666
static,next_1_4,heldout_snapshot,physical_action+token_current,shift_mean,w00_s004,0,1,28,0.7857142857142857
static,next_1_4,heldout_snapshot,physical_action+token_current,shift_mean,w00_s005,0,1,15,0.9333333333333332
static,next_1_4,heldout_snapshot,physical_action+token_current,shift_mean,w01_s003,1,1,15,0.9111111111111111
static,next_1_4,heldout_snapshot,physical_action+token_current,shift_mean,w02_s002,2,1,39,0.7606837606837606
static,next_1_4,heldout_snapshot,physical_action+token_current,shift_mean,w02_s004,2,1,55,0.9151515151515152
static,next_1_4,heldout_snapshot,physical_action+token_history,shift_mean,w00_s002,0,1,15,0.7111111111111111
static,next_1_4,heldout_snapshot,physical_action+token_history,shift_mean,w00_s003,0,1,39,0.6239316239316239
static,next_1_4,heldout_snapshot,physical_action+token_history,shift_mean,w00_s004,0,1,28,0.7023809523809522
static,next_1_4,heldout_snapshot,physical_action+token_history,shift_mean,w00_s005,0,1,15,0.7555555555555554
static,next_1_4,heldout_snapshot,physical_action+token_history,shift_mean,w01_s003,1,1,15,0.7777777777777778
static,next_1_4,heldout_snapshot,physical_action+token_history,shift_mean,w02_s002,2,1,39,0.6837606837606837
static,next_1_4,heldout_snapshot,physical_action+token_history,shift_mean,w02_s004,2,1,55,0.8848484848484848
static,next_1_4,heldout_worker,physical+aggregate_current,shift_mean,w00_s002,0,1,15,0.6000000000000001
static,next_1_4,heldout_worker,physical+aggregate_current,shift_mean,w00_s003,0,1,39,0.7094017094017094
static,next_1_4,heldout_worker,physical+aggregate_current,shift_mean,w00_s004,0,1,28,0.5714285714285714
static,next_1_4,heldout_worker,physical+aggregate_current,shift_mean,w00_s005,0,1,15,0.888888888888889
static,next_1_4,heldout_worker,physical+aggregate_current,shift_mean,w01_s003,1,1,15,0.9777777777777779
static,next_1_4,heldout_worker,physical+aggregate_current,shift_mean,w02_s002,2,1,39,0.7350427350427351
static,next_1_4,heldout_worker,physical+aggregate_current,shift_mean,w02_s004,2,1,55,0.8787878787878788
static,next_1_4,heldout_worker,physical+token_current,shift_mean,w00_s002,0,1,15,0.6888888888888888
static,next_1_4,heldout_worker,physical+token_current,shift_mean,w00_s003,0,1,39,0.6923076923076924
static,next_1_4,heldout_worker,physical+token_current,shift_mean,w00_s004,0,1,28,0.6190476190476192
static,next_1_4,heldout_worker,physical+token_current,shift_mean,w00_s005,0,1,15,0.9111111111111111
static,next_1_4,heldout_worker,physical+token_current,shift_mean,w01_s003,1,1,15,0.9333333333333332
static,next_1_4,heldout_worker,physical+token_current,shift_mean,w02_s002,2,1,39,0.5299145299145299
static,next_1_4,heldout_worker,physical+token_current,shift_mean,w02_s004,2,1,55,0.8242424242424241
static,next_1_4,heldout_worker,physical+token_history,shift_mean,w00_s002,0,1,15,0.4444444444444444
static,next_1_4,heldout_worker,physical+token_history,shift_mean,w00_s003,0,1,39,0.5726495726495726
static,next_1_4,heldout_worker,physical+token_history,shift_mean,w00_s004,0,1,28,0.4523809523809524
static,next_1_4,heldout_worker,physical+token_history,shift_mean,w00_s005,0,1,15,0.7333333333333333
static,next_1_4,heldout_worker,physical+token_history,shift_mean,w01_s003,1,1,15,0.9111111111111111
static,next_1_4,heldout_worker,physical+token_history,shift_mean,w02_s002,2,1,39,0.45299145299145294
static,next_1_4,heldout_worker,physical+token_history,shift_mean,w02_s004,2,1,55,0.7393939393939394
static,next_1_4,heldout_worker,physical_action+aggregate_current,shift_mean,w00_s002,0,1,15,0.9333333333333332
static,next_1_4,heldout_worker,physical_action+aggregate_current,shift_mean,w00_s003,0,1,39,0.7692307692307693
static,next_1_4,heldout_worker,physical_action+aggregate_current,shift_mean,w00_s004,0,1,28,0.7857142857142857
static,next_1_4,heldout_worker,physical_action+aggregate_current,shift_mean,w00_s005,0,1,15,0.9333333333333332
static,next_1_4,heldout_worker,physical_action+aggregate_current,shift_mean,w01_s003,1,1,15,1.0
static,next_1_4,heldout_worker,physical_action+aggregate_current,shift_mean,w02_s002,2,1,39,0.717948717948718
static,next_1_4,heldout_worker,physical_action+aggregate_current,shift_mean,w02_s004,2,1,55,0.9272727272727272
static,next_1_4,heldout_worker,physical_action+token_current,shift_mean,w00_s002,0,1,15,0.9555555555555556
static,next_1_4,heldout_worker,physical_action+token_current,shift_mean,w00_s003,0,1,39,0.7606837606837606
static,next_1_4,heldout_worker,physical_action+token_current,shift_mean,w00_s004,0,1,28,0.7261904761904762
static,next_1_4,heldout_worker,physical_action+token_current,shift_mean,w00_s005,0,1,15,0.9333333333333332
static,next_1_4,heldout_worker,physical_action+token_current,shift_mean,w01_s003,1,1,15,0.9333333333333332
static,next_1_4,heldout_worker,physical_action+token_current,shift_mean,w02_s002,2,1,39,0.6752136752136751
static,next_1_4,heldout_worker,physical_action+token_current,shift_mean,w02_s004,2,1,55,0.8666666666666668
static,next_1_4,heldout_worker,physical_action+token_history,shift_mean,w00_s002,0,1,15,0.7333333333333333
static,next_1_4,heldout_worker,physical_action+token_history,shift_mean,w00_s003,0,1,39,0.7008547008547009
static,next_1_4,heldout_worker,physical_action+token_history,shift_mean,w00_s004,0,1,28,0.7023809523809524
static,next_1_4,heldout_worker,physical_action+token_history,shift_mean,w00_s005,0,1,15,0.888888888888889
static,next_1_4,heldout_worker,physical_action+token_history,shift_mean,w01_s003,1,1,15,0.888888888888889
static,next_1_4,heldout_worker,physical_action+token_history,shift_mean,w02_s002,2,1,39,0.5897435897435898
static,next_1_4,heldout_worker,physical_action+token_history,shift_mean,w02_s004,2,1,55,0.8363636363636363
static,next_5_8,heldout_snapshot,physical+aggregate_current,shift_mean,w00_s001,0,1,48,0.8958333333333334
static,next_5_8,heldout_snapshot,physical+aggregate_current,shift_mean,w00_s002,0,1,15,0.5555555555555556
static,next_5_8,heldout_snapshot,physical+aggregate_current,shift_mean,w00_s003,0,2,69,0.5603864734299516
static,next_5_8,heldout_snapshot,physical+aggregate_current,shift_mean,w00_s004,0,2,41,0.7560975609756098
static,next_5_8,heldout_snapshot,physical+aggregate_current,shift_mean,w00_s005,0,1,15,0.9777777777777779
static,next_5_8,heldout_snapshot,physical+aggregate_current,shift_mean,w01_s003,1,1,15,0.8000000000000002
static,next_5_8,heldout_snapshot,physical+aggregate_current,shift_mean,w02_s000,2,1,63,0.5978835978835979
static,next_5_8,heldout_snapshot,physical+aggregate_current,shift_mean,w02_s001,2,1,28,0.8809523809523808
static,next_5_8,heldout_snapshot,physical+aggregate_current,shift_mean,w02_s002,2,2,75,0.6177777777777778
static,next_5_8,heldout_snapshot,physical+aggregate_current,shift_mean,w02_s004,2,2,83,0.6947791164658634
static,next_5_8,heldout_snapshot,physical+token_current,shift_mean,w00_s001,0,1,48,0.7638888888888888
static,next_5_8,heldout_snapshot,physical+token_current,shift_mean,w00_s002,0,1,15,0.6222222222222222
static,next_5_8,heldout_snapshot,physical+token_current,shift_mean,w00_s003,0,2,69,0.5410628019323671
static,next_5_8,heldout_snapshot,physical+token_current,shift_mean,w00_s004,0,2,41,0.7804878048780488
static,next_5_8,heldout_snapshot,physical+token_current,shift_mean,w00_s005,0,1,15,1.0
static,next_5_8,heldout_snapshot,physical+token_current,shift_mean,w01_s003,1,1,15,0.6
static,next_5_8,heldout_snapshot,physical+token_current,shift_mean,w02_s000,2,1,63,0.6666666666666666
static,next_5_8,heldout_snapshot,physical+token_current,shift_mean,w02_s001,2,1,28,0.8452380952380952
static,next_5_8,heldout_snapshot,physical+token_current,shift_mean,w02_s002,2,2,75,0.6533333333333333
static,next_5_8,heldout_snapshot,physical+token_current,shift_mean,w02_s004,2,2,83,0.6987951807228916
static,next_5_8,heldout_snapshot,physical+token_history,shift_mean,w00_s001,0,1,48,0.625
static,next_5_8,heldout_snapshot,physical+token_history,shift_mean,w00_s002,0,1,15,0.3333333333333333
static,next_5_8,heldout_snapshot,physical+token_history,shift_mean,w00_s003,0,2,69,0.4347826086956521
static,next_5_8,heldout_snapshot,physical+token_history,shift_mean,w00_s004,0,2,41,0.5447154471544715
static,next_5_8,heldout_snapshot,physical+token_history,shift_mean,w00_s005,0,1,15,0.5111111111111111
static,next_5_8,heldout_snapshot,physical+token_history,shift_mean,w01_s003,1,1,15,0.26666666666666666
static,next_5_8,heldout_snapshot,physical+token_history,shift_mean,w02_s000,2,1,63,0.6137566137566138
static,next_5_8,heldout_snapshot,physical+token_history,shift_mean,w02_s001,2,1,28,0.7261904761904763
static,next_5_8,heldout_snapshot,physical+token_history,shift_mean,w02_s002,2,2,75,0.56
static,next_5_8,heldout_snapshot,physical+token_history,shift_mean,w02_s004,2,2,83,0.6385542168674698
static,next_5_8,heldout_snapshot,physical_action+aggregate_current,shift_mean,w00_s001,0,1,48,1.0
static,next_5_8,heldout_snapshot,physical_action+aggregate_current,shift_mean,w00_s002,0,1,15,0.9555555555555556
static,next_5_8,heldout_snapshot,physical_action+aggregate_current,shift_mean,w00_s003,0,2,69,0.8695652173913043
static,next_5_8,heldout_snapshot,physical_action+aggregate_current,shift_mean,w00_s004,0,2,41,0.9024390243902439
static,next_5_8,heldout_snapshot,physical_action+aggregate_current,shift_mean,w00_s005,0,1,15,0.9777777777777779
static,next_5_8,heldout_snapshot,physical_action+aggregate_current,shift_mean,w01_s003,1,1,15,1.0
static,next_5_8,heldout_snapshot,physical_action+aggregate_current,shift_mean,w02_s000,2,1,63,0.8888888888888888
static,next_5_8,heldout_snapshot,physical_action+aggregate_current,shift_mean,w02_s001,2,1,28,0.9285714285714285
static,next_5_8,heldout_snapshot,physical_action+aggregate_current,shift_mean,w02_s002,2,2,75,0.7733333333333332
static,next_5_8,heldout_snapshot,physical_action+aggregate_current,shift_mean,w02_s004,2,2,83,0.8955823293172692
static,next_5_8,heldout_snapshot,physical_action+token_current,shift_mean,w00_s001,0,1,48,1.0
static,next_5_8,heldout_snapshot,physical_action+token_current,shift_mean,w00_s002,0,1,15,0.888888888888889
static,next_5_8,heldout_snapshot,physical_action+token_current,shift_mean,w00_s003,0,2,69,0.7971014492753622
static,next_5_8,heldout_snapshot,physical_action+token_current,shift_mean,w00_s004,0,2,41,0.894308943089431
static,next_5_8,heldout_snapshot,physical_action+token_current,shift_mean,w00_s005,0,1,15,0.9555555555555556
static,next_5_8,heldout_snapshot,physical_action+token_current,shift_mean,w01_s003,1,1,15,1.0
static,next_5_8,heldout_snapshot,physical_action+token_current,shift_mean,w02_s000,2,1,63,0.8677248677248678
static,next_5_8,heldout_snapshot,physical_action+token_current,shift_mean,w02_s001,2,1,28,0.9166666666666666
static,next_5_8,heldout_snapshot,physical_action+token_current,shift_mean,w02_s002,2,2,75,0.7644444444444444
static,next_5_8,heldout_snapshot,physical_action+token_current,shift_mean,w02_s004,2,2,83,0.9156626506024096
static,next_5_8,heldout_snapshot,physical_action+token_history,shift_mean,w00_s001,0,1,48,1.0
static,next_5_8,heldout_snapshot,physical_action+token_history,shift_mean,w00_s002,0,1,15,0.9333333333333332
static,next_5_8,heldout_snapshot,physical_action+token_history,shift_mean,w00_s003,0,2,69,0.7729468599033815
static,next_5_8,heldout_snapshot,physical_action+token_history,shift_mean,w00_s004,0,2,41,0.8699186991869919
static,next_5_8,heldout_snapshot,physical_action+token_history,shift_mean,w00_s005,0,1,15,0.9111111111111111
static,next_5_8,heldout_snapshot,physical_action+token_history,shift_mean,w01_s003,1,1,15,1.0
static,next_5_8,heldout_snapshot,physical_action+token_history,shift_mean,w02_s000,2,1,63,0.8941798941798943
static,next_5_8,heldout_snapshot,physical_action+token_history,shift_mean,w02_s001,2,1,28,0.8809523809523808
static,next_5_8,heldout_snapshot,physical_action+token_history,shift_mean,w02_s002,2,2,75,0.711111111111111
static,next_5_8,heldout_snapshot,physical_action+token_history,shift_mean,w02_s004,2,2,83,0.9236947791164658
static,next_5_8,heldout_worker,physical+aggregate_current,shift_mean,w00_s001,0,1,48,0.45138888888888884
static,next_5_8,heldout_worker,physical+aggregate_current,shift_mean,w00_s002,0,1,15,0.6222222222222222
static,next_5_8,heldout_worker,physical+aggregate_current,shift_mean,w00_s003,0,2,69,0.5845410628019324
static,next_5_8,heldout_worker,physical+aggregate_current,shift_mean,w00_s004,0,2,41,0.6016260162601627
static,next_5_8,heldout_worker,physical+aggregate_current,shift_mean,w00_s005,0,1,15,0.888888888888889
static,next_5_8,heldout_worker,physical+aggregate_current,shift_mean,w01_s003,1,1,15,0.8222222222222223
static,next_5_8,heldout_worker,physical+aggregate_current,shift_mean,w02_s000,2,1,63,0.3703703703703704
static,next_5_8,heldout_worker,physical+aggregate_current,shift_mean,w02_s001,2,1,28,0.8809523809523808
static,next_5_8,heldout_worker,physical+aggregate_current,shift_mean,w02_s002,2,2,75,0.4088888888888889
static,next_5_8,heldout_worker,physical+aggregate_current,shift_mean,w02_s004,2,2,83,0.5742971887550201
static,next_5_8,heldout_worker,physical+token_current,shift_mean,w00_s001,0,1,48,0.47222222222222227
static,next_5_8,heldout_worker,physical+token_current,shift_mean,w00_s002,0,1,15,0.5111111111111112
static,next_5_8,heldout_worker,physical+token_current,shift_mean,w00_s003,0,2,69,0.5265700483091788
static,next_5_8,heldout_worker,physical+token_current,shift_mean,w00_s004,0,2,41,0.5853658536585366
static,next_5_8,heldout_worker,physical+token_current,shift_mean,w00_s005,0,1,15,0.6444444444444445
static,next_5_8,heldout_worker,physical+token_current,shift_mean,w01_s003,1,1,15,0.8222222222222223
static,next_5_8,heldout_worker,physical+token_current,shift_mean,w02_s000,2,1,63,0.3544973544973546
static,next_5_8,heldout_worker,physical+token_current,shift_mean,w02_s001,2,1,28,0.9047619047619048
static,next_5_8,heldout_worker,physical+token_current,shift_mean,w02_s002,2,2,75,0.43555555555555553
static,next_5_8,heldout_worker,physical+token_current,shift_mean,w02_s004,2,2,83,0.5542168674698795
static,next_5_8,heldout_worker,physical+token_history,shift_mean,w00_s001,0,1,48,0.4861111111111111
static,next_5_8,heldout_worker,physical+token_history,shift_mean,w00_s002,0,1,15,0.4000000000000001
static,next_5_8,heldout_worker,physical+token_history,shift_mean,w00_s003,0,2,69,0.463768115942029
static,next_5_8,heldout_worker,physical+token_history,shift_mean,w00_s004,0,2,41,0.5203252032520326
static,next_5_8,heldout_worker,physical+token_history,shift_mean,w00_s005,0,1,15,0.4000000000000001
static,next_5_8,heldout_worker,physical+token_history,shift_mean,w01_s003,1,1,15,0.5777777777777778
static,next_5_8,heldout_worker,physical+token_history,shift_mean,w02_s000,2,1,63,0.4444444444444445
static,next_5_8,heldout_worker,physical+token_history,shift_mean,w02_s001,2,1,28,0.5714285714285714
static,next_5_8,heldout_worker,physical+token_history,shift_mean,w02_s002,2,2,75,0.4266666666666667
static,next_5_8,heldout_worker,physical+token_history,shift_mean,w02_s004,2,2,83,0.5421686746987951
static,next_5_8,heldout_worker,physical_action+aggregate_current,shift_mean,w00_s001,0,1,48,1.0
static,next_5_8,heldout_worker,physical_action+aggregate_current,shift_mean,w00_s002,0,1,15,0.8222222222222223
static,next_5_8,heldout_worker,physical_action+aggregate_current,shift_mean,w00_s003,0,2,69,0.7729468599033815
static,next_5_8,heldout_worker,physical_action+aggregate_current,shift_mean,w00_s004,0,2,41,0.8292682926829268
static,next_5_8,heldout_worker,physical_action+aggregate_current,shift_mean,w00_s005,0,1,15,0.9111111111111111
static,next_5_8,heldout_worker,physical_action+aggregate_current,shift_mean,w01_s003,1,1,15,1.0
static,next_5_8,heldout_worker,physical_action+aggregate_current,shift_mean,w02_s000,2,1,63,0.798941798941799
static,next_5_8,heldout_worker,physical_action+aggregate_current,shift_mean,w02_s001,2,1,28,0.8690476190476192
static,next_5_8,heldout_worker,physical_action+aggregate_current,shift_mean,w02_s002,2,2,75,0.76
static,next_5_8,heldout_worker,physical_action+aggregate_current,shift_mean,w02_s004,2,2,83,0.9236947791164658
static,next_5_8,heldout_worker,physical_action+token_current,shift_mean,w00_s001,0,1,48,0.9930555555555555
static,next_5_8,heldout_worker,physical_action+token_current,shift_mean,w00_s002,0,1,15,0.8666666666666667
static,next_5_8,heldout_worker,physical_action+token_current,shift_mean,w00_s003,0,2,69,0.7439613526570048
static,next_5_8,heldout_worker,physical_action+token_current,shift_mean,w00_s004,0,2,41,0.7235772357723578
static,next_5_8,heldout_worker,physical_action+token_current,shift_mean,w00_s005,0,1,15,0.888888888888889
static,next_5_8,heldout_worker,physical_action+token_current,shift_mean,w01_s003,1,1,15,1.0
static,next_5_8,heldout_worker,physical_action+token_current,shift_mean,w02_s000,2,1,63,0.7936507936507936
static,next_5_8,heldout_worker,physical_action+token_current,shift_mean,w02_s001,2,1,28,0.9047619047619048
static,next_5_8,heldout_worker,physical_action+token_current,shift_mean,w02_s002,2,2,75,0.768888888888889
static,next_5_8,heldout_worker,physical_action+token_current,shift_mean,w02_s004,2,2,83,0.931726907630522
static,next_5_8,heldout_worker,physical_action+token_history,shift_mean,w00_s001,0,1,48,0.9722222222222223
static,next_5_8,heldout_worker,physical_action+token_history,shift_mean,w00_s002,0,1,15,0.8222222222222223
static,next_5_8,heldout_worker,physical_action+token_history,shift_mean,w00_s003,0,2,69,0.7342995169082126
static,next_5_8,heldout_worker,physical_action+token_history,shift_mean,w00_s004,0,2,41,0.7073170731707318
static,next_5_8,heldout_worker,physical_action+token_history,shift_mean,w00_s005,0,1,15,0.8000000000000002
static,next_5_8,heldout_worker,physical_action+token_history,shift_mean,w01_s003,1,1,15,1.0
static,next_5_8,heldout_worker,physical_action+token_history,shift_mean,w02_s000,2,1,63,0.7777777777777777
static,next_5_8,heldout_worker,physical_action+token_history,shift_mean,w02_s001,2,1,28,0.8690476190476192
static,next_5_8,heldout_worker,physical_action+token_history,shift_mean,w02_s002,2,2,75,0.7155555555555555
static,next_5_8,heldout_worker,physical_action+token_history,shift_mean,w02_s004,2,2,83,0.7951807228915663
static,next_9_12,heldout_snapshot,physical+aggregate_current,shift_mean,w00_s000,0,1,15,0.3333333333333333
static,next_9_12,heldout_snapshot,physical+aggregate_current,shift_mean,w00_s001,0,1,48,0.2986111111111111
static,next_9_12,heldout_snapshot,physical+aggregate_current,shift_mean,w00_s002,0,1,15,0.3777777777777777
static,next_9_12,heldout_snapshot,physical+aggregate_current,shift_mean,w00_s003,0,3,85,0.5568627450980391
static,next_9_12,heldout_snapshot,physical+aggregate_current,shift_mean,w00_s004,0,2,41,0.5121951219512195
static,next_9_12,heldout_snapshot,physical+aggregate_current,shift_mean,w00_s005,0,1,15,0.7555555555555554
static,next_9_12,heldout_snapshot,physical+aggregate_current,shift_mean,w01_s001,1,1,15,0.7555555555555554
static,next_9_12,heldout_snapshot,physical+aggregate_current,shift_mean,w01_s003,1,1,15,0.6222222222222222
static,next_9_12,heldout_snapshot,physical+aggregate_current,shift_mean,w02_s000,2,1,63,0.6825396825396824
static,next_9_12,heldout_snapshot,physical+aggregate_current,shift_mean,w02_s001,2,2,61,0.8306010928961747
static,next_9_12,heldout_snapshot,physical+aggregate_current,shift_mean,w02_s002,2,2,75,0.6177777777777778
static,next_9_12,heldout_snapshot,physical+aggregate_current,shift_mean,w02_s004,2,3,89,0.5430711610486891
static,next_9_12,heldout_snapshot,physical+token_current,shift_mean,w00_s000,0,1,15,0.2222222222222222
static,next_9_12,heldout_snapshot,physical+token_current,shift_mean,w00_s001,0,1,48,0.23611111111111108
static,next_9_12,heldout_snapshot,physical+token_current,shift_mean,w00_s002,0,1,15,0.3777777777777777
static,next_9_12,heldout_snapshot,physical+token_current,shift_mean,w00_s003,0,3,85,0.5999999999999999
static,next_9_12,heldout_snapshot,physical+token_current,shift_mean,w00_s004,0,2,41,0.5609756097560975
static,next_9_12,heldout_snapshot,physical+token_current,shift_mean,w00_s005,0,1,15,0.5777777777777778
static,next_9_12,heldout_snapshot,physical+token_current,shift_mean,w01_s001,1,1,15,0.9555555555555556
static,next_9_12,heldout_snapshot,physical+token_current,shift_mean,w01_s003,1,1,15,0.48888888888888893
static,next_9_12,heldout_snapshot,physical+token_current,shift_mean,w02_s000,2,1,63,0.6402116402116402
static,next_9_12,heldout_snapshot,physical+token_current,shift_mean,w02_s001,2,2,61,0.8415300546448087
static,next_9_12,heldout_snapshot,physical+token_current,shift_mean,w02_s002,2,2,75,0.6933333333333334
static,next_9_12,heldout_snapshot,physical+token_current,shift_mean,w02_s004,2,3,89,0.602996254681648
static,next_9_12,heldout_snapshot,physical+token_history,shift_mean,w00_s000,0,1,15,0.13333333333333333
static,next_9_12,heldout_snapshot,physical+token_history,shift_mean,w00_s001,0,1,48,0.3055555555555555
static,next_9_12,heldout_snapshot,physical+token_history,shift_mean,w00_s002,0,1,15,0.3777777777777777
static,next_9_12,heldout_snapshot,physical+token_history,shift_mean,w00_s003,0,3,85,0.5568627450980392
static,next_9_12,heldout_snapshot,physical+token_history,shift_mean,w00_s004,0,2,41,0.33333333333333337
static,next_9_12,heldout_snapshot,physical+token_history,shift_mean,w00_s005,0,1,15,0.4444444444444444
static,next_9_12,heldout_snapshot,physical+token_history,shift_mean,w01_s001,1,1,15,0.9777777777777779
static,next_9_12,heldout_snapshot,physical+token_history,shift_mean,w01_s003,1,1,15,0.15555555555555556
static,next_9_12,heldout_snapshot,physical+token_history,shift_mean,w02_s000,2,1,63,0.6666666666666666
static,next_9_12,heldout_snapshot,physical+token_history,shift_mean,w02_s001,2,2,61,0.7103825136612022
static,next_9_12,heldout_snapshot,physical+token_history,shift_mean,w02_s002,2,2,75,0.7244444444444443
static,next_9_12,heldout_snapshot,physical+token_history,shift_mean,w02_s004,2,3,89,0.6179775280898876
static,next_9_12,heldout_snapshot,physical_action+aggregate_current,shift_mean,w00_s000,0,1,15,0.9333333333333332
static,next_9_12,heldout_snapshot,physical_action+aggregate_current,shift_mean,w00_s001,0,1,48,0.7152777777777778
static,next_9_12,heldout_snapshot,physical_action+aggregate_current,shift_mean,w00_s002,0,1,15,0.5333333333333333
static,next_9_12,heldout_snapshot,physical_action+aggregate_current,shift_mean,w00_s003,0,3,85,0.807843137254902
static,next_9_12,heldout_snapshot,physical_action+aggregate_current,shift_mean,w00_s004,0,2,41,0.8943089430894309
static,next_9_12,heldout_snapshot,physical_action+aggregate_current,shift_mean,w00_s005,0,1,15,0.5555555555555556
static,next_9_12,heldout_snapshot,physical_action+aggregate_current,shift_mean,w01_s001,1,1,15,0.8000000000000002
static,next_9_12,heldout_snapshot,physical_action+aggregate_current,shift_mean,w01_s003,1,1,15,0.6666666666666666
static,next_9_12,heldout_snapshot,physical_action+aggregate_current,shift_mean,w02_s000,2,1,63,0.8518518518518517
static,next_9_12,heldout_snapshot,physical_action+aggregate_current,shift_mean,w02_s001,2,2,61,0.8907103825136611
static,next_9_12,heldout_snapshot,physical_action+aggregate_current,shift_mean,w02_s002,2,2,75,0.7733333333333333
static,next_9_12,heldout_snapshot,physical_action+aggregate_current,shift_mean,w02_s004,2,3,89,0.8651685393258427
static,next_9_12,heldout_snapshot,physical_action+token_current,shift_mean,w00_s000,0,1,15,0.888888888888889
static,next_9_12,heldout_snapshot,physical_action+token_current,shift_mean,w00_s001,0,1,48,0.6527777777777778
static,next_9_12,heldout_snapshot,physical_action+token_current,shift_mean,w00_s002,0,1,15,0.5111111111111111
static,next_9_12,heldout_snapshot,physical_action+token_current,shift_mean,w00_s003,0,3,85,0.7960784313725491
static,next_9_12,heldout_snapshot,physical_action+token_current,shift_mean,w00_s004,0,2,41,0.8536585365853658
static,next_9_12,heldout_snapshot,physical_action+token_current,shift_mean,w00_s005,0,1,15,0.6444444444444445
static,next_9_12,heldout_snapshot,physical_action+token_current,shift_mean,w01_s001,1,1,15,0.688888888888889
static,next_9_12,heldout_snapshot,physical_action+token_current,shift_mean,w01_s003,1,1,15,0.7555555555555554
static,next_9_12,heldout_snapshot,physical_action+token_current,shift_mean,w02_s000,2,1,63,0.8465608465608465
static,next_9_12,heldout_snapshot,physical_action+token_current,shift_mean,w02_s001,2,2,61,0.8688524590163934
static,next_9_12,heldout_snapshot,physical_action+token_current,shift_mean,w02_s002,2,2,75,0.7866666666666666
static,next_9_12,heldout_snapshot,physical_action+token_current,shift_mean,w02_s004,2,3,89,0.8352059925093632
static,next_9_12,heldout_snapshot,physical_action+token_history,shift_mean,w00_s000,0,1,15,0.8444444444444444
static,next_9_12,heldout_snapshot,physical_action+token_history,shift_mean,w00_s001,0,1,48,0.6249999999999999
static,next_9_12,heldout_snapshot,physical_action+token_history,shift_mean,w00_s002,0,1,15,0.3777777777777777
static,next_9_12,heldout_snapshot,physical_action+token_history,shift_mean,w00_s003,0,3,85,0.7098039215686275
static,next_9_12,heldout_snapshot,physical_action+token_history,shift_mean,w00_s004,0,2,41,0.8292682926829268
static,next_9_12,heldout_snapshot,physical_action+token_history,shift_mean,w00_s005,0,1,15,0.7333333333333333
static,next_9_12,heldout_snapshot,physical_action+token_history,shift_mean,w01_s001,1,1,15,0.7555555555555554
static,next_9_12,heldout_snapshot,physical_action+token_history,shift_mean,w01_s003,1,1,15,0.7999999999999999
static,next_9_12,heldout_snapshot,physical_action+token_history,shift_mean,w02_s000,2,1,63,0.8095238095238094
static,next_9_12,heldout_snapshot,physical_action+token_history,shift_mean,w02_s001,2,2,61,0.8633879781420766
static,next_9_12,heldout_snapshot,physical_action+token_history,shift_mean,w02_s002,2,2,75,0.8044444444444444
static,next_9_12,heldout_snapshot,physical_action+token_history,shift_mean,w02_s004,2,3,89,0.8277153558052435
static,next_9_12,heldout_worker,physical+aggregate_current,shift_mean,w00_s000,0,1,15,0.24444444444444446
static,next_9_12,heldout_worker,physical+aggregate_current,shift_mean,w00_s001,0,1,48,0.18055555555555555
static,next_9_12,heldout_worker,physical+aggregate_current,shift_mean,w00_s002,0,1,15,0.24444444444444446
static,next_9_12,heldout_worker,physical+aggregate_current,shift_mean,w00_s003,0,3,85,0.5647058823529412
static,next_9_12,heldout_worker,physical+aggregate_current,shift_mean,w00_s004,0,2,41,0.2276422764227642
static,next_9_12,heldout_worker,physical+aggregate_current,shift_mean,w00_s005,0,1,15,0.4222222222222222
static,next_9_12,heldout_worker,physical+aggregate_current,shift_mean,w01_s001,1,1,15,0.6888888888888888
static,next_9_12,heldout_worker,physical+aggregate_current,shift_mean,w01_s003,1,1,15,0.8222222222222223
static,next_9_12,heldout_worker,physical+aggregate_current,shift_mean,w02_s000,2,1,63,0.31216931216931215
static,next_9_12,heldout_worker,physical+aggregate_current,shift_mean,w02_s001,2,2,61,0.7486338797814206
static,next_9_12,heldout_worker,physical+aggregate_current,shift_mean,w02_s002,2,2,75,0.14666666666666667
static,next_9_12,heldout_worker,physical+aggregate_current,shift_mean,w02_s004,2,3,89,0.3632958801498127
static,next_9_12,heldout_worker,physical+token_current,shift_mean,w00_s000,0,1,15,0.1333333333333333
static,next_9_12,heldout_worker,physical+token_current,shift_mean,w00_s001,0,1,48,0.25
static,next_9_12,heldout_worker,physical+token_current,shift_mean,w00_s002,0,1,15,0.24444444444444444
static,next_9_12,heldout_worker,physical+token_current,shift_mean,w00_s003,0,3,85,0.5568627450980391
static,next_9_12,heldout_worker,physical+token_current,shift_mean,w00_s004,0,2,41,0.2520325203252033
static,next_9_12,heldout_worker,physical+token_current,shift_mean,w00_s005,0,1,15,0.3333333333333333
static,next_9_12,heldout_worker,physical+token_current,shift_mean,w01_s001,1,1,15,0.888888888888889
static,next_9_12,heldout_worker,physical+token_current,shift_mean,w01_s003,1,1,15,0.7555555555555554
static,next_9_12,heldout_worker,physical+token_current,shift_mean,w02_s000,2,1,63,0.4338624338624339
static,next_9_12,heldout_worker,physical+token_current,shift_mean,w02_s001,2,2,61,0.7049180327868853
static,next_9_12,heldout_worker,physical+token_current,shift_mean,w02_s002,2,2,75,0.21333333333333335
static,next_9_12,heldout_worker,physical+token_current,shift_mean,w02_s004,2,3,89,0.40074906367041196
static,next_9_12,heldout_worker,physical+token_history,shift_mean,w00_s000,0,1,15,0.15555555555555556
static,next_9_12,heldout_worker,physical+token_history,shift_mean,w00_s001,0,1,48,0.36111111111111116
static,next_9_12,heldout_worker,physical+token_history,shift_mean,w00_s002,0,1,15,0.3333333333333333
static,next_9_12,heldout_worker,physical+token_history,shift_mean,w00_s003,0,3,85,0.5607843137254902
static,next_9_12,heldout_worker,physical+token_history,shift_mean,w00_s004,0,2,41,0.21138211382113825
static,next_9_12,heldout_worker,physical+token_history,shift_mean,w00_s005,0,1,15,0.24444444444444444
static,next_9_12,heldout_worker,physical+token_history,shift_mean,w01_s001,1,1,15,0.888888888888889
static,next_9_12,heldout_worker,physical+token_history,shift_mean,w01_s003,1,1,15,0.4000000000000001
static,next_9_12,heldout_worker,physical+token_history,shift_mean,w02_s000,2,1,63,0.507936507936508
static,next_9_12,heldout_worker,physical+token_history,shift_mean,w02_s001,2,2,61,0.5901639344262295
static,next_9_12,heldout_worker,physical+token_history,shift_mean,w02_s002,2,2,75,0.2711111111111111
static,next_9_12,heldout_worker,physical+token_history,shift_mean,w02_s004,2,3,89,0.48314606741573024
static,next_9_12,heldout_worker,physical_action+aggregate_current,shift_mean,w00_s000,0,1,15,0.8000000000000002
static,next_9_12,heldout_worker,physical_action+aggregate_current,shift_mean,w00_s001,0,1,48,0.4861111111111111
static,next_9_12,heldout_worker,physical_action+aggregate_current,shift_mean,w00_s002,0,1,15,0.4000000000000001
static,next_9_12,heldout_worker,physical_action+aggregate_current,shift_mean,w00_s003,0,3,85,0.6784313725490196
static,next_9_12,heldout_worker,physical_action+aggregate_current,shift_mean,w00_s004,0,2,41,0.6016260162601625
static,next_9_12,heldout_worker,physical_action+aggregate_current,shift_mean,w00_s005,0,1,15,0.5333333333333333
static,next_9_12,heldout_worker,physical_action+aggregate_current,shift_mean,w01_s001,1,1,15,0.4444444444444445
static,next_9_12,heldout_worker,physical_action+aggregate_current,shift_mean,w01_s003,1,1,15,0.8444444444444444
static,next_9_12,heldout_worker,physical_action+aggregate_current,shift_mean,w02_s000,2,1,63,0.6296296296296297
static,next_9_12,heldout_worker,physical_action+aggregate_current,shift_mean,w02_s001,2,2,61,0.8633879781420765
static,next_9_12,heldout_worker,physical_action+aggregate_current,shift_mean,w02_s002,2,2,75,0.44888888888888895
static,next_9_12,heldout_worker,physical_action+aggregate_current,shift_mean,w02_s004,2,3,89,0.6516853932584269
static,next_9_12,heldout_worker,physical_action+token_current,shift_mean,w00_s000,0,1,15,0.7333333333333333
static,next_9_12,heldout_worker,physical_action+token_current,shift_mean,w00_s001,0,1,48,0.5694444444444444
static,next_9_12,heldout_worker,physical_action+token_current,shift_mean,w00_s002,0,1,15,0.3777777777777777
static,next_9_12,heldout_worker,physical_action+token_current,shift_mean,w00_s003,0,3,85,0.7372549019607842
static,next_9_12,heldout_worker,physical_action+token_current,shift_mean,w00_s004,0,2,41,0.5528455284552846
static,next_9_12,heldout_worker,physical_action+token_current,shift_mean,w00_s005,0,1,15,0.6
static,next_9_12,heldout_worker,physical_action+token_current,shift_mean,w01_s001,1,1,15,0.5111111111111112
static,next_9_12,heldout_worker,physical_action+token_current,shift_mean,w01_s003,1,1,15,0.7999999999999999
static,next_9_12,heldout_worker,physical_action+token_current,shift_mean,w02_s000,2,1,63,0.6666666666666666
static,next_9_12,heldout_worker,physical_action+token_current,shift_mean,w02_s001,2,2,61,0.819672131147541
static,next_9_12,heldout_worker,physical_action+token_current,shift_mean,w02_s002,2,2,75,0.5377777777777777
static,next_9_12,heldout_worker,physical_action+token_current,shift_mean,w02_s004,2,3,89,0.651685393258427
static,next_9_12,heldout_worker,physical_action+token_history,shift_mean,w00_s000,0,1,15,0.6444444444444445
static,next_9_12,heldout_worker,physical_action+token_history,shift_mean,w00_s001,0,1,48,0.548611111111111
static,next_9_12,heldout_worker,physical_action+token_history,shift_mean,w00_s002,0,1,15,0.46666666666666673
static,next_9_12,heldout_worker,physical_action+token_history,shift_mean,w00_s003,0,3,85,0.6745098039215687
static,next_9_12,heldout_worker,physical_action+token_history,shift_mean,w00_s004,0,2,41,0.5365853658536585
static,next_9_12,heldout_worker,physical_action+token_history,shift_mean,w00_s005,0,1,15,0.48888888888888893
static,next_9_12,heldout_worker,physical_action+token_history,shift_mean,w01_s001,1,1,15,0.4444444444444445
static,next_9_12,heldout_worker,physical_action+token_history,shift_mean,w01_s003,1,1,15,0.8666666666666667
static,next_9_12,heldout_worker,physical_action+token_history,shift_mean,w02_s000,2,1,63,0.6084656084656085
static,next_9_12,heldout_worker,physical_action+token_history,shift_mean,w02_s001,2,2,61,0.8087431693989071
static,next_9_12,heldout_worker,physical_action+token_history,shift_mean,w02_s002,2,2,75,0.591111111111111
static,next_9_12,heldout_worker,physical_action+token_history,shift_mean,w02_s004,2,3,89,0.6554307116104868
trap,next_1_4,heldout_snapshot,physical+aggregate_current,shift_mean,w00_s000,0,1,55,1.0
trap,next_1_4,heldout_snapshot,physical+aggregate_current,shift_mean,w00_s001,0,3,62,0.9784946236559138
trap,next_1_4,heldout_snapshot,physical+aggregate_current,shift_mean,w00_s002,0,2,80,0.9333333333333333
trap,next_1_4,heldout_snapshot,physical+aggregate_current,shift_mean,w00_s003,0,3,81,0.8806584362139918
trap,next_1_4,heldout_snapshot,physical+aggregate_current,shift_mean,w00_s004,0,1,63,0.9365079365079364
trap,next_1_4,heldout_snapshot,physical+aggregate_current,shift_mean,w00_s005,0,3,69,0.8067632850241546
trap,next_1_4,heldout_snapshot,physical+aggregate_current,shift_mean,w01_s000,1,3,69,0.7053140096618357
trap,next_1_4,heldout_snapshot,physical+aggregate_current,shift_mean,w01_s001,1,3,62,0.8333333333333334
trap,next_1_4,heldout_snapshot,physical+aggregate_current,shift_mean,w01_s002,1,2,61,0.9289617486338798
trap,next_1_4,heldout_snapshot,physical+aggregate_current,shift_mean,w01_s003,1,3,62,0.8440860215053764
trap,next_1_4,heldout_snapshot,physical+aggregate_current,shift_mean,w01_s004,1,3,77,0.7835497835497834
trap,next_1_4,heldout_snapshot,physical+aggregate_current,shift_mean,w02_s000,2,3,71,0.7230046948356808
trap,next_1_4,heldout_snapshot,physical+aggregate_current,shift_mean,w02_s001,2,2,59,0.9265536723163843
trap,next_1_4,heldout_snapshot,physical+aggregate_current,shift_mean,w02_s002,2,3,87,0.7203065134099618
trap,next_1_4,heldout_snapshot,physical+aggregate_current,shift_mean,w02_s003,2,3,86,0.8062015503875969
trap,next_1_4,heldout_snapshot,physical+aggregate_current,shift_mean,w02_s004,2,3,87,0.6819923371647509
trap,next_1_4,heldout_snapshot,physical+aggregate_current,shift_mean,w03_s005,3,1,15,0.888888888888889
trap,next_1_4,heldout_snapshot,physical+token_current,shift_mean,w00_s000,0,1,55,1.0
trap,next_1_4,heldout_snapshot,physical+token_current,shift_mean,w00_s001,0,3,62,0.989247311827957
trap,next_1_4,heldout_snapshot,physical+token_current,shift_mean,w00_s002,0,2,80,0.9125
trap,next_1_4,heldout_snapshot,physical+token_current,shift_mean,w00_s003,0,3,81,0.8971193415637859
trap,next_1_4,heldout_snapshot,physical+token_current,shift_mean,w00_s004,0,1,63,0.9470899470899471
trap,next_1_4,heldout_snapshot,physical+token_current,shift_mean,w00_s005,0,3,69,0.8067632850241546
trap,next_1_4,heldout_snapshot,physical+token_current,shift_mean,w01_s000,1,3,69,0.8454106280193237
trap,next_1_4,heldout_snapshot,physical+token_current,shift_mean,w01_s001,1,3,62,0.7903225806451613
trap,next_1_4,heldout_snapshot,physical+token_current,shift_mean,w01_s002,1,2,61,0.9398907103825136
trap,next_1_4,heldout_snapshot,physical+token_current,shift_mean,w01_s003,1,3,62,0.8440860215053764
trap,next_1_4,heldout_snapshot,physical+token_current,shift_mean,w01_s004,1,3,77,0.7445887445887446
trap,next_1_4,heldout_snapshot,physical+token_current,shift_mean,w02_s000,2,3,71,0.7605633802816901
trap,next_1_4,heldout_snapshot,physical+token_current,shift_mean,w02_s001,2,2,59,0.9265536723163843
trap,next_1_4,heldout_snapshot,physical+token_current,shift_mean,w02_s002,2,3,87,0.7203065134099618
trap,next_1_4,heldout_snapshot,physical+token_current,shift_mean,w02_s003,2,3,86,0.7635658914728682
trap,next_1_4,heldout_snapshot,physical+token_current,shift_mean,w02_s004,2,3,87,0.7126436781609196
trap,next_1_4,heldout_snapshot,physical+token_current,shift_mean,w03_s005,3,1,15,0.888888888888889
trap,next_1_4,heldout_snapshot,physical+token_history,shift_mean,w00_s000,0,1,55,1.0
trap,next_1_4,heldout_snapshot,physical+token_history,shift_mean,w00_s001,0,3,62,0.9569892473118279
trap,next_1_4,heldout_snapshot,physical+token_history,shift_mean,w00_s002,0,2,80,0.8958333333333333
trap,next_1_4,heldout_snapshot,physical+token_history,shift_mean,w00_s003,0,3,81,0.8477366255144033
trap,next_1_4,heldout_snapshot,physical+token_history,shift_mean,w00_s004,0,1,63,0.9417989417989419
trap,next_1_4,heldout_snapshot,physical+token_history,shift_mean,w00_s005,0,3,69,0.8019323671497585
trap,next_1_4,heldout_snapshot,physical+token_history,shift_mean,w01_s000,1,3,69,0.7342995169082125
trap,next_1_4,heldout_snapshot,physical+token_history,shift_mean,w01_s001,1,3,62,0.7043010752688171
trap,next_1_4,heldout_snapshot,physical+token_history,shift_mean,w01_s002,1,2,61,0.8142076502732241
trap,next_1_4,heldout_snapshot,physical+token_history,shift_mean,w01_s003,1,3,62,0.8279569892473118
trap,next_1_4,heldout_snapshot,physical+token_history,shift_mean,w01_s004,1,3,77,0.6839826839826839
trap,next_1_4,heldout_snapshot,physical+token_history,shift_mean,w02_s000,2,3,71,0.704225352112676
trap,next_1_4,heldout_snapshot,physical+token_history,shift_mean,w02_s001,2,2,59,0.9322033898305084
trap,next_1_4,heldout_snapshot,physical+token_history,shift_mean,w02_s002,2,3,87,0.689655172413793
trap,next_1_4,heldout_snapshot,physical+token_history,shift_mean,w02_s003,2,3,86,0.7480620155038761
trap,next_1_4,heldout_snapshot,physical+token_history,shift_mean,w02_s004,2,3,87,0.6398467432950191
trap,next_1_4,heldout_snapshot,physical+token_history,shift_mean,w03_s005,3,1,15,0.888888888888889
trap,next_1_4,heldout_snapshot,physical_action+aggregate_current,shift_mean,w00_s000,0,1,55,1.0
trap,next_1_4,heldout_snapshot,physical_action+aggregate_current,shift_mean,w00_s001,0,3,62,0.9946236559139786
trap,next_1_4,heldout_snapshot,physical_action+aggregate_current,shift_mean,w00_s002,0,2,80,0.9333333333333333
trap,next_1_4,heldout_snapshot,physical_action+aggregate_current,shift_mean,w00_s003,0,3,81,0.9012345679012346
trap,next_1_4,heldout_snapshot,physical_action+aggregate_current,shift_mean,w00_s004,0,1,63,1.0
trap,next_1_4,heldout_snapshot,physical_action+aggregate_current,shift_mean,w00_s005,0,3,69,0.9178743961352657
trap,next_1_4,heldout_snapshot,physical_action+aggregate_current,shift_mean,w01_s000,1,3,69,0.8840579710144928
trap,next_1_4,heldout_snapshot,physical_action+aggregate_current,shift_mean,w01_s001,1,3,62,0.9516129032258065
trap,next_1_4,heldout_snapshot,physical_action+aggregate_current,shift_mean,w01_s002,1,2,61,0.9726775956284154
trap,next_1_4,heldout_snapshot,physical_action+aggregate_current,shift_mean,w01_s003,1,3,62,0.9193548387096774
trap,next_1_4,heldout_snapshot,physical_action+aggregate_current,shift_mean,w01_s004,1,3,77,0.8658008658008659
trap,next_1_4,heldout_snapshot,physical_action+aggregate_current,shift_mean,w02_s000,2,3,71,0.6244131455399062
trap,next_1_4,heldout_snapshot,physical_action+aggregate_current,shift_mean,w02_s001,2,2,59,0.9265536723163843
trap,next_1_4,heldout_snapshot,physical_action+aggregate_current,shift_mean,w02_s002,2,3,87,0.7049808429118775
trap,next_1_4,heldout_snapshot,physical_action+aggregate_current,shift_mean,w02_s003,2,3,86,0.7984496124031009
trap,next_1_4,heldout_snapshot,physical_action+aggregate_current,shift_mean,w02_s004,2,3,87,0.7049808429118773
trap,next_1_4,heldout_snapshot,physical_action+aggregate_current,shift_mean,w03_s005,3,1,15,0.6666666666666666
trap,next_1_4,heldout_snapshot,physical_action+token_current,shift_mean,w00_s000,0,1,55,1.0
trap,next_1_4,heldout_snapshot,physical_action+token_current,shift_mean,w00_s001,0,3,62,1.0
trap,next_1_4,heldout_snapshot,physical_action+token_current,shift_mean,w00_s002,0,2,80,0.95
trap,next_1_4,heldout_snapshot,physical_action+token_current,shift_mean,w00_s003,0,3,81,0.9382716049382718
trap,next_1_4,heldout_snapshot,physical_action+token_current,shift_mean,w00_s004,0,1,63,1.0
trap,next_1_4,heldout_snapshot,physical_action+token_current,shift_mean,w00_s005,0,3,69,0.9565217391304348
trap,next_1_4,heldout_snapshot,physical_action+token_current,shift_mean,w01_s000,1,3,69,0.9371980676328503
trap,next_1_4,heldout_snapshot,physical_action+token_current,shift_mean,w01_s001,1,3,62,0.967741935483871
trap,next_1_4,heldout_snapshot,physical_action+token_current,shift_mean,w01_s002,1,2,61,0.9890710382513661
trap,next_1_4,heldout_snapshot,physical_action+token_current,shift_mean,w01_s003,1,3,62,0.8655913978494625
trap,next_1_4,heldout_snapshot,physical_action+token_current,shift_mean,w01_s004,1,3,77,0.8874458874458876
trap,next_1_4,heldout_snapshot,physical_action+token_current,shift_mean,w02_s000,2,3,71,0.7323943661971831
trap,next_1_4,heldout_snapshot,physical_action+token_current,shift_mean,w02_s001,2,2,59,0.9322033898305084
trap,next_1_4,heldout_snapshot,physical_action+token_current,shift_mean,w02_s002,2,3,87,0.8505747126436781
trap,next_1_4,heldout_snapshot,physical_action+token_current,shift_mean,w02_s003,2,3,86,0.8023255813953488
trap,next_1_4,heldout_snapshot,physical_action+token_current,shift_mean,w02_s004,2,3,87,0.8007662835249043
trap,next_1_4,heldout_snapshot,physical_action+token_current,shift_mean,w03_s005,3,1,15,0.7111111111111111
trap,next_1_4,heldout_snapshot,physical_action+token_history,shift_mean,w00_s000,0,1,55,1.0
trap,next_1_4,heldout_snapshot,physical_action+token_history,shift_mean,w00_s001,0,3,62,1.0
trap,next_1_4,heldout_snapshot,physical_action+token_history,shift_mean,w00_s002,0,2,80,0.9416666666666667
trap,next_1_4,heldout_snapshot,physical_action+token_history,shift_mean,w00_s003,0,3,81,0.9588477366255143
trap,next_1_4,heldout_snapshot,physical_action+token_history,shift_mean,w00_s004,0,1,63,1.0
trap,next_1_4,heldout_snapshot,physical_action+token_history,shift_mean,w00_s005,0,3,69,0.9178743961352658
trap,next_1_4,heldout_snapshot,physical_action+token_history,shift_mean,w01_s000,1,3,69,0.855072463768116
trap,next_1_4,heldout_snapshot,physical_action+token_history,shift_mean,w01_s001,1,3,62,0.956989247311828
trap,next_1_4,heldout_snapshot,physical_action+token_history,shift_mean,w01_s002,1,2,61,0.9726775956284155
trap,next_1_4,heldout_snapshot,physical_action+token_history,shift_mean,w01_s003,1,3,62,0.8709677419354839
trap,next_1_4,heldout_snapshot,physical_action+token_history,shift_mean,w01_s004,1,3,77,0.8138528138528138
trap,next_1_4,heldout_snapshot,physical_action+token_history,shift_mean,w02_s000,2,3,71,0.624413145539906
trap,next_1_4,heldout_snapshot,physical_action+token_history,shift_mean,w02_s001,2,2,59,0.9322033898305084
trap,next_1_4,heldout_snapshot,physical_action+token_history,shift_mean,w02_s002,2,3,87,0.8390804597701149
trap,next_1_4,heldout_snapshot,physical_action+token_history,shift_mean,w02_s003,2,3,86,0.6744186046511629
trap,next_1_4,heldout_snapshot,physical_action+token_history,shift_mean,w02_s004,2,3,87,0.6628352490421455
trap,next_1_4,heldout_snapshot,physical_action+token_history,shift_mean,w03_s005,3,1,15,0.8444444444444444
trap,next_1_4,heldout_worker,physical+aggregate_current,shift_mean,w00_s000,0,1,55,1.0
trap,next_1_4,heldout_worker,physical+aggregate_current,shift_mean,w00_s001,0,3,62,0.9516129032258066
trap,next_1_4,heldout_worker,physical+aggregate_current,shift_mean,w00_s002,0,2,80,0.9
trap,next_1_4,heldout_worker,physical+aggregate_current,shift_mean,w00_s003,0,3,81,0.8395061728395061
trap,next_1_4,heldout_worker,physical+aggregate_current,shift_mean,w00_s004,0,1,63,0.888888888888889
trap,next_1_4,heldout_worker,physical+aggregate_current,shift_mean,w00_s005,0,3,69,0.8019323671497585
trap,next_1_4,heldout_worker,physical+aggregate_current,shift_mean,w01_s000,1,3,69,0.6666666666666665
trap,next_1_4,heldout_worker,physical+aggregate_current,shift_mean,w01_s001,1,3,62,0.7258064516129032
trap,next_1_4,heldout_worker,physical+aggregate_current,shift_mean,w01_s002,1,2,61,0.8907103825136613
trap,next_1_4,heldout_worker,physical+aggregate_current,shift_mean,w01_s003,1,3,62,0.8225806451612904
trap,next_1_4,heldout_worker,physical+aggregate_current,shift_mean,w01_s004,1,3,77,0.748917748917749
trap,next_1_4,heldout_worker,physical+aggregate_current,shift_mean,w02_s000,2,3,71,0.647887323943662
trap,next_1_4,heldout_worker,physical+aggregate_current,shift_mean,w02_s001,2,2,59,1.0
trap,next_1_4,heldout_worker,physical+aggregate_current,shift_mean,w02_s002,2,3,87,0.7203065134099618
trap,next_1_4,heldout_worker,physical+aggregate_current,shift_mean,w02_s003,2,3,86,0.8565891472868216
trap,next_1_4,heldout_worker,physical+aggregate_current,shift_mean,w02_s004,2,3,87,0.6666666666666666
trap,next_1_4,heldout_worker,physical+aggregate_current,shift_mean,w03_s005,3,1,15,0.888888888888889
trap,next_1_4,heldout_worker,physical+token_current,shift_mean,w00_s000,0,1,55,1.0
trap,next_1_4,heldout_worker,physical+token_current,shift_mean,w00_s001,0,3,62,0.9516129032258066
trap,next_1_4,heldout_worker,physical+token_current,shift_mean,w00_s002,0,2,80,0.9
trap,next_1_4,heldout_worker,physical+token_current,shift_mean,w00_s003,0,3,81,0.8395061728395061
trap,next_1_4,heldout_worker,physical+token_current,shift_mean,w00_s004,0,1,63,0.888888888888889
trap,next_1_4,heldout_worker,physical+token_current,shift_mean,w00_s005,0,3,69,0.8019323671497585
trap,next_1_4,heldout_worker,physical+token_current,shift_mean,w01_s000,1,3,69,0.714975845410628
trap,next_1_4,heldout_worker,physical+token_current,shift_mean,w01_s001,1,3,62,0.7741935483870969
trap,next_1_4,heldout_worker,physical+token_current,shift_mean,w01_s002,1,2,61,0.912568306010929
trap,next_1_4,heldout_worker,physical+token_current,shift_mean,w01_s003,1,3,62,0.8279569892473118
trap,next_1_4,heldout_worker,physical+token_current,shift_mean,w01_s004,1,3,77,0.7186147186147186
trap,next_1_4,heldout_worker,physical+token_current,shift_mean,w02_s000,2,3,71,0.7089201877934271
trap,next_1_4,heldout_worker,physical+token_current,shift_mean,w02_s001,2,2,59,0.9604519774011299
trap,next_1_4,heldout_worker,physical+token_current,shift_mean,w02_s002,2,3,87,0.7701149425287356
trap,next_1_4,heldout_worker,physical+token_current,shift_mean,w02_s003,2,3,86,0.7286821705426356
trap,next_1_4,heldout_worker,physical+token_current,shift_mean,w02_s004,2,3,87,0.6398467432950192
trap,next_1_4,heldout_worker,physical+token_current,shift_mean,w03_s005,3,1,15,0.888888888888889
trap,next_1_4,heldout_worker,physical+token_history,shift_mean,w00_s000,0,1,55,1.0
trap,next_1_4,heldout_worker,physical+token_history,shift_mean,w00_s001,0,3,62,0.9408602150537635
trap,next_1_4,heldout_worker,physical+token_history,shift_mean,w00_s002,0,2,80,0.8541666666666666
trap,next_1_4,heldout_worker,physical+token_history,shift_mean,w00_s003,0,3,81,0.7901234567901234
trap,next_1_4,heldout_worker,physical+token_history,shift_mean,w00_s004,0,1,63,0.8571428571428571
trap,next_1_4,heldout_worker,physical+token_history,shift_mean,w00_s005,0,3,69,0.7777777777777779
trap,next_1_4,heldout_worker,physical+token_history,shift_mean,w01_s000,1,3,69,0.6618357487922706
trap,next_1_4,heldout_worker,physical+token_history,shift_mean,w01_s001,1,3,62,0.7795698924731185
trap,next_1_4,heldout_worker,physical+token_history,shift_mean,w01_s002,1,2,61,0.8907103825136613
trap,next_1_4,heldout_worker,physical+token_history,shift_mean,w01_s003,1,3,62,0.8387096774193549
trap,next_1_4,heldout_worker,physical+token_history,shift_mean,w01_s004,1,3,77,0.7142857142857142
trap,next_1_4,heldout_worker,physical+token_history,shift_mean,w02_s000,2,3,71,0.6572769953051643
trap,next_1_4,heldout_worker,physical+token_history,shift_mean,w02_s001,2,2,59,0.9661016949152542
trap,next_1_4,heldout_worker,physical+token_history,shift_mean,w02_s002,2,3,87,0.6973180076628352
trap,next_1_4,heldout_worker,physical+token_history,shift_mean,w02_s003,2,3,86,0.7635658914728681
trap,next_1_4,heldout_worker,physical+token_history,shift_mean,w02_s004,2,3,87,0.5862068965517241
trap,next_1_4,heldout_worker,physical+token_history,shift_mean,w03_s005,3,1,15,0.888888888888889
trap,next_1_4,heldout_worker,physical_action+aggregate_current,shift_mean,w00_s000,0,1,55,0.993939393939394
trap,next_1_4,heldout_worker,physical_action+aggregate_current,shift_mean,w00_s001,0,3,62,0.9946236559139786
trap,next_1_4,heldout_worker,physical_action+aggregate_current,shift_mean,w00_s002,0,2,80,0.8916666666666666
trap,next_1_4,heldout_worker,physical_action+aggregate_current,shift_mean,w00_s003,0,3,81,0.8189300411522633
trap,next_1_4,heldout_worker,physical_action+aggregate_current,shift_mean,w00_s004,0,1,63,0.8571428571428572
trap,next_1_4,heldout_worker,physical_action+aggregate_current,shift_mean,w00_s005,0,3,69,0.8115942028985508
trap,next_1_4,heldout_worker,physical_action+aggregate_current,shift_mean,w01_s000,1,3,69,0.8647342995169083
trap,next_1_4,heldout_worker,physical_action+aggregate_current,shift_mean,w01_s001,1,3,62,0.9247311827956991
trap,next_1_4,heldout_worker,physical_action+aggregate_current,shift_mean,w01_s002,1,2,61,0.9453551912568307
trap,next_1_4,heldout_worker,physical_action+aggregate_current,shift_mean,w01_s003,1,3,62,0.8709677419354838
trap,next_1_4,heldout_worker,physical_action+aggregate_current,shift_mean,w01_s004,1,3,77,0.8181818181818182
trap,next_1_4,heldout_worker,physical_action+aggregate_current,shift_mean,w02_s000,2,3,71,0.6103286384976526
trap,next_1_4,heldout_worker,physical_action+aggregate_current,shift_mean,w02_s001,2,2,59,0.9096045197740114
trap,next_1_4,heldout_worker,physical_action+aggregate_current,shift_mean,w02_s002,2,3,87,0.7662835249042146
trap,next_1_4,heldout_worker,physical_action+aggregate_current,shift_mean,w02_s003,2,3,86,0.7480620155038761
trap,next_1_4,heldout_worker,physical_action+aggregate_current,shift_mean,w02_s004,2,3,87,0.5823754789272031
trap,next_1_4,heldout_worker,physical_action+aggregate_current,shift_mean,w03_s005,3,1,15,0.6666666666666666
trap,next_1_4,heldout_worker,physical_action+token_current,shift_mean,w00_s000,0,1,55,1.0
trap,next_1_4,heldout_worker,physical_action+token_current,shift_mean,w00_s001,0,3,62,1.0
trap,next_1_4,heldout_worker,physical_action+token_current,shift_mean,w00_s002,0,2,80,0.95
trap,next_1_4,heldout_worker,physical_action+token_current,shift_mean,w00_s003,0,3,81,0.9094650205761318
trap,next_1_4,heldout_worker,physical_action+token_current,shift_mean,w00_s004,0,1,63,1.0
trap,next_1_4,heldout_worker,physical_action+token_current,shift_mean,w00_s005,0,3,69,0.9565217391304348
trap,next_1_4,heldout_worker,physical_action+token_current,shift_mean,w01_s000,1,3,69,0.9178743961352659
trap,next_1_4,heldout_worker,physical_action+token_current,shift_mean,w01_s001,1,3,62,0.9516129032258065
trap,next_1_4,heldout_worker,physical_action+token_current,shift_mean,w01_s002,1,2,61,0.9453551912568307
trap,next_1_4,heldout_worker,physical_action+token_current,shift_mean,w01_s003,1,3,62,0.8763440860215054
trap,next_1_4,heldout_worker,physical_action+token_current,shift_mean,w01_s004,1,3,77,0.7965367965367964
trap,next_1_4,heldout_worker,physical_action+token_current,shift_mean,w02_s000,2,3,71,0.6713615023474178
trap,next_1_4,heldout_worker,physical_action+token_current,shift_mean,w02_s001,2,2,59,0.887005649717514
trap,next_1_4,heldout_worker,physical_action+token_current,shift_mean,w02_s002,2,3,87,0.7777777777777778
trap,next_1_4,heldout_worker,physical_action+token_current,shift_mean,w02_s003,2,3,86,0.8333333333333334
trap,next_1_4,heldout_worker,physical_action+token_current,shift_mean,w02_s004,2,3,87,0.6819923371647509
trap,next_1_4,heldout_worker,physical_action+token_current,shift_mean,w03_s005,3,1,15,0.6
trap,next_1_4,heldout_worker,physical_action+token_history,shift_mean,w00_s000,0,1,55,0.993939393939394
trap,next_1_4,heldout_worker,physical_action+token_history,shift_mean,w00_s001,0,3,62,0.956989247311828
trap,next_1_4,heldout_worker,physical_action+token_history,shift_mean,w00_s002,0,2,80,0.8916666666666666
trap,next_1_4,heldout_worker,physical_action+token_history,shift_mean,w00_s003,0,3,81,0.9341563786008231
trap,next_1_4,heldout_worker,physical_action+token_history,shift_mean,w00_s004,0,1,63,1.0
trap,next_1_4,heldout_worker,physical_action+token_history,shift_mean,w00_s005,0,3,69,0.8647342995169082
trap,next_1_4,heldout_worker,physical_action+token_history,shift_mean,w01_s000,1,3,69,0.8792270531400966
trap,next_1_4,heldout_worker,physical_action+token_history,shift_mean,w01_s001,1,3,62,0.9354838709677419
trap,next_1_4,heldout_worker,physical_action+token_history,shift_mean,w01_s002,1,2,61,0.9508196721311475
trap,next_1_4,heldout_worker,physical_action+token_history,shift_mean,w01_s003,1,3,62,0.8548387096774194
trap,next_1_4,heldout_worker,physical_action+token_history,shift_mean,w01_s004,1,3,77,0.761904761904762
trap,next_1_4,heldout_worker,physical_action+token_history,shift_mean,w02_s000,2,3,71,0.6009389671361502
trap,next_1_4,heldout_worker,physical_action+token_history,shift_mean,w02_s001,2,2,59,0.8926553672316385
trap,next_1_4,heldout_worker,physical_action+token_history,shift_mean,w02_s002,2,3,87,0.7011494252873564
trap,next_1_4,heldout_worker,physical_action+token_history,shift_mean,w02_s003,2,3,86,0.7131782945736433
trap,next_1_4,heldout_worker,physical_action+token_history,shift_mean,w02_s004,2,3,87,0.5632183908045977
trap,next_1_4,heldout_worker,physical_action+token_history,shift_mean,w03_s005,3,1,15,0.7111111111111111
trap,next_5_8,heldout_snapshot,physical+aggregate_current,shift_mean,w00_s000,0,1,55,0.9393939393939394
trap,next_5_8,heldout_snapshot,physical+aggregate_current,shift_mean,w00_s001,0,3,62,0.8602150537634409
trap,next_5_8,heldout_snapshot,physical+aggregate_current,shift_mean,w00_s002,0,2,80,0.8958333333333334
trap,next_5_8,heldout_snapshot,physical+aggregate_current,shift_mean,w00_s003,0,4,85,0.8705882352941177
trap,next_5_8,heldout_snapshot,physical+aggregate_current,shift_mean,w00_s004,0,2,71,0.9248826291079812
trap,next_5_8,heldout_snapshot,physical+aggregate_current,shift_mean,w00_s005,0,4,78,0.7905982905982907
trap,next_5_8,heldout_snapshot,physical+aggregate_current,shift_mean,w01_s000,1,3,69,0.7342995169082124
trap,next_5_8,heldout_snapshot,physical+aggregate_current,shift_mean,w01_s001,1,3,62,0.8763440860215054
trap,next_5_8,heldout_snapshot,physical+aggregate_current,shift_mean,w01_s002,1,2,61,0.8852459016393442
trap,next_5_8,heldout_snapshot,physical+aggregate_current,shift_mean,w01_s003,1,2,47,0.8156028368794325
trap,next_5_8,heldout_snapshot,physical+aggregate_current,shift_mean,w01_s004,1,2,62,0.6666666666666666
trap,next_5_8,heldout_snapshot,physical+aggregate_current,shift_mean,w02_s000,2,4,80,0.7
trap,next_5_8,heldout_snapshot,physical+aggregate_current,shift_mean,w02_s001,2,3,87,0.7241379310344828
trap,next_5_8,heldout_snapshot,physical+aggregate_current,shift_mean,w02_s002,2,3,84,0.6746031746031746
trap,next_5_8,heldout_snapshot,physical+aggregate_current,shift_mean,w02_s003,2,3,86,0.7441860465116279
trap,next_5_8,heldout_snapshot,physical+aggregate_current,shift_mean,w02_s004,2,4,95,0.5684210526315788
trap,next_5_8,heldout_snapshot,physical+aggregate_current,shift_mean,w03_s004,3,1,15,0.6444444444444445
trap,next_5_8,heldout_snapshot,physical+aggregate_current,shift_mean,w03_s005,3,1,15,0.9111111111111111
trap,next_5_8,heldout_snapshot,physical+token_current,shift_mean,w00_s000,0,1,55,0.896969696969697
trap,next_5_8,heldout_snapshot,physical+token_current,shift_mean,w00_s001,0,3,62,0.7688172043010753
trap,next_5_8,heldout_snapshot,physical+token_current,shift_mean,w00_s002,0,2,80,0.7541666666666667
trap,next_5_8,heldout_snapshot,physical+token_current,shift_mean,w00_s003,0,4,85,0.8705882352941177
trap,next_5_8,heldout_snapshot,physical+token_current,shift_mean,w00_s004,0,2,71,0.7276995305164319
trap,next_5_8,heldout_snapshot,physical+token_current,shift_mean,w00_s005,0,4,78,0.7094017094017094
trap,next_5_8,heldout_snapshot,physical+token_current,shift_mean,w01_s000,1,3,69,0.6956521739130435
trap,next_5_8,heldout_snapshot,physical+token_current,shift_mean,w01_s001,1,3,62,0.7096774193548387
trap,next_5_8,heldout_snapshot,physical+token_current,shift_mean,w01_s002,1,2,61,0.808743169398907
trap,next_5_8,heldout_snapshot,physical+token_current,shift_mean,w01_s003,1,2,47,0.8226950354609929
trap,next_5_8,heldout_snapshot,physical+token_current,shift_mean,w01_s004,1,2,62,0.6666666666666666
trap,next_5_8,heldout_snapshot,physical+token_current,shift_mean,w02_s000,2,4,80,0.6166666666666667
trap,next_5_8,heldout_snapshot,physical+token_current,shift_mean,w02_s001,2,3,87,0.7203065134099618
trap,next_5_8,heldout_snapshot,physical+token_current,shift_mean,w02_s002,2,3,84,0.7063492063492064
trap,next_5_8,heldout_snapshot,physical+token_current,shift_mean,w02_s003,2,3,86,0.7596899224806203
trap,next_5_8,heldout_snapshot,physical+token_current,shift_mean,w02_s004,2,4,95,0.4491228070175439
trap,next_5_8,heldout_snapshot,physical+token_current,shift_mean,w03_s004,3,1,15,0.6666666666666666
trap,next_5_8,heldout_snapshot,physical+token_current,shift_mean,w03_s005,3,1,15,0.7555555555555554
trap,next_5_8,heldout_snapshot,physical+token_history,shift_mean,w00_s000,0,1,55,0.8545454545454545
trap,next_5_8,heldout_snapshot,physical+token_history,shift_mean,w00_s001,0,3,62,0.6827956989247312
trap,next_5_8,heldout_snapshot,physical+token_history,shift_mean,w00_s002,0,2,80,0.6916666666666667
trap,next_5_8,heldout_snapshot,physical+token_history,shift_mean,w00_s003,0,4,85,0.7764705882352942
trap,next_5_8,heldout_snapshot,physical+token_history,shift_mean,w00_s004,0,2,71,0.5539906103286384
trap,next_5_8,heldout_snapshot,physical+token_history,shift_mean,w00_s005,0,4,78,0.6495726495726496
trap,next_5_8,heldout_snapshot,physical+token_history,shift_mean,w01_s000,1,3,69,0.6231884057971014
trap,next_5_8,heldout_snapshot,physical+token_history,shift_mean,w01_s001,1,3,62,0.5967741935483871
trap,next_5_8,heldout_snapshot,physical+token_history,shift_mean,w01_s002,1,2,61,0.8087431693989072
trap,next_5_8,heldout_snapshot,physical+token_history,shift_mean,w01_s003,1,2,47,0.6666666666666665
trap,next_5_8,heldout_snapshot,physical+token_history,shift_mean,w01_s004,1,2,62,0.6182795698924731
trap,next_5_8,heldout_snapshot,physical+token_history,shift_mean,w02_s000,2,4,80,0.6291666666666665
trap,next_5_8,heldout_snapshot,physical+token_history,shift_mean,w02_s001,2,3,87,0.6513409961685824
trap,next_5_8,heldout_snapshot,physical+token_history,shift_mean,w02_s002,2,3,84,0.5992063492063492
trap,next_5_8,heldout_snapshot,physical+token_history,shift_mean,w02_s003,2,3,86,0.6744186046511627
trap,next_5_8,heldout_snapshot,physical+token_history,shift_mean,w02_s004,2,4,95,0.4666666666666667
trap,next_5_8,heldout_snapshot,physical+token_history,shift_mean,w03_s004,3,1,15,0.5111111111111112
trap,next_5_8,heldout_snapshot,physical+token_history,shift_mean,w03_s005,3,1,15,0.7111111111111111
trap,next_5_8,heldout_snapshot,physical_action+aggregate_current,shift_mean,w00_s000,0,1,55,0.993939393939394
trap,next_5_8,heldout_snapshot,physical_action+aggregate_current,shift_mean,w00_s001,0,3,62,1.0
trap,next_5_8,heldout_snapshot,physical_action+aggregate_current,shift_mean,w00_s002,0,2,80,0.8916666666666666
trap,next_5_8,heldout_snapshot,physical_action+aggregate_current,shift_mean,w00_s003,0,4,85,0.8784313725490197
trap,next_5_8,heldout_snapshot,physical_action+aggregate_current,shift_mean,w00_s004,0,2,71,0.9389671361502346
trap,next_5_8,heldout_snapshot,physical_action+aggregate_current,shift_mean,w00_s005,0,4,78,0.9487179487179487
trap,next_5_8,heldout_snapshot,physical_action+aggregate_current,shift_mean,w01_s000,1,3,69,0.855072463768116
trap,next_5_8,heldout_snapshot,physical_action+aggregate_current,shift_mean,w01_s001,1,3,62,0.9301075268817204
trap,next_5_8,heldout_snapshot,physical_action+aggregate_current,shift_mean,w01_s002,1,2,61,0.9781420765027323
trap,next_5_8,heldout_snapshot,physical_action+aggregate_current,shift_mean,w01_s003,1,2,47,0.9858156028368795
trap,next_5_8,heldout_snapshot,physical_action+aggregate_current,shift_mean,w01_s004,1,2,62,0.9247311827956989
trap,next_5_8,heldout_snapshot,physical_action+aggregate_current,shift_mean,w02_s000,2,4,80,0.7291666666666666
trap,next_5_8,heldout_snapshot,physical_action+aggregate_current,shift_mean,w02_s001,2,3,87,0.7892720306513411
trap,next_5_8,heldout_snapshot,physical_action+aggregate_current,shift_mean,w02_s002,2,3,84,0.8928571428571429
trap,next_5_8,heldout_snapshot,physical_action+aggregate_current,shift_mean,w02_s003,2,3,86,0.8488372093023255
trap,next_5_8,heldout_snapshot,physical_action+aggregate_current,shift_mean,w02_s004,2,4,95,0.8175438596491229
trap,next_5_8,heldout_snapshot,physical_action+aggregate_current,shift_mean,w03_s004,3,1,15,0.7555555555555554
trap,next_5_8,heldout_snapshot,physical_action+aggregate_current,shift_mean,w03_s005,3,1,15,0.9555555555555556
trap,next_5_8,heldout_snapshot,physical_action+token_current,shift_mean,w00_s000,0,1,55,0.993939393939394
trap,next_5_8,heldout_snapshot,physical_action+token_current,shift_mean,w00_s001,0,3,62,1.0
trap,next_5_8,heldout_snapshot,physical_action+token_current,shift_mean,w00_s002,0,2,80,0.9125
trap,next_5_8,heldout_snapshot,physical_action+token_current,shift_mean,w00_s003,0,4,85,0.8745098039215687
trap,next_5_8,heldout_snapshot,physical_action+token_current,shift_mean,w00_s004,0,2,71,0.9154929577464789
trap,next_5_8,heldout_snapshot,physical_action+token_current,shift_mean,w00_s005,0,4,78,0.8803418803418802
trap,next_5_8,heldout_snapshot,physical_action+token_current,shift_mean,w01_s000,1,3,69,0.8454106280193237
trap,next_5_8,heldout_snapshot,physical_action+token_current,shift_mean,w01_s001,1,3,62,0.8333333333333334
trap,next_5_8,heldout_snapshot,physical_action+token_current,shift_mean,w01_s002,1,2,61,0.9344262295081969
trap,next_5_8,heldout_snapshot,physical_action+token_current,shift_mean,w01_s003,1,2,47,0.9574468085106383
trap,next_5_8,heldout_snapshot,physical_action+token_current,shift_mean,w01_s004,1,2,62,0.9516129032258066
trap,next_5_8,heldout_snapshot,physical_action+token_current,shift_mean,w02_s000,2,4,80,0.7041666666666666
trap,next_5_8,heldout_snapshot,physical_action+token_current,shift_mean,w02_s001,2,3,87,0.7777777777777778
trap,next_5_8,heldout_snapshot,physical_action+token_current,shift_mean,w02_s002,2,3,84,0.853174603174603
trap,next_5_8,heldout_snapshot,physical_action+token_current,shift_mean,w02_s003,2,3,86,0.8449612403100774
trap,next_5_8,heldout_snapshot,physical_action+token_current,shift_mean,w02_s004,2,4,95,0.7473684210526316
trap,next_5_8,heldout_snapshot,physical_action+token_current,shift_mean,w03_s004,3,1,15,0.7777777777777778
trap,next_5_8,heldout_snapshot,physical_action+token_current,shift_mean,w03_s005,3,1,15,0.7555555555555554
trap,next_5_8,heldout_snapshot,physical_action+token_history,shift_mean,w00_s000,0,1,55,0.9878787878787879
trap,next_5_8,heldout_snapshot,physical_action+token_history,shift_mean,w00_s001,0,3,62,0.989247311827957
trap,next_5_8,heldout_snapshot,physical_action+token_history,shift_mean,w00_s002,0,2,80,0.9041666666666666
trap,next_5_8,heldout_snapshot,physical_action+token_history,shift_mean,w00_s003,0,4,85,0.8588235294117647
trap,next_5_8,heldout_snapshot,physical_action+token_history,shift_mean,w00_s004,0,2,71,0.9061032863849766
trap,next_5_8,heldout_snapshot,physical_action+token_history,shift_mean,w00_s005,0,4,78,0.8675213675213675
trap,next_5_8,heldout_snapshot,physical_action+token_history,shift_mean,w01_s000,1,3,69,0.859903381642512
trap,next_5_8,heldout_snapshot,physical_action+token_history,shift_mean,w01_s001,1,3,62,0.8817204301075269
trap,next_5_8,heldout_snapshot,physical_action+token_history,shift_mean,w01_s002,1,2,61,0.9453551912568307
trap,next_5_8,heldout_snapshot,physical_action+token_history,shift_mean,w01_s003,1,2,47,0.9361702127659575
trap,next_5_8,heldout_snapshot,physical_action+token_history,shift_mean,w01_s004,1,2,62,0.946236559139785
trap,next_5_8,heldout_snapshot,physical_action+token_history,shift_mean,w02_s000,2,4,80,0.6625
trap,next_5_8,heldout_snapshot,physical_action+token_history,shift_mean,w02_s001,2,3,87,0.7701149425287356
trap,next_5_8,heldout_snapshot,physical_action+token_history,shift_mean,w02_s002,2,3,84,0.8333333333333334
trap,next_5_8,heldout_snapshot,physical_action+token_history,shift_mean,w02_s003,2,3,86,0.8372093023255814
trap,next_5_8,heldout_snapshot,physical_action+token_history,shift_mean,w02_s004,2,4,95,0.7333333333333333
trap,next_5_8,heldout_snapshot,physical_action+token_history,shift_mean,w03_s004,3,1,15,0.8000000000000002
trap,next_5_8,heldout_snapshot,physical_action+token_history,shift_mean,w03_s005,3,1,15,0.7555555555555554
trap,next_5_8,heldout_worker,physical+aggregate_current,shift_mean,w00_s000,0,1,55,0.9212121212121213
trap,next_5_8,heldout_worker,physical+aggregate_current,shift_mean,w00_s001,0,3,62,0.7956989247311829
trap,next_5_8,heldout_worker,physical+aggregate_current,shift_mean,w00_s002,0,2,80,0.7125
trap,next_5_8,heldout_worker,physical+aggregate_current,shift_mean,w00_s003,0,4,85,0.8823529411764708
trap,next_5_8,heldout_worker,physical+aggregate_current,shift_mean,w00_s004,0,2,71,0.9295774647887324
trap,next_5_8,heldout_worker,physical+aggregate_current,shift_mean,w00_s005,0,4,78,0.8333333333333334
trap,next_5_8,heldout_worker,physical+aggregate_current,shift_mean,w01_s000,1,3,69,0.6859903381642513
trap,next_5_8,heldout_worker,physical+aggregate_current,shift_mean,w01_s001,1,3,62,0.8064516129032258
trap,next_5_8,heldout_worker,physical+aggregate_current,shift_mean,w01_s002,1,2,61,0.8415300546448088
trap,next_5_8,heldout_worker,physical+aggregate_current,shift_mean,w01_s003,1,2,47,0.624113475177305
trap,next_5_8,heldout_worker,physical+aggregate_current,shift_mean,w01_s004,1,2,62,0.7365591397849464
trap,next_5_8,heldout_worker,physical+aggregate_current,shift_mean,w02_s000,2,4,80,0.6041666666666667
trap,next_5_8,heldout_worker,physical+aggregate_current,shift_mean,w02_s001,2,3,87,0.685823754789272
trap,next_5_8,heldout_worker,physical+aggregate_current,shift_mean,w02_s002,2,3,84,0.7341269841269842
trap,next_5_8,heldout_worker,physical+aggregate_current,shift_mean,w02_s003,2,3,86,0.6434108527131783
trap,next_5_8,heldout_worker,physical+aggregate_current,shift_mean,w02_s004,2,4,95,0.49473684210526314
trap,next_5_8,heldout_worker,physical+aggregate_current,shift_mean,w03_s004,3,1,15,0.6444444444444445
trap,next_5_8,heldout_worker,physical+aggregate_current,shift_mean,w03_s005,3,1,15,0.888888888888889
trap,next_5_8,heldout_worker,physical+token_current,shift_mean,w00_s000,0,1,55,0.9090909090909091
trap,next_5_8,heldout_worker,physical+token_current,shift_mean,w00_s001,0,3,62,0.7150537634408601
trap,next_5_8,heldout_worker,physical+token_current,shift_mean,w00_s002,0,2,80,0.7875
trap,next_5_8,heldout_worker,physical+token_current,shift_mean,w00_s003,0,4,85,0.8823529411764708
trap,next_5_8,heldout_worker,physical+token_current,shift_mean,w00_s004,0,2,71,0.8638497652582159
trap,next_5_8,heldout_worker,physical+token_current,shift_mean,w00_s005,0,4,78,0.7948717948717948
trap,next_5_8,heldout_worker,physical+token_current,shift_mean,w01_s000,1,3,69,0.5748792270531402
trap,next_5_8,heldout_worker,physical+token_current,shift_mean,w01_s001,1,3,62,0.6559139784946237
trap,next_5_8,heldout_worker,physical+token_current,shift_mean,w01_s002,1,2,61,0.715846994535519
trap,next_5_8,heldout_worker,physical+token_current,shift_mean,w01_s003,1,2,47,0.6666666666666667
trap,next_5_8,heldout_worker,physical+token_current,shift_mean,w01_s004,1,2,62,0.5591397849462366
trap,next_5_8,heldout_worker,physical+token_current,shift_mean,w02_s000,2,4,80,0.5833333333333334
trap,next_5_8,heldout_worker,physical+token_current,shift_mean,w02_s001,2,3,87,0.6436781609195402
trap,next_5_8,heldout_worker,physical+token_current,shift_mean,w02_s002,2,3,84,0.6825396825396824
trap,next_5_8,heldout_worker,physical+token_current,shift_mean,w02_s003,2,3,86,0.6511627906976745
trap,next_5_8,heldout_worker,physical+token_current,shift_mean,w02_s004,2,4,95,0.42105263157894735
trap,next_5_8,heldout_worker,physical+token_current,shift_mean,w03_s004,3,1,15,0.6666666666666666
trap,next_5_8,heldout_worker,physical+token_current,shift_mean,w03_s005,3,1,15,0.7555555555555554
trap,next_5_8,heldout_worker,physical+token_history,shift_mean,w00_s000,0,1,55,0.8545454545454545
trap,next_5_8,heldout_worker,physical+token_history,shift_mean,w00_s001,0,3,62,0.6290322580645161
trap,next_5_8,heldout_worker,physical+token_history,shift_mean,w00_s002,0,2,80,0.7333333333333334
trap,next_5_8,heldout_worker,physical+token_history,shift_mean,w00_s003,0,4,85,0.6666666666666666
trap,next_5_8,heldout_worker,physical+token_history,shift_mean,w00_s004,0,2,71,0.6291079812206573
trap,next_5_8,heldout_worker,physical+token_history,shift_mean,w00_s005,0,4,78,0.6752136752136751
trap,next_5_8,heldout_worker,physical+token_history,shift_mean,w01_s000,1,3,69,0.5265700483091788
trap,next_5_8,heldout_worker,physical+token_history,shift_mean,w01_s001,1,3,62,0.5376344086021506
trap,next_5_8,heldout_worker,physical+token_history,shift_mean,w01_s002,1,2,61,0.6939890710382512
trap,next_5_8,heldout_worker,physical+token_history,shift_mean,w01_s003,1,2,47,0.6453900709219857
trap,next_5_8,heldout_worker,physical+token_history,shift_mean,w01_s004,1,2,62,0.510752688172043
trap,next_5_8,heldout_worker,physical+token_history,shift_mean,w02_s000,2,4,80,0.5708333333333333
trap,next_5_8,heldout_worker,physical+token_history,shift_mean,w02_s001,2,3,87,0.5977011494252874
trap,next_5_8,heldout_worker,physical+token_history,shift_mean,w02_s002,2,3,84,0.6230158730158729
trap,next_5_8,heldout_worker,physical+token_history,shift_mean,w02_s003,2,3,86,0.6317829457364341
trap,next_5_8,heldout_worker,physical+token_history,shift_mean,w02_s004,2,4,95,0.4070175438596491
trap,next_5_8,heldout_worker,physical+token_history,shift_mean,w03_s004,3,1,15,0.5111111111111112
trap,next_5_8,heldout_worker,physical+token_history,shift_mean,w03_s005,3,1,15,0.7555555555555554
trap,next_5_8,heldout_worker,physical_action+aggregate_current,shift_mean,w00_s000,0,1,55,0.9818181818181818
trap,next_5_8,heldout_worker,physical_action+aggregate_current,shift_mean,w00_s001,0,3,62,1.0
trap,next_5_8,heldout_worker,physical_action+aggregate_current,shift_mean,w00_s002,0,2,80,0.8625
trap,next_5_8,heldout_worker,physical_action+aggregate_current,shift_mean,w00_s003,0,4,85,0.8784313725490197
trap,next_5_8,heldout_worker,physical_action+aggregate_current,shift_mean,w00_s004,0,2,71,0.8497652582159625
trap,next_5_8,heldout_worker,physical_action+aggregate_current,shift_mean,w00_s005,0,4,78,0.8717948717948718
trap,next_5_8,heldout_worker,physical_action+aggregate_current,shift_mean,w01_s000,1,3,69,0.7536231884057971
trap,next_5_8,heldout_worker,physical_action+aggregate_current,shift_mean,w01_s001,1,3,62,0.8763440860215054
trap,next_5_8,heldout_worker,physical_action+aggregate_current,shift_mean,w01_s002,1,2,61,0.8032786885245903
trap,next_5_8,heldout_worker,physical_action+aggregate_current,shift_mean,w01_s003,1,2,47,0.7021276595744681
trap,next_5_8,heldout_worker,physical_action+aggregate_current,shift_mean,w01_s004,1,2,62,0.7419354838709677
trap,next_5_8,heldout_worker,physical_action+aggregate_current,shift_mean,w02_s000,2,4,80,0.7249999999999999
trap,next_5_8,heldout_worker,physical_action+aggregate_current,shift_mean,w02_s001,2,3,87,0.7049808429118775
trap,next_5_8,heldout_worker,physical_action+aggregate_current,shift_mean,w02_s002,2,3,84,0.8333333333333334
trap,next_5_8,heldout_worker,physical_action+aggregate_current,shift_mean,w02_s003,2,3,86,0.868217054263566
trap,next_5_8,heldout_worker,physical_action+aggregate_current,shift_mean,w02_s004,2,4,95,0.7543859649122806
trap,next_5_8,heldout_worker,physical_action+aggregate_current,shift_mean,w03_s004,3,1,15,0.7333333333333333
trap,next_5_8,heldout_worker,physical_action+aggregate_current,shift_mean,w03_s005,3,1,15,0.9777777777777779
trap,next_5_8,heldout_worker,physical_action+token_current,shift_mean,w00_s000,0,1,55,0.9878787878787879
trap,next_5_8,heldout_worker,physical_action+token_current,shift_mean,w00_s001,0,3,62,0.9784946236559141
trap,next_5_8,heldout_worker,physical_action+token_current,shift_mean,w00_s002,0,2,80,0.9083333333333334
trap,next_5_8,heldout_worker,physical_action+token_current,shift_mean,w00_s003,0,4,85,0.8941176470588236
trap,next_5_8,heldout_worker,physical_action+token_current,shift_mean,w00_s004,0,2,71,0.812206572769953
trap,next_5_8,heldout_worker,physical_action+token_current,shift_mean,w00_s005,0,4,78,0.8632478632478632
trap,next_5_8,heldout_worker,physical_action+token_current,shift_mean,w01_s000,1,3,69,0.7198067632850241
trap,next_5_8,heldout_worker,physical_action+token_current,shift_mean,w01_s001,1,3,62,0.7419354838709679
trap,next_5_8,heldout_worker,physical_action+token_current,shift_mean,w01_s002,1,2,61,0.7431693989071039
trap,next_5_8,heldout_worker,physical_action+token_current,shift_mean,w01_s003,1,2,47,0.723404255319149
trap,next_5_8,heldout_worker,physical_action+token_current,shift_mean,w01_s004,1,2,62,0.7419354838709677
trap,next_5_8,heldout_worker,physical_action+token_current,shift_mean,w02_s000,2,4,80,0.6291666666666667
trap,next_5_8,heldout_worker,physical_action+token_current,shift_mean,w02_s001,2,3,87,0.7203065134099617
trap,next_5_8,heldout_worker,physical_action+token_current,shift_mean,w02_s002,2,3,84,0.7976190476190477
trap,next_5_8,heldout_worker,physical_action+token_current,shift_mean,w02_s003,2,3,86,0.9186046511627907
trap,next_5_8,heldout_worker,physical_action+token_current,shift_mean,w02_s004,2,4,95,0.6842105263157895
trap,next_5_8,heldout_worker,physical_action+token_current,shift_mean,w03_s004,3,1,15,0.8000000000000002
trap,next_5_8,heldout_worker,physical_action+token_current,shift_mean,w03_s005,3,1,15,0.9333333333333332
trap,next_5_8,heldout_worker,physical_action+token_history,shift_mean,w00_s000,0,1,55,0.9878787878787879
trap,next_5_8,heldout_worker,physical_action+token_history,shift_mean,w00_s001,0,3,62,0.9838709677419354
trap,next_5_8,heldout_worker,physical_action+token_history,shift_mean,w00_s002,0,2,80,0.9416666666666667
trap,next_5_8,heldout_worker,physical_action+token_history,shift_mean,w00_s003,0,4,85,0.8117647058823527
trap,next_5_8,heldout_worker,physical_action+token_history,shift_mean,w00_s004,0,2,71,0.7652582159624413
trap,next_5_8,heldout_worker,physical_action+token_history,shift_mean,w00_s005,0,4,78,0.8547008547008548
trap,next_5_8,heldout_worker,physical_action+token_history,shift_mean,w01_s000,1,3,69,0.7101449275362319
trap,next_5_8,heldout_worker,physical_action+token_history,shift_mean,w01_s001,1,3,62,0.7634408602150538
trap,next_5_8,heldout_worker,physical_action+token_history,shift_mean,w01_s002,1,2,61,0.7431693989071039
trap,next_5_8,heldout_worker,physical_action+token_history,shift_mean,w01_s003,1,2,47,0.7021276595744681
trap,next_5_8,heldout_worker,physical_action+token_history,shift_mean,w01_s004,1,2,62,0.7258064516129032
trap,next_5_8,heldout_worker,physical_action+token_history,shift_mean,w02_s000,2,4,80,0.6208333333333333
trap,next_5_8,heldout_worker,physical_action+token_history,shift_mean,w02_s001,2,3,87,0.7624521072796936
trap,next_5_8,heldout_worker,physical_action+token_history,shift_mean,w02_s002,2,3,84,0.8015873015873015
trap,next_5_8,heldout_worker,physical_action+token_history,shift_mean,w02_s003,2,3,86,0.8837209302325582
trap,next_5_8,heldout_worker,physical_action+token_history,shift_mean,w02_s004,2,4,95,0.6596491228070175
trap,next_5_8,heldout_worker,physical_action+token_history,shift_mean,w03_s004,3,1,15,0.7777777777777778
trap,next_5_8,heldout_worker,physical_action+token_history,shift_mean,w03_s005,3,1,15,0.9111111111111111
trap,next_9_12,heldout_snapshot,physical+aggregate_current,shift_mean,w00_s000,0,1,55,0.6181818181818182
trap,next_9_12,heldout_snapshot,physical+aggregate_current,shift_mean,w00_s001,0,3,62,0.553763440860215
trap,next_9_12,heldout_snapshot,physical+aggregate_current,shift_mean,w00_s002,0,2,80,0.6458333333333334
trap,next_9_12,heldout_snapshot,physical+aggregate_current,shift_mean,w00_s003,0,5,88,0.678030303030303
trap,next_9_12,heldout_snapshot,physical+aggregate_current,shift_mean,w00_s004,0,2,71,0.5727699530516431
trap,next_9_12,heldout_snapshot,physical+aggregate_current,shift_mean,w00_s005,0,5,86,0.6666666666666666
trap,next_9_12,heldout_snapshot,physical+aggregate_current,shift_mean,w01_s000,1,2,54,0.46296296296296297
trap,next_9_12,heldout_snapshot,physical+aggregate_current,shift_mean,w01_s001,1,3,62,0.6397849462365592
trap,next_9_12,heldout_snapshot,physical+aggregate_current,shift_mean,w01_s002,1,2,61,0.4043715846994535
trap,next_9_12,heldout_snapshot,physical+aggregate_current,shift_mean,w01_s003,1,2,47,0.4326241134751774
trap,next_9_12,heldout_snapshot,physical+aggregate_current,shift_mean,w01_s004,1,2,62,0.38709677419354843
trap,next_9_12,heldout_snapshot,physical+aggregate_current,shift_mean,w02_s000,2,3,52,0.6858974358974359
trap,next_9_12,heldout_snapshot,physical+aggregate_current,shift_mean,w02_s001,2,3,84,0.5158730158730158
trap,next_9_12,heldout_snapshot,physical+aggregate_current,shift_mean,w02_s002,2,3,84,0.626984126984127
trap,next_9_12,heldout_snapshot,physical+aggregate_current,shift_mean,w02_s003,2,3,86,0.6046511627906976
trap,next_9_12,heldout_snapshot,physical+aggregate_current,shift_mean,w02_s004,2,4,95,0.47368421052631576
trap,next_9_12,heldout_snapshot,physical+aggregate_current,shift_mean,w03_s001,3,1,15,0.9555555555555556
trap,next_9_12,heldout_snapshot,physical+aggregate_current,shift_mean,w03_s003,3,1,15,0.9777777777777779
trap,next_9_12,heldout_snapshot,physical+aggregate_current,shift_mean,w03_s004,3,2,29,0.7356321839080461
trap,next_9_12,heldout_snapshot,physical+aggregate_current,shift_mean,w03_s005,3,2,29,0.6436781609195401
trap,next_9_12,heldout_snapshot,physical+token_current,shift_mean,w00_s000,0,1,55,0.6484848484848486
trap,next_9_12,heldout_snapshot,physical+token_current,shift_mean,w00_s001,0,3,62,0.6720430107526881
trap,next_9_12,heldout_snapshot,physical+token_current,shift_mean,w00_s002,0,2,80,0.5291666666666666
trap,next_9_12,heldout_snapshot,physical+token_current,shift_mean,w00_s003,0,5,88,0.537878787878788
trap,next_9_12,heldout_snapshot,physical+token_current,shift_mean,w00_s004,0,2,71,0.5399061032863849
trap,next_9_12,heldout_snapshot,physical+token_current,shift_mean,w00_s005,0,5,86,0.7209302325581395
trap,next_9_12,heldout_snapshot,physical+token_current,shift_mean,w01_s000,1,2,54,0.6419753086419754
trap,next_9_12,heldout_snapshot,physical+token_current,shift_mean,w01_s001,1,3,62,0.6290322580645161
trap,next_9_12,heldout_snapshot,physical+token_current,shift_mean,w01_s002,1,2,61,0.39344262295081966
trap,next_9_12,heldout_snapshot,physical+token_current,shift_mean,w01_s003,1,2,47,0.42553191489361697
trap,next_9_12,heldout_snapshot,physical+token_current,shift_mean,w01_s004,1,2,62,0.45161290322580644
trap,next_9_12,heldout_snapshot,physical+token_current,shift_mean,w02_s000,2,3,52,0.6538461538461539
trap,next_9_12,heldout_snapshot,physical+token_current,shift_mean,w02_s001,2,3,84,0.5238095238095238
trap,next_9_12,heldout_snapshot,physical+token_current,shift_mean,w02_s002,2,3,84,0.5833333333333333
trap,next_9_12,heldout_snapshot,physical+token_current,shift_mean,w02_s003,2,3,86,0.5891472868217055
trap,next_9_12,heldout_snapshot,physical+token_current,shift_mean,w02_s004,2,4,95,0.5298245614035088
trap,next_9_12,heldout_snapshot,physical+token_current,shift_mean,w03_s001,3,1,15,0.9555555555555556
trap,next_9_12,heldout_snapshot,physical+token_current,shift_mean,w03_s003,3,1,15,1.0
trap,next_9_12,heldout_snapshot,physical+token_current,shift_mean,w03_s004,3,2,29,0.7701149425287357
trap,next_9_12,heldout_snapshot,physical+token_current,shift_mean,w03_s005,3,2,29,0.7586206896551724
trap,next_9_12,heldout_snapshot,physical+token_history,shift_mean,w00_s000,0,1,55,0.6121212121212122
trap,next_9_12,heldout_snapshot,physical+token_history,shift_mean,w00_s001,0,3,62,0.48924731182795694
trap,next_9_12,heldout_snapshot,physical+token_history,shift_mean,w00_s002,0,2,80,0.5125
trap,next_9_12,heldout_snapshot,physical+token_history,shift_mean,w00_s003,0,5,88,0.5606060606060607
trap,next_9_12,heldout_snapshot,physical+token_history,shift_mean,w00_s004,0,2,71,0.5352112676056338
trap,next_9_12,heldout_snapshot,physical+token_history,shift_mean,w00_s005,0,5,86,0.7209302325581396
trap,next_9_12,heldout_snapshot,physical+token_history,shift_mean,w01_s000,1,2,54,0.617283950617284
trap,next_9_12,heldout_snapshot,physical+token_history,shift_mean,w01_s001,1,3,62,0.5483870967741935
trap,next_9_12,heldout_snapshot,physical+token_history,shift_mean,w01_s002,1,2,61,0.4262295081967213
trap,next_9_12,heldout_snapshot,physical+token_history,shift_mean,w01_s003,1,2,47,0.36879432624113473
trap,next_9_12,heldout_snapshot,physical+token_history,shift_mean,w01_s004,1,2,62,0.41935483870967744
trap,next_9_12,heldout_snapshot,physical+token_history,shift_mean,w02_s000,2,3,52,0.6089743589743589
trap,next_9_12,heldout_snapshot,physical+token_history,shift_mean,w02_s001,2,3,84,0.5158730158730159
trap,next_9_12,heldout_snapshot,physical+token_history,shift_mean,w02_s002,2,3,84,0.5595238095238095
trap,next_9_12,heldout_snapshot,physical+token_history,shift_mean,w02_s003,2,3,86,0.6007751937984497
trap,next_9_12,heldout_snapshot,physical+token_history,shift_mean,w02_s004,2,4,95,0.42105263157894746
trap,next_9_12,heldout_snapshot,physical+token_history,shift_mean,w03_s001,3,1,15,0.9555555555555556
trap,next_9_12,heldout_snapshot,physical+token_history,shift_mean,w03_s003,3,1,15,0.9777777777777779
trap,next_9_12,heldout_snapshot,physical+token_history,shift_mean,w03_s004,3,2,29,0.7586206896551724
trap,next_9_12,heldout_snapshot,physical+token_history,shift_mean,w03_s005,3,2,29,0.6206896551724138
trap,next_9_12,heldout_snapshot,physical_action+aggregate_current,shift_mean,w00_s000,0,1,55,0.7999999999999998
trap,next_9_12,heldout_snapshot,physical_action+aggregate_current,shift_mean,w00_s001,0,3,62,0.6612903225806451
trap,next_9_12,heldout_snapshot,physical_action+aggregate_current,shift_mean,w00_s002,0,2,80,0.8
trap,next_9_12,heldout_snapshot,physical_action+aggregate_current,shift_mean,w00_s003,0,5,88,0.5492424242424242
trap,next_9_12,heldout_snapshot,physical_action+aggregate_current,shift_mean,w00_s004,0,2,71,0.6760563380281689
trap,next_9_12,heldout_snapshot,physical_action+aggregate_current,shift_mean,w00_s005,0,5,86,0.6705426356589148
trap,next_9_12,heldout_snapshot,physical_action+aggregate_current,shift_mean,w01_s000,1,2,54,0.5370370370370371
trap,next_9_12,heldout_snapshot,physical_action+aggregate_current,shift_mean,w01_s001,1,3,62,0.8010752688172044
trap,next_9_12,heldout_snapshot,physical_action+aggregate_current,shift_mean,w01_s002,1,2,61,0.8688524590163934
trap,next_9_12,heldout_snapshot,physical_action+aggregate_current,shift_mean,w01_s003,1,2,47,0.6666666666666666
trap,next_9_12,heldout_snapshot,physical_action+aggregate_current,shift_mean,w01_s004,1,2,62,0.5053763440860215
trap,next_9_12,heldout_snapshot,physical_action+aggregate_current,shift_mean,w02_s000,2,3,52,0.8461538461538461
trap,next_9_12,heldout_snapshot,physical_action+aggregate_current,shift_mean,w02_s001,2,3,84,0.5238095238095238
trap,next_9_12,heldout_snapshot,physical_action+aggregate_current,shift_mean,w02_s002,2,3,84,0.7063492063492064
trap,next_9_12,heldout_snapshot,physical_action+aggregate_current,shift_mean,w02_s003,2,3,86,0.5736434108527131
trap,next_9_12,heldout_snapshot,physical_action+aggregate_current,shift_mean,w02_s004,2,4,95,0.6280701754385966
trap,next_9_12,heldout_snapshot,physical_action+aggregate_current,shift_mean,w03_s001,3,1,15,0.4666666666666666
trap,next_9_12,heldout_snapshot,physical_action+aggregate_current,shift_mean,w03_s003,3,1,15,0.8666666666666667
trap,next_9_12,heldout_snapshot,physical_action+aggregate_current,shift_mean,w03_s004,3,2,29,0.7126436781609197
trap,next_9_12,heldout_snapshot,physical_action+aggregate_current,shift_mean,w03_s005,3,2,29,0.5402298850574713
trap,next_9_12,heldout_snapshot,physical_action+token_current,shift_mean,w00_s000,0,1,55,0.7636363636363637
trap,next_9_12,heldout_snapshot,physical_action+token_current,shift_mean,w00_s001,0,3,62,0.7258064516129034
trap,next_9_12,heldout_snapshot,physical_action+token_current,shift_mean,w00_s002,0,2,80,0.6583333333333334
trap,next_9_12,heldout_snapshot,physical_action+token_current,shift_mean,w00_s003,0,5,88,0.5075757575757576
trap,next_9_12,heldout_snapshot,physical_action+token_current,shift_mean,w00_s004,0,2,71,0.7183098591549296
trap,next_9_12,heldout_snapshot,physical_action+token_current,shift_mean,w00_s005,0,5,86,0.6511627906976744
trap,next_9_12,heldout_snapshot,physical_action+token_current,shift_mean,w01_s000,1,2,54,0.5432098765432097
trap,next_9_12,heldout_snapshot,physical_action+token_current,shift_mean,w01_s001,1,3,62,0.7903225806451614
trap,next_9_12,heldout_snapshot,physical_action+token_current,shift_mean,w01_s002,1,2,61,0.8743169398907105
trap,next_9_12,heldout_snapshot,physical_action+token_current,shift_mean,w01_s003,1,2,47,0.6595744680851063
trap,next_9_12,heldout_snapshot,physical_action+token_current,shift_mean,w01_s004,1,2,62,0.5913978494623655
trap,next_9_12,heldout_snapshot,physical_action+token_current,shift_mean,w02_s000,2,3,52,0.8205128205128205
trap,next_9_12,heldout_snapshot,physical_action+token_current,shift_mean,w02_s001,2,3,84,0.5674603174603174
trap,next_9_12,heldout_snapshot,physical_action+token_current,shift_mean,w02_s002,2,3,84,0.7182539682539683
trap,next_9_12,heldout_snapshot,physical_action+token_current,shift_mean,w02_s003,2,3,86,0.6124031007751939
trap,next_9_12,heldout_snapshot,physical_action+token_current,shift_mean,w02_s004,2,4,95,0.6245614035087719
trap,next_9_12,heldout_snapshot,physical_action+token_current,shift_mean,w03_s001,3,1,15,0.5555555555555555
trap,next_9_12,heldout_snapshot,physical_action+token_current,shift_mean,w03_s003,3,1,15,0.8666666666666667
trap,next_9_12,heldout_snapshot,physical_action+token_current,shift_mean,w03_s004,3,2,29,0.7586206896551724
trap,next_9_12,heldout_snapshot,physical_action+token_current,shift_mean,w03_s005,3,2,29,0.6091954022988505
trap,next_9_12,heldout_snapshot,physical_action+token_history,shift_mean,w00_s000,0,1,55,0.6242424242424242
trap,next_9_12,heldout_snapshot,physical_action+token_history,shift_mean,w00_s001,0,3,62,0.5645161290322581
trap,next_9_12,heldout_snapshot,physical_action+token_history,shift_mean,w00_s002,0,2,80,0.55
trap,next_9_12,heldout_snapshot,physical_action+token_history,shift_mean,w00_s003,0,5,88,0.5871212121212122
trap,next_9_12,heldout_snapshot,physical_action+token_history,shift_mean,w00_s004,0,2,71,0.5868544600938967
trap,next_9_12,heldout_snapshot,physical_action+token_history,shift_mean,w00_s005,0,5,86,0.7015503875968991
trap,next_9_12,heldout_snapshot,physical_action+token_history,shift_mean,w01_s000,1,2,54,0.5
trap,next_9_12,heldout_snapshot,physical_action+token_history,shift_mean,w01_s001,1,3,62,0.6827956989247312
trap,next_9_12,heldout_snapshot,physical_action+token_history,shift_mean,w01_s002,1,2,61,0.5245901639344261
trap,next_9_12,heldout_snapshot,physical_action+token_history,shift_mean,w01_s003,1,2,47,0.5815602836879432
trap,next_9_12,heldout_snapshot,physical_action+token_history,shift_mean,w01_s004,1,2,62,0.510752688172043
trap,next_9_12,heldout_snapshot,physical_action+token_history,shift_mean,w02_s000,2,3,52,0.7948717948717948
trap,next_9_12,heldout_snapshot,physical_action+token_history,shift_mean,w02_s001,2,3,84,0.5515873015873015
trap,next_9_12,heldout_snapshot,physical_action+token_history,shift_mean,w02_s002,2,3,84,0.6865079365079365
trap,next_9_12,heldout_snapshot,physical_action+token_history,shift_mean,w02_s003,2,3,86,0.6162790697674418
trap,next_9_12,heldout_snapshot,physical_action+token_history,shift_mean,w02_s004,2,4,95,0.5789473684210527
trap,next_9_12,heldout_snapshot,physical_action+token_history,shift_mean,w03_s001,3,1,15,0.6444444444444445
trap,next_9_12,heldout_snapshot,physical_action+token_history,shift_mean,w03_s003,3,1,15,0.8666666666666667
trap,next_9_12,heldout_snapshot,physical_action+token_history,shift_mean,w03_s004,3,2,29,0.7816091954022988
trap,next_9_12,heldout_snapshot,physical_action+token_history,shift_mean,w03_s005,3,2,29,0.5287356321839081
trap,next_9_12,heldout_worker,physical+aggregate_current,shift_mean,w00_s000,0,1,55,0.5757575757575758
trap,next_9_12,heldout_worker,physical+aggregate_current,shift_mean,w00_s001,0,3,62,0.5376344086021506
trap,next_9_12,heldout_worker,physical+aggregate_current,shift_mean,w00_s002,0,2,80,0.5833333333333334
trap,next_9_12,heldout_worker,physical+aggregate_current,shift_mean,w00_s003,0,5,88,0.6363636363636364
trap,next_9_12,heldout_worker,physical+aggregate_current,shift_mean,w00_s004,0,2,71,0.5352112676056338
trap,next_9_12,heldout_worker,physical+aggregate_current,shift_mean,w00_s005,0,5,86,0.5736434108527131
trap,next_9_12,heldout_worker,physical+aggregate_current,shift_mean,w01_s000,1,2,54,0.4444444444444444
trap,next_9_12,heldout_worker,physical+aggregate_current,shift_mean,w01_s001,1,3,62,0.6397849462365591
trap,next_9_12,heldout_worker,physical+aggregate_current,shift_mean,w01_s002,1,2,61,0.4153005464480874
trap,next_9_12,heldout_worker,physical+aggregate_current,shift_mean,w01_s003,1,2,47,0.5035460992907802
trap,next_9_12,heldout_worker,physical+aggregate_current,shift_mean,w01_s004,1,2,62,0.39784946236559143
trap,next_9_12,heldout_worker,physical+aggregate_current,shift_mean,w02_s000,2,3,52,0.608974358974359
trap,next_9_12,heldout_worker,physical+aggregate_current,shift_mean,w02_s001,2,3,84,0.5277777777777778
trap,next_9_12,heldout_worker,physical+aggregate_current,shift_mean,w02_s002,2,3,84,0.5793650793650793
trap,next_9_12,heldout_worker,physical+aggregate_current,shift_mean,w02_s003,2,3,86,0.5658914728682171
trap,next_9_12,heldout_worker,physical+aggregate_current,shift_mean,w02_s004,2,4,95,0.4491228070175438
trap,next_9_12,heldout_worker,physical+aggregate_current,shift_mean,w03_s001,3,1,15,0.9111111111111111
trap,next_9_12,heldout_worker,physical+aggregate_current,shift_mean,w03_s003,3,1,15,1.0
trap,next_9_12,heldout_worker,physical+aggregate_current,shift_mean,w03_s004,3,2,29,0.781609195402299
trap,next_9_12,heldout_worker,physical+aggregate_current,shift_mean,w03_s005,3,2,29,0.6091954022988505
trap,next_9_12,heldout_worker,physical+token_current,shift_mean,w00_s000,0,1,55,0.6484848484848484
trap,next_9_12,heldout_worker,physical+token_current,shift_mean,w00_s001,0,3,62,0.43010752688172044
trap,next_9_12,heldout_worker,physical+token_current,shift_mean,w00_s002,0,2,80,0.6291666666666668
trap,next_9_12,heldout_worker,physical+token_current,shift_mean,w00_s003,0,5,88,0.5681818181818182
trap,next_9_12,heldout_worker,physical+token_current,shift_mean,w00_s004,0,2,71,0.5399061032863849
trap,next_9_12,heldout_worker,physical+token_current,shift_mean,w00_s005,0,5,86,0.7286821705426356
trap,next_9_12,heldout_worker,physical+token_current,shift_mean,w01_s000,1,2,54,0.43209876543209874
trap,next_9_12,heldout_worker,physical+token_current,shift_mean,w01_s001,1,3,62,0.5806451612903226
trap,next_9_12,heldout_worker,physical+token_current,shift_mean,w01_s002,1,2,61,0.4426229508196722
trap,next_9_12,heldout_worker,physical+token_current,shift_mean,w01_s003,1,2,47,0.5602836879432624
trap,next_9_12,heldout_worker,physical+token_current,shift_mean,w01_s004,1,2,62,0.4623655913978494
trap,next_9_12,heldout_worker,physical+token_current,shift_mean,w02_s000,2,3,52,0.6346153846153846
trap,next_9_12,heldout_worker,physical+token_current,shift_mean,w02_s001,2,3,84,0.5634920634920635
trap,next_9_12,heldout_worker,physical+token_current,shift_mean,w02_s002,2,3,84,0.5595238095238095
trap,next_9_12,heldout_worker,physical+token_current,shift_mean,w02_s003,2,3,86,0.5310077519379846
trap,next_9_12,heldout_worker,physical+token_current,shift_mean,w02_s004,2,4,95,0.4526315789473685
trap,next_9_12,heldout_worker,physical+token_current,shift_mean,w03_s001,3,1,15,0.8666666666666667
trap,next_9_12,heldout_worker,physical+token_current,shift_mean,w03_s003,3,1,15,1.0
trap,next_9_12,heldout_worker,physical+token_current,shift_mean,w03_s004,3,2,29,0.8505747126436782
trap,next_9_12,heldout_worker,physical+token_current,shift_mean,w03_s005,3,2,29,0.8735632183908045
trap,next_9_12,heldout_worker,physical+token_history,shift_mean,w00_s000,0,1,55,0.5515151515151514
trap,next_9_12,heldout_worker,physical+token_history,shift_mean,w00_s001,0,3,62,0.3548387096774193
trap,next_9_12,heldout_worker,physical+token_history,shift_mean,w00_s002,0,2,80,0.6
trap,next_9_12,heldout_worker,physical+token_history,shift_mean,w00_s003,0,5,88,0.5719696969696969
trap,next_9_12,heldout_worker,physical+token_history,shift_mean,w00_s004,0,2,71,0.5352112676056338
trap,next_9_12,heldout_worker,physical+token_history,shift_mean,w00_s005,0,5,86,0.6589147286821704
trap,next_9_12,heldout_worker,physical+token_history,shift_mean,w01_s000,1,2,54,0.48148148148148145
trap,next_9_12,heldout_worker,physical+token_history,shift_mean,w01_s001,1,3,62,0.5860215053763441
trap,next_9_12,heldout_worker,physical+token_history,shift_mean,w01_s002,1,2,61,0.4371584699453552
trap,next_9_12,heldout_worker,physical+token_history,shift_mean,w01_s003,1,2,47,0.524822695035461
trap,next_9_12,heldout_worker,physical+token_history,shift_mean,w01_s004,1,2,62,0.4354838709677419
trap,next_9_12,heldout_worker,physical+token_history,shift_mean,w02_s000,2,3,52,0.6089743589743589
trap,next_9_12,heldout_worker,physical+token_history,shift_mean,w02_s001,2,3,84,0.5515873015873016
trap,next_9_12,heldout_worker,physical+token_history,shift_mean,w02_s002,2,3,84,0.5753968253968254
trap,next_9_12,heldout_worker,physical+token_history,shift_mean,w02_s003,2,3,86,0.5426356589147286
trap,next_9_12,heldout_worker,physical+token_history,shift_mean,w02_s004,2,4,95,0.43157894736842106
trap,next_9_12,heldout_worker,physical+token_history,shift_mean,w03_s001,3,1,15,0.9111111111111111
trap,next_9_12,heldout_worker,physical+token_history,shift_mean,w03_s003,3,1,15,0.9777777777777779
trap,next_9_12,heldout_worker,physical+token_history,shift_mean,w03_s004,3,2,29,0.8160919540229884
trap,next_9_12,heldout_worker,physical+token_history,shift_mean,w03_s005,3,2,29,0.6896551724137931
trap,next_9_12,heldout_worker,physical_action+aggregate_current,shift_mean,w00_s000,0,1,55,0.7757575757575758
trap,next_9_12,heldout_worker,physical_action+aggregate_current,shift_mean,w00_s001,0,3,62,0.7204301075268817
trap,next_9_12,heldout_worker,physical_action+aggregate_current,shift_mean,w00_s002,0,2,80,0.7375
trap,next_9_12,heldout_worker,physical_action+aggregate_current,shift_mean,w00_s003,0,5,88,0.5492424242424243
trap,next_9_12,heldout_worker,physical_action+aggregate_current,shift_mean,w00_s004,0,2,71,0.6948356807511737
trap,next_9_12,heldout_worker,physical_action+aggregate_current,shift_mean,w00_s005,0,5,86,0.565891472868217
trap,next_9_12,heldout_worker,physical_action+aggregate_current,shift_mean,w01_s000,1,2,54,0.36419753086419754
trap,next_9_12,heldout_worker,physical_action+aggregate_current,shift_mean,w01_s001,1,3,62,0.6935483870967742
trap,next_9_12,heldout_worker,physical_action+aggregate_current,shift_mean,w01_s002,1,2,61,0.6502732240437157
trap,next_9_12,heldout_worker,physical_action+aggregate_current,shift_mean,w01_s003,1,2,47,0.49645390070921985
trap,next_9_12,heldout_worker,physical_action+aggregate_current,shift_mean,w01_s004,1,2,62,0.48924731182795694
trap,next_9_12,heldout_worker,physical_action+aggregate_current,shift_mean,w02_s000,2,3,52,0.8782051282051283
trap,next_9_12,heldout_worker,physical_action+aggregate_current,shift_mean,w02_s001,2,3,84,0.492063492063492
trap,next_9_12,heldout_worker,physical_action+aggregate_current,shift_mean,w02_s002,2,3,84,0.6428571428571429
trap,next_9_12,heldout_worker,physical_action+aggregate_current,shift_mean,w02_s003,2,3,86,0.38759689922480617
trap,next_9_12,heldout_worker,physical_action+aggregate_current,shift_mean,w02_s004,2,4,95,0.5052631578947369
trap,next_9_12,heldout_worker,physical_action+aggregate_current,shift_mean,w03_s001,3,1,15,0.48888888888888893
trap,next_9_12,heldout_worker,physical_action+aggregate_current,shift_mean,w03_s003,3,1,15,0.9111111111111111
trap,next_9_12,heldout_worker,physical_action+aggregate_current,shift_mean,w03_s004,3,2,29,0.7011494252873564
trap,next_9_12,heldout_worker,physical_action+aggregate_current,shift_mean,w03_s005,3,2,29,0.5747126436781609
trap,next_9_12,heldout_worker,physical_action+token_current,shift_mean,w00_s000,0,1,55,0.793939393939394
trap,next_9_12,heldout_worker,physical_action+token_current,shift_mean,w00_s001,0,3,62,0.6774193548387096
trap,next_9_12,heldout_worker,physical_action+token_current,shift_mean,w00_s002,0,2,80,0.6708333333333334
trap,next_9_12,heldout_worker,physical_action+token_current,shift_mean,w00_s003,0,5,88,0.5984848484848485
trap,next_9_12,heldout_worker,physical_action+token_current,shift_mean,w00_s004,0,2,71,0.6525821596244131
trap,next_9_12,heldout_worker,physical_action+token_current,shift_mean,w00_s005,0,5,86,0.6124031007751939
trap,next_9_12,heldout_worker,physical_action+token_current,shift_mean,w01_s000,1,2,54,0.4506172839506173
trap,next_9_12,heldout_worker,physical_action+token_current,shift_mean,w01_s001,1,3,62,0.6989247311827957
trap,next_9_12,heldout_worker,physical_action+token_current,shift_mean,w01_s002,1,2,61,0.726775956284153
trap,next_9_12,heldout_worker,physical_action+token_current,shift_mean,w01_s003,1,2,47,0.624113475177305
trap,next_9_12,heldout_worker,physical_action+token_current,shift_mean,w01_s004,1,2,62,0.48924731182795705
trap,next_9_12,heldout_worker,physical_action+token_current,shift_mean,w02_s000,2,3,52,0.8397435897435896
trap,next_9_12,heldout_worker,physical_action+token_current,shift_mean,w02_s001,2,3,84,0.5119047619047619
trap,next_9_12,heldout_worker,physical_action+token_current,shift_mean,w02_s002,2,3,84,0.6388888888888888
trap,next_9_12,heldout_worker,physical_action+token_current,shift_mean,w02_s003,2,3,86,0.4224806201550388
trap,next_9_12,heldout_worker,physical_action+token_current,shift_mean,w02_s004,2,4,95,0.5052631578947369
trap,next_9_12,heldout_worker,physical_action+token_current,shift_mean,w03_s001,3,1,15,0.4666666666666666
trap,next_9_12,heldout_worker,physical_action+token_current,shift_mean,w03_s003,3,1,15,0.9333333333333332
trap,next_9_12,heldout_worker,physical_action+token_current,shift_mean,w03_s004,3,2,29,0.7241379310344828
trap,next_9_12,heldout_worker,physical_action+token_current,shift_mean,w03_s005,3,2,29,0.6091954022988505
trap,next_9_12,heldout_worker,physical_action+token_history,shift_mean,w00_s000,0,1,55,0.5757575757575758
trap,next_9_12,heldout_worker,physical_action+token_history,shift_mean,w00_s001,0,3,62,0.4462365591397849
trap,next_9_12,heldout_worker,physical_action+token_history,shift_mean,w00_s002,0,2,80,0.525
trap,next_9_12,heldout_worker,physical_action+token_history,shift_mean,w00_s003,0,5,88,0.6022727272727273
trap,next_9_12,heldout_worker,physical_action+token_history,shift_mean,w00_s004,0,2,71,0.5774647887323945
trap,next_9_12,heldout_worker,physical_action+token_history,shift_mean,w00_s005,0,5,86,0.6472868217054263
trap,next_9_12,heldout_worker,physical_action+token_history,shift_mean,w01_s000,1,2,54,0.4074074074074074
trap,next_9_12,heldout_worker,physical_action+token_history,shift_mean,w01_s001,1,3,62,0.5913978494623655
trap,next_9_12,heldout_worker,physical_action+token_history,shift_mean,w01_s002,1,2,61,0.5409836065573772
trap,next_9_12,heldout_worker,physical_action+token_history,shift_mean,w01_s003,1,2,47,0.49645390070921985
trap,next_9_12,heldout_worker,physical_action+token_history,shift_mean,w01_s004,1,2,62,0.3978494623655914
trap,next_9_12,heldout_worker,physical_action+token_history,shift_mean,w02_s000,2,3,52,0.8205128205128205
trap,next_9_12,heldout_worker,physical_action+token_history,shift_mean,w02_s001,2,3,84,0.5238095238095238
trap,next_9_12,heldout_worker,physical_action+token_history,shift_mean,w02_s002,2,3,84,0.5952380952380952
trap,next_9_12,heldout_worker,physical_action+token_history,shift_mean,w02_s003,2,3,86,0.4922480620155038
trap,next_9_12,heldout_worker,physical_action+token_history,shift_mean,w02_s004,2,4,95,0.4421052631578947
trap,next_9_12,heldout_worker,physical_action+token_history,shift_mean,w03_s001,3,1,15,0.5777777777777778
trap,next_9_12,heldout_worker,physical_action+token_history,shift_mean,w03_s003,3,1,15,0.9111111111111111
trap,next_9_12,heldout_worker,physical_action+token_history,shift_mean,w03_s004,3,2,29,0.7241379310344828
trap,next_9_12,heldout_worker,physical_action+token_history,shift_mean,w03_s005,3,2,29,0.5747126436781609
