window,target,cv,scope,model,control_reference,n,positive,brier,brier_gain_vs_rate,brier_gain_vs_rate_ci95_low,brier_gain_vs_rate_ci95_high,brier_gain_vs_controls,brier_gain_vs_controls_ci95_low,brier_gain_vs_controls_ci95_high
fixed_q0_q7,eventual_failure,grouped_5fold_snapshot,absolute,rate_only,controls,352,235,0.22324790885110238,0.0,0.0,0.0,-0.11740365926957125,-0.17773584277992321,-0.06063387523370345
fixed_q0_q7,eventual_failure,grouped_5fold_snapshot,absolute,physical,controls,352,235,0.09321285449204796,0.13003505435905438,0.07907955859911271,0.1844120416693372,0.012631395089483133,0.00396614063909707,0.022567448926587998
fixed_q0_q7,eventual_failure,grouped_5fold_snapshot,absolute,noise_action,controls,352,235,0.13403450802961314,0.08921340082148922,0.03600262961831457,0.1468766841991737,-0.028190258448082043,-0.059240332953136285,-0.007816884751097248
fixed_q0_q7,eventual_failure,grouped_5fold_snapshot,absolute,controls,controls,352,235,0.10584424958153109,0.11740365926957125,0.06203822109680633,0.18032698865905783,0.0,0.0,0.0
fixed_q0_q7,eventual_failure,grouped_5fold_snapshot,absolute,moe_trap_only,controls,352,235,0.16890723255123127,0.05434067629987107,-0.0004696783925162775,0.11028855962478758,-0.06306298296970017,-0.11159019102232552,-0.022324784884546933
fixed_q0_q7,eventual_failure,grouped_5fold_snapshot,absolute,moe_nontrap,controls,352,235,0.11720617234647883,0.10604173650462352,0.04583882953988347,0.1653379557841092,-0.011361922764947746,-0.026915788737675257,0.0036856741653955158
fixed_q0_q7,eventual_failure,grouped_5fold_snapshot,absolute,moe_full,controls,352,235,0.11684079768288788,0.10640711116821447,0.05199857076200814,0.16544453536061376,-0.010996548101356791,-0.03781772554625215,0.01157531183147257
fixed_q0_q7,eventual_failure,grouped_5fold_snapshot,absolute,controls+moe,controls,352,235,0.1118321072937609,0.11141580155734143,0.05505534665195394,0.17177181661692317,-0.0059878577122298195,-0.030047306010252715,0.011919984163868157
fixed_q0_q7,eventual_failure,grouped_5fold_snapshot,absolute,controls_sparse_base,controls,352,235,0.10551130795855318,0.11773660089254916,0.05967312988169956,0.1762584222001902,0.0003329416229779086,-0.001426436662886762,0.0017194811114304455
fixed_q0_q7,eventual_failure,grouped_5fold_snapshot,absolute,moe_sparse_trap,controls,352,235,0.2113215031827874,0.011926405668314958,-0.004038978306937827,0.03438656539881108,-0.1054772536012563,-0.1634925224619614,-0.050664364477492986
fixed_q0_q7,eventual_failure,grouped_5fold_snapshot,absolute,moe_sparse_nontrap,controls,352,235,0.19600450791593715,0.027243400935165155,-0.012881349109966795,0.0690910578352674,-0.09016025833440611,-0.13583022162863534,-0.04601652895414223
fixed_q0_q7,eventual_failure,grouped_5fold_snapshot,absolute,moe_sparse_full,controls,352,235,0.19600450791593715,0.027243400935165155,-0.013767430652776557,0.07023890012153405,-0.09016025833440611,-0.13569434208152328,-0.04672518158934035
fixed_q0_q7,eventual_failure,grouped_5fold_snapshot,absolute,controls+moe_sparse,controls_sparse_base,352,235,0.1157554791163066,0.10749242973479572,0.04686468853273348,0.17237912197875946,-0.010244171157753428,-0.02246765582324266,-0.000978099783867541
fixed_q0_q7,eventual_failure,grouped_5fold_snapshot,within_snapshot,rate_only,controls,352,235,0.22324790885110238,0.0,0.0,0.0,0.004687874795432353,-0.0018940241870101327,0.010958360499118906
fixed_q0_q7,eventual_failure,grouped_5fold_snapshot,within_snapshot,physical,controls,352,235,0.18167695911928386,0.04157094973181847,-0.0022338609959623042,0.08313458803862112,0.04625882452725082,0.0020286671524959226,0.08963309690211867
fixed_q0_q7,eventual_failure,grouped_5fold_snapshot,within_snapshot,noise_action,controls,352,235,0.22597749982394452,-0.0027295909728421697,-0.007753977676522273,0.002255680385159548,0.001958283822590184,-0.006394510367416101,0.0087569916893351
fixed_q0_q7,eventual_failure,grouped_5fold_snapshot,within_snapshot,controls,controls,352,235,0.2279357836465347,-0.004687874795432353,-0.011123554226154669,0.002052181065131173,0.0,0.0,0.0
fixed_q0_q7,eventual_failure,grouped_5fold_snapshot,within_snapshot,moe_trap_only,controls,352,235,0.23094487984508458,-0.0076969709939822386,-0.014191242802627931,-0.0016148487094560082,-0.003009096198549885,-0.00816462745226489,0.002279358781146403
fixed_q0_q7,eventual_failure,grouped_5fold_snapshot,within_snapshot,moe_nontrap,controls,352,235,0.23189803456511046,-0.0086501257140081,-0.01743839013927949,-0.001935634053624291,-0.003962250918575746,-0.017105342315932536,0.005550930615826365
fixed_q0_q7,eventual_failure,grouped_5fold_snapshot,within_snapshot,moe_full,controls,352,235,0.2297560876602196,-0.006508178809117301,-0.012318719001576823,-0.00133829128136258,-0.0018203040136849475,-0.011752230616905071,0.006952597548295485
fixed_q0_q7,eventual_failure,grouped_5fold_snapshot,within_snapshot,controls+moe,controls,352,235,0.232341267751754,-0.009093358900651669,-0.015509527435204427,-0.0031948386538629817,-0.004405484105219316,-0.015129800164584303,0.004538877924802779
fixed_q0_q7,eventual_failure,grouped_5fold_snapshot,within_snapshot,controls_sparse_base,controls,352,235,0.2275902828209938,-0.0043423739698915075,-0.010907130905238113,0.0029572973907090335,0.00034550082554084586,-0.00048692030207416744,0.0012476624383114426
fixed_q0_q7,eventual_failure,grouped_5fold_snapshot,within_snapshot,moe_sparse_trap,controls,352,235,0.22763718170043115,-0.004389272849328843,-0.007207869575031404,-0.001685040870484464,0.0002986019461035093,-0.008491612542725449,0.008089428598370023
fixed_q0_q7,eventual_failure,grouped_5fold_snapshot,within_snapshot,moe_sparse_nontrap,controls,352,235,0.23239729253359773,-0.0091493836824954,-0.01696863851928056,-0.0032490292670555713,-0.004461508887063046,-0.01733162055620089,0.005009612510208484
fixed_q0_q7,eventual_failure,grouped_5fold_snapshot,within_snapshot,moe_sparse_full,controls,352,235,0.23239729253359773,-0.0091493836824954,-0.016321439719454624,-0.0032208729640771515,-0.004461508887063046,-0.017694214332062457,0.0050021299654516875
fixed_q0_q7,eventual_failure,grouped_5fold_snapshot,within_snapshot,controls+moe_sparse,controls_sparse_base,352,235,0.23295879197720867,-0.009710883126106323,-0.014348490916449541,-0.005407789172144706,-0.005368509156214815,-0.011609866862812478,1.3864780990495748e-05
fixed_q0_q7,eventual_failure,leave_one_worker_out,absolute,rate_only,controls,352,235,0.33126678418798167,0.0,0.0,0.0,0.19572994651788925,0.041175344264763394,0.5106880350657076
fixed_q0_q7,eventual_failure,leave_one_worker_out,absolute,physical,controls,352,235,0.5029707950637478,-0.17170401087576603,-0.3753027356476238,0.013276368650637867,0.024025935642123207,-0.1245516752975605,0.13731161645122347
fixed_q0_q7,eventual_failure,leave_one_worker_out,absolute,noise_action,controls,352,235,0.5761987860196812,-0.2449320018316996,-0.5193119865247395,-0.08174166006734088,-0.04920205531381037,-0.10528479960591831,-0.002716565450824837
fixed_q0_q7,eventual_failure,leave_one_worker_out,absolute,controls,controls,352,235,0.5269967307058709,-0.19572994651788925,-0.5106880350657076,-0.041175344264763394,0.0,0.0,0.0
fixed_q0_q7,eventual_failure,leave_one_worker_out,absolute,moe_trap_only,controls,352,235,0.3803303441777113,-0.04906355998972962,-0.12637849014347924,0.0764607599235459,0.1466663865281596,-0.06726496812675169,0.4302919780537603
fixed_q0_q7,eventual_failure,leave_one_worker_out,absolute,moe_nontrap,controls,352,235,0.29296165061192236,0.03830513357605928,-0.003721092535603144,0.09025086099492208,0.23403508009394852,0.04074788868508441,0.6009388960606297
fixed_q0_q7,eventual_failure,leave_one_worker_out,absolute,moe_full,controls,352,235,0.2703336704300342,0.06093311375794747,0.0052702856415536735,0.11664801326863872,0.25666306027583674,0.046258816901361875,0.607742092773585
fixed_q0_q7,eventual_failure,leave_one_worker_out,absolute,controls+moe,controls,352,235,0.31800680525542446,0.013259978932557254,-0.0381122595865489,0.09009916268760895,0.20898992545044648,0.031204447110890394,0.49423560875276645
fixed_q0_q7,eventual_failure,leave_one_worker_out,absolute,controls_sparse_base,controls,352,235,0.5256298075796301,-0.19436302339164824,-0.506310847781696,-0.039781242061412786,0.0013669231262410132,-0.0036545960374382313,0.007392746122656108
fixed_q0_q7,eventual_failure,leave_one_worker_out,absolute,moe_sparse_trap,controls,352,235,0.3641595600342684,-0.03289277584628673,-0.04964504774474929,-0.0010298178734400758,0.1628371706716025,0.006916477805786165,0.46104298732095844
fixed_q0_q7,eventual_failure,leave_one_worker_out,absolute,moe_sparse_nontrap,controls,352,235,0.3274273841337002,0.0038394000542814623,-0.0249386337632068,0.03203850324391011,0.19956934657217074,0.04404999809223176,0.48574940130250066
fixed_q0_q7,eventual_failure,leave_one_worker_out,absolute,moe_sparse_full,controls,352,235,0.34040409766914503,-0.009137313481163355,-0.05015874966961629,0.03188412270728957,0.18659263303672588,0.00836403586975852,0.48574940130250066
fixed_q0_q7,eventual_failure,leave_one_worker_out,absolute,controls+moe_sparse,controls_sparse_base,352,235,0.49549209357246904,-0.16422530938448734,-0.4555140479886582,0.0007310937117150422,0.030137714007160865,0.0031495508242436695,0.06252350982666148
fixed_q0_q7,eventual_failure,leave_one_worker_out,within_snapshot,rate_only,controls,352,235,0.33126678418798167,0.0,0.0,0.0,0.02572435674742445,0.0032910294511558414,0.04467329952966336
fixed_q0_q7,eventual_failure,leave_one_worker_out,within_snapshot,physical,controls,352,235,0.4973119823827685,-0.16604519819478686,-0.37764455484400317,0.03579066847315231,-0.14032084144736245,-0.3739840040149572,0.06747598146037044
fixed_q0_q7,eventual_failure,leave_one_worker_out,within_snapshot,noise_action,controls,352,235,0.34307639856950617,-0.011809614381524435,-0.035066969026165275,0.0021811537203836107,0.013914742365900012,0.002137989593774128,0.028785131750055263
fixed_q0_q7,eventual_failure,leave_one_worker_out,within_snapshot,controls,controls,352,235,0.3569911409354062,-0.02572435674742445,-0.04467329952966336,-0.0032910294511558414,0.0,0.0,0.0
fixed_q0_q7,eventual_failure,leave_one_worker_out,within_snapshot,moe_trap_only,controls,352,235,0.3492530375641014,-0.017986253376119823,-0.025953645168639378,-0.008425383225096353,0.007738103371304626,-0.006284392598488254,0.025733298305443037
fixed_q0_q7,eventual_failure,leave_one_worker_out,within_snapshot,moe_nontrap,controls,352,235,0.34895296784413277,-0.01768618365615109,-0.034956633839777984,-0.007336479137756144,0.00803817309127336,-0.004711699034378071,0.01866306652931622
fixed_q0_q7,eventual_failure,leave_one_worker_out,within_snapshot,moe_full,controls,352,235,0.3504152641789183,-0.019148479990936548,-0.038624412040386386,-0.00664223554725419,0.006575876756487903,-0.0033512060960983483,0.016245537017717655
fixed_q0_q7,eventual_failure,leave_one_worker_out,within_snapshot,controls+moe,controls,352,235,0.3513028773358929,-0.02003609314791125,-0.04522651765521105,-0.00535955823983668,0.005688263599513199,-0.0020685287886808386,0.01899610512116931
fixed_q0_q7,eventual_failure,leave_one_worker_out,within_snapshot,controls_sparse_base,controls,352,235,0.3614904930285497,-0.030223708840568,-0.051405023789249916,-0.00480613090214972,-0.0044993520931435535,-0.012079958049484396,0.00048625330480626846
fixed_q0_q7,eventual_failure,leave_one_worker_out,within_snapshot,moe_sparse_trap,controls,352,235,0.3361001520343157,-0.004833367846334027,-0.007520849052644607,-0.0021458866400234453,0.02089098890109042,-0.0008171656422144302,0.04233758010570584
fixed_q0_q7,eventual_failure,leave_one_worker_out,within_snapshot,moe_sparse_nontrap,controls,352,235,0.33710049693762417,-0.005833712749642512,-0.015582283706328425,0.004675012754499338,0.019890643997781936,-0.0034168610280610077,0.039313564852651056
fixed_q0_q7,eventual_failure,leave_one_worker_out,within_snapshot,moe_sparse_full,controls,352,235,0.34003162793859526,-0.008764843750613581,-0.015582283706328425,-0.002780433456972154,0.01695951299681087,-0.0034168610280610077,0.0339398246842041
fixed_q0_q7,eventual_failure,leave_one_worker_out,within_snapshot,controls+moe_sparse,controls_sparse_base,352,235,0.36051884901496983,-0.029252064826988135,-0.046508930470806,-0.008543826054406697,0.0009716440135798646,-0.0040275028878190774,0.007017879644588471
fixed_q0_q7,eventual_stagnation_or_loop,grouped_5fold_snapshot,absolute,rate_only,controls,352,199,0.24651342699389123,0.0,0.0,0.0,-0.08761779921511142,-0.14364117831021755,-0.032268605891649565
fixed_q0_q7,eventual_stagnation_or_loop,grouped_5fold_snapshot,absolute,physical,controls,352,199,0.1449763937516802,0.10153703324221101,0.04960284395325458,0.15460925448070087,0.013919234027099577,-0.010395451905305978,0.04198714339957229
fixed_q0_q7,eventual_stagnation_or_loop,grouped_5fold_snapshot,absolute,noise_action,controls,352,199,0.18104486812282142,0.06546855887106982,0.009083675056821644,0.1217783661377235,-0.0221492403440416,-0.04316341502999228,-0.0021511056546915925
fixed_q0_q7,eventual_stagnation_or_loop,grouped_5fold_snapshot,absolute,controls,controls,352,199,0.1588956277787798,0.08761779921511142,0.03370907191185675,0.1443563694771941,0.0,0.0,0.0
fixed_q0_q7,eventual_stagnation_or_loop,grouped_5fold_snapshot,absolute,moe_trap_only,controls,352,199,0.2106001927375341,0.03591323425635712,-0.03356633396780363,0.1007149047857561,-0.051704564958754314,-0.11352464741554984,0.0004719824383138392
fixed_q0_q7,eventual_stagnation_or_loop,grouped_5fold_snapshot,absolute,moe_nontrap,controls,352,199,0.15681635924161308,0.08969706775227815,0.02949598080216533,0.14790997425419783,0.0020792685371667217,-0.029481916064973718,0.03658836740443216
fixed_q0_q7,eventual_stagnation_or_loop,grouped_5fold_snapshot,absolute,moe_full,controls,352,199,0.15173273920038569,0.09478068779350553,0.03876167278192749,0.1497139499030882,0.007162888578394095,-0.028289708120939124,0.04522303459632859
fixed_q0_q7,eventual_stagnation_or_loop,grouped_5fold_snapshot,absolute,controls+moe,controls,352,199,0.13707148128520633,0.1094419457086849,0.061028656779230306,0.15889367331969473,0.021824146493573462,-0.005732103946056268,0.05268948480694256
fixed_q0_q7,eventual_stagnation_or_loop,grouped_5fold_snapshot,absolute,controls_sparse_base,controls,352,199,0.15764222081284165,0.08887120618104959,0.03344435196459321,0.1443332925863877,0.0012534069659381536,-0.0015117825493285145,0.004787436131831937
fixed_q0_q7,eventual_stagnation_or_loop,grouped_5fold_snapshot,absolute,moe_sparse_trap,controls,352,199,0.23726151961774497,0.00925190737614631,-0.05233837652697244,0.05627891869478086,-0.07836589183896513,-0.15401467234377014,-0.011025509156443654
fixed_q0_q7,eventual_stagnation_or_loop,grouped_5fold_snapshot,absolute,moe_sparse_nontrap,controls,352,199,0.19894471466829675,0.0475687123255945,-0.011731438545114329,0.10449155854588552,-0.04004908688951692,-0.09944518341776087,0.011323284603416639
fixed_q0_q7,eventual_stagnation_or_loop,grouped_5fold_snapshot,absolute,moe_sparse_full,controls,352,199,0.19894471466829675,0.0475687123255945,-0.013021047852493636,0.10512946441185989,-0.04004908688951692,-0.10071694390946374,0.011752859879836795
fixed_q0_q7,eventual_stagnation_or_loop,grouped_5fold_snapshot,absolute,controls+moe_sparse,controls_sparse_base,352,199,0.1585005882924224,0.08801283870146887,0.03165622678391286,0.14322386923370842,-0.000858367479580736,-0.011933661771414061,0.009929775791076968
fixed_q0_q7,eventual_stagnation_or_loop,grouped_5fold_snapshot,within_snapshot,rate_only,controls,352,199,0.24651342699389123,0.0,0.0,0.0,0.0016300954924499198,-0.010190565291485557,0.012664116172113495
fixed_q0_q7,eventual_stagnation_or_loop,grouped_5fold_snapshot,within_snapshot,physical,controls,352,199,0.17587067557332067,0.07064275142057058,0.02939453790972766,0.11108284609779528,0.07227284691302051,0.027821163192804078,0.11533449591134645
fixed_q0_q7,eventual_stagnation_or_loop,grouped_5fold_snapshot,within_snapshot,noise_action,controls,352,199,0.23952407203842288,0.006989354955468355,-0.0016935168132250946,0.01661054811850936,0.008619450447918274,0.0018377471331815435,0.017413918606827655
fixed_q0_q7,eventual_stagnation_or_loop,grouped_5fold_snapshot,within_snapshot,controls,controls,352,199,0.24814352248634117,-0.0016300954924499198,-0.011927512000421749,0.010011466965702997,0.0,0.0,0.0
fixed_q0_q7,eventual_stagnation_or_loop,grouped_5fold_snapshot,within_snapshot,moe_trap_only,controls,352,199,0.2568267144084846,-0.010313287414593378,-0.019154970174474706,-0.0012825854855561772,-0.008683191922143453,-0.02098233827165577,0.002388640157153964
fixed_q0_q7,eventual_stagnation_or_loop,grouped_5fold_snapshot,within_snapshot,moe_nontrap,controls,352,199,0.2577217364795686,-0.011208309485677378,-0.02649486633892326,0.005008950941692523,-0.009578213993227457,-0.02519278106827074,0.0032099173086924653
fixed_q0_q7,eventual_stagnation_or_loop,grouped_5fold_snapshot,within_snapshot,moe_full,controls,352,199,0.2604325621282768,-0.013919135134385611,-0.02651854513754196,-0.0007349734519148213,-0.012289039641935695,-0.027182738462770986,-0.0005458382383760233
fixed_q0_q7,eventual_stagnation_or_loop,grouped_5fold_snapshot,within_snapshot,controls+moe,controls,352,199,0.26222144472015907,-0.015708017726267856,-0.02993813553514442,-0.0013233274150229082,-0.014077922233817935,-0.02904402260184609,-0.0031862658309676217
fixed_q0_q7,eventual_stagnation_or_loop,grouped_5fold_snapshot,within_snapshot,controls_sparse_base,controls,352,199,0.2479972167623605,-0.001483789768469288,-0.012679488545317193,0.010431593996939912,0.0001463057239806305,-0.000845226650147798,0.0010334528272442154
fixed_q0_q7,eventual_stagnation_or_loop,grouped_5fold_snapshot,within_snapshot,moe_sparse_trap,controls,352,199,0.24830481614493322,-0.0017913891510420103,-0.009398950902132082,0.006348433154503336,-0.0001612936585920914,-0.014543252158695206,0.011686366015418647
fixed_q0_q7,eventual_stagnation_or_loop,grouped_5fold_snapshot,within_snapshot,moe_sparse_nontrap,controls,352,199,0.2508757867416021,-0.004362359747710864,-0.013279333092914894,0.00586570406302745,-0.0027322642552609438,-0.0162394917413681,0.007921379999389978
fixed_q0_q7,eventual_stagnation_or_loop,grouped_5fold_snapshot,within_snapshot,moe_sparse_full,controls,352,199,0.2508757867416021,-0.004362359747710864,-0.01330721439261812,0.005850663325732133,-0.0027322642552609438,-0.015426909426711303,0.007757932536855881
fixed_q0_q7,eventual_stagnation_or_loop,grouped_5fold_snapshot,within_snapshot,controls+moe_sparse,controls_sparse_base,352,199,0.25445552181886144,-0.00794209482497023,-0.019775825173899197,0.0052162159919006065,-0.006458305056500938,-0.014167694024421357,0.0009382071731905781
fixed_q0_q7,eventual_stagnation_or_loop,leave_one_worker_out,absolute,rate_only,controls,352,199,0.3405869907836338,0.0,0.0,0.0,0.19142226661767375,0.03798722031849808,0.40350124936521437
fixed_q0_q7,eventual_stagnation_or_loop,leave_one_worker_out,absolute,physical,controls,352,199,0.4504389014643429,-0.10985191068070904,-0.259633217497368,0.03502868864497815,0.08157035593696471,0.030073282576230962,0.1398465908784928
fixed_q0_q7,eventual_stagnation_or_loop,leave_one_worker_out,absolute,noise_action,controls,352,199,0.5878144275494998,-0.24722743676586612,-0.3947518840027804,-0.1380933723936632,-0.05580517014819233,-0.11925807402583301,0.007647733729448325
fixed_q0_q7,eventual_stagnation_or_loop,leave_one_worker_out,absolute,controls,controls,352,199,0.5320092574013076,-0.19142226661767375,-0.40350124936521437,-0.03798722031849807,0.0,0.0,0.0
fixed_q0_q7,eventual_stagnation_or_loop,leave_one_worker_out,absolute,moe_trap_only,controls,352,199,0.38054011981863217,-0.039953129034998355,-0.12953637489545258,0.09321649088391175,0.15146913758267538,-0.006481020005274159,0.3228885618182774
fixed_q0_q7,eventual_stagnation_or_loop,leave_one_worker_out,absolute,moe_nontrap,controls,352,199,0.29454057026822483,0.04604642051540901,-0.0438074408120955,0.14144772609389236,0.23746868713308275,0.1216030573339229,0.4571347941602551
fixed_q0_q7,eventual_stagnation_or_loop,leave_one_worker_out,absolute,moe_full,controls,352,199,0.2482574681687003,0.09232952261493348,-0.00372931320264111,0.1883883584325081,0.28375178923260724,0.1908165834297985,0.4235235613871728
fixed_q0_q7,eventual_stagnation_or_loop,leave_one_worker_out,absolute,controls+moe,controls,352,199,0.2867199949023046,0.05386699588132924,-0.06310700451774745,0.17084099628040594,0.24528926249900304,0.14086672978127748,0.3757312679035702
fixed_q0_q7,eventual_stagnation_or_loop,leave_one_worker_out,absolute,controls_sparse_base,controls,352,199,0.536720433945296,-0.19613344316166217,-0.40631816666628173,-0.04458579168300917,-0.0047111765439884585,-0.007668079838512659,-0.001503282047133813
fixed_q0_q7,eventual_stagnation_or_loop,leave_one_worker_out,absolute,moe_sparse_trap,controls,352,199,0.34487597708349893,-0.004288986299865127,-0.022066792690946052,0.01704438136943196,0.18713328031780863,0.017236522749770028,0.40215297981005316
fixed_q0_q7,eventual_stagnation_or_loop,leave_one_worker_out,absolute,moe_sparse_nontrap,controls,352,199,0.2669771687118874,0.07360982207174639,-0.02505347450878253,0.18699898814496993,0.26503208868942013,0.15405814471759122,0.4598388612902727
fixed_q0_q7,eventual_stagnation_or_loop,leave_one_worker_out,absolute,moe_sparse_full,controls,352,199,0.26694595230854373,0.07364103847509013,-0.024963897003535296,0.18699898814496993,0.2650633050927639,0.15414398982678643,0.4598388612902727
fixed_q0_q7,eventual_stagnation_or_loop,leave_one_worker_out,absolute,controls+moe_sparse,controls_sparse_base,352,199,0.368152935344518,-0.027565944560884136,-0.28290967983086557,0.2385219621683159,0.16856749860077802,0.04616436672280439,0.3164566007776863
fixed_q0_q7,eventual_stagnation_or_loop,leave_one_worker_out,within_snapshot,rate_only,controls,352,199,0.3405869907836338,0.0,0.0,0.0,0.03633344584339496,0.00579805962958316,0.06177960102157145
fixed_q0_q7,eventual_stagnation_or_loop,leave_one_worker_out,within_snapshot,physical,controls,352,199,0.45322216746965777,-0.11263517668602399,-0.310444135407023,0.07523168610889484,-0.07630173084262902,-0.2999853849351818,0.11508209986321344
fixed_q0_q7,eventual_stagnation_or_loop,leave_one_worker_out,within_snapshot,noise_action,controls,352,199,0.35582678596618367,-0.015239795182549852,-0.04251092484610869,0.0036198961283148406,0.02109365066084511,0.0033322778567183046,0.04347823854852943
fixed_q0_q7,eventual_stagnation_or_loop,leave_one_worker_out,within_snapshot,controls,controls,352,199,0.37692043662702884,-0.03633344584339496,-0.06177960102157145,-0.00579805962958316,0.0,0.0,0.0
fixed_q0_q7,eventual_stagnation_or_loop,leave_one_worker_out,within_snapshot,moe_trap_only,controls,352,199,0.3628630601044148,-0.022276069320781033,-0.03451674584478543,-0.009343099954000086,0.014057376522613928,-0.0094004502362524,0.03154882938512298
fixed_q0_q7,eventual_stagnation_or_loop,leave_one_worker_out,within_snapshot,moe_nontrap,controls,352,199,0.36287620156500383,-0.022289210781370014,-0.050519685846320855,-0.0030162464350700284,0.014044235062024952,-0.0017628229546355818,0.03568876418808709
fixed_q0_q7,eventual_stagnation_or_loop,leave_one_worker_out,within_snapshot,moe_full,controls,352,199,0.36706560162006296,-0.026478610836429176,-0.05233342667358791,-0.011985316900911688,0.009854835006965785,-0.008817023995215176,0.030569424914160873
fixed_q0_q7,eventual_stagnation_or_loop,leave_one_worker_out,within_snapshot,controls+moe,controls,352,199,0.3677054233968722,-0.02711843261323839,-0.05488330833671179,-0.009649077173845052,0.009215013230156575,-0.006753876895448313,0.027397301505460988
fixed_q0_q7,eventual_stagnation_or_loop,leave_one_worker_out,within_snapshot,controls_sparse_base,controls,352,199,0.37559480045868876,-0.03500780967505497,-0.06053970241273138,-0.007014808167759743,0.0013256361683399859,-0.0012167485381765811,0.0048124763607083655
fixed_q0_q7,eventual_stagnation_or_loop,leave_one_worker_out,within_snapshot,moe_sparse_trap,controls,352,199,0.35389940488171606,-0.013312414098082247,-0.025866124959434408,-0.00034023281305201655,0.02302103174531271,0.0008600848037211136,0.04759168574118139
fixed_q0_q7,eventual_stagnation_or_loop,leave_one_worker_out,within_snapshot,moe_sparse_nontrap,controls,352,199,0.34672989372551094,-0.0061429029418771175,-0.01923527213791277,0.008138799829180181,0.030190542901517844,-0.0017125769235688461,0.05677647608909009
fixed_q0_q7,eventual_stagnation_or_loop,leave_one_worker_out,within_snapshot,moe_sparse_full,controls,352,199,0.35046712534246754,-0.009880134558833728,-0.01923527213791277,-0.0025854300281735695,0.026453311284561232,-0.0017125769235688461,0.049924884791336305
fixed_q0_q7,eventual_stagnation_or_loop,leave_one_worker_out,within_snapshot,controls+moe_sparse,controls_sparse_base,352,199,0.3758191081322128,-0.03523211734857907,-0.06248263962454699,-0.008614280406698333,-0.00022430767352409428,-0.00213017110944613,0.0024125700252821724
fixed_q8_q15,eventual_failure,grouped_5fold_snapshot,absolute,rate_only,controls,352,235,0.22324790885110238,0.0,0.0,0.0,-0.08903405112716561,-0.14794863345665732,-0.030382461668230568
fixed_q8_q15,eventual_failure,grouped_5fold_snapshot,absolute,physical,controls,352,235,0.10598361963154285,0.11726428921955953,0.06910902424527804,0.16901703657992115,0.02823023809239391,-0.00388810354218053,0.06075177922579904
fixed_q8_q15,eventual_failure,grouped_5fold_snapshot,absolute,noise_action,controls,352,235,0.1501040150116915,0.07314389383941085,0.016067700475305625,0.12825100000234313,-0.01589015728775475,-0.032456395104201785,-0.0007392349724758935
fixed_q8_q15,eventual_failure,grouped_5fold_snapshot,absolute,controls,controls,352,235,0.1342138577239367,0.08903405112716561,0.034103942659745486,0.14732010603744242,0.0,0.0,0.0
fixed_q8_q15,eventual_failure,grouped_5fold_snapshot,absolute,moe_trap_only,controls,352,235,0.17740668141375707,0.04584122743734525,-0.001147012666030207,0.09588205069386672,-0.04319282368982035,-0.06808378420764222,-0.019623757592748998
fixed_q8_q15,eventual_failure,grouped_5fold_snapshot,absolute,moe_nontrap,controls,352,235,0.14733886749252287,0.07590904135857947,0.01889143603395438,0.13674792837363386,-0.01312500976858615,-0.042422012085029125,0.0192181402806989
fixed_q8_q15,eventual_failure,grouped_5fold_snapshot,absolute,moe_full,controls,352,235,0.14291627716446975,0.08033163168663256,0.02668747205350597,0.1335631278359722,-0.008702419440533035,-0.03601374181783941,0.01978934550047472
fixed_q8_q15,eventual_failure,grouped_5fold_snapshot,absolute,controls+moe,controls,352,235,0.12962600246100484,0.09362190639009751,0.03844266838516898,0.15136232869263277,0.004587855262931908,-0.018254589056318566,0.02876767327414919
fixed_q8_q15,eventual_failure,grouped_5fold_snapshot,absolute,controls_sparse_base,controls,352,235,0.13311899105843528,0.09012891779266709,0.03591487237361964,0.14549562048428052,0.0010948666655014817,-0.0030113042227323957,0.005010496144174706
fixed_q8_q15,eventual_failure,grouped_5fold_snapshot,absolute,moe_sparse_trap,controls,352,235,0.21382128092014224,0.00942662793096011,-0.008147038837047605,0.027364140368473365,-0.0796074231962055,-0.13350269546766472,-0.03050133835307553
fixed_q8_q15,eventual_failure,grouped_5fold_snapshot,absolute,moe_sparse_nontrap,controls,352,235,0.20835345717876333,0.014894451672339033,-0.015331349121199479,0.04662126864245394,-0.07413959945482657,-0.13790108934767528,-0.014965777096887354
fixed_q8_q15,eventual_failure,grouped_5fold_snapshot,absolute,moe_sparse_full,controls,352,235,0.20487796218059773,0.018369946670504584,-0.011929809535052441,0.05022647142213085,-0.07066410445666103,-0.12811382349323336,-0.01837555490208251
fixed_q8_q15,eventual_failure,grouped_5fold_snapshot,absolute,controls+moe_sparse,controls_sparse_base,352,235,0.13566670174572815,0.08758120710537419,0.03514001620918039,0.14363824883665008,-0.002547710687292895,-0.010847452126764329,0.005404284447768105
fixed_q8_q15,eventual_failure,grouped_5fold_snapshot,within_snapshot,rate_only,controls,352,235,0.22324790885110238,0.0,0.0,0.0,0.00047538070475186545,-0.01025798931622555,0.010136105612271164
fixed_q8_q15,eventual_failure,grouped_5fold_snapshot,within_snapshot,physical,controls,352,235,0.15851137779267088,0.06473653105843144,0.027013697723222898,0.09896084612467827,0.0652119117631833,0.02567083659091016,0.10261800421322646
fixed_q8_q15,eventual_failure,grouped_5fold_snapshot,within_snapshot,noise_action,controls,352,235,0.22183058212994852,0.0014173267211538164,-0.0073943621450588476,0.01147484744182178,0.001892707425905682,-0.0021177969089638425,0.006033879406974197
fixed_q8_q15,eventual_failure,grouped_5fold_snapshot,within_snapshot,controls,controls,352,235,0.2237232895558542,-0.00047538070475186545,-0.009966919647131024,0.009941304574921733,0.0,0.0,0.0
fixed_q8_q15,eventual_failure,grouped_5fold_snapshot,within_snapshot,moe_trap_only,controls,352,235,0.22714035916068467,-0.003892450309582359,-0.010192074809446975,0.0020458491156501992,-0.0034170696048304947,-0.017183677414568197,0.00796776741445816
fixed_q8_q15,eventual_failure,grouped_5fold_snapshot,within_snapshot,moe_nontrap,controls,352,235,0.22877278680758525,-0.005524877956482942,-0.011163502636024336,-0.0002529365062322197,-0.005049497251731077,-0.01436414519172598,0.003384414952073878
fixed_q8_q15,eventual_failure,grouped_5fold_snapshot,within_snapshot,moe_full,controls,352,235,0.22746515110544727,-0.004217242254344915,-0.010069283602330744,0.002202926353916882,-0.0037418615495930525,-0.015018633582793555,0.007289912136857444
fixed_q8_q15,eventual_failure,grouped_5fold_snapshot,within_snapshot,controls+moe,controls,352,235,0.22647238836991718,-0.003224479518814838,-0.00946045046983859,0.0031598850695717996,-0.0027490988140629726,-0.011173050335766689,0.005509153420287595
fixed_q8_q15,eventual_failure,grouped_5fold_snapshot,within_snapshot,controls_sparse_base,controls,352,235,0.22436681601859207,-0.0011189071674897264,-0.010979889987743,0.009867258882347612,-0.000643526462737862,-0.002626770996429273,0.001761405693682859
fixed_q8_q15,eventual_failure,grouped_5fold_snapshot,within_snapshot,moe_sparse_trap,controls,352,235,0.22460441588378519,-0.001356507032682871,-0.004678284766174394,0.002182907066194062,-0.0008811263279310078,-0.012507276754711038,0.009274233769440136
fixed_q8_q15,eventual_failure,grouped_5fold_snapshot,within_snapshot,moe_sparse_nontrap,controls,352,235,0.22859300612159225,-0.005345097270489916,-0.012476618731453793,0.0015595055881269817,-0.0048697165657380515,-0.01926531793030347,0.006726984407939949
fixed_q8_q15,eventual_failure,grouped_5fold_snapshot,within_snapshot,moe_sparse_full,controls,352,235,0.23003241707940508,-0.006784508228302733,-0.014068652308594705,0.0006059613774284753,-0.00630912752355087,-0.02072060946511979,0.005684290750505207
fixed_q8_q15,eventual_failure,grouped_5fold_snapshot,within_snapshot,controls+moe_sparse,controls_sparse_base,352,235,0.22939133054969008,-0.006143421698587768,-0.01516253725260199,0.003408741628255414,-0.0050245145310980404,-0.011626197185794229,-5.5945580591536396e-05
fixed_q8_q15,eventual_failure,leave_one_worker_out,absolute,rate_only,controls,352,235,0.33126678418798167,0.0,0.0,0.0,0.07832239474720923,-0.07667158280452609,0.2079306763733574
fixed_q8_q15,eventual_failure,leave_one_worker_out,absolute,physical,controls,352,235,0.39012465196873053,-0.058857867780748856,-0.10515953928990165,-0.010306426852518577,0.01946452696646039,-0.08697800965704468,0.10901156206021559
fixed_q8_q15,eventual_failure,leave_one_worker_out,absolute,noise_action,controls,352,235,0.38259919129864584,-0.05133240711066416,-0.16396865765801685,0.09330568143664318,0.026989987636545077,0.010017956557749605,0.048457640014907974
fixed_q8_q15,eventual_failure,leave_one_worker_out,absolute,controls,controls,352,235,0.409589178935191,-0.07832239474720923,-0.2079306763733574,0.0766715828045261,0.0,0.0,0.0
fixed_q8_q15,eventual_failure,leave_one_worker_out,absolute,moe_trap_only,controls,352,235,0.39096772661086104,-0.059700942422879356,-0.1379451028887849,0.011963548552783818,0.018621452324329865,-0.07314165985751221,0.11038456450617193
fixed_q8_q15,eventual_failure,leave_one_worker_out,absolute,moe_nontrap,controls,352,235,0.30496529998958405,0.026301484198397687,-0.06920604662585712,0.12180901502265257,0.10462387894560692,-0.0049730663857729205,0.21422082427698663
fixed_q8_q15,eventual_failure,leave_one_worker_out,absolute,moe_full,controls,352,235,0.3064389650152316,0.02482781917275007,-0.052661701898778036,0.10691390934337383,0.1031502139199593,-0.006869612209067114,0.2131700400489858
fixed_q8_q15,eventual_failure,leave_one_worker_out,absolute,controls+moe,controls,352,235,0.32513315723315706,0.006133626954824642,-0.06782322183114096,0.11125628010050954,0.08445602170203388,0.008304494600932733,0.16060754880313505
fixed_q8_q15,eventual_failure,leave_one_worker_out,absolute,controls_sparse_base,controls,352,235,0.40633480574071024,-0.07506802155272853,-0.19971719285524922,0.07611502025740687,0.0032543731944807085,-0.001704737129146718,0.010396653460433714
fixed_q8_q15,eventual_failure,leave_one_worker_out,absolute,moe_sparse_trap,controls,352,235,0.33854938803081913,-0.007282603842837489,-0.029837724522459228,0.008439555338456091,0.07103979090437176,-0.06871533259805987,0.21079491440680337
fixed_q8_q15,eventual_failure,leave_one_worker_out,absolute,moe_sparse_nontrap,controls,352,235,0.3258742647560839,0.0053925194318978405,-0.0667268355752924,0.06053861644908825,0.08371491417910706,-0.06351337699285138,0.2079195243629263
fixed_q8_q15,eventual_failure,leave_one_worker_out,absolute,moe_sparse_full,controls,352,235,0.339755258820976,-0.008488474632994299,-0.08323936444789118,0.05753467341074519,0.06983392011421494,-0.06901755328371764,0.19802316322644054
fixed_q8_q15,eventual_failure,leave_one_worker_out,absolute,controls+moe_sparse,controls_sparse_base,352,235,0.40662761154425264,-0.07536082735627088,-0.19707894980101365,0.06865552127057999,-0.00029280580354236035,-0.010863685123506066,0.009329957303575583
fixed_q8_q15,eventual_failure,leave_one_worker_out,within_snapshot,rate_only,controls,352,235,0.33126678418798167,0.0,0.0,0.0,0.053328955903892965,0.009579602181243247,0.11036864431367693
fixed_q8_q15,eventual_failure,leave_one_worker_out,within_snapshot,physical,controls,352,235,0.5348194081206586,-0.20355262393267692,-0.3976369319918781,-0.00946831587347595,-0.15022366802878404,-0.3699267003306563,0.06947936427308835
fixed_q8_q15,eventual_failure,leave_one_worker_out,within_snapshot,noise_action,controls,352,235,0.35845648435378846,-0.02718970016580674,-0.07385764603755014,0.0028960243590941855,0.026139255738086228,0.001459456564305349,0.0467057550495703
fixed_q8_q15,eventual_failure,leave_one_worker_out,within_snapshot,controls,controls,352,235,0.3845957400918747,-0.053328955903892965,-0.11036864431367693,-0.009579602181243247,0.0,0.0,0.0
fixed_q8_q15,eventual_failure,leave_one_worker_out,within_snapshot,moe_trap_only,controls,352,235,0.349153720811393,-0.017886936623411308,-0.0295913344798596,-0.006182538766963017,0.03544201928048165,-0.006264449277259929,0.08164826799717206
fixed_q8_q15,eventual_failure,leave_one_worker_out,within_snapshot,moe_nontrap,controls,352,235,0.35303077677056754,-0.021763992582585816,-0.055579872033050697,0.0017477543479249111,0.03156496332130715,-0.00033463800339532667,0.058147964425225886
fixed_q8_q15,eventual_failure,leave_one_worker_out,within_snapshot,moe_full,controls,352,235,0.35721885962990807,-0.02595207544192637,-0.06363884429602848,-0.0021558674402012475,0.027376880461966603,-0.0003983282804495559,0.0505228877473134
fixed_q8_q15,eventual_failure,leave_one_worker_out,within_snapshot,controls+moe,controls,352,235,0.36128483117799437,-0.030018046990012672,-0.08125766145067927,0.002939787744552522,0.023310908913880293,0.0005856018762472239,0.04224866477857453
fixed_q8_q15,eventual_failure,leave_one_worker_out,within_snapshot,controls_sparse_base,controls,352,235,0.38598930761268124,-0.05472252342469958,-0.1076252535482792,-0.009315225258243633,-0.0013935675208066104,-0.006691169961635975,0.002462344099321688
fixed_q8_q15,eventual_failure,leave_one_worker_out,within_snapshot,moe_sparse_trap,controls,352,235,0.33841300669657975,-0.007146222508598088,-0.007980090210597047,-0.00614558126619934,0.04618273339529488,0.0034340209150439107,0.10296439540545649
fixed_q8_q15,eventual_failure,leave_one_worker_out,within_snapshot,moe_sparse_nontrap,controls,352,235,0.34265926455023166,-0.011392480362249975,-0.02596137268597305,0.0008373955651939271,0.04193647554164299,0.0008769906747143197,0.08377680649313039
fixed_q8_q15,eventual_failure,leave_one_worker_out,within_snapshot,moe_sparse_full,controls,352,235,0.34423369133345055,-0.012966907145468927,-0.02408766792439306,-0.00464143471537372,0.040362048758424036,-0.00017272336307240778,0.08565051125471039
fixed_q8_q15,eventual_failure,leave_one_worker_out,within_snapshot,controls+moe_sparse,controls_sparse_base,352,235,0.382320014098106,-0.05105322991012438,-0.10644377296459763,-0.014732535318098174,0.0036692935145752055,-0.005417310059854547,0.014233748955906263
fixed_q8_q15,eventual_stagnation_or_loop,grouped_5fold_snapshot,absolute,rate_only,controls,352,199,0.24651342699389123,0.0,0.0,0.0,-0.10624793958248442,-0.15334213851790784,-0.05107928505509915
fixed_q8_q15,eventual_stagnation_or_loop,grouped_5fold_snapshot,absolute,physical,controls,352,199,0.11727579549648647,0.12923763149740478,0.0828778995447852,0.17405783284535428,0.02298969191492037,0.00602127418383568,0.04105672625222833
fixed_q8_q15,eventual_stagnation_or_loop,grouped_5fold_snapshot,absolute,noise_action,controls,352,199,0.1578291641236772,0.08868426287021407,0.02992552206924619,0.14044397593701796,-0.01756367671227035,-0.03773071068939134,0.0015168187810393515
fixed_q8_q15,eventual_stagnation_or_loop,grouped_5fold_snapshot,absolute,controls,controls,352,199,0.14026548741140682,0.10624793958248442,0.051325548606020795,0.1546459718665871,0.0,0.0,0.0
fixed_q8_q15,eventual_stagnation_or_loop,grouped_5fold_snapshot,absolute,moe_trap_only,controls,352,199,0.20872393577926898,0.03778949121462228,-0.01461328113341864,0.08804219723598546,-0.06845844836786213,-0.09906593839433009,-0.039039176525144
fixed_q8_q15,eventual_stagnation_or_loop,grouped_5fold_snapshot,absolute,moe_nontrap,controls,352,199,0.15487393243178038,0.09163949456211086,0.040206921670630225,0.14116110486459674,-0.014608445020373532,-0.05192468172034107,0.02007250533518835
fixed_q8_q15,eventual_stagnation_or_loop,grouped_5fold_snapshot,absolute,moe_full,controls,352,199,0.156761596294333,0.08975183069955825,0.039476941199446815,0.13921724659199153,-0.01649610888292618,-0.0496076067812397,0.01854638442622048
fixed_q8_q15,eventual_stagnation_or_loop,grouped_5fold_snapshot,absolute,controls+moe,controls,352,199,0.14593851668752633,0.1005749103063649,0.048899216021505945,0.15008123217356342,-0.00567302927611952,-0.031561408416695226,0.022376063602529462
fixed_q8_q15,eventual_stagnation_or_loop,grouped_5fold_snapshot,absolute,controls_sparse_base,controls,352,199,0.14005559479204033,0.10645783220185091,0.05386865127920936,0.15468745353685595,0.0002098926193664857,-0.0029414202447879683,0.0038646973705878853
fixed_q8_q15,eventual_stagnation_or_loop,grouped_5fold_snapshot,absolute,moe_sparse_trap,controls,352,199,0.2289848183114969,0.01752860868239436,-0.004588420014553563,0.04176084558253048,-0.08871933090009006,-0.13098838257736645,-0.0405883549285205
fixed_q8_q15,eventual_stagnation_or_loop,grouped_5fold_snapshot,absolute,moe_sparse_nontrap,controls,352,199,0.18056499584725264,0.06594843114663859,0.018719827644449245,0.11339577803073292,-0.0402995084358458,-0.0918918291259019,0.013071849344544377
fixed_q8_q15,eventual_stagnation_or_loop,grouped_5fold_snapshot,absolute,moe_sparse_full,controls,352,199,0.18056499584725264,0.06594843114663859,0.018143959744133898,0.11264009483823102,-0.0402995084358458,-0.09352959347375556,0.012601816781615207
fixed_q8_q15,eventual_stagnation_or_loop,grouped_5fold_snapshot,absolute,controls+moe_sparse,controls_sparse_base,352,199,0.13690803479180907,0.10960539220208214,0.059784053727970174,0.1560341628219,0.0031475600002312506,-0.0016066080304549882,0.007569595427533656
fixed_q8_q15,eventual_stagnation_or_loop,grouped_5fold_snapshot,within_snapshot,rate_only,controls,352,199,0.24651342699389123,0.0,0.0,0.0,-0.016987724060565312,-0.043973211568990665,0.006159007380768094
fixed_q8_q15,eventual_stagnation_or_loop,grouped_5fold_snapshot,within_snapshot,physical,controls,352,199,0.15314247089832553,0.09337095609556573,0.05397631484726967,0.1321912652972206,0.07638323203500041,0.03463494120994683,0.11679956184568362
fixed_q8_q15,eventual_stagnation_or_loop,grouped_5fold_snapshot,within_snapshot,noise_action,controls,352,199,0.23051554428303003,0.015997882710861246,0.00013939411849472,0.03391804728274086,-0.0009898413497040676,-0.012086526469649184,0.00951208906125365
fixed_q8_q15,eventual_stagnation_or_loop,grouped_5fold_snapshot,within_snapshot,controls,controls,352,199,0.22952570293332594,0.016987724060565312,-0.00661958599752728,0.04443914829590875,0.0,0.0,0.0
fixed_q8_q15,eventual_stagnation_or_loop,grouped_5fold_snapshot,within_snapshot,moe_trap_only,controls,352,199,0.2514955376896312,-0.0049821106957399185,-0.01068534596085069,0.0010525926349404659,-0.021969834756305227,-0.04779419995501006,0.0003394387510302659
fixed_q8_q15,eventual_stagnation_or_loop,grouped_5fold_snapshot,within_snapshot,moe_nontrap,controls,352,199,0.24441575864445061,0.002097668349440621,-0.01335427115440506,0.01921284261602406,-0.014890055711124695,-0.03557023391617976,0.004161089683790584
fixed_q8_q15,eventual_stagnation_or_loop,grouped_5fold_snapshot,within_snapshot,moe_full,controls,352,199,0.24503606064807915,0.0014773663458120838,-0.013430556258411093,0.0175406821574135,-0.015510357714753231,-0.03577692464604761,0.003636533942445995
fixed_q8_q15,eventual_stagnation_or_loop,grouped_5fold_snapshot,within_snapshot,controls+moe,controls,352,199,0.2430232895881503,0.0034901374057409477,-0.013385638228496286,0.02229249297160281,-0.013497586654824367,-0.03044728530691383,0.0007355881082583157
fixed_q8_q15,eventual_stagnation_or_loop,grouped_5fold_snapshot,within_snapshot,controls_sparse_base,controls,352,199,0.23082219691614264,0.01569123007774859,-0.006961012734640656,0.0414545114722404,-0.0012964939828167274,-0.0040280304172499275,0.0004989884786005497
fixed_q8_q15,eventual_stagnation_or_loop,grouped_5fold_snapshot,within_snapshot,moe_sparse_trap,controls,352,199,0.2528361125496067,-0.006322685555715481,-0.010736352704730586,-0.0019531919973867647,-0.023310409616280794,-0.05126685002508068,0.000812496455184448
fixed_q8_q15,eventual_stagnation_or_loop,grouped_5fold_snapshot,within_snapshot,moe_sparse_nontrap,controls,352,199,0.2403960007603849,0.006117426233506357,-0.008821310224454808,0.02279452919277968,-0.010870297827058957,-0.03030725262630892,0.006665851588763026
fixed_q8_q15,eventual_stagnation_or_loop,grouped_5fold_snapshot,within_snapshot,moe_sparse_full,controls,352,199,0.2403960007603849,0.006117426233506357,-0.00931210806316871,0.022032776073512297,-0.010870297827058957,-0.030002281888513418,0.006821625105981552
fixed_q8_q15,eventual_stagnation_or_loop,grouped_5fold_snapshot,within_snapshot,controls+moe_sparse,controls_sparse_base,352,199,0.23248868280593002,0.01402474418796123,-0.0102351472763436,0.04132506220080075,-0.0016664858897873593,-0.006239584062382861,0.002613744164706798
fixed_q8_q15,eventual_stagnation_or_loop,leave_one_worker_out,absolute,rate_only,controls,352,199,0.3405869907836338,0.0,0.0,0.0,0.06430295971528181,-0.154249699483238,0.19433231131369355
fixed_q8_q15,eventual_stagnation_or_loop,leave_one_worker_out,absolute,physical,controls,352,199,0.3900428727340381,-0.04945588195040423,-0.1849802702113796,0.08606850631057111,0.014847077764877587,-0.0847299981441733,0.11165908422854844
fixed_q8_q15,eventual_stagnation_or_loop,leave_one_worker_out,absolute,noise_action,controls,352,199,0.38966375424673455,-0.04907676346310074,-0.16617316466575602,0.16142038325122696,0.015226196252181063,0.004087482858653763,0.028159146647937477
fixed_q8_q15,eventual_stagnation_or_loop,leave_one_worker_out,absolute,controls,controls,352,199,0.4048899504989155,-0.06430295971528181,-0.19433231131369355,0.154249699483238,0.0,0.0,0.0
fixed_q8_q15,eventual_stagnation_or_loop,leave_one_worker_out,absolute,moe_trap_only,controls,352,199,0.4205592172332533,-0.07997222644961945,-0.18550010750228238,0.02955937955287487,-0.01566926673433765,-0.24089348599935057,0.16477286375525588
fixed_q8_q15,eventual_stagnation_or_loop,leave_one_worker_out,absolute,moe_nontrap,controls,352,199,0.23363220006278482,0.106954790720849,-0.016440415965464018,0.23034999740716208,0.1712577504361308,0.02983390869670795,0.3013680750198266
fixed_q8_q15,eventual_stagnation_or_loop,leave_one_worker_out,absolute,moe_full,controls,352,199,0.2755632744477471,0.0650237163358867,-0.06552987402213073,0.19557730669390416,0.12932667605116852,0.011645319114487908,0.23666901862681924
fixed_q8_q15,eventual_stagnation_or_loop,leave_one_worker_out,absolute,controls+moe,controls,352,199,0.2972835516983893,0.04330343908524448,-0.11943229155741818,0.20603916972790717,0.10760639880052629,-0.0015397093269250907,0.22975007930333888
fixed_q8_q15,eventual_stagnation_or_loop,leave_one_worker_out,absolute,controls_sparse_base,controls,352,199,0.4011905537634462,-0.06060356297981237,-0.18921937823865623,0.15544491094944984,0.0036993967354694377,-0.0016987641226957231,0.010462748601835239
fixed_q8_q15,eventual_stagnation_or_loop,leave_one_worker_out,absolute,moe_sparse_trap,controls,352,199,0.350054574130636,-0.009467583347002173,-0.049677593045327324,0.04799756091657061,0.05483537636827964,-0.1087220321797171,0.14465471826836623
fixed_q8_q15,eventual_stagnation_or_loop,leave_one_worker_out,absolute,moe_sparse_nontrap,controls,352,199,0.2764892378933854,0.06409775289024844,0.005901505414672037,0.11974347353080467,0.12840071260553024,-0.06206056200145925,0.23935053796865222
fixed_q8_q15,eventual_stagnation_or_loop,leave_one_worker_out,absolute,moe_sparse_full,controls,352,199,0.28069460999680834,0.05989238078682548,4.128804284624719e-05,0.11974347353080467,0.12419534050210727,-0.06646618991933091,0.23549561354051451
fixed_q8_q15,eventual_stagnation_or_loop,leave_one_worker_out,absolute,controls+moe_sparse,controls_sparse_base,352,199,0.38935864291423866,-0.04877165213060484,-0.1853220646244553,0.15539046724622446,0.011831910849207532,-0.0022156964814030147,0.034492021834947206
fixed_q8_q15,eventual_stagnation_or_loop,leave_one_worker_out,within_snapshot,rate_only,controls,352,199,0.3405869907836338,0.0,0.0,0.0,0.058131503635047314,-0.0074577828405734655,0.14986905540953954
fixed_q8_q15,eventual_stagnation_or_loop,leave_one_worker_out,within_snapshot,physical,controls,352,199,0.4877860344228088,-0.147199043639175,-0.3534064873878493,-0.007591621972636822,-0.0890675400041277,-0.33759646050014225,0.1286721137786008
fixed_q8_q15,eventual_stagnation_or_loop,leave_one_worker_out,within_snapshot,noise_action,controls,352,199,0.3626181158645031,-0.022031125080869258,-0.07741977560285451,0.018727095799103918,0.03610037855417805,0.002812575861103518,0.07072145127196779
fixed_q8_q15,eventual_stagnation_or_loop,leave_one_worker_out,within_snapshot,controls,controls,352,199,0.3987184944186811,-0.058131503635047314,-0.14986905540953954,0.0074577828405734655,0.0,0.0,0.0
fixed_q8_q15,eventual_stagnation_or_loop,leave_one_worker_out,within_snapshot,moe_trap_only,controls,352,199,0.35291855783973086,-0.012331567056097064,-0.01733068051328916,-0.004845012468987957,0.045799936578950255,-0.01491887160558335,0.13372796872607795
fixed_q8_q15,eventual_stagnation_or_loop,leave_one_worker_out,within_snapshot,moe_nontrap,controls,352,199,0.3649846189638971,-0.024397628180263305,-0.062048612961983836,0.007174589670116876,0.03373387545478401,-0.006191236131912281,0.08782044244755567
fixed_q8_q15,eventual_stagnation_or_loop,leave_one_worker_out,within_snapshot,moe_full,controls,352,199,0.35996177959694076,-0.019374788813306947,-0.05136760801029659,0.0064602816838646585,0.03875671482174036,-0.006318439071915838,0.09850144739924295
fixed_q8_q15,eventual_stagnation_or_loop,leave_one_worker_out,within_snapshot,controls+moe,controls,352,199,0.36454777965176616,-0.02396078886813235,-0.08368712478786222,0.022443703744916978,0.03417071476691496,0.0049063418126888735,0.06533074373955232
fixed_q8_q15,eventual_stagnation_or_loop,leave_one_worker_out,within_snapshot,controls_sparse_base,controls,352,199,0.3966986944810121,-0.056111703697378286,-0.1509529615919001,0.012139405648762074,0.0020197999376690198,-0.0014557712505748786,0.005495371125912919
fixed_q8_q15,eventual_stagnation_or_loop,leave_one_worker_out,within_snapshot,moe_sparse_trap,controls,352,199,0.3490383972185409,-0.008451406434907126,-0.00943644047876009,-0.007317487341838019,0.04968009720014019,-0.016156908165345915,0.14255156806770156
fixed_q8_q15,eventual_stagnation_or_loop,leave_one_worker_out,within_snapshot,moe_sparse_nontrap,controls,352,199,0.3514786441651439,-0.010891653381510104,-0.039769314381009745,0.020052487660132765,0.047239850253537205,0.007433729901576485,0.11009974102852978
fixed_q8_q15,eventual_stagnation_or_loop,leave_one_worker_out,within_snapshot,moe_sparse_full,controls,352,199,0.3534833392670922,-0.01289634848345837,-0.039769314381009745,0.014299884324107308,0.04523515515158894,0.003424339697679952,0.11009974102852978
fixed_q8_q15,eventual_stagnation_or_loop,leave_one_worker_out,within_snapshot,controls+moe_sparse,controls_sparse_base,352,199,0.39777648218748934,-0.05718949140385544,-0.15899714827316835,0.014565028290026885,-0.0010777877064771435,-0.007394977412022143,0.00415035775889965
fixed_q16_q23,eventual_failure,grouped_5fold_snapshot,absolute,rate_only,controls,352,235,0.22324790885110238,0.0,0.0,0.0,-0.0903268026724806,-0.14308589751075793,-0.03867107048054917
fixed_q16_q23,eventual_failure,grouped_5fold_snapshot,absolute,physical,controls,352,235,0.12209647445944234,0.10115143439165997,0.0529351538823559,0.15265127901434425,0.010824631719179374,-0.01416843589020773,0.03488653638228234
fixed_q16_q23,eventual_failure,grouped_5fold_snapshot,absolute,noise_action,controls,352,235,0.14820574053904337,0.07504216831205898,0.032202266360770684,0.11810468681338603,-0.015284634360421628,-0.042565995357883676,0.006604051432224897
fixed_q16_q23,eventual_failure,grouped_5fold_snapshot,absolute,controls,controls,352,235,0.1329211061786217,0.0903268026724806,0.03958517537458816,0.14325102583224184,0.0,0.0,0.0
fixed_q16_q23,eventual_failure,grouped_5fold_snapshot,absolute,moe_trap_only,controls,352,235,0.14133569031054047,0.08191221854056187,0.03726954504440356,0.13077493503307488,-0.008414584131918727,-0.03679102284638848,0.019575342893393452
fixed_q16_q23,eventual_failure,grouped_5fold_snapshot,absolute,moe_nontrap,controls,352,235,0.13329290025587934,0.08995500859522301,0.036177291484384255,0.14649437679763858,-0.0003717940772575928,-0.0260150010674717,0.02515644084325386
fixed_q16_q23,eventual_failure,grouped_5fold_snapshot,absolute,moe_full,controls,352,235,0.13730210916923483,0.08594579968186754,0.028111286690688794,0.14379337383765448,-0.004381002990613072,-0.032031657756331225,0.02470557423198828
fixed_q16_q23,eventual_failure,grouped_5fold_snapshot,absolute,controls+moe,controls,352,235,0.13695291034252435,0.08629499850857798,0.03070793945525245,0.1415696144413776,-0.004031804163902614,-0.02588268937955538,0.016438471475531485
fixed_q16_q23,eventual_failure,grouped_5fold_snapshot,absolute,controls_sparse_base,controls,352,235,0.1338871704919537,0.08936073835914865,0.04016847600628497,0.14097265904058598,-0.0009660643133319665,-0.004210724579553384,0.001953813483641026
fixed_q16_q23,eventual_failure,grouped_5fold_snapshot,absolute,moe_sparse_trap,controls,352,235,0.20887745153307966,0.01437045731802271,-0.011290778623715334,0.03817218806680875,-0.07595634535445789,-0.11919544804298517,-0.036578345522503754
fixed_q16_q23,eventual_failure,grouped_5fold_snapshot,absolute,moe_sparse_nontrap,controls,352,235,0.21033349612813373,0.01291441272296862,-0.02567759153791531,0.049551939512711855,-0.077412389949512,-0.11952826396476136,-0.036305976170938316
fixed_q16_q23,eventual_failure,grouped_5fold_snapshot,absolute,moe_sparse_full,controls,352,235,0.2022684869497725,0.020979421901329842,-0.015305283862483227,0.058444038394538704,-0.06934738077115075,-0.10620782822524899,-0.03351895577880081
fixed_q16_q23,eventual_failure,grouped_5fold_snapshot,absolute,controls+moe_sparse,controls_sparse_base,352,235,0.13288929848677283,0.0903586103643295,0.04015704361508979,0.14326811996740926,0.0009978720051808624,-0.004135402385316051,0.0060512022591612275
fixed_q16_q23,eventual_failure,grouped_5fold_snapshot,within_snapshot,rate_only,controls,352,235,0.22324790885110238,0.0,0.0,0.0,-0.00606734144428677,-0.02391233435833744,0.008596475890758874
fixed_q16_q23,eventual_failure,grouped_5fold_snapshot,within_snapshot,physical,controls,352,235,0.22215275920800123,0.001095149643101144,-0.009061763247375888,0.011565919906693936,-0.0049721918011856265,-0.017668593516202414,0.005924227781146144
fixed_q16_q23,eventual_failure,grouped_5fold_snapshot,within_snapshot,noise_action,controls,352,235,0.22089254892224783,0.0023553599288544847,-0.009097266195609263,0.016036961110443056,-0.0037119815154322863,-0.011883575899455961,0.0035444764650932677
fixed_q16_q23,eventual_failure,grouped_5fold_snapshot,within_snapshot,controls,controls,352,235,0.21718056740681552,0.00606734144428677,-0.00843998338329331,0.024234520506200855,0.0,0.0,0.0
fixed_q16_q23,eventual_failure,grouped_5fold_snapshot,within_snapshot,moe_trap_only,controls,352,235,0.22939469554154746,-0.006146786690445105,-0.012566980587813147,0.0003318523300042473,-0.012214128134731878,-0.026582847955420073,-0.0005166038590202088
fixed_q16_q23,eventual_failure,grouped_5fold_snapshot,within_snapshot,moe_nontrap,controls,352,235,0.2272486008506389,-0.004000691999536531,-0.012265042816939653,0.005007581204164401,-0.010068033443823305,-0.02425342262577712,0.0005986059956715209
fixed_q16_q23,eventual_failure,grouped_5fold_snapshot,within_snapshot,moe_full,controls,352,235,0.22658354785762178,-0.003335639006519456,-0.010418351613296873,0.004278986481078946,-0.00940298045080623,-0.02384535861122512,0.0014616855192724123
fixed_q16_q23,eventual_failure,grouped_5fold_snapshot,within_snapshot,controls+moe,controls,352,235,0.220451574054918,0.0027963347961843256,-0.006992128674592796,0.013293711598781285,-0.003271006648102444,-0.016479437231115748,0.008517585334228089
fixed_q16_q23,eventual_failure,grouped_5fold_snapshot,within_snapshot,controls_sparse_base,controls,352,235,0.21848613019312077,0.0047617786579816,-0.010126906052987985,0.022753621496997188,-0.001305562786305172,-0.0028110062047431916,-2.6483904846397195e-05
fixed_q16_q23,eventual_failure,grouped_5fold_snapshot,within_snapshot,moe_sparse_trap,controls,352,235,0.2248277840933308,-0.0015798752422284924,-0.0055170450022532696,0.0029884894290783475,-0.007647216686515265,-0.02482318487565397,0.005824586844288232
fixed_q16_q23,eventual_failure,grouped_5fold_snapshot,within_snapshot,moe_sparse_nontrap,controls,352,235,0.22248771301298512,0.0007601958381172109,-0.007612880522840089,0.010628600104230154,-0.005307145606169561,-0.01855857524155225,0.0054557448999257695
fixed_q16_q23,eventual_failure,grouped_5fold_snapshot,within_snapshot,moe_sparse_full,controls,352,235,0.22264643631157768,0.0006014725395246238,-0.007752271309046013,0.010630886498380628,-0.005465868904762147,-0.019336696373241025,0.004801633377546227
fixed_q16_q23,eventual_failure,grouped_5fold_snapshot,within_snapshot,controls+moe_sparse,controls_sparse_base,352,235,0.22048215802065743,0.002765750830444906,-0.012620796565097509,0.02085997394344494,-0.0019960278275366955,-0.006038103736123293,0.002787008790417334
fixed_q16_q23,eventual_failure,leave_one_worker_out,absolute,rate_only,controls,352,235,0.33126678418798167,0.0,0.0,0.0,0.0824721296523454,0.009621536735594013,0.16163677534946266
fixed_q16_q23,eventual_failure,leave_one_worker_out,absolute,physical,controls,352,235,0.3957411659581778,-0.06447438177019614,-0.16376310320874352,0.05458875872903491,0.017997747882149265,-0.00482966497876905,0.06421029546462897
fixed_q16_q23,eventual_failure,leave_one_worker_out,absolute,noise_action,controls,352,235,0.3627493532730854,-0.031482569085103614,-0.11075449087323323,0.04798722654111666,0.05098956056724179,0.02924289696606845,0.06781317901179218
fixed_q16_q23,eventual_failure,leave_one_worker_out,absolute,controls,controls,352,235,0.4137389138403271,-0.0824721296523454,-0.16163677534946266,-0.009621536735594013,0.0,0.0,0.0
fixed_q16_q23,eventual_failure,leave_one_worker_out,absolute,moe_trap_only,controls,352,235,0.27766395586030507,0.0536028283276766,-0.031453414776172174,0.13865907143152534,0.13607495798002198,0.06923221207945511,0.21962787693203803
fixed_q16_q23,eventual_failure,leave_one_worker_out,absolute,moe_nontrap,controls,352,235,0.37691300558788293,-0.045646221399901224,-0.11972147096669081,0.004949127880140089,0.03682590825244416,-0.028767961473012915,0.094522259136876
fixed_q16_q23,eventual_failure,leave_one_worker_out,absolute,moe_full,controls,352,235,0.3855265294565228,-0.05425974526854115,-0.1441534704743558,0.00831141133320845,0.028212384383804242,-0.04513030858986008,0.1013909294248202
fixed_q16_q23,eventual_failure,leave_one_worker_out,absolute,controls+moe,controls,352,235,0.37883431915661686,-0.0475675349686352,-0.12299894900206629,-0.0008156493520868373,0.03490459468371018,-0.011350726030498873,0.08038601102314913
fixed_q16_q23,eventual_failure,leave_one_worker_out,absolute,controls_sparse_base,controls,352,235,0.41536087913822456,-0.0840940949502429,-0.16525025211484218,-0.014735560328576354,-0.0016219652978975126,-0.0073797135485927454,0.004381813466360475
fixed_q16_q23,eventual_failure,leave_one_worker_out,absolute,moe_sparse_trap,controls,352,235,0.3458038941530334,-0.014537109965051687,-0.12191311790145025,0.06061793250982126,0.06793501968729371,0.03080355501766957,0.11397684442101813
fixed_q16_q23,eventual_failure,leave_one_worker_out,absolute,moe_sparse_nontrap,controls,352,235,0.3692825943376313,-0.03801581014964958,-0.09153930751732238,0.00658710432341109,0.0444563195026958,-0.04547789537436821,0.10373087629246697
fixed_q16_q23,eventual_failure,leave_one_worker_out,absolute,moe_sparse_full,controls,352,235,0.33886910977583534,-0.007602325587853658,-0.08133932625359656,0.057399334198736135,0.07486980406449173,0.01700820914782197,0.13874759534682674
fixed_q16_q23,eventual_failure,leave_one_worker_out,absolute,controls+moe_sparse,controls_sparse_base,352,235,0.4141829525900237,-0.08291616840204205,-0.17201972844104457,-0.014092662787544645,0.0011779265482008664,-0.007728626927450165,0.011440218856845367
fixed_q16_q23,eventual_failure,leave_one_worker_out,within_snapshot,rate_only,controls,352,235,0.33126678418798167,0.0,0.0,0.0,0.04082154052544503,-0.007426826011171838,0.10624774174070871
fixed_q16_q23,eventual_failure,leave_one_worker_out,within_snapshot,physical,controls,352,235,0.3635580304652224,-0.03229124627724069,-0.05658736543177883,-0.015703862994191648,0.008530294248204338,-0.02376361323874827,0.04721104300480555
fixed_q16_q23,eventual_failure,leave_one_worker_out,within_snapshot,noise_action,controls,352,235,0.3584024720699817,-0.027135687882000013,-0.07523732843590257,0.007728204663120839,0.013685852643445023,-0.000560910522889032,0.027932615809779075
fixed_q16_q23,eventual_failure,leave_one_worker_out,within_snapshot,controls,controls,352,235,0.37208832471342673,-0.04082154052544503,-0.10624774174070871,0.007426826011171838,0.0,0.0,0.0
fixed_q16_q23,eventual_failure,leave_one_worker_out,within_snapshot,moe_trap_only,controls,352,235,0.3577551392820812,-0.026488355094099504,-0.04327423088440627,-0.016625982180279168,0.01433318543134553,-0.02405280819145101,0.06297351085630246
fixed_q16_q23,eventual_failure,leave_one_worker_out,within_snapshot,moe_nontrap,controls,352,235,0.3641306934152179,-0.0328639092272362,-0.07626334028516268,-0.0006439774993335163,0.007957631298208829,-0.007235839603528159,0.02914943754856883
fixed_q16_q23,eventual_failure,leave_one_worker_out,within_snapshot,moe_full,controls,352,235,0.36673904661528006,-0.03547226242729834,-0.07402787118056998,-0.0076742766197227695,0.005349278098146695,-0.014205463449237734,0.03132423137848189
fixed_q16_q23,eventual_failure,leave_one_worker_out,within_snapshot,controls+moe,controls,352,235,0.3707387518115491,-0.039471967623567354,-0.08406923741532568,-0.007288786410178489,0.0013495729018776776,-0.014702714478497298,0.022165606382530016
fixed_q16_q23,eventual_failure,leave_one_worker_out,within_snapshot,controls_sparse_base,controls,352,235,0.37224284404626995,-0.04097605985828818,-0.10625851718528778,0.007016617078419356,-0.00015451933284315233,-0.0004970096269223268,0.00018797096123602226
fixed_q16_q23,eventual_failure,leave_one_worker_out,within_snapshot,moe_sparse_trap,controls,352,235,0.34126080066361614,-0.009994016475634476,-0.01667233517739272,-0.0033156977738762307,0.030827524049810564,-0.010277733086586447,0.08864567966724494
fixed_q16_q23,eventual_failure,leave_one_worker_out,within_snapshot,moe_sparse_nontrap,controls,352,235,0.34402473044087445,-0.012757946252892761,-0.029970249537948652,0.00042659191675198984,0.02806359427255227,-0.006350847641265256,0.07562810574960553
fixed_q16_q23,eventual_failure,leave_one_worker_out,within_snapshot,moe_sparse_full,controls,352,235,0.34574648038102757,-0.014479696193045876,-0.03658920755197076,0.002123781598915628,0.026341844332399163,-0.0046442052543763795,0.06899969503085819
fixed_q16_q23,eventual_failure,leave_one_worker_out,within_snapshot,controls+moe_sparse,controls_sparse_base,352,235,0.3707176522435434,-0.039450868055561764,-0.10808123282703708,0.012258130558697216,0.001525191802726418,-0.0022999290181502496,0.005350312623603086
fixed_q16_q23,eventual_stagnation_or_loop,grouped_5fold_snapshot,absolute,rate_only,controls,352,199,0.24651342699389123,0.0,0.0,0.0,-0.10967414267358183,-0.16066257888598015,-0.051989574763242334
fixed_q16_q23,eventual_stagnation_or_loop,grouped_5fold_snapshot,absolute,physical,controls,352,199,0.11108451066713991,0.1354289163267513,0.09666061037945516,0.1738762544991173,0.025754773653169492,9.778271412671423e-05,0.05868531706442474
fixed_q16_q23,eventual_stagnation_or_loop,grouped_5fold_snapshot,absolute,noise_action,controls,352,199,0.15427844305284222,0.092234983941049,0.0499638591370884,0.13187895292645233,-0.017439158732532836,-0.04636052840629493,0.01441100994890447
fixed_q16_q23,eventual_stagnation_or_loop,grouped_5fold_snapshot,absolute,controls,controls,352,199,0.1368392843203094,0.10967414267358183,0.05129544197952999,0.1602348955290863,0.0,0.0,0.0
fixed_q16_q23,eventual_stagnation_or_loop,grouped_5fold_snapshot,absolute,moe_trap_only,controls,352,199,0.15455785141182643,0.09195557558206478,0.042394933953050676,0.1401059906151716,-0.017718567091517045,-0.04989762381360871,0.012292290453293673
fixed_q16_q23,eventual_stagnation_or_loop,grouped_5fold_snapshot,absolute,moe_nontrap,controls,352,199,0.1384763578765017,0.10803706911738954,0.05736384817134363,0.15382989054424331,-0.0016370735561922762,-0.04138271880123592,0.037877155475799285
fixed_q16_q23,eventual_stagnation_or_loop,grouped_5fold_snapshot,absolute,moe_full,controls,352,199,0.1422153196199133,0.10429810737397795,0.04814182907383378,0.155184733285364,-0.005376035299603874,-0.04464658515370159,0.033197267828524335
fixed_q16_q23,eventual_stagnation_or_loop,grouped_5fold_snapshot,absolute,controls+moe,controls,352,199,0.14449269742660098,0.10202072956729026,0.04069430946100232,0.15269691979761152,-0.007653413106291579,-0.04554354699494766,0.027808626459682798
fixed_q16_q23,eventual_stagnation_or_loop,grouped_5fold_snapshot,absolute,controls_sparse_base,controls,352,199,0.1393048807092868,0.10720854628460443,0.04805248583873706,0.1577594285638189,-0.0024655963889773907,-0.004532665323139357,-0.00038294326757832274
fixed_q16_q23,eventual_stagnation_or_loop,grouped_5fold_snapshot,absolute,moe_sparse_trap,controls,352,199,0.2364974481303193,0.0100159788635719,-0.018314575813570134,0.03757662257624736,-0.09965816381000993,-0.14469912686018027,-0.05115851562668934
fixed_q16_q23,eventual_stagnation_or_loop,grouped_5fold_snapshot,absolute,moe_sparse_nontrap,controls,352,199,0.1717670665980318,0.07474636039585945,0.029327185519179084,0.11782043282250594,-0.03492778227772238,-0.0673992501877598,0.0016938954041314357
fixed_q16_q23,eventual_stagnation_or_loop,grouped_5fold_snapshot,absolute,moe_sparse_full,controls,352,199,0.17337549248075493,0.07313793451313627,0.02608766674633375,0.11597338011801982,-0.03653620816044555,-0.06822453744122642,-0.005216903719674863
fixed_q16_q23,eventual_stagnation_or_loop,grouped_5fold_snapshot,absolute,controls+moe_sparse,controls_sparse_base,352,199,0.13565763035286912,0.1108557966410221,0.053390104500757554,0.1599414243390371,0.0036472503564176635,-0.002325058202030719,0.00935427098215275
fixed_q16_q23,eventual_stagnation_or_loop,grouped_5fold_snapshot,within_snapshot,rate_only,controls,352,199,0.24651342699389123,0.0,0.0,0.0,-0.03631264162124418,-0.0649415790998265,-0.0070877388050921515
fixed_q16_q23,eventual_stagnation_or_loop,grouped_5fold_snapshot,within_snapshot,physical,controls,352,199,0.21173142735278203,0.03478199964110923,0.008327310714741291,0.06460283694562897,-0.0015306419801349466,-0.010945068525076956,0.007863874797435846
fixed_q16_q23,eventual_stagnation_or_loop,grouped_5fold_snapshot,within_snapshot,noise_action,controls,352,199,0.2300797362737723,0.01643369072011894,-0.000795431206701655,0.03552211027763454,-0.019878950901125243,-0.03810624359014291,-0.0019864435898483508
fixed_q16_q23,eventual_stagnation_or_loop,grouped_5fold_snapshot,within_snapshot,controls,controls,352,199,0.21020078537264705,0.03631264162124418,0.007106097270345908,0.06597357887536191,0.0,0.0,0.0
fixed_q16_q23,eventual_stagnation_or_loop,grouped_5fold_snapshot,within_snapshot,moe_trap_only,controls,352,199,0.23994698649385401,0.00656644050003721,-0.011117540083954283,0.0261729055436797,-0.02974620112120697,-0.049192421214319375,-0.012078344788844305
fixed_q16_q23,eventual_stagnation_or_loop,grouped_5fold_snapshot,within_snapshot,moe_nontrap,controls,352,199,0.22897353335357548,0.01753989364031574,-0.004490342409666179,0.041448397816636125,-0.018772747980928435,-0.035021351267654245,-0.002959503905156495
fixed_q16_q23,eventual_stagnation_or_loop,grouped_5fold_snapshot,within_snapshot,moe_full,controls,352,199,0.22833656645327516,0.018176860540616048,-0.004196326128250944,0.04357256546009586,-0.01813578108062813,-0.03595864178819613,-0.0015855199235351174
fixed_q16_q23,eventual_stagnation_or_loop,grouped_5fold_snapshot,within_snapshot,controls+moe,controls,352,199,0.21581386970385097,0.03069955729004027,0.004156552897160171,0.05903997457540664,-0.005613084331203915,-0.014785095483893321,0.0026744154682830494
fixed_q16_q23,eventual_stagnation_or_loop,grouped_5fold_snapshot,within_snapshot,controls_sparse_base,controls,352,199,0.2105321460178825,0.035981280976008695,0.007294487391813967,0.06536622304194585,-0.0003313606452354767,-0.0013518122180630472,0.0007081768151704826
fixed_q16_q23,eventual_stagnation_or_loop,grouped_5fold_snapshot,within_snapshot,moe_sparse_trap,controls,352,199,0.2473123514887484,-0.0007989244948571554,-0.011255617407513813,0.009832316524395895,-0.03711156611610134,-0.06220013982428876,-0.012493441527282923
fixed_q16_q23,eventual_stagnation_or_loop,grouped_5fold_snapshot,within_snapshot,moe_sparse_nontrap,controls,352,199,0.23190998644844799,0.01460344054544324,0.0015754193714877034,0.030097241378735446,-0.021709201075800936,-0.043651689507353215,-0.00027876022066093643
fixed_q16_q23,eventual_stagnation_or_loop,grouped_5fold_snapshot,within_snapshot,moe_sparse_full,controls,352,199,0.23166602130579028,0.014847405688100916,0.00016865333218984513,0.03230388909325386,-0.021465235933143267,-0.04339440573490533,-0.001218061775126097
fixed_q16_q23,eventual_stagnation_or_loop,grouped_5fold_snapshot,within_snapshot,controls+moe_sparse,controls_sparse_base,352,199,0.20810941349502368,0.038404013498867594,0.007864908029884233,0.0697894668588005,0.0024227325228588855,-0.001600898676020556,0.006454143486447644
fixed_q16_q23,eventual_stagnation_or_loop,leave_one_worker_out,absolute,rate_only,controls,352,199,0.3405869907836338,0.0,0.0,0.0,0.05939916248716528,-0.095524842293943,0.17472618613582183
fixed_q16_q23,eventual_stagnation_or_loop,leave_one_worker_out,absolute,physical,controls,352,199,0.39334575078528233,-0.0527587600016485,-0.19396062362226285,0.14121050071048896,0.0066404024855167615,-0.024417665151811638,0.04858526246729812
fixed_q16_q23,eventual_stagnation_or_loop,leave_one_worker_out,absolute,noise_action,controls,352,199,0.3545591108278814,-0.013972120044247544,-0.09788840300624105,0.09194202130899305,0.045427042442917724,-0.010598760430228575,0.07954856396371578
fixed_q16_q23,eventual_stagnation_or_loop,leave_one_worker_out,absolute,controls,controls,352,199,0.39998615327079906,-0.05939916248716528,-0.17472618613582183,0.095524842293943,0.0,0.0,0.0
fixed_q16_q23,eventual_stagnation_or_loop,leave_one_worker_out,absolute,moe_trap_only,controls,352,199,0.28065704578471967,0.05992994499891418,-0.08755443508432746,0.20741432508215585,0.11932910748607944,0.05764178740724879,0.19796661239956126
fixed_q16_q23,eventual_stagnation_or_loop,leave_one_worker_out,absolute,moe_nontrap,controls,352,199,0.3315995618155174,0.008987428968116369,-0.0822537428473882,0.0977330591240751,0.06838659145528164,-0.00427226401776207,0.11392596229631897
fixed_q16_q23,eventual_stagnation_or_loop,leave_one_worker_out,absolute,moe_full,controls,352,199,0.35313428756041837,-0.012547296776784596,-0.12547475173557895,0.1003801581820098,0.04685186571038067,-0.008798181212782604,0.09536753850209638
fixed_q16_q23,eventual_stagnation_or_loop,leave_one_worker_out,absolute,controls+moe,controls,352,199,0.3482738414859011,-0.007686850702267267,-0.13320409911383455,0.1178303977093,0.05171231178489799,0.01597758485447867,0.09408684266849981
fixed_q16_q23,eventual_stagnation_or_loop,leave_one_worker_out,absolute,controls_sparse_base,controls,352,199,0.4016714284390316,-0.0610844376553978,-0.17020723471241145,0.09023021106315046,-0.0016852751682325277,-0.007889501759875423,0.004518951423410368
fixed_q16_q23,eventual_stagnation_or_loop,leave_one_worker_out,absolute,moe_sparse_trap,controls,352,199,0.3534820500862846,-0.012895059302650745,-0.04118650699418868,0.015396388388887178,0.04650410318451453,-0.08952450768481932,0.16349123424964235
fixed_q16_q23,eventual_stagnation_or_loop,leave_one_worker_out,absolute,moe_sparse_nontrap,controls,352,199,0.27070421936613964,0.06988277141749415,-0.039819600646036,0.16962708653787614,0.12928193390465942,0.0667888731153625,0.18135948456240683
fixed_q16_q23,eventual_stagnation_or_loop,leave_one_worker_out,absolute,moe_sparse_full,controls,352,199,0.26211182865339944,0.07847516213023438,-0.03597704002161087,0.17925311719481166,0.13787432461739965,0.06930812952669878,0.195012820526317
fixed_q16_q23,eventual_stagnation_or_loop,leave_one_worker_out,absolute,controls+moe_sparse,controls_sparse_base,352,199,0.41875395784068664,-0.07816696705705278,-0.17113054180833445,0.05789931899442663,-0.017082529401655,-0.03324175170738697,-0.0009233070959230195
fixed_q16_q23,eventual_stagnation_or_loop,leave_one_worker_out,within_snapshot,rate_only,controls,352,199,0.3405869907836338,0.0,0.0,0.0,0.05109847258663847,-0.016736255234713383,0.11572126489443517
fixed_q16_q23,eventual_stagnation_or_loop,leave_one_worker_out,within_snapshot,physical,controls,352,199,0.38671663232631803,-0.04612964154268418,-0.09255915583936078,0.004714770355494048,0.004968831043954281,-0.009435838799583233,0.020576462975438282
fixed_q16_q23,eventual_stagnation_or_loop,leave_one_worker_out,within_snapshot,noise_action,controls,352,199,0.3732034932353158,-0.03261650245168197,-0.090054224271176,0.010969252676909432,0.018481970134956505,-0.013219351947405521,0.05557733564022942
fixed_q16_q23,eventual_stagnation_or_loop,leave_one_worker_out,within_snapshot,controls,controls,352,199,0.3916854633702723,-0.05109847258663847,-0.11572126489443517,0.016736255234713383,0.0,0.0,0.0
fixed_q16_q23,eventual_stagnation_or_loop,leave_one_worker_out,within_snapshot,moe_trap_only,controls,352,199,0.37900299782633345,-0.03841600704269966,-0.05570379612549126,-0.021128217959908026,0.012682465543938815,-0.04191054749923801,0.0608225583866861
fixed_q16_q23,eventual_stagnation_or_loop,leave_one_worker_out,within_snapshot,moe_nontrap,controls,352,199,0.38435459114991644,-0.04376760036628266,-0.10201582379040496,0.008963485722862114,0.00733087222035581,-0.00718383152314039,0.0192854315868037
fixed_q16_q23,eventual_stagnation_or_loop,leave_one_worker_out,within_snapshot,moe_full,controls,352,199,0.3902626059311585,-0.049675615147524714,-0.1000345167199228,-0.00810620657831979,0.0014228574391137575,-0.024626182793253015,0.021007502490564888
fixed_q16_q23,eventual_stagnation_or_loop,leave_one_worker_out,within_snapshot,controls+moe,controls,352,199,0.3935997763241578,-0.05301278554052394,-0.10964862699085264,0.001198566177796373,-0.00191431295388547,-0.014806027909302999,0.01405194908301734
fixed_q16_q23,eventual_stagnation_or_loop,leave_one_worker_out,within_snapshot,controls_sparse_base,controls,352,199,0.39138727149719604,-0.0508002807135622,-0.1168105660705336,0.018140763558741054,0.0002981918730762638,-0.0010893011760983436,0.0014755336832821227
fixed_q16_q23,eventual_stagnation_or_loop,leave_one_worker_out,within_snapshot,moe_sparse_trap,controls,352,199,0.35300458303969734,-0.012417592256063563,-0.018625188682166675,-0.006209995829960444,0.03868088033057491,-0.023864356701480054,0.09920377295548717
fixed_q16_q23,eventual_stagnation_or_loop,leave_one_worker_out,within_snapshot,moe_sparse_nontrap,controls,352,199,0.3502931025235611,-0.009706111739927302,-0.043028855075266007,0.02387392194154656,0.04139236084671117,0.007286613431041548,0.07254346309496076
fixed_q16_q23,eventual_stagnation_or_loop,leave_one_worker_out,within_snapshot,moe_sparse_full,controls,352,199,0.353923964363544,-0.013336973579910223,-0.047652820095963874,0.017600239116472693,0.037761499006728254,0.0008639838817593086,0.0680684447984712
fixed_q16_q23,eventual_stagnation_or_loop,leave_one_worker_out,within_snapshot,controls+moe_sparse,controls_sparse_base,352,199,0.39432110045356966,-0.05373410966993591,-0.12211059088628418,0.017770771374558306,-0.0029338289563736993,-0.005280422990787958,-0.0005872349219594383
fixed_q24_q31,eventual_failure,grouped_5fold_snapshot,absolute,rate_only,controls,352,235,0.22324790885110238,0.0,0.0,0.0,-0.1517366614182204,-0.1996564121836059,-0.10729532423298206
fixed_q24_q31,eventual_failure,grouped_5fold_snapshot,absolute,physical,controls,352,235,0.07643267660761993,0.1468152322434824,0.09538106849068068,0.20034109516256784,-0.004921429174737967,-0.020878551581569173,0.007023402420417635
fixed_q24_q31,eventual_failure,grouped_5fold_snapshot,absolute,noise_action,controls,352,235,0.08084177475669015,0.14240613409441216,0.0919558976812686,0.19784521712064065,-0.009330527323808192,-0.02515461515780511,0.006348002853695057
fixed_q24_q31,eventual_failure,grouped_5fold_snapshot,absolute,controls,controls,352,235,0.07151124743288197,0.1517366614182204,0.10898048838540086,0.20001629524026918,0.0,0.0,0.0
fixed_q24_q31,eventual_failure,grouped_5fold_snapshot,absolute,moe_trap_only,controls,352,235,0.1159784301605291,0.10726947869057325,0.05373535390750252,0.16117035278227093,-0.04446718272764712,-0.07375533873082726,-0.016639034993592997
fixed_q24_q31,eventual_failure,grouped_5fold_snapshot,absolute,moe_nontrap,controls,352,235,0.09616193638055046,0.12708597247055187,0.07433631522008492,0.18322631597999087,-0.0246506889476685,-0.06323241156693088,0.007451074306841874
fixed_q24_q31,eventual_failure,grouped_5fold_snapshot,absolute,moe_full,controls,352,235,0.09488212505209453,0.1283657837990078,0.073023493664726,0.18974855179984587,-0.02337087761921257,-0.05864453841433544,0.006324414289953773
fixed_q24_q31,eventual_failure,grouped_5fold_snapshot,absolute,controls+moe,controls,352,235,0.07651820614831699,0.14672970270278535,0.09810379571661214,0.2015149978601271,-0.005006958715435028,-0.022435010543334296,0.01217888003817087
fixed_q24_q31,eventual_failure,grouped_5fold_snapshot,absolute,controls_sparse_base,controls,352,235,0.07177678712335325,0.1514711217277491,0.10600404347146063,0.19898046744276032,-0.00026553969047129653,-0.002759510021568011,0.00202586992007833
fixed_q24_q31,eventual_failure,grouped_5fold_snapshot,absolute,moe_sparse_trap,controls,352,235,0.14938141456544785,0.07386649428565446,0.03043345659730485,0.11924323368593175,-0.07787016713256589,-0.10757801277768404,-0.0487893149652646
fixed_q24_q31,eventual_failure,grouped_5fold_snapshot,absolute,moe_sparse_nontrap,controls,352,235,0.1262372651970736,0.09701064365402873,0.04421748955748466,0.15174009844149144,-0.05472601776419164,-0.08051976485306868,-0.031152895774054376
fixed_q24_q31,eventual_failure,grouped_5fold_snapshot,absolute,moe_sparse_full,controls,352,235,0.11920475980489806,0.10404314904620428,0.04834625392430231,0.15953443510655219,-0.047693512372016085,-0.07576379195290346,-0.023603683114041478
fixed_q24_q31,eventual_failure,grouped_5fold_snapshot,absolute,controls+moe_sparse,controls_sparse_base,352,235,0.07061283079243462,0.15263507805866772,0.10641003678963393,0.2021706877295767,0.0011639563309186398,-0.0019495019971973967,0.004520311017933847
fixed_q24_q31,eventual_failure,grouped_5fold_snapshot,within_snapshot,rate_only,controls,352,235,0.22324790885110238,0.0,0.0,0.0,-0.02850664944681727,-0.04935343746299368,-0.010567274892569131
fixed_q24_q31,eventual_failure,grouped_5fold_snapshot,within_snapshot,physical,controls,352,235,0.1937203775300122,0.029527531321090164,0.008713034790191634,0.05142897156279934,0.001020881874272894,-0.0036750708357604013,0.006537029447992693
fixed_q24_q31,eventual_failure,grouped_5fold_snapshot,within_snapshot,noise_action,controls,352,235,0.20469410951067246,0.01855379934042988,0.003271697326648812,0.035799363501600165,-0.009952850106387396,-0.015611766735759989,-0.004787173017951675
fixed_q24_q31,eventual_failure,grouped_5fold_snapshot,within_snapshot,controls,controls,352,235,0.19474125940428505,0.02850664944681727,0.010635390366418952,0.0486805512529632,0.0,0.0,0.0
fixed_q24_q31,eventual_failure,grouped_5fold_snapshot,within_snapshot,moe_trap_only,controls,352,235,0.21268070245212145,0.010567206398980894,-0.006728186100835703,0.0288722156276025,-0.017939443047836377,-0.031025948047303072,-0.006019891511428794
fixed_q24_q31,eventual_failure,grouped_5fold_snapshot,within_snapshot,moe_nontrap,controls,352,235,0.21459557850290054,0.00865233034820179,-0.007041457982337688,0.025469512107297483,-0.019854319098615483,-0.02894930891327402,-0.011134142958686206
fixed_q24_q31,eventual_failure,grouped_5fold_snapshot,within_snapshot,moe_full,controls,352,235,0.21042934533487012,0.012818563516232229,-0.005879719089983552,0.031575080251098585,-0.015688085930585047,-0.024873033577534297,-0.00710619325821487
fixed_q24_q31,eventual_failure,grouped_5fold_snapshot,within_snapshot,controls+moe,controls,352,235,0.2008963155416078,0.02235159330949452,0.0034865837533523437,0.042737827015495354,-0.00615505613732275,-0.013727654203969868,0.0013869583573604015
fixed_q24_q31,eventual_failure,grouped_5fold_snapshot,within_snapshot,controls_sparse_base,controls,352,235,0.19548929395418246,0.027758614896919883,0.009844577195063148,0.04769393302504161,-0.0007480345498973907,-0.0013639625750093837,-0.00014557354918046483
fixed_q24_q31,eventual_failure,grouped_5fold_snapshot,within_snapshot,moe_sparse_trap,controls,352,235,0.21663855072999405,0.006609358121108277,-0.004636118705177895,0.019114192684937505,-0.021897291325708997,-0.03474696436240529,-0.01029343329027753
fixed_q24_q31,eventual_failure,grouped_5fold_snapshot,within_snapshot,moe_sparse_nontrap,controls,352,235,0.2164751455295785,0.006772763321523853,-0.008887252229315263,0.021232221647198717,-0.021733886125293422,-0.03552202851538983,-0.009012061457462816
fixed_q24_q31,eventual_failure,grouped_5fold_snapshot,within_snapshot,moe_sparse_full,controls,352,235,0.2146143450359947,0.008633563815107619,-0.006968464187707263,0.024520882119781175,-0.01987308563170965,-0.03137691935492448,-0.009360598666235629
fixed_q24_q31,eventual_failure,grouped_5fold_snapshot,within_snapshot,controls+moe_sparse,controls_sparse_base,352,235,0.19406991712052682,0.02917799173057549,0.010648054100664165,0.049267950187549585,0.0014193768336556078,-0.0013918281288256493,0.004218875291718565
fixed_q24_q31,eventual_failure,leave_one_worker_out,absolute,rate_only,controls,352,235,0.33126678418798167,0.0,0.0,0.0,-0.2228545712827913,-0.4329464061841673,-0.07605626243324864
fixed_q24_q31,eventual_failure,leave_one_worker_out,absolute,physical,controls,352,235,0.24002841008330392,0.09123837410467774,0.020323565633350683,0.1621531825760048,-0.13161619717811354,-0.29801641024401526,-0.01848252562633683
fixed_q24_q31,eventual_failure,leave_one_worker_out,absolute,noise_action,controls,352,235,0.11142390143763863,0.21984288275034308,0.06374781484452807,0.4470720785216873,-0.0030116885324482016,-0.02244988250936983,0.0164521003509317
fixed_q24_q31,eventual_failure,leave_one_worker_out,absolute,controls,controls,352,235,0.1084122129051904,0.2228545712827913,0.07605626243324864,0.4329464061841673,0.0,0.0,0.0
fixed_q24_q31,eventual_failure,leave_one_worker_out,absolute,moe_trap_only,controls,352,235,0.26707064014897625,0.06419614403900543,-0.05615079671883925,0.15912331688523726,-0.15865842724378587,-0.2832903148993393,-0.03402653958823236
fixed_q24_q31,eventual_failure,leave_one_worker_out,absolute,moe_nontrap,controls,352,235,0.18107870633405856,0.15018807785392313,-0.006574776399169957,0.33656370182815637,-0.07266649342886818,-0.1230340910074521,-0.02962586523038978
fixed_q24_q31,eventual_failure,leave_one_worker_out,absolute,moe_full,controls,352,235,0.23482181928184997,0.09644496490613169,-0.04198123514831671,0.24249476367973366,-0.12640960637665957,-0.2031332248531948,-0.04968598790012429
fixed_q24_q31,eventual_failure,leave_one_worker_out,absolute,controls+moe,controls,352,235,0.12803647174442004,0.20323031244356168,0.047362232201616665,0.43429304426605875,-0.019624258839229622,-0.03250542180429907,-0.0004762013659058199
fixed_q24_q31,eventual_failure,leave_one_worker_out,absolute,controls_sparse_base,controls,352,235,0.11925241069599916,0.2120143734919825,0.07712425018956562,0.40066417100112794,-0.01084019779080876,-0.032282235183039215,0.0012721317155369835
fixed_q24_q31,eventual_failure,leave_one_worker_out,absolute,moe_sparse_trap,controls,352,235,0.2569246932538134,0.07434209093416833,-0.017434898967383088,0.1527293485882019,-0.14851248034862297,-0.2899620967359068,-0.025027094364354005
fixed_q24_q31,eventual_failure,leave_one_worker_out,absolute,moe_sparse_nontrap,controls,352,235,0.24829968554002324,0.08296709864795843,0.006505688724917353,0.1827010986410789,-0.13988747263483284,-0.25024530754308844,-0.06394260071358389
fixed_q24_q31,eventual_failure,leave_one_worker_out,absolute,moe_sparse_full,controls,352,235,0.22968367667859957,0.10158310750938213,-0.0054992331265625825,0.23744058776628862,-0.12127146377340915,-0.19025995997218784,-0.06580068212004714
fixed_q24_q31,eventual_failure,leave_one_worker_out,absolute,controls+moe_sparse,controls_sparse_base,352,235,0.11952527792391297,0.21174150626406874,0.07603730959461964,0.4019605515395508,-0.0002728672279138113,-0.0027029186770925993,0.0017477138073653722
fixed_q24_q31,eventual_failure,leave_one_worker_out,within_snapshot,rate_only,controls,352,235,0.33126678418798167,0.0,0.0,0.0,0.007884230994615262,-0.033482009404589806,0.0458245364278368
fixed_q24_q31,eventual_failure,leave_one_worker_out,within_snapshot,physical,controls,352,235,0.348537778477473,-0.01727099428949134,-0.0550780792390707,0.023374092577396387,-0.009386763294876073,-0.014075707494335458,-0.004053892423058167
fixed_q24_q31,eventual_failure,leave_one_worker_out,within_snapshot,noise_action,controls,352,235,0.3235901575312955,0.007676626656686169,-0.013367783973440735,0.025213635515125263,0.01556085765130143,-0.010736604788433236,0.05673187262951073
fixed_q24_q31,eventual_failure,leave_one_worker_out,within_snapshot,controls,controls,352,235,0.33915101518259694,-0.007884230994615262,-0.045824536427836786,0.033482009404589806,0.0,0.0,0.0
fixed_q24_q31,eventual_failure,leave_one_worker_out,within_snapshot,moe_trap_only,controls,352,235,0.3548385215684214,-0.023571737380439717,-0.05947826944240175,0.012334794681522316,-0.01568750638582445,-0.035229594749409156,0.0012616035367909984
fixed_q24_q31,eventual_failure,leave_one_worker_out,within_snapshot,moe_nontrap,controls,352,235,0.36685597731760916,-0.03558919312962749,-0.07988477661566919,0.0015111782492800744,-0.027704962135012227,-0.037883561413416623,-0.015490643000926962
fixed_q24_q31,eventual_failure,leave_one_worker_out,within_snapshot,moe_full,controls,352,235,0.3787554661708688,-0.04748868198288705,-0.09137413838085602,-0.010623812118284054,-0.03960445098827179,-0.051792909895374904,-0.021507316790562607
fixed_q24_q31,eventual_failure,leave_one_worker_out,within_snapshot,controls+moe,controls,352,235,0.3579520693550528,-0.026685285167071096,-0.08291552626284333,0.02999848160969976,-0.018801054172455835,-0.03709098983500653,-0.0034835277948900337
fixed_q24_q31,eventual_failure,leave_one_worker_out,within_snapshot,controls_sparse_base,controls,352,235,0.33771481956079535,-0.00644803537281364,-0.04454849359389473,0.03541837257406875,0.0014361956218016227,0.0005702778952463349,0.0019541258919219396
fixed_q24_q31,eventual_failure,leave_one_worker_out,within_snapshot,moe_sparse_trap,controls,352,235,0.3432524340695799,-0.011985649881598176,-0.03648372157285123,0.013648533527092171,-0.004101418886982914,-0.021097715936843318,0.012894878162877483
fixed_q24_q31,eventual_failure,leave_one_worker_out,within_snapshot,moe_sparse_nontrap,controls,352,235,0.34766941782289407,-0.016402633634912372,-0.03751136262782176,0.0032102036960329067,-0.008518402640297114,-0.03544763945082205,0.024780577331612173
fixed_q24_q31,eventual_failure,leave_one_worker_out,within_snapshot,moe_sparse_full,controls,352,235,0.35339332150822134,-0.02212653732023962,-0.04213294441562712,-0.0018786746897765313,-0.014242306325624359,-0.03673509917817745,0.00825048652692874
fixed_q24_q31,eventual_failure,leave_one_worker_out,within_snapshot,controls+moe_sparse,controls_sparse_base,352,235,0.34484289223736014,-0.01357610804937845,-0.05236787103186434,0.02814495969113277,-0.0071280726765648094,-0.008479007274602048,-0.005208374729813893
fixed_q24_q31,eventual_stagnation_or_loop,grouped_5fold_snapshot,absolute,rate_only,controls,352,199,0.24651342699389123,0.0,0.0,0.0,-0.15025720932809222,-0.19001600315634906,-0.10733572281683683
fixed_q24_q31,eventual_stagnation_or_loop,grouped_5fold_snapshot,absolute,physical,controls,352,199,0.09136924193239605,0.15514418506149522,0.11300528614365678,0.1939210944414394,0.004886975733402947,-0.0007268887712836173,0.010034983609884224
fixed_q24_q31,eventual_stagnation_or_loop,grouped_5fold_snapshot,absolute,noise_action,controls,352,199,0.11718745812687127,0.12932596886701997,0.08073881355193101,0.17497738555715933,-0.020931240461072274,-0.038410462805252905,-0.0045853476310384784
fixed_q24_q31,eventual_stagnation_or_loop,grouped_5fold_snapshot,absolute,controls,controls,352,199,0.09625621766579902,0.15025720932809222,0.10574640084479697,0.18943615542834696,0.0,0.0,0.0
fixed_q24_q31,eventual_stagnation_or_loop,grouped_5fold_snapshot,absolute,moe_trap_only,controls,352,199,0.15066950979513452,0.09584391719875675,0.04170823331195384,0.14595535715015065,-0.0544132921293355,-0.07686601498628401,-0.03207304039224021
fixed_q24_q31,eventual_stagnation_or_loop,grouped_5fold_snapshot,absolute,moe_nontrap,controls,352,199,0.13354331030321678,0.11297011669067447,0.06171321981659843,0.16239071839694638,-0.037287092637417765,-0.06607222937153942,-0.012275082409488769
fixed_q24_q31,eventual_stagnation_or_loop,grouped_5fold_snapshot,absolute,moe_full,controls,352,199,0.13398728853954217,0.11252613845434906,0.058902154084989354,0.16343919511263275,-0.03773107087374317,-0.06481961770588422,-0.01385199404186622
fixed_q24_q31,eventual_stagnation_or_loop,grouped_5fold_snapshot,absolute,controls+moe,controls,352,199,0.10146357379990979,0.14504985319398145,0.10085093236804911,0.1883843475618101,-0.005207356134110789,-0.02508811161632736,0.01359893321767364
fixed_q24_q31,eventual_stagnation_or_loop,grouped_5fold_snapshot,absolute,controls_sparse_base,controls,352,199,0.09585471148829594,0.1506587155055953,0.1066618018657029,0.1896427852209397,0.0004015061775030634,-0.0017111004624272524,0.0022324543300823326
fixed_q24_q31,eventual_stagnation_or_loop,grouped_5fold_snapshot,absolute,moe_sparse_trap,controls,352,199,0.1703062359729704,0.07620719102092086,0.02841415686796334,0.11941140004500131,-0.07405001830717138,-0.09717696988577043,-0.05109009841936614
fixed_q24_q31,eventual_stagnation_or_loop,grouped_5fold_snapshot,absolute,moe_sparse_nontrap,controls,352,199,0.20708683438236578,0.039426592611525466,-0.0073212754552746066,0.0816701452848044,-0.11083061671656678,-0.15508949875913422,-0.0706318448384973
fixed_q24_q31,eventual_stagnation_or_loop,grouped_5fold_snapshot,absolute,moe_sparse_full,controls,352,199,0.16645960975506727,0.08005381723882399,0.022948439586235807,0.12881635786385814,-0.07020339208926824,-0.11034653399757448,-0.036476323002119976
fixed_q24_q31,eventual_stagnation_or_loop,grouped_5fold_snapshot,absolute,controls+moe_sparse,controls_sparse_base,352,199,0.09092022030435497,0.15559320668953625,0.11603954775973406,0.19349908605029992,0.004934491183940964,-0.002751552432251261,0.012933315137893867
fixed_q24_q31,eventual_stagnation_or_loop,grouped_5fold_snapshot,within_snapshot,rate_only,controls,352,199,0.24651342699389123,0.0,0.0,0.0,-0.03490054707540127,-0.06434449652993902,-0.007700117503828564
fixed_q24_q31,eventual_stagnation_or_loop,grouped_5fold_snapshot,within_snapshot,physical,controls,352,199,0.21145644561674148,0.03505698137714975,0.007709923804971628,0.06576976564828084,0.0001564343017484797,-0.0051118414008122426,0.0052534398126875695
fixed_q24_q31,eventual_stagnation_or_loop,grouped_5fold_snapshot,within_snapshot,noise_action,controls,352,199,0.22421402893489883,0.02229939805899241,0.002626723303774795,0.044218054191756034,-0.01260114901640886,-0.028159583162520343,0.0010561193757059669
fixed_q24_q31,eventual_stagnation_or_loop,grouped_5fold_snapshot,within_snapshot,controls,controls,352,199,0.21161287991848995,0.03490054707540127,0.007012027199645416,0.06557812749298302,0.0,0.0,0.0
fixed_q24_q31,eventual_stagnation_or_loop,grouped_5fold_snapshot,within_snapshot,moe_trap_only,controls,352,199,0.2361794220503633,0.010334004943527922,-0.009710427656863899,0.03377133727000731,-0.024566542131873346,-0.04116674088716603,-0.006350922531999894
fixed_q24_q31,eventual_stagnation_or_loop,grouped_5fold_snapshot,within_snapshot,moe_nontrap,controls,352,199,0.22358031156489522,0.022933115428996023,0.005570773300742515,0.042211284555088366,-0.011967431646405242,-0.027905788035287298,0.003738617932545681
fixed_q24_q31,eventual_stagnation_or_loop,grouped_5fold_snapshot,within_snapshot,moe_full,controls,352,199,0.2184063746414611,0.028107052352430165,0.007256972191865279,0.05125716930807731,-0.006793494722971103,-0.017564705592931305,0.00461782619664525
fixed_q24_q31,eventual_stagnation_or_loop,grouped_5fold_snapshot,within_snapshot,controls+moe,controls,352,199,0.20594189988358946,0.04057152711030177,0.01569565553542972,0.0679146807348365,0.005670980034900504,-0.004669360534556642,0.017378647289225155
fixed_q24_q31,eventual_stagnation_or_loop,grouped_5fold_snapshot,within_snapshot,controls_sparse_base,controls,352,199,0.21133470963978548,0.035178717354105764,0.007936175693901678,0.0652803813308098,0.00027817027870450045,-0.0008443936863158767,0.0012917029115657854
fixed_q24_q31,eventual_stagnation_or_loop,grouped_5fold_snapshot,within_snapshot,moe_sparse_trap,controls,352,199,0.23913377953099532,0.007379647462895895,-0.006738664723170431,0.02129875326909514,-0.02752089961250537,-0.04946828404194481,-0.007910670462674189
fixed_q24_q31,eventual_stagnation_or_loop,grouped_5fold_snapshot,within_snapshot,moe_sparse_nontrap,controls,352,199,0.23758421866395782,0.008929208329933406,-0.0010556332769807806,0.019367410165240788,-0.02597133874546786,-0.04780692471349359,-0.005636109494313894
fixed_q24_q31,eventual_stagnation_or_loop,grouped_5fold_snapshot,within_snapshot,moe_sparse_full,controls,352,199,0.2272660614339899,0.01924736555990131,0.003428550174628167,0.03529591532600126,-0.015653181515499954,-0.03207978245987683,-0.00026800667404295193
fixed_q24_q31,eventual_stagnation_or_loop,grouped_5fold_snapshot,within_snapshot,controls+moe_sparse,controls_sparse_base,352,199,0.20599040815374636,0.04052301884014487,0.012928941177456,0.07058873104657169,0.00534430148603911,0.0012565394455885414,0.009845869130225735
fixed_q24_q31,eventual_stagnation_or_loop,leave_one_worker_out,absolute,rate_only,controls,352,199,0.3405869907836338,0.0,0.0,0.0,-0.21529109939245747,-0.37581035609021674,-0.05477184269469826
fixed_q24_q31,eventual_stagnation_or_loop,leave_one_worker_out,absolute,physical,controls,352,199,0.1579172461231319,0.1826697446605019,0.0029129522685407768,0.362426537052463,-0.03262135473195555,-0.05185889042615752,-0.006582361993548192
fixed_q24_q31,eventual_stagnation_or_loop,leave_one_worker_out,absolute,noise_action,controls,352,199,0.17177872457224924,0.1688082662113846,0.00963609370846746,0.32798043871430166,-0.046482833181072866,-0.048105527026254556,-0.04462180236851173
fixed_q24_q31,eventual_stagnation_or_loop,leave_one_worker_out,absolute,controls,controls,352,199,0.12529589139117633,0.21529109939245747,0.05477184269469826,0.37581035609021674,0.0,0.0,0.0
fixed_q24_q31,eventual_stagnation_or_loop,leave_one_worker_out,absolute,moe_trap_only,controls,352,199,0.269230710065742,0.07135628071789174,-0.09298559960769634,0.20682113170081948,-0.14393481867456573,-0.22176989384649873,-0.06609974350263276
fixed_q24_q31,eventual_stagnation_or_loop,leave_one_worker_out,absolute,moe_nontrap,controls,352,199,0.21022369494724966,0.13036329583638417,-0.02461152944448093,0.2853381211172494,-0.0849278035560733,-0.10434831506251015,-0.06550729204963647
fixed_q24_q31,eventual_stagnation_or_loop,leave_one_worker_out,absolute,moe_full,controls,352,199,0.25049359474701544,0.09009339603661838,-0.06019142397056767,0.2326208826804508,-0.1251977033558391,-0.17775659259553345,-0.07263881411614477
fixed_q24_q31,eventual_stagnation_or_loop,leave_one_worker_out,absolute,controls+moe,controls,352,199,0.14253617085219286,0.19805081993144097,0.04906242352658982,0.3552436252137207,-0.017240279461016497,-0.03870621357913828,-0.0012788899425326531
fixed_q24_q31,eventual_stagnation_or_loop,leave_one_worker_out,absolute,controls_sparse_base,controls,352,199,0.12255668367251253,0.21803030711112126,0.06290758962798844,0.37315302459425426,0.0027392077186638047,-0.0028929744173178005,0.011373859673187683
fixed_q24_q31,eventual_stagnation_or_loop,leave_one_worker_out,absolute,moe_sparse_trap,controls,352,199,0.26295895584236556,0.07762803494126823,-0.038278799924450914,0.1935348698069874,-0.13766306445118923,-0.22987831199544698,-0.06854239479425521
fixed_q24_q31,eventual_stagnation_or_loop,leave_one_worker_out,absolute,moe_sparse_nontrap,controls,352,199,0.31793415403737274,0.022652836746261125,-0.023083922378700633,0.06935212482128944,-0.19263826264619635,-0.3535437740685943,-0.06082994037709628
fixed_q24_q31,eventual_stagnation_or_loop,leave_one_worker_out,absolute,moe_sparse_full,controls,352,199,0.2608753970497639,0.07971159373386992,-0.026905848316546976,0.1863290357842868,-0.13557950565858753,-0.21805001479223032,-0.07451653959045937
fixed_q24_q31,eventual_stagnation_or_loop,leave_one_worker_out,absolute,controls+moe_sparse,controls_sparse_base,352,199,0.1045156859927062,0.23607130479092756,0.08838269398637552,0.3837599155954796,0.018040997679806325,0.0087420893913645,0.02937913426845429
fixed_q24_q31,eventual_stagnation_or_loop,leave_one_worker_out,within_snapshot,rate_only,controls,352,199,0.3405869907836338,0.0,0.0,0.0,0.03749202390950895,-0.03679680165229416,0.12198793315868306
fixed_q24_q31,eventual_stagnation_or_loop,leave_one_worker_out,within_snapshot,physical,controls,352,199,0.38189933697301126,-0.04131234618937744,-0.11106457273658661,0.0297855918457322,-0.003820322279868488,-0.02157093925343019,0.010923360422096485
fixed_q24_q31,eventual_stagnation_or_loop,leave_one_worker_out,within_snapshot,noise_action,controls,352,199,0.36546454651173177,-0.024877555728097953,-0.05316766885530873,0.0013903430874590138,0.012614468181410992,-0.036464802537550536,0.0688202643033743
fixed_q24_q31,eventual_stagnation_or_loop,leave_one_worker_out,within_snapshot,controls,controls,352,199,0.3780790146931428,-0.03749202390950895,-0.12198793315868305,0.03679680165229416,0.0,0.0,0.0
fixed_q24_q31,eventual_stagnation_or_loop,leave_one_worker_out,within_snapshot,moe_trap_only,controls,352,199,0.3643781753587079,-0.02379118457507411,-0.05940267453511801,0.013150719261938613,0.013700839334434832,-0.025688042542610104,0.07197982919358904
fixed_q24_q31,eventual_stagnation_or_loop,leave_one_worker_out,within_snapshot,moe_nontrap,controls,352,199,0.3619457755044346,-0.021358784720800748,-0.07338862457726025,0.024385847571726915,0.016133239188708192,-0.015187731167428392,0.0474542095448448
fixed_q24_q31,eventual_stagnation_or_loop,leave_one_worker_out,within_snapshot,moe_full,controls,352,199,0.37767796729000486,-0.03709097650637107,-0.07813193972302182,-0.0019330291039674392,0.0004010474031378643,-0.038729830756261616,0.04385599343566122
fixed_q24_q31,eventual_stagnation_or_loop,leave_one_worker_out,within_snapshot,controls+moe,controls,352,199,0.3728837875185585,-0.03229679673492472,-0.12249637715009529,0.047317891897033906,0.005195227174584215,-0.0024695138152474546,0.013273757983670201
fixed_q24_q31,eventual_stagnation_or_loop,leave_one_worker_out,within_snapshot,controls_sparse_base,controls,352,199,0.3791602632257503,-0.03857327244211653,-0.12061793735099187,0.03174510128123168,-0.0010812485326075858,-0.0050517003710624855,0.0017918495982749984
fixed_q24_q31,eventual_stagnation_or_loop,leave_one_worker_out,within_snapshot,moe_sparse_trap,controls,352,199,0.3519731487054516,-0.011386157921817791,-0.039461016166434014,0.009321880558934662,0.026105865987691153,-0.029372195449380155,0.10458886349711823
fixed_q24_q31,eventual_stagnation_or_loop,leave_one_worker_out,within_snapshot,moe_sparse_nontrap,controls,352,199,0.3498954912728473,-0.009308500489213448,-0.03198150955985145,0.012151220036264801,0.028183523420295488,-0.027223318687783292,0.10638434697813035
fixed_q24_q31,eventual_stagnation_or_loop,leave_one_worker_out,within_snapshot,moe_sparse_full,controls,352,199,0.35110848573090914,-0.010521494947275346,-0.04168378786852687,0.01284917550810531,0.02697052896223359,-0.027235612376688523,0.10529514765580567
fixed_q24_q31,eventual_stagnation_or_loop,leave_one_worker_out,within_snapshot,controls+moe_sparse,controls_sparse_base,352,199,0.3704821000502033,-0.02989510926656944,-0.1141540508069037,0.04602092552445845,0.008678163175547092,0.004787271073893357,0.014400743615509548
relative_tail_50_90,eventual_failure,grouped_5fold_snapshot,absolute,rate_only,controls,352,235,0.22324790885110238,0.0,0.0,0.0,-0.21481490232532388,-0.27290738931728226,-0.16374036415755616
relative_tail_50_90,eventual_failure,grouped_5fold_snapshot,absolute,physical,controls,352,235,0.008176022737179217,0.2150718861139231,0.1638591707102047,0.27197762131624403,0.00025698378859922055,-0.002917943284052535,0.004356283147800488
relative_tail_50_90,eventual_failure,grouped_5fold_snapshot,absolute,noise_action,controls,352,235,0.011757002311255317,0.21149090653984703,0.16003643293783384,0.26916995611923084,-0.00332399578547688,-0.006485304555592913,-0.0007544012838359341
relative_tail_50_90,eventual_failure,grouped_5fold_snapshot,absolute,controls,controls,352,235,0.00843300652577844,0.21481490232532388,0.1631196168144186,0.2726787113574828,0.0,0.0,0.0
relative_tail_50_90,eventual_failure,grouped_5fold_snapshot,absolute,moe_trap_only,controls,352,235,0.035939653021128316,0.18730825582997399,0.13602086586253068,0.24581158382880766,-0.027506646495349882,-0.04080541816074303,-0.015245398400177199
relative_tail_50_90,eventual_failure,grouped_5fold_snapshot,absolute,moe_nontrap,controls,352,235,0.01814510015019587,0.20510280870090647,0.1509371912469074,0.26210045106344165,-0.009712093624417436,-0.020791835439060203,0.0016365211485556612
relative_tail_50_90,eventual_failure,grouped_5fold_snapshot,absolute,moe_full,controls,352,235,0.01478671044186496,0.20846119840923735,0.1549024699578907,0.2662048229593838,-0.006353703916086523,-0.018006960418197295,0.004930607660170526
relative_tail_50_90,eventual_failure,grouped_5fold_snapshot,absolute,controls+moe,controls,352,235,0.008326461168988086,0.21492144768211424,0.16316829310909214,0.2718358378979606,0.00010654535679035298,-0.004832891318336075,0.005451069642444929
relative_tail_50_90,eventual_failure,grouped_5fold_snapshot,absolute,controls_sparse_base,controls,352,235,0.008411131700309675,0.21483677715079263,0.16398336353175796,0.27098477163022505,2.1874825468764392e-05,-0.00021126535581949114,0.00023373621417169816
relative_tail_50_90,eventual_failure,grouped_5fold_snapshot,absolute,moe_sparse_trap,controls,352,235,0.07326214356675818,0.14998576528434412,0.10520000096427616,0.19970402110719768,-0.06482913704097976,-0.08535184177577493,-0.04586014785602365
relative_tail_50_90,eventual_failure,grouped_5fold_snapshot,absolute,moe_sparse_nontrap,controls,352,235,0.03694655649747228,0.18630135235363007,0.13503938666997906,0.24258400610886927,-0.028513549971693843,-0.04078349825302156,-0.01650115704601571
relative_tail_50_90,eventual_failure,grouped_5fold_snapshot,absolute,moe_sparse_full,controls,352,235,0.03694655649747228,0.18630135235363007,0.13520449708260793,0.24213632950235303,-0.028513549971693843,-0.04100130528847998,-0.016324642477188
relative_tail_50_90,eventual_failure,grouped_5fold_snapshot,absolute,controls+moe_sparse,controls_sparse_base,352,235,0.008257990611208273,0.21498991823989402,0.1630028172253251,0.27215530441409813,0.0001531410891013995,2.7034342680819822e-05,0.00035794740065543576
relative_tail_50_90,eventual_failure,grouped_5fold_snapshot,within_snapshot,rate_only,controls,352,235,0.22324790885110238,0.0,0.0,0.0,-0.0896627555394916,-0.13622517917417123,-0.04624497677500433
relative_tail_50_90,eventual_failure,grouped_5fold_snapshot,within_snapshot,physical,controls,352,235,0.13091609361794856,0.09233181523315376,0.04105414762543921,0.14069966202213133,0.002669059693662153,-0.008530320752107695,0.01324875327855682
relative_tail_50_90,eventual_failure,grouped_5fold_snapshot,within_snapshot,noise_action,controls,352,235,0.14666204767401,0.07658586117709233,0.03869358214833459,0.11827006248914804,-0.013076894362399262,-0.031236024159010063,0.0046426214289776386
relative_tail_50_90,eventual_failure,grouped_5fold_snapshot,within_snapshot,controls,controls,352,235,0.13358515331161075,0.0896627555394916,0.04424583162720533,0.13551894708920362,0.0,0.0,0.0
relative_tail_50_90,eventual_failure,grouped_5fold_snapshot,within_snapshot,moe_trap_only,controls,352,235,0.18515689746897077,0.03809101138213159,0.01022383356114842,0.06783941943336881,-0.05157174415736001,-0.08602306228413352,-0.019107159218003315
relative_tail_50_90,eventual_failure,grouped_5fold_snapshot,within_snapshot,moe_nontrap,controls,352,235,0.16899195838117087,0.05425595046993147,0.02226628706574662,0.08850153559335441,-0.035406805069560135,-0.056577514019995376,-0.014586811919199768
relative_tail_50_90,eventual_failure,grouped_5fold_snapshot,within_snapshot,moe_full,controls,352,235,0.16453612239647797,0.058711786454624354,0.026651263127497972,0.09349418018874356,-0.030950969084867254,-0.05111312994077191,-0.010421725574659082
relative_tail_50_90,eventual_failure,grouped_5fold_snapshot,within_snapshot,controls+moe,controls,352,235,0.14144278878916314,0.08180512006193923,0.04045674164919903,0.12720992612499765,-0.00785763547755239,-0.02156254348622167,0.006107854570614579
relative_tail_50_90,eventual_failure,grouped_5fold_snapshot,within_snapshot,controls_sparse_base,controls,352,235,0.13408326800629786,0.08916464084480445,0.04298765044291378,0.13486600869706447,-0.0004981146946871434,-0.0014113732293356796,0.00035012025424478813
relative_tail_50_90,eventual_failure,grouped_5fold_snapshot,within_snapshot,moe_sparse_trap,controls,352,235,0.1931744373056776,0.0300734715454247,0.01089856543619716,0.05195618526664642,-0.059589283994066905,-0.09967416898460177,-0.023391896355399323
relative_tail_50_90,eventual_failure,grouped_5fold_snapshot,within_snapshot,moe_sparse_nontrap,controls,352,235,0.16802515679269933,0.05522275205840301,0.02753009656133646,0.08489396776576366,-0.034440003481088596,-0.059472953283228214,-0.008396252196826959
relative_tail_50_90,eventual_failure,grouped_5fold_snapshot,within_snapshot,moe_sparse_full,controls,352,235,0.16802515679269933,0.05522275205840301,0.028321520339946508,0.08590916600433549,-0.034440003481088596,-0.05784819079202532,-0.009465059229534742
relative_tail_50_90,eventual_failure,grouped_5fold_snapshot,within_snapshot,controls+moe_sparse,controls_sparse_base,352,235,0.13372463977034688,0.08952326908075546,0.04545696509225509,0.13593860901681656,0.0003586282359509968,-0.002331823790897621,0.0030602271389949314
relative_tail_50_90,eventual_failure,leave_one_worker_out,absolute,rate_only,controls,352,235,0.33126678418798167,0.0,0.0,0.0,-0.3225501557992081,-0.5885933957995535,-0.17058142760137662
relative_tail_50_90,eventual_failure,leave_one_worker_out,absolute,physical,controls,352,235,0.017360013846990263,0.3139067703409914,0.15914069112629733,0.5876529420867089,-0.00864338545821667,-0.02198372046500125,0.0007298728992254735
relative_tail_50_90,eventual_failure,leave_one_worker_out,absolute,noise_action,controls,352,235,0.015588309920466543,0.31567847426751516,0.16322816101745932,0.57637317608459,-0.006871681531692945,-0.011705529152437144,-0.0018428765409451084
relative_tail_50_90,eventual_failure,leave_one_worker_out,absolute,controls,controls,352,235,0.008716628388773595,0.3225501557992081,0.17058142760137662,0.5885933957995535,0.0,0.0,0.0
relative_tail_50_90,eventual_failure,leave_one_worker_out,absolute,moe_trap_only,controls,352,235,0.07291304898901894,0.25835373519896276,0.12929048678390154,0.47617373632404314,-0.06419642060024536,-0.11094903623990642,-0.03718300767869848
relative_tail_50_90,eventual_failure,leave_one_worker_out,absolute,moe_nontrap,controls,352,235,0.07169841490627725,0.25956836928170446,0.09656077162900902,0.5272940207142484,-0.06298178651750365,-0.08059656331294708,-0.04349834028346648
relative_tail_50_90,eventual_failure,leave_one_worker_out,absolute,moe_full,controls,352,235,0.05684326416162746,0.27442352002635423,0.12525700479718174,0.5382477025696231,-0.04812663577285386,-0.05316297282070065,-0.04208303131543768
relative_tail_50_90,eventual_failure,leave_one_worker_out,absolute,controls+moe,controls,352,235,0.033291876831820104,0.2979749073561616,0.15213452790237245,0.5556253178812505,-0.024575248443046507,-0.03648251800980012,-0.010286524962942181
relative_tail_50_90,eventual_failure,leave_one_worker_out,absolute,controls_sparse_base,controls,352,235,0.008806861335291074,0.32245992285269065,0.17053023526822061,0.5885098552799771,-9.023294651747727e-05,-0.0001236032499953883,-4.2731794752670895e-05
relative_tail_50_90,eventual_failure,leave_one_worker_out,absolute,moe_sparse_trap,controls,352,235,0.17993695851367802,0.15132982567430367,0.056975155098726527,0.30186070566963286,-0.17122033012490442,-0.2832653737440089,-0.08527100608087645
relative_tail_50_90,eventual_failure,leave_one_worker_out,absolute,moe_sparse_nontrap,controls,352,235,0.061964142798752044,0.26930264138922966,0.11549646517010648,0.5249905912463234,-0.05324751440997844,-0.06247570016415664,-0.03733721448162564
relative_tail_50_90,eventual_failure,leave_one_worker_out,absolute,moe_sparse_full,controls,352,235,0.06669084512187969,0.264575939066102,0.11549646517010648,0.511427010666914,-0.0579742167331061,-0.07543806290928012,-0.03733721448162564
relative_tail_50_90,eventual_failure,leave_one_worker_out,absolute,controls+moe_sparse,controls_sparse_base,352,235,0.008827854776641532,0.3224389294113401,0.17057133231844043,0.5883740765546922,-2.0993441350459347e-05,-0.00015857219423905762,0.00014410106211585868
relative_tail_50_90,eventual_failure,leave_one_worker_out,within_snapshot,rate_only,controls,352,235,0.33126678418798167,0.0,0.0,0.0,0.010348010268930148,-0.11597989334002871,0.1115484510365369
relative_tail_50_90,eventual_failure,leave_one_worker_out,within_snapshot,physical,controls,352,235,0.3497992220941102,-0.018532437906128508,-0.12494191439576145,0.11378458626827805,-0.008184427637198358,-0.03738018704663063,0.016151409860437307
relative_tail_50_90,eventual_failure,leave_one_worker_out,within_snapshot,noise_action,controls,352,235,0.312238225734542,0.019028558453439617,-0.06330768867215751,0.12297339319732487,0.029376568722369777,0.0010448380944166602,0.05700338830800762
relative_tail_50_90,eventual_failure,leave_one_worker_out,within_snapshot,controls,controls,352,235,0.34161479445691184,-0.010348010268930148,-0.1115484510365369,0.11597989334002871,0.0,0.0,0.0
relative_tail_50_90,eventual_failure,leave_one_worker_out,within_snapshot,moe_trap_only,controls,352,235,0.35810741044650823,-0.026840626258526568,-0.12031324426559535,0.0701287367046274,-0.016492615989596417,-0.06272664320668965,0.058712857928449214
relative_tail_50_90,eventual_failure,leave_one_worker_out,within_snapshot,moe_nontrap,controls,352,235,0.36767298149568517,-0.03640619730770348,-0.110599978504133,0.03867227419552901,-0.026058187038773325,-0.07570417440260234,0.005000086024570539
relative_tail_50_90,eventual_failure,leave_one_worker_out,within_snapshot,moe_full,controls,352,235,0.3696263552992736,-0.03835957111129194,-0.13189404119981277,0.05746990476231647,-0.028011560842361793,-0.05850998857771221,0.0069535168979463725
relative_tail_50_90,eventual_failure,leave_one_worker_out,within_snapshot,controls+moe,controls,352,235,0.3532431457828332,-0.02197636159485158,-0.12090289617459052,0.08543247420941194,-0.01162835132592143,-0.030547419130616774,0.006710345025264354
relative_tail_50_90,eventual_failure,leave_one_worker_out,within_snapshot,controls_sparse_base,controls,352,235,0.3409114634050567,-0.009644679217075024,-0.11101678868228256,0.11583330361211117,0.0007033310518551274,-0.0001580098915062617,0.0015646719952165172
relative_tail_50_90,eventual_failure,leave_one_worker_out,within_snapshot,moe_sparse_trap,controls,352,235,0.33367564737199645,-0.0024088631840147767,-0.044138115303346,0.03802654832416754,0.007939147084915367,-0.0799135127523752,0.08255942261578467
relative_tail_50_90,eventual_failure,leave_one_worker_out,within_snapshot,moe_sparse_nontrap,controls,352,235,0.3107968358152991,0.020469948372682577,-0.008984922494976236,0.06689679282941341,0.03081795864161272,-0.049083100510615284,0.10844576252200158
relative_tail_50_90,eventual_failure,leave_one_worker_out,within_snapshot,moe_sparse_full,controls,352,235,0.31505785713249596,0.016208927055485736,-0.012571243457170662,0.06689679282941341,0.026556937324415886,-0.04908310051061528,0.09992371988760791
relative_tail_50_90,eventual_failure,leave_one_worker_out,within_snapshot,controls+moe_sparse,controls_sparse_base,352,235,0.340291689451407,-0.009024905263425283,-0.11486662960601218,0.11585936988636768,0.0006197739536497406,-0.003849840923729622,0.005952478902620792
relative_tail_50_90,eventual_stagnation_or_loop,grouped_5fold_snapshot,absolute,rate_only,controls,352,199,0.24651342699389123,0.0,0.0,0.0,-0.17466337903133658,-0.2088090571459499,-0.14208525783397336
relative_tail_50_90,eventual_stagnation_or_loop,grouped_5fold_snapshot,absolute,physical,controls,352,199,0.06679534402660497,0.17971808296728628,0.1461497185798192,0.21087427972111764,0.005054703935949672,-0.00878928627052181,0.01907989255139712
relative_tail_50_90,eventual_stagnation_or_loop,grouped_5fold_snapshot,absolute,noise_action,controls,352,199,0.08143069950534239,0.16508272748854885,0.12159906089867213,0.20650969193934965,-0.00958065154278773,-0.02765303717788679,0.006270268961442314
relative_tail_50_90,eventual_stagnation_or_loop,grouped_5fold_snapshot,absolute,controls,controls,352,199,0.07185004796255465,0.17466337903133658,0.14147049708829007,0.20873649636878233,0.0,0.0,0.0
relative_tail_50_90,eventual_stagnation_or_loop,grouped_5fold_snapshot,absolute,moe_trap_only,controls,352,199,0.09502182214306924,0.151491604850822,0.11419627220466927,0.1899180674497079,-0.023171774180514585,-0.039712798861381106,-0.005681530846277921
relative_tail_50_90,eventual_stagnation_or_loop,grouped_5fold_snapshot,absolute,moe_nontrap,controls,352,199,0.09261007162199993,0.15390335537189131,0.11575785763930888,0.19325913419080942,-0.02076002365944529,-0.04294688845753841,0.0013596365570237735
relative_tail_50_90,eventual_stagnation_or_loop,grouped_5fold_snapshot,absolute,moe_full,controls,352,199,0.09400120322540494,0.15251222376848628,0.10863253649743221,0.19602142234126163,-0.02215115526285029,-0.04257297464878461,0.0005191069696035136
relative_tail_50_90,eventual_stagnation_or_loop,grouped_5fold_snapshot,absolute,controls+moe,controls,352,199,0.0709436994920951,0.1755697275017961,0.13982608094245347,0.21128943687881052,0.0009063484704595555,-0.013506762883649841,0.01650710939746534
relative_tail_50_90,eventual_stagnation_or_loop,grouped_5fold_snapshot,absolute,controls_sparse_base,controls,352,199,0.07053949071011277,0.17597393628377847,0.14313843084736497,0.2103602311639388,0.0013105572524418796,-0.0004596068504541479,0.0034660711254960066
relative_tail_50_90,eventual_stagnation_or_loop,grouped_5fold_snapshot,absolute,moe_sparse_trap,controls,352,199,0.13984048705425567,0.10667293993963556,0.07351927359206585,0.14152022443281592,-0.06799043909170104,-0.09433089618488552,-0.041881943448282735
relative_tail_50_90,eventual_stagnation_or_loop,grouped_5fold_snapshot,absolute,moe_sparse_nontrap,controls,352,199,0.11463050768115658,0.1318829193127347,0.09248790659681988,0.1703077335231892,-0.04278045971860192,-0.06008817280973464,-0.02566350331187856
relative_tail_50_90,eventual_stagnation_or_loop,grouped_5fold_snapshot,absolute,moe_sparse_full,controls,352,199,0.11362498977500196,0.13288843721888927,0.09568227589342516,0.17230031538496302,-0.04177494181244732,-0.058975976374518964,-0.024505282761561702
relative_tail_50_90,eventual_stagnation_or_loop,grouped_5fold_snapshot,absolute,controls+moe_sparse,controls_sparse_base,352,199,0.0703297184644113,0.17618370852947993,0.1451981286476545,0.20986653333980965,0.0002097722457014727,-0.0009846182158200106,0.001440456698711225
relative_tail_50_90,eventual_stagnation_or_loop,grouped_5fold_snapshot,within_snapshot,rate_only,controls,352,199,0.24651342699389123,0.0,0.0,0.0,-0.056539293031303055,-0.07969646136496014,-0.034260810939612155
relative_tail_50_90,eventual_stagnation_or_loop,grouped_5fold_snapshot,within_snapshot,physical,controls,352,199,0.1897190440511592,0.05679438294273202,0.03151084472269378,0.08367628163975473,0.00025508991142896513,-0.013049007258080128,0.014020518305556966
relative_tail_50_90,eventual_stagnation_or_loop,grouped_5fold_snapshot,within_snapshot,noise_action,controls,352,199,0.1940845365479227,0.052428890445968504,0.03202573966092946,0.07289446864027725,-0.004110402585334555,-0.018400231660228125,0.010445634879921511
relative_tail_50_90,eventual_stagnation_or_loop,grouped_5fold_snapshot,within_snapshot,controls,controls,352,199,0.18997413396258817,0.056539293031303055,0.03381340023729082,0.07969627266970679,0.0,0.0,0.0
relative_tail_50_90,eventual_stagnation_or_loop,grouped_5fold_snapshot,within_snapshot,moe_trap_only,controls,352,199,0.21991920558198083,0.02659422141191041,0.0067333360101276005,0.04697364800059662,-0.02994507161939265,-0.0463224884729756,-0.012900717553818344
relative_tail_50_90,eventual_stagnation_or_loop,grouped_5fold_snapshot,within_snapshot,moe_nontrap,controls,352,199,0.20430671042706686,0.04220671656682438,0.019575468251335458,0.06502646536803891,-0.014332576464478674,-0.03145484520881764,0.005282991787402572
relative_tail_50_90,eventual_stagnation_or_loop,grouped_5fold_snapshot,within_snapshot,moe_full,controls,352,199,0.20992356454436747,0.03658986244952378,0.015168533894403941,0.05717803152694113,-0.019949430581779285,-0.037387782571973525,-0.001877498631306189
relative_tail_50_90,eventual_stagnation_or_loop,grouped_5fold_snapshot,within_snapshot,controls+moe,controls,352,199,0.1946994311957259,0.051813995798165285,0.027818822190753028,0.07754288841126956,-0.004725297233137763,-0.020294396532657497,0.010778351919606606
relative_tail_50_90,eventual_stagnation_or_loop,grouped_5fold_snapshot,within_snapshot,controls_sparse_base,controls,352,199,0.1901113084509884,0.05640211854290283,0.03378584512701479,0.07866508958481995,-0.00013717448840021981,-0.001558010409968644,0.0011431133739947268
relative_tail_50_90,eventual_stagnation_or_loop,grouped_5fold_snapshot,within_snapshot,moe_sparse_trap,controls,352,199,0.22250329474599984,0.024010132247891388,0.007939504024795185,0.041360396277375304,-0.03252916078341168,-0.051168037057572044,-0.014248991326079747
relative_tail_50_90,eventual_stagnation_or_loop,grouped_5fold_snapshot,within_snapshot,moe_sparse_nontrap,controls,352,199,0.21050531118906532,0.03600811580482589,0.01833409613600058,0.05380709075826295,-0.02053117722647717,-0.036149385046456754,-0.004089218214494752
relative_tail_50_90,eventual_stagnation_or_loop,grouped_5fold_snapshot,within_snapshot,moe_sparse_full,controls,352,199,0.21023608225887003,0.0362773447350212,0.01871835845225431,0.05484390721411141,-0.020261948296281855,-0.0355151501205324,-0.0037818518624389906
relative_tail_50_90,eventual_stagnation_or_loop,grouped_5fold_snapshot,within_snapshot,controls+moe_sparse,controls_sparse_base,352,199,0.1908360115469555,0.05567741544693572,0.03237942674272346,0.07925390386134436,-0.0007247030959671267,-0.0024849397339289916,0.001023835286531381
relative_tail_50_90,eventual_stagnation_or_loop,leave_one_worker_out,absolute,rate_only,controls,352,199,0.3405869907836338,0.0,0.0,0.0,-0.25031655490023863,-0.4031844363337935,-0.09744867346668369
relative_tail_50_90,eventual_stagnation_or_loop,leave_one_worker_out,absolute,physical,controls,352,199,0.09236272538955347,0.24822426539408032,0.09724193239190981,0.39920659839625083,-0.0020922895061582804,-0.014623916413146445,0.011019353198086668
relative_tail_50_90,eventual_stagnation_or_loop,leave_one_worker_out,absolute,noise_action,controls,352,199,0.09169596030356647,0.24889103048006736,0.09429030842868992,0.4124711664797321,-0.0014255244201712728,-0.01673503706311053,0.01388398822276798
relative_tail_50_90,eventual_stagnation_or_loop,leave_one_worker_out,absolute,controls,controls,352,199,0.0902704358833952,0.25031655490023863,0.09744867346668369,0.4031844363337935,0.0,0.0,0.0
relative_tail_50_90,eventual_stagnation_or_loop,leave_one_worker_out,absolute,moe_trap_only,controls,352,199,0.12608616783606208,0.21450082294757172,0.04426181876143564,0.3847398271337079,-0.03581573195266688,-0.0590269086512673,-0.010767625214537056
relative_tail_50_90,eventual_stagnation_or_loop,leave_one_worker_out,absolute,moe_nontrap,controls,352,199,0.1769917040754564,0.1635952867081774,0.052589290583848036,0.3571026244452103,-0.08672126819206122,-0.18109987057170254,-0.02606359496127602
relative_tail_50_90,eventual_stagnation_or_loop,leave_one_worker_out,absolute,moe_full,controls,352,199,0.18048588505402802,0.1601011057296058,-0.006605317681770156,0.3776729514224524,-0.09021544917063282,-0.15456090907433656,-0.024338017831318014
relative_tail_50_90,eventual_stagnation_or_loop,leave_one_worker_out,absolute,controls+moe,controls,352,199,0.08841887067942884,0.252168120104205,0.08731105716745989,0.4209458626572798,0.0018515652039663535,-0.021389768863873698,0.020294133512191517
relative_tail_50_90,eventual_stagnation_or_loop,leave_one_worker_out,absolute,controls_sparse_base,controls,352,199,0.09002522618949732,0.2505617645941365,0.0984730714330684,0.4026504577552046,0.0002452096938978764,-0.0013232427715457469,0.0022395490859265254
relative_tail_50_90,eventual_stagnation_or_loop,leave_one_worker_out,absolute,moe_sparse_trap,controls,352,199,0.24389015049892332,0.09669684028471051,0.005080924665790127,0.2633334752485603,-0.15361971461552812,-0.24324822256988893,-0.08890702657497218
relative_tail_50_90,eventual_stagnation_or_loop,leave_one_worker_out,absolute,moe_sparse_nontrap,controls,352,199,0.14503071607418735,0.19555627470944648,0.06469771126640754,0.38994078880481703,-0.05476028019079215,-0.12822969930891298,-0.012665627475042898
relative_tail_50_90,eventual_stagnation_or_loop,leave_one_worker_out,absolute,moe_sparse_full,controls,352,199,0.1394430100378881,0.20114398074574574,0.07479936842840738,0.4061091496771476,-0.04917257415449288,-0.1351942097617513,0.004125938043258308
relative_tail_50_90,eventual_stagnation_or_loop,leave_one_worker_out,absolute,controls+moe_sparse,controls_sparse_base,352,199,0.08708008020861047,0.2535069105750234,0.10383218479196787,0.4031816363580788,0.00294514598088685,0.0005311786028742057,0.006406196846708578
relative_tail_50_90,eventual_stagnation_or_loop,leave_one_worker_out,within_snapshot,rate_only,controls,352,199,0.3405869907836338,0.0,0.0,0.0,0.02744777977669102,-0.07565115141649245,0.11474796769055384
relative_tail_50_90,eventual_stagnation_or_loop,leave_one_worker_out,within_snapshot,physical,controls,352,199,0.3557617146790051,-0.015174723895371257,-0.11819139874790804,0.09285929087047318,0.012273055881319765,-0.0035494540715422535,0.024671669752234747
relative_tail_50_90,eventual_stagnation_or_loop,leave_one_worker_out,within_snapshot,noise_action,controls,352,199,0.32651622570973327,0.014070765073900532,-0.025655144607132474,0.05971009486638172,0.04151854485059155,-0.007509056657931661,0.08760775988290762
relative_tail_50_90,eventual_stagnation_or_loop,leave_one_worker_out,within_snapshot,controls,controls,352,199,0.3680347705603248,-0.02744777977669102,-0.11474796769055384,0.07565115141649245,0.0,0.0,0.0
relative_tail_50_90,eventual_stagnation_or_loop,leave_one_worker_out,within_snapshot,moe_trap_only,controls,352,199,0.3590912473756054,-0.018504256591971538,-0.0454358505757775,0.020831523577951552,0.008943523184719488,-0.05323090187442281,0.0677233911506583
relative_tail_50_90,eventual_stagnation_or_loop,leave_one_worker_out,within_snapshot,moe_nontrap,controls,352,199,0.35993577923866016,-0.01934878845502637,-0.053465602249255714,0.014768025339202991,0.008098991321664665,-0.053734830653737645,0.06748401083213283
relative_tail_50_90,eventual_stagnation_or_loop,leave_one_worker_out,within_snapshot,moe_full,controls,352,199,0.37088312202989654,-0.030296131246262733,-0.05856219796593145,0.007666700439326471,-0.0028483514695716986,-0.0651538418821442,0.05335516062960065
relative_tail_50_90,eventual_stagnation_or_loop,leave_one_worker_out,within_snapshot,controls+moe,controls,352,199,0.36588863757238155,-0.02530164678874769,-0.11882570881622698,0.06821377903883154,0.002146132987943337,-0.013002605679643162,0.020324619389047137
relative_tail_50_90,eventual_stagnation_or_loop,leave_one_worker_out,within_snapshot,controls_sparse_base,controls,352,199,0.36701409787936057,-0.02642710709572676,-0.11765087553837296,0.07585640106305411,0.001020672680964259,-0.004297242601082957,0.008649092319677016
relative_tail_50_90,eventual_stagnation_or_loop,leave_one_worker_out,within_snapshot,moe_sparse_trap,controls,352,199,0.35752672004950825,-0.016939729265874462,-0.03487876874392693,0.0009993102121780145,0.010508050510816559,-0.07197324625015197,0.08345809997580542
relative_tail_50_90,eventual_stagnation_or_loop,leave_one_worker_out,within_snapshot,moe_sparse_nontrap,controls,352,199,0.3179000793604161,0.022686911423217698,-0.012317753783848764,0.05185746576243976,0.050134691199908724,-0.0306348168573754,0.1455442952883648
relative_tail_50_90,eventual_stagnation_or_loop,leave_one_worker_out,within_snapshot,moe_sparse_full,controls,352,199,0.32871665375144077,0.011870337032193019,-0.02021888077170505,0.04502299493512124,0.03931811680888404,-0.03194340111722191,0.1226845591112329
relative_tail_50_90,eventual_stagnation_or_loop,leave_one_worker_out,within_snapshot,controls+moe_sparse,controls_sparse_base,352,199,0.36474148628696046,-0.02415449550332666,-0.11287035946926234,0.07589255299577416,0.0022726115924001046,-0.0009793862335665173,0.005441533666698889
relative_tail_minus_mid,eventual_failure,grouped_5fold_snapshot,absolute,rate_only,controls,352,235,0.22324790885110238,0.0,0.0,0.0,-0.20991055944782697,-0.266165975241394,-0.15678763765279286
relative_tail_minus_mid,eventual_failure,grouped_5fold_snapshot,absolute,physical,controls,352,235,0.013370795793518643,0.20987711305758372,0.15575491351942838,0.26832554112812956,-3.344639024326741e-05,-0.0076644369643749065,0.005642431261812915
relative_tail_minus_mid,eventual_failure,grouped_5fold_snapshot,absolute,noise_action,controls,352,235,0.021144189513232745,0.20210371933786958,0.1483392362423536,0.26048776446265415,-0.007806840109957366,-0.01385600073604401,-0.002693859952884066
relative_tail_minus_mid,eventual_failure,grouped_5fold_snapshot,absolute,controls,controls,352,235,0.013337349403275377,0.20991055944782697,0.15558465305889727,0.267421110967426,0.0,0.0,0.0
relative_tail_minus_mid,eventual_failure,grouped_5fold_snapshot,absolute,moe_trap_only,controls,352,235,0.051452776422314245,0.1717951324287881,0.11997669205746199,0.22910559396311364,-0.03811542701903887,-0.05842184890833485,-0.02084457620376824
relative_tail_minus_mid,eventual_failure,grouped_5fold_snapshot,absolute,moe_nontrap,controls,352,235,0.061720865028758155,0.1615270438223442,0.09636360723665874,0.22848238871808874,-0.04838351562548278,-0.07404109960582222,-0.025941880844610365
relative_tail_minus_mid,eventual_failure,grouped_5fold_snapshot,absolute,moe_full,controls,352,235,0.046543353027761934,0.1767045558233404,0.11880132333442238,0.23708247737674068,-0.03320600362448656,-0.05873150277319144,-0.01255664540693285
relative_tail_minus_mid,eventual_failure,grouped_5fold_snapshot,absolute,controls+moe,controls,352,235,0.02379588822681761,0.19945202062428474,0.14332093407754176,0.25947656743445935,-0.010458538823542238,-0.022913226073227783,-5.764900480278133e-05
relative_tail_minus_mid,eventual_failure,grouped_5fold_snapshot,absolute,controls_sparse_base,controls,352,235,0.016941175237725727,0.20630673361337665,0.1531493647324573,0.26521945809846575,-0.00360382583445035,-0.00952356049825111,-0.0003972744971540774
relative_tail_minus_mid,eventual_failure,grouped_5fold_snapshot,absolute,moe_sparse_trap,controls,352,235,0.17573408365005275,0.04751382520104956,0.01679780169952686,0.07976539391235478,-0.1623967342467774,-0.20939112128482526,-0.11964400732168472
relative_tail_minus_mid,eventual_failure,grouped_5fold_snapshot,absolute,moe_sparse_nontrap,controls,352,235,0.07180569894623791,0.15144220990486443,0.09491772631075354,0.21139086859779743,-0.058468349542962546,-0.07970187369981412,-0.039234488964690374
relative_tail_minus_mid,eventual_failure,grouped_5fold_snapshot,absolute,moe_sparse_full,controls,352,235,0.07180569894623791,0.15144220990486443,0.09606792140520824,0.21126944716347298,-0.058468349542962546,-0.07925599979298148,-0.0394982510890392
relative_tail_minus_mid,eventual_failure,grouped_5fold_snapshot,absolute,controls+moe_sparse,controls_sparse_base,352,235,0.01682666232837665,0.2064212465227257,0.15237775119757174,0.2645336465968074,0.00011451290934907147,-0.00019208569512106093,0.0004117344989714368
relative_tail_minus_mid,eventual_failure,grouped_5fold_snapshot,within_snapshot,rate_only,controls,352,235,0.22324790885110238,0.0,0.0,0.0,-0.06265419184594899,-0.12284139844464856,0.009502907387872322
relative_tail_minus_mid,eventual_failure,grouped_5fold_snapshot,within_snapshot,physical,controls,352,235,0.14438502784756047,0.07886288100354187,0.014871981377559183,0.13626696626803608,0.016208689157592885,0.005066525905020583,0.029089786346777897
relative_tail_minus_mid,eventual_failure,grouped_5fold_snapshot,within_snapshot,noise_action,controls,352,235,0.15344679249795476,0.06980111635314758,0.033273418458685096,0.10817632661516947,0.007146924507198601,-0.03685674033883411,0.07580298990270665
relative_tail_minus_mid,eventual_failure,grouped_5fold_snapshot,within_snapshot,controls,controls,352,235,0.16059371700515335,0.06265419184594899,-0.012160299121183632,0.12434306816065498,0.0,0.0,0.0
relative_tail_minus_mid,eventual_failure,grouped_5fold_snapshot,within_snapshot,moe_trap_only,controls,352,235,0.1944728757446459,0.02877503310645644,0.0033542589818811113,0.056383573076558884,-0.03387915873949255,-0.09014678066300606,0.044514162411465025
relative_tail_minus_mid,eventual_failure,grouped_5fold_snapshot,within_snapshot,moe_nontrap,controls,352,235,0.18043107562153493,0.042816833229567426,0.014005245969222068,0.07299638124989893,-0.019837358616381563,-0.06673083247067055,0.05559033743976924
relative_tail_minus_mid,eventual_failure,grouped_5fold_snapshot,within_snapshot,moe_full,controls,352,235,0.17851451537390525,0.04473339347719706,0.014199807600423183,0.07749544024695128,-0.017920798368751923,-0.06471244942774484,0.05703700402326751
relative_tail_minus_mid,eventual_failure,grouped_5fold_snapshot,within_snapshot,controls+moe,controls,352,235,0.1643750060337622,0.058872902817340124,0.0184506992658853,0.10349816105650199,-0.003781289028608866,-0.034261845324542246,0.04418546376455185
relative_tail_minus_mid,eventual_failure,grouped_5fold_snapshot,within_snapshot,controls_sparse_base,controls,352,235,0.16044084723580557,0.06280706161529677,-0.009820932058542084,0.12415676515357948,0.0001528697693477722,-0.0011284817315770927,0.0014690694712060524
relative_tail_minus_mid,eventual_failure,grouped_5fold_snapshot,within_snapshot,moe_sparse_trap,controls,352,235,0.21443829449396734,0.008809614357135034,-0.007157981757867148,0.027384663052983347,-0.053844577488813966,-0.1135489841141622,0.0195686944775091
relative_tail_minus_mid,eventual_failure,grouped_5fold_snapshot,within_snapshot,moe_sparse_nontrap,controls,352,235,0.1895956913036459,0.033652217547456446,0.010729940266927512,0.0583879613581305,-0.029001974298492553,-0.08132542101488344,0.047913751819726506
relative_tail_minus_mid,eventual_failure,grouped_5fold_snapshot,within_snapshot,moe_sparse_full,controls,352,235,0.1895956913036459,0.033652217547456446,0.011319568588399947,0.05790648901487035,-0.029001974298492553,-0.08224163897882103,0.04425373018476776
relative_tail_minus_mid,eventual_failure,grouped_5fold_snapshot,within_snapshot,controls+moe_sparse,controls_sparse_base,352,235,0.15972143732639107,0.06352647152471123,-0.008461919247626085,0.12333180584757207,0.0007194099094144829,-0.0007812661001762886,0.0020354969308365315
relative_tail_minus_mid,eventual_failure,leave_one_worker_out,absolute,rate_only,controls,352,235,0.33126678418798167,0.0,0.0,0.0,-0.32064699626021975,-0.5868573922127434,-0.16487938812838135
relative_tail_minus_mid,eventual_failure,leave_one_worker_out,absolute,physical,controls,352,235,0.0172965135859237,0.313970270602058,0.15446726570669259,0.5842378702352707,-0.006676725658161775,-0.013890948390360243,0.0005374970740366909
relative_tail_minus_mid,eventual_failure,leave_one_worker_out,absolute,noise_action,controls,352,235,0.03627341221155197,0.2949933719764297,0.1513270259017382,0.5405344157319752,-0.025653624283790043,-0.04637657793636886,-0.009747850467298954
relative_tail_minus_mid,eventual_failure,leave_one_worker_out,absolute,controls,controls,352,235,0.010619787927761925,0.32064699626021975,0.16487938812838135,0.5868573922127434,0.0,0.0,0.0
relative_tail_minus_mid,eventual_failure,leave_one_worker_out,absolute,moe_trap_only,controls,352,235,0.13721796078855844,0.19404882339942323,0.10131664674414453,0.33071143550238813,-0.12659817286079653,-0.24979696833759352,-0.04641017128099175
relative_tail_minus_mid,eventual_failure,leave_one_worker_out,absolute,moe_nontrap,controls,352,235,0.129466196608627,0.20180058757935468,0.01077224535291152,0.5067292148502297,-0.11884640868086507,-0.16622787255882307,-0.07427457937571345
relative_tail_minus_mid,eventual_failure,leave_one_worker_out,absolute,moe_full,controls,352,235,0.1601467821390971,0.17112000204888456,-0.004384223269326229,0.4438659074988609,-0.1495269942113352,-0.17857470660825447,-0.11666018211208529
relative_tail_minus_mid,eventual_failure,leave_one_worker_out,absolute,controls+moe,controls,352,235,0.03701877799191181,0.2942480061960699,0.13144136412983828,0.5663931639101102,-0.026398990064149877,-0.03923785968827711,-0.013560120440022659
relative_tail_minus_mid,eventual_failure,leave_one_worker_out,absolute,controls_sparse_base,controls,352,235,0.010722746801944554,0.3205440373860371,0.16478829617754467,0.5868658225776803,-0.00010295887418262872,-0.0003245628248712975,3.0476991474223523e-05
relative_tail_minus_mid,eventual_failure,leave_one_worker_out,absolute,moe_sparse_trap,controls,352,235,0.33931819673496216,-0.008051412546980531,-0.05094762417954126,0.0348447990855802,-0.32869840880720025,-0.576844371067969,-0.1324954539075825
relative_tail_minus_mid,eventual_failure,leave_one_worker_out,absolute,moe_sparse_nontrap,controls,352,235,0.17004917845247805,0.16121760573550364,0.05403749701370588,0.307563557490844,-0.15942939052471614,-0.2835074395187682,-0.07577357851965796
relative_tail_minus_mid,eventual_failure,leave_one_worker_out,absolute,moe_sparse_full,controls,352,235,0.17870850679323952,0.15255827739474215,0.05403749701370588,0.2827150500782241,-0.1680887188654776,-0.30835594693138807,-0.07577357851965796
relative_tail_minus_mid,eventual_failure,leave_one_worker_out,absolute,controls+moe_sparse,controls_sparse_base,352,235,0.010774543243648129,0.32049224094433354,0.164770405893973,0.5866486743895967,-5.179644170357322e-05,-0.0002171481880835834,0.00011083966610394628
relative_tail_minus_mid,eventual_failure,leave_one_worker_out,within_snapshot,rate_only,controls,352,235,0.33126678418798167,0.0,0.0,0.0,0.011831211647684626,-0.11705971069822091,0.12956777971564568
relative_tail_minus_mid,eventual_failure,leave_one_worker_out,within_snapshot,physical,controls,352,235,0.3304928539423297,0.000773930245651977,-0.0978341216963555,0.1258333180202383,0.012605141893336612,-0.006523374232617005,0.03173365801929023
relative_tail_minus_mid,eventual_failure,leave_one_worker_out,within_snapshot,noise_action,controls,352,235,0.33718265723267177,-0.0059158730446900905,-0.0933761834710593,0.09895547651556467,0.005915338602994528,-0.030379242076086357,0.052775782825075515
relative_tail_minus_mid,eventual_failure,leave_one_worker_out,within_snapshot,controls,controls,352,235,0.34309799583566636,-0.011831211647684626,-0.12956777971564568,0.11705971069822091,0.0,0.0,0.0
relative_tail_minus_mid,eventual_failure,leave_one_worker_out,within_snapshot,moe_trap_only,controls,352,235,0.36784416993706226,-0.036577385749080565,-0.10215135409738528,0.03058763058473731,-0.024746174101395933,-0.10012990478045668,0.05610442462355701
relative_tail_minus_mid,eventual_failure,leave_one_worker_out,within_snapshot,moe_nontrap,controls,352,235,0.3839157346577998,-0.05264895046981811,-0.12970674368628518,0.02440884274664893,-0.04081773882213349,-0.10963918435483105,0.006095540488290905
relative_tail_minus_mid,eventual_failure,leave_one_worker_out,within_snapshot,moe_full,controls,352,235,0.39877857107665843,-0.06751178688867676,-0.1607317928550309,0.025708219077677372,-0.055680575240992146,-0.10236550494456115,-0.02388053669195488
relative_tail_minus_mid,eventual_failure,leave_one_worker_out,within_snapshot,controls+moe,controls,352,235,0.3775208047173772,-0.04625402052939551,-0.15642170732640565,0.0779687644354132,-0.03442280888171089,-0.04436409970968048,-0.0199133155655906
relative_tail_minus_mid,eventual_failure,leave_one_worker_out,within_snapshot,controls_sparse_base,controls,352,235,0.3432105239179286,-0.01194373972994696,-0.12902286697997611,0.11773204703096116,-0.00011252808226232471,-0.0014749884065188201,0.0009630553765215833
relative_tail_minus_mid,eventual_failure,leave_one_worker_out,within_snapshot,moe_sparse_trap,controls,352,235,0.3591860216511977,-0.027919237463215927,-0.03487808334619568,-0.015900209807368452,-0.01608802581553129,-0.15094210749756762,0.09648235413936014
relative_tail_minus_mid,eventual_failure,leave_one_worker_out,within_snapshot,moe_sparse_nontrap,controls,352,235,0.33335990650842484,-0.0020931223204431445,-0.05542950277146941,0.04948839096025661,0.009738089327241482,-0.0763494547679469,0.08436956501140337
relative_tail_minus_mid,eventual_failure,leave_one_worker_out,within_snapshot,moe_sparse_full,controls,352,235,0.3393733430711814,-0.008106558883199727,-0.057225087829755446,0.04397607411106306,0.0037246527644848896,-0.0763494547679469,0.07234269188589022
relative_tail_minus_mid,eventual_failure,leave_one_worker_out,within_snapshot,controls+moe_sparse,controls_sparse_base,352,235,0.3452827262497705,-0.01401594206178884,-0.13346111409020917,0.11679946098758362,-0.0020722023318418856,-0.005305680209768619,0.0002938424465493033
relative_tail_minus_mid,eventual_stagnation_or_loop,grouped_5fold_snapshot,absolute,rate_only,controls,352,199,0.24651342699389123,0.0,0.0,0.0,-0.16943000819715553,-0.20337791979326572,-0.13660549511159034
relative_tail_minus_mid,eventual_stagnation_or_loop,grouped_5fold_snapshot,absolute,physical,controls,352,199,0.06449337897833778,0.1820200480155534,0.1501836506072052,0.2142984539031941,0.012590039818397932,0.004274036062301534,0.021365319749949464
relative_tail_minus_mid,eventual_stagnation_or_loop,grouped_5fold_snapshot,absolute,noise_action,controls,352,199,0.09937749367100679,0.14713593332288444,0.10080919158468567,0.1929433447178399,-0.02229407487427109,-0.05283871271290523,0.003529300960818948
relative_tail_minus_mid,eventual_stagnation_or_loop,grouped_5fold_snapshot,absolute,controls,controls,352,199,0.0770834187967357,0.16943000819715553,0.13579133691556086,0.2047158740775779,0.0,0.0,0.0
relative_tail_minus_mid,eventual_stagnation_or_loop,grouped_5fold_snapshot,absolute,moe_trap_only,controls,352,199,0.12079369023958607,0.12571973675430517,0.08613221275424902,0.16464976330888342,-0.04371027144285034,-0.06484976804095637,-0.022756006008543602
relative_tail_minus_mid,eventual_stagnation_or_loop,grouped_5fold_snapshot,absolute,moe_nontrap,controls,352,199,0.11509723734786363,0.1314161896460276,0.08614856839791876,0.17774850126630498,-0.03801381855112791,-0.0693061092091219,-0.007450366250187298
relative_tail_minus_mid,eventual_stagnation_or_loop,grouped_5fold_snapshot,absolute,moe_full,controls,352,199,0.127482370337955,0.11903105665593623,0.0730548370095924,0.16478323789333363,-0.05039895154121931,-0.07602256694739949,-0.02703656962931419
relative_tail_minus_mid,eventual_stagnation_or_loop,grouped_5fold_snapshot,absolute,controls+moe,controls,352,199,0.10679207991161559,0.13972134708227563,0.09074980683254369,0.18551817893010414,-0.029708661114879898,-0.051088019892506546,-0.009799310404392952
relative_tail_minus_mid,eventual_stagnation_or_loop,grouped_5fold_snapshot,absolute,controls_sparse_base,controls,352,199,0.07496529227358639,0.17154813472030483,0.13743031042381154,0.20591960346025825,0.0021181265231493157,-0.001479226286680788,0.007665704199900702
relative_tail_minus_mid,eventual_stagnation_or_loop,grouped_5fold_snapshot,absolute,moe_sparse_trap,controls,352,199,0.1754309574451299,0.0710824695487613,0.030594869064564968,0.11113940471100345,-0.09834753864839421,-0.13221986148241915,-0.06984850104140812
relative_tail_minus_mid,eventual_stagnation_or_loop,grouped_5fold_snapshot,absolute,moe_sparse_nontrap,controls,352,199,0.12401382410880862,0.1224996028850826,0.08186427037665736,0.1668866627754711,-0.046930405312072924,-0.06910596192295237,-0.024524511151590447
relative_tail_minus_mid,eventual_stagnation_or_loop,grouped_5fold_snapshot,absolute,moe_sparse_full,controls,352,199,0.12760507813985683,0.11890834885403442,0.07832383879147521,0.1627032071709934,-0.05052165934312112,-0.07346898414792148,-0.027870498056334653
relative_tail_minus_mid,eventual_stagnation_or_loop,grouped_5fold_snapshot,absolute,controls+moe_sparse,controls_sparse_base,352,199,0.07370996775530042,0.17280345923859083,0.13981098683736823,0.20718208690963666,0.0012553245182859729,-0.0014429615964047496,0.003726173391549223
relative_tail_minus_mid,eventual_stagnation_or_loop,grouped_5fold_snapshot,within_snapshot,rate_only,controls,352,199,0.24651342699389123,0.0,0.0,0.0,-0.06222489492529897,-0.0869350820963271,-0.038879844168229157
relative_tail_minus_mid,eventual_stagnation_or_loop,grouped_5fold_snapshot,within_snapshot,physical,controls,352,199,0.19016648385505847,0.056346943138832775,0.03069619888751383,0.08447073614273172,-0.0058779517864662074,-0.031953083889231765,0.01450203770926661
relative_tail_minus_mid,eventual_stagnation_or_loop,grouped_5fold_snapshot,within_snapshot,noise_action,controls,352,199,0.19438312872891067,0.052130298264980564,0.03186559411352357,0.07264671556066418,-0.010094596660318412,-0.018729938805621626,-0.001675664593417087
relative_tail_minus_mid,eventual_stagnation_or_loop,grouped_5fold_snapshot,within_snapshot,controls,controls,352,199,0.18428853206859228,0.06222489492529897,0.03918569478162544,0.08663264359817968,0.0,0.0,0.0
relative_tail_minus_mid,eventual_stagnation_or_loop,grouped_5fold_snapshot,within_snapshot,moe_trap_only,controls,352,199,0.22638744898702357,0.020125978006867648,0.002609325191704962,0.03962035827298429,-0.04209891691843133,-0.059854379561217703,-0.025509690932697823
relative_tail_minus_mid,eventual_stagnation_or_loop,grouped_5fold_snapshot,within_snapshot,moe_nontrap,controls,352,199,0.21114203519603672,0.03537139179785453,0.012710894195141265,0.0589278650599484,-0.026853503127444448,-0.041755122643167907,-0.012116261224814715
relative_tail_minus_mid,eventual_stagnation_or_loop,grouped_5fold_snapshot,within_snapshot,moe_full,controls,352,199,0.20967573861434466,0.03683768837954657,0.017204428083068296,0.05855387307631228,-0.025387206545752418,-0.03790822829190608,-0.012961850805494373
relative_tail_minus_mid,eventual_stagnation_or_loop,grouped_5fold_snapshot,within_snapshot,controls+moe,controls,352,199,0.19346262105348436,0.053050805940406856,0.030810427586816125,0.07489899677252965,-0.009174088984892123,-0.01915379684883585,0.00017410233333194102
relative_tail_minus_mid,eventual_stagnation_or_loop,grouped_5fold_snapshot,within_snapshot,controls_sparse_base,controls,352,199,0.18508906746490075,0.0614243595289905,0.039092419869149866,0.08641605128392679,-0.00080053539630849,-0.003132373479830667,0.0013180886074962731
relative_tail_minus_mid,eventual_stagnation_or_loop,grouped_5fold_snapshot,within_snapshot,moe_sparse_trap,controls,352,199,0.2393764673570109,0.0071369596368803445,-0.007752777248994365,0.022692498362289152,-0.05508793528841863,-0.0768987746361223,-0.03395050666344222
relative_tail_minus_mid,eventual_stagnation_or_loop,grouped_5fold_snapshot,within_snapshot,moe_sparse_nontrap,controls,352,199,0.22594951388517456,0.020563913108716657,0.0045651235244708885,0.03685247979879767,-0.041660981816582315,-0.05993219454549341,-0.024100188405051813
relative_tail_minus_mid,eventual_stagnation_or_loop,grouped_5fold_snapshot,within_snapshot,moe_sparse_full,controls,352,199,0.22804741925275385,0.018466007741137425,0.0024447193194855393,0.034979612958815236,-0.04375888718416155,-0.06397761115426595,-0.02519681314312869
relative_tail_minus_mid,eventual_stagnation_or_loop,grouped_5fold_snapshot,within_snapshot,controls+moe_sparse,controls_sparse_base,352,199,0.18431813726373816,0.062195289730153064,0.03850025106349563,0.0872502873695851,0.000770930201162584,-0.0023705010937112732,0.0034755841371660744
relative_tail_minus_mid,eventual_stagnation_or_loop,leave_one_worker_out,absolute,rate_only,controls,352,199,0.3405869907836338,0.0,0.0,0.0,-0.2559145765876462,-0.40664186715659784,-0.11133058335918293
relative_tail_minus_mid,eventual_stagnation_or_loop,leave_one_worker_out,absolute,physical,controls,352,199,0.10137714461594279,0.23920984616769106,0.08149705615120212,0.39692263618417994,-0.016704730419955172,-0.04252795519631816,-0.00357593363192957
relative_tail_minus_mid,eventual_stagnation_or_loop,leave_one_worker_out,absolute,noise_action,controls,352,199,0.10967289375514061,0.2309140970284932,0.08687863495505445,0.39667886594515583,-0.025000479559152997,-0.04204475038810022,-0.009963001211442033
relative_tail_minus_mid,eventual_stagnation_or_loop,leave_one_worker_out,absolute,controls,controls,352,199,0.0846724141959876,0.2559145765876462,0.11133058335918293,0.40664186715659784,0.0,0.0,0.0
relative_tail_minus_mid,eventual_stagnation_or_loop,leave_one_worker_out,absolute,moe_trap_only,controls,352,199,0.16920730746230442,0.17137968332132938,0.0352322659863297,0.30752710065632916,-0.0845348932663168,-0.12081294230122007,-0.04825684423141353
relative_tail_minus_mid,eventual_stagnation_or_loop,leave_one_worker_out,absolute,moe_nontrap,controls,352,199,0.244452100645635,0.09613489013799881,-0.05115070972331526,0.3162052973468409,-0.1597796864496474,-0.2713493072680686,-0.07121521220163922
relative_tail_minus_mid,eventual_stagnation_or_loop,leave_one_worker_out,absolute,moe_full,controls,352,199,0.22398438183190084,0.11660260895173295,-0.0579841141591776,0.3779961548593782,-0.13931196763591322,-0.22189183035665377,-0.05386259884657212
relative_tail_minus_mid,eventual_stagnation_or_loop,leave_one_worker_out,absolute,controls+moe,controls,352,199,0.11800897052446647,0.22257802025916734,0.054019263224755205,0.393442878973824,-0.03333655632847885,-0.05731132013442768,-0.00936179252252999
relative_tail_minus_mid,eventual_stagnation_or_loop,leave_one_worker_out,absolute,controls_sparse_base,controls,352,199,0.08648492957476948,0.2541020612088643,0.11004670439443029,0.4035499869426017,-0.0018125153787818635,-0.0032776477290120147,-0.00018016127437531693
relative_tail_minus_mid,eventual_stagnation_or_loop,leave_one_worker_out,absolute,moe_sparse_trap,controls,352,199,0.23189685076466093,0.1086901400189729,-0.010244089623686167,0.22955545217540718,-0.14722443656867332,-0.19204540826780697,-0.0900969767722207
relative_tail_minus_mid,eventual_stagnation_or_loop,leave_one_worker_out,absolute,moe_sparse_nontrap,controls,352,199,0.17957193396490803,0.16101505681872583,0.017344555726543573,0.34198000675043244,-0.0948995197689204,-0.1292884466404656,-0.06051059289737522
relative_tail_minus_mid,eventual_stagnation_or_loop,leave_one_worker_out,absolute,moe_sparse_full,controls,352,199,0.16672248852196112,0.17386450226167274,0.017344555726543573,0.37885232845628,-0.08205007432597347,-0.1292884466404656,-0.03481170201148136
relative_tail_minus_mid,eventual_stagnation_or_loop,leave_one_worker_out,absolute,controls+moe_sparse,controls_sparse_base,352,199,0.08457708810149388,0.2560099026821399,0.11327019648149643,0.4050075758216304,0.001907841473275594,0.0003712374952533824,0.004592114884931715
relative_tail_minus_mid,eventual_stagnation_or_loop,leave_one_worker_out,within_snapshot,rate_only,controls,352,199,0.3405869907836338,0.0,0.0,0.0,0.04230542280729405,-0.07141970065884307,0.14248603403378815
relative_tail_minus_mid,eventual_stagnation_or_loop,leave_one_worker_out,within_snapshot,physical,controls,352,199,0.3831225403244833,-0.04253554954084944,-0.13873598109501148,0.06331368988677208,-0.00023012673355539287,-0.0213087593340961,0.023016939990337475
relative_tail_minus_mid,eventual_stagnation_or_loop,leave_one_worker_out,within_snapshot,noise_action,controls,352,199,0.3473082489215144,-0.006721258137880561,-0.05857307586079961,0.0474112196388481,0.03558416466941349,-0.01554873895710483,0.08671706829593182
relative_tail_minus_mid,eventual_stagnation_or_loop,leave_one_worker_out,within_snapshot,controls,controls,352,199,0.3828924135909278,-0.04230542280729405,-0.14248603403378815,0.07141970065884307,0.0,0.0,0.0
relative_tail_minus_mid,eventual_stagnation_or_loop,leave_one_worker_out,within_snapshot,moe_trap_only,controls,352,199,0.37412723120880753,-0.03354024042517377,-0.06678426315396549,-0.01022324272895764,0.008765182382120288,-0.08424646202687015,0.10265086010826155
relative_tail_minus_mid,eventual_stagnation_or_loop,leave_one_worker_out,within_snapshot,moe_nontrap,controls,352,199,0.36664159644930583,-0.02605460566567203,-0.0745446888741684,0.01856155140983715,0.016250817141622034,-0.05170893077128159,0.07732942703634617
relative_tail_minus_mid,eventual_stagnation_or_loop,leave_one_worker_out,within_snapshot,moe_full,controls,352,199,0.3808610776816528,-0.04027408689801902,-0.07897925468445413,-0.00061951720484916,0.0020313359092750368,-0.07203921786369225,0.06350677934933406
relative_tail_minus_mid,eventual_stagnation_or_loop,leave_one_worker_out,within_snapshot,controls+moe,controls,352,199,0.3720119184488293,-0.031424927665195466,-0.13616631211882793,0.06400910696634528,0.010880495142098589,-0.012871909900946053,0.042303452775596384
relative_tail_minus_mid,eventual_stagnation_or_loop,leave_one_worker_out,within_snapshot,controls_sparse_base,controls,352,199,0.3838163390206468,-0.043229348237013056,-0.1463065163837584,0.07124640558958623,-0.0009239254297189989,-0.003820482349970224,0.0018318706142915887
relative_tail_minus_mid,eventual_stagnation_or_loop,leave_one_worker_out,within_snapshot,moe_sparse_trap,controls,352,199,0.3622995406040392,-0.0217125498204054,-0.04212711769555413,-0.001679641615996734,0.020592872986888642,-0.07966034878158981,0.1125963476924762
relative_tail_minus_mid,eventual_stagnation_or_loop,leave_one_worker_out,within_snapshot,moe_sparse_nontrap,controls,352,199,0.34675378307716204,-0.006166792293528284,-0.03171731328856168,0.012448974239178876,0.036138630513765764,-0.0644320426281125,0.14092453348939565
relative_tail_minus_mid,eventual_stagnation_or_loop,leave_one_worker_out,within_snapshot,moe_sparse_full,controls,352,199,0.3551480972906261,-0.014561106506992333,-0.036253572237266614,0.0066941400204350915,0.027744316300301716,-0.0644320426281125,0.11683650139858569
relative_tail_minus_mid,eventual_stagnation_or_loop,leave_one_worker_out,within_snapshot,controls+moe_sparse,controls_sparse_base,352,199,0.3816624034996307,-0.04107541271599687,-0.15124655101156187,0.0764482294385858,0.0021539355210161873,-0.003994707542700916,0.01029393411580487
